projectId,language,url,status,classification,h1Count,h1Text,documentTitle,description,canonical,hreflang,sourceExpectedUrl,sourceCtaHref,sourceCtaMatches,sourceCtaSecure,contentLinks,rawUrlTexts,findings
d1442a98-28ad-44bb-9925-e6a8b65821da,es,http://localhost:5050/news/la-batalla-por-la-independencia-judicial-lecciones-del-sistema-interamericano,200,correcto,1,La batalla por la independencia judicial. Lecciones del Sistema Interamericano.,La batalla por la independencia judicial. Lecciones del Sistema Interamericano. | Von Wobeser y Sierra,"El texto revisa la sentencia Gutiérrez Navas y otros vs. Honduras de la Corte Interamericana, que consideró que la destitución arbitraria de magistrados…",https://www.vonwobeser.com/news/la-batalla-por-la-independencia-judicial-lecciones-del-sistema-interamericano,es-MX:https://www.vonwobeser.com/news/la-batalla-por-la-independencia-judicial-lecciones-del-sistema-interamericano | en:https://www.vonwobeser.com/news/la-batalla-por-la-independencia-judicial-lecciones-del-sistema-interamericano?lang=en | x-default:https://www.vonwobeser.com/news/la-batalla-por-la-independencia-judicial-lecciones-del-sistema-interamericano,https://eljuegodelacorte.nexos.com.mx/la-batalla-por-la-independencia-judicial-lecciones-del-sistema-interamericano/,https://eljuegodelacorte.nexos.com.mx/la-batalla-por-la-independencia-judicial-lecciones-del-sistema-interamericano/,true,true,,,
d1442a98-28ad-44bb-9925-e6a8b65821da,en,http://localhost:5050/news/la-batalla-por-la-independencia-judicial-lecciones-del-sistema-interamericano?lang=en,200,correcto,1,The battle for judicial independence. Lessons from the Inter-American System.,The battle for judicial independence. Lessons from the Inter-American System. | Von Wobeser y Sierra,"The article reviews the Inter-American Court's decision in Gutiérrez Navas et al. v. Honduras, where the arbitrary removal of constitutional judges was held to…",https://www.vonwobeser.com/news/la-batalla-por-la-independencia-judicial-lecciones-del-sistema-interamericano?lang=en,es-MX:https://www.vonwobeser.com/news/la-batalla-por-la-independencia-judicial-lecciones-del-sistema-interamericano | en:https://www.vonwobeser.com/news/la-batalla-por-la-independencia-judicial-lecciones-del-sistema-interamericano?lang=en | x-default:https://www.vonwobeser.com/news/la-batalla-por-la-independencia-judicial-lecciones-del-sistema-interamericano,https://eljuegodelacorte.nexos.com.mx/la-batalla-por-la-independencia-judicial-lecciones-del-sistema-interamericano/,https://eljuegodelacorte.nexos.com.mx/la-batalla-por-la-independencia-judicial-lecciones-del-sistema-interamericano/,true,true,,,
f88f3e19-eeb7-4dcf-81bf-7419b292d426,es,http://localhost:5050/news/daniela-pons-nexos-los-empresarios-son-beneficiarios-del-combate-a-la-corrupcion-2,200,correcto,1,Daniela Pons - Nexos - Los empresarios son beneficiarios del combate a la corrupción privada - May 2023.,Daniela Pons - Nexos - Los empresarios son beneficiarios del combate a la corrupción privada - May 2023. | Von Wobeser y Sierra,"Las autoras sostienen que las empresas se benefician de combatir la corrupción privada mediante políticas de integridad sustantivas, controles internos y…",https://www.vonwobeser.com/news/daniela-pons-nexos-los-empresarios-son-beneficiarios-del-combate-a-la-corrupcion-2,es-MX:https://www.vonwobeser.com/news/daniela-pons-nexos-los-empresarios-son-beneficiarios-del-combate-a-la-corrupcion-2 | en:https://www.vonwobeser.com/news/daniela-pons-nexos-los-empresarios-son-beneficiarios-del-combate-a-la-corrupcion-2?lang=en | x-default:https://www.vonwobeser.com/news/daniela-pons-nexos-los-empresarios-son-beneficiarios-del-combate-a-la-corrupcion-2,https://anticorrupcion.nexos.com.mx/los-empresarios-son-beneficiarios-del-combate-a-la-corrupcion-privada/,https://anticorrupcion.nexos.com.mx/los-empresarios-son-beneficiarios-del-combate-a-la-corrupcion-privada/,true,true,,,
f88f3e19-eeb7-4dcf-81bf-7419b292d426,en,http://localhost:5050/news/daniela-pons-nexos-los-empresarios-son-beneficiarios-del-combate-a-la-corrupcion-2?lang=en,200,correcto,1,Daniela Pons - Nexos - Business Owners Are Beneficiaries of the Fight Against Private Corruption - May 2023.,Daniela Pons - Nexos - Business Owners Are Beneficiaries of the Fight Against Private Corruption - May 2023. | Von Wobeser y Sierra,"The authors argue that businesses benefit from combating private corruption through substantive integrity policies, internal controls and accountability. These…",https://www.vonwobeser.com/news/daniela-pons-nexos-los-empresarios-son-beneficiarios-del-combate-a-la-corrupcion-2?lang=en,es-MX:https://www.vonwobeser.com/news/daniela-pons-nexos-los-empresarios-son-beneficiarios-del-combate-a-la-corrupcion-2 | en:https://www.vonwobeser.com/news/daniela-pons-nexos-los-empresarios-son-beneficiarios-del-combate-a-la-corrupcion-2?lang=en | x-default:https://www.vonwobeser.com/news/daniela-pons-nexos-los-empresarios-son-beneficiarios-del-combate-a-la-corrupcion-2,https://anticorrupcion.nexos.com.mx/los-empresarios-son-beneficiarios-del-combate-a-la-corrupcion-privada/,https://anticorrupcion.nexos.com.mx/los-empresarios-son-beneficiarios-del-combate-a-la-corrupcion-privada/,true,true,,,
dcf35485-3541-4cfc-8593-f9c62419505c,es,http://localhost:5050/news/comentarios-sobre-el-delito-de-defraudacion-fiscal-equiparada-relacionada-con-el-2,200,correcto,1,"Comentarios sobre el Delito de Defraudación Fiscal Equiparada relacionada con el IVA respecto a la consignación del Valor de Actos o Actividades, Thomson Reuters (2015)","Comentarios sobre el Delito de Defraudación Fiscal Equiparada relacionada con el IVA respecto a la consignación del Valor de Actos o Actividades, Thomson Reuters (2015) | Von Wobeser y Sierra","Comentarios sobre el Delito de Defraudación Fiscal Equiparada relacionada con el IVA respecto a la consignación del Valor de Actos o Actividades, Thomson…",https://www.vonwobeser.com/news/comentarios-sobre-el-delito-de-defraudacion-fiscal-equiparada-relacionada-con-el-2,es-MX:https://www.vonwobeser.com/news/comentarios-sobre-el-delito-de-defraudacion-fiscal-equiparada-relacionada-con-el-2 | en:https://www.vonwobeser.com/news/comentarios-sobre-el-delito-de-defraudacion-fiscal-equiparada-relacionada-con-el-2?lang=en | x-default:https://www.vonwobeser.com/news/comentarios-sobre-el-delito-de-defraudacion-fiscal-equiparada-relacionada-con-el-2,https://www.vonwobeser.com/index.php/publicacion/p_id-1817.html,https://www.vonwobeser.com/index.php/publicacion/p_id-1817.html,true,true,,,
dcf35485-3541-4cfc-8593-f9c62419505c,en,http://localhost:5050/news/comentarios-sobre-el-delito-de-defraudacion-fiscal-equiparada-relacionada-con-el-2?lang=en,200,correcto,1,"Comments on the Crime of Equated Tax Fraud Related to VAT with Respect to the Recording of the Value of Acts or Activities, Thomson Reuters (2015)","Comments on the Crime of Equated Tax Fraud Related to VAT with Respect to the Recording of the Value of Acts or Activities, Thomson Reuters (2015) | Von Wobeser y Sierra","Comments on the Crime of Equated Tax Fraud Related to VAT with Respect to the Recording of the Value of Acts or Activities, Thomson Reuters (2015)",https://www.vonwobeser.com/news/comentarios-sobre-el-delito-de-defraudacion-fiscal-equiparada-relacionada-con-el-2?lang=en,es-MX:https://www.vonwobeser.com/news/comentarios-sobre-el-delito-de-defraudacion-fiscal-equiparada-relacionada-con-el-2 | en:https://www.vonwobeser.com/news/comentarios-sobre-el-delito-de-defraudacion-fiscal-equiparada-relacionada-con-el-2?lang=en | x-default:https://www.vonwobeser.com/news/comentarios-sobre-el-delito-de-defraudacion-fiscal-equiparada-relacionada-con-el-2,https://www.vonwobeser.com/index.php/publicacion/p_id-1817.html,https://www.vonwobeser.com/index.php/publicacion/p_id-1817.html,true,true,,,
51456133-d260-4f4f-9383-e559f960afaf,es,http://localhost:5050/news/prescripcion-penal-fiscal-thomson-reuters-2015-2,200,correcto,1,"Prescripción Penal-Fiscal, Thomson Reuters (2015)","Prescripción Penal-Fiscal, Thomson Reuters (2015) | Von Wobeser y Sierra","Prescripción Penal-Fiscal, Thomson Reuters (2015)",https://www.vonwobeser.com/news/prescripcion-penal-fiscal-thomson-reuters-2015-2,es-MX:https://www.vonwobeser.com/news/prescripcion-penal-fiscal-thomson-reuters-2015-2 | en:https://www.vonwobeser.com/news/prescripcion-penal-fiscal-thomson-reuters-2015-2?lang=en | x-default:https://www.vonwobeser.com/news/prescripcion-penal-fiscal-thomson-reuters-2015-2,https://www.vonwobeser.com/index.php/publicacion/p_id-1816.html,https://www.vonwobeser.com/index.php/publicacion/p_id-1816.html,true,true,,,
51456133-d260-4f4f-9383-e559f960afaf,en,http://localhost:5050/news/prescripcion-penal-fiscal-thomson-reuters-2015-2?lang=en,200,correcto,1,"Criminal-Tax Statute of Limitations, Thomson Reuters (2015)","Criminal-Tax Statute of Limitations, Thomson Reuters (2015) | Von Wobeser y Sierra","Criminal-Tax Statute of Limitations, Thomson Reuters (2015)",https://www.vonwobeser.com/news/prescripcion-penal-fiscal-thomson-reuters-2015-2?lang=en,es-MX:https://www.vonwobeser.com/news/prescripcion-penal-fiscal-thomson-reuters-2015-2 | en:https://www.vonwobeser.com/news/prescripcion-penal-fiscal-thomson-reuters-2015-2?lang=en | x-default:https://www.vonwobeser.com/news/prescripcion-penal-fiscal-thomson-reuters-2015-2,https://www.vonwobeser.com/index.php/publicacion/p_id-1816.html,https://www.vonwobeser.com/index.php/publicacion/p_id-1816.html,true,true,,,
dd355580-337a-4753-8c05-3376dfefa8a4,es,http://localhost:5050/news/politica-criminal-contemporanea-de-la-secretaria-de-hacienda-y-credito-publico-t-2,200,correcto,1,"Política Criminal Contemporánea de la Secretaría de Hacienda y Crédito Público, Thomson Reuters (2015)","Política Criminal Contemporánea de la Secretaría de Hacienda y Crédito Público, Thomson Reuters (2015) | Von Wobeser y Sierra","Política Criminal Contemporánea de la Secretaría de Hacienda y Crédito Público, Thomson Reuters (2015)",https://www.vonwobeser.com/news/politica-criminal-contemporanea-de-la-secretaria-de-hacienda-y-credito-publico-t-2,es-MX:https://www.vonwobeser.com/news/politica-criminal-contemporanea-de-la-secretaria-de-hacienda-y-credito-publico-t-2 | en:https://www.vonwobeser.com/news/politica-criminal-contemporanea-de-la-secretaria-de-hacienda-y-credito-publico-t-2?lang=en | x-default:https://www.vonwobeser.com/news/politica-criminal-contemporanea-de-la-secretaria-de-hacienda-y-credito-publico-t-2,https://www.vonwobeser.com/index.php/publicacion/p_id-1815.html,https://www.vonwobeser.com/index.php/publicacion/p_id-1815.html,true,true,,,
dd355580-337a-4753-8c05-3376dfefa8a4,en,http://localhost:5050/news/politica-criminal-contemporanea-de-la-secretaria-de-hacienda-y-credito-publico-t-2?lang=en,200,correcto,1,"Contemporary Criminal Policy of the Ministry of Finance and Public Credit, Thomson Reuters (2015)","Contemporary Criminal Policy of the Ministry of Finance and Public Credit, Thomson Reuters (2015) | Von Wobeser y Sierra","Contemporary Criminal Policy of the Ministry of Finance and Public Credit, Thomson Reuters (2015)",https://www.vonwobeser.com/news/politica-criminal-contemporanea-de-la-secretaria-de-hacienda-y-credito-publico-t-2?lang=en,es-MX:https://www.vonwobeser.com/news/politica-criminal-contemporanea-de-la-secretaria-de-hacienda-y-credito-publico-t-2 | en:https://www.vonwobeser.com/news/politica-criminal-contemporanea-de-la-secretaria-de-hacienda-y-credito-publico-t-2?lang=en | x-default:https://www.vonwobeser.com/news/politica-criminal-contemporanea-de-la-secretaria-de-hacienda-y-credito-publico-t-2,https://www.vonwobeser.com/index.php/publicacion/p_id-1815.html,https://www.vonwobeser.com/index.php/publicacion/p_id-1815.html,true,true,,,
e711701f-6b90-4193-b762-80b2533bdf83,es,http://localhost:5050/news/blockchain-y-compliance-mundo-ejecutivo-2023-2,200,correcto,1,"Blockchain y Compliance, Mundo Ejecutivo (2023)","Blockchain y Compliance, Mundo Ejecutivo (2023) | Von Wobeser y Sierra",Explora blockchain como un registro inalterable y descentralizado para documentar evidencia de cumplimiento y limitar la manipulación u ocultamiento de…,https://www.vonwobeser.com/news/blockchain-y-compliance-mundo-ejecutivo-2023-2,es-MX:https://www.vonwobeser.com/news/blockchain-y-compliance-mundo-ejecutivo-2023-2 | en:https://www.vonwobeser.com/news/blockchain-y-compliance-mundo-ejecutivo-2023-2?lang=en | x-default:https://www.vonwobeser.com/news/blockchain-y-compliance-mundo-ejecutivo-2023-2,https://mundoejecutivo.com.mx/economia/blockchain-compliance-evolucion-cumplimiento/,https://mundoejecutivo.com.mx/economia/blockchain-compliance-evolucion-cumplimiento/,true,true,,,
e711701f-6b90-4193-b762-80b2533bdf83,en,http://localhost:5050/news/blockchain-y-compliance-mundo-ejecutivo-2023-2?lang=en,200,correcto,1,"Blockchain and Compliance, Mundo Ejecutivo (2023)","Blockchain and Compliance, Mundo Ejecutivo (2023) | Von Wobeser y Sierra","It explores blockchain as an immutable, decentralized record for documenting compliance evidence and limiting the manipulation or concealment of relevant…",https://www.vonwobeser.com/news/blockchain-y-compliance-mundo-ejecutivo-2023-2?lang=en,es-MX:https://www.vonwobeser.com/news/blockchain-y-compliance-mundo-ejecutivo-2023-2 | en:https://www.vonwobeser.com/news/blockchain-y-compliance-mundo-ejecutivo-2023-2?lang=en | x-default:https://www.vonwobeser.com/news/blockchain-y-compliance-mundo-ejecutivo-2023-2,https://mundoejecutivo.com.mx/economia/blockchain-compliance-evolucion-cumplimiento/,https://mundoejecutivo.com.mx/economia/blockchain-compliance-evolucion-cumplimiento/,true,true,,,
cb5c1ee1-54f9-4689-a806-1eb274bc61ef,es,http://localhost:5050/news/la-tokenizacion-de-las-cosas-revista-del-ilustre-y-nacional-colegio-de-abogados--2,200,correcto,1,"La Tokenización de las Cosas, Revista del Ilustre y Nacional Colegio de Abogados de México (2024)","La Tokenización de las Cosas, Revista del Ilustre y Nacional Colegio de Abogados de México (2024) | Von Wobeser y Sierra","La Tokenización de las Cosas, Revista del Ilustre y Nacional Colegio de Abogados de México (2024)",https://www.vonwobeser.com/news/la-tokenizacion-de-las-cosas-revista-del-ilustre-y-nacional-colegio-de-abogados--2,es-MX:https://www.vonwobeser.com/news/la-tokenizacion-de-las-cosas-revista-del-ilustre-y-nacional-colegio-de-abogados--2 | en:https://www.vonwobeser.com/news/la-tokenizacion-de-las-cosas-revista-del-ilustre-y-nacional-colegio-de-abogados--2?lang=en | x-default:https://www.vonwobeser.com/news/la-tokenizacion-de-las-cosas-revista-del-ilustre-y-nacional-colegio-de-abogados--2,https://www.vonwobeser.com/index.php/publicacion/p_id-1813.html,https://www.vonwobeser.com/index.php/publicacion/p_id-1813.html,true,true,,,
cb5c1ee1-54f9-4689-a806-1eb274bc61ef,en,http://localhost:5050/news/la-tokenizacion-de-las-cosas-revista-del-ilustre-y-nacional-colegio-de-abogados--2?lang=en,200,correcto,1,"The Tokenization of Things, Journal of the Illustrious and National Bar Association of Mexico (2024)","The Tokenization of Things, Journal of the Illustrious and National Bar Association of Mexico (2024) | Von Wobeser y Sierra","The Tokenization of Things, Journal of the Illustrious and National Bar Association of Mexico (2024)",https://www.vonwobeser.com/news/la-tokenizacion-de-las-cosas-revista-del-ilustre-y-nacional-colegio-de-abogados--2?lang=en,es-MX:https://www.vonwobeser.com/news/la-tokenizacion-de-las-cosas-revista-del-ilustre-y-nacional-colegio-de-abogados--2 | en:https://www.vonwobeser.com/news/la-tokenizacion-de-las-cosas-revista-del-ilustre-y-nacional-colegio-de-abogados--2?lang=en | x-default:https://www.vonwobeser.com/news/la-tokenizacion-de-las-cosas-revista-del-ilustre-y-nacional-colegio-de-abogados--2,https://www.vonwobeser.com/index.php/publicacion/p_id-1813.html,https://www.vonwobeser.com/index.php/publicacion/p_id-1813.html,true,true,,,
83f05ea3-0a3c-40f4-ab82-d4a5224c97b7,es,http://localhost:5050/news/el-tratamiento-fiscal-de-las-criptomonedas-thomson-reuters-2022-2,200,correcto,1,"El Tratamiento Fiscal de las Criptomonedas, Thomson Reuters (2022)","El Tratamiento Fiscal de las Criptomonedas, Thomson Reuters (2022) | Von Wobeser y Sierra","El Tratamiento Fiscal de las Criptomonedas, Thomson Reuters (2022)",https://www.vonwobeser.com/news/el-tratamiento-fiscal-de-las-criptomonedas-thomson-reuters-2022-2,es-MX:https://www.vonwobeser.com/news/el-tratamiento-fiscal-de-las-criptomonedas-thomson-reuters-2022-2 | en:https://www.vonwobeser.com/news/el-tratamiento-fiscal-de-las-criptomonedas-thomson-reuters-2022-2?lang=en | x-default:https://www.vonwobeser.com/news/el-tratamiento-fiscal-de-las-criptomonedas-thomson-reuters-2022-2,https://www.vonwobeser.com/index.php/publicacion/p_id-1812.html,https://www.vonwobeser.com/index.php/publicacion/p_id-1812.html,true,true,,,
83f05ea3-0a3c-40f4-ab82-d4a5224c97b7,en,http://localhost:5050/news/el-tratamiento-fiscal-de-las-criptomonedas-thomson-reuters-2022-2?lang=en,200,correcto,1,"The Tax Treatment of Cryptocurrencies, Thomson Reuters (2022)","The Tax Treatment of Cryptocurrencies, Thomson Reuters (2022) | Von Wobeser y Sierra","The Tax Treatment of Cryptocurrencies, Thomson Reuters (2022)",https://www.vonwobeser.com/news/el-tratamiento-fiscal-de-las-criptomonedas-thomson-reuters-2022-2?lang=en,es-MX:https://www.vonwobeser.com/news/el-tratamiento-fiscal-de-las-criptomonedas-thomson-reuters-2022-2 | en:https://www.vonwobeser.com/news/el-tratamiento-fiscal-de-las-criptomonedas-thomson-reuters-2022-2?lang=en | x-default:https://www.vonwobeser.com/news/el-tratamiento-fiscal-de-las-criptomonedas-thomson-reuters-2022-2,https://www.vonwobeser.com/index.php/publicacion/p_id-1812.html,https://www.vonwobeser.com/index.php/publicacion/p_id-1812.html,true,true,,,
e61cf1d4-c0c2-4d8d-b064-f1c32c3a101e,es,http://localhost:5050/news/las-criptomonedas-y-los-esquemas-ponzi-mit-sloan-2022-2,200,correcto,1,"Las Criptomonedas y los Esquemas Ponzi, MIT Sloan (2022)","Las Criptomonedas y los Esquemas Ponzi, MIT Sloan (2022) | Von Wobeser y Sierra","El texto explica cómo los esquemas Ponzi y piramidales aprovechan el interés por los criptoactivos, con frecuencia al ofrecer rendimientos elevados sin una…",https://www.vonwobeser.com/news/las-criptomonedas-y-los-esquemas-ponzi-mit-sloan-2022-2,es-MX:https://www.vonwobeser.com/news/las-criptomonedas-y-los-esquemas-ponzi-mit-sloan-2022-2 | en:https://www.vonwobeser.com/news/las-criptomonedas-y-los-esquemas-ponzi-mit-sloan-2022-2?lang=en | x-default:https://www.vonwobeser.com/news/las-criptomonedas-y-los-esquemas-ponzi-mit-sloan-2022-2,https://mitsloanreview.mx/nft-bitcoin-crypto-blockchain/como-prevenir-fraudes-con-criptomonedas/,https://mitsloanreview.mx/nft-bitcoin-crypto-blockchain/como-prevenir-fraudes-con-criptomonedas/,true,true,,,
e61cf1d4-c0c2-4d8d-b064-f1c32c3a101e,en,http://localhost:5050/news/las-criptomonedas-y-los-esquemas-ponzi-mit-sloan-2022-2?lang=en,200,correcto,1,"Cryptocurrencies and Ponzi Schemes, MIT Sloan (2022)","Cryptocurrencies and Ponzi Schemes, MIT Sloan (2022) | Von Wobeser y Sierra","The piece explains how Ponzi and pyramid schemes exploit interest in cryptoassets, often by offering purported high returns without a genuine underlying…",https://www.vonwobeser.com/news/las-criptomonedas-y-los-esquemas-ponzi-mit-sloan-2022-2?lang=en,es-MX:https://www.vonwobeser.com/news/las-criptomonedas-y-los-esquemas-ponzi-mit-sloan-2022-2 | en:https://www.vonwobeser.com/news/las-criptomonedas-y-los-esquemas-ponzi-mit-sloan-2022-2?lang=en | x-default:https://www.vonwobeser.com/news/las-criptomonedas-y-los-esquemas-ponzi-mit-sloan-2022-2,https://mitsloanreview.mx/nft-bitcoin-crypto-blockchain/como-prevenir-fraudes-con-criptomonedas/,https://mitsloanreview.mx/nft-bitcoin-crypto-blockchain/como-prevenir-fraudes-con-criptomonedas/,true,true,,,
c4499622-a209-4d59-b716-c9dff13f38c0,es,http://localhost:5050/news/las-criptomonedas-y-su-transparente-blockchain-periodico-milenio-2021-2,200,correcto,1,"Las Criptomonedas y su Transparente Blockchain, Periódico Milenio (2021)","Las Criptomonedas y su Transparente Blockchain, Periódico Milenio (2021) | Von Wobeser y Sierra","Explica cómo los registros públicos de blockchain hacen rastreables las transacciones con criptomonedas, aun cuando las personas titulares de las carteras no…",https://www.vonwobeser.com/news/las-criptomonedas-y-su-transparente-blockchain-periodico-milenio-2021-2,es-MX:https://www.vonwobeser.com/news/las-criptomonedas-y-su-transparente-blockchain-periodico-milenio-2021-2 | en:https://www.vonwobeser.com/news/las-criptomonedas-y-su-transparente-blockchain-periodico-milenio-2021-2?lang=en | x-default:https://www.vonwobeser.com/news/las-criptomonedas-y-su-transparente-blockchain-periodico-milenio-2021-2,https://www.milenio.com/opinion/ricardo-cacho/columna-ricardo-cacho/las-criptomonedas-y-su-transparente-blockchain,https://www.milenio.com/opinion/ricardo-cacho/columna-ricardo-cacho/las-criptomonedas-y-su-transparente-blockchain,true,true,,,
c4499622-a209-4d59-b716-c9dff13f38c0,en,http://localhost:5050/news/las-criptomonedas-y-su-transparente-blockchain-periodico-milenio-2021-2?lang=en,200,correcto,1,"Cryptocurrencies and Their Transparent Blockchain, Milenio Newspaper (2021)","Cryptocurrencies and Their Transparent Blockchain, Milenio Newspaper (2021) | Von Wobeser y Sierra","It explains how public blockchain records make cryptocurrency transactions traceable, even though wallet holders may not be immediately identified. The article…",https://www.vonwobeser.com/news/las-criptomonedas-y-su-transparente-blockchain-periodico-milenio-2021-2?lang=en,es-MX:https://www.vonwobeser.com/news/las-criptomonedas-y-su-transparente-blockchain-periodico-milenio-2021-2 | en:https://www.vonwobeser.com/news/las-criptomonedas-y-su-transparente-blockchain-periodico-milenio-2021-2?lang=en | x-default:https://www.vonwobeser.com/news/las-criptomonedas-y-su-transparente-blockchain-periodico-milenio-2021-2,https://www.milenio.com/opinion/ricardo-cacho/columna-ricardo-cacho/las-criptomonedas-y-su-transparente-blockchain,https://www.milenio.com/opinion/ricardo-cacho/columna-ricardo-cacho/las-criptomonedas-y-su-transparente-blockchain,true,true,,,
4ffb1ef8-c8d0-41c9-a1b0-b900bcb61355,es,http://localhost:5050/news/responsabilidad-penal-de-la-empresa-y-del-abogado-thomson-reuters-2020-2,200,correcto,1,"Responsabilidad Penal de la Empresa y del Abogado, Thomson Reuters (2020)","Responsabilidad Penal de la Empresa y del Abogado, Thomson Reuters (2020) | Von Wobeser y Sierra","Responsabilidad Penal de la Empresa y del Abogado, Thomson Reuters (2020)",https://www.vonwobeser.com/news/responsabilidad-penal-de-la-empresa-y-del-abogado-thomson-reuters-2020-2,es-MX:https://www.vonwobeser.com/news/responsabilidad-penal-de-la-empresa-y-del-abogado-thomson-reuters-2020-2 | en:https://www.vonwobeser.com/news/responsabilidad-penal-de-la-empresa-y-del-abogado-thomson-reuters-2020-2?lang=en | x-default:https://www.vonwobeser.com/news/responsabilidad-penal-de-la-empresa-y-del-abogado-thomson-reuters-2020-2,https://www.vonwobeser.com/index.php/publicacion/p_id-1809.html,https://www.vonwobeser.com/index.php/publicacion/p_id-1809.html,true,true,,,
4ffb1ef8-c8d0-41c9-a1b0-b900bcb61355,en,http://localhost:5050/news/responsabilidad-penal-de-la-empresa-y-del-abogado-thomson-reuters-2020-2?lang=en,200,correcto,1,"Criminal Liability of the Company and the Attorney, Thomson Reuters (2020)","Criminal Liability of the Company and the Attorney, Thomson Reuters (2020) | Von Wobeser y Sierra","Criminal Liability of the Company and the Attorney, Thomson Reuters (2020)",https://www.vonwobeser.com/news/responsabilidad-penal-de-la-empresa-y-del-abogado-thomson-reuters-2020-2?lang=en,es-MX:https://www.vonwobeser.com/news/responsabilidad-penal-de-la-empresa-y-del-abogado-thomson-reuters-2020-2 | en:https://www.vonwobeser.com/news/responsabilidad-penal-de-la-empresa-y-del-abogado-thomson-reuters-2020-2?lang=en | x-default:https://www.vonwobeser.com/news/responsabilidad-penal-de-la-empresa-y-del-abogado-thomson-reuters-2020-2,https://www.vonwobeser.com/index.php/publicacion/p_id-1809.html,https://www.vonwobeser.com/index.php/publicacion/p_id-1809.html,true,true,,,
59a1de11-dc6c-4fcf-b9ca-51fad251a9ea,es,http://localhost:5050/news/el-lavado-de-dinero-y-las-criptomonedas-segunda-parte-thomson-reuters-2021-2,200,correcto,1,"El Lavado de Dinero y las Criptomonedas (Segunda parte), Thomson Reuters (2021)","El Lavado de Dinero y las Criptomonedas (Segunda parte), Thomson Reuters (2021) | Von Wobeser y Sierra","El Lavado de Dinero y las Criptomonedas (Segunda parte), Thomson Reuters (2021)",https://www.vonwobeser.com/news/el-lavado-de-dinero-y-las-criptomonedas-segunda-parte-thomson-reuters-2021-2,es-MX:https://www.vonwobeser.com/news/el-lavado-de-dinero-y-las-criptomonedas-segunda-parte-thomson-reuters-2021-2 | en:https://www.vonwobeser.com/news/el-lavado-de-dinero-y-las-criptomonedas-segunda-parte-thomson-reuters-2021-2?lang=en | x-default:https://www.vonwobeser.com/news/el-lavado-de-dinero-y-las-criptomonedas-segunda-parte-thomson-reuters-2021-2,https://www.vonwobeser.com/index.php/publicacion/p_id-1808.html,https://www.vonwobeser.com/index.php/publicacion/p_id-1808.html,true,true,,,
59a1de11-dc6c-4fcf-b9ca-51fad251a9ea,en,http://localhost:5050/news/el-lavado-de-dinero-y-las-criptomonedas-segunda-parte-thomson-reuters-2021-2?lang=en,200,correcto,1,"Money Laundering and Cryptocurrencies (Part Two), Thomson Reuters (2021)","Money Laundering and Cryptocurrencies (Part Two), Thomson Reuters (2021) | Von Wobeser y Sierra","Money Laundering and Cryptocurrencies (Part Two), Thomson Reuters (2021)",https://www.vonwobeser.com/news/el-lavado-de-dinero-y-las-criptomonedas-segunda-parte-thomson-reuters-2021-2?lang=en,es-MX:https://www.vonwobeser.com/news/el-lavado-de-dinero-y-las-criptomonedas-segunda-parte-thomson-reuters-2021-2 | en:https://www.vonwobeser.com/news/el-lavado-de-dinero-y-las-criptomonedas-segunda-parte-thomson-reuters-2021-2?lang=en | x-default:https://www.vonwobeser.com/news/el-lavado-de-dinero-y-las-criptomonedas-segunda-parte-thomson-reuters-2021-2,https://www.vonwobeser.com/index.php/publicacion/p_id-1808.html,https://www.vonwobeser.com/index.php/publicacion/p_id-1808.html,true,true,,,
ed6f3c93-30d1-46ea-a887-00990870a206,es,http://localhost:5050/news/el-lavado-de-dinero-y-las-criptomonedas-primera-parte-thomson-reuters-2020-2,200,correcto,1,"El Lavado de Dinero y las Criptomonedas (Primera parte), Thomson Reuters (2020)","El Lavado de Dinero y las Criptomonedas (Primera parte), Thomson Reuters (2020) | Von Wobeser y Sierra","El Lavado de Dinero y las Criptomonedas (Primera parte), Thomson Reuters (2020)",https://www.vonwobeser.com/news/el-lavado-de-dinero-y-las-criptomonedas-primera-parte-thomson-reuters-2020-2,es-MX:https://www.vonwobeser.com/news/el-lavado-de-dinero-y-las-criptomonedas-primera-parte-thomson-reuters-2020-2 | en:https://www.vonwobeser.com/news/el-lavado-de-dinero-y-las-criptomonedas-primera-parte-thomson-reuters-2020-2?lang=en | x-default:https://www.vonwobeser.com/news/el-lavado-de-dinero-y-las-criptomonedas-primera-parte-thomson-reuters-2020-2,https://www.vonwobeser.com/index.php/publicacion/p_id-1807.html,https://www.vonwobeser.com/index.php/publicacion/p_id-1807.html,true,true,,,
ed6f3c93-30d1-46ea-a887-00990870a206,en,http://localhost:5050/news/el-lavado-de-dinero-y-las-criptomonedas-primera-parte-thomson-reuters-2020-2?lang=en,200,correcto,1,"Money Laundering and Cryptocurrencies (Part One), Thomson Reuters (2020)","Money Laundering and Cryptocurrencies (Part One), Thomson Reuters (2020) | Von Wobeser y Sierra","Money Laundering and Cryptocurrencies (Part One), Thomson Reuters (2020)",https://www.vonwobeser.com/news/el-lavado-de-dinero-y-las-criptomonedas-primera-parte-thomson-reuters-2020-2?lang=en,es-MX:https://www.vonwobeser.com/news/el-lavado-de-dinero-y-las-criptomonedas-primera-parte-thomson-reuters-2020-2 | en:https://www.vonwobeser.com/news/el-lavado-de-dinero-y-las-criptomonedas-primera-parte-thomson-reuters-2020-2?lang=en | x-default:https://www.vonwobeser.com/news/el-lavado-de-dinero-y-las-criptomonedas-primera-parte-thomson-reuters-2020-2,https://www.vonwobeser.com/index.php/publicacion/p_id-1807.html,https://www.vonwobeser.com/index.php/publicacion/p_id-1807.html,true,true,,,
b05e261e-8879-4144-8f29-8b7c504711c4,es,http://localhost:5050/news/el-concepto-de-organizacion-en-delincuencia-organizada-y-crimenes-de-lesa-humani-2,200,correcto,1,"El Concepto de Organización en Delincuencia Organizada y Crímenes de Lesa Humanidad, Todo Penal Internacional (2021)","El Concepto de Organización en Delincuencia Organizada y Crímenes de Lesa Humanidad, Todo Penal Internacional (2021) | Von Wobeser y Sierra","El Concepto de Organización en Delincuencia Organizada y Crímenes de Lesa Humanidad, Todo Penal Internacional (2021)",https://www.vonwobeser.com/news/el-concepto-de-organizacion-en-delincuencia-organizada-y-crimenes-de-lesa-humani-2,es-MX:https://www.vonwobeser.com/news/el-concepto-de-organizacion-en-delincuencia-organizada-y-crimenes-de-lesa-humani-2 | en:https://www.vonwobeser.com/news/el-concepto-de-organizacion-en-delincuencia-organizada-y-crimenes-de-lesa-humani-2?lang=en | x-default:https://www.vonwobeser.com/news/el-concepto-de-organizacion-en-delincuencia-organizada-y-crimenes-de-lesa-humani-2,https://www.aranzadilaley.es/tienda/todo-penal-internacional,https://www.aranzadilaley.es/tienda/todo-penal-internacional,true,true,,,
b05e261e-8879-4144-8f29-8b7c504711c4,en,http://localhost:5050/news/el-concepto-de-organizacion-en-delincuencia-organizada-y-crimenes-de-lesa-humani-2?lang=en,200,correcto,1,"The Concept of Organization in Organized Crime and Crimes Against Humanity, Todo Penal Internacional (2021)","The Concept of Organization in Organized Crime and Crimes Against Humanity, Todo Penal Internacional (2021) | Von Wobeser y Sierra","The Concept of Organization in Organized Crime and Crimes Against Humanity, Todo Penal Internacional (2021)",https://www.vonwobeser.com/news/el-concepto-de-organizacion-en-delincuencia-organizada-y-crimenes-de-lesa-humani-2?lang=en,es-MX:https://www.vonwobeser.com/news/el-concepto-de-organizacion-en-delincuencia-organizada-y-crimenes-de-lesa-humani-2 | en:https://www.vonwobeser.com/news/el-concepto-de-organizacion-en-delincuencia-organizada-y-crimenes-de-lesa-humani-2?lang=en | x-default:https://www.vonwobeser.com/news/el-concepto-de-organizacion-en-delincuencia-organizada-y-crimenes-de-lesa-humani-2,https://www.aranzadilaley.es/tienda/todo-penal-internacional,https://www.aranzadilaley.es/tienda/todo-penal-internacional,true,true,,,
b5bf8684-0e24-4c06-8762-70f8934740db,es,http://localhost:5050/news/la-evasion-fiscal-una-forma-de-corrupcion-periodico-milenio-2020-2,200,correcto,1,"La Evasión Fiscal: Una forma de Corrupción, Periódico Milenio (2020)","La Evasión Fiscal: Una forma de Corrupción, Periódico Milenio (2020) | Von Wobeser y Sierra",El artículo presenta la evasión fiscal como una forma de corrupción porque desvía a beneficio privado recursos destinados al gasto público. Vincula las…,https://www.vonwobeser.com/news/la-evasion-fiscal-una-forma-de-corrupcion-periodico-milenio-2020-2,es-MX:https://www.vonwobeser.com/news/la-evasion-fiscal-una-forma-de-corrupcion-periodico-milenio-2020-2 | en:https://www.vonwobeser.com/news/la-evasion-fiscal-una-forma-de-corrupcion-periodico-milenio-2020-2?lang=en | x-default:https://www.vonwobeser.com/news/la-evasion-fiscal-una-forma-de-corrupcion-periodico-milenio-2020-2,https://www.milenio.com/opinion/ricardo-cacho/columna-ricardo-cacho/la-evasion-fiscal-una-forma-de-corrupcion,https://www.milenio.com/opinion/ricardo-cacho/columna-ricardo-cacho/la-evasion-fiscal-una-forma-de-corrupcion,true,true,,,
b5bf8684-0e24-4c06-8762-70f8934740db,en,http://localhost:5050/news/la-evasion-fiscal-una-forma-de-corrupcion-periodico-milenio-2020-2?lang=en,200,correcto,1,"Tax Evasion: A Form of Corruption, Milenio Newspaper (2020)","Tax Evasion: A Form of Corruption, Milenio Newspaper (2020) | Von Wobeser y Sierra",The article frames tax evasion as a form of corruption because it diverts resources intended for public spending to private benefit. It links tax contributions…,https://www.vonwobeser.com/news/la-evasion-fiscal-una-forma-de-corrupcion-periodico-milenio-2020-2?lang=en,es-MX:https://www.vonwobeser.com/news/la-evasion-fiscal-una-forma-de-corrupcion-periodico-milenio-2020-2 | en:https://www.vonwobeser.com/news/la-evasion-fiscal-una-forma-de-corrupcion-periodico-milenio-2020-2?lang=en | x-default:https://www.vonwobeser.com/news/la-evasion-fiscal-una-forma-de-corrupcion-periodico-milenio-2020-2,https://www.milenio.com/opinion/ricardo-cacho/columna-ricardo-cacho/la-evasion-fiscal-una-forma-de-corrupcion,https://www.milenio.com/opinion/ricardo-cacho/columna-ricardo-cacho/la-evasion-fiscal-una-forma-de-corrupcion,true,true,,,
6a802bb3-cd6f-4171-b903-2fbfc7b68ab0,es,http://localhost:5050/news/los-jueces-deben-pensar-en-las-victimas-periodico-milenio-2020-2,200,correcto,1,"Los Jueces deben pensar en las Víctimas, Periódico Milenio (2020)","Los Jueces deben pensar en las Víctimas, Periódico Milenio (2020) | Von Wobeser y Sierra","Cuestiona criterios judiciales que excluyen información financiera de investigaciones penales por motivos de privacidad, al considerar que pueden dejar…",https://www.vonwobeser.com/news/los-jueces-deben-pensar-en-las-victimas-periodico-milenio-2020-2,es-MX:https://www.vonwobeser.com/news/los-jueces-deben-pensar-en-las-victimas-periodico-milenio-2020-2 | en:https://www.vonwobeser.com/news/los-jueces-deben-pensar-en-las-victimas-periodico-milenio-2020-2?lang=en | x-default:https://www.vonwobeser.com/news/los-jueces-deben-pensar-en-las-victimas-periodico-milenio-2020-2,https://www.milenio.com/opinion/ricardo-cacho/columna-ricardo-cacho/los-jueces-deben-pensar-en-las-victimas,https://www.milenio.com/opinion/ricardo-cacho/columna-ricardo-cacho/los-jueces-deben-pensar-en-las-victimas,true,true,,,
6a802bb3-cd6f-4171-b903-2fbfc7b68ab0,en,http://localhost:5050/news/los-jueces-deben-pensar-en-las-victimas-periodico-milenio-2020-2?lang=en,200,correcto,1,"Judges Must Think of the Victims, Milenio Newspaper (2020)","Judges Must Think of the Victims, Milenio Newspaper (2020) | Von Wobeser y Sierra","It questions judicial criteria that exclude financial information from criminal investigations on privacy grounds, arguing they can leave victims unprotected.…",https://www.vonwobeser.com/news/los-jueces-deben-pensar-en-las-victimas-periodico-milenio-2020-2?lang=en,es-MX:https://www.vonwobeser.com/news/los-jueces-deben-pensar-en-las-victimas-periodico-milenio-2020-2 | en:https://www.vonwobeser.com/news/los-jueces-deben-pensar-en-las-victimas-periodico-milenio-2020-2?lang=en | x-default:https://www.vonwobeser.com/news/los-jueces-deben-pensar-en-las-victimas-periodico-milenio-2020-2,https://www.milenio.com/opinion/ricardo-cacho/columna-ricardo-cacho/los-jueces-deben-pensar-en-las-victimas,https://www.milenio.com/opinion/ricardo-cacho/columna-ricardo-cacho/los-jueces-deben-pensar-en-las-victimas,true,true,,,
2c75ee48-2c81-4d50-808e-e1359764b201,es,http://localhost:5050/news/no-hay-crimen-perfecto-periodico-milenio-2020-2,200,correcto,1,"No hay Crimen Perfecto, Periódico Milenio (2020)","No hay Crimen Perfecto, Periódico Milenio (2020) | Von Wobeser y Sierra",La columna explica que las empresas fantasma y los esquemas por capas usados en la evasión fiscal dejan rastros financieros que las autoridades pueden seguir.…,https://www.vonwobeser.com/news/no-hay-crimen-perfecto-periodico-milenio-2020-2,es-MX:https://www.vonwobeser.com/news/no-hay-crimen-perfecto-periodico-milenio-2020-2 | en:https://www.vonwobeser.com/news/no-hay-crimen-perfecto-periodico-milenio-2020-2?lang=en | x-default:https://www.vonwobeser.com/news/no-hay-crimen-perfecto-periodico-milenio-2020-2,https://www.milenio.com/politica/lee-firmas-milenio-jueves-16-julio,https://www.milenio.com/politica/lee-firmas-milenio-jueves-16-julio,true,true,,,
2c75ee48-2c81-4d50-808e-e1359764b201,en,http://localhost:5050/news/no-hay-crimen-perfecto-periodico-milenio-2020-2?lang=en,200,correcto,1,"There Is No Perfect Crime, Milenio Newspaper (2020)","There Is No Perfect Crime, Milenio Newspaper (2020) | Von Wobeser y Sierra",The column explains that fictitious companies and layered schemes used in tax evasion leave financial trails that investigators can follow. It argues that…,https://www.vonwobeser.com/news/no-hay-crimen-perfecto-periodico-milenio-2020-2?lang=en,es-MX:https://www.vonwobeser.com/news/no-hay-crimen-perfecto-periodico-milenio-2020-2 | en:https://www.vonwobeser.com/news/no-hay-crimen-perfecto-periodico-milenio-2020-2?lang=en | x-default:https://www.vonwobeser.com/news/no-hay-crimen-perfecto-periodico-milenio-2020-2,https://www.milenio.com/politica/lee-firmas-milenio-jueves-16-julio,https://www.milenio.com/politica/lee-firmas-milenio-jueves-16-julio,true,true,,,
9f2576b3-73af-4e76-8130-6d1182263332,es,http://localhost:5050/news/las-nuevas-reglas-de-publicidad-en-alimentos-preenvasados,200,correcto,1,Las nuevas reglas de publicidad en alimentos preenvasados.,Las nuevas reglas de publicidad en alimentos preenvasados. | Von Wobeser y Sierra,El artículo revisa la prohibición mexicana de 2023 de usar personajes animados para anunciar productos con sellos de advertencia. Evalúa la medida mediante un…,https://www.vonwobeser.com/news/las-nuevas-reglas-de-publicidad-en-alimentos-preenvasados,es-MX:https://www.vonwobeser.com/news/las-nuevas-reglas-de-publicidad-en-alimentos-preenvasados | en:https://www.vonwobeser.com/news/las-nuevas-reglas-de-publicidad-en-alimentos-preenvasados?lang=en | x-default:https://www.vonwobeser.com/news/las-nuevas-reglas-de-publicidad-en-alimentos-preenvasados,https://eljuegodelacorte.nexos.com.mx/que-culpa-tiene-el-tigre-tono-las-nuevas-reglas-de-publicidad-en-alimentos-preenvasados/,https://eljuegodelacorte.nexos.com.mx/que-culpa-tiene-el-tigre-tono-las-nuevas-reglas-de-publicidad-en-alimentos-preenvasados/,true,true,,,
9f2576b3-73af-4e76-8130-6d1182263332,en,http://localhost:5050/news/las-nuevas-reglas-de-publicidad-en-alimentos-preenvasados?lang=en,200,correcto,1,The new advertising rules for prepackaged foods.,The new advertising rules for prepackaged foods. | Von Wobeser y Sierra,The article reviews Mexico's 2023 prohibition on using animated characters to advertise products with warning labels. It assesses the measure under a…,https://www.vonwobeser.com/news/las-nuevas-reglas-de-publicidad-en-alimentos-preenvasados?lang=en,es-MX:https://www.vonwobeser.com/news/las-nuevas-reglas-de-publicidad-en-alimentos-preenvasados | en:https://www.vonwobeser.com/news/las-nuevas-reglas-de-publicidad-en-alimentos-preenvasados?lang=en | x-default:https://www.vonwobeser.com/news/las-nuevas-reglas-de-publicidad-en-alimentos-preenvasados,https://eljuegodelacorte.nexos.com.mx/que-culpa-tiene-el-tigre-tono-las-nuevas-reglas-de-publicidad-en-alimentos-preenvasados/,https://eljuegodelacorte.nexos.com.mx/que-culpa-tiene-el-tigre-tono-las-nuevas-reglas-de-publicidad-en-alimentos-preenvasados/,true,true,,,
948d9ed0-b5c0-4aa3-b2f9-46f2c3084d72,es,http://localhost:5050/news/esg-en-la-industria-minera-mexicana-cuarta-parte,200,correcto,1,ESG en la Industria Minera Mexicana. Cuarta Parte,ESG en la Industria Minera Mexicana. Cuarta Parte | Von Wobeser y Sierra,Esta entrega examina cómo las emisiones de gases de efecto invernadero y la eficiencia energética inciden en la dimensión ambiental de los criterios ESG en la…,https://www.vonwobeser.com/news/esg-en-la-industria-minera-mexicana-cuarta-parte,es-MX:https://www.vonwobeser.com/news/esg-en-la-industria-minera-mexicana-cuarta-parte | en:https://www.vonwobeser.com/news/esg-en-la-industria-minera-mexicana-cuarta-parte?lang=en | x-default:https://www.vonwobeser.com/news/esg-en-la-industria-minera-mexicana-cuarta-parte,https://www.vonwobeser.com/images/PDF_news/2023/ESG4/23_05_22_MINERIA_ESG_ENG-Pt4-OK.pdf,https://www.vonwobeser.com/images/PDF_news/2023/ESG4/23_05_22_MINERIA_ESG_ENG-Pt4-OK.pdf,true,true,http://localhost:5050/images/PDF_news/2023/ESG4/23_05_22_MINERIA_ESG_ESP-Pt4-OK.pdf,,
948d9ed0-b5c0-4aa3-b2f9-46f2c3084d72,en,http://localhost:5050/news/esg-en-la-industria-minera-mexicana-cuarta-parte?lang=en,200,correcto,1,ESG in the Mexican Mining Industry. Fourth Part,ESG in the Mexican Mining Industry. Fourth Part | Von Wobeser y Sierra,This installment examines how greenhouse-gas emissions and energy efficiency shape the environmental dimension of ESG criteria in mining. It addresses ways…,https://www.vonwobeser.com/news/esg-en-la-industria-minera-mexicana-cuarta-parte?lang=en,es-MX:https://www.vonwobeser.com/news/esg-en-la-industria-minera-mexicana-cuarta-parte | en:https://www.vonwobeser.com/news/esg-en-la-industria-minera-mexicana-cuarta-parte?lang=en | x-default:https://www.vonwobeser.com/news/esg-en-la-industria-minera-mexicana-cuarta-parte,https://www.vonwobeser.com/images/PDF_news/2023/ESG4/23_05_22_MINERIA_ESG_ENG-Pt4-OK.pdf,https://www.vonwobeser.com/images/PDF_news/2023/ESG4/23_05_22_MINERIA_ESG_ENG-Pt4-OK.pdf,true,true,http://localhost:5050/images/PDF_news/2023/ESG4/23_05_22_MINERIA_ESG_ESP-Pt4-OK.pdf,,
058a4313-3a7c-415d-91f0-a79623555e3c,es,http://localhost:5050/news/una-vision-interdisciplinaria-en-el-combate-a-la-corrupcion,200,correcto,1,Una visión interdisciplinaria en el combate a la corrupción,Una visión interdisciplinaria en el combate a la corrupción | Von Wobeser y Sierra,"Este volumen colectivo de la UNAM reúne análisis interdisciplinarios sobre la corrupción en México, desde el Sistema Nacional Anticorrupción y las…",https://www.vonwobeser.com/news/una-vision-interdisciplinaria-en-el-combate-a-la-corrupcion,es-MX:https://www.vonwobeser.com/news/una-vision-interdisciplinaria-en-el-combate-a-la-corrupcion | en:https://www.vonwobeser.com/news/una-vision-interdisciplinaria-en-el-combate-a-la-corrupcion?lang=en | x-default:https://www.vonwobeser.com/news/una-vision-interdisciplinaria-en-el-combate-a-la-corrupcion,https://www.vonwobeser.com/images/PDF_news/2023/vision_combate.pdf,https://www.vonwobeser.com/images/PDF_news/2023/vision_combate.pdf,true,true,,,
058a4313-3a7c-415d-91f0-a79623555e3c,en,http://localhost:5050/news/una-vision-interdisciplinaria-en-el-combate-a-la-corrupcion?lang=en,200,correcto,1,An interdisciplinary vision in the fight against corruption,An interdisciplinary vision in the fight against corruption | Von Wobeser y Sierra,"This UNAM collective volume brings together interdisciplinary analyses of corruption in Mexico, from the National Anti-Corruption System and public contracting…",https://www.vonwobeser.com/news/una-vision-interdisciplinaria-en-el-combate-a-la-corrupcion?lang=en,es-MX:https://www.vonwobeser.com/news/una-vision-interdisciplinaria-en-el-combate-a-la-corrupcion | en:https://www.vonwobeser.com/news/una-vision-interdisciplinaria-en-el-combate-a-la-corrupcion?lang=en | x-default:https://www.vonwobeser.com/news/una-vision-interdisciplinaria-en-el-combate-a-la-corrupcion,https://www.vonwobeser.com/images/PDF_news/2023/vision_combate.pdf,https://www.vonwobeser.com/images/PDF_news/2023/vision_combate.pdf,true,true,,,
c652d75f-b906-418e-920f-b0b288f6d150,es,http://localhost:5050/news/latin-lawyer-s-m-a-guide-indemnity-escrows-and-other-payment-guarantees-2,200,correcto,1,Guía de Fusiones y Adquisiciones de Latin Lawyer: Depósitos en Garantía de Indemnización y Otras Garantías de Pago,Guía de Fusiones y Adquisiciones de Latin Lawyer: Depósitos en Garantía de Indemnización y Otras Garantías de Pago | Von Wobeser y Sierra,"Nos complace compartir el capítulo 15 de la Guía de Fusiones y Adquisiciones de Latin Lawyer, ""Depósitos en Garantía de Indemnización y Otras Garantías de…",https://www.vonwobeser.com/news/latin-lawyer-s-m-a-guide-indemnity-escrows-and-other-payment-guarantees-2,es-MX:https://www.vonwobeser.com/news/latin-lawyer-s-m-a-guide-indemnity-escrows-and-other-payment-guarantees-2 | en:https://www.vonwobeser.com/news/latin-lawyer-s-m-a-guide-indemnity-escrows-and-other-payment-guarantees-2?lang=en | x-default:https://www.vonwobeser.com/news/latin-lawyer-s-m-a-guide-indemnity-escrows-and-other-payment-guarantees-2,,,true,true,,,
c652d75f-b906-418e-920f-b0b288f6d150,en,http://localhost:5050/news/latin-lawyer-s-m-a-guide-indemnity-escrows-and-other-payment-guarantees-2?lang=en,200,correcto,1,Latin Lawyer’s M&A Guide: Indemnity Escrows and Other Payment Guarantees,Latin Lawyer’s M&A Guide: Indemnity Escrows and Other Payment Guarantees | Von Wobeser y Sierra,"We are delighted to share the 15th chapter of the Latin Lawyer's Guide for Mergers & Acquisitions, ""Indemnity Escrows and Other Payment Guarantees"", authored…",https://www.vonwobeser.com/news/latin-lawyer-s-m-a-guide-indemnity-escrows-and-other-payment-guarantees-2?lang=en,es-MX:https://www.vonwobeser.com/news/latin-lawyer-s-m-a-guide-indemnity-escrows-and-other-payment-guarantees-2 | en:https://www.vonwobeser.com/news/latin-lawyer-s-m-a-guide-indemnity-escrows-and-other-payment-guarantees-2?lang=en | x-default:https://www.vonwobeser.com/news/latin-lawyer-s-m-a-guide-indemnity-escrows-and-other-payment-guarantees-2,,,true,true,,,
737ef17f-b7a2-472b-b27a-e884bb8493e0,es,http://localhost:5050/news/global-arbitration-review-construction-arbitration-know-how-mexico-chapter-2,200,correcto,1,Global Arbitration Review: Capítulo de México de Construction Arbitration Know-How,Global Arbitration Review: Capítulo de México de Construction Arbitration Know-How | Von Wobeser y Sierra,"Nos enorgullece compartir el capítulo que nuestra socia Montserrat Manzano y nuestro asociado Rodrigo Macin coescribieron, junto con Pedro José Izquierdo y…",https://www.vonwobeser.com/news/global-arbitration-review-construction-arbitration-know-how-mexico-chapter-2,es-MX:https://www.vonwobeser.com/news/global-arbitration-review-construction-arbitration-know-how-mexico-chapter-2 | en:https://www.vonwobeser.com/news/global-arbitration-review-construction-arbitration-know-how-mexico-chapter-2?lang=en | x-default:https://www.vonwobeser.com/news/global-arbitration-review-construction-arbitration-know-how-mexico-chapter-2,,,true,true,,,
737ef17f-b7a2-472b-b27a-e884bb8493e0,en,http://localhost:5050/news/global-arbitration-review-construction-arbitration-know-how-mexico-chapter-2?lang=en,200,correcto,1,Global Arbitration Review: Construction Arbitration Know-How Mexico Chapter,Global Arbitration Review: Construction Arbitration Know-How Mexico Chapter | Von Wobeser y Sierra,"We are proud to share the chapter that our partner Montserrat Manzano and our associate Rodrigo Macin co-wrote, along with Pedro José Izquierdo and Sophie…",https://www.vonwobeser.com/news/global-arbitration-review-construction-arbitration-know-how-mexico-chapter-2?lang=en,es-MX:https://www.vonwobeser.com/news/global-arbitration-review-construction-arbitration-know-how-mexico-chapter-2 | en:https://www.vonwobeser.com/news/global-arbitration-review-construction-arbitration-know-how-mexico-chapter-2?lang=en | x-default:https://www.vonwobeser.com/news/global-arbitration-review-construction-arbitration-know-how-mexico-chapter-2,,,true,true,,,
b3da086e-1dd7-43c3-a148-a94bd75d44b9,es,http://localhost:5050/news/esg-en-la-industria-minera-mexicana-tercera-parte,200,correcto,1,ESG en la Industria Minera Mexicana. Tercera Parte,ESG en la Industria Minera Mexicana. Tercera Parte | Von Wobeser y Sierra,"La tercera parte revisa los cuatro ejes ambientales restantes del Responsible Mining Index para la industria minera. Analiza riesgos y prácticas vinculados,…",https://www.vonwobeser.com/news/esg-en-la-industria-minera-mexicana-tercera-parte,es-MX:https://www.vonwobeser.com/news/esg-en-la-industria-minera-mexicana-tercera-parte | en:https://www.vonwobeser.com/news/esg-en-la-industria-minera-mexicana-tercera-parte?lang=en | x-default:https://www.vonwobeser.com/news/esg-en-la-industria-minera-mexicana-tercera-parte,https://www.vonwobeser.com/images/PDF_news/2022/22_08_11_ESG_En-la-Industria-Minera-Mexicana-3_ENG.pdf,https://www.vonwobeser.com/images/PDF_news/2022/22_08_11_ESG_En-la-Industria-Minera-Mexicana-3_ENG.pdf,true,true,http://localhost:5050/images/PDF_news/2022/22_08_11_ESG_En-la-Industria-Minera-Mexicana-3_ESP.pdf,,
b3da086e-1dd7-43c3-a148-a94bd75d44b9,en,http://localhost:5050/news/esg-en-la-industria-minera-mexicana-tercera-parte?lang=en,200,correcto,1,ESG in the Mexican Mining Industry. Part Three,ESG in the Mexican Mining Industry. Part Three | Von Wobeser y Sierra,Part three reviews the four remaining environmental areas of the Responsible Mining Index for the mining industry. It examines risks and practices including…,https://www.vonwobeser.com/news/esg-en-la-industria-minera-mexicana-tercera-parte?lang=en,es-MX:https://www.vonwobeser.com/news/esg-en-la-industria-minera-mexicana-tercera-parte | en:https://www.vonwobeser.com/news/esg-en-la-industria-minera-mexicana-tercera-parte?lang=en | x-default:https://www.vonwobeser.com/news/esg-en-la-industria-minera-mexicana-tercera-parte,https://www.vonwobeser.com/images/PDF_news/2022/22_08_11_ESG_En-la-Industria-Minera-Mexicana-3_ENG.pdf,https://www.vonwobeser.com/images/PDF_news/2022/22_08_11_ESG_En-la-Industria-Minera-Mexicana-3_ENG.pdf,true,true,http://localhost:5050/images/PDF_news/2022/22_08_11_ESG_En-la-Industria-Minera-Mexicana-3_ESP.pdf,,
0dddeaf9-ed0e-43f9-9419-2a437feefdbe,es,http://localhost:5050/news/preparate-para-el-proximo-cisne-2,200,correcto,1,Prepárate para el próximo cisne,Prepárate para el próximo cisne | Von Wobeser y Sierra,El artículo aborda el cambio climático como un riesgo sistémico relevante y sostiene que las organizaciones deben priorizar estrategias para enfrentarlo.…,https://www.vonwobeser.com/news/preparate-para-el-proximo-cisne-2,es-MX:https://www.vonwobeser.com/news/preparate-para-el-proximo-cisne-2 | en:https://www.vonwobeser.com/news/preparate-para-el-proximo-cisne-2?lang=en | x-default:https://www.vonwobeser.com/news/preparate-para-el-proximo-cisne-2,https://www.vonwobeser.com/images/PDF/2022/Preparate_Para_el_Proximo_Cisne1.pdf,https://www.vonwobeser.com/images/PDF/2022/Preparate_Para_el_Proximo_Cisne1.pdf,true,true,,,
0dddeaf9-ed0e-43f9-9419-2a437feefdbe,en,http://localhost:5050/news/preparate-para-el-proximo-cisne-2?lang=en,200,correcto,1,Get ready for the next swan,Get ready for the next swan | Von Wobeser y Sierra,The article treats climate change as a major systemic risk and argues that organizations should prioritize strategies to address it. It presents ESG management…,https://www.vonwobeser.com/news/preparate-para-el-proximo-cisne-2?lang=en,es-MX:https://www.vonwobeser.com/news/preparate-para-el-proximo-cisne-2 | en:https://www.vonwobeser.com/news/preparate-para-el-proximo-cisne-2?lang=en | x-default:https://www.vonwobeser.com/news/preparate-para-el-proximo-cisne-2,https://www.vonwobeser.com/images/PDF/2022/Preparate_Para_el_Proximo_Cisne1.pdf,https://www.vonwobeser.com/images/PDF/2022/Preparate_Para_el_Proximo_Cisne1.pdf,true,true,,,
33353440-ab57-4435-b33d-a3b479cd2f5e,es,http://localhost:5050/news/esg-en-la-industria-minera-mexicana-segunda-parte,200,correcto,1,ESG en la Industria Minera Mexicana. Segunda Parte,ESG en la Industria Minera Mexicana. Segunda Parte | Von Wobeser y Sierra,Esta segunda parte aborda la importancia económica de la minería y los impactos ambientales asociados a su operación. Presenta los primeros ejes de mejores…,https://www.vonwobeser.com/news/esg-en-la-industria-minera-mexicana-segunda-parte,es-MX:https://www.vonwobeser.com/news/esg-en-la-industria-minera-mexicana-segunda-parte | en:https://www.vonwobeser.com/news/esg-en-la-industria-minera-mexicana-segunda-parte?lang=en | x-default:https://www.vonwobeser.com/news/esg-en-la-industria-minera-mexicana-segunda-parte,https://www.vonwobeser.com/images/PDF_news/2021/21_10_12_MINERIA_ESG_ING.pdf,https://www.vonwobeser.com/images/PDF_news/2021/21_10_12_MINERIA_ESG_ING.pdf,true,true,http://localhost:5050/images/PDF_news/2022/22_04_01_MINERIA_ESG_ESP-Pt2.pdf,,
33353440-ab57-4435-b33d-a3b479cd2f5e,en,http://localhost:5050/news/esg-en-la-industria-minera-mexicana-segunda-parte?lang=en,200,correcto,1,ESG in the Mexican Mining Industry. Part Two,ESG in the Mexican Mining Industry. Part Two | Von Wobeser y Sierra,Part two addresses mining’s economic relevance and the environmental impacts associated with its operation. It introduces the first environmental best-practice…,https://www.vonwobeser.com/news/esg-en-la-industria-minera-mexicana-segunda-parte?lang=en,es-MX:https://www.vonwobeser.com/news/esg-en-la-industria-minera-mexicana-segunda-parte | en:https://www.vonwobeser.com/news/esg-en-la-industria-minera-mexicana-segunda-parte?lang=en | x-default:https://www.vonwobeser.com/news/esg-en-la-industria-minera-mexicana-segunda-parte,https://www.vonwobeser.com/images/PDF_news/2021/21_10_12_MINERIA_ESG_ING.pdf,https://www.vonwobeser.com/images/PDF_news/2021/21_10_12_MINERIA_ESG_ING.pdf,true,true,http://localhost:5050/images/PDF_news/2022/22_04_01_MINERIA_ESG_ESP-Pt2.pdf,,
13f214d4-71b3-4284-8e23-d7882ad83bd1,es,http://localhost:5050/news/tu-negocio-contribuye-a-cambiar-el-mundo-considera-una-perspectiva-esg,200,correcto,1,¿Tu negocio contribuye a cambiar el mundo? Considera una perspectiva ESG.,¿Tu negocio contribuye a cambiar el mundo? Considera una perspectiva ESG. | Von Wobeser y Sierra,"Los inicios de año vienen llenos de propósitos y buenos deseos. Para quienes tenemos la intención de cumplirlos, los propósitos deben traducirse en objetivos y…",https://www.vonwobeser.com/news/tu-negocio-contribuye-a-cambiar-el-mundo-considera-una-perspectiva-esg,es-MX:https://www.vonwobeser.com/news/tu-negocio-contribuye-a-cambiar-el-mundo-considera-una-perspectiva-esg | en:https://www.vonwobeser.com/news/tu-negocio-contribuye-a-cambiar-el-mundo-considera-una-perspectiva-esg?lang=en | x-default:https://www.vonwobeser.com/news/tu-negocio-contribuye-a-cambiar-el-mundo-considera-una-perspectiva-esg,https://expansion.mx/opinion/2022/01/03/negocio-contribuya-cambiar-el-mundo,https://expansion.mx/opinion/2022/01/03/negocio-contribuya-cambiar-el-mundo,true,true,http://localhost:5050/images/PDF_news/2022/Tu-negocio-contribuye-a-cambiar-el-mundo_-Considera-una-perspectiva-ESG.pdf,,
13f214d4-71b3-4284-8e23-d7882ad83bd1,en,http://localhost:5050/news/tu-negocio-contribuye-a-cambiar-el-mundo-considera-una-perspectiva-esg?lang=en,200,correcto,1,Does your business contribute to changing the world? Consider an ESG perspective.,Does your business contribute to changing the world? Consider an ESG perspective. | Von Wobeser y Sierra,"The beginning of the year comes full of resolutions and good wishes. For those of us who intend to fulfill them, resolutions must be translated into concrete…",https://www.vonwobeser.com/news/tu-negocio-contribuye-a-cambiar-el-mundo-considera-una-perspectiva-esg?lang=en,es-MX:https://www.vonwobeser.com/news/tu-negocio-contribuye-a-cambiar-el-mundo-considera-una-perspectiva-esg | en:https://www.vonwobeser.com/news/tu-negocio-contribuye-a-cambiar-el-mundo-considera-una-perspectiva-esg?lang=en | x-default:https://www.vonwobeser.com/news/tu-negocio-contribuye-a-cambiar-el-mundo-considera-una-perspectiva-esg,https://expansion.mx/opinion/2022/01/03/negocio-contribuya-cambiar-el-mundo,https://expansion.mx/opinion/2022/01/03/negocio-contribuya-cambiar-el-mundo,true,true,http://localhost:5050/images/PDF_news/2022/Tu-negocio-contribuye-a-cambiar-el-mundo_-Considera-una-perspectiva-ESG.pdf,,
26a2073b-ad34-41c5-88b2-052ab0402f86,es,http://localhost:5050/news/derechos-fundamentales-de-las-personas-morales-un-tema-sin-resolver,200,correcto,1,Derechos fundamentales de las personas morales: un tema sin resolver,Derechos fundamentales de las personas morales: un tema sin resolver | Von Wobeser y Sierra,"Este año, un Tribunal Federal mexicano emitió una serie de precedentes controversiales relacionados con los derechos de las personas jurídicas. Estos…",https://www.vonwobeser.com/news/derechos-fundamentales-de-las-personas-morales-un-tema-sin-resolver,es-MX:https://www.vonwobeser.com/news/derechos-fundamentales-de-las-personas-morales-un-tema-sin-resolver | en:https://www.vonwobeser.com/news/derechos-fundamentales-de-las-personas-morales-un-tema-sin-resolver?lang=en | x-default:https://www.vonwobeser.com/news/derechos-fundamentales-de-las-personas-morales-un-tema-sin-resolver,,,true,true,http://localhost:5050/images/PDF_news/2021/21_12_17_DERECHOS_FUNDAMENTALES_ESG_ESP.pdf,,
26a2073b-ad34-41c5-88b2-052ab0402f86,en,http://localhost:5050/news/derechos-fundamentales-de-las-personas-morales-un-tema-sin-resolver?lang=en,200,correcto,1,Fundamental rights of legal entities: an unresolved matter,Fundamental rights of legal entities: an unresolved matter | Von Wobeser y Sierra,"This year, a Mexican Federal Court issued a series of controversial precedents related to the rights of legal entities. These precedents are not generally…",https://www.vonwobeser.com/news/derechos-fundamentales-de-las-personas-morales-un-tema-sin-resolver?lang=en,es-MX:https://www.vonwobeser.com/news/derechos-fundamentales-de-las-personas-morales-un-tema-sin-resolver | en:https://www.vonwobeser.com/news/derechos-fundamentales-de-las-personas-morales-un-tema-sin-resolver?lang=en | x-default:https://www.vonwobeser.com/news/derechos-fundamentales-de-las-personas-morales-un-tema-sin-resolver,,,true,true,http://localhost:5050/images/PDF_news/2021/21_12_17_DERECHOS_FUNDAMENTALES_ESG_ESP.pdf,,
e97d4b5c-a943-491e-b91a-81937feca1ca,es,http://localhost:5050/news/impulsar-la-autonomia-energetica-mientras-se-avanza-en-la-proteccion-del-medio-a,200,correcto,1,Impulsar la autonomía energética mientras se avanza en la protección del medio ambiente: un acto de equilibrio,Impulsar la autonomía energética mientras se avanza en la protección del medio ambiente: un acto de equilibrio | Von Wobeser y Sierra,Uno de los principales objetivos de la actual Administración Federal es el fortalecimiento de las empresas productivas del Estado: la Comisión Federal de…,https://www.vonwobeser.com/news/impulsar-la-autonomia-energetica-mientras-se-avanza-en-la-proteccion-del-medio-a,es-MX:https://www.vonwobeser.com/news/impulsar-la-autonomia-energetica-mientras-se-avanza-en-la-proteccion-del-medio-a | en:https://www.vonwobeser.com/news/impulsar-la-autonomia-energetica-mientras-se-avanza-en-la-proteccion-del-medio-a?lang=en | x-default:https://www.vonwobeser.com/news/impulsar-la-autonomia-energetica-mientras-se-avanza-en-la-proteccion-del-medio-a,,,true,true,http://localhost:5050/images/PDF_news/2021/21_12_10_AUTONOMIA_ENERGETICA_ESG_ESP.pdf,,
e97d4b5c-a943-491e-b91a-81937feca1ca,en,http://localhost:5050/news/impulsar-la-autonomia-energetica-mientras-se-avanza-en-la-proteccion-del-medio-a?lang=en,200,correcto,1,Advancing energy self-sufficiency while making progress on environmental protection: a balancing act,Advancing energy self-sufficiency while making progress on environmental protection: a balancing act | Von Wobeser y Sierra,One of the main objectives of the current Federal Administration is the strengthening of the State's productive enterprises: the Federal Electricity Commission…,https://www.vonwobeser.com/news/impulsar-la-autonomia-energetica-mientras-se-avanza-en-la-proteccion-del-medio-a?lang=en,es-MX:https://www.vonwobeser.com/news/impulsar-la-autonomia-energetica-mientras-se-avanza-en-la-proteccion-del-medio-a | en:https://www.vonwobeser.com/news/impulsar-la-autonomia-energetica-mientras-se-avanza-en-la-proteccion-del-medio-a?lang=en | x-default:https://www.vonwobeser.com/news/impulsar-la-autonomia-energetica-mientras-se-avanza-en-la-proteccion-del-medio-a,,,true,true,http://localhost:5050/images/PDF_news/2021/21_12_10_AUTONOMIA_ENERGETICA_ESG_ESP.pdf,,
07fe176f-f88f-4e6f-96d4-2f9156cfd495,es,http://localhost:5050/news/competencia-economica-un-potencial-detonante-de-iniciativas-sustentables,200,correcto,1,Competencia económica: un potencial detonante de iniciativas sustentables,Competencia económica: un potencial detonante de iniciativas sustentables | Von Wobeser y Sierra,"Para quien tenía dudas, la reciente conferencia sobre cambio climático COP26 dejó claro que el reto más grande y complejo que enfrenta la humanidad requiere…",https://www.vonwobeser.com/news/competencia-economica-un-potencial-detonante-de-iniciativas-sustentables,es-MX:https://www.vonwobeser.com/news/competencia-economica-un-potencial-detonante-de-iniciativas-sustentables | en:https://www.vonwobeser.com/news/competencia-economica-un-potencial-detonante-de-iniciativas-sustentables?lang=en | x-default:https://www.vonwobeser.com/news/competencia-economica-un-potencial-detonante-de-iniciativas-sustentables,,,true,true,,,
07fe176f-f88f-4e6f-96d4-2f9156cfd495,en,http://localhost:5050/news/competencia-economica-un-potencial-detonante-de-iniciativas-sustentables?lang=en,200,correcto,1,Economic competition: a potential catalyst for sustainable initiatives,Economic competition: a potential catalyst for sustainable initiatives | Von Wobeser y Sierra,"For anyone who had any doubts, the recent COP26 climate change conference made clear that the greatest and most complex challenge facing humanity requires…",https://www.vonwobeser.com/news/competencia-economica-un-potencial-detonante-de-iniciativas-sustentables?lang=en,es-MX:https://www.vonwobeser.com/news/competencia-economica-un-potencial-detonante-de-iniciativas-sustentables | en:https://www.vonwobeser.com/news/competencia-economica-un-potencial-detonante-de-iniciativas-sustentables?lang=en | x-default:https://www.vonwobeser.com/news/competencia-economica-un-potencial-detonante-de-iniciativas-sustentables,,,true,true,,,
14ed5556-4fdd-4da0-a134-93bb0fb73d5f,es,http://localhost:5050/news/mlrr-un-mecanismo-efectivo-para-el-cumplimiento-de-estandares-laborales-colectiv,200,correcto,1,MLRR: un mecanismo efectivo para el cumplimiento de estándares laborales colectivos,MLRR: un mecanismo efectivo para el cumplimiento de estándares laborales colectivos | Von Wobeser y Sierra,"Los criterios ESG (ambiental, social y gobierno corporativo, por sus siglas en inglés) son cada vez más la base sobre la cual se fundamentan decisiones de…",https://www.vonwobeser.com/news/mlrr-un-mecanismo-efectivo-para-el-cumplimiento-de-estandares-laborales-colectiv,es-MX:https://www.vonwobeser.com/news/mlrr-un-mecanismo-efectivo-para-el-cumplimiento-de-estandares-laborales-colectiv | en:https://www.vonwobeser.com/news/mlrr-un-mecanismo-efectivo-para-el-cumplimiento-de-estandares-laborales-colectiv?lang=en | x-default:https://www.vonwobeser.com/news/mlrr-un-mecanismo-efectivo-para-el-cumplimiento-de-estandares-laborales-colectiv,,,true,true,http://localhost:5050/images/PDF_news/2021/21_12_02_MLRR_ESG_ESP.pdf,,
14ed5556-4fdd-4da0-a134-93bb0fb73d5f,en,http://localhost:5050/news/mlrr-un-mecanismo-efectivo-para-el-cumplimiento-de-estandares-laborales-colectiv?lang=en,200,correcto,1,RRLM: an effective mechanism for compliance with collective labor standards,RRLM: an effective mechanism for compliance with collective labor standards | Von Wobeser y Sierra,"ESG criteria (environmental, social, and corporate governance) are increasingly the basis on which investment decisions are made worldwide. Although these…",https://www.vonwobeser.com/news/mlrr-un-mecanismo-efectivo-para-el-cumplimiento-de-estandares-laborales-colectiv?lang=en,es-MX:https://www.vonwobeser.com/news/mlrr-un-mecanismo-efectivo-para-el-cumplimiento-de-estandares-laborales-colectiv | en:https://www.vonwobeser.com/news/mlrr-un-mecanismo-efectivo-para-el-cumplimiento-de-estandares-laborales-colectiv?lang=en | x-default:https://www.vonwobeser.com/news/mlrr-un-mecanismo-efectivo-para-el-cumplimiento-de-estandares-laborales-colectiv,,,true,true,http://localhost:5050/images/PDF_news/2021/21_12_02_MLRR_ESG_ESP.pdf,,
ccd572df-a980-4b5d-b897-f5d20e319407,es,http://localhost:5050/news/los-socios-de-competencia-preven-un-mayor-escrutinio-de-los-acuerdos-de-comercio,200,correcto,1,Los socios de competencia prevén un mayor escrutinio de los acuerdos de comercio electrónico y fintech.,Los socios de competencia prevén un mayor escrutinio de los acuerdos de comercio electrónico y fintech. | Von Wobeser y Sierra,Las autoridades de competencia latinoamericanas se niegan a ser sacudidas por la pandemia del covid-19 y están intensificando su escrutinio de los sectores de…,https://www.vonwobeser.com/news/los-socios-de-competencia-preven-un-mayor-escrutinio-de-los-acuerdos-de-comercio,es-MX:https://www.vonwobeser.com/news/los-socios-de-competencia-preven-un-mayor-escrutinio-de-los-acuerdos-de-comercio | en:https://www.vonwobeser.com/news/los-socios-de-competencia-preven-un-mayor-escrutinio-de-los-acuerdos-de-comercio?lang=en | x-default:https://www.vonwobeser.com/news/los-socios-de-competencia-preven-un-mayor-escrutinio-de-los-acuerdos-de-comercio,,,true,true,,,
ccd572df-a980-4b5d-b897-f5d20e319407,en,http://localhost:5050/news/los-socios-de-competencia-preven-un-mayor-escrutinio-de-los-acuerdos-de-comercio?lang=en,200,correcto,1,Competition partners foresee greater scrutiny of e-commerce and fintech deals.,Competition partners foresee greater scrutiny of e-commerce and fintech deals. | Von Wobeser y Sierra,Latin American competition authorities refuse to be shaken by the covid-19 pandemic and are stepping up their scrutiny of the region's fast-growing e-commerce…,https://www.vonwobeser.com/news/los-socios-de-competencia-preven-un-mayor-escrutinio-de-los-acuerdos-de-comercio?lang=en,es-MX:https://www.vonwobeser.com/news/los-socios-de-competencia-preven-un-mayor-escrutinio-de-los-acuerdos-de-comercio | en:https://www.vonwobeser.com/news/los-socios-de-competencia-preven-un-mayor-escrutinio-de-los-acuerdos-de-comercio?lang=en | x-default:https://www.vonwobeser.com/news/los-socios-de-competencia-preven-un-mayor-escrutinio-de-los-acuerdos-de-comercio,,,true,true,,,
76969c0a-30a6-4625-a1af-a26ec1238ae6,es,http://localhost:5050/news/los-socios-de-competencia-preven-un-mayor-escrutinio-de-los-acuerdos-de-comercio-2,200,correcto,1,Los socios de competencia prevén un mayor escrutinio de los acuerdos de comercio electrónico y fintech.,Los socios de competencia prevén un mayor escrutinio de los acuerdos de comercio electrónico y fintech. | Von Wobeser y Sierra,Las autoridades de competencia latinoamericanas se niegan a ser sacudidas por la pandemia del covid-19 y están intensificando su escrutinio de los sectores de…,https://www.vonwobeser.com/news/los-socios-de-competencia-preven-un-mayor-escrutinio-de-los-acuerdos-de-comercio-2,es-MX:https://www.vonwobeser.com/news/los-socios-de-competencia-preven-un-mayor-escrutinio-de-los-acuerdos-de-comercio-2 | en:https://www.vonwobeser.com/news/los-socios-de-competencia-preven-un-mayor-escrutinio-de-los-acuerdos-de-comercio-2?lang=en | x-default:https://www.vonwobeser.com/news/los-socios-de-competencia-preven-un-mayor-escrutinio-de-los-acuerdos-de-comercio-2,,,true,true,,,
76969c0a-30a6-4625-a1af-a26ec1238ae6,en,http://localhost:5050/news/los-socios-de-competencia-preven-un-mayor-escrutinio-de-los-acuerdos-de-comercio-2?lang=en,200,correcto,1,Competition Partners Foresee Greater Scrutiny of E-Commerce and Fintech Deals.,Competition Partners Foresee Greater Scrutiny of E-Commerce and Fintech Deals. | Von Wobeser y Sierra,Latin American competition authorities refuse to be shaken by the covid-19 pandemic and are stepping up their scrutiny of the region's fast-growing e-commerce…,https://www.vonwobeser.com/news/los-socios-de-competencia-preven-un-mayor-escrutinio-de-los-acuerdos-de-comercio-2?lang=en,es-MX:https://www.vonwobeser.com/news/los-socios-de-competencia-preven-un-mayor-escrutinio-de-los-acuerdos-de-comercio-2 | en:https://www.vonwobeser.com/news/los-socios-de-competencia-preven-un-mayor-escrutinio-de-los-acuerdos-de-comercio-2?lang=en | x-default:https://www.vonwobeser.com/news/los-socios-de-competencia-preven-un-mayor-escrutinio-de-los-acuerdos-de-comercio-2,,,true,true,,,
2487d778-9d5b-4894-8561-989e8b7d8a88,es,http://localhost:5050/news/lieferkettensorgfaltspflichtengesetz-un-trabalenguas-de-nuevas-regulaciones-de-l,200,correcto,1,Lieferkettensorgfaltspflichtengesetz: un trabalenguas de nuevas regulaciones de la cadena de suministro,Lieferkettensorgfaltspflichtengesetz: un trabalenguas de nuevas regulaciones de la cadena de suministro | Von Wobeser y Sierra,"Junto con China, Alemania aún es considerada como el país exportador por excelencia. Made in Germany ha sido durante mucho tiempo una indicación de calidad y…",https://www.vonwobeser.com/news/lieferkettensorgfaltspflichtengesetz-un-trabalenguas-de-nuevas-regulaciones-de-l,es-MX:https://www.vonwobeser.com/news/lieferkettensorgfaltspflichtengesetz-un-trabalenguas-de-nuevas-regulaciones-de-l | en:https://www.vonwobeser.com/news/lieferkettensorgfaltspflichtengesetz-un-trabalenguas-de-nuevas-regulaciones-de-l?lang=en | x-default:https://www.vonwobeser.com/news/lieferkettensorgfaltspflichtengesetz-un-trabalenguas-de-nuevas-regulaciones-de-l,,,true,true,http://localhost:5050/images/PDF_news/2021/21_11_25_SUMINISTRO_ESG_ESP.pdf,,
2487d778-9d5b-4894-8561-989e8b7d8a88,en,http://localhost:5050/news/lieferkettensorgfaltspflichtengesetz-un-trabalenguas-de-nuevas-regulaciones-de-l?lang=en,200,correcto,1,Lieferkettensorgfaltspflichtengesetz: a tongue-twister of new supply chain regulations,Lieferkettensorgfaltspflichtengesetz: a tongue-twister of new supply chain regulations | Von Wobeser y Sierra,"Together with China, Germany is still regarded as the exporting country par excellence. Made in Germany has long been an indication of superior quality and…",https://www.vonwobeser.com/news/lieferkettensorgfaltspflichtengesetz-un-trabalenguas-de-nuevas-regulaciones-de-l?lang=en,es-MX:https://www.vonwobeser.com/news/lieferkettensorgfaltspflichtengesetz-un-trabalenguas-de-nuevas-regulaciones-de-l | en:https://www.vonwobeser.com/news/lieferkettensorgfaltspflichtengesetz-un-trabalenguas-de-nuevas-regulaciones-de-l?lang=en | x-default:https://www.vonwobeser.com/news/lieferkettensorgfaltspflichtengesetz-un-trabalenguas-de-nuevas-regulaciones-de-l,,,true,true,http://localhost:5050/images/PDF_news/2021/21_11_25_SUMINISTRO_ESG_ESP.pdf,,
37a69116-aad6-4f9c-bafc-e2b4d4fcd0a3,es,http://localhost:5050/news/privacidad-y-proteccion-de-datos-personales-nuevos-parametros-esg,200,correcto,1,Privacidad y protección de datos personales: nuevos parámetros ESG.,Privacidad y protección de datos personales: nuevos parámetros ESG. | Von Wobeser y Sierra,"Las últimas décadas han traído consigo un crecimiento y cambio acelerados en todos los sectores de la economía. Nuevas industrias, modelos de negocio y formas…",https://www.vonwobeser.com/news/privacidad-y-proteccion-de-datos-personales-nuevos-parametros-esg,es-MX:https://www.vonwobeser.com/news/privacidad-y-proteccion-de-datos-personales-nuevos-parametros-esg | en:https://www.vonwobeser.com/news/privacidad-y-proteccion-de-datos-personales-nuevos-parametros-esg?lang=en | x-default:https://www.vonwobeser.com/news/privacidad-y-proteccion-de-datos-personales-nuevos-parametros-esg,,,true,true,http://localhost:5050/images/PDF_news/2021/21_11_17_PRIVACIDAD_ESG_ESP.pdf,,
37a69116-aad6-4f9c-bafc-e2b4d4fcd0a3,en,http://localhost:5050/news/privacidad-y-proteccion-de-datos-personales-nuevos-parametros-esg?lang=en,200,correcto,1,Privacy and personal data protection: new ESG parameters.,Privacy and personal data protection: new ESG parameters. | Von Wobeser y Sierra,"The last few decades have brought accelerated growth and change across all sectors of the economy. New industries, business models, and forms of investment…",https://www.vonwobeser.com/news/privacidad-y-proteccion-de-datos-personales-nuevos-parametros-esg?lang=en,es-MX:https://www.vonwobeser.com/news/privacidad-y-proteccion-de-datos-personales-nuevos-parametros-esg | en:https://www.vonwobeser.com/news/privacidad-y-proteccion-de-datos-personales-nuevos-parametros-esg?lang=en | x-default:https://www.vonwobeser.com/news/privacidad-y-proteccion-de-datos-personales-nuevos-parametros-esg,,,true,true,http://localhost:5050/images/PDF_news/2021/21_11_17_PRIVACIDAD_ESG_ESP.pdf,,
391be58b-9ce9-4205-8c73-44d3a7893e18,es,http://localhost:5050/news/el-rol-del-arbitraje-en-disputas-esg,200,correcto,1,El rol del arbitraje en disputas ESG,El rol del arbitraje en disputas ESG | Von Wobeser y Sierra,"El artículo examina la creciente presencia de criterios ESG en disputas comerciales y de inversión. Explica cómo el cambio climático, los derechos humanos y la…",https://www.vonwobeser.com/news/el-rol-del-arbitraje-en-disputas-esg,es-MX:https://www.vonwobeser.com/news/el-rol-del-arbitraje-en-disputas-esg | en:https://www.vonwobeser.com/news/el-rol-del-arbitraje-en-disputas-esg?lang=en | x-default:https://www.vonwobeser.com/news/el-rol-del-arbitraje-en-disputas-esg,https://www.vonwobeser.com/images/PDF_news/2021/21_11_12_ARBITRAJE_ESG_ING.pdf,https://www.vonwobeser.com/images/PDF_news/2021/21_11_12_ARBITRAJE_ESG_ING.pdf,true,true,http://localhost:5050/images/PDF_news/2021/21_11_12_ARBITRAJE_ESG_ESP.pdf,,
391be58b-9ce9-4205-8c73-44d3a7893e18,en,http://localhost:5050/news/el-rol-del-arbitraje-en-disputas-esg?lang=en,200,correcto,1,The Role of Arbitration in ESG Disputes,The Role of Arbitration in ESG Disputes | Von Wobeser y Sierra,"The article examines the growing presence of ESG criteria in commercial and investment disputes. It explains how climate change, human rights and corporate…",https://www.vonwobeser.com/news/el-rol-del-arbitraje-en-disputas-esg?lang=en,es-MX:https://www.vonwobeser.com/news/el-rol-del-arbitraje-en-disputas-esg | en:https://www.vonwobeser.com/news/el-rol-del-arbitraje-en-disputas-esg?lang=en | x-default:https://www.vonwobeser.com/news/el-rol-del-arbitraje-en-disputas-esg,https://www.vonwobeser.com/images/PDF_news/2021/21_11_12_ARBITRAJE_ESG_ING.pdf,https://www.vonwobeser.com/images/PDF_news/2021/21_11_12_ARBITRAJE_ESG_ING.pdf,true,true,http://localhost:5050/images/PDF_news/2021/21_11_12_ARBITRAJE_ESG_ESP.pdf,,
b1b99ae9-7804-450f-ada9-ac42e3a74c8a,es,http://localhost:5050/news/sistema-de-comercio-de-emisiones-un-instrumento-para-impulsar-la-reduccion-de-em,200,correcto,1,Sistema de Comercio de Emisiones: un instrumento para impulsar la reducción de emisiones de gases de efecto invernadero,Sistema de Comercio de Emisiones: un instrumento para impulsar la reducción de emisiones de gases de efecto invernadero | Von Wobeser y Sierra,"En septiembre de 2016, México ratificó el Acuerdo de París comprometiéndose a reducir sus emisiones de gases de efecto invernadero (GEI) en un 22% para el 2030…",https://www.vonwobeser.com/news/sistema-de-comercio-de-emisiones-un-instrumento-para-impulsar-la-reduccion-de-em,es-MX:https://www.vonwobeser.com/news/sistema-de-comercio-de-emisiones-un-instrumento-para-impulsar-la-reduccion-de-em | en:https://www.vonwobeser.com/news/sistema-de-comercio-de-emisiones-un-instrumento-para-impulsar-la-reduccion-de-em?lang=en | x-default:https://www.vonwobeser.com/news/sistema-de-comercio-de-emisiones-un-instrumento-para-impulsar-la-reduccion-de-em,,,true,true,http://localhost:5050/images/PDF_news/2021/21_11_03_EMISIONES_ESG_ESP.pdf,,
b1b99ae9-7804-450f-ada9-ac42e3a74c8a,en,http://localhost:5050/news/sistema-de-comercio-de-emisiones-un-instrumento-para-impulsar-la-reduccion-de-em?lang=en,200,correcto,1,Emissions Trading System: An Instrument to Drive the Reduction of Greenhouse Gas Emissions,Emissions Trading System: An Instrument to Drive the Reduction of Greenhouse Gas Emissions | Von Wobeser y Sierra,"In September 2016, Mexico ratified the Paris Agreement, committing to reduce its greenhouse gas (GHG) emissions by 22% by 2030 relative to its baseline.…",https://www.vonwobeser.com/news/sistema-de-comercio-de-emisiones-un-instrumento-para-impulsar-la-reduccion-de-em?lang=en,es-MX:https://www.vonwobeser.com/news/sistema-de-comercio-de-emisiones-un-instrumento-para-impulsar-la-reduccion-de-em | en:https://www.vonwobeser.com/news/sistema-de-comercio-de-emisiones-un-instrumento-para-impulsar-la-reduccion-de-em?lang=en | x-default:https://www.vonwobeser.com/news/sistema-de-comercio-de-emisiones-un-instrumento-para-impulsar-la-reduccion-de-em,,,true,true,http://localhost:5050/images/PDF_news/2021/21_11_03_EMISIONES_ESG_ESP.pdf,,
16c8246c-7abe-4e87-b691-2eb6256e9f2f,es,http://localhost:5050/news/el-combate-a-la-corrupcion-una-responsabilidad-social-empresarial,200,correcto,1,El combate a la corrupción: una responsabilidad social empresarial,El combate a la corrupción: una responsabilidad social empresarial | Von Wobeser y Sierra,"La corrupción representa un problema sistémico global. Recientemente, la Suprema Corte de Justicia de la Nación (SCJN) ha reconocido formalmente que la…",https://www.vonwobeser.com/news/el-combate-a-la-corrupcion-una-responsabilidad-social-empresarial,es-MX:https://www.vonwobeser.com/news/el-combate-a-la-corrupcion-una-responsabilidad-social-empresarial | en:https://www.vonwobeser.com/news/el-combate-a-la-corrupcion-una-responsabilidad-social-empresarial?lang=en | x-default:https://www.vonwobeser.com/news/el-combate-a-la-corrupcion-una-responsabilidad-social-empresarial,,,true,true,http://localhost:5050/images/PDF_news/2021/21_10_26_ANTI_CORRUPTION_ESG_ESP.pdf,,
16c8246c-7abe-4e87-b691-2eb6256e9f2f,en,http://localhost:5050/news/el-combate-a-la-corrupcion-una-responsabilidad-social-empresarial?lang=en,200,correcto,1,The fight against corruption: a corporate social responsibility,The fight against corruption: a corporate social responsibility | Von Wobeser y Sierra,"Corruption represents a systemic global problem. Recently, the Supreme Court of Justice of the Nation (SCJN) has formally recognized that organized civil…",https://www.vonwobeser.com/news/el-combate-a-la-corrupcion-una-responsabilidad-social-empresarial?lang=en,es-MX:https://www.vonwobeser.com/news/el-combate-a-la-corrupcion-una-responsabilidad-social-empresarial | en:https://www.vonwobeser.com/news/el-combate-a-la-corrupcion-una-responsabilidad-social-empresarial?lang=en | x-default:https://www.vonwobeser.com/news/el-combate-a-la-corrupcion-una-responsabilidad-social-empresarial,,,true,true,http://localhost:5050/images/PDF_news/2021/21_10_26_ANTI_CORRUPTION_ESG_ESP.pdf,,
7a0dbb66-77c4-41ba-aeaa-3d959bee9ce8,es,http://localhost:5050/news/estres-burnout-y-otros-problemas-que-la-pandemia-y-el-trabajo-remoto-han-puesto-,200,correcto,1,"Estrés, burnout y otros problemas que la pandemia y el trabajo remoto han puesto en el reflector","Estrés, burnout y otros problemas que la pandemia y el trabajo remoto han puesto en el reflector | Von Wobeser y Sierra","Ha pasado más de un año desde que México, al igual que el resto del mundo, se vio inmerso en los estragos causados por la pandemia de COVID-19. Los sectores…",https://www.vonwobeser.com/news/estres-burnout-y-otros-problemas-que-la-pandemia-y-el-trabajo-remoto-han-puesto-,es-MX:https://www.vonwobeser.com/news/estres-burnout-y-otros-problemas-que-la-pandemia-y-el-trabajo-remoto-han-puesto- | en:https://www.vonwobeser.com/news/estres-burnout-y-otros-problemas-que-la-pandemia-y-el-trabajo-remoto-han-puesto-?lang=en | x-default:https://www.vonwobeser.com/news/estres-burnout-y-otros-problemas-que-la-pandemia-y-el-trabajo-remoto-han-puesto-,,,true,true,http://localhost:5050/images/PDF_news/2021/21_10_19_STRESS_ESG_ESP.pdf,,
7a0dbb66-77c4-41ba-aeaa-3d959bee9ce8,en,http://localhost:5050/news/estres-burnout-y-otros-problemas-que-la-pandemia-y-el-trabajo-remoto-han-puesto-?lang=en,200,correcto,1,"Stress, burnout and other problems that the pandemic and remote work have brought into the spotlight","Stress, burnout and other problems that the pandemic and remote work have brought into the spotlight | Von Wobeser y Sierra","More than a year has passed since Mexico, like the rest of the world, found itself immersed in the havoc caused by the COVID-19 pandemic. Our country’s…",https://www.vonwobeser.com/news/estres-burnout-y-otros-problemas-que-la-pandemia-y-el-trabajo-remoto-han-puesto-?lang=en,es-MX:https://www.vonwobeser.com/news/estres-burnout-y-otros-problemas-que-la-pandemia-y-el-trabajo-remoto-han-puesto- | en:https://www.vonwobeser.com/news/estres-burnout-y-otros-problemas-que-la-pandemia-y-el-trabajo-remoto-han-puesto-?lang=en | x-default:https://www.vonwobeser.com/news/estres-burnout-y-otros-problemas-que-la-pandemia-y-el-trabajo-remoto-han-puesto-,,,true,true,http://localhost:5050/images/PDF_news/2021/21_10_19_STRESS_ESG_ESP.pdf,,
722c7047-b361-4e55-86d1-7ae3cbc94a81,es,http://localhost:5050/news/regulacion-de-competencia-una-herramienta-poco-convencional-para-impulsar-las-in,200,correcto,1,Regulación de competencia: una herramienta poco convencional para impulsar las iniciativas ESG,Regulación de competencia: una herramienta poco convencional para impulsar las iniciativas ESG | Von Wobeser y Sierra,"Las iniciativas ESG surgen de la creciente consciencia sobre los desafíos económicos, ambientales y sociales más grandes y complejos que enfrentamos a nivel…",https://www.vonwobeser.com/news/regulacion-de-competencia-una-herramienta-poco-convencional-para-impulsar-las-in,es-MX:https://www.vonwobeser.com/news/regulacion-de-competencia-una-herramienta-poco-convencional-para-impulsar-las-in | en:https://www.vonwobeser.com/news/regulacion-de-competencia-una-herramienta-poco-convencional-para-impulsar-las-in?lang=en | x-default:https://www.vonwobeser.com/news/regulacion-de-competencia-una-herramienta-poco-convencional-para-impulsar-las-in,,,true,true,http://localhost:5050/images/PDF_news/2021/21_10_14_REGULACION_ESG_ESP.pdf,,
722c7047-b361-4e55-86d1-7ae3cbc94a81,en,http://localhost:5050/news/regulacion-de-competencia-una-herramienta-poco-convencional-para-impulsar-las-in?lang=en,200,correcto,1,Competition regulation: an unconventional tool to advance ESG initiatives,Competition regulation: an unconventional tool to advance ESG initiatives | Von Wobeser y Sierra,"ESG initiatives arise from the growing awareness of the larger and more complex economic, environmental and social challenges we face at a global level. The…",https://www.vonwobeser.com/news/regulacion-de-competencia-una-herramienta-poco-convencional-para-impulsar-las-in?lang=en,es-MX:https://www.vonwobeser.com/news/regulacion-de-competencia-una-herramienta-poco-convencional-para-impulsar-las-in | en:https://www.vonwobeser.com/news/regulacion-de-competencia-una-herramienta-poco-convencional-para-impulsar-las-in?lang=en | x-default:https://www.vonwobeser.com/news/regulacion-de-competencia-una-herramienta-poco-convencional-para-impulsar-las-in,,,true,true,http://localhost:5050/images/PDF_news/2021/21_10_14_REGULACION_ESG_ESP.pdf,,
70a6241f-048c-45e1-b058-1a7bfb1b902f,es,http://localhost:5050/news/esg-en-la-industria-minera-mexicana-primera-parte,200,correcto,1,ESG en la Industria Minera Mexicana Primera Parte,ESG en la Industria Minera Mexicana Primera Parte | Von Wobeser y Sierra,La primera parte introduce la evolución de los criterios ESG y su relevancia para la industria minera. Expone por qué las empresas deben integrar factores…,https://www.vonwobeser.com/news/esg-en-la-industria-minera-mexicana-primera-parte,es-MX:https://www.vonwobeser.com/news/esg-en-la-industria-minera-mexicana-primera-parte | en:https://www.vonwobeser.com/news/esg-en-la-industria-minera-mexicana-primera-parte?lang=en | x-default:https://www.vonwobeser.com/news/esg-en-la-industria-minera-mexicana-primera-parte,https://www.vonwobeser.com/images/PDF_news/2021/21_10_12_MINERIA_ESG_ING.pdf,https://www.vonwobeser.com/images/PDF_news/2021/21_10_12_MINERIA_ESG_ING.pdf,true,true,http://localhost:5050/images/PDF_news/2021/21_10_12_MINERIA_ESG_ESP.pdf,,
70a6241f-048c-45e1-b058-1a7bfb1b902f,en,http://localhost:5050/news/esg-en-la-industria-minera-mexicana-primera-parte?lang=en,200,correcto,1,ESG in the Mexican Mining Industry Part One,ESG in the Mexican Mining Industry Part One | Von Wobeser y Sierra,Part one introduces the evolution of ESG criteria and their relevance to the mining industry. It explains why companies must integrate environmental and social…,https://www.vonwobeser.com/news/esg-en-la-industria-minera-mexicana-primera-parte?lang=en,es-MX:https://www.vonwobeser.com/news/esg-en-la-industria-minera-mexicana-primera-parte | en:https://www.vonwobeser.com/news/esg-en-la-industria-minera-mexicana-primera-parte?lang=en | x-default:https://www.vonwobeser.com/news/esg-en-la-industria-minera-mexicana-primera-parte,https://www.vonwobeser.com/images/PDF_news/2021/21_10_12_MINERIA_ESG_ING.pdf,https://www.vonwobeser.com/images/PDF_news/2021/21_10_12_MINERIA_ESG_ING.pdf,true,true,http://localhost:5050/images/PDF_news/2021/21_10_12_MINERIA_ESG_ESP.pdf,,
bc778088-7cc0-4118-8780-2e2067fd5d0c,es,http://localhost:5050/news/implicaciones-de-esg-para-gobierno-corporativo,200,correcto,1,Implicaciones de ESG para gobierno corporativo,Implicaciones de ESG para gobierno corporativo | Von Wobeser y Sierra,"En el sector financiero internacional, durante los últimos años, se ha acentuado la tendencia por parte de los inversionistas, desde los grandes fondos de…",https://www.vonwobeser.com/news/implicaciones-de-esg-para-gobierno-corporativo,es-MX:https://www.vonwobeser.com/news/implicaciones-de-esg-para-gobierno-corporativo | en:https://www.vonwobeser.com/news/implicaciones-de-esg-para-gobierno-corporativo?lang=en | x-default:https://www.vonwobeser.com/news/implicaciones-de-esg-para-gobierno-corporativo,,,true,true,http://localhost:5050/images/PDF_news/2021/21_10_08_IMPLICACIONES_ESG_ESP.pdf,,
bc778088-7cc0-4118-8780-2e2067fd5d0c,en,http://localhost:5050/news/implicaciones-de-esg-para-gobierno-corporativo?lang=en,200,correcto,1,Implications of ESG for Corporate Governance,Implications of ESG for Corporate Governance | Von Wobeser y Sierra,"In the international financial sector, over the past few years, the tendency has intensified among investors, from large investment funds to individual…",https://www.vonwobeser.com/news/implicaciones-de-esg-para-gobierno-corporativo?lang=en,es-MX:https://www.vonwobeser.com/news/implicaciones-de-esg-para-gobierno-corporativo | en:https://www.vonwobeser.com/news/implicaciones-de-esg-para-gobierno-corporativo?lang=en | x-default:https://www.vonwobeser.com/news/implicaciones-de-esg-para-gobierno-corporativo,,,true,true,http://localhost:5050/images/PDF_news/2021/21_10_08_IMPLICACIONES_ESG_ESP.pdf,,
2e20d19c-2537-4902-8093-b4020bf35db6,es,http://localhost:5050/news/fernando-carreno-gcr-insight-la-guia-de-litigio-privado-en-mexico,200,correcto,1,Fernando Carreño: GCR Insight - La Guía de Litigio Privado en México,Fernando Carreño: GCR Insight - La Guía de Litigio Privado en México | Von Wobeser y Sierra,Nuestro socio Fernando Carreño ofrece su opinión sobre los estatutos mexicanos y sus reglamentos en La Guía de Litigio Privado en México.,https://www.vonwobeser.com/news/fernando-carreno-gcr-insight-la-guia-de-litigio-privado-en-mexico,es-MX:https://www.vonwobeser.com/news/fernando-carreno-gcr-insight-la-guia-de-litigio-privado-en-mexico | en:https://www.vonwobeser.com/news/fernando-carreno-gcr-insight-la-guia-de-litigio-privado-en-mexico?lang=en | x-default:https://www.vonwobeser.com/news/fernando-carreno-gcr-insight-la-guia-de-litigio-privado-en-mexico,,,true,true,http://localhost:5050/images/PDF_news/2021/20-Mexico-Overview.pdf,,
2e20d19c-2537-4902-8093-b4020bf35db6,en,http://localhost:5050/news/fernando-carreno-gcr-insight-la-guia-de-litigio-privado-en-mexico?lang=en,200,correcto,1,Fernando Carreño: GCR Insight - The Private Litigation Guide Mexico,Fernando Carreño: GCR Insight - The Private Litigation Guide Mexico | Von Wobeser y Sierra,Our partner Fernando Carreño offers his views on Mexican statutes and their regulations in The Private Litigation Guide Mexico.,https://www.vonwobeser.com/news/fernando-carreno-gcr-insight-la-guia-de-litigio-privado-en-mexico?lang=en,es-MX:https://www.vonwobeser.com/news/fernando-carreno-gcr-insight-la-guia-de-litigio-privado-en-mexico | en:https://www.vonwobeser.com/news/fernando-carreno-gcr-insight-la-guia-de-litigio-privado-en-mexico?lang=en | x-default:https://www.vonwobeser.com/news/fernando-carreno-gcr-insight-la-guia-de-litigio-privado-en-mexico,,,true,true,http://localhost:5050/images/PDF_news/2021/20-Mexico-Overview.pdf,,
e29beee6-60e0-4585-b11b-aa08636f4e60,es,http://localhost:5050/news/fernando-carreno-gcr-insight-la-guia-de-litigio-privado-en-mexico-preguntas-y-re,200,correcto,1,"Fernando Carreño: GCR Insight - La Guía de Litigio Privado en México, Preguntas y Respuestas","Fernando Carreño: GCR Insight - La Guía de Litigio Privado en México, Preguntas y Respuestas | Von Wobeser y Sierra","Nuestro socio Fernando Carreño, ofrece su punto de vista sobre México en La Guía de Litigio Privado en México, Preguntas y Respuestas.",https://www.vonwobeser.com/news/fernando-carreno-gcr-insight-la-guia-de-litigio-privado-en-mexico-preguntas-y-re,es-MX:https://www.vonwobeser.com/news/fernando-carreno-gcr-insight-la-guia-de-litigio-privado-en-mexico-preguntas-y-re | en:https://www.vonwobeser.com/news/fernando-carreno-gcr-insight-la-guia-de-litigio-privado-en-mexico-preguntas-y-re?lang=en | x-default:https://www.vonwobeser.com/news/fernando-carreno-gcr-insight-la-guia-de-litigio-privado-en-mexico-preguntas-y-re,,,true,true,http://localhost:5050/images/PDF_news/2021/25-Mexico-QA.pdf,,
e29beee6-60e0-4585-b11b-aa08636f4e60,en,http://localhost:5050/news/fernando-carreno-gcr-insight-la-guia-de-litigio-privado-en-mexico-preguntas-y-re?lang=en,200,correcto,1,"Fernando Carreño: GCR Insight - The Private Litigation Guide Mexico, Q&A","Fernando Carreño: GCR Insight - The Private Litigation Guide Mexico, Q&A | Von Wobeser y Sierra","Our partner Fernando Carreño offers his views on Mexico in The Private Litigation Guide Mexico, Q&A.",https://www.vonwobeser.com/news/fernando-carreno-gcr-insight-la-guia-de-litigio-privado-en-mexico-preguntas-y-re?lang=en,es-MX:https://www.vonwobeser.com/news/fernando-carreno-gcr-insight-la-guia-de-litigio-privado-en-mexico-preguntas-y-re | en:https://www.vonwobeser.com/news/fernando-carreno-gcr-insight-la-guia-de-litigio-privado-en-mexico-preguntas-y-re?lang=en | x-default:https://www.vonwobeser.com/news/fernando-carreno-gcr-insight-la-guia-de-litigio-privado-en-mexico-preguntas-y-re,,,true,true,http://localhost:5050/images/PDF_news/2021/25-Mexico-QA.pdf,,
3b2c0a08-904f-4d48-846b-516bb5a41975,es,http://localhost:5050/news/luis-burgueno-alberto-cordoba-marisol-marquez-y-elias-jalife-latin-lawyer-insigh,200,correcto,1,"Luis Burgueño, Alberto Córdoba, Marisol Márquez y Elías Jalife: Latin Lawyer Insight - La Guía de Fusiones y Adquisiciones, Primera Edición","Luis Burgueño, Alberto Córdoba, Marisol Márquez y Elías Jalife: Latin Lawyer Insight - La Guía de Fusiones y Adquisiciones, Primera Edición | Von Wobeser y Sierra","Nuestros socios Luis Burgueño y Alberto Córdoba y asociados Marisol Márquez y Elías Jalife, ofrecen sus perspectivas sobre las fianzas de indemnización y otras…",https://www.vonwobeser.com/news/luis-burgueno-alberto-cordoba-marisol-marquez-y-elias-jalife-latin-lawyer-insigh,es-MX:https://www.vonwobeser.com/news/luis-burgueno-alberto-cordoba-marisol-marquez-y-elias-jalife-latin-lawyer-insigh | en:https://www.vonwobeser.com/news/luis-burgueno-alberto-cordoba-marisol-marquez-y-elias-jalife-latin-lawyer-insigh?lang=en | x-default:https://www.vonwobeser.com/news/luis-burgueno-alberto-cordoba-marisol-marquez-y-elias-jalife-latin-lawyer-insigh,,,true,true,http://localhost:5050/images/PDF_news/2021/14-_-Indemnity-Escrows-and--Other-Payment-Guarantees.pdf,,
3b2c0a08-904f-4d48-846b-516bb5a41975,en,http://localhost:5050/news/luis-burgueno-alberto-cordoba-marisol-marquez-y-elias-jalife-latin-lawyer-insigh?lang=en,200,correcto,1,"Luis Burgueño, Alberto Córdoba, Marisol Márquez and Elías Jalife: Latin Lawyer Insight - The Guide to Mergers and Acquisitions, First Edition","Luis Burgueño, Alberto Córdoba, Marisol Márquez and Elías Jalife: Latin Lawyer Insight - The Guide to Mergers and Acquisitions, First Edition | Von Wobeser y Sierra",Our partners Luis Burgueño and Alberto Córdoba and associates Marisol Márquez and Elías Jalife offer their insights on indemnity escrows and other payment…,https://www.vonwobeser.com/news/luis-burgueno-alberto-cordoba-marisol-marquez-y-elias-jalife-latin-lawyer-insigh?lang=en,es-MX:https://www.vonwobeser.com/news/luis-burgueno-alberto-cordoba-marisol-marquez-y-elias-jalife-latin-lawyer-insigh | en:https://www.vonwobeser.com/news/luis-burgueno-alberto-cordoba-marisol-marquez-y-elias-jalife-latin-lawyer-insigh?lang=en | x-default:https://www.vonwobeser.com/news/luis-burgueno-alberto-cordoba-marisol-marquez-y-elias-jalife-latin-lawyer-insigh,,,true,true,http://localhost:5050/images/PDF_news/2021/14-_-Indemnity-Escrows-and--Other-Payment-Guarantees.pdf,,
267aa63a-5bf5-4881-bd68-5348e17001be,es,http://localhost:5050/news/adrian-magallanes-y-diego-sierra-chambers-global-guia-practica-de-litigio-2021,200,correcto,1,"Adrián Magallanes y Diego Sierra: Chambers Global, Guía Práctica de Litigio 2021","Adrián Magallanes y Diego Sierra: Chambers Global, Guía Práctica de Litigio 2021 | Von Wobeser y Sierra","Nuestros socios, Adrián Magallanes y Diego Sierra, ofrecen su visión sobre los litigios en México en Chambers Global, Guía Práctica de Litigio 2021.",https://www.vonwobeser.com/news/adrian-magallanes-y-diego-sierra-chambers-global-guia-practica-de-litigio-2021,es-MX:https://www.vonwobeser.com/news/adrian-magallanes-y-diego-sierra-chambers-global-guia-practica-de-litigio-2021 | en:https://www.vonwobeser.com/news/adrian-magallanes-y-diego-sierra-chambers-global-guia-practica-de-litigio-2021?lang=en | x-default:https://www.vonwobeser.com/news/adrian-magallanes-y-diego-sierra-chambers-global-guia-practica-de-litigio-2021,,,true,true,http://localhost:5050/images/PDF_news/2021/035_MEXICO-LP.pdf,,
267aa63a-5bf5-4881-bd68-5348e17001be,en,http://localhost:5050/news/adrian-magallanes-y-diego-sierra-chambers-global-guia-practica-de-litigio-2021?lang=en,200,correcto,1,"Adrián Magallanes and Diego Sierra: Chambers Global, Practice Guides Litigation 2021","Adrián Magallanes and Diego Sierra: Chambers Global, Practice Guides Litigation 2021 | Von Wobeser y Sierra","Our partners, Adrián Magallanes and Diego Sierra, offer their insights on litigation in Mexico in Chambers Global, Practice Guides Litigation 2021.",https://www.vonwobeser.com/news/adrian-magallanes-y-diego-sierra-chambers-global-guia-practica-de-litigio-2021?lang=en,es-MX:https://www.vonwobeser.com/news/adrian-magallanes-y-diego-sierra-chambers-global-guia-practica-de-litigio-2021 | en:https://www.vonwobeser.com/news/adrian-magallanes-y-diego-sierra-chambers-global-guia-practica-de-litigio-2021?lang=en | x-default:https://www.vonwobeser.com/news/adrian-magallanes-y-diego-sierra-chambers-global-guia-practica-de-litigio-2021,,,true,true,http://localhost:5050/images/PDF_news/2021/035_MEXICO-LP.pdf,,
f72097b6-257a-425e-aad9-1ca4e553b45e,es,http://localhost:5050/news/adrian-magallanes-rodrigo-barradas-iba-los-tiempos-que-se-avecinan-para-los-inve,200,correcto,1,Adrián Magallanes & Rodrigo Barradas: IBA - Los tiempos que se avecinan para los inversores privados en el sector de energía renovable en México,Adrián Magallanes & Rodrigo Barradas: IBA - Los tiempos que se avecinan para los inversores privados en el sector de energía renovable en México | Von Wobeser y Sierra,"Nuestro socio, Adrián Magallanes y nuestro asociado, Rodrigo Barradas dan su opinión en IBA, sobre ""La próxima ola de casos de ISDS que podría ser 'impulsada'…",https://www.vonwobeser.com/news/adrian-magallanes-rodrigo-barradas-iba-los-tiempos-que-se-avecinan-para-los-inve,es-MX:https://www.vonwobeser.com/news/adrian-magallanes-rodrigo-barradas-iba-los-tiempos-que-se-avecinan-para-los-inve | en:https://www.vonwobeser.com/news/adrian-magallanes-rodrigo-barradas-iba-los-tiempos-que-se-avecinan-para-los-inve?lang=en | x-default:https://www.vonwobeser.com/news/adrian-magallanes-rodrigo-barradas-iba-los-tiempos-que-se-avecinan-para-los-inve,,,true,true,http://localhost:5050/images/PDF_news/2020_2/IBA---The-next-wave-of-ISDS-ca-ses-could-be-powered-by-recent-policy-changes-in-the-renewable-energy-sector-in-Mexico.pdf,,
f72097b6-257a-425e-aad9-1ca4e553b45e,en,http://localhost:5050/news/adrian-magallanes-rodrigo-barradas-iba-los-tiempos-que-se-avecinan-para-los-inve?lang=en,200,correcto,1,Adrián Magallanes & Rodrigo Barradas: IBA - The times ahead for private investors in the renewable energy sector in Mexico,Adrián Magallanes & Rodrigo Barradas: IBA - The times ahead for private investors in the renewable energy sector in Mexico | Von Wobeser y Sierra,"Our Partner, Adrián Magallanes, and our Associate, Rodrigo Barradas, share their views in the IBA on “The next wave of ISDS cases could be ‘powered’ by recent…",https://www.vonwobeser.com/news/adrian-magallanes-rodrigo-barradas-iba-los-tiempos-que-se-avecinan-para-los-inve?lang=en,es-MX:https://www.vonwobeser.com/news/adrian-magallanes-rodrigo-barradas-iba-los-tiempos-que-se-avecinan-para-los-inve | en:https://www.vonwobeser.com/news/adrian-magallanes-rodrigo-barradas-iba-los-tiempos-que-se-avecinan-para-los-inve?lang=en | x-default:https://www.vonwobeser.com/news/adrian-magallanes-rodrigo-barradas-iba-los-tiempos-que-se-avecinan-para-los-inve,,,true,true,http://localhost:5050/images/PDF_news/2020_2/IBA---The-next-wave-of-ISDS-ca-ses-could-be-powered-by-recent-policy-changes-in-the-renewable-energy-sector-in-Mexico.pdf,,
4ef8dff1-6dec-4023-b3b0-2918235d88f2,es,http://localhost:5050/news/luis-burgueno-santiago-barraza-lexology-gtdt-capital-privado-inteligencia-de-mer,200,correcto,1,Luis Burgueño & Santiago Barraza Lexology GTDT: Capital Privado - Inteligencia de Mercado,Luis Burgueño & Santiago Barraza Lexology GTDT: Capital Privado - Inteligencia de Mercado | Von Wobeser y Sierra,"Nuestro socio, Luis Burgueño y nuestro asociado, Santiago Barraza dan su contribución a Lexology GTDT: Market intelligence, discutiendo sobre ""compras e…",https://www.vonwobeser.com/news/luis-burgueno-santiago-barraza-lexology-gtdt-capital-privado-inteligencia-de-mer,es-MX:https://www.vonwobeser.com/news/luis-burgueno-santiago-barraza-lexology-gtdt-capital-privado-inteligencia-de-mer | en:https://www.vonwobeser.com/news/luis-burgueno-santiago-barraza-lexology-gtdt-capital-privado-inteligencia-de-mer?lang=en | x-default:https://www.vonwobeser.com/news/luis-burgueno-santiago-barraza-lexology-gtdt-capital-privado-inteligencia-de-mer,,,true,true,http://localhost:5050/images/PDF_news/2020_2/2020_MI-Private-Equity_Mexico.pdf,,
4ef8dff1-6dec-4023-b3b0-2918235d88f2,en,http://localhost:5050/news/luis-burgueno-santiago-barraza-lexology-gtdt-capital-privado-inteligencia-de-mer?lang=en,200,correcto,1,Luis Burgueño & Santiago Barraza Lexology GTDT: Private Equity - Market Intelligence,Luis Burgueño & Santiago Barraza Lexology GTDT: Private Equity - Market Intelligence | Von Wobeser y Sierra,"Our Partner, Luis Burgueño, and our Associate, Santiago Barraza, provide their contributions to Lexology GTDT: Market intelligence, discussing “private equity…",https://www.vonwobeser.com/news/luis-burgueno-santiago-barraza-lexology-gtdt-capital-privado-inteligencia-de-mer?lang=en,es-MX:https://www.vonwobeser.com/news/luis-burgueno-santiago-barraza-lexology-gtdt-capital-privado-inteligencia-de-mer | en:https://www.vonwobeser.com/news/luis-burgueno-santiago-barraza-lexology-gtdt-capital-privado-inteligencia-de-mer?lang=en | x-default:https://www.vonwobeser.com/news/luis-burgueno-santiago-barraza-lexology-gtdt-capital-privado-inteligencia-de-mer,,,true,true,http://localhost:5050/images/PDF_news/2020_2/2020_MI-Private-Equity_Mexico.pdf,,
08334fb7-627f-4f05-95fa-06ade51babdf,es,http://localhost:5050/news/adrian-magallanes-diego-sierra-latin-lawyer-litigation-2020-referencia-mexico,200,correcto,1,"Adrián Magallanes & Diego Sierra - Latin Lawyer: Litigation 2020, Referencia México","Adrián Magallanes & Diego Sierra - Latin Lawyer: Litigation 2020, Referencia México | Von Wobeser y Sierra",Nuestros socios Adrián Magallanes y Diego Sierra describen el escenario actual del Litigio en México.,https://www.vonwobeser.com/news/adrian-magallanes-diego-sierra-latin-lawyer-litigation-2020-referencia-mexico,es-MX:https://www.vonwobeser.com/news/adrian-magallanes-diego-sierra-latin-lawyer-litigation-2020-referencia-mexico | en:https://www.vonwobeser.com/news/adrian-magallanes-diego-sierra-latin-lawyer-litigation-2020-referencia-mexico?lang=en | x-default:https://www.vonwobeser.com/news/adrian-magallanes-diego-sierra-latin-lawyer-litigation-2020-referencia-mexico,,,true,true,http://localhost:5050/images/PDF_news/2020_2/LL_Litigation-2021_MX.pdf,,
08334fb7-627f-4f05-95fa-06ade51babdf,en,http://localhost:5050/news/adrian-magallanes-diego-sierra-latin-lawyer-litigation-2020-referencia-mexico?lang=en,200,correcto,1,"Adrián Magallanes & Diego Sierra - Latin Lawyer: Litigation 2020, Mexico Reference","Adrián Magallanes & Diego Sierra - Latin Lawyer: Litigation 2020, Mexico Reference | Von Wobeser y Sierra",Our Partners Adrián Magallanes and Diego Sierra outline the current landscape of Litigation in Mexico.,https://www.vonwobeser.com/news/adrian-magallanes-diego-sierra-latin-lawyer-litigation-2020-referencia-mexico?lang=en,es-MX:https://www.vonwobeser.com/news/adrian-magallanes-diego-sierra-latin-lawyer-litigation-2020-referencia-mexico | en:https://www.vonwobeser.com/news/adrian-magallanes-diego-sierra-latin-lawyer-litigation-2020-referencia-mexico?lang=en | x-default:https://www.vonwobeser.com/news/adrian-magallanes-diego-sierra-latin-lawyer-litigation-2020-referencia-mexico,,,true,true,http://localhost:5050/images/PDF_news/2020_2/LL_Litigation-2021_MX.pdf,,
0a6de07f-2621-40df-9d8c-65545b6ec41c,es,http://localhost:5050/news/barra-internacional-de-abogados-la-respuesta-de-mexico-a-la-insolvencia-del-covi,200,correcto,1,"Barra Internacional de Abogados, la respuesta de México a la insolvencia del Covid-19","Barra Internacional de Abogados, la respuesta de México a la insolvencia del Covid-19 | Von Wobeser y Sierra","Nuestro Socio, Diego Sierra y nuestro Asociado, Alejandro González dan su opinión sobre las olas de insolvencias que podrían golpear a México como consecuencia…",https://www.vonwobeser.com/news/barra-internacional-de-abogados-la-respuesta-de-mexico-a-la-insolvencia-del-covi,es-MX:https://www.vonwobeser.com/news/barra-internacional-de-abogados-la-respuesta-de-mexico-a-la-insolvencia-del-covi | en:https://www.vonwobeser.com/news/barra-internacional-de-abogados-la-respuesta-de-mexico-a-la-insolvencia-del-covi?lang=en | x-default:https://www.vonwobeser.com/news/barra-internacional-de-abogados-la-respuesta-de-mexico-a-la-insolvencia-del-covi,,,true,true,http://localhost:5050/images/PDF_news/2020_2/IRInov2020edit.pdf,,
0a6de07f-2621-40df-9d8c-65545b6ec41c,en,http://localhost:5050/news/barra-internacional-de-abogados-la-respuesta-de-mexico-a-la-insolvencia-del-covi?lang=en,200,correcto,1,"International Bar Association, Mexico's insolvency response to Covid-19","International Bar Association, Mexico's insolvency response to Covid-19 | Von Wobeser y Sierra","Our Partner, Diego Sierra, and our Associate, Alejandro González, share their insights on the waves of insolvency that could hit Mexico as a consequence of the…",https://www.vonwobeser.com/news/barra-internacional-de-abogados-la-respuesta-de-mexico-a-la-insolvencia-del-covi?lang=en,es-MX:https://www.vonwobeser.com/news/barra-internacional-de-abogados-la-respuesta-de-mexico-a-la-insolvencia-del-covi | en:https://www.vonwobeser.com/news/barra-internacional-de-abogados-la-respuesta-de-mexico-a-la-insolvencia-del-covi?lang=en | x-default:https://www.vonwobeser.com/news/barra-internacional-de-abogados-la-respuesta-de-mexico-a-la-insolvencia-del-covi,,,true,true,http://localhost:5050/images/PDF_news/2020_2/IRInov2020edit.pdf,,
dc7539e9-a2f4-4053-8a42-546fda9cc3f5,es,http://localhost:5050/news/gar-know-how-arbitraje-comercial-2020,200,correcto,1,GAR Know How - Arbitraje Comercial 2020,GAR Know How - Arbitraje Comercial 2020 | Von Wobeser y Sierra,"Nuestros socios, Claus von Wobeser y Montserrat Manzano, dan su opinión contribuyendo a GAR Know How - Arbitraje de Tratados de Inversión.",https://www.vonwobeser.com/news/gar-know-how-arbitraje-comercial-2020,es-MX:https://www.vonwobeser.com/news/gar-know-how-arbitraje-comercial-2020 | en:https://www.vonwobeser.com/news/gar-know-how-arbitraje-comercial-2020?lang=en | x-default:https://www.vonwobeser.com/news/gar-know-how-arbitraje-comercial-2020,,,true,true,http://localhost:5050/images/PDF_news/2020_2/ITA-2020---Mexico.pdf,,
dc7539e9-a2f4-4053-8a42-546fda9cc3f5,en,http://localhost:5050/news/gar-know-how-arbitraje-comercial-2020?lang=en,200,correcto,1,GAR Know How - Commercial Arbitration 2020,GAR Know How - Commercial Arbitration 2020 | Von Wobeser y Sierra,"Our partners, Claus von Wobeser and Montserrat Manzano, share their insights contributing to GAR Know How - Investment Treaty Arbitration.",https://www.vonwobeser.com/news/gar-know-how-arbitraje-comercial-2020?lang=en,es-MX:https://www.vonwobeser.com/news/gar-know-how-arbitraje-comercial-2020 | en:https://www.vonwobeser.com/news/gar-know-how-arbitraje-comercial-2020?lang=en | x-default:https://www.vonwobeser.com/news/gar-know-how-arbitraje-comercial-2020,,,true,true,http://localhost:5050/images/PDF_news/2020_2/ITA-2020---Mexico.pdf,,
9e7bfa12-3f0e-44a1-9bc8-e941662f3bde,es,http://localhost:5050/news/gar-know-how-commercial-arbitration-2020-3,200,correcto,1,GAR Know How Commercial Arbitration 2020,GAR Know How Commercial Arbitration 2020 | Von Wobeser y Sierra,"Nuestros Socios, Claus von Wobeser, Adrián Magallanes y Montserrat Manzano, dan su opinión en el Global Arbitration Review sobre el arbitraje comercial en…",https://www.vonwobeser.com/news/gar-know-how-commercial-arbitration-2020-3,es-MX:https://www.vonwobeser.com/news/gar-know-how-commercial-arbitration-2020-3 | en:https://www.vonwobeser.com/news/gar-know-how-commercial-arbitration-2020-3?lang=en | x-default:https://www.vonwobeser.com/news/gar-know-how-commercial-arbitration-2020-3,,,true,true,http://localhost:5050/images/PDF_news/2020_2/GAR_Commercial-Arbitration_2020_MX.pdf,,
9e7bfa12-3f0e-44a1-9bc8-e941662f3bde,en,http://localhost:5050/news/gar-know-how-commercial-arbitration-2020-3?lang=en,200,correcto,1,GAR Know How Commercial Arbitration 2020,GAR Know How Commercial Arbitration 2020 | Von Wobeser y Sierra,"Our Partners, Claus von Wobeser, Adrián Magallanes and Montserrat Manzano, share their insights in the Global Arbitration Review on commercial arbitration in…",https://www.vonwobeser.com/news/gar-know-how-commercial-arbitration-2020-3?lang=en,es-MX:https://www.vonwobeser.com/news/gar-know-how-commercial-arbitration-2020-3 | en:https://www.vonwobeser.com/news/gar-know-how-commercial-arbitration-2020-3?lang=en | x-default:https://www.vonwobeser.com/news/gar-know-how-commercial-arbitration-2020-3,,,true,true,http://localhost:5050/images/PDF_news/2020_2/GAR_Commercial-Arbitration_2020_MX.pdf,,
cc6076d4-9bce-44d8-a8bb-f6615542410c,es,http://localhost:5050/news/latin-lawyer-insights-la-guia-de-cumplimiento-corporativo-como-realizar-investig,200,correcto,1,"Latin Lawyer Insights, La Guía de Cumplimiento Corporativo, Cómo realizar investigaciones internas de presuntas infracciones","Latin Lawyer Insights, La Guía de Cumplimiento Corporativo, Cómo realizar investigaciones internas de presuntas infracciones | Von Wobeser y Sierra","Nuestros socios, Adrián Magallanes y Diego Sierra contribuyeron a Latin Lawyer Insights en el Capítulo 8, La Guía de Cumplimiento Corporativo: Cómo realizar…",https://www.vonwobeser.com/news/latin-lawyer-insights-la-guia-de-cumplimiento-corporativo-como-realizar-investig,es-MX:https://www.vonwobeser.com/news/latin-lawyer-insights-la-guia-de-cumplimiento-corporativo-como-realizar-investig | en:https://www.vonwobeser.com/news/latin-lawyer-insights-la-guia-de-cumplimiento-corporativo-como-realizar-investig?lang=en | x-default:https://www.vonwobeser.com/news/latin-lawyer-insights-la-guia-de-cumplimiento-corporativo-como-realizar-investig,,,true,true,http://localhost:5050/images/PDF/2020/8-How-to-Conduct-Internal-Investigations_v2020.pdf,,
cc6076d4-9bce-44d8-a8bb-f6615542410c,en,http://localhost:5050/news/latin-lawyer-insights-la-guia-de-cumplimiento-corporativo-como-realizar-investig?lang=en,200,correcto,1,"Latin Lawyer Insights, The Guide to Corporate Compliance, How to Conduct Internal Investigations of Alleged Wrongdoing","Latin Lawyer Insights, The Guide to Corporate Compliance, How to Conduct Internal Investigations of Alleged Wrongdoing | Von Wobeser y Sierra","Our partners, Adrián Magallanes and Diego Sierra, contributed to Latin Lawyer Insights in Chapter 8, The Guide to Corporate Compliance: How to Conduct Internal…",https://www.vonwobeser.com/news/latin-lawyer-insights-la-guia-de-cumplimiento-corporativo-como-realizar-investig?lang=en,es-MX:https://www.vonwobeser.com/news/latin-lawyer-insights-la-guia-de-cumplimiento-corporativo-como-realizar-investig | en:https://www.vonwobeser.com/news/latin-lawyer-insights-la-guia-de-cumplimiento-corporativo-como-realizar-investig?lang=en | x-default:https://www.vonwobeser.com/news/latin-lawyer-insights-la-guia-de-cumplimiento-corporativo-como-realizar-investig,,,true,true,http://localhost:5050/images/PDF/2020/8-How-to-Conduct-Internal-Investigations_v2020.pdf,,
c916d9f3-5029-449d-afdc-95af43e1041e,es,http://localhost:5050/news/consecuencias-juridicas-para-el-sector-energetico-mexicano-debido-a-covid-19,200,correcto,1,Consecuencias Jurídicas para el Sector Energético Mexicano Debido a COVID-19,Consecuencias Jurídicas para el Sector Energético Mexicano Debido a COVID-19 | Von Wobeser y Sierra,"Nuestro Principal Socio de nuestra Práctica de Energía, Edmond Grieger contribuyó a la edición especial de American Bar Association, Impacto legal de COVID-19…",https://www.vonwobeser.com/news/consecuencias-juridicas-para-el-sector-energetico-mexicano-debido-a-covid-19,es-MX:https://www.vonwobeser.com/news/consecuencias-juridicas-para-el-sector-energetico-mexicano-debido-a-covid-19 | en:https://www.vonwobeser.com/news/consecuencias-juridicas-para-el-sector-energetico-mexicano-debido-a-covid-19?lang=en | x-default:https://www.vonwobeser.com/news/consecuencias-juridicas-para-el-sector-energetico-mexicano-debido-a-covid-19,,,true,true,http://localhost:5050/images/PDF/2020/202005_ABA_Issue57vf_EG.pdf,,
c916d9f3-5029-449d-afdc-95af43e1041e,en,http://localhost:5050/news/consecuencias-juridicas-para-el-sector-energetico-mexicano-debido-a-covid-19?lang=en,200,correcto,1,Legal Consequences for the Mexican Energy Sector Due to COVID-19,Legal Consequences for the Mexican Energy Sector Due to COVID-19 | Von Wobeser y Sierra,"Our Head Partner of our Energy Practice, Edmond Grieger, contributed to the American Bar Association's special edition, Legal Impact of COVID-19 in Mexico,…",https://www.vonwobeser.com/news/consecuencias-juridicas-para-el-sector-energetico-mexicano-debido-a-covid-19?lang=en,es-MX:https://www.vonwobeser.com/news/consecuencias-juridicas-para-el-sector-energetico-mexicano-debido-a-covid-19 | en:https://www.vonwobeser.com/news/consecuencias-juridicas-para-el-sector-energetico-mexicano-debido-a-covid-19?lang=en | x-default:https://www.vonwobeser.com/news/consecuencias-juridicas-para-el-sector-energetico-mexicano-debido-a-covid-19,,,true,true,http://localhost:5050/images/PDF/2020/202005_ABA_Issue57vf_EG.pdf,,
d58d8e7f-dae6-4250-a04f-6590ec037caf,es,http://localhost:5050/news/gar-investment-treaty-arbitration-mexico-2,200,correcto,1,GAR Investment Treaty Arbitration - Mexico,GAR Investment Treaty Arbitration - Mexico | Von Wobeser y Sierra,"Nuestros Socios, Claus von Wobeser y Montserrat Manzano, dan su opinión en relación a inversión de arbitraje en GAR Investment Treaty Arbitration - México.",https://www.vonwobeser.com/news/gar-investment-treaty-arbitration-mexico-2,es-MX:https://www.vonwobeser.com/news/gar-investment-treaty-arbitration-mexico-2 | en:https://www.vonwobeser.com/news/gar-investment-treaty-arbitration-mexico-2?lang=en | x-default:https://www.vonwobeser.com/news/gar-investment-treaty-arbitration-mexico-2,,,true,true,http://localhost:5050/images/PDF_news/PDF_articles/2020/ITA---Mexico.pdf,,
d58d8e7f-dae6-4250-a04f-6590ec037caf,en,http://localhost:5050/news/gar-investment-treaty-arbitration-mexico-2?lang=en,200,correcto,1,GAR Investment Treaty Arbitration - Mexico,GAR Investment Treaty Arbitration - Mexico | Von Wobeser y Sierra,"Our Partners, Claus von Wobeser and Montserrat Manzano, share their opinion on investment arbitration in GAR Investment Treaty Arbitration - Mexico.",https://www.vonwobeser.com/news/gar-investment-treaty-arbitration-mexico-2?lang=en,es-MX:https://www.vonwobeser.com/news/gar-investment-treaty-arbitration-mexico-2 | en:https://www.vonwobeser.com/news/gar-investment-treaty-arbitration-mexico-2?lang=en | x-default:https://www.vonwobeser.com/news/gar-investment-treaty-arbitration-mexico-2,,,true,true,http://localhost:5050/images/PDF_news/PDF_articles/2020/ITA---Mexico.pdf,,
04adbc1f-4394-4ac4-8d70-132a8f74ac1f,es,http://localhost:5050/news/the-practitioner-s-guide-to-global-investigations-2,200,correcto,1,The Practitioner's Guide to Global Investigations,The Practitioner's Guide to Global Investigations | Von Wobeser y Sierra,"Nuestro socio, Diego Sierra, nos da su opinión en relación a México y los esfuerzos de lucha contra la corrupción en Global Investigations Review: The…",https://www.vonwobeser.com/news/the-practitioner-s-guide-to-global-investigations-2,es-MX:https://www.vonwobeser.com/news/the-practitioner-s-guide-to-global-investigations-2 | en:https://www.vonwobeser.com/news/the-practitioner-s-guide-to-global-investigations-2?lang=en | x-default:https://www.vonwobeser.com/news/the-practitioner-s-guide-to-global-investigations-2,,,true,true,http://localhost:5050/images/PDF_news/2020/Mexico-1.pdf,,
04adbc1f-4394-4ac4-8d70-132a8f74ac1f,en,http://localhost:5050/news/the-practitioner-s-guide-to-global-investigations-2?lang=en,200,correcto,1,The Practitioner's Guide to Global Investigations,The Practitioner's Guide to Global Investigations | Von Wobeser y Sierra,"Our partner, Diego Sierra, shares his opinion regarding Mexico and anti-corruption efforts in Global Investigations Review: The Practitioner's Guide to Global…",https://www.vonwobeser.com/news/the-practitioner-s-guide-to-global-investigations-2?lang=en,es-MX:https://www.vonwobeser.com/news/the-practitioner-s-guide-to-global-investigations-2 | en:https://www.vonwobeser.com/news/the-practitioner-s-guide-to-global-investigations-2?lang=en | x-default:https://www.vonwobeser.com/news/the-practitioner-s-guide-to-global-investigations-2,,,true,true,http://localhost:5050/images/PDF_news/2020/Mexico-1.pdf,,
fb5f279c-3f00-4a64-bc2e-98a4f5f086c7,es,http://localhost:5050/news/pablo-jimenez-gregorio-lascano-latin-lawyer-nunca-dejes-que-una-buena-crisis-se-,200,correcto,1,"Pablo Jiménez, Gregorio Lascano – Latin Lawyer -Nunca dejes que una buena crisis se desperdicie: El papel de la cultura, la percepción y el sentido común en la gestión de crisis, 2019","Pablo Jiménez, Gregorio Lascano – Latin Lawyer -Nunca dejes que una buena crisis se desperdicie: El papel de la cultura, la percepción y el sentido común en la gestión de crisis, 2019 | Von Wobeser y Sierra","Nuestro socio Pablo Jiménez reflexiona acerca de la oportunidad que se abre en medio de las crisis y la influencia de la cultura organizacional, la percepción…",https://www.vonwobeser.com/news/pablo-jimenez-gregorio-lascano-latin-lawyer-nunca-dejes-que-una-buena-crisis-se-,es-MX:https://www.vonwobeser.com/news/pablo-jimenez-gregorio-lascano-latin-lawyer-nunca-dejes-que-una-buena-crisis-se- | en:https://www.vonwobeser.com/news/pablo-jimenez-gregorio-lascano-latin-lawyer-nunca-dejes-que-una-buena-crisis-se-?lang=en | x-default:https://www.vonwobeser.com/news/pablo-jimenez-gregorio-lascano-latin-lawyer-nunca-dejes-que-una-buena-crisis-se-,,,true,true,http://localhost:5050/images/PDF_news/PDF_articles/2021/5-Latin-Lawyer.pdf,,
fb5f279c-3f00-4a64-bc2e-98a4f5f086c7,en,http://localhost:5050/news/pablo-jimenez-gregorio-lascano-latin-lawyer-nunca-dejes-que-una-buena-crisis-se-?lang=en,200,correcto,1,"Pablo Jiménez, Gregorio Lascano – Latin Lawyer -Never Let a Good Crisis Go to Waste: The Role of Culture, Perception and Common Sense in Crisis Management, 2019","Pablo Jiménez, Gregorio Lascano – Latin Lawyer -Never Let a Good Crisis Go to Waste: The Role of Culture, Perception and Common Sense in Crisis Management, 2019 | Von Wobeser y Sierra","Our partner Pablo Jiménez reflects on the opportunity that opens up in the midst of crises and the influence of organizational culture, perception and common…",https://www.vonwobeser.com/news/pablo-jimenez-gregorio-lascano-latin-lawyer-nunca-dejes-que-una-buena-crisis-se-?lang=en,es-MX:https://www.vonwobeser.com/news/pablo-jimenez-gregorio-lascano-latin-lawyer-nunca-dejes-que-una-buena-crisis-se- | en:https://www.vonwobeser.com/news/pablo-jimenez-gregorio-lascano-latin-lawyer-nunca-dejes-que-una-buena-crisis-se-?lang=en | x-default:https://www.vonwobeser.com/news/pablo-jimenez-gregorio-lascano-latin-lawyer-nunca-dejes-que-una-buena-crisis-se-,,,true,true,http://localhost:5050/images/PDF_news/PDF_articles/2021/5-Latin-Lawyer.pdf,,
d8fd6c85-05ae-40ed-9c43-c998fe2f4d1d,es,http://localhost:5050/news/diego-sierra-global-restructuring-review-the-restructuring-review-of-the-america-2,200,correcto,1,Diego Sierra- Global Restructuring Review- The Restructuring Review of the Americas 2019: Capítulo de México,Diego Sierra- Global Restructuring Review- The Restructuring Review of the Americas 2019: Capítulo de México | Von Wobeser y Sierra,Nuestro socio Diego Sierra describe el panorama actual y las últimas tendencias de los concursos mercantiles en México.,https://www.vonwobeser.com/news/diego-sierra-global-restructuring-review-the-restructuring-review-of-the-america-2,es-MX:https://www.vonwobeser.com/news/diego-sierra-global-restructuring-review-the-restructuring-review-of-the-america-2 | en:https://www.vonwobeser.com/news/diego-sierra-global-restructuring-review-the-restructuring-review-of-the-america-2?lang=en | x-default:https://www.vonwobeser.com/news/diego-sierra-global-restructuring-review-the-restructuring-review-of-the-america-2,,,true,true,http://localhost:5050/images/PDF_news/PDF_articles/2018/The-Restructuring-Review-of-the-Americas--Mexico-2019.pdf,,
d8fd6c85-05ae-40ed-9c43-c998fe2f4d1d,en,http://localhost:5050/news/diego-sierra-global-restructuring-review-the-restructuring-review-of-the-america-2?lang=en,200,correcto,1,Diego Sierra- Global Restructuring Review- The Restructuring Review of the Americas 2019: Mexico Chapter,Diego Sierra- Global Restructuring Review- The Restructuring Review of the Americas 2019: Mexico Chapter | Von Wobeser y Sierra,Our Partner Diego Sierra describes the current landscape and the latest trends in insolvency proceedings (concursos mercantiles) in Mexico.,https://www.vonwobeser.com/news/diego-sierra-global-restructuring-review-the-restructuring-review-of-the-america-2?lang=en,es-MX:https://www.vonwobeser.com/news/diego-sierra-global-restructuring-review-the-restructuring-review-of-the-america-2 | en:https://www.vonwobeser.com/news/diego-sierra-global-restructuring-review-the-restructuring-review-of-the-america-2?lang=en | x-default:https://www.vonwobeser.com/news/diego-sierra-global-restructuring-review-the-restructuring-review-of-the-america-2,,,true,true,http://localhost:5050/images/PDF_news/PDF_articles/2018/The-Restructuring-Review-of-the-Americas--Mexico-2019.pdf,,
6850b2e5-62ed-481e-a733-12dd89a07021,es,http://localhost:5050/news/luis-burgueno-getting-the-deal-through-capital-privado-inteligencia-de-mercado-c,200,correcto,1,Luis Burgueño - Getting the Deal Through- Capital Privado: Inteligencia de Mercado- Capítulo sobre México 2018,Luis Burgueño - Getting the Deal Through- Capital Privado: Inteligencia de Mercado- Capítulo sobre México 2018 | Von Wobeser y Sierra,"Nuestros socios Luis Burgueño y Andrés Nieto ofrecen una vista panorámica sobre la forma en la que las inversiones se llevan a cabo en México recientemente, el…",https://www.vonwobeser.com/news/luis-burgueno-getting-the-deal-through-capital-privado-inteligencia-de-mercado-c,es-MX:https://www.vonwobeser.com/news/luis-burgueno-getting-the-deal-through-capital-privado-inteligencia-de-mercado-c | en:https://www.vonwobeser.com/news/luis-burgueno-getting-the-deal-through-capital-privado-inteligencia-de-mercado-c?lang=en | x-default:https://www.vonwobeser.com/news/luis-burgueno-getting-the-deal-through-capital-privado-inteligencia-de-mercado-c,,,true,true,http://localhost:5050/images/PDF_news/PDF_articles/2018/Mexico-GTDT-Market-Intelligence--Private-Equity-2018.pdf,,
6850b2e5-62ed-481e-a733-12dd89a07021,en,http://localhost:5050/news/luis-burgueno-getting-the-deal-through-capital-privado-inteligencia-de-mercado-c?lang=en,200,correcto,1,Luis Burgueño - Getting the Deal Through- Private Equity: Market Intelligence- Mexico Chapter 2018,Luis Burgueño - Getting the Deal Through- Private Equity: Market Intelligence- Mexico Chapter 2018 | Von Wobeser y Sierra,"Our Partners Luis Burgueño and Andrés Nieto offer a panoramic view of the way investments have recently been carried out in Mexico, the legal framework, their…",https://www.vonwobeser.com/news/luis-burgueno-getting-the-deal-through-capital-privado-inteligencia-de-mercado-c?lang=en,es-MX:https://www.vonwobeser.com/news/luis-burgueno-getting-the-deal-through-capital-privado-inteligencia-de-mercado-c | en:https://www.vonwobeser.com/news/luis-burgueno-getting-the-deal-through-capital-privado-inteligencia-de-mercado-c?lang=en | x-default:https://www.vonwobeser.com/news/luis-burgueno-getting-the-deal-through-capital-privado-inteligencia-de-mercado-c,,,true,true,http://localhost:5050/images/PDF_news/PDF_articles/2018/Mexico-GTDT-Market-Intelligence--Private-Equity-2018.pdf,,
ccff6015-3ce1-4650-889a-c1933ad3ac7c,es,http://localhost:5050/news/adrian-magallanes-diego-sierra-latin-lawyer-litigio-2019-referencia-de-mexico,200,correcto,1,"Adrián Magallanes, Diego Sierra- Latin Lawyer: Litigio 2019, Referencia de México","Adrián Magallanes, Diego Sierra- Latin Lawyer: Litigio 2019, Referencia de México | Von Wobeser y Sierra",Nuestros socios Adrián Magallanes y Diego Sierra describen el escenario actual del litigio en México.,https://www.vonwobeser.com/news/adrian-magallanes-diego-sierra-latin-lawyer-litigio-2019-referencia-de-mexico,es-MX:https://www.vonwobeser.com/news/adrian-magallanes-diego-sierra-latin-lawyer-litigio-2019-referencia-de-mexico | en:https://www.vonwobeser.com/news/adrian-magallanes-diego-sierra-latin-lawyer-litigio-2019-referencia-de-mexico?lang=en | x-default:https://www.vonwobeser.com/news/adrian-magallanes-diego-sierra-latin-lawyer-litigio-2019-referencia-de-mexico,,,true,true,http://localhost:5050/images/PDF_news/PDF_articles/2018/LL_Litigation-2019_MX.pdf,,
ccff6015-3ce1-4650-889a-c1933ad3ac7c,en,http://localhost:5050/news/adrian-magallanes-diego-sierra-latin-lawyer-litigio-2019-referencia-de-mexico?lang=en,200,correcto,1,"Adrián Magallanes, Diego Sierra- Latin Lawyer: Litigation 2019, Mexico Reference","Adrián Magallanes, Diego Sierra- Latin Lawyer: Litigation 2019, Mexico Reference | Von Wobeser y Sierra",Our Partners Adrián Magallanes and Diego Sierra describe the current landscape of litigation in Mexico.,https://www.vonwobeser.com/news/adrian-magallanes-diego-sierra-latin-lawyer-litigio-2019-referencia-de-mexico?lang=en,es-MX:https://www.vonwobeser.com/news/adrian-magallanes-diego-sierra-latin-lawyer-litigio-2019-referencia-de-mexico | en:https://www.vonwobeser.com/news/adrian-magallanes-diego-sierra-latin-lawyer-litigio-2019-referencia-de-mexico?lang=en | x-default:https://www.vonwobeser.com/news/adrian-magallanes-diego-sierra-latin-lawyer-litigio-2019-referencia-de-mexico,,,true,true,http://localhost:5050/images/PDF_news/PDF_articles/2018/LL_Litigation-2019_MX.pdf,,
63c14818-d5f2-40e0-a139-f751335967df,es,http://localhost:5050/news/fernando-carreno-vlex-legal-juridico-y-fiscal-compliance-la-competencia-economic,200,correcto,1,Fernando Carreño- Vlex Legal Jurídico y Fiscal: Compliance- La competencia económica en el programa de compliance,Fernando Carreño- Vlex Legal Jurídico y Fiscal: Compliance- La competencia económica en el programa de compliance | Von Wobeser y Sierra,Nuestro socio Fernando Carreño se expresa sobre la importancia que debe tener para las empresas conocer y tomar medidas para cumplir con las regulaciones en…,https://www.vonwobeser.com/news/fernando-carreno-vlex-legal-juridico-y-fiscal-compliance-la-competencia-economic,es-MX:https://www.vonwobeser.com/news/fernando-carreno-vlex-legal-juridico-y-fiscal-compliance-la-competencia-economic | en:https://www.vonwobeser.com/news/fernando-carreno-vlex-legal-juridico-y-fiscal-compliance-la-competencia-economic?lang=en | x-default:https://www.vonwobeser.com/news/fernando-carreno-vlex-legal-juridico-y-fiscal-compliance-la-competencia-economic,,,true,true,http://localhost:5050/images/PDF_news/PDF_articles/2018/La-Competencia-Econmica-en-el-programa-de-Compliance-FC.pdf,,
63c14818-d5f2-40e0-a139-f751335967df,en,http://localhost:5050/news/fernando-carreno-vlex-legal-juridico-y-fiscal-compliance-la-competencia-economic?lang=en,200,correcto,1,Fernando Carreño- Vlex Legal Jurídico y Fiscal: Compliance- Economic competition in the compliance program,Fernando Carreño- Vlex Legal Jurídico y Fiscal: Compliance- Economic competition in the compliance program | Von Wobeser y Sierra,Our Partner Fernando Carreño addresses the importance for companies of understanding and taking measures to comply with regulations in the area of economic…,https://www.vonwobeser.com/news/fernando-carreno-vlex-legal-juridico-y-fiscal-compliance-la-competencia-economic?lang=en,es-MX:https://www.vonwobeser.com/news/fernando-carreno-vlex-legal-juridico-y-fiscal-compliance-la-competencia-economic | en:https://www.vonwobeser.com/news/fernando-carreno-vlex-legal-juridico-y-fiscal-compliance-la-competencia-economic?lang=en | x-default:https://www.vonwobeser.com/news/fernando-carreno-vlex-legal-juridico-y-fiscal-compliance-la-competencia-economic,,,true,true,http://localhost:5050/images/PDF_news/PDF_articles/2018/La-Competencia-Econmica-en-el-programa-de-Compliance-FC.pdf,,
b94fc65b-183c-42dc-bc0e-2b6cd2aa3a74,es,http://localhost:5050/news/diego-sierra-y-pablo-fautsch-getting-the-deal-through-legal-privilege-profession,200,correcto,1,Diego Sierra y Pablo Fautsch- Getting the Deal Through- Legal Privilege & Professional Secrecy 2018: Mexico Chapter,Diego Sierra y Pablo Fautsch- Getting the Deal Through- Legal Privilege & Professional Secrecy 2018: Mexico Chapter | Von Wobeser y Sierra,Nuestro socio Diego Sierra y nuestro asociado Pablo Fautsch esbozan el marco normativo vigente en México relativo al privilegio legal y al secreto profesional.,https://www.vonwobeser.com/news/diego-sierra-y-pablo-fautsch-getting-the-deal-through-legal-privilege-profession,es-MX:https://www.vonwobeser.com/news/diego-sierra-y-pablo-fautsch-getting-the-deal-through-legal-privilege-profession | en:https://www.vonwobeser.com/news/diego-sierra-y-pablo-fautsch-getting-the-deal-through-legal-privilege-profession?lang=en | x-default:https://www.vonwobeser.com/news/diego-sierra-y-pablo-fautsch-getting-the-deal-through-legal-privilege-profession,,,true,true,http://localhost:5050/images/PDF_news/PDF_articles/2018/LPS2018Mexico.pdf,,
b94fc65b-183c-42dc-bc0e-2b6cd2aa3a74,en,http://localhost:5050/news/diego-sierra-y-pablo-fautsch-getting-the-deal-through-legal-privilege-profession?lang=en,200,correcto,1,Diego Sierra and Pablo Fautsch- Getting the Deal Through- Legal Privilege & Professional Secrecy 2018: Mexico Chapter,Diego Sierra and Pablo Fautsch- Getting the Deal Through- Legal Privilege & Professional Secrecy 2018: Mexico Chapter | Von Wobeser y Sierra,Our Partner Diego Sierra and our Associate Pablo Fautsch outline the regulatory framework in force in Mexico relating to legal privilege and professional…,https://www.vonwobeser.com/news/diego-sierra-y-pablo-fautsch-getting-the-deal-through-legal-privilege-profession?lang=en,es-MX:https://www.vonwobeser.com/news/diego-sierra-y-pablo-fautsch-getting-the-deal-through-legal-privilege-profession | en:https://www.vonwobeser.com/news/diego-sierra-y-pablo-fautsch-getting-the-deal-through-legal-privilege-profession?lang=en | x-default:https://www.vonwobeser.com/news/diego-sierra-y-pablo-fautsch-getting-the-deal-through-legal-privilege-profession,,,true,true,http://localhost:5050/images/PDF_news/PDF_articles/2018/LPS2018Mexico.pdf,,
6256f615-9808-4a8f-b616-3d324d29ad8c,es,http://localhost:5050/news/silverio-sandate-globe-law-and-business-instituciones-educativas-capitulo-de-mex,200,correcto,1,Silverio Sandate- Globe Law and Business- Instituciones Educativas: Capítulo de México,Silverio Sandate- Globe Law and Business- Instituciones Educativas: Capítulo de México | Von Wobeser y Sierra,Nuestro asociado Silverio Sandate describe el escenario legal que permea la provisión de servicios educativos en México.,https://www.vonwobeser.com/news/silverio-sandate-globe-law-and-business-instituciones-educativas-capitulo-de-mex,es-MX:https://www.vonwobeser.com/news/silverio-sandate-globe-law-and-business-instituciones-educativas-capitulo-de-mex | en:https://www.vonwobeser.com/news/silverio-sandate-globe-law-and-business-instituciones-educativas-capitulo-de-mex?lang=en | x-default:https://www.vonwobeser.com/news/silverio-sandate-globe-law-and-business-instituciones-educativas-capitulo-de-mex,,,true,true,http://localhost:5050/images/PDF_news/PDF_articles/2018/Educational-Institutions-Mexico-Chapter--Silverio-Sandate.pdf,,
6256f615-9808-4a8f-b616-3d324d29ad8c,en,http://localhost:5050/news/silverio-sandate-globe-law-and-business-instituciones-educativas-capitulo-de-mex?lang=en,200,correcto,1,Silverio Sandate- Globe Law and Business- Educational Institutions: Mexico Chapter,Silverio Sandate- Globe Law and Business- Educational Institutions: Mexico Chapter | Von Wobeser y Sierra,Our associate Silverio Sandate describes the legal landscape governing the provision of educational services in Mexico.,https://www.vonwobeser.com/news/silverio-sandate-globe-law-and-business-instituciones-educativas-capitulo-de-mex?lang=en,es-MX:https://www.vonwobeser.com/news/silverio-sandate-globe-law-and-business-instituciones-educativas-capitulo-de-mex | en:https://www.vonwobeser.com/news/silverio-sandate-globe-law-and-business-instituciones-educativas-capitulo-de-mex?lang=en | x-default:https://www.vonwobeser.com/news/silverio-sandate-globe-law-and-business-instituciones-educativas-capitulo-de-mex,,,true,true,http://localhost:5050/images/PDF_news/PDF_articles/2018/Educational-Institutions-Mexico-Chapter--Silverio-Sandate.pdf,,
6fbeb83b-1df4-4b5a-be09-358458ba5775,es,http://localhost:5050/news/andres-nieto-the-private-equity-review-7th-edition-invirtiendo-capitulo-sobre-me,200,correcto,1,Andrés Nieto- The Private Equity Review 7th Edition- Invirtiendo: Capítulo sobre México,Andrés Nieto- The Private Equity Review 7th Edition- Invirtiendo: Capítulo sobre México | Von Wobeser y Sierra,Nuestro socio Andrés Nieto analiza el impacto del capital privado en la competitividad del mercado mexicano.,https://www.vonwobeser.com/news/andres-nieto-the-private-equity-review-7th-edition-invirtiendo-capitulo-sobre-me,es-MX:https://www.vonwobeser.com/news/andres-nieto-the-private-equity-review-7th-edition-invirtiendo-capitulo-sobre-me | en:https://www.vonwobeser.com/news/andres-nieto-the-private-equity-review-7th-edition-invirtiendo-capitulo-sobre-me?lang=en | x-default:https://www.vonwobeser.com/news/andres-nieto-the-private-equity-review-7th-edition-invirtiendo-capitulo-sobre-me,,,true,true,http://localhost:5050/images/PDF_news/PDF_articles/2018/The-Private-Equity-Review-Mexico-Chapter--Investing.pdf,,
6fbeb83b-1df4-4b5a-be09-358458ba5775,en,http://localhost:5050/news/andres-nieto-the-private-equity-review-7th-edition-invirtiendo-capitulo-sobre-me?lang=en,200,correcto,1,Andrés Nieto- The Private Equity Review 7th Edition- Investing: Mexico Chapter,Andrés Nieto- The Private Equity Review 7th Edition- Investing: Mexico Chapter | Von Wobeser y Sierra,Our partner Andrés Nieto analyzes the impact of private equity on the competitiveness of the Mexican market.,https://www.vonwobeser.com/news/andres-nieto-the-private-equity-review-7th-edition-invirtiendo-capitulo-sobre-me?lang=en,es-MX:https://www.vonwobeser.com/news/andres-nieto-the-private-equity-review-7th-edition-invirtiendo-capitulo-sobre-me | en:https://www.vonwobeser.com/news/andres-nieto-the-private-equity-review-7th-edition-invirtiendo-capitulo-sobre-me?lang=en | x-default:https://www.vonwobeser.com/news/andres-nieto-the-private-equity-review-7th-edition-invirtiendo-capitulo-sobre-me,,,true,true,http://localhost:5050/images/PDF_news/PDF_articles/2018/The-Private-Equity-Review-Mexico-Chapter--Investing.pdf,,
333b6079-2667-4c3c-a56c-3c6ac2d0db18,es,http://localhost:5050/news/diego-sierra-katarina-lundahl-pablo-fautsch-anti-corrupcion-tendencias-y-desarro,200,correcto,1,"Diego Sierra, Katarina Lundahl, Pablo Fautsch - Anti Corrupción Tendencias y Desarrollos: Capítulo sobre México","Diego Sierra, Katarina Lundahl, Pablo Fautsch - Anti Corrupción Tendencias y Desarrollos: Capítulo sobre México | Von Wobeser y Sierra",Nuestro socio Diego Sierra y su equipo describen los más recientes retos y estrategias que se desarrollan en México en materia de anticorrupción.,https://www.vonwobeser.com/news/diego-sierra-katarina-lundahl-pablo-fautsch-anti-corrupcion-tendencias-y-desarro,es-MX:https://www.vonwobeser.com/news/diego-sierra-katarina-lundahl-pablo-fautsch-anti-corrupcion-tendencias-y-desarro | en:https://www.vonwobeser.com/news/diego-sierra-katarina-lundahl-pablo-fautsch-anti-corrupcion-tendencias-y-desarro?lang=en | x-default:https://www.vonwobeser.com/news/diego-sierra-katarina-lundahl-pablo-fautsch-anti-corrupcion-tendencias-y-desarro,,,true,true,http://localhost:5050/images/PDF_news/PDF_articles/2018/017_MEXICO-TD.pdf,,
333b6079-2667-4c3c-a56c-3c6ac2d0db18,en,http://localhost:5050/news/diego-sierra-katarina-lundahl-pablo-fautsch-anti-corrupcion-tendencias-y-desarro?lang=en,200,correcto,1,"Diego Sierra, Katarina Lundahl, Pablo Fautsch - Anti-Corruption Trends and Developments: Chapter on Mexico","Diego Sierra, Katarina Lundahl, Pablo Fautsch - Anti-Corruption Trends and Developments: Chapter on Mexico | Von Wobeser y Sierra",Our partner Diego Sierra and his team describe the most recent challenges and strategies developing in Mexico in anti-corruption matters.,https://www.vonwobeser.com/news/diego-sierra-katarina-lundahl-pablo-fautsch-anti-corrupcion-tendencias-y-desarro?lang=en,es-MX:https://www.vonwobeser.com/news/diego-sierra-katarina-lundahl-pablo-fautsch-anti-corrupcion-tendencias-y-desarro | en:https://www.vonwobeser.com/news/diego-sierra-katarina-lundahl-pablo-fautsch-anti-corrupcion-tendencias-y-desarro?lang=en | x-default:https://www.vonwobeser.com/news/diego-sierra-katarina-lundahl-pablo-fautsch-anti-corrupcion-tendencias-y-desarro,,,true,true,http://localhost:5050/images/PDF_news/PDF_articles/2018/017_MEXICO-TD.pdf,,
c52ecedd-8ebb-4981-99b6-6c3d6ff67048,es,http://localhost:5050/news/adrian-magallanes-getting-the-deal-through-acciones-colectivas-2018-capitulo-sob,200,correcto,1,Adrián Magallanes- Getting the Deal Through- Acciones Colectivas 2018: Capítulo sobre México,Adrián Magallanes- Getting the Deal Through- Acciones Colectivas 2018: Capítulo sobre México | Von Wobeser y Sierra,Nuestro socio Adrián Magallanes esboza el escenario actual en materia de acciones colectivas en México.,https://www.vonwobeser.com/news/adrian-magallanes-getting-the-deal-through-acciones-colectivas-2018-capitulo-sob,es-MX:https://www.vonwobeser.com/news/adrian-magallanes-getting-the-deal-through-acciones-colectivas-2018-capitulo-sob | en:https://www.vonwobeser.com/news/adrian-magallanes-getting-the-deal-through-acciones-colectivas-2018-capitulo-sob?lang=en | x-default:https://www.vonwobeser.com/news/adrian-magallanes-getting-the-deal-through-acciones-colectivas-2018-capitulo-sob,,,true,true,http://localhost:5050/images/PDF_news/PDF_articles/2017/Class-Actions-2018Mexico.pdf,,
c52ecedd-8ebb-4981-99b6-6c3d6ff67048,en,http://localhost:5050/news/adrian-magallanes-getting-the-deal-through-acciones-colectivas-2018-capitulo-sob?lang=en,200,correcto,1,Adrián Magallanes- Getting the Deal Through- Class Actions 2018: Chapter on Mexico,Adrián Magallanes- Getting the Deal Through- Class Actions 2018: Chapter on Mexico | Von Wobeser y Sierra,Our partner Adrián Magallanes outlines the current landscape of class actions in Mexico.,https://www.vonwobeser.com/news/adrian-magallanes-getting-the-deal-through-acciones-colectivas-2018-capitulo-sob?lang=en,es-MX:https://www.vonwobeser.com/news/adrian-magallanes-getting-the-deal-through-acciones-colectivas-2018-capitulo-sob | en:https://www.vonwobeser.com/news/adrian-magallanes-getting-the-deal-through-acciones-colectivas-2018-capitulo-sob?lang=en | x-default:https://www.vonwobeser.com/news/adrian-magallanes-getting-the-deal-through-acciones-colectivas-2018-capitulo-sob,,,true,true,http://localhost:5050/images/PDF_news/PDF_articles/2017/Class-Actions-2018Mexico.pdf,,
a923597a-736a-48bd-b292-84ad3796d744,es,http://localhost:5050/news/luis-burgueno-andres-nieto-getting-the-deal-through-capital-privado-inteligencia,200,correcto,1,"Luis Burgueño, Andrés Nieto- Getting the Deal Through- Capital Privado: Inteligencia de Mercado- Capítulo sobre México","Luis Burgueño, Andrés Nieto- Getting the Deal Through- Capital Privado: Inteligencia de Mercado- Capítulo sobre México | Von Wobeser y Sierra","Nuestros socios Luis Burgueño y Andrés Nieto ofrecen una vista panorámica sobre la forma en la que las inversiones se llevan a cabo en México recientemente, el…",https://www.vonwobeser.com/news/luis-burgueno-andres-nieto-getting-the-deal-through-capital-privado-inteligencia,es-MX:https://www.vonwobeser.com/news/luis-burgueno-andres-nieto-getting-the-deal-through-capital-privado-inteligencia | en:https://www.vonwobeser.com/news/luis-burgueno-andres-nieto-getting-the-deal-through-capital-privado-inteligencia?lang=en | x-default:https://www.vonwobeser.com/news/luis-burgueno-andres-nieto-getting-the-deal-through-capital-privado-inteligencia,,,true,true,http://localhost:5050/images/PDF_news/PDF_articles/2017/GTDT-Market-Intelligence--Private-Equity--Volume-4-Issue-6.pdf,,
a923597a-736a-48bd-b292-84ad3796d744,en,http://localhost:5050/news/luis-burgueno-andres-nieto-getting-the-deal-through-capital-privado-inteligencia?lang=en,200,correcto,1,"Luis Burgueño, Andrés Nieto- Getting the Deal Through- Private Equity: Market Intelligence- Chapter on Mexico","Luis Burgueño, Andrés Nieto- Getting the Deal Through- Private Equity: Market Intelligence- Chapter on Mexico | Von Wobeser y Sierra","Our partners Luis Burgueño and Andrés Nieto offer a panoramic view of the way investments have recently been carried out in Mexico, the legal framework, their…",https://www.vonwobeser.com/news/luis-burgueno-andres-nieto-getting-the-deal-through-capital-privado-inteligencia?lang=en,es-MX:https://www.vonwobeser.com/news/luis-burgueno-andres-nieto-getting-the-deal-through-capital-privado-inteligencia | en:https://www.vonwobeser.com/news/luis-burgueno-andres-nieto-getting-the-deal-through-capital-privado-inteligencia?lang=en | x-default:https://www.vonwobeser.com/news/luis-burgueno-andres-nieto-getting-the-deal-through-capital-privado-inteligencia,,,true,true,http://localhost:5050/images/PDF_news/PDF_articles/2017/GTDT-Market-Intelligence--Private-Equity--Volume-4-Issue-6.pdf,,
b67dc8d2-a0ee-4454-8a56-f1cb906fd623,es,http://localhost:5050/news/fernando-carreno-euromoney-las-fusiones-y-adquisiciones-mexicanas-se-encogen-de-,200,correcto,1,Fernando Carreño – Euromoney: Las fusiones y adquisiciones mexicanas se encogen de hombros ante el bajón de Trump,Fernando Carreño – Euromoney: Las fusiones y adquisiciones mexicanas se encogen de hombros ante el bajón de Trump | Von Wobeser y Sierra,"Nuestro Socio Fernando Carreño emitió su opinión para el artículo “Mexican M&A shrugs off the Trump slump” (cursivas), el cual analiza la forma en que el bajón…",https://www.vonwobeser.com/news/fernando-carreno-euromoney-las-fusiones-y-adquisiciones-mexicanas-se-encogen-de-,es-MX:https://www.vonwobeser.com/news/fernando-carreno-euromoney-las-fusiones-y-adquisiciones-mexicanas-se-encogen-de- | en:https://www.vonwobeser.com/news/fernando-carreno-euromoney-las-fusiones-y-adquisiciones-mexicanas-se-encogen-de-?lang=en | x-default:https://www.vonwobeser.com/news/fernando-carreno-euromoney-las-fusiones-y-adquisiciones-mexicanas-se-encogen-de-,,,true,true,http://localhost:5050/images/PDF_news/2017/Mexican-MA-shrugs-off-the-Trump-slump-_-Euromoney.pdf,,
b67dc8d2-a0ee-4454-8a56-f1cb906fd623,en,http://localhost:5050/news/fernando-carreno-euromoney-las-fusiones-y-adquisiciones-mexicanas-se-encogen-de-?lang=en,200,correcto,1,Fernando Carreño – Euromoney: Mexican M&A shrugs off the Trump slump,Fernando Carreño – Euromoney: Mexican M&A shrugs off the Trump slump | Von Wobeser y Sierra,"Our partner Fernando Carreño gave his opinion for the article ""Mexican M&A shrugs off the Trump slump"", which analyzes how the Trump slump has changed, if at…",https://www.vonwobeser.com/news/fernando-carreno-euromoney-las-fusiones-y-adquisiciones-mexicanas-se-encogen-de-?lang=en,es-MX:https://www.vonwobeser.com/news/fernando-carreno-euromoney-las-fusiones-y-adquisiciones-mexicanas-se-encogen-de- | en:https://www.vonwobeser.com/news/fernando-carreno-euromoney-las-fusiones-y-adquisiciones-mexicanas-se-encogen-de-?lang=en | x-default:https://www.vonwobeser.com/news/fernando-carreno-euromoney-las-fusiones-y-adquisiciones-mexicanas-se-encogen-de-,,,true,true,http://localhost:5050/images/PDF_news/2017/Mexican-MA-shrugs-off-the-Trump-slump-_-Euromoney.pdf,,
0216531a-a170-48a0-8941-8f52c69464a4,es,http://localhost:5050/news/adrian-magallanes-perez-rodrigo-barradas-muniz-international-arbitration-review--2,200,correcto,1,Adrián Magallanes Pérez & Rodrigo Barradas Muñiz- International Arbitration Review (8va edición)- Capítulo sobre México,Adrián Magallanes Pérez & Rodrigo Barradas Muñiz- International Arbitration Review (8va edición)- Capítulo sobre México | Von Wobeser y Sierra,En este capítulo nuestro socio Adrian Magallanes y nuestro asociado Rodrigo Barradas abordan los cambios recientes que han ocurrido en México en materia de…,https://www.vonwobeser.com/news/adrian-magallanes-perez-rodrigo-barradas-muniz-international-arbitration-review--2,es-MX:https://www.vonwobeser.com/news/adrian-magallanes-perez-rodrigo-barradas-muniz-international-arbitration-review--2 | en:https://www.vonwobeser.com/news/adrian-magallanes-perez-rodrigo-barradas-muniz-international-arbitration-review--2?lang=en | x-default:https://www.vonwobeser.com/news/adrian-magallanes-perez-rodrigo-barradas-muniz-international-arbitration-review--2,,,true,true,http://localhost:5050/images/PDF_news/2017/IAR2017Mexico.pdf,,
0216531a-a170-48a0-8941-8f52c69464a4,en,http://localhost:5050/news/adrian-magallanes-perez-rodrigo-barradas-muniz-international-arbitration-review--2?lang=en,200,correcto,1,Adrián Magallanes Pérez & Rodrigo Barradas Muñiz- International Arbitration Review (8th edition)- Chapter on Mexico,Adrián Magallanes Pérez & Rodrigo Barradas Muñiz- International Arbitration Review (8th edition)- Chapter on Mexico | Von Wobeser y Sierra,"In this chapter, our partner Adrián Magallanes and our associate Rodrigo Barradas address the recent changes that have taken place in Mexico regarding…",https://www.vonwobeser.com/news/adrian-magallanes-perez-rodrigo-barradas-muniz-international-arbitration-review--2?lang=en,es-MX:https://www.vonwobeser.com/news/adrian-magallanes-perez-rodrigo-barradas-muniz-international-arbitration-review--2 | en:https://www.vonwobeser.com/news/adrian-magallanes-perez-rodrigo-barradas-muniz-international-arbitration-review--2?lang=en | x-default:https://www.vonwobeser.com/news/adrian-magallanes-perez-rodrigo-barradas-muniz-international-arbitration-review--2,,,true,true,http://localhost:5050/images/PDF_news/2017/IAR2017Mexico.pdf,,
665d0724-9b59-4a2d-b4e0-bfdbcf23681c,es,http://localhost:5050/news/claus-von-wobeser-y-adrian-magallanes-chambers-partners-guia-de-practicas-global,200,correcto,1,"Claus Von Wobeser y Adrián Magallanes- Chambers & Partners, Guía de Prácticas Global, Arbitraje Internacional (México)","Claus Von Wobeser y Adrián Magallanes- Chambers & Partners, Guía de Prácticas Global, Arbitraje Internacional (México) | Von Wobeser y Sierra","Esta contribución, escrita por nuestros socios Claus Von Wobeser y Adrián Magallanes, provee información accesible para navegar el sistema legal mexicano al…",https://www.vonwobeser.com/news/claus-von-wobeser-y-adrian-magallanes-chambers-partners-guia-de-practicas-global,es-MX:https://www.vonwobeser.com/news/claus-von-wobeser-y-adrian-magallanes-chambers-partners-guia-de-practicas-global | en:https://www.vonwobeser.com/news/claus-von-wobeser-y-adrian-magallanes-chambers-partners-guia-de-practicas-global?lang=en | x-default:https://www.vonwobeser.com/news/claus-von-wobeser-y-adrian-magallanes-chambers-partners-guia-de-practicas-global,,,true,true,http://localhost:5050/images/PDF_news/PDF_articles/2017/Claus-Von-Wobeser-Adrian-Magallanes--Chambers-Partners-Global-Practice-Guides-International-Arbitration-Mexico.pdf,,
665d0724-9b59-4a2d-b4e0-bfdbcf23681c,en,http://localhost:5050/news/claus-von-wobeser-y-adrian-magallanes-chambers-partners-guia-de-practicas-global?lang=en,200,correcto,1,"Claus Von Wobeser y Adrián Magallanes- Chambers & Partners, Global Practice Guides, International Arbitration (Mexico)","Claus Von Wobeser y Adrián Magallanes- Chambers & Partners, Global Practice Guides, International Arbitration (Mexico) | Von Wobeser y Sierra","This contribution, written by our partners Claus Von Wobeser and Adrián Magallanes, provides accessible information for navigating the Mexican legal system…",https://www.vonwobeser.com/news/claus-von-wobeser-y-adrian-magallanes-chambers-partners-guia-de-practicas-global?lang=en,es-MX:https://www.vonwobeser.com/news/claus-von-wobeser-y-adrian-magallanes-chambers-partners-guia-de-practicas-global | en:https://www.vonwobeser.com/news/claus-von-wobeser-y-adrian-magallanes-chambers-partners-guia-de-practicas-global?lang=en | x-default:https://www.vonwobeser.com/news/claus-von-wobeser-y-adrian-magallanes-chambers-partners-guia-de-practicas-global,,,true,true,http://localhost:5050/images/PDF_news/PDF_articles/2017/Claus-Von-Wobeser-Adrian-Magallanes--Chambers-Partners-Global-Practice-Guides-International-Arbitration-Mexico.pdf,,
b5cf3eb6-b656-4fb6-8d9a-9010c27baa24,es,http://localhost:5050/news/diego-sierra-cooperacion-internacional-en-investigaciones-anticorrupcion-en-mexi,200,correcto,1,Diego Sierra- Cooperación Internacional en Investigaciones Anticorrupción en México y el Sistema Nacional,Diego Sierra- Cooperación Internacional en Investigaciones Anticorrupción en México y el Sistema Nacional | Von Wobeser y Sierra,"Diego Sierra, en su rol de Vicepresidente de la Comisión Anticorrupción de ICC fue invitado a colaborar en el boletín informativo de ICC posterior a su Reunión…",https://www.vonwobeser.com/news/diego-sierra-cooperacion-internacional-en-investigaciones-anticorrupcion-en-mexi,es-MX:https://www.vonwobeser.com/news/diego-sierra-cooperacion-internacional-en-investigaciones-anticorrupcion-en-mexi | en:https://www.vonwobeser.com/news/diego-sierra-cooperacion-internacional-en-investigaciones-anticorrupcion-en-mexi?lang=en | x-default:https://www.vonwobeser.com/news/diego-sierra-cooperacion-internacional-en-investigaciones-anticorrupcion-en-mexi,,,true,true,http://localhost:5050/images/PDF_news/PDF_articles/2017/Cooperacin_Internacional_en_Investigaciones_Anticorrupcion_Diego-Sierra.pdf,,
b5cf3eb6-b656-4fb6-8d9a-9010c27baa24,en,http://localhost:5050/news/diego-sierra-cooperacion-internacional-en-investigaciones-anticorrupcion-en-mexi?lang=en,200,correcto,1,Diego Sierra - International Cooperation in Anti-Corruption Investigations in Mexico and the National System,Diego Sierra - International Cooperation in Anti-Corruption Investigations in Mexico and the National System | Von Wobeser y Sierra,"Diego Sierra, in his role as Vice President of the ICC Anti-Corruption Commission, was invited to contribute to the ICC newsletter following its Worldwide…",https://www.vonwobeser.com/news/diego-sierra-cooperacion-internacional-en-investigaciones-anticorrupcion-en-mexi?lang=en,es-MX:https://www.vonwobeser.com/news/diego-sierra-cooperacion-internacional-en-investigaciones-anticorrupcion-en-mexi | en:https://www.vonwobeser.com/news/diego-sierra-cooperacion-internacional-en-investigaciones-anticorrupcion-en-mexi?lang=en | x-default:https://www.vonwobeser.com/news/diego-sierra-cooperacion-internacional-en-investigaciones-anticorrupcion-en-mexi,,,true,true,http://localhost:5050/images/PDF_news/PDF_articles/2017/Cooperacin_Internacional_en_Investigaciones_Anticorrupcion_Diego-Sierra.pdf,,
f9950d63-a4db-4255-aed2-2dd3bb3a6a36,es,http://localhost:5050/news/andres-nieto-andres-nieto-mexico-investing-chapter-in-the-private-equity-review--2,200,correcto,1,Andres Nieto - Andres Nieto- Mexico Investing chapter in The Private Equity Review. April 2017,Andres Nieto - Andres Nieto- Mexico Investing chapter in The Private Equity Review. April 2017 | Von Wobeser y Sierra,"Nuestro socio, Andrés Nieto, contribuyó con el capítulo sobre inversiones con capital privado en México y analiza los motivos por los cuales esta práctica no…",https://www.vonwobeser.com/news/andres-nieto-andres-nieto-mexico-investing-chapter-in-the-private-equity-review--2,es-MX:https://www.vonwobeser.com/news/andres-nieto-andres-nieto-mexico-investing-chapter-in-the-private-equity-review--2 | en:https://www.vonwobeser.com/news/andres-nieto-andres-nieto-mexico-investing-chapter-in-the-private-equity-review--2?lang=en | x-default:https://www.vonwobeser.com/news/andres-nieto-andres-nieto-mexico-investing-chapter-in-the-private-equity-review--2,,,true,true,http://localhost:5050/images/PDF_news/PDF_articles/2017/Private-Equity-Review-April-2017.pdf,,
f9950d63-a4db-4255-aed2-2dd3bb3a6a36,en,http://localhost:5050/news/andres-nieto-andres-nieto-mexico-investing-chapter-in-the-private-equity-review--2?lang=en,200,correcto,1,Andrés Nieto - Andrés Nieto - Mexico Investing chapter in The Private Equity Review. April 2017,Andrés Nieto - Andrés Nieto - Mexico Investing chapter in The Private Equity Review. April 2017 | Von Wobeser y Sierra,"Our partner, Andrés Nieto, contributed the chapter on private equity investments in Mexico and analyzes the reasons why this practice has not gained greater…",https://www.vonwobeser.com/news/andres-nieto-andres-nieto-mexico-investing-chapter-in-the-private-equity-review--2?lang=en,es-MX:https://www.vonwobeser.com/news/andres-nieto-andres-nieto-mexico-investing-chapter-in-the-private-equity-review--2 | en:https://www.vonwobeser.com/news/andres-nieto-andres-nieto-mexico-investing-chapter-in-the-private-equity-review--2?lang=en | x-default:https://www.vonwobeser.com/news/andres-nieto-andres-nieto-mexico-investing-chapter-in-the-private-equity-review--2,,,true,true,http://localhost:5050/images/PDF_news/PDF_articles/2017/Private-Equity-Review-April-2017.pdf,,
fb5115cb-1acd-46a5-8cb8-dc0b9178aae3,es,http://localhost:5050/news/silverio-sandate-silverio-sandate-law-business-review-the-franchise-law-review-2,200,correcto,1,Silverio Sandate - Silverio Sandate – Law Business Review: The Franchise Law Review,Silverio Sandate - Silverio Sandate – Law Business Review: The Franchise Law Review | Von Wobeser y Sierra,"Capítulo 37:Una referencia de México: The Franchise Law Review 2017: El mercado de franquicias en México sigue siendo un mercado fresco y creciente, que sigue…",https://www.vonwobeser.com/news/silverio-sandate-silverio-sandate-law-business-review-the-franchise-law-review-2,es-MX:https://www.vonwobeser.com/news/silverio-sandate-silverio-sandate-law-business-review-the-franchise-law-review-2 | en:https://www.vonwobeser.com/news/silverio-sandate-silverio-sandate-law-business-review-the-franchise-law-review-2?lang=en | x-default:https://www.vonwobeser.com/news/silverio-sandate-silverio-sandate-law-business-review-the-franchise-law-review-2,,,true,true,http://localhost:5050/images/PDF_news/PDF_articles/2017/240317-The-Franchise-Law-Review-.pdf,,
fb5115cb-1acd-46a5-8cb8-dc0b9178aae3,en,http://localhost:5050/news/silverio-sandate-silverio-sandate-law-business-review-the-franchise-law-review-2?lang=en,200,correcto,1,Silverio Sandate - Silverio Sandate – Law Business Review: The Franchise Law Review,Silverio Sandate - Silverio Sandate – Law Business Review: The Franchise Law Review | Von Wobeser y Sierra,"Chapter 37: A Reference Guide for Mexico: The Franchise Law Review 2017: The Mexican franchise market remains a fresh and growing market, one that continues to…",https://www.vonwobeser.com/news/silverio-sandate-silverio-sandate-law-business-review-the-franchise-law-review-2?lang=en,es-MX:https://www.vonwobeser.com/news/silverio-sandate-silverio-sandate-law-business-review-the-franchise-law-review-2 | en:https://www.vonwobeser.com/news/silverio-sandate-silverio-sandate-law-business-review-the-franchise-law-review-2?lang=en | x-default:https://www.vonwobeser.com/news/silverio-sandate-silverio-sandate-law-business-review-the-franchise-law-review-2,,,true,true,http://localhost:5050/images/PDF_news/PDF_articles/2017/240317-The-Franchise-Law-Review-.pdf,,
ade16294-fac0-48ba-a236-88ab26202ba8,es,http://localhost:5050/news/getting-the-deal-through-adrian-magallanes-rodrigo-barradas-arbitraje-2017,200,correcto,1,"Getting the Deal Through – Adrián Magallanes, Rodrigo Barradas – Arbitraje 2017","Getting the Deal Through – Adrián Magallanes, Rodrigo Barradas – Arbitraje 2017 | Von Wobeser y Sierra",Arbitraje 2017: Getting the Deal Through brinda un análisis de expertos internacionales en las áreas de practica claves y regulaciones para abogados…,https://www.vonwobeser.com/news/getting-the-deal-through-adrian-magallanes-rodrigo-barradas-arbitraje-2017,es-MX:https://www.vonwobeser.com/news/getting-the-deal-through-adrian-magallanes-rodrigo-barradas-arbitraje-2017 | en:https://www.vonwobeser.com/news/getting-the-deal-through-adrian-magallanes-rodrigo-barradas-arbitraje-2017?lang=en | x-default:https://www.vonwobeser.com/news/getting-the-deal-through-adrian-magallanes-rodrigo-barradas-arbitraje-2017,,,true,true,http://localhost:5050/images/PDF_news/PDF_articles/2017/240317-GTDT-Arbitration-2017.pdf,,
ade16294-fac0-48ba-a236-88ab26202ba8,en,http://localhost:5050/news/getting-the-deal-through-adrian-magallanes-rodrigo-barradas-arbitraje-2017?lang=en,200,correcto,1,"Getting the Deal Through – Adrián Magallanes, Rodrigo Barradas – Arbitration 2017","Getting the Deal Through – Adrián Magallanes, Rodrigo Barradas – Arbitration 2017 | Von Wobeser y Sierra","Arbitration 2017: Getting the Deal Through provides international expert analysis in key areas of legal practice and regulation for corporate counsel,…",https://www.vonwobeser.com/news/getting-the-deal-through-adrian-magallanes-rodrigo-barradas-arbitraje-2017?lang=en,es-MX:https://www.vonwobeser.com/news/getting-the-deal-through-adrian-magallanes-rodrigo-barradas-arbitraje-2017 | en:https://www.vonwobeser.com/news/getting-the-deal-through-adrian-magallanes-rodrigo-barradas-arbitraje-2017?lang=en | x-default:https://www.vonwobeser.com/news/getting-the-deal-through-adrian-magallanes-rodrigo-barradas-arbitraje-2017,,,true,true,http://localhost:5050/images/PDF_news/PDF_articles/2017/240317-GTDT-Arbitration-2017.pdf,,
76a8b3e1-d84b-4fa0-a3df-a177f4f23203,es,http://localhost:5050/news/luis-burgueno-andres-nieto-luis-burgueno-andres-nieto-getting-the-deal-through-m-2,200,correcto,1,"Luis Burgueño, Andrés Nieto - Luis Burgueño, Andrés Nieto - Getting The Deal Through, Market Intelligence, Capital Privado en México.","Luis Burgueño, Andrés Nieto - Luis Burgueño, Andrés Nieto - Getting The Deal Through, Market Intelligence, Capital Privado en México. | Von Wobeser y Sierra","Nuestros socios Luis Burgueño y Andrés Nieto, esclarecen temas importantes relacionados al Capital Privado en México. Nuestros socios Luis Burgueño y Andrés…",https://www.vonwobeser.com/news/luis-burgueno-andres-nieto-luis-burgueno-andres-nieto-getting-the-deal-through-m-2,es-MX:https://www.vonwobeser.com/news/luis-burgueno-andres-nieto-luis-burgueno-andres-nieto-getting-the-deal-through-m-2 | en:https://www.vonwobeser.com/news/luis-burgueno-andres-nieto-luis-burgueno-andres-nieto-getting-the-deal-through-m-2?lang=en | x-default:https://www.vonwobeser.com/news/luis-burgueno-andres-nieto-luis-burgueno-andres-nieto-getting-the-deal-through-m-2,,,true,true,http://localhost:5050/images/PDF_news/PDF_articles/2016/MI-3-5-PE-Mexico.pdf,,
76a8b3e1-d84b-4fa0-a3df-a177f4f23203,en,http://localhost:5050/news/luis-burgueno-andres-nieto-luis-burgueno-andres-nieto-getting-the-deal-through-m-2?lang=en,200,correcto,1,"Luis Burgueño, Andrés Nieto - Luis Burgueño, Andrés Nieto - Getting The Deal Through, Market Intelligence, Private Equity in Mexico.","Luis Burgueño, Andrés Nieto - Luis Burgueño, Andrés Nieto - Getting The Deal Through, Market Intelligence, Private Equity in Mexico. | Von Wobeser y Sierra",Our partners Luis Burgueño and Andrés Nieto shed light on important matters relating to private equity in Mexico. Our partners Luis Burgueño and Andrés Nieto…,https://www.vonwobeser.com/news/luis-burgueno-andres-nieto-luis-burgueno-andres-nieto-getting-the-deal-through-m-2?lang=en,es-MX:https://www.vonwobeser.com/news/luis-burgueno-andres-nieto-luis-burgueno-andres-nieto-getting-the-deal-through-m-2 | en:https://www.vonwobeser.com/news/luis-burgueno-andres-nieto-luis-burgueno-andres-nieto-getting-the-deal-through-m-2?lang=en | x-default:https://www.vonwobeser.com/news/luis-burgueno-andres-nieto-luis-burgueno-andres-nieto-getting-the-deal-through-m-2,,,true,true,http://localhost:5050/images/PDF_news/PDF_articles/2016/MI-3-5-PE-Mexico.pdf,,
df1c7d43-e293-4901-991f-ea584362deb0,es,http://localhost:5050/news/adrian-magallanes-diego-sierra-iclg-the-international-comparative-legal-guide-ar,200,correcto,1,"Adrián Magallanes, Diego Sierra – ICLG - The International Comparative Legal Guide: Arbitraje Internacional 2016.","Adrián Magallanes, Diego Sierra – ICLG - The International Comparative Legal Guide: Arbitraje Internacional 2016. | Von Wobeser y Sierra",Una referencia sobre Arbitraje Internacional 2016: Una visión práctica transfronteriza en el arbitraje internacional.,https://www.vonwobeser.com/news/adrian-magallanes-diego-sierra-iclg-the-international-comparative-legal-guide-ar,es-MX:https://www.vonwobeser.com/news/adrian-magallanes-diego-sierra-iclg-the-international-comparative-legal-guide-ar | en:https://www.vonwobeser.com/news/adrian-magallanes-diego-sierra-iclg-the-international-comparative-legal-guide-ar?lang=en | x-default:https://www.vonwobeser.com/news/adrian-magallanes-diego-sierra-iclg-the-international-comparative-legal-guide-ar,,,true,true,http://localhost:5050/images/PDF_news/PDF_articles/2016/IA16_Chapter-40_Mexico.pdf,,
df1c7d43-e293-4901-991f-ea584362deb0,en,http://localhost:5050/news/adrian-magallanes-diego-sierra-iclg-the-international-comparative-legal-guide-ar?lang=en,200,correcto,1,"Adrián Magallanes, Diego Sierra – ICLG - The International Comparative Legal Guide: International Arbitration 2016.","Adrián Magallanes, Diego Sierra – ICLG - The International Comparative Legal Guide: International Arbitration 2016. | Von Wobeser y Sierra",A reference guide on International Arbitration 2016: A practical cross-border insight into international arbitration.,https://www.vonwobeser.com/news/adrian-magallanes-diego-sierra-iclg-the-international-comparative-legal-guide-ar?lang=en,es-MX:https://www.vonwobeser.com/news/adrian-magallanes-diego-sierra-iclg-the-international-comparative-legal-guide-ar | en:https://www.vonwobeser.com/news/adrian-magallanes-diego-sierra-iclg-the-international-comparative-legal-guide-ar?lang=en | x-default:https://www.vonwobeser.com/news/adrian-magallanes-diego-sierra-iclg-the-international-comparative-legal-guide-ar,,,true,true,http://localhost:5050/images/PDF_news/PDF_articles/2016/IA16_Chapter-40_Mexico.pdf,,
638d33c0-180b-4708-9f10-d2806f26eeb2,es,http://localhost:5050/news/edmond-grieger-grupo-reforma-the-energy-issue-new-rules-inversion-en-la-energia-,200,correcto,1,Edmond Grieger- Grupo Reforma; The energy issue – New Rules – Inversión en la energía renovable en México.,Edmond Grieger- Grupo Reforma; The energy issue – New Rules – Inversión en la energía renovable en México. | Von Wobeser y Sierra,"Nuestro socio en Von Wobeser y Sierra, Edmond Grieger da su opinión sobre la inversión en el sector energético en México.",https://www.vonwobeser.com/news/edmond-grieger-grupo-reforma-the-energy-issue-new-rules-inversion-en-la-energia-,es-MX:https://www.vonwobeser.com/news/edmond-grieger-grupo-reforma-the-energy-issue-new-rules-inversion-en-la-energia- | en:https://www.vonwobeser.com/news/edmond-grieger-grupo-reforma-the-energy-issue-new-rules-inversion-en-la-energia-?lang=en | x-default:https://www.vonwobeser.com/news/edmond-grieger-grupo-reforma-the-energy-issue-new-rules-inversion-en-la-energia-,,,true,true,http://localhost:5050/images/PDF_news/PDF_articles/2016/New_Rules1.PDF,,
638d33c0-180b-4708-9f10-d2806f26eeb2,en,http://localhost:5050/news/edmond-grieger-grupo-reforma-the-energy-issue-new-rules-inversion-en-la-energia-?lang=en,200,correcto,1,Edmond Grieger– Grupo Reforma; The energy issue – New Rules – Investing in Mexico's renewable energy.,Edmond Grieger– Grupo Reforma; The energy issue – New Rules – Investing in Mexico's renewable energy. | Von Wobeser y Sierra,"Our partner at Von Wobeser y Sierra, Edmond Grieger, shares his opinion on investment in Mexico's energy sector.",https://www.vonwobeser.com/news/edmond-grieger-grupo-reforma-the-energy-issue-new-rules-inversion-en-la-energia-?lang=en,es-MX:https://www.vonwobeser.com/news/edmond-grieger-grupo-reforma-the-energy-issue-new-rules-inversion-en-la-energia- | en:https://www.vonwobeser.com/news/edmond-grieger-grupo-reforma-the-energy-issue-new-rules-inversion-en-la-energia-?lang=en | x-default:https://www.vonwobeser.com/news/edmond-grieger-grupo-reforma-the-energy-issue-new-rules-inversion-en-la-energia-,,,true,true,http://localhost:5050/images/PDF_news/PDF_articles/2016/New_Rules1.PDF,,
848e5e2a-0b9c-4294-bc9e-de3f17919210,es,http://localhost:5050/news/daniel-huth-daniel-huth-aportacion-especial-de-edmond-grieger-ogel-oil-gas-energ,200,correcto,1,"Daniel Huth - Daniel Huth, *Aportación Especial de Edmond Grieger - OGEL – Oil, Gas & Energy Law – Marzo 2016.","Daniel Huth - Daniel Huth, *Aportación Especial de Edmond Grieger - OGEL – Oil, Gas & Energy Law – Marzo 2016. | Von Wobeser y Sierra",Un grupo de expertos en la práctica de energía ha contribuido en este artículo especial sobre la reforma mexicana de petróleo y gas.,https://www.vonwobeser.com/news/daniel-huth-daniel-huth-aportacion-especial-de-edmond-grieger-ogel-oil-gas-energ,es-MX:https://www.vonwobeser.com/news/daniel-huth-daniel-huth-aportacion-especial-de-edmond-grieger-ogel-oil-gas-energ | en:https://www.vonwobeser.com/news/daniel-huth-daniel-huth-aportacion-especial-de-edmond-grieger-ogel-oil-gas-energ?lang=en | x-default:https://www.vonwobeser.com/news/daniel-huth-daniel-huth-aportacion-especial-de-edmond-grieger-ogel-oil-gas-energ,,,true,true,http://localhost:5050/images/PDF_news/PDF_articles/2016/ov14-1-article08.pdf,,
848e5e2a-0b9c-4294-bc9e-de3f17919210,en,http://localhost:5050/news/daniel-huth-daniel-huth-aportacion-especial-de-edmond-grieger-ogel-oil-gas-energ?lang=en,200,correcto,1,"Daniel Huth – Daniel Huth, *Special Input from Edmond Grieger – OGEL – Oil, Gas & Energy Law – March 2016.","Daniel Huth – Daniel Huth, *Special Input from Edmond Grieger – OGEL – Oil, Gas & Energy Law – March 2016. | Von Wobeser y Sierra",A group of experts in the energy practice has contributed to this special article on Mexico's oil and gas reform.,https://www.vonwobeser.com/news/daniel-huth-daniel-huth-aportacion-especial-de-edmond-grieger-ogel-oil-gas-energ?lang=en,es-MX:https://www.vonwobeser.com/news/daniel-huth-daniel-huth-aportacion-especial-de-edmond-grieger-ogel-oil-gas-energ | en:https://www.vonwobeser.com/news/daniel-huth-daniel-huth-aportacion-especial-de-edmond-grieger-ogel-oil-gas-energ?lang=en | x-default:https://www.vonwobeser.com/news/daniel-huth-daniel-huth-aportacion-especial-de-edmond-grieger-ogel-oil-gas-energ,,,true,true,http://localhost:5050/images/PDF_news/PDF_articles/2016/ov14-1-article08.pdf,,
ec5ed37d-1440-4c12-8860-5b807cd0a5a0,es,http://localhost:5050/news/fernando-carreno-paloma-alcantara-fernando-carreno-paloma-alcantara-law-business-2,200,correcto,1,"Fernando Carreño, Paloma Alcántara - Fernando Carreño, Paloma Alcántara- Law Business Research, The Public Competition Enforcement Review – 8.ª Edición: México","Fernando Carreño, Paloma Alcántara - Fernando Carreño, Paloma Alcántara- Law Business Research, The Public Competition Enforcement Review – 8.ª Edición: México | Von Wobeser y Sierra",Capítulo 20: Referencia de México: Área de Práctica de Competencia Económica,https://www.vonwobeser.com/news/fernando-carreno-paloma-alcantara-fernando-carreno-paloma-alcantara-law-business-2,es-MX:https://www.vonwobeser.com/news/fernando-carreno-paloma-alcantara-fernando-carreno-paloma-alcantara-law-business-2 | en:https://www.vonwobeser.com/news/fernando-carreno-paloma-alcantara-fernando-carreno-paloma-alcantara-law-business-2?lang=en | x-default:https://www.vonwobeser.com/news/fernando-carreno-paloma-alcantara-fernando-carreno-paloma-alcantara-law-business-2,,,true,true,http://localhost:5050/images/PDF_news/PDF_articles/2016/Mexico.pdf,,
ec5ed37d-1440-4c12-8860-5b807cd0a5a0,en,http://localhost:5050/news/fernando-carreno-paloma-alcantara-fernando-carreno-paloma-alcantara-law-business-2?lang=en,200,correcto,1,"Fernando Carreño, Paloma Alcántara – Fernando Carreño, Paloma Alcántara– Law Business Research, The Public Competition Enforcement Review – 8th Edition: Mexico","Fernando Carreño, Paloma Alcántara – Fernando Carreño, Paloma Alcántara– Law Business Research, The Public Competition Enforcement Review – 8th Edition: Mexico | Von Wobeser y Sierra",Chapter 20: Mexico Reference: Antitrust and Competition Practice Area,https://www.vonwobeser.com/news/fernando-carreno-paloma-alcantara-fernando-carreno-paloma-alcantara-law-business-2?lang=en,es-MX:https://www.vonwobeser.com/news/fernando-carreno-paloma-alcantara-fernando-carreno-paloma-alcantara-law-business-2 | en:https://www.vonwobeser.com/news/fernando-carreno-paloma-alcantara-fernando-carreno-paloma-alcantara-law-business-2?lang=en | x-default:https://www.vonwobeser.com/news/fernando-carreno-paloma-alcantara-fernando-carreno-paloma-alcantara-law-business-2,,,true,true,http://localhost:5050/images/PDF_news/PDF_articles/2016/Mexico.pdf,,
adf8a290-bdf4-433f-976a-ec42e0165572,es,http://localhost:5050/news/edmond-grieger-con-la-colaboracion-de-daniel-huth-asociado-extranjero-financier-,200,correcto,1,"Edmond Grieger con la colaboración de Daniel Huth (Asociado extranjero) - Financier Worldwide, Energía y Servicios Públicos 2016","Edmond Grieger con la colaboración de Daniel Huth (Asociado extranjero) - Financier Worldwide, Energía y Servicios Públicos 2016 | Von Wobeser y Sierra","Edmond Grieger, nuestro Socio Encargado de nuestras prácticas de Energía y Recursos Naturales y Ambiental en Von Wobeser y Sierra, participa revisión anual…",https://www.vonwobeser.com/news/edmond-grieger-con-la-colaboracion-de-daniel-huth-asociado-extranjero-financier-,es-MX:https://www.vonwobeser.com/news/edmond-grieger-con-la-colaboracion-de-daniel-huth-asociado-extranjero-financier- | en:https://www.vonwobeser.com/news/edmond-grieger-con-la-colaboracion-de-daniel-huth-asociado-extranjero-financier-?lang=en | x-default:https://www.vonwobeser.com/news/edmond-grieger-con-la-colaboracion-de-daniel-huth-asociado-extranjero-financier-,,,true,true,http://localhost:5050/images/PDF_news/PDF_articles/2016/vwys.pdf,,
adf8a290-bdf4-433f-976a-ec42e0165572,en,http://localhost:5050/news/edmond-grieger-con-la-colaboracion-de-daniel-huth-asociado-extranjero-financier-?lang=en,200,correcto,1,"Edmond Grieger with the collaboration of Daniel Huth (Foreign Associate) – Financier Worldwide, Energy & Utilities 2016","Edmond Grieger with the collaboration of Daniel Huth (Foreign Associate) – Financier Worldwide, Energy & Utilities 2016 | Von Wobeser y Sierra","Edmond Grieger, our Partner in charge of our Energy, Natural Resources and Environmental practices at Von Wobeser y Sierra, takes part in the 2016 Annual…",https://www.vonwobeser.com/news/edmond-grieger-con-la-colaboracion-de-daniel-huth-asociado-extranjero-financier-?lang=en,es-MX:https://www.vonwobeser.com/news/edmond-grieger-con-la-colaboracion-de-daniel-huth-asociado-extranjero-financier- | en:https://www.vonwobeser.com/news/edmond-grieger-con-la-colaboracion-de-daniel-huth-asociado-extranjero-financier-?lang=en | x-default:https://www.vonwobeser.com/news/edmond-grieger-con-la-colaboracion-de-daniel-huth-asociado-extranjero-financier-,,,true,true,http://localhost:5050/images/PDF_news/PDF_articles/2016/vwys.pdf,,
4924241f-9975-4218-9956-4b9739a44843,es,http://localhost:5050/news/andres-nieto-plc-leading-and-taking-security-en-mexico,200,correcto,1,Andrés Nieto - PLC Leading and taking security en México.,Andrés Nieto - PLC Leading and taking security en México. | Von Wobeser y Sierra,PLC: Referencia México: Bursátil y Mercados de Capital.,https://www.vonwobeser.com/news/andres-nieto-plc-leading-and-taking-security-en-mexico,es-MX:https://www.vonwobeser.com/news/andres-nieto-plc-leading-and-taking-security-en-mexico | en:https://www.vonwobeser.com/news/andres-nieto-plc-leading-and-taking-security-en-mexico?lang=en | x-default:https://www.vonwobeser.com/news/andres-nieto-plc-leading-and-taking-security-en-mexico,,,true,true,http://localhost:5050/images/PDF_news/PDF_articles/2015/vwys0412.pdf,,
4924241f-9975-4218-9956-4b9739a44843,en,http://localhost:5050/news/andres-nieto-plc-leading-and-taking-security-en-mexico?lang=en,200,correcto,1,Andrés Nieto - PLC Leading and taking security in Mexico.,Andrés Nieto - PLC Leading and taking security in Mexico. | Von Wobeser y Sierra,PLC: Reference Guide Mexico: Securities & Capital Markets.,https://www.vonwobeser.com/news/andres-nieto-plc-leading-and-taking-security-en-mexico?lang=en,es-MX:https://www.vonwobeser.com/news/andres-nieto-plc-leading-and-taking-security-en-mexico | en:https://www.vonwobeser.com/news/andres-nieto-plc-leading-and-taking-security-en-mexico?lang=en | x-default:https://www.vonwobeser.com/news/andres-nieto-plc-leading-and-taking-security-en-mexico,,,true,true,http://localhost:5050/images/PDF_news/PDF_articles/2015/vwys0412.pdf,,
92fab304-00a7-44c8-a0bc-23eeb2cb7096,es,http://localhost:5050/news/rodolfo-trampe-y-jorge-diaz-getting-the-deal-through-outsourcing-2016-2,200,correcto,1,Rodolfo Trampe y Jorge Díaz - Getting the Deal Through-Outsourcing 2016,Rodolfo Trampe y Jorge Díaz - Getting the Deal Through-Outsourcing 2016 | Von Wobeser y Sierra,Una referencia sobre Outsourcing en 2016.,https://www.vonwobeser.com/news/rodolfo-trampe-y-jorge-diaz-getting-the-deal-through-outsourcing-2016-2,es-MX:https://www.vonwobeser.com/news/rodolfo-trampe-y-jorge-diaz-getting-the-deal-through-outsourcing-2016-2 | en:https://www.vonwobeser.com/news/rodolfo-trampe-y-jorge-diaz-getting-the-deal-through-outsourcing-2016-2?lang=en | x-default:https://www.vonwobeser.com/news/rodolfo-trampe-y-jorge-diaz-getting-the-deal-through-outsourcing-2016-2,,,true,true,http://localhost:5050/images/PDF_news/PDF_articles/2015/OS2016_Mexico.pdf,,
92fab304-00a7-44c8-a0bc-23eeb2cb7096,en,http://localhost:5050/news/rodolfo-trampe-y-jorge-diaz-getting-the-deal-through-outsourcing-2016-2?lang=en,200,correcto,1,Rodolfo Trampe y Jorge Díaz - Getting the Deal Through-Outsourcing 2016,Rodolfo Trampe y Jorge Díaz - Getting the Deal Through-Outsourcing 2016 | Von Wobeser y Sierra,A reference on Outsourcing in 2016.,https://www.vonwobeser.com/news/rodolfo-trampe-y-jorge-diaz-getting-the-deal-through-outsourcing-2016-2?lang=en,es-MX:https://www.vonwobeser.com/news/rodolfo-trampe-y-jorge-diaz-getting-the-deal-through-outsourcing-2016-2 | en:https://www.vonwobeser.com/news/rodolfo-trampe-y-jorge-diaz-getting-the-deal-through-outsourcing-2016-2?lang=en | x-default:https://www.vonwobeser.com/news/rodolfo-trampe-y-jorge-diaz-getting-the-deal-through-outsourcing-2016-2,,,true,true,http://localhost:5050/images/PDF_news/PDF_articles/2015/OS2016_Mexico.pdf,,
f0f2685e-e88b-4c22-9567-0f9a84728396,es,http://localhost:5050/news/luis-burgueno-andres-nieto-getting-the-deal-through-market-intelligence-capital-,200,correcto,1,"Luis Burgueño, Andrés Nieto - Getting The Deal Through, Market Intelligence, Capital Privado en México.","Luis Burgueño, Andrés Nieto - Getting The Deal Through, Market Intelligence, Capital Privado en México. | Von Wobeser y Sierra","Nuestros socios Luis Burgueño y Andrés Nieto, esclarecen temas importantes relacionados al Capital Privado en México.",https://www.vonwobeser.com/news/luis-burgueno-andres-nieto-getting-the-deal-through-market-intelligence-capital-,es-MX:https://www.vonwobeser.com/news/luis-burgueno-andres-nieto-getting-the-deal-through-market-intelligence-capital- | en:https://www.vonwobeser.com/news/luis-burgueno-andres-nieto-getting-the-deal-through-market-intelligence-capital-?lang=en | x-default:https://www.vonwobeser.com/news/luis-burgueno-andres-nieto-getting-the-deal-through-market-intelligence-capital-,,,true,true,http://localhost:5050/images/PDF_news/PDF_articles/2015/marketintelligence.pdf,,
f0f2685e-e88b-4c22-9567-0f9a84728396,en,http://localhost:5050/news/luis-burgueno-andres-nieto-getting-the-deal-through-market-intelligence-capital-?lang=en,200,correcto,1,"Luis Burgueño, Andrés Nieto - Getting The Deal Through, Market Intelligence, Private Equity in Mexico.","Luis Burgueño, Andrés Nieto - Getting The Deal Through, Market Intelligence, Private Equity in Mexico. | Von Wobeser y Sierra",Our partners Luis Burgueño and Andrés Nieto clarify important matters related to Private Equity in Mexico.,https://www.vonwobeser.com/news/luis-burgueno-andres-nieto-getting-the-deal-through-market-intelligence-capital-?lang=en,es-MX:https://www.vonwobeser.com/news/luis-burgueno-andres-nieto-getting-the-deal-through-market-intelligence-capital- | en:https://www.vonwobeser.com/news/luis-burgueno-andres-nieto-getting-the-deal-through-market-intelligence-capital-?lang=en | x-default:https://www.vonwobeser.com/news/luis-burgueno-andres-nieto-getting-the-deal-through-market-intelligence-capital-,,,true,true,http://localhost:5050/images/PDF_news/PDF_articles/2015/marketintelligence.pdf,,
19da683e-cc0c-4713-a7f3-ad0e6fcf4e36,es,http://localhost:5050/news/luis-burgueno-andres-nieto-international-bar-association-north-american-regional-2,200,correcto,1,"Luis Burgueño, Andrés Nieto - International Bar Association, North American Regional Forum News, Sociedades de participación limitada: una nueva forma de invertir en México.","Luis Burgueño, Andrés Nieto - International Bar Association, North American Regional Forum News, Sociedades de participación limitada: una nueva forma de invertir en México. | Von Wobeser y Sierra",IBA Arbitration Guide: México.,https://www.vonwobeser.com/news/luis-burgueno-andres-nieto-international-bar-association-north-american-regional-2,es-MX:https://www.vonwobeser.com/news/luis-burgueno-andres-nieto-international-bar-association-north-american-regional-2 | en:https://www.vonwobeser.com/news/luis-burgueno-andres-nieto-international-bar-association-north-american-regional-2?lang=en | x-default:https://www.vonwobeser.com/news/luis-burgueno-andres-nieto-international-bar-association-north-american-regional-2,,,true,true,http://localhost:5050/images/PDF_news/PDF_articles/2015/North_American_Regional_Forum_News_Sept_2015.pdf,,
19da683e-cc0c-4713-a7f3-ad0e6fcf4e36,en,http://localhost:5050/news/luis-burgueno-andres-nieto-international-bar-association-north-american-regional-2?lang=en,200,correcto,1,"Luis Burgueño, Andrés Nieto - International Bar Association, North American Regional Forum News, Master limited partnerships: a new way to invest in Mexico.","Luis Burgueño, Andrés Nieto - International Bar Association, North American Regional Forum News, Master limited partnerships: a new way to invest in Mexico. | Von Wobeser y Sierra",IBA Arbitration Guide: Mexico.,https://www.vonwobeser.com/news/luis-burgueno-andres-nieto-international-bar-association-north-american-regional-2?lang=en,es-MX:https://www.vonwobeser.com/news/luis-burgueno-andres-nieto-international-bar-association-north-american-regional-2 | en:https://www.vonwobeser.com/news/luis-burgueno-andres-nieto-international-bar-association-north-american-regional-2?lang=en | x-default:https://www.vonwobeser.com/news/luis-burgueno-andres-nieto-international-bar-association-north-american-regional-2,,,true,true,http://localhost:5050/images/PDF_news/PDF_articles/2015/North_American_Regional_Forum_News_Sept_2015.pdf,,
9fa56e25-2a92-478f-bce5-7ea3e1140470,es,http://localhost:5050/news/adrian-magallanes-plc-class-actions-1st-edition-global-guide-2,200,correcto,1,Adrián Magallanes - PLC - Class Actions 1st Edition Global Guide.,Adrián Magallanes - PLC - Class Actions 1st Edition Global Guide. | Von Wobeser y Sierra,Favor de dar clic para descargar el PDF completo.,https://www.vonwobeser.com/news/adrian-magallanes-plc-class-actions-1st-edition-global-guide-2,es-MX:https://www.vonwobeser.com/news/adrian-magallanes-plc-class-actions-1st-edition-global-guide-2 | en:https://www.vonwobeser.com/news/adrian-magallanes-plc-class-actions-1st-edition-global-guide-2?lang=en | x-default:https://www.vonwobeser.com/news/adrian-magallanes-plc-class-actions-1st-edition-global-guide-2,,,true,true,http://localhost:5050/images/PDF_news/PDF_articles/2015/classactions.pdf,,
9fa56e25-2a92-478f-bce5-7ea3e1140470,en,http://localhost:5050/news/adrian-magallanes-plc-class-actions-1st-edition-global-guide-2?lang=en,200,correcto,1,Adrián Magallanes - PLC - Class Actions 1st Edition Global Guide.,Adrián Magallanes - PLC - Class Actions 1st Edition Global Guide. | Von Wobeser y Sierra,Please click to download the complete PDF.,https://www.vonwobeser.com/news/adrian-magallanes-plc-class-actions-1st-edition-global-guide-2?lang=en,es-MX:https://www.vonwobeser.com/news/adrian-magallanes-plc-class-actions-1st-edition-global-guide-2 | en:https://www.vonwobeser.com/news/adrian-magallanes-plc-class-actions-1st-edition-global-guide-2?lang=en | x-default:https://www.vonwobeser.com/news/adrian-magallanes-plc-class-actions-1st-edition-global-guide-2,,,true,true,http://localhost:5050/images/PDF_news/PDF_articles/2015/classactions.pdf,,
766c7a97-103a-402e-ad0d-501dcf758039,es,http://localhost:5050/news/fernando-carreno-paloma-alcantara-global-competition-review-the-antitrust-review-3,200,correcto,1,"Fernando Carreño, Paloma Alcántara - Global Competition Review, The Antitrust Review of the Americas 2016, México.","Fernando Carreño, Paloma Alcántara - Global Competition Review, The Antitrust Review of the Americas 2016, México. | Von Wobeser y Sierra","Los cambios importantes recientemente hechos en México, dirigidos a la Ley Federal de Competencia son considerados un gran paso para nuestro continente…",https://www.vonwobeser.com/news/fernando-carreno-paloma-alcantara-global-competition-review-the-antitrust-review-3,es-MX:https://www.vonwobeser.com/news/fernando-carreno-paloma-alcantara-global-competition-review-the-antitrust-review-3 | en:https://www.vonwobeser.com/news/fernando-carreno-paloma-alcantara-global-competition-review-the-antitrust-review-3?lang=en | x-default:https://www.vonwobeser.com/news/fernando-carreno-paloma-alcantara-global-competition-review-the-antitrust-review-3,,,true,true,http://localhost:5050/images/PDF_news/PDF_articles/2015/Mexico_Overview.pdf,,
766c7a97-103a-402e-ad0d-501dcf758039,en,http://localhost:5050/news/fernando-carreno-paloma-alcantara-global-competition-review-the-antitrust-review-3?lang=en,200,correcto,1,"Fernando Carreño, Paloma Alcántara - Global Competition Review, The Antitrust Review of the Americas 2016, Mexico.","Fernando Carreño, Paloma Alcántara - Global Competition Review, The Antitrust Review of the Americas 2016, Mexico. | Von Wobeser y Sierra","The important changes recently made in Mexico to the Federal Economic Competition Law are considered a great step for our continent, both legislatively and in…",https://www.vonwobeser.com/news/fernando-carreno-paloma-alcantara-global-competition-review-the-antitrust-review-3?lang=en,es-MX:https://www.vonwobeser.com/news/fernando-carreno-paloma-alcantara-global-competition-review-the-antitrust-review-3 | en:https://www.vonwobeser.com/news/fernando-carreno-paloma-alcantara-global-competition-review-the-antitrust-review-3?lang=en | x-default:https://www.vonwobeser.com/news/fernando-carreno-paloma-alcantara-global-competition-review-the-antitrust-review-3,,,true,true,http://localhost:5050/images/PDF_news/PDF_articles/2015/Mexico_Overview.pdf,,
57aa2df5-10db-4548-8bb2-6f1b2d2d5640,es,http://localhost:5050/news/luis-burgueno-andres-nieto-law-business-research-mergers-acquisitions-review-mex-2,200,correcto,1,"Luis Burgueño, Andrés Nieto - Law Business Research, Mergers & Acquisitions Review: México","Luis Burgueño, Andrés Nieto - Law Business Research, Mergers & Acquisitions Review: México | Von Wobeser y Sierra",Capítulo 44: Referencia México: Fusiones y Adquisiciones.,https://www.vonwobeser.com/news/luis-burgueno-andres-nieto-law-business-research-mergers-acquisitions-review-mex-2,es-MX:https://www.vonwobeser.com/news/luis-burgueno-andres-nieto-law-business-research-mergers-acquisitions-review-mex-2 | en:https://www.vonwobeser.com/news/luis-burgueno-andres-nieto-law-business-research-mergers-acquisitions-review-mex-2?lang=en | x-default:https://www.vonwobeser.com/news/luis-burgueno-andres-nieto-law-business-research-mergers-acquisitions-review-mex-2,,,true,true,http://localhost:5050/images/PDF_news/PDF_articles/2015/Mexico.pdf,,
57aa2df5-10db-4548-8bb2-6f1b2d2d5640,en,http://localhost:5050/news/luis-burgueno-andres-nieto-law-business-research-mergers-acquisitions-review-mex-2?lang=en,200,correcto,1,"Luis Burgueño, Andrés Nieto - Law Business Research, Mergers & Acquisitions Review: Mexico","Luis Burgueño, Andrés Nieto - Law Business Research, Mergers & Acquisitions Review: Mexico | Von Wobeser y Sierra",Chapter 44: Reference Guide Mexico: Mergers & Acquisitions.,https://www.vonwobeser.com/news/luis-burgueno-andres-nieto-law-business-research-mergers-acquisitions-review-mex-2?lang=en,es-MX:https://www.vonwobeser.com/news/luis-burgueno-andres-nieto-law-business-research-mergers-acquisitions-review-mex-2 | en:https://www.vonwobeser.com/news/luis-burgueno-andres-nieto-law-business-research-mergers-acquisitions-review-mex-2?lang=en | x-default:https://www.vonwobeser.com/news/luis-burgueno-andres-nieto-law-business-research-mergers-acquisitions-review-mex-2,,,true,true,http://localhost:5050/images/PDF_news/PDF_articles/2015/Mexico.pdf,,
5a16386e-0b48-4f13-a2aa-d5b43fd4a28c,es,http://localhost:5050/news/diego-sierra-global-investigations-review-reforma-de-anticorrupcion-en-mexico,200,correcto,1,"Diego Sierra - Global Investigations Review, Reforma de anticorrupción en México.","Diego Sierra - Global Investigations Review, Reforma de anticorrupción en México. | Von Wobeser y Sierra","Reformas para fortalecer la transparencia, la rendición de cuentas y la lucha contra la corrupción.",https://www.vonwobeser.com/news/diego-sierra-global-investigations-review-reforma-de-anticorrupcion-en-mexico,es-MX:https://www.vonwobeser.com/news/diego-sierra-global-investigations-review-reforma-de-anticorrupcion-en-mexico | en:https://www.vonwobeser.com/news/diego-sierra-global-investigations-review-reforma-de-anticorrupcion-en-mexico?lang=en | x-default:https://www.vonwobeser.com/news/diego-sierra-global-investigations-review-reforma-de-anticorrupcion-en-mexico,,,true,true,http://localhost:5050/images/PDF_news/PDF_articles/2015/Mexico-Overviewsep15.pdf,,
5a16386e-0b48-4f13-a2aa-d5b43fd4a28c,en,http://localhost:5050/news/diego-sierra-global-investigations-review-reforma-de-anticorrupcion-en-mexico?lang=en,200,correcto,1,"Diego Sierra - Global Investigations Review, Anti-corruption reform in Mexico.","Diego Sierra - Global Investigations Review, Anti-corruption reform in Mexico. | Von Wobeser y Sierra","Reforms to strengthen transparency, accountability and the fight against corruption.",https://www.vonwobeser.com/news/diego-sierra-global-investigations-review-reforma-de-anticorrupcion-en-mexico?lang=en,es-MX:https://www.vonwobeser.com/news/diego-sierra-global-investigations-review-reforma-de-anticorrupcion-en-mexico | en:https://www.vonwobeser.com/news/diego-sierra-global-investigations-review-reforma-de-anticorrupcion-en-mexico?lang=en | x-default:https://www.vonwobeser.com/news/diego-sierra-global-investigations-review-reforma-de-anticorrupcion-en-mexico,,,true,true,http://localhost:5050/images/PDF_news/PDF_articles/2015/Mexico-Overviewsep15.pdf,,
cbdc4a73-bbce-40de-8930-08f48168dcbd,es,http://localhost:5050/news/edmond-grieger-financier-worldwide-petroleo-y-gas-2015,200,correcto,1,"Edmond Grieger - Financier Worldwide, Petróleo y Gas 2015","Edmond Grieger - Financier Worldwide, Petróleo y Gas 2015 | Von Wobeser y Sierra","Edmond Grieger, nuestro Socio Encargado de nuestras prácticas de Energía y Recursos Naturales y Ambiental en Von Wobeser y Sierra, comparte su opinión sobre la…",https://www.vonwobeser.com/news/edmond-grieger-financier-worldwide-petroleo-y-gas-2015,es-MX:https://www.vonwobeser.com/news/edmond-grieger-financier-worldwide-petroleo-y-gas-2015 | en:https://www.vonwobeser.com/news/edmond-grieger-financier-worldwide-petroleo-y-gas-2015?lang=en | x-default:https://www.vonwobeser.com/news/edmond-grieger-financier-worldwide-petroleo-y-gas-2015,,,true,true,http://localhost:5050/images/PDF_news/PDF_articles/2015/FINANCIER.pdf,,
cbdc4a73-bbce-40de-8930-08f48168dcbd,en,http://localhost:5050/news/edmond-grieger-financier-worldwide-petroleo-y-gas-2015?lang=en,200,correcto,1,"Edmond Grieger - Financier Worldwide, Oil & Gas 2015","Edmond Grieger - Financier Worldwide, Oil & Gas 2015 | Von Wobeser y Sierra","Edmond Grieger, our Head Partner of our Energy & Natural Resources and Environment practices at Von Wobeser y Sierra, shares his opinion on the Energy Reform…",https://www.vonwobeser.com/news/edmond-grieger-financier-worldwide-petroleo-y-gas-2015?lang=en,es-MX:https://www.vonwobeser.com/news/edmond-grieger-financier-worldwide-petroleo-y-gas-2015 | en:https://www.vonwobeser.com/news/edmond-grieger-financier-worldwide-petroleo-y-gas-2015?lang=en | x-default:https://www.vonwobeser.com/news/edmond-grieger-financier-worldwide-petroleo-y-gas-2015,,,true,true,http://localhost:5050/images/PDF_news/PDF_articles/2015/FINANCIER.pdf,,
10791a99-f38f-4bf1-8dce-8e45d065111f,es,http://localhost:5050/news/claus-von-wobeser-adrian-magallanes-chambers-global-practice-guides-arbitraje-in,200,correcto,1,"Claus von Wobeser, Adrian Magallanes - Chambers- Global Practice Guides, Arbitraje Internacional: México- Aplicación de la Ley, Mayo 2015, México.","Claus von Wobeser, Adrian Magallanes - Chambers- Global Practice Guides, Arbitraje Internacional: México- Aplicación de la Ley, Mayo 2015, México. | Von Wobeser y Sierra","Adrián Magallanes, nuestro Socio en Von Wobeser y Sierra, comparte información importante sobre el Arbitraje Internacional- México- Aplicación de la Ley.",https://www.vonwobeser.com/news/claus-von-wobeser-adrian-magallanes-chambers-global-practice-guides-arbitraje-in,es-MX:https://www.vonwobeser.com/news/claus-von-wobeser-adrian-magallanes-chambers-global-practice-guides-arbitraje-in | en:https://www.vonwobeser.com/news/claus-von-wobeser-adrian-magallanes-chambers-global-practice-guides-arbitraje-in?lang=en | x-default:https://www.vonwobeser.com/news/claus-von-wobeser-adrian-magallanes-chambers-global-practice-guides-arbitraje-in,,,true,true,http://localhost:5050/images/PDF_news/PDF_articles/2015/MEXICO_LandP.PDF,,
10791a99-f38f-4bf1-8dce-8e45d065111f,en,http://localhost:5050/news/claus-von-wobeser-adrian-magallanes-chambers-global-practice-guides-arbitraje-in?lang=en,200,correcto,1,"Claus von Wobeser, Adrián Magallanes - Chambers- Global Practice Guides, International Arbitration: Mexico- Law & Practice, May 2015, Mexico.","Claus von Wobeser, Adrián Magallanes - Chambers- Global Practice Guides, International Arbitration: Mexico- Law & Practice, May 2015, Mexico. | Von Wobeser y Sierra","Adrián Magallanes, our Partner at Von Wobeser y Sierra, shares important information on International Arbitration- Mexico- Law & Practice.",https://www.vonwobeser.com/news/claus-von-wobeser-adrian-magallanes-chambers-global-practice-guides-arbitraje-in?lang=en,es-MX:https://www.vonwobeser.com/news/claus-von-wobeser-adrian-magallanes-chambers-global-practice-guides-arbitraje-in | en:https://www.vonwobeser.com/news/claus-von-wobeser-adrian-magallanes-chambers-global-practice-guides-arbitraje-in?lang=en | x-default:https://www.vonwobeser.com/news/claus-von-wobeser-adrian-magallanes-chambers-global-practice-guides-arbitraje-in,,,true,true,http://localhost:5050/images/PDF_news/PDF_articles/2015/MEXICO_LandP.PDF,,
5f5e060a-c7c6-4236-af71-90bf25cfcbae,es,http://localhost:5050/news/claus-von-wobeser-adrian-magallanes-chambers-global-practice-guides-arbitraje-in-2,200,correcto,1,"Claus von Wobeser, Adrian Magallanes - Chambers- Global Practice Guides, Arbitraje Internacional: México- Tendencias y Desarrollos, Mayo 2015, México.","Claus von Wobeser, Adrian Magallanes - Chambers- Global Practice Guides, Arbitraje Internacional: México- Tendencias y Desarrollos, Mayo 2015, México. | Von Wobeser y Sierra","Adrián Magallanes, nuestro Socio en Von Wobeser y Sierra, comparte información importante sobre el Arbitraje Internacional- México- Tendencias y Desarrollos.",https://www.vonwobeser.com/news/claus-von-wobeser-adrian-magallanes-chambers-global-practice-guides-arbitraje-in-2,es-MX:https://www.vonwobeser.com/news/claus-von-wobeser-adrian-magallanes-chambers-global-practice-guides-arbitraje-in-2 | en:https://www.vonwobeser.com/news/claus-von-wobeser-adrian-magallanes-chambers-global-practice-guides-arbitraje-in-2?lang=en | x-default:https://www.vonwobeser.com/news/claus-von-wobeser-adrian-magallanes-chambers-global-practice-guides-arbitraje-in-2,,,true,true,http://localhost:5050/images/PDF_news/PDF_articles/2015/MEXICO_TD.PDF,,
5f5e060a-c7c6-4236-af71-90bf25cfcbae,en,http://localhost:5050/news/claus-von-wobeser-adrian-magallanes-chambers-global-practice-guides-arbitraje-in-2?lang=en,200,correcto,1,"Claus von Wobeser, Adrián Magallanes - Chambers- Global Practice Guides, International Arbitration: Mexico- Trends & Developments, May 2015, Mexico.","Claus von Wobeser, Adrián Magallanes - Chambers- Global Practice Guides, International Arbitration: Mexico- Trends & Developments, May 2015, Mexico. | Von Wobeser y Sierra","Adrián Magallanes, our Partner at Von Wobeser y Sierra, shares important information on International Arbitration- Mexico- Trends & Developments.",https://www.vonwobeser.com/news/claus-von-wobeser-adrian-magallanes-chambers-global-practice-guides-arbitraje-in-2?lang=en,es-MX:https://www.vonwobeser.com/news/claus-von-wobeser-adrian-magallanes-chambers-global-practice-guides-arbitraje-in-2 | en:https://www.vonwobeser.com/news/claus-von-wobeser-adrian-magallanes-chambers-global-practice-guides-arbitraje-in-2?lang=en | x-default:https://www.vonwobeser.com/news/claus-von-wobeser-adrian-magallanes-chambers-global-practice-guides-arbitraje-in-2,,,true,true,http://localhost:5050/images/PDF_news/PDF_articles/2015/MEXICO_TD.PDF,,
dc2b56c5-6e09-4f0e-b033-47c4e00841d5,es,http://localhost:5050/news/andres-nieto-getting-the-deal-through-financiamiento-estructurado-y-bursatilizac,200,correcto,1,Andrés Nieto - Getting the Deal Through: Financiamiento Estructurado y Bursatilización,Andrés Nieto - Getting the Deal Through: Financiamiento Estructurado y Bursatilización | Von Wobeser y Sierra,Andrés Nieto nuestro Socio Encargado de la Práctica de Bancario y Financiero en Von Wobeser y Sierra contesta preguntas importantes sobre el manejo de…,https://www.vonwobeser.com/news/andres-nieto-getting-the-deal-through-financiamiento-estructurado-y-bursatilizac,es-MX:https://www.vonwobeser.com/news/andres-nieto-getting-the-deal-through-financiamiento-estructurado-y-bursatilizac | en:https://www.vonwobeser.com/news/andres-nieto-getting-the-deal-through-financiamiento-estructurado-y-bursatilizac?lang=en | x-default:https://www.vonwobeser.com/news/andres-nieto-getting-the-deal-through-financiamiento-estructurado-y-bursatilizac,,,true,true,http://localhost:5050/images/PDF_news/PDF_articles/2015/VWYS-_5099-v1-Andres_Nieto__Getting_the_Deal_Throug__Structured_Finance_Securitisation__april_20151.pdf,,
dc2b56c5-6e09-4f0e-b033-47c4e00841d5,en,http://localhost:5050/news/andres-nieto-getting-the-deal-through-financiamiento-estructurado-y-bursatilizac?lang=en,200,correcto,1,Andrés Nieto - Getting the Deal Through: Structured Finance & Securitisation,Andrés Nieto - Getting the Deal Through: Structured Finance & Securitisation | Von Wobeser y Sierra,"Andrés Nieto, our Head Partner of the Banking & Finance Practice at Von Wobeser y Sierra, answers important questions on the handling of Structured Finance &…",https://www.vonwobeser.com/news/andres-nieto-getting-the-deal-through-financiamiento-estructurado-y-bursatilizac?lang=en,es-MX:https://www.vonwobeser.com/news/andres-nieto-getting-the-deal-through-financiamiento-estructurado-y-bursatilizac | en:https://www.vonwobeser.com/news/andres-nieto-getting-the-deal-through-financiamiento-estructurado-y-bursatilizac?lang=en | x-default:https://www.vonwobeser.com/news/andres-nieto-getting-the-deal-through-financiamiento-estructurado-y-bursatilizac,,,true,true,http://localhost:5050/images/PDF_news/PDF_articles/2015/VWYS-_5099-v1-Andres_Nieto__Getting_the_Deal_Throug__Structured_Finance_Securitisation__april_20151.pdf,,
87305d2a-2d2a-44f6-acea-ec5730d17f45,es,http://localhost:5050/news/andres-nieto-getting-the-deal-through-regulacion-bancaria-en-mexico,200,correcto,1,"Andrés Nieto - Getting The Deal Through, Regulación Bancaria en México","Andrés Nieto - Getting The Deal Through, Regulación Bancaria en México | Von Wobeser y Sierra","Andrés Nieto nuestro socio de Von Wobeser y Sierra, esclarece temas importantes relacionados a la regulación bancaria en México.",https://www.vonwobeser.com/news/andres-nieto-getting-the-deal-through-regulacion-bancaria-en-mexico,es-MX:https://www.vonwobeser.com/news/andres-nieto-getting-the-deal-through-regulacion-bancaria-en-mexico | en:https://www.vonwobeser.com/news/andres-nieto-getting-the-deal-through-regulacion-bancaria-en-mexico?lang=en | x-default:https://www.vonwobeser.com/news/andres-nieto-getting-the-deal-through-regulacion-bancaria-en-mexico,,,true,true,http://localhost:5050/images/PDF_news/PDF_articles/2015/VWYS_2603-v1-CHAMBERS_AND_PARTNERS_COMPETITION_ANTITRUST_MEXICO.PDF,,
87305d2a-2d2a-44f6-acea-ec5730d17f45,en,http://localhost:5050/news/andres-nieto-getting-the-deal-through-regulacion-bancaria-en-mexico?lang=en,200,correcto,1,"Andrés Nieto - Getting The Deal Through, Banking Regulation in Mexico","Andrés Nieto - Getting The Deal Through, Banking Regulation in Mexico | Von Wobeser y Sierra","Andrés Nieto, our Partner at Von Wobeser y Sierra, clarifies important matters relating to banking regulation in Mexico.",https://www.vonwobeser.com/news/andres-nieto-getting-the-deal-through-regulacion-bancaria-en-mexico?lang=en,es-MX:https://www.vonwobeser.com/news/andres-nieto-getting-the-deal-through-regulacion-bancaria-en-mexico | en:https://www.vonwobeser.com/news/andres-nieto-getting-the-deal-through-regulacion-bancaria-en-mexico?lang=en | x-default:https://www.vonwobeser.com/news/andres-nieto-getting-the-deal-through-regulacion-bancaria-en-mexico,,,true,true,http://localhost:5050/images/PDF_news/PDF_articles/2015/VWYS_2603-v1-CHAMBERS_AND_PARTNERS_COMPETITION_ANTITRUST_MEXICO.PDF,,
da86183f-5f92-462d-bd83-f27558341942,es,http://localhost:5050/news/fernando-carreno-chambers-partners-guia-practica-legal-competencia-carteles,200,correcto,1,"Fernando Carreño - Chambers & Partners, Guía Práctica Legal; Competencia/ Carteles","Fernando Carreño - Chambers & Partners, Guía Práctica Legal; Competencia/ Carteles | Von Wobeser y Sierra",Nuestro Socio Fernando Carreño opina sobre aspectos de competencia de tratos corporativos antes de la aparición de la Comisión Federal de Competencia Económica…,https://www.vonwobeser.com/news/fernando-carreno-chambers-partners-guia-practica-legal-competencia-carteles,es-MX:https://www.vonwobeser.com/news/fernando-carreno-chambers-partners-guia-practica-legal-competencia-carteles | en:https://www.vonwobeser.com/news/fernando-carreno-chambers-partners-guia-practica-legal-competencia-carteles?lang=en | x-default:https://www.vonwobeser.com/news/fernando-carreno-chambers-partners-guia-practica-legal-competencia-carteles,,,true,true,http://localhost:5050/images/PDF_news/PDF_articles/2015/VWYS_2603-v1-CHAMBERS_AND_PARTNERS_COMPETITION_ANTITRUST_MEXICO.PDF,,
da86183f-5f92-462d-bd83-f27558341942,en,http://localhost:5050/news/fernando-carreno-chambers-partners-guia-practica-legal-competencia-carteles?lang=en,200,correcto,1,"Fernando Carreño - Chambers & Partners, Legal Practice Guide; Competition/ Cartels","Fernando Carreño - Chambers & Partners, Legal Practice Guide; Competition/ Cartels | Von Wobeser y Sierra",Our Partner Fernando Carreño provides his views on the competition aspects of corporate deals before the emergence of Mexico's Federal Economic Competition…,https://www.vonwobeser.com/news/fernando-carreno-chambers-partners-guia-practica-legal-competencia-carteles?lang=en,es-MX:https://www.vonwobeser.com/news/fernando-carreno-chambers-partners-guia-practica-legal-competencia-carteles | en:https://www.vonwobeser.com/news/fernando-carreno-chambers-partners-guia-practica-legal-competencia-carteles?lang=en | x-default:https://www.vonwobeser.com/news/fernando-carreno-chambers-partners-guia-practica-legal-competencia-carteles,,,true,true,http://localhost:5050/images/PDF_news/PDF_articles/2015/VWYS_2603-v1-CHAMBERS_AND_PARTNERS_COMPETITION_ANTITRUST_MEXICO.PDF,,
1fedc659-69d8-4b81-b4fd-4477e67bcd0e,es,http://localhost:5050/news/adrian-magallanes-global-law-and-business-ejecucion-de-laudos-arbitrales-relativ,200,correcto,1,"Adrian Magallanes - Global Law and Business, Ejecución de laudos arbitrales relativos a arbitraje de inversión, México","Adrian Magallanes - Global Law and Business, Ejecución de laudos arbitrales relativos a arbitraje de inversión, México | Von Wobeser y Sierra","Adrián Magallanes, nuestro Socio en Von Wobeser y Sierra, comparte información importante sobre el arbitraje de inversionista-estado en México.",https://www.vonwobeser.com/news/adrian-magallanes-global-law-and-business-ejecucion-de-laudos-arbitrales-relativ,es-MX:https://www.vonwobeser.com/news/adrian-magallanes-global-law-and-business-ejecucion-de-laudos-arbitrales-relativ | en:https://www.vonwobeser.com/news/adrian-magallanes-global-law-and-business-ejecucion-de-laudos-arbitrales-relativ?lang=en | x-default:https://www.vonwobeser.com/news/adrian-magallanes-global-law-and-business-ejecucion-de-laudos-arbitrales-relativ,,,true,true,http://localhost:5050/images/PDF_news/PDF_articles/2015/Enforcement_of_Investment_Treaty_Arbitration_Awards_Mexico.pdf,,
1fedc659-69d8-4b81-b4fd-4477e67bcd0e,en,http://localhost:5050/news/adrian-magallanes-global-law-and-business-ejecucion-de-laudos-arbitrales-relativ?lang=en,200,correcto,1,"Adrian Magallanes - Global Law and Business, Enforcement of Investment Treaty Arbitration Awards, Mexico","Adrian Magallanes - Global Law and Business, Enforcement of Investment Treaty Arbitration Awards, Mexico | Von Wobeser y Sierra","Adrián Magallanes, our Partner at Von Wobeser y Sierra, shares important information regarding investor-state arbitration in Mexico.",https://www.vonwobeser.com/news/adrian-magallanes-global-law-and-business-ejecucion-de-laudos-arbitrales-relativ?lang=en,es-MX:https://www.vonwobeser.com/news/adrian-magallanes-global-law-and-business-ejecucion-de-laudos-arbitrales-relativ | en:https://www.vonwobeser.com/news/adrian-magallanes-global-law-and-business-ejecucion-de-laudos-arbitrales-relativ?lang=en | x-default:https://www.vonwobeser.com/news/adrian-magallanes-global-law-and-business-ejecucion-de-laudos-arbitrales-relativ,,,true,true,http://localhost:5050/images/PDF_news/PDF_articles/2015/Enforcement_of_Investment_Treaty_Arbitration_Awards_Mexico.pdf,,
c82b8d8d-89fd-46dd-a1bb-994e5974861d,es,http://localhost:5050/news/edmond-grieger-corporate-livewire-mesa-redonda-energia-y-recursos-naturales,200,correcto,1,"Edmond Grieger - Corporate Livewire, Mesa Redonda, Energía y Recursos Naturales","Edmond Grieger - Corporate Livewire, Mesa Redonda, Energía y Recursos Naturales | Von Wobeser y Sierra",Nuestra mesa redonda acerca de Energía y Recursos Naturales 2015 proporciona un profundo análisis en las últimas tendencias y desarrollos recientes. Hablamos…,https://www.vonwobeser.com/news/edmond-grieger-corporate-livewire-mesa-redonda-energia-y-recursos-naturales,es-MX:https://www.vonwobeser.com/news/edmond-grieger-corporate-livewire-mesa-redonda-energia-y-recursos-naturales | en:https://www.vonwobeser.com/news/edmond-grieger-corporate-livewire-mesa-redonda-energia-y-recursos-naturales?lang=en | x-default:https://www.vonwobeser.com/news/edmond-grieger-corporate-livewire-mesa-redonda-energia-y-recursos-naturales,,,true,true,http://localhost:5050/images/PDF_news/Virtual_Round_Table_Energy_Natural_Resources_2015.pdf,,
c82b8d8d-89fd-46dd-a1bb-994e5974861d,en,http://localhost:5050/news/edmond-grieger-corporate-livewire-mesa-redonda-energia-y-recursos-naturales?lang=en,200,correcto,1,"Edmond Grieger - Corporate Livewire, Round Table, Energy and Natural Resources","Edmond Grieger - Corporate Livewire, Round Table, Energy and Natural Resources | Von Wobeser y Sierra",Our Round Table on Energy and Natural Resources 2015 provides in-depth analysis of the latest trends and recent developments. We spoke with nine experts from…,https://www.vonwobeser.com/news/edmond-grieger-corporate-livewire-mesa-redonda-energia-y-recursos-naturales?lang=en,es-MX:https://www.vonwobeser.com/news/edmond-grieger-corporate-livewire-mesa-redonda-energia-y-recursos-naturales | en:https://www.vonwobeser.com/news/edmond-grieger-corporate-livewire-mesa-redonda-energia-y-recursos-naturales?lang=en | x-default:https://www.vonwobeser.com/news/edmond-grieger-corporate-livewire-mesa-redonda-energia-y-recursos-naturales,,,true,true,http://localhost:5050/images/PDF_news/Virtual_Round_Table_Energy_Natural_Resources_2015.pdf,,
9d909886-a79f-4550-be9a-3f795638f602,es,http://localhost:5050/news/fernando-carreno-paloma-alcantara-global-competition-review-resumen-sobre-antimo,200,correcto,1,"Fernando Carreño, Paloma Alcántara - Global Competition Review, Resumen sobre Antimonopolios en América- México: vista general, Enero 2015.","Fernando Carreño, Paloma Alcántara - Global Competition Review, Resumen sobre Antimonopolios en América- México: vista general, Enero 2015. | Von Wobeser y Sierra","Los cambios importantes recientemente hechos en México, dirigidos a la Ley Federal de Competencia son considerados un gran paso para nuestro continente…",https://www.vonwobeser.com/news/fernando-carreno-paloma-alcantara-global-competition-review-resumen-sobre-antimo,es-MX:https://www.vonwobeser.com/news/fernando-carreno-paloma-alcantara-global-competition-review-resumen-sobre-antimo | en:https://www.vonwobeser.com/news/fernando-carreno-paloma-alcantara-global-competition-review-resumen-sobre-antimo?lang=en | x-default:https://www.vonwobeser.com/news/fernando-carreno-paloma-alcantara-global-competition-review-resumen-sobre-antimo,,,true,true,http://localhost:5050/images/68-FernandoCarreoandPalomaAlcantaraTheAntitrustReviewoftheAmericas2015Overview.pdf,,
9d909886-a79f-4550-be9a-3f795638f602,en,http://localhost:5050/news/fernando-carreno-paloma-alcantara-global-competition-review-resumen-sobre-antimo?lang=en,200,correcto,1,"Fernando Carreño, Paloma Alcántara - Global Competition Review, The Antitrust Review of the Americas - Mexico: Overview, January 2015.","Fernando Carreño, Paloma Alcántara - Global Competition Review, The Antitrust Review of the Americas - Mexico: Overview, January 2015. | Von Wobeser y Sierra","The significant changes recently made in Mexico to the Federal Economic Competition Law are considered a major step forward for our continent, both…",https://www.vonwobeser.com/news/fernando-carreno-paloma-alcantara-global-competition-review-resumen-sobre-antimo?lang=en,es-MX:https://www.vonwobeser.com/news/fernando-carreno-paloma-alcantara-global-competition-review-resumen-sobre-antimo | en:https://www.vonwobeser.com/news/fernando-carreno-paloma-alcantara-global-competition-review-resumen-sobre-antimo?lang=en | x-default:https://www.vonwobeser.com/news/fernando-carreno-paloma-alcantara-global-competition-review-resumen-sobre-antimo,,,true,true,http://localhost:5050/images/68-FernandoCarreoandPalomaAlcantaraTheAntitrustReviewoftheAmericas2015Overview.pdf,,
e3c8f834-a1bc-4ca6-82d1-1df39fc8643c,es,http://localhost:5050/news/claus-von-wobeser-adrian-magallanes-getting-the-deal-through-arbitraje-inversion-2,200,correcto,1,"Claus von Wobeser, Adrián Magallanes - Getting The Deal Through, Arbitraje Inversionista-Estado","Claus von Wobeser, Adrián Magallanes - Getting The Deal Through, Arbitraje Inversionista-Estado | Von Wobeser y Sierra","Claus von Wobeser y Adrián Magallanes, nuestros socios de Von Wobeser y Sierra, esclarecen temas importantes relacionados al arbitraje inversionista-estado.",https://www.vonwobeser.com/news/claus-von-wobeser-adrian-magallanes-getting-the-deal-through-arbitraje-inversion-2,es-MX:https://www.vonwobeser.com/news/claus-von-wobeser-adrian-magallanes-getting-the-deal-through-arbitraje-inversion-2 | en:https://www.vonwobeser.com/news/claus-von-wobeser-adrian-magallanes-getting-the-deal-through-arbitraje-inversion-2?lang=en | x-default:https://www.vonwobeser.com/news/claus-von-wobeser-adrian-magallanes-getting-the-deal-through-arbitraje-inversion-2,,,true,true,http://localhost:5050/images/PDF_news/PDF_articles/2014/InvestmentTraetyArbitration2014.PDF,,
e3c8f834-a1bc-4ca6-82d1-1df39fc8643c,en,http://localhost:5050/news/claus-von-wobeser-adrian-magallanes-getting-the-deal-through-arbitraje-inversion-2?lang=en,200,correcto,1,"Claus von Wobeser, Adrián Magallanes - Getting The Deal Through, Investor-State Arbitration","Claus von Wobeser, Adrián Magallanes - Getting The Deal Through, Investor-State Arbitration | Von Wobeser y Sierra","Claus von Wobeser and Adrián Magallanes, our partners at Von Wobeser y Sierra, shed light on important issues related to investor-state arbitration.",https://www.vonwobeser.com/news/claus-von-wobeser-adrian-magallanes-getting-the-deal-through-arbitraje-inversion-2?lang=en,es-MX:https://www.vonwobeser.com/news/claus-von-wobeser-adrian-magallanes-getting-the-deal-through-arbitraje-inversion-2 | en:https://www.vonwobeser.com/news/claus-von-wobeser-adrian-magallanes-getting-the-deal-through-arbitraje-inversion-2?lang=en | x-default:https://www.vonwobeser.com/news/claus-von-wobeser-adrian-magallanes-getting-the-deal-through-arbitraje-inversion-2,,,true,true,http://localhost:5050/images/PDF_news/PDF_articles/2014/InvestmentTraetyArbitration2014.PDF,,
606686e4-c598-4b98-bdcd-96090e5768a2,es,http://localhost:5050/news/andres-nieto-luis-burgueno-getting-the-deal-through-private-equity-2,200,correcto,1,"Andrés Nieto, Luis Burgueño - Getting the Deal Through, Private Equity","Andrés Nieto, Luis Burgueño - Getting the Deal Through, Private Equity | Von Wobeser y Sierra",Andrés Nieto y Luis Burgueño platican de Capital Privado en México.,https://www.vonwobeser.com/news/andres-nieto-luis-burgueno-getting-the-deal-through-private-equity-2,es-MX:https://www.vonwobeser.com/news/andres-nieto-luis-burgueno-getting-the-deal-through-private-equity-2 | en:https://www.vonwobeser.com/news/andres-nieto-luis-burgueno-getting-the-deal-through-private-equity-2?lang=en | x-default:https://www.vonwobeser.com/news/andres-nieto-luis-burgueno-getting-the-deal-through-private-equity-2,,,true,true,,,
606686e4-c598-4b98-bdcd-96090e5768a2,en,http://localhost:5050/news/andres-nieto-luis-burgueno-getting-the-deal-through-private-equity-2?lang=en,200,correcto,1,"Andrés Nieto, Luis Burgueño - Getting the Deal Through, Private Equity","Andrés Nieto, Luis Burgueño - Getting the Deal Through, Private Equity | Von Wobeser y Sierra",Andrés Nieto and Luis Burgueño discuss Private Equity in Mexico.,https://www.vonwobeser.com/news/andres-nieto-luis-burgueno-getting-the-deal-through-private-equity-2?lang=en,es-MX:https://www.vonwobeser.com/news/andres-nieto-luis-burgueno-getting-the-deal-through-private-equity-2 | en:https://www.vonwobeser.com/news/andres-nieto-luis-burgueno-getting-the-deal-through-private-equity-2?lang=en | x-default:https://www.vonwobeser.com/news/andres-nieto-luis-burgueno-getting-the-deal-through-private-equity-2,,,true,true,,,
8157a73c-0594-45a2-96f9-06cf488ba530,es,http://localhost:5050/news/diego-sierra-global-investigations-review-the-investigations-review-of-the-ameri-4,200,correcto,1,"Diego Sierra - Global Investigations Review, The Investigations Review of the Americas","Diego Sierra - Global Investigations Review, The Investigations Review of the Americas | Von Wobeser y Sierra","La administración Federal mexicana ha hecho pública la lucha contra la corrupción una de sus principales prioridades. En el Pacto por México, el presidente…",https://www.vonwobeser.com/news/diego-sierra-global-investigations-review-the-investigations-review-of-the-ameri-4,es-MX:https://www.vonwobeser.com/news/diego-sierra-global-investigations-review-the-investigations-review-of-the-ameri-4 | en:https://www.vonwobeser.com/news/diego-sierra-global-investigations-review-the-investigations-review-of-the-ameri-4?lang=en | x-default:https://www.vonwobeser.com/news/diego-sierra-global-investigations-review-the-investigations-review-of-the-ameri-4,,,true,true,http://localhost:5050/images/PDF_news/PDF_articles/2014/201410GIRInvestigationsReviewoftheAmericas2015DS.pdf,,
8157a73c-0594-45a2-96f9-06cf488ba530,en,http://localhost:5050/news/diego-sierra-global-investigations-review-the-investigations-review-of-the-ameri-4?lang=en,200,correcto,1,"Diego Sierra - Global Investigations Review, The Investigations Review of the Americas","Diego Sierra - Global Investigations Review, The Investigations Review of the Americas | Von Wobeser y Sierra","The Mexican federal administration has publicly made the fight against corruption one of its main priorities. In the Pact for Mexico, President Peña Nieto…",https://www.vonwobeser.com/news/diego-sierra-global-investigations-review-the-investigations-review-of-the-ameri-4?lang=en,es-MX:https://www.vonwobeser.com/news/diego-sierra-global-investigations-review-the-investigations-review-of-the-ameri-4 | en:https://www.vonwobeser.com/news/diego-sierra-global-investigations-review-the-investigations-review-of-the-ameri-4?lang=en | x-default:https://www.vonwobeser.com/news/diego-sierra-global-investigations-review-the-investigations-review-of-the-ameri-4,,,true,true,http://localhost:5050/images/PDF_news/PDF_articles/2014/201410GIRInvestigationsReviewoftheAmericas2015DS.pdf,,
18f7ef4c-2837-481e-a39a-71a56aba4c83,es,http://localhost:5050/news/rodolfo-trampe-jorge-diaz-luis-alberto-king-fernando-de-buen-getting-the-deal-th-4,200,correcto,1,"Rodolfo Trampe, Jorge Díaz, Luis Alberto King , Fernando de Buen - Getting the Deal Through, Outsourcing México 2015","Rodolfo Trampe, Jorge Díaz, Luis Alberto King , Fernando de Buen - Getting the Deal Through, Outsourcing México 2015 | Von Wobeser y Sierra","En México , un régimen de subcontratación (entendida como el régimen a través del cual un empleador como contratista ejecuta obras presta servicios con sus…",https://www.vonwobeser.com/news/rodolfo-trampe-jorge-diaz-luis-alberto-king-fernando-de-buen-getting-the-deal-th-4,es-MX:https://www.vonwobeser.com/news/rodolfo-trampe-jorge-diaz-luis-alberto-king-fernando-de-buen-getting-the-deal-th-4 | en:https://www.vonwobeser.com/news/rodolfo-trampe-jorge-diaz-luis-alberto-king-fernando-de-buen-getting-the-deal-th-4?lang=en | x-default:https://www.vonwobeser.com/news/rodolfo-trampe-jorge-diaz-luis-alberto-king-fernando-de-buen-getting-the-deal-th-4,,,true,true,http://localhost:5050/images/PDF_news/PDF_articles/2014/201410GTDTMexicoOutsourcing.pdf,,
18f7ef4c-2837-481e-a39a-71a56aba4c83,en,http://localhost:5050/news/rodolfo-trampe-jorge-diaz-luis-alberto-king-fernando-de-buen-getting-the-deal-th-4?lang=en,200,correcto,1,"Rodolfo Trampe, Jorge Díaz, Luis Alberto King , Fernando de Buen - Getting the Deal Through, Outsourcing México 2015","Rodolfo Trampe, Jorge Díaz, Luis Alberto King , Fernando de Buen - Getting the Deal Through, Outsourcing México 2015 | Von Wobeser y Sierra","In Mexico, an outsourcing regime (understood as the regime through which an employer, acting as a contractor, carries out works or renders services with its…",https://www.vonwobeser.com/news/rodolfo-trampe-jorge-diaz-luis-alberto-king-fernando-de-buen-getting-the-deal-th-4?lang=en,es-MX:https://www.vonwobeser.com/news/rodolfo-trampe-jorge-diaz-luis-alberto-king-fernando-de-buen-getting-the-deal-th-4 | en:https://www.vonwobeser.com/news/rodolfo-trampe-jorge-diaz-luis-alberto-king-fernando-de-buen-getting-the-deal-th-4?lang=en | x-default:https://www.vonwobeser.com/news/rodolfo-trampe-jorge-diaz-luis-alberto-king-fernando-de-buen-getting-the-deal-th-4,,,true,true,http://localhost:5050/images/PDF_news/PDF_articles/2014/201410GTDTMexicoOutsourcing.pdf,,
39f820bf-ab9d-4968-815c-0f510bd583bc,es,http://localhost:5050/news/edmond-grieger-corporate-livewire-guia-de-expertos-energia-y-recursos-naturales,200,correcto,1,Edmond Grieger - Corporate Livewire: Guia de Expertos Energía y Recursos Naturales,Edmond Grieger - Corporate Livewire: Guia de Expertos Energía y Recursos Naturales | Von Wobeser y Sierra,Los legisladores en México recientemente dieron un paso muy importante para el impulso del sector energético mexicano al aprobar una enmienda constitucional…,https://www.vonwobeser.com/news/edmond-grieger-corporate-livewire-guia-de-expertos-energia-y-recursos-naturales,es-MX:https://www.vonwobeser.com/news/edmond-grieger-corporate-livewire-guia-de-expertos-energia-y-recursos-naturales | en:https://www.vonwobeser.com/news/edmond-grieger-corporate-livewire-guia-de-expertos-energia-y-recursos-naturales?lang=en | x-default:https://www.vonwobeser.com/news/edmond-grieger-corporate-livewire-guia-de-expertos-energia-y-recursos-naturales,,,true,true,http://localhost:5050/images/PDF_news/PDF_articles/2014/CorporateLivewireEnergyNaturalResourcesJuly2014EG.pdf,,
39f820bf-ab9d-4968-815c-0f510bd583bc,en,http://localhost:5050/news/edmond-grieger-corporate-livewire-guia-de-expertos-energia-y-recursos-naturales?lang=en,200,correcto,1,Edmond Grieger - Corporate Livewire: Expert Guide Energy & Natural Resources,Edmond Grieger - Corporate Livewire: Expert Guide Energy & Natural Resources | Von Wobeser y Sierra,"Mexican lawmakers recently took an important step to boost Mexico's energy sector by approving a historic constitutional amendment to advance the oil, gas and…",https://www.vonwobeser.com/news/edmond-grieger-corporate-livewire-guia-de-expertos-energia-y-recursos-naturales?lang=en,es-MX:https://www.vonwobeser.com/news/edmond-grieger-corporate-livewire-guia-de-expertos-energia-y-recursos-naturales | en:https://www.vonwobeser.com/news/edmond-grieger-corporate-livewire-guia-de-expertos-energia-y-recursos-naturales?lang=en | x-default:https://www.vonwobeser.com/news/edmond-grieger-corporate-livewire-guia-de-expertos-energia-y-recursos-naturales,,,true,true,http://localhost:5050/images/PDF_news/PDF_articles/2014/CorporateLivewireEnergyNaturalResourcesJuly2014EG.pdf,,
763d49ab-128e-4ac5-9360-fdfa5407e83a,es,http://localhost:5050/news/fernando-carreno-jose-palomar-law-business-research-the-public-competition-enfor-2,200,correcto,1,"Fernando Carreño , José Palomar - Law Business Research, The Public Competition Enforcement Review, Sexta Edición.","Fernando Carreño , José Palomar - Law Business Research, The Public Competition Enforcement Review, Sexta Edición. | Von Wobeser y Sierra","En México, la práctica de competencia económica ha sido, desde su creación, uno de los temas más sofisticados y complejos en la legislación mexicana. Esto ha…",https://www.vonwobeser.com/news/fernando-carreno-jose-palomar-law-business-research-the-public-competition-enfor-2,es-MX:https://www.vonwobeser.com/news/fernando-carreno-jose-palomar-law-business-research-the-public-competition-enfor-2 | en:https://www.vonwobeser.com/news/fernando-carreno-jose-palomar-law-business-research-the-public-competition-enfor-2?lang=en | x-default:https://www.vonwobeser.com/news/fernando-carreno-jose-palomar-law-business-research-the-public-competition-enfor-2,,,true,true,http://localhost:5050/images/PDF_news/PDF_articles/2014/THEPUBLICCOMPETITIONREVIEWEDITION6.pdf,,
763d49ab-128e-4ac5-9360-fdfa5407e83a,en,http://localhost:5050/news/fernando-carreno-jose-palomar-law-business-research-the-public-competition-enfor-2?lang=en,200,correcto,1,"Fernando Carreño, José Palomar - Law Business Research, The Public Competition Enforcement Review, Sixth Edition.","Fernando Carreño, José Palomar - Law Business Research, The Public Competition Enforcement Review, Sixth Edition. | Von Wobeser y Sierra","In Mexico, antitrust practice has been, since its creation, one of the most sophisticated and complex topics in Mexican law. This has resulted in a great many…",https://www.vonwobeser.com/news/fernando-carreno-jose-palomar-law-business-research-the-public-competition-enfor-2?lang=en,es-MX:https://www.vonwobeser.com/news/fernando-carreno-jose-palomar-law-business-research-the-public-competition-enfor-2 | en:https://www.vonwobeser.com/news/fernando-carreno-jose-palomar-law-business-research-the-public-competition-enfor-2?lang=en | x-default:https://www.vonwobeser.com/news/fernando-carreno-jose-palomar-law-business-research-the-public-competition-enfor-2,,,true,true,http://localhost:5050/images/PDF_news/PDF_articles/2014/THEPUBLICCOMPETITIONREVIEWEDITION6.pdf,,
cbcaeae0-ff36-4e17-ae43-1188c1be69f1,es,http://localhost:5050/news/claus-von-wobeser-montserrat-manzano-getting-the-deal-through-arbitraje-2014,200,correcto,1,"Claus von Wobeser , Montserrat Manzano - Getting the Deal Through, Arbitraje 2014","Claus von Wobeser , Montserrat Manzano - Getting the Deal Through, Arbitraje 2014 | Von Wobeser y Sierra",México forma parte de la Convención de Nueva York que ha estado en vigor desde el 13 de julio de 1971. México no hizo declaratoria alguna respecto a los…,https://www.vonwobeser.com/news/claus-von-wobeser-montserrat-manzano-getting-the-deal-through-arbitraje-2014,es-MX:https://www.vonwobeser.com/news/claus-von-wobeser-montserrat-manzano-getting-the-deal-through-arbitraje-2014 | en:https://www.vonwobeser.com/news/claus-von-wobeser-montserrat-manzano-getting-the-deal-through-arbitraje-2014?lang=en | x-default:https://www.vonwobeser.com/news/claus-von-wobeser-montserrat-manzano-getting-the-deal-through-arbitraje-2014,,,true,true,http://localhost:5050/images/PDF_news/201402GettingTheDealThroughArbitration.pdf,,
cbcaeae0-ff36-4e17-ae43-1188c1be69f1,en,http://localhost:5050/news/claus-von-wobeser-montserrat-manzano-getting-the-deal-through-arbitraje-2014?lang=en,200,correcto,1,"Claus von Wobeser, Montserrat Manzano - Getting the Deal Through, Arbitration 2014","Claus von Wobeser, Montserrat Manzano - Getting the Deal Through, Arbitration 2014 | Von Wobeser y Sierra","Mexico is a party to the New York Convention, which has been in force since 13 July 1971. Mexico made no declaration whatsoever with respect to articles I, X…",https://www.vonwobeser.com/news/claus-von-wobeser-montserrat-manzano-getting-the-deal-through-arbitraje-2014?lang=en,es-MX:https://www.vonwobeser.com/news/claus-von-wobeser-montserrat-manzano-getting-the-deal-through-arbitraje-2014 | en:https://www.vonwobeser.com/news/claus-von-wobeser-montserrat-manzano-getting-the-deal-through-arbitraje-2014?lang=en | x-default:https://www.vonwobeser.com/news/claus-von-wobeser-montserrat-manzano-getting-the-deal-through-arbitraje-2014,,,true,true,http://localhost:5050/images/PDF_news/201402GettingTheDealThroughArbitration.pdf,,
effed0a2-5d3f-463f-8d8e-10c21a4531d7,es,http://localhost:5050/news/edmond-grieger-corporate-livewire-mesa-redonda-energia-recursos-naturales-2014,200,correcto,1,"Edmond Grieger - Corporate Livewire: Mesa Redonda, Energia & Recursos Naturales 2014","Edmond Grieger - Corporate Livewire: Mesa Redonda, Energia & Recursos Naturales 2014 | Von Wobeser y Sierra",En la mesa redonda entrevistamos a 10 expertos sobre los cambios y novedades en el sector de Energía y Recursos Naturales.,https://www.vonwobeser.com/news/edmond-grieger-corporate-livewire-mesa-redonda-energia-recursos-naturales-2014,es-MX:https://www.vonwobeser.com/news/edmond-grieger-corporate-livewire-mesa-redonda-energia-recursos-naturales-2014 | en:https://www.vonwobeser.com/news/edmond-grieger-corporate-livewire-mesa-redonda-energia-recursos-naturales-2014?lang=en | x-default:https://www.vonwobeser.com/news/edmond-grieger-corporate-livewire-mesa-redonda-energia-recursos-naturales-2014,,,true,true,http://localhost:5050/images/PDF_news/PDF_articles/2014/LWVRTEnergyandNaturalResources2014.pdf,,
effed0a2-5d3f-463f-8d8e-10c21a4531d7,en,http://localhost:5050/news/edmond-grieger-corporate-livewire-mesa-redonda-energia-recursos-naturales-2014?lang=en,200,correcto,1,"Edmond Grieger - Corporate Livewire: Round Table, Energy & Natural Resources 2014","Edmond Grieger - Corporate Livewire: Round Table, Energy & Natural Resources 2014 | Von Wobeser y Sierra",In this round table we interviewed 10 experts about the changes and developments in the Energy and Natural Resources sector.,https://www.vonwobeser.com/news/edmond-grieger-corporate-livewire-mesa-redonda-energia-recursos-naturales-2014?lang=en,es-MX:https://www.vonwobeser.com/news/edmond-grieger-corporate-livewire-mesa-redonda-energia-recursos-naturales-2014 | en:https://www.vonwobeser.com/news/edmond-grieger-corporate-livewire-mesa-redonda-energia-recursos-naturales-2014?lang=en | x-default:https://www.vonwobeser.com/news/edmond-grieger-corporate-livewire-mesa-redonda-energia-recursos-naturales-2014,,,true,true,http://localhost:5050/images/PDF_news/PDF_articles/2014/LWVRTEnergyandNaturalResources2014.pdf,,
7fe231ad-a9cd-44cc-95c1-f814d2bcb0eb,es,http://localhost:5050/news/rodolfo-trampe-jorge-diaz-jose-palomar-getting-the-deal-through-outsourcing-mexi-2,200,correcto,1,"Rodolfo Trampe, Jorge Díaz, José Palomar - Getting the Deal Through Outsourcing Mexico 2014","Rodolfo Trampe, Jorge Díaz, José Palomar - Getting the Deal Through Outsourcing Mexico 2014 | Von Wobeser y Sierra",Esta guía distingue los servicios especializados de outsourcing de la subcontratación de personal en México y revisa sus consecuencias jurídicas. Examina…,https://www.vonwobeser.com/news/rodolfo-trampe-jorge-diaz-jose-palomar-getting-the-deal-through-outsourcing-mexi-2,es-MX:https://www.vonwobeser.com/news/rodolfo-trampe-jorge-diaz-jose-palomar-getting-the-deal-through-outsourcing-mexi-2 | en:https://www.vonwobeser.com/news/rodolfo-trampe-jorge-diaz-jose-palomar-getting-the-deal-through-outsourcing-mexi-2?lang=en | x-default:https://www.vonwobeser.com/news/rodolfo-trampe-jorge-diaz-jose-palomar-getting-the-deal-through-outsourcing-mexi-2,https://www.vonwobeser.com/images/PDF_news/2015/MexicoOutsourcingNov2013.pdf,https://www.vonwobeser.com/images/PDF_news/2015/MexicoOutsourcingNov2013.pdf,true,true,,,
7fe231ad-a9cd-44cc-95c1-f814d2bcb0eb,en,http://localhost:5050/news/rodolfo-trampe-jorge-diaz-jose-palomar-getting-the-deal-through-outsourcing-mexi-2?lang=en,200,correcto,1,"Rodolfo Trampe, Jorge Díaz, José Palomar - Getting the Deal Through Outsourcing Mexico 2014","Rodolfo Trampe, Jorge Díaz, José Palomar - Getting the Deal Through Outsourcing Mexico 2014 | Von Wobeser y Sierra",This guide distinguishes specialized outsourcing services from personnel subcontracting in Mexico and reviews their legal consequences. It surveys applicable…,https://www.vonwobeser.com/news/rodolfo-trampe-jorge-diaz-jose-palomar-getting-the-deal-through-outsourcing-mexi-2?lang=en,es-MX:https://www.vonwobeser.com/news/rodolfo-trampe-jorge-diaz-jose-palomar-getting-the-deal-through-outsourcing-mexi-2 | en:https://www.vonwobeser.com/news/rodolfo-trampe-jorge-diaz-jose-palomar-getting-the-deal-through-outsourcing-mexi-2?lang=en | x-default:https://www.vonwobeser.com/news/rodolfo-trampe-jorge-diaz-jose-palomar-getting-the-deal-through-outsourcing-mexi-2,https://www.vonwobeser.com/images/PDF_news/2015/MexicoOutsourcingNov2013.pdf,https://www.vonwobeser.com/images/PDF_news/2015/MexicoOutsourcingNov2013.pdf,true,true,,,
657c135f-2dcf-4aba-b0b8-63a2154ff521,es,http://localhost:5050/news/claus-von-wobeser-adrian-magallanes-getting-the-deal-through-investment-treaty-m-2,200,correcto,1,"Claus von Wobeser, Adrián Magallanes - Getting the Deal Through Investment Treaty, México 2014","Claus von Wobeser, Adrián Magallanes - Getting the Deal Through Investment Treaty, México 2014 | Von Wobeser y Sierra","Esta guía de país presenta el marco mexicano de inversión extranjera, incluidos los tratados, las reglas internas, las restricciones sectoriales y las vías…",https://www.vonwobeser.com/news/claus-von-wobeser-adrian-magallanes-getting-the-deal-through-investment-treaty-m-2,es-MX:https://www.vonwobeser.com/news/claus-von-wobeser-adrian-magallanes-getting-the-deal-through-investment-treaty-m-2 | en:https://www.vonwobeser.com/news/claus-von-wobeser-adrian-magallanes-getting-the-deal-through-investment-treaty-m-2?lang=en | x-default:https://www.vonwobeser.com/news/claus-von-wobeser-adrian-magallanes-getting-the-deal-through-investment-treaty-m-2,https://www.vonwobeser.com/images/PDF_news/PDF_articles/2013/45-MexicoInvestmentTreaty.pdf,https://www.vonwobeser.com/images/PDF_news/PDF_articles/2013/45-MexicoInvestmentTreaty.pdf,true,true,,,
657c135f-2dcf-4aba-b0b8-63a2154ff521,en,http://localhost:5050/news/claus-von-wobeser-adrian-magallanes-getting-the-deal-through-investment-treaty-m-2?lang=en,200,correcto,1,"Claus von Wobeser, Adrián Magallanes - Getting the Deal Through Investment Treaty, México 2014","Claus von Wobeser, Adrián Magallanes - Getting the Deal Through Investment Treaty, México 2014 | Von Wobeser y Sierra","This country guide outlines Mexico's foreign-investment framework, including treaties, domestic rules, sector restrictions and routes for resolving…",https://www.vonwobeser.com/news/claus-von-wobeser-adrian-magallanes-getting-the-deal-through-investment-treaty-m-2?lang=en,es-MX:https://www.vonwobeser.com/news/claus-von-wobeser-adrian-magallanes-getting-the-deal-through-investment-treaty-m-2 | en:https://www.vonwobeser.com/news/claus-von-wobeser-adrian-magallanes-getting-the-deal-through-investment-treaty-m-2?lang=en | x-default:https://www.vonwobeser.com/news/claus-von-wobeser-adrian-magallanes-getting-the-deal-through-investment-treaty-m-2,https://www.vonwobeser.com/images/PDF_news/PDF_articles/2013/45-MexicoInvestmentTreaty.pdf,https://www.vonwobeser.com/images/PDF_news/PDF_articles/2013/45-MexicoInvestmentTreaty.pdf,true,true,,,
c700fb11-80ca-41f3-bd17-a223aa1f6edf,es,http://localhost:5050/news/claus-von-wobeser-the-arbitration-review-of-the-americas-2014,200,correcto,1,Claus von Wobeser - The Arbitration Review of the Americas 2014,Claus von Wobeser - The Arbitration Review of the Americas 2014 | Von Wobeser y Sierra,"De conformidad con las disposiciones legales que rigen al arbitraje comercial contenidas en el Código de Comercio y las Reglas de Arbitraje de la ICC, los…",https://www.vonwobeser.com/news/claus-von-wobeser-the-arbitration-review-of-the-americas-2014,es-MX:https://www.vonwobeser.com/news/claus-von-wobeser-the-arbitration-review-of-the-americas-2014 | en:https://www.vonwobeser.com/news/claus-von-wobeser-the-arbitration-review-of-the-americas-2014?lang=en | x-default:https://www.vonwobeser.com/news/claus-von-wobeser-the-arbitration-review-of-the-americas-2014,,,true,true,http://localhost:5050/images/PDF_news/2015/TheArbitrationReviewoftheAmericas2014.pdf,,
c700fb11-80ca-41f3-bd17-a223aa1f6edf,en,http://localhost:5050/news/claus-von-wobeser-the-arbitration-review-of-the-americas-2014?lang=en,200,correcto,1,Claus von Wobeser - The Arbitration Review of the Americas 2014,Claus von Wobeser - The Arbitration Review of the Americas 2014 | Von Wobeser y Sierra,"In accordance with the legal provisions governing commercial arbitration contained in the Commerce Code and the ICC Rules of Arbitration, arbitral awards are…",https://www.vonwobeser.com/news/claus-von-wobeser-the-arbitration-review-of-the-americas-2014?lang=en,es-MX:https://www.vonwobeser.com/news/claus-von-wobeser-the-arbitration-review-of-the-americas-2014 | en:https://www.vonwobeser.com/news/claus-von-wobeser-the-arbitration-review-of-the-americas-2014?lang=en | x-default:https://www.vonwobeser.com/news/claus-von-wobeser-the-arbitration-review-of-the-americas-2014,,,true,true,http://localhost:5050/images/PDF_news/2015/TheArbitrationReviewoftheAmericas2014.pdf,,
12f632ee-6ab1-4bfd-a583-cc8c16eb8577,es,http://localhost:5050/news/fernando-carreno-jose-palomar-global-competition-review-the-antitrust-review-of--2,200,correcto,1,"Fernando Carreño , José Palomar - Global Competition Review, The Antitrust Review of the Americas, Mexico 2014","Fernando Carreño , José Palomar - Global Competition Review, The Antitrust Review of the Americas, Mexico 2014 | Von Wobeser y Sierra","En México, la práctica de competencia económica ha sido, desde su creación, una de las áreas más sofisticadas complejas en el Derecho Mexicano. Esto ha…",https://www.vonwobeser.com/news/fernando-carreno-jose-palomar-global-competition-review-the-antitrust-review-of--2,es-MX:https://www.vonwobeser.com/news/fernando-carreno-jose-palomar-global-competition-review-the-antitrust-review-of--2 | en:https://www.vonwobeser.com/news/fernando-carreno-jose-palomar-global-competition-review-the-antitrust-review-of--2?lang=en | x-default:https://www.vonwobeser.com/news/fernando-carreno-jose-palomar-global-competition-review-the-antitrust-review-of--2,,,true,true,,,
12f632ee-6ab1-4bfd-a583-cc8c16eb8577,en,http://localhost:5050/news/fernando-carreno-jose-palomar-global-competition-review-the-antitrust-review-of--2?lang=en,200,correcto,1,"Fernando Carreño, José Palomar - Global Competition Review, The Antitrust Review of the Americas, Mexico 2014","Fernando Carreño, José Palomar - Global Competition Review, The Antitrust Review of the Americas, Mexico 2014 | Von Wobeser y Sierra","In Mexico, antitrust practice has been, since its inception, one of the most sophisticated and complex areas of Mexican law. This has led to a significant…",https://www.vonwobeser.com/news/fernando-carreno-jose-palomar-global-competition-review-the-antitrust-review-of--2?lang=en,es-MX:https://www.vonwobeser.com/news/fernando-carreno-jose-palomar-global-competition-review-the-antitrust-review-of--2 | en:https://www.vonwobeser.com/news/fernando-carreno-jose-palomar-global-competition-review-the-antitrust-review-of--2?lang=en | x-default:https://www.vonwobeser.com/news/fernando-carreno-jose-palomar-global-competition-review-the-antitrust-review-of--2,,,true,true,,,
d2ae52f8-2ca6-4958-add2-1b094325a649,es,http://localhost:5050/news/claus-von-wobeser-international-bar-association-iba-guia-de-arbitraje-en-mexico,200,correcto,1,Claus Von Wobeser - International Bar Association (IBA) - Guía de Arbitraje en Mexico,Claus Von Wobeser - International Bar Association (IBA) - Guía de Arbitraje en Mexico | Von Wobeser y Sierra,"Esta guía describe el marco jurídico y la práctica del arbitraje en México, incluidos los convenios arbitrales, la arbitrabilidad, el nombramiento de árbitros,…",https://www.vonwobeser.com/news/claus-von-wobeser-international-bar-association-iba-guia-de-arbitraje-en-mexico,es-MX:https://www.vonwobeser.com/news/claus-von-wobeser-international-bar-association-iba-guia-de-arbitraje-en-mexico | en:https://www.vonwobeser.com/news/claus-von-wobeser-international-bar-association-iba-guia-de-arbitraje-en-mexico?lang=en | x-default:https://www.vonwobeser.com/news/claus-von-wobeser-international-bar-association-iba-guia-de-arbitraje-en-mexico,https://www.vonwobeser.com/images/PDF_news/2015/IBAMexicoChapterInternationalArbitrationGuide2013.pdf,https://www.vonwobeser.com/images/PDF_news/2015/IBAMexicoChapterInternationalArbitrationGuide2013.pdf,true,true,,,
d2ae52f8-2ca6-4958-add2-1b094325a649,en,http://localhost:5050/news/claus-von-wobeser-international-bar-association-iba-guia-de-arbitraje-en-mexico?lang=en,200,correcto,1,Claus Von Wobeser - International Bar Association (IBA) - Arbitration Guide for Mexico,Claus Von Wobeser - International Bar Association (IBA) - Arbitration Guide for Mexico | Von Wobeser y Sierra,"This guide describes the legal framework and practice of arbitration in Mexico, addressing agreements, arbitrability, appointment of arbitrators, evidence,…",https://www.vonwobeser.com/news/claus-von-wobeser-international-bar-association-iba-guia-de-arbitraje-en-mexico?lang=en,es-MX:https://www.vonwobeser.com/news/claus-von-wobeser-international-bar-association-iba-guia-de-arbitraje-en-mexico | en:https://www.vonwobeser.com/news/claus-von-wobeser-international-bar-association-iba-guia-de-arbitraje-en-mexico?lang=en | x-default:https://www.vonwobeser.com/news/claus-von-wobeser-international-bar-association-iba-guia-de-arbitraje-en-mexico,https://www.vonwobeser.com/images/PDF_news/2015/IBAMexicoChapterInternationalArbitrationGuide2013.pdf,https://www.vonwobeser.com/images/PDF_news/2015/IBAMexicoChapterInternationalArbitrationGuide2013.pdf,true,true,,,
7004c01c-9360-4aa5-b0c4-f7afee0e8918,es,http://localhost:5050/news/edmond-grieger-corporate-livewire-tendencias-en-la-generacion-de-energia-renovab,200,correcto,1,Edmond Grieger - Corporate Livewire - Tendencias en la generación de energía renovable en México,Edmond Grieger - Corporate Livewire - Tendencias en la generación de energía renovable en México | Von Wobeser y Sierra,"En México, a partir del 1 de diciembre de 2012 hemos contado con un administración recientemente electa, la cual es encabezada por el Sr. Presidente Enrique…",https://www.vonwobeser.com/news/edmond-grieger-corporate-livewire-tendencias-en-la-generacion-de-energia-renovab,es-MX:https://www.vonwobeser.com/news/edmond-grieger-corporate-livewire-tendencias-en-la-generacion-de-energia-renovab | en:https://www.vonwobeser.com/news/edmond-grieger-corporate-livewire-tendencias-en-la-generacion-de-energia-renovab?lang=en | x-default:https://www.vonwobeser.com/news/edmond-grieger-corporate-livewire-tendencias-en-la-generacion-de-energia-renovab,,,true,true,http://localhost:5050/images/PDF_news/2015/73CorporateLivewireEnergyNaturalResources2013.pdf,,
7004c01c-9360-4aa5-b0c4-f7afee0e8918,en,http://localhost:5050/news/edmond-grieger-corporate-livewire-tendencias-en-la-generacion-de-energia-renovab?lang=en,200,correcto,1,Edmond Grieger - Corporate Livewire - Renewable Energy Generation Trends in Mexico,Edmond Grieger - Corporate Livewire - Renewable Energy Generation Trends in Mexico | Von Wobeser y Sierra,"In Mexico, as of December 1, 2012, we have had a newly elected administration, headed by President Enrique Peña Nieto of the Institutional Revolutionary Party…",https://www.vonwobeser.com/news/edmond-grieger-corporate-livewire-tendencias-en-la-generacion-de-energia-renovab?lang=en,es-MX:https://www.vonwobeser.com/news/edmond-grieger-corporate-livewire-tendencias-en-la-generacion-de-energia-renovab | en:https://www.vonwobeser.com/news/edmond-grieger-corporate-livewire-tendencias-en-la-generacion-de-energia-renovab?lang=en | x-default:https://www.vonwobeser.com/news/edmond-grieger-corporate-livewire-tendencias-en-la-generacion-de-energia-renovab,,,true,true,http://localhost:5050/images/PDF_news/2015/73CorporateLivewireEnergyNaturalResources2013.pdf,,
f806bef2-7755-46bb-ab21-31795e951a5b,es,http://localhost:5050/news/diego-sierra-practical-law-tribunal-colegiado-mexicano-autoriza-la-ejecucion-de-,200,correcto,1,Diego Sierra / Practical Law - Tribunal Colegiado Mexicano autoriza la ejecución de una medida cautelar otorgada por un Tribunal Arbitral ex parte,Diego Sierra / Practical Law - Tribunal Colegiado Mexicano autoriza la ejecución de una medida cautelar otorgada por un Tribunal Arbitral ex parte | Von Wobeser y Sierra,"En una decisión de 13 de julio de 2012, pero no publicada sino hasta febrero de 2013, el Segundo Tribunal Colegiado en Materia Civil del Tercer Circuito…",https://www.vonwobeser.com/news/diego-sierra-practical-law-tribunal-colegiado-mexicano-autoriza-la-ejecucion-de-,es-MX:https://www.vonwobeser.com/news/diego-sierra-practical-law-tribunal-colegiado-mexicano-autoriza-la-ejecucion-de- | en:https://www.vonwobeser.com/news/diego-sierra-practical-law-tribunal-colegiado-mexicano-autoriza-la-ejecucion-de-?lang=en | x-default:https://www.vonwobeser.com/news/diego-sierra-practical-law-tribunal-colegiado-mexicano-autoriza-la-ejecucion-de-,,,true,true,http://localhost:5050/images/PDF_news/2015/70Mexicancourtallowsenforcementofarbitraltribunal.pdf,,
f806bef2-7755-46bb-ab21-31795e951a5b,en,http://localhost:5050/news/diego-sierra-practical-law-tribunal-colegiado-mexicano-autoriza-la-ejecucion-de-?lang=en,200,correcto,1,Diego Sierra / Practical Law - Mexican Collegiate Tribunal authorizes enforcement of an interim measure granted ex parte by an arbitral tribunal,Diego Sierra / Practical Law - Mexican Collegiate Tribunal authorizes enforcement of an interim measure granted ex parte by an arbitral tribunal | Von Wobeser y Sierra,"In a decision dated July 13, 2012, but not published until February 2013, the Second Collegiate Tribunal in Civil Matters of the Third Circuit held that the…",https://www.vonwobeser.com/news/diego-sierra-practical-law-tribunal-colegiado-mexicano-autoriza-la-ejecucion-de-?lang=en,es-MX:https://www.vonwobeser.com/news/diego-sierra-practical-law-tribunal-colegiado-mexicano-autoriza-la-ejecucion-de- | en:https://www.vonwobeser.com/news/diego-sierra-practical-law-tribunal-colegiado-mexicano-autoriza-la-ejecucion-de-?lang=en | x-default:https://www.vonwobeser.com/news/diego-sierra-practical-law-tribunal-colegiado-mexicano-autoriza-la-ejecucion-de-,,,true,true,http://localhost:5050/images/PDF_news/2015/70Mexicancourtallowsenforcementofarbitraltribunal.pdf,,
c031c431-9398-49ec-abca-3c236f73e067,es,http://localhost:5050/news/diego-sierra-praxis-mejores-practicas-cumplimiento-anticorrupcion,200,correcto,1,Diego Sierra - Praxis - Mejores Prácticas Cumplimiento anticorrupción,Diego Sierra - Praxis - Mejores Prácticas Cumplimiento anticorrupción | Von Wobeser y Sierra,"Conoce el marco regulatorio que existe en México para combatir la corrupción en el ámbito empresarial, y no te quedes afuera. Conoce el marco regulatorio que…",https://www.vonwobeser.com/news/diego-sierra-praxis-mejores-practicas-cumplimiento-anticorrupcion,es-MX:https://www.vonwobeser.com/news/diego-sierra-praxis-mejores-practicas-cumplimiento-anticorrupcion | en:https://www.vonwobeser.com/news/diego-sierra-praxis-mejores-practicas-cumplimiento-anticorrupcion?lang=en | x-default:https://www.vonwobeser.com/news/diego-sierra-praxis-mejores-practicas-cumplimiento-anticorrupcion,,,true,true,http://localhost:5050/images/PDF_news/2015/69PraxisMejoresPracticasDiegoSierra.pdf,,
c031c431-9398-49ec-abca-3c236f73e067,en,http://localhost:5050/news/diego-sierra-praxis-mejores-practicas-cumplimiento-anticorrupcion?lang=en,200,correcto,1,Diego Sierra - Praxis - Best Practices in Anti-Corruption Compliance,Diego Sierra - Praxis - Best Practices in Anti-Corruption Compliance | Von Wobeser y Sierra,"Learn about the regulatory framework in place in Mexico to combat corruption in the business sphere, and don't be left behind. Learn about the regulatory…",https://www.vonwobeser.com/news/diego-sierra-praxis-mejores-practicas-cumplimiento-anticorrupcion?lang=en,es-MX:https://www.vonwobeser.com/news/diego-sierra-praxis-mejores-practicas-cumplimiento-anticorrupcion | en:https://www.vonwobeser.com/news/diego-sierra-praxis-mejores-practicas-cumplimiento-anticorrupcion?lang=en | x-default:https://www.vonwobeser.com/news/diego-sierra-praxis-mejores-practicas-cumplimiento-anticorrupcion,,,true,true,http://localhost:5050/images/PDF_news/2015/69PraxisMejoresPracticasDiegoSierra.pdf,,
9147f46d-62c9-42a5-8a5c-9c1beef3189a,es,http://localhost:5050/news/ivan-j-romo-abi-young-new-members-committee-newsletter-may-2013-la-insolvencia-c,200,correcto,1,"Ivan J. Romo - ABI Young & New Members Committee Newsletter, May 2013; La insolvencia como un pre-requisito para solicitar un Concurso Mercantil en México","Ivan J. Romo - ABI Young & New Members Committee Newsletter, May 2013; La insolvencia como un pre-requisito para solicitar un Concurso Mercantil en México | Von Wobeser y Sierra","En el año 2000, México publicó su nueva ley de Concursos Mercantiles (LCM) la cual substituyó a la anterior Ley de Quiebras y Supsensión de Pagos que regía…",https://www.vonwobeser.com/news/ivan-j-romo-abi-young-new-members-committee-newsletter-may-2013-la-insolvencia-c,es-MX:https://www.vonwobeser.com/news/ivan-j-romo-abi-young-new-members-committee-newsletter-may-2013-la-insolvencia-c | en:https://www.vonwobeser.com/news/ivan-j-romo-abi-young-new-members-committee-newsletter-may-2013-la-insolvencia-c?lang=en | x-default:https://www.vonwobeser.com/news/ivan-j-romo-abi-young-new-members-committee-newsletter-may-2013-la-insolvencia-c,,,true,true,http://localhost:5050/images/PDF_news/2015/68InsolvencyasaPrerequisiteforfilingaBankruptcyProcedureinMexico.pdf,,
9147f46d-62c9-42a5-8a5c-9c1beef3189a,en,http://localhost:5050/news/ivan-j-romo-abi-young-new-members-committee-newsletter-may-2013-la-insolvencia-c?lang=en,200,correcto,1,"Ivan J. Romo - ABI Young & New Members Committee Newsletter, May 2013; Insolvency as a Prerequisite for Filing a Bankruptcy Procedure in Mexico","Ivan J. Romo - ABI Young & New Members Committee Newsletter, May 2013; Insolvency as a Prerequisite for Filing a Bankruptcy Procedure in Mexico | Von Wobeser y Sierra","In 2000, Mexico published its new Commercial Insolvency Law (LCM), which replaced the former Bankruptcy and Suspension of Payments Law that had governed this…",https://www.vonwobeser.com/news/ivan-j-romo-abi-young-new-members-committee-newsletter-may-2013-la-insolvencia-c?lang=en,es-MX:https://www.vonwobeser.com/news/ivan-j-romo-abi-young-new-members-committee-newsletter-may-2013-la-insolvencia-c | en:https://www.vonwobeser.com/news/ivan-j-romo-abi-young-new-members-committee-newsletter-may-2013-la-insolvencia-c?lang=en | x-default:https://www.vonwobeser.com/news/ivan-j-romo-abi-young-new-members-committee-newsletter-may-2013-la-insolvencia-c,,,true,true,http://localhost:5050/images/PDF_news/2015/68InsolvencyasaPrerequisiteforfilingaBankruptcyProcedureinMexico.pdf,,
fad134e4-e8f4-421f-aff1-6d8a804f68c6,es,http://localhost:5050/news/victor-ruiz-icc-international-court-of-arbitration-bulletin-recepcion-de-pruebas,200,correcto,1,Victor Ruiz - ICC International Court of Arbitration Bulletin; Recepción de pruebas en Latinoamérica: Algunas observaciones sobre prácticas locales y uso de las reglas de la IBA,Victor Ruiz - ICC International Court of Arbitration Bulletin; Recepción de pruebas en Latinoamérica: Algunas observaciones sobre prácticas locales y uso de las reglas de la IBA | Von Wobeser y Sierra,La aproximación que se tiene respecto de los medios de prueba en arbitraje internacional contrasta de manera importante entre los sistemas de derecho civil y…,https://www.vonwobeser.com/news/victor-ruiz-icc-international-court-of-arbitration-bulletin-recepcion-de-pruebas,es-MX:https://www.vonwobeser.com/news/victor-ruiz-icc-international-court-of-arbitration-bulletin-recepcion-de-pruebas | en:https://www.vonwobeser.com/news/victor-ruiz-icc-international-court-of-arbitration-bulletin-recepcion-de-pruebas?lang=en | x-default:https://www.vonwobeser.com/news/victor-ruiz-icc-international-court-of-arbitration-bulletin-recepcion-de-pruebas,,,true,true,http://localhost:5050/images/PDF_news/2015/67_ICC_International_Court_of_Arbitration_Bulletin-Taking_Evidence_in_Latin_America.pdf,,
fad134e4-e8f4-421f-aff1-6d8a804f68c6,en,http://localhost:5050/news/victor-ruiz-icc-international-court-of-arbitration-bulletin-recepcion-de-pruebas?lang=en,200,correcto,1,Victor Ruiz - ICC International Court of Arbitration Bulletin; Taking Evidence in Latin America: Some Observations on Local Practices and Use of the IBA Rules,Victor Ruiz - ICC International Court of Arbitration Bulletin; Taking Evidence in Latin America: Some Observations on Local Practices and Use of the IBA Rules | Von Wobeser y Sierra,The approach to the means of evidence in international arbitration contrasts significantly between civil law and common law systems.,https://www.vonwobeser.com/news/victor-ruiz-icc-international-court-of-arbitration-bulletin-recepcion-de-pruebas?lang=en,es-MX:https://www.vonwobeser.com/news/victor-ruiz-icc-international-court-of-arbitration-bulletin-recepcion-de-pruebas | en:https://www.vonwobeser.com/news/victor-ruiz-icc-international-court-of-arbitration-bulletin-recepcion-de-pruebas?lang=en | x-default:https://www.vonwobeser.com/news/victor-ruiz-icc-international-court-of-arbitration-bulletin-recepcion-de-pruebas,,,true,true,http://localhost:5050/images/PDF_news/2015/67_ICC_International_Court_of_Arbitration_Bulletin-Taking_Evidence_in_Latin_America.pdf,,
901a9142-7435-4545-b4a8-badb8a371de2,es,http://localhost:5050/news/claus-von-wobeser-expert-guides-commercial-arbitration-la-evolucion-del-arbitraj,200,correcto,1,"Claus Von Wobeser - Expert Guides, Commercial Arbitration - La Evolución del Arbitraje Legal en México","Claus Von Wobeser - Expert Guides, Commercial Arbitration - La Evolución del Arbitraje Legal en México | Von Wobeser y Sierra","A pesar de que México ha aceptado los métodos de resolución de conflictos alternativos desde el siglo XVII, México ha sido más lento en aceptar los principios…",https://www.vonwobeser.com/news/claus-von-wobeser-expert-guides-commercial-arbitration-la-evolucion-del-arbitraj,es-MX:https://www.vonwobeser.com/news/claus-von-wobeser-expert-guides-commercial-arbitration-la-evolucion-del-arbitraj | en:https://www.vonwobeser.com/news/claus-von-wobeser-expert-guides-commercial-arbitration-la-evolucion-del-arbitraj?lang=en | x-default:https://www.vonwobeser.com/news/claus-von-wobeser-expert-guides-commercial-arbitration-la-evolucion-del-arbitraj,,,true,true,http://localhost:5050/images/PDF_news/2015/65_Expert_Guides_-_Evolution_of_Mexican_Arbitration_Law.pdf,,
901a9142-7435-4545-b4a8-badb8a371de2,en,http://localhost:5050/news/claus-von-wobeser-expert-guides-commercial-arbitration-la-evolucion-del-arbitraj?lang=en,200,correcto,1,"Claus Von Wobeser - Expert Guides, Commercial Arbitration - The Evolution of Arbitration Law in Mexico","Claus Von Wobeser - Expert Guides, Commercial Arbitration - The Evolution of Arbitration Law in Mexico | Von Wobeser y Sierra","Although Mexico has embraced alternative dispute resolution methods since the 17th century, it has been slower to accept the principles of international…",https://www.vonwobeser.com/news/claus-von-wobeser-expert-guides-commercial-arbitration-la-evolucion-del-arbitraj?lang=en,es-MX:https://www.vonwobeser.com/news/claus-von-wobeser-expert-guides-commercial-arbitration-la-evolucion-del-arbitraj | en:https://www.vonwobeser.com/news/claus-von-wobeser-expert-guides-commercial-arbitration-la-evolucion-del-arbitraj?lang=en | x-default:https://www.vonwobeser.com/news/claus-von-wobeser-expert-guides-commercial-arbitration-la-evolucion-del-arbitraj,,,true,true,http://localhost:5050/images/PDF_news/2015/65_Expert_Guides_-_Evolution_of_Mexican_Arbitration_Law.pdf,,
a89689ab-74ec-4b7b-ac9f-1e20d6ed76e5,es,http://localhost:5050/news/andres-nieto-maike-prohl-international-law-office-lanzamiento-de-ofertas-publica,200,correcto,1,"Andrés Nieto , Maike Pröhl - International Law Office, Lanzamiento de ofertas públicas de adquisición forzosa","Andrés Nieto , Maike Pröhl - International Law Office, Lanzamiento de ofertas públicas de adquisición forzosa | Von Wobeser y Sierra",Las ofertas públicas de adquisición forzosa de acciones están reguladas principalmente por el artículo 95 y siguientes de la Ley del Mercado de Valores y las…,https://www.vonwobeser.com/news/andres-nieto-maike-prohl-international-law-office-lanzamiento-de-ofertas-publica,es-MX:https://www.vonwobeser.com/news/andres-nieto-maike-prohl-international-law-office-lanzamiento-de-ofertas-publica | en:https://www.vonwobeser.com/news/andres-nieto-maike-prohl-international-law-office-lanzamiento-de-ofertas-publica?lang=en | x-default:https://www.vonwobeser.com/news/andres-nieto-maike-prohl-international-law-office-lanzamiento-de-ofertas-publica,,,true,true,http://localhost:5050/images/PDF_news/2015/63_ILO_-_Launching_mandatory_tender_offers.pdf,,
a89689ab-74ec-4b7b-ac9f-1e20d6ed76e5,en,http://localhost:5050/news/andres-nieto-maike-prohl-international-law-office-lanzamiento-de-ofertas-publica?lang=en,200,correcto,1,"Andrés Nieto, Maike Pröhl - International Law Office, Launching mandatory tender offers","Andrés Nieto, Maike Pröhl - International Law Office, Launching mandatory tender offers | Von Wobeser y Sierra",Mandatory tender offers for shares are primarily regulated by Article 95 et seq. of the Securities Market Law and the administrative provisions and circulars…,https://www.vonwobeser.com/news/andres-nieto-maike-prohl-international-law-office-lanzamiento-de-ofertas-publica?lang=en,es-MX:https://www.vonwobeser.com/news/andres-nieto-maike-prohl-international-law-office-lanzamiento-de-ofertas-publica | en:https://www.vonwobeser.com/news/andres-nieto-maike-prohl-international-law-office-lanzamiento-de-ofertas-publica?lang=en | x-default:https://www.vonwobeser.com/news/andres-nieto-maike-prohl-international-law-office-lanzamiento-de-ofertas-publica,,,true,true,http://localhost:5050/images/PDF_news/2015/63_ILO_-_Launching_mandatory_tender_offers.pdf,,
0d20b0ed-911d-4a9f-888d-04e39b04a1b3,es,http://localhost:5050/news/diego-sierra-andrea-rivera-plc-arbitration-multi-jurisdictional-correo-mensual-l,200,correcto,1,"Diego Sierra , Andrea Rivera - PLC Arbitration Multi-jurisdictional correo mensual: La Suprema Corte de Justicia de la Nación analiza “orden público” como causal para anular un laudo arbitral","Diego Sierra , Andrea Rivera - PLC Arbitration Multi-jurisdictional correo mensual: La Suprema Corte de Justicia de la Nación analiza “orden público” como causal para anular un laudo arbitral | Von Wobeser y Sierra",PLC Arbitration Multi-jurisdictional correo mensual: La Suprema Corte de Justicia de la Nación analiza “orden público” como causal para anular un laudo…,https://www.vonwobeser.com/news/diego-sierra-andrea-rivera-plc-arbitration-multi-jurisdictional-correo-mensual-l,es-MX:https://www.vonwobeser.com/news/diego-sierra-andrea-rivera-plc-arbitration-multi-jurisdictional-correo-mensual-l | en:https://www.vonwobeser.com/news/diego-sierra-andrea-rivera-plc-arbitration-multi-jurisdictional-correo-mensual-l?lang=en | x-default:https://www.vonwobeser.com/news/diego-sierra-andrea-rivera-plc-arbitration-multi-jurisdictional-correo-mensual-l,,,true,true,http://localhost:5050/images/PDF_news/2015/62_PLC_Mexico_Supreme_Court_of_Justice_rules_on_Public_Policy_grounds_to_set_aside_award.pdf,,
0d20b0ed-911d-4a9f-888d-04e39b04a1b3,en,http://localhost:5050/news/diego-sierra-andrea-rivera-plc-arbitration-multi-jurisdictional-correo-mensual-l?lang=en,200,correcto,1,"Diego Sierra, Andrea Rivera - PLC Arbitration Multi-jurisdictional monthly email: The Supreme Court of Justice of the Nation analyzes ""public policy"" as grounds for setting aside an arbitral award","Diego Sierra, Andrea Rivera - PLC Arbitration Multi-jurisdictional monthly email: The Supreme Court of Justice of the Nation analyzes ""public policy"" as grounds for setting aside an arbitral award | Von Wobeser y Sierra","PLC Arbitration Multi-jurisdictional monthly email: The Supreme Court of Justice of the Nation analyzes ""public policy"" as grounds for setting aside an…",https://www.vonwobeser.com/news/diego-sierra-andrea-rivera-plc-arbitration-multi-jurisdictional-correo-mensual-l?lang=en,es-MX:https://www.vonwobeser.com/news/diego-sierra-andrea-rivera-plc-arbitration-multi-jurisdictional-correo-mensual-l | en:https://www.vonwobeser.com/news/diego-sierra-andrea-rivera-plc-arbitration-multi-jurisdictional-correo-mensual-l?lang=en | x-default:https://www.vonwobeser.com/news/diego-sierra-andrea-rivera-plc-arbitration-multi-jurisdictional-correo-mensual-l,,,true,true,http://localhost:5050/images/PDF_news/2015/62_PLC_Mexico_Supreme_Court_of_Justice_rules_on_Public_Policy_grounds_to_set_aside_award.pdf,,
a8427e0f-7f6f-4478-9e82-547ee62563d9,es,http://localhost:5050/news/edmond-grieger-corporate-livewire-mesa-redonda-energia-y-recursos-naturales-2,200,correcto,1,"Edmond Grieger - Corporate Livewire, Mesa Redonda: Energía y Recursos Naturales","Edmond Grieger - Corporate Livewire, Mesa Redonda: Energía y Recursos Naturales | Von Wobeser y Sierra",Las Naciones Unidas celebraron 2012 como el año de sustentabilidad. Aquí analizamos el éxito obtenido en relación a Energía y Recursos Naturales.,https://www.vonwobeser.com/news/edmond-grieger-corporate-livewire-mesa-redonda-energia-y-recursos-naturales-2,es-MX:https://www.vonwobeser.com/news/edmond-grieger-corporate-livewire-mesa-redonda-energia-y-recursos-naturales-2 | en:https://www.vonwobeser.com/news/edmond-grieger-corporate-livewire-mesa-redonda-energia-y-recursos-naturales-2?lang=en | x-default:https://www.vonwobeser.com/news/edmond-grieger-corporate-livewire-mesa-redonda-energia-y-recursos-naturales-2,,,true,true,http://localhost:5050/images/PDF_news/2015/61_CorporateLivewire_Energy_and_Natural_Rec.pdf,,
a8427e0f-7f6f-4478-9e82-547ee62563d9,en,http://localhost:5050/news/edmond-grieger-corporate-livewire-mesa-redonda-energia-y-recursos-naturales-2?lang=en,200,correcto,1,"Edmond Grieger - Corporate Livewire, Round Table: Energy and Natural Resources","Edmond Grieger - Corporate Livewire, Round Table: Energy and Natural Resources | Von Wobeser y Sierra",The United Nations celebrated 2012 as the year of sustainability. Here we analyze the success achieved in relation to Energy and Natural Resources.,https://www.vonwobeser.com/news/edmond-grieger-corporate-livewire-mesa-redonda-energia-y-recursos-naturales-2?lang=en,es-MX:https://www.vonwobeser.com/news/edmond-grieger-corporate-livewire-mesa-redonda-energia-y-recursos-naturales-2 | en:https://www.vonwobeser.com/news/edmond-grieger-corporate-livewire-mesa-redonda-energia-y-recursos-naturales-2?lang=en | x-default:https://www.vonwobeser.com/news/edmond-grieger-corporate-livewire-mesa-redonda-energia-y-recursos-naturales-2,,,true,true,http://localhost:5050/images/PDF_news/2015/61_CorporateLivewire_Energy_and_Natural_Rec.pdf,,
23189387-71f5-4830-a31b-3864f2dfa9aa,es,http://localhost:5050/news/jorge-ricardo-diaz-carvajal-international-law-office-consideraciones-fiscales-re,200,correcto,1,"Jorge Ricardo Díaz Carvajal - International Law Office, Consideraciones fiscales relacionadas a fusiones y adquisiciones en México","Jorge Ricardo Díaz Carvajal - International Law Office, Consideraciones fiscales relacionadas a fusiones y adquisiciones en México | Von Wobeser y Sierra",Las leyes fiscales en México tienen cláusulas específicas en relación a fusiones de entidades y la compra de acciones o activos.,https://www.vonwobeser.com/news/jorge-ricardo-diaz-carvajal-international-law-office-consideraciones-fiscales-re,es-MX:https://www.vonwobeser.com/news/jorge-ricardo-diaz-carvajal-international-law-office-consideraciones-fiscales-re | en:https://www.vonwobeser.com/news/jorge-ricardo-diaz-carvajal-international-law-office-consideraciones-fiscales-re?lang=en | x-default:https://www.vonwobeser.com/news/jorge-ricardo-diaz-carvajal-international-law-office-consideraciones-fiscales-re,,,true,true,http://localhost:5050/images/PDF_news/2015/Tax_considerations_in_MA_transactions.pdf,,
23189387-71f5-4830-a31b-3864f2dfa9aa,en,http://localhost:5050/news/jorge-ricardo-diaz-carvajal-international-law-office-consideraciones-fiscales-re?lang=en,200,correcto,1,"Jorge Ricardo Díaz Carvajal - International Law Office, Tax considerations related to mergers and acquisitions in Mexico","Jorge Ricardo Díaz Carvajal - International Law Office, Tax considerations related to mergers and acquisitions in Mexico | Von Wobeser y Sierra",Mexican tax laws contain specific provisions regarding the merger of entities and the purchase of shares or assets.,https://www.vonwobeser.com/news/jorge-ricardo-diaz-carvajal-international-law-office-consideraciones-fiscales-re?lang=en,es-MX:https://www.vonwobeser.com/news/jorge-ricardo-diaz-carvajal-international-law-office-consideraciones-fiscales-re | en:https://www.vonwobeser.com/news/jorge-ricardo-diaz-carvajal-international-law-office-consideraciones-fiscales-re?lang=en | x-default:https://www.vonwobeser.com/news/jorge-ricardo-diaz-carvajal-international-law-office-consideraciones-fiscales-re,,,true,true,http://localhost:5050/images/PDF_news/2015/Tax_considerations_in_MA_transactions.pdf,,
33e605cc-b994-42a3-b05a-d2c6962e75a1,es,http://localhost:5050/news/edmond-grieger-virginia-cornett-world-financier-referencia-global-infraestructur,200,correcto,1,"Edmond Grieger, Virginia Cornett - World Financier, Referencia Global: Infraestructura y Financiamiento de Proyectos","Edmond Grieger, Virginia Cornett - World Financier, Referencia Global: Infraestructura y Financiamiento de Proyectos | Von Wobeser y Sierra","Durante la administración del Presidente Felipe Calderón, se desarrolló una estructura con el objetivo de promover la inversión relacionada a proyectos de…",https://www.vonwobeser.com/news/edmond-grieger-virginia-cornett-world-financier-referencia-global-infraestructur,es-MX:https://www.vonwobeser.com/news/edmond-grieger-virginia-cornett-world-financier-referencia-global-infraestructur | en:https://www.vonwobeser.com/news/edmond-grieger-virginia-cornett-world-financier-referencia-global-infraestructur?lang=en | x-default:https://www.vonwobeser.com/news/edmond-grieger-virginia-cornett-world-financier-referencia-global-infraestructur,,,true,true,http://localhost:5050/images/PDF_news/PDF_articles/2013/30_GRG_Infrastructure_rkd493_1.pdf,,
33e605cc-b994-42a3-b05a-d2c6962e75a1,en,http://localhost:5050/news/edmond-grieger-virginia-cornett-world-financier-referencia-global-infraestructur?lang=en,200,correcto,1,"Edmond Grieger, Virginia Cornett - World Financier, Global Reference: Infrastructure and Project Finance","Edmond Grieger, Virginia Cornett - World Financier, Global Reference: Infrastructure and Project Finance | Von Wobeser y Sierra","During the administration of President Felipe Calderón, a framework was developed with the aim of promoting investment related to renewable energy projects and…",https://www.vonwobeser.com/news/edmond-grieger-virginia-cornett-world-financier-referencia-global-infraestructur?lang=en,es-MX:https://www.vonwobeser.com/news/edmond-grieger-virginia-cornett-world-financier-referencia-global-infraestructur | en:https://www.vonwobeser.com/news/edmond-grieger-virginia-cornett-world-financier-referencia-global-infraestructur?lang=en | x-default:https://www.vonwobeser.com/news/edmond-grieger-virginia-cornett-world-financier-referencia-global-infraestructur,,,true,true,http://localhost:5050/images/PDF_news/PDF_articles/2013/30_GRG_Infrastructure_rkd493_1.pdf,,
c456eb8b-ee6c-4bb8-ad65-4636a649c8f2,es,http://localhost:5050/news/luis-miguel-jimenez-lourdes-salazar-international-law-office-foreign-trade-impli,200,correcto,1,"Luis Miguel Jiménez y Lourdes Salazar - International Law Office, Implicaciones de comercio exterior en operaciones de fusiones y adquisiciones","Luis Miguel Jiménez y Lourdes Salazar - International Law Office, Implicaciones de comercio exterior en operaciones de fusiones y adquisiciones | Von Wobeser y Sierra","El término ""fusiones y adquisiciones"" comprende diversos esquemas de operación (por ejemplo, coinversiones, adquisiciones por parte de la administración, tomas…",https://www.vonwobeser.com/news/luis-miguel-jimenez-lourdes-salazar-international-law-office-foreign-trade-impli,es-MX:https://www.vonwobeser.com/news/luis-miguel-jimenez-lourdes-salazar-international-law-office-foreign-trade-impli | en:https://www.vonwobeser.com/news/luis-miguel-jimenez-lourdes-salazar-international-law-office-foreign-trade-impli?lang=en | x-default:https://www.vonwobeser.com/news/luis-miguel-jimenez-lourdes-salazar-international-law-office-foreign-trade-impli,,,true,true,,,
c456eb8b-ee6c-4bb8-ad65-4636a649c8f2,en,http://localhost:5050/news/luis-miguel-jimenez-lourdes-salazar-international-law-office-foreign-trade-impli?lang=en,200,correcto,1,"Luis Miguel Jiménez & Lourdes Salazar - International Law Office, Foreign Trade implications of M&A Transactions","Luis Miguel Jiménez & Lourdes Salazar - International Law Office, Foreign Trade implications of M&A Transactions | Von Wobeser y Sierra","The term, ""mergers and acquisitions"" involves several schemes of transaction (e.g, joint-venture, management buy-outs, takeovers and corporate reorganization)…",https://www.vonwobeser.com/news/luis-miguel-jimenez-lourdes-salazar-international-law-office-foreign-trade-impli?lang=en,es-MX:https://www.vonwobeser.com/news/luis-miguel-jimenez-lourdes-salazar-international-law-office-foreign-trade-impli | en:https://www.vonwobeser.com/news/luis-miguel-jimenez-lourdes-salazar-international-law-office-foreign-trade-impli?lang=en | x-default:https://www.vonwobeser.com/news/luis-miguel-jimenez-lourdes-salazar-international-law-office-foreign-trade-impli,,,true,true,http://localhost:5050/images/PDF_news/2015/56_ILO_Foreign_trade_implications_of_MA_transactions.pdf,,
414a0d8d-7d5f-488f-9bb0-bf909240533b,es,http://localhost:5050/news/luis-miguel-jimenez-ivan-romo-derecho-concursal-obra-juridica-enciclopedica-escu,200,correcto,1,"Luis Miguel Jiménez , Iván Romo - Derecho Concursal, Obra Jurídica Enciclopédica, Escuela Libre de Derecho","Luis Miguel Jiménez , Iván Romo - Derecho Concursal, Obra Jurídica Enciclopédica, Escuela Libre de Derecho | Von Wobeser y Sierra","La fragilidad de la economía de sus agentes ha sido una situación que constantemente ha preocupado no solo a los Estados, empresas, comerciantes y estudiosos…",https://www.vonwobeser.com/news/luis-miguel-jimenez-ivan-romo-derecho-concursal-obra-juridica-enciclopedica-escu,es-MX:https://www.vonwobeser.com/news/luis-miguel-jimenez-ivan-romo-derecho-concursal-obra-juridica-enciclopedica-escu | en:https://www.vonwobeser.com/news/luis-miguel-jimenez-ivan-romo-derecho-concursal-obra-juridica-enciclopedica-escu?lang=en | x-default:https://www.vonwobeser.com/news/luis-miguel-jimenez-ivan-romo-derecho-concursal-obra-juridica-enciclopedica-escu,,,true,true,http://localhost:5050/images/PDF_news/2015/55-Derecho-Concursal-Escuela-Libre-de-Derecho.pdf,,
414a0d8d-7d5f-488f-9bb0-bf909240533b,en,http://localhost:5050/news/luis-miguel-jimenez-ivan-romo-derecho-concursal-obra-juridica-enciclopedica-escu?lang=en,200,correcto,1,"Luis Miguel Jiménez, Iván Romo - Insolvency Law, Encyclopedic Legal Work, Escuela Libre de Derecho","Luis Miguel Jiménez, Iván Romo - Insolvency Law, Encyclopedic Legal Work, Escuela Libre de Derecho | Von Wobeser y Sierra","The fragility of the economy of its agents has been a situation that has constantly concerned not only States, companies, merchants and scholars of the field,…",https://www.vonwobeser.com/news/luis-miguel-jimenez-ivan-romo-derecho-concursal-obra-juridica-enciclopedica-escu?lang=en,es-MX:https://www.vonwobeser.com/news/luis-miguel-jimenez-ivan-romo-derecho-concursal-obra-juridica-enciclopedica-escu | en:https://www.vonwobeser.com/news/luis-miguel-jimenez-ivan-romo-derecho-concursal-obra-juridica-enciclopedica-escu?lang=en | x-default:https://www.vonwobeser.com/news/luis-miguel-jimenez-ivan-romo-derecho-concursal-obra-juridica-enciclopedica-escu,,,true,true,http://localhost:5050/images/PDF_news/2015/55-Derecho-Concursal-Escuela-Libre-de-Derecho.pdf,,
6bef4acd-d253-4768-abec-840eb962329e,es,http://localhost:5050/news/edmond-grieger-international-law-office-responsabilidad-ambiental-en-transaccion,200,correcto,1,"Edmond Grieger - International Law Office, Responsabilidad ambiental en transacciones de fusiones y adquisiciones","Edmond Grieger - International Law Office, Responsabilidad ambiental en transacciones de fusiones y adquisiciones | Von Wobeser y Sierra","La regulación ambiental juega un rol cada vez más importante en México a nivel federal, estatal y municipal).",https://www.vonwobeser.com/news/edmond-grieger-international-law-office-responsabilidad-ambiental-en-transaccion,es-MX:https://www.vonwobeser.com/news/edmond-grieger-international-law-office-responsabilidad-ambiental-en-transaccion | en:https://www.vonwobeser.com/news/edmond-grieger-international-law-office-responsabilidad-ambiental-en-transaccion?lang=en | x-default:https://www.vonwobeser.com/news/edmond-grieger-international-law-office-responsabilidad-ambiental-en-transaccion,,,true,true,http://localhost:5050/images/PDF_news/2015/54_ConsideringenvironmentalliabilitesinMAtransactionsInternationalLawOffice1.pdf,,
6bef4acd-d253-4768-abec-840eb962329e,en,http://localhost:5050/news/edmond-grieger-international-law-office-responsabilidad-ambiental-en-transaccion?lang=en,200,correcto,1,"Edmond Grieger - International Law Office, Environmental Liability in Mergers and Acquisitions Transactions","Edmond Grieger - International Law Office, Environmental Liability in Mergers and Acquisitions Transactions | Von Wobeser y Sierra","Environmental regulation plays an increasingly important role in Mexico at the federal, state and municipal levels).",https://www.vonwobeser.com/news/edmond-grieger-international-law-office-responsabilidad-ambiental-en-transaccion?lang=en,es-MX:https://www.vonwobeser.com/news/edmond-grieger-international-law-office-responsabilidad-ambiental-en-transaccion | en:https://www.vonwobeser.com/news/edmond-grieger-international-law-office-responsabilidad-ambiental-en-transaccion?lang=en | x-default:https://www.vonwobeser.com/news/edmond-grieger-international-law-office-responsabilidad-ambiental-en-transaccion,,,true,true,http://localhost:5050/images/PDF_news/2015/54_ConsideringenvironmentalliabilitesinMAtransactionsInternationalLawOffice1.pdf,,
b8d64884-a884-4fe5-a20b-b8518e4711c7,es,http://localhost:5050/news/victor-ruiz-diego-sierra-plc-arbitration-multi-jurisdicitonal-la-suprema-corte-d,200,correcto,1,"Victor Ruiz - Diego Sierra - PLC Arbitration Multi-Jurisdicitonal, La Suprema Corte de Justicia mexicana reconoce que los tribunales arbitrales tiene las más amplias facultades","Victor Ruiz - Diego Sierra - PLC Arbitration Multi-Jurisdicitonal, La Suprema Corte de Justicia mexicana reconoce que los tribunales arbitrales tiene las más amplias facultades | Von Wobeser y Sierra",La Suprema Corte de Justicia mexicana reconoce que los tribunales arbitrales tiene las más amplias facultades para admitir y valorar las pruebas que se les…,https://www.vonwobeser.com/news/victor-ruiz-diego-sierra-plc-arbitration-multi-jurisdicitonal-la-suprema-corte-d,es-MX:https://www.vonwobeser.com/news/victor-ruiz-diego-sierra-plc-arbitration-multi-jurisdicitonal-la-suprema-corte-d | en:https://www.vonwobeser.com/news/victor-ruiz-diego-sierra-plc-arbitration-multi-jurisdicitonal-la-suprema-corte-d?lang=en | x-default:https://www.vonwobeser.com/news/victor-ruiz-diego-sierra-plc-arbitration-multi-jurisdicitonal-la-suprema-corte-d,,,true,true,http://localhost:5050/images/PDF_news/2015/52_PLC_Arbitration_Multi_Jurisdictional_mthly_email_Mexico_Superme_Courts_Shows_deference_towards_arbitral_tribunal_s.pdf,,
b8d64884-a884-4fe5-a20b-b8518e4711c7,en,http://localhost:5050/news/victor-ruiz-diego-sierra-plc-arbitration-multi-jurisdicitonal-la-suprema-corte-d?lang=en,200,correcto,1,"Victor Ruiz - Diego Sierra - PLC Arbitration Multi-Jurisdictional, The Mexican Supreme Court of Justice recognizes that arbitral tribunals have the broadest powers","Victor Ruiz - Diego Sierra - PLC Arbitration Multi-Jurisdictional, The Mexican Supreme Court of Justice recognizes that arbitral tribunals have the broadest powers | Von Wobeser y Sierra","The Mexican Supreme Court of Justice recognizes that arbitral tribunals have the broadest powers to admit and assess the evidence submitted to them, without…",https://www.vonwobeser.com/news/victor-ruiz-diego-sierra-plc-arbitration-multi-jurisdicitonal-la-suprema-corte-d?lang=en,es-MX:https://www.vonwobeser.com/news/victor-ruiz-diego-sierra-plc-arbitration-multi-jurisdicitonal-la-suprema-corte-d | en:https://www.vonwobeser.com/news/victor-ruiz-diego-sierra-plc-arbitration-multi-jurisdicitonal-la-suprema-corte-d?lang=en | x-default:https://www.vonwobeser.com/news/victor-ruiz-diego-sierra-plc-arbitration-multi-jurisdicitonal-la-suprema-corte-d,,,true,true,http://localhost:5050/images/PDF_news/2015/52_PLC_Arbitration_Multi_Jurisdictional_mthly_email_Mexico_Superme_Courts_Shows_deference_towards_arbitral_tribunal_s.pdf,,
e39dddeb-b6ff-4003-81ab-28246cc66b31,es,http://localhost:5050/news/claus-von-wobeser-latin-american-arbitration-investment-protecciones-de-inversio,200,correcto,1,"Claus von Wobeser - Latin American Arbitration & Investment ,Protecciones de Inversión en Latinoamérica","Claus von Wobeser - Latin American Arbitration & Investment ,Protecciones de Inversión en Latinoamérica | Von Wobeser y Sierra",Protecciones de Inversión en Latinoamérica: Diferentes perspectivas.,https://www.vonwobeser.com/news/claus-von-wobeser-latin-american-arbitration-investment-protecciones-de-inversio,es-MX:https://www.vonwobeser.com/news/claus-von-wobeser-latin-american-arbitration-investment-protecciones-de-inversio | en:https://www.vonwobeser.com/news/claus-von-wobeser-latin-american-arbitration-investment-protecciones-de-inversio?lang=en | x-default:https://www.vonwobeser.com/news/claus-von-wobeser-latin-american-arbitration-investment-protecciones-de-inversio,,,true,true,,,
e39dddeb-b6ff-4003-81ab-28246cc66b31,en,http://localhost:5050/news/claus-von-wobeser-latin-american-arbitration-investment-protecciones-de-inversio?lang=en,200,correcto,1,"Claus von Wobeser - Latin American Arbitration & Investment, Investment Protections in Latin America","Claus von Wobeser - Latin American Arbitration & Investment, Investment Protections in Latin America | Von Wobeser y Sierra",Investment Protections in Latin America: Different Perspectives.,https://www.vonwobeser.com/news/claus-von-wobeser-latin-american-arbitration-investment-protecciones-de-inversio?lang=en,es-MX:https://www.vonwobeser.com/news/claus-von-wobeser-latin-american-arbitration-investment-protecciones-de-inversio | en:https://www.vonwobeser.com/news/claus-von-wobeser-latin-american-arbitration-investment-protecciones-de-inversio?lang=en | x-default:https://www.vonwobeser.com/news/claus-von-wobeser-latin-american-arbitration-investment-protecciones-de-inversio,,,true,true,,,
51d2a41c-dfee-435b-88b5-c559093d9980,es,http://localhost:5050/news/claus-von-wobeser-fernando-carreno-andres-nieto-jose-palomar-the-law-review-inte-2,200,correcto,1,"Claus von Wobeser, Fernando Carreño, Andrés Nieto, José Palomar - The Law Review: International Investigations 2nda Edición","Claus von Wobeser, Fernando Carreño, Andrés Nieto, José Palomar - The Law Review: International Investigations 2nda Edición | Von Wobeser y Sierra",Las actividades corporativas son supervisadas por distintas entidades del gobierno (administrativas por naturaleza) y su supervisión depende de la actividad…,https://www.vonwobeser.com/news/claus-von-wobeser-fernando-carreno-andres-nieto-jose-palomar-the-law-review-inte-2,es-MX:https://www.vonwobeser.com/news/claus-von-wobeser-fernando-carreno-andres-nieto-jose-palomar-the-law-review-inte-2 | en:https://www.vonwobeser.com/news/claus-von-wobeser-fernando-carreno-andres-nieto-jose-palomar-the-law-review-inte-2?lang=en | x-default:https://www.vonwobeser.com/news/claus-von-wobeser-fernando-carreno-andres-nieto-jose-palomar-the-law-review-inte-2,,,true,true,http://localhost:5050/images/PDF_news/2015/9.2-The-International-Investigations-Review.pdf,,
51d2a41c-dfee-435b-88b5-c559093d9980,en,http://localhost:5050/news/claus-von-wobeser-fernando-carreno-andres-nieto-jose-palomar-the-law-review-inte-2?lang=en,200,correcto,1,"Claus von Wobeser, Fernando Carreño, Andrés Nieto, José Palomar - The Law Review: International Investigations 2nd Edition","Claus von Wobeser, Fernando Carreño, Andrés Nieto, José Palomar - The Law Review: International Investigations 2nd Edition | Von Wobeser y Sierra",Corporate activities are supervised by various government bodies (administrative in nature) and their oversight depends on the business activity of each…,https://www.vonwobeser.com/news/claus-von-wobeser-fernando-carreno-andres-nieto-jose-palomar-the-law-review-inte-2?lang=en,es-MX:https://www.vonwobeser.com/news/claus-von-wobeser-fernando-carreno-andres-nieto-jose-palomar-the-law-review-inte-2 | en:https://www.vonwobeser.com/news/claus-von-wobeser-fernando-carreno-andres-nieto-jose-palomar-the-law-review-inte-2?lang=en | x-default:https://www.vonwobeser.com/news/claus-von-wobeser-fernando-carreno-andres-nieto-jose-palomar-the-law-review-inte-2,,,true,true,http://localhost:5050/images/PDF_news/2015/9.2-The-International-Investigations-Review.pdf,,
a4d20ecf-585f-47f6-b42a-5c6c9a7d4b8d,es,http://localhost:5050/news/fernando-carreno-jose-palomar-the-antitrust-review-of-the-americas-resumen-de-me,200,correcto,1,"Fernando Carreño , José Palomar - The Antitrust Review of the Americas, Resumen de México en Competencia Económica","Fernando Carreño , José Palomar - The Antitrust Review of the Americas, Resumen de México en Competencia Económica | Von Wobeser y Sierra","En México, la regulación y las investigaciónes relacionadas a competencia económica han incrementando.",https://www.vonwobeser.com/news/fernando-carreno-jose-palomar-the-antitrust-review-of-the-americas-resumen-de-me,es-MX:https://www.vonwobeser.com/news/fernando-carreno-jose-palomar-the-antitrust-review-of-the-americas-resumen-de-me | en:https://www.vonwobeser.com/news/fernando-carreno-jose-palomar-the-antitrust-review-of-the-americas-resumen-de-me?lang=en | x-default:https://www.vonwobeser.com/news/fernando-carreno-jose-palomar-the-antitrust-review-of-the-americas-resumen-de-me,,,true,true,http://localhost:5050/images/PDF_news/2015/8-The-Antitrust-Review-of-the-Americas.pdf,,
a4d20ecf-585f-47f6-b42a-5c6c9a7d4b8d,en,http://localhost:5050/news/fernando-carreno-jose-palomar-the-antitrust-review-of-the-americas-resumen-de-me?lang=en,200,correcto,1,"Fernando Carreño, José Palomar - The Antitrust Review of the Americas, Mexico Overview on Economic Competition","Fernando Carreño, José Palomar - The Antitrust Review of the Americas, Mexico Overview on Economic Competition | Von Wobeser y Sierra","In Mexico, regulation and investigations relating to economic competition have been increasing.",https://www.vonwobeser.com/news/fernando-carreno-jose-palomar-the-antitrust-review-of-the-americas-resumen-de-me?lang=en,es-MX:https://www.vonwobeser.com/news/fernando-carreno-jose-palomar-the-antitrust-review-of-the-americas-resumen-de-me | en:https://www.vonwobeser.com/news/fernando-carreno-jose-palomar-the-antitrust-review-of-the-americas-resumen-de-me?lang=en | x-default:https://www.vonwobeser.com/news/fernando-carreno-jose-palomar-the-antitrust-review-of-the-americas-resumen-de-me,,,true,true,http://localhost:5050/images/PDF_news/2015/8-The-Antitrust-Review-of-the-Americas.pdf,,
7e4cf758-0597-446d-b3af-4784cc2831c0,es,http://localhost:5050/news/andres-nieto-practical-law-company-fondos-de-inversion-mexico,200,correcto,1,"Andrés Nieto - Practical Law Company- Fondos de Inversión, México","Andrés Nieto - Practical Law Company- Fondos de Inversión, México | Von Wobeser y Sierra",PLC: Referencia México: Investment Funds.,https://www.vonwobeser.com/news/andres-nieto-practical-law-company-fondos-de-inversion-mexico,es-MX:https://www.vonwobeser.com/news/andres-nieto-practical-law-company-fondos-de-inversion-mexico | en:https://www.vonwobeser.com/news/andres-nieto-practical-law-company-fondos-de-inversion-mexico?lang=en | x-default:https://www.vonwobeser.com/news/andres-nieto-practical-law-company-fondos-de-inversion-mexico,,,true,true,http://localhost:5050/images/PDF_news/2015/7_PLC_Investment_Funds.pdf,,
7e4cf758-0597-446d-b3af-4784cc2831c0,en,http://localhost:5050/news/andres-nieto-practical-law-company-fondos-de-inversion-mexico?lang=en,200,correcto,1,"Andrés Nieto - Practical Law Company - Investment Funds, Mexico","Andrés Nieto - Practical Law Company - Investment Funds, Mexico | Von Wobeser y Sierra",PLC: Reference Mexico: Investment Funds.,https://www.vonwobeser.com/news/andres-nieto-practical-law-company-fondos-de-inversion-mexico?lang=en,es-MX:https://www.vonwobeser.com/news/andres-nieto-practical-law-company-fondos-de-inversion-mexico | en:https://www.vonwobeser.com/news/andres-nieto-practical-law-company-fondos-de-inversion-mexico?lang=en | x-default:https://www.vonwobeser.com/news/andres-nieto-practical-law-company-fondos-de-inversion-mexico,,,true,true,http://localhost:5050/images/PDF_news/2015/7_PLC_Investment_Funds.pdf,,
ec286eb9-8ebe-4532-948a-bfb78636e54a,es,http://localhost:5050/news/fernando-carreno-jose-palomar-practical-law-company-cartel-leniency-mexico,200,correcto,1,"Fernando Carreño - José Palomar. - Practical Law Company, Cartel Leniency, México","Fernando Carreño - José Palomar. - Practical Law Company, Cartel Leniency, México | Von Wobeser y Sierra","Practical Law Company, PLC: Referencia México: Cartel Leniency.",https://www.vonwobeser.com/news/fernando-carreno-jose-palomar-practical-law-company-cartel-leniency-mexico,es-MX:https://www.vonwobeser.com/news/fernando-carreno-jose-palomar-practical-law-company-cartel-leniency-mexico | en:https://www.vonwobeser.com/news/fernando-carreno-jose-palomar-practical-law-company-cartel-leniency-mexico?lang=en | x-default:https://www.vonwobeser.com/news/fernando-carreno-jose-palomar-practical-law-company-cartel-leniency-mexico,,,true,true,http://localhost:5050/images/PDF_news/2015/6_PLC_Cartel_Leniency.pdf,,
ec286eb9-8ebe-4532-948a-bfb78636e54a,en,http://localhost:5050/news/fernando-carreno-jose-palomar-practical-law-company-cartel-leniency-mexico?lang=en,200,correcto,1,"Fernando Carreño - José Palomar. - Practical Law Company, Cartel Leniency, Mexico","Fernando Carreño - José Palomar. - Practical Law Company, Cartel Leniency, Mexico | Von Wobeser y Sierra","Practical Law Company, PLC: Reference Mexico: Cartel Leniency.",https://www.vonwobeser.com/news/fernando-carreno-jose-palomar-practical-law-company-cartel-leniency-mexico?lang=en,es-MX:https://www.vonwobeser.com/news/fernando-carreno-jose-palomar-practical-law-company-cartel-leniency-mexico | en:https://www.vonwobeser.com/news/fernando-carreno-jose-palomar-practical-law-company-cartel-leniency-mexico?lang=en | x-default:https://www.vonwobeser.com/news/fernando-carreno-jose-palomar-practical-law-company-cartel-leniency-mexico,,,true,true,http://localhost:5050/images/PDF_news/2015/6_PLC_Cartel_Leniency.pdf,,
1229a5c7-0220-4558-9233-e51564b13aed,es,http://localhost:5050/news/javier-lizardi-rodolfo-trampe-jorge-diaz-carlos-lopez-pratical-law-company-outso,200,correcto,1,"Javier Lizardi, Rodolfo Trampe, Jorge Díaz, Carlos López - Pratical Law Company,Outsourcing, México","Javier Lizardi, Rodolfo Trampe, Jorge Díaz, Carlos López - Pratical Law Company,Outsourcing, México | Von Wobeser y Sierra",PLC: Referencia México: Outsourcing.,https://www.vonwobeser.com/news/javier-lizardi-rodolfo-trampe-jorge-diaz-carlos-lopez-pratical-law-company-outso,es-MX:https://www.vonwobeser.com/news/javier-lizardi-rodolfo-trampe-jorge-diaz-carlos-lopez-pratical-law-company-outso | en:https://www.vonwobeser.com/news/javier-lizardi-rodolfo-trampe-jorge-diaz-carlos-lopez-pratical-law-company-outso?lang=en | x-default:https://www.vonwobeser.com/news/javier-lizardi-rodolfo-trampe-jorge-diaz-carlos-lopez-pratical-law-company-outso,,,true,true,http://localhost:5050/images/PDF_news/2015/5-PLC-Outsourcing-Mexico.pdf,,
1229a5c7-0220-4558-9233-e51564b13aed,en,http://localhost:5050/news/javier-lizardi-rodolfo-trampe-jorge-diaz-carlos-lopez-pratical-law-company-outso?lang=en,200,correcto,1,"Javier Lizardi, Rodolfo Trampe, Jorge Díaz, Carlos López - Practical Law Company, Outsourcing, Mexico","Javier Lizardi, Rodolfo Trampe, Jorge Díaz, Carlos López - Practical Law Company, Outsourcing, Mexico | Von Wobeser y Sierra",PLC: Reference Mexico: Outsourcing.,https://www.vonwobeser.com/news/javier-lizardi-rodolfo-trampe-jorge-diaz-carlos-lopez-pratical-law-company-outso?lang=en,es-MX:https://www.vonwobeser.com/news/javier-lizardi-rodolfo-trampe-jorge-diaz-carlos-lopez-pratical-law-company-outso | en:https://www.vonwobeser.com/news/javier-lizardi-rodolfo-trampe-jorge-diaz-carlos-lopez-pratical-law-company-outso?lang=en | x-default:https://www.vonwobeser.com/news/javier-lizardi-rodolfo-trampe-jorge-diaz-carlos-lopez-pratical-law-company-outso,,,true,true,http://localhost:5050/images/PDF_news/2015/5-PLC-Outsourcing-Mexico.pdf,,
66804d92-c538-4a40-add9-f18a26e58f0a,es,http://localhost:5050/news/edmond-grieger-corporate-livewire-tendencias-y-desarrollo-en-el-mercado-mexicano,200,correcto,1,"Edmond Grieger - Corporate Livewire, Tendencias y desarrollo en el mercado mexicano de Enegía Renovable","Edmond Grieger - Corporate Livewire, Tendencias y desarrollo en el mercado mexicano de Enegía Renovable | Von Wobeser y Sierra","Las oportunidades de negocio continuán en relación al mercado mexicano de energía renovable, específicamente todo lo relacionado con proyectos solares y…",https://www.vonwobeser.com/news/edmond-grieger-corporate-livewire-tendencias-y-desarrollo-en-el-mercado-mexicano,es-MX:https://www.vonwobeser.com/news/edmond-grieger-corporate-livewire-tendencias-y-desarrollo-en-el-mercado-mexicano | en:https://www.vonwobeser.com/news/edmond-grieger-corporate-livewire-tendencias-y-desarrollo-en-el-mercado-mexicano?lang=en | x-default:https://www.vonwobeser.com/news/edmond-grieger-corporate-livewire-tendencias-y-desarrollo-en-el-mercado-mexicano,,,true,true,http://localhost:5050/images/PDF_news/2015/3_3_Corporate_Livewire_Currents_Trends_y_Expected_Development_in_Mexican_Renewable_Energy_Mkt.pdf,,
66804d92-c538-4a40-add9-f18a26e58f0a,en,http://localhost:5050/news/edmond-grieger-corporate-livewire-tendencias-y-desarrollo-en-el-mercado-mexicano?lang=en,200,correcto,1,"Edmond Grieger - Corporate Livewire, Trends and Development in the Mexican Renewable Energy Market","Edmond Grieger - Corporate Livewire, Trends and Development in the Mexican Renewable Energy Market | Von Wobeser y Sierra","Business opportunities continue to arise in the Mexican renewable energy market, specifically everything related to solar and wind projects.",https://www.vonwobeser.com/news/edmond-grieger-corporate-livewire-tendencias-y-desarrollo-en-el-mercado-mexicano?lang=en,es-MX:https://www.vonwobeser.com/news/edmond-grieger-corporate-livewire-tendencias-y-desarrollo-en-el-mercado-mexicano | en:https://www.vonwobeser.com/news/edmond-grieger-corporate-livewire-tendencias-y-desarrollo-en-el-mercado-mexicano?lang=en | x-default:https://www.vonwobeser.com/news/edmond-grieger-corporate-livewire-tendencias-y-desarrollo-en-el-mercado-mexicano,,,true,true,http://localhost:5050/images/PDF_news/2015/3_3_Corporate_Livewire_Currents_Trends_y_Expected_Development_in_Mexican_Renewable_Energy_Mkt.pdf,,
f1546dde-d4c9-4247-8ed0-43090f5851e0,es,http://localhost:5050/news/claus-von-wobeser-international-bar-association-iba-guia-de-arbitraje-mexico,200,correcto,1,"Claus von Wobeser - International Bar Association, IBA Guía de Arbitraje Mexico","Claus von Wobeser - International Bar Association, IBA Guía de Arbitraje Mexico | Von Wobeser y Sierra",IBA Guía de Arbitraje: Mexico.,https://www.vonwobeser.com/news/claus-von-wobeser-international-bar-association-iba-guia-de-arbitraje-mexico,es-MX:https://www.vonwobeser.com/news/claus-von-wobeser-international-bar-association-iba-guia-de-arbitraje-mexico | en:https://www.vonwobeser.com/news/claus-von-wobeser-international-bar-association-iba-guia-de-arbitraje-mexico?lang=en | x-default:https://www.vonwobeser.com/news/claus-von-wobeser-international-bar-association-iba-guia-de-arbitraje-mexico,,,true,true,http://localhost:5050/images/PDF_news/2015/3-IBA-Arbitration-Guide-Mexico.pdf,,
f1546dde-d4c9-4247-8ed0-43090f5851e0,en,http://localhost:5050/news/claus-von-wobeser-international-bar-association-iba-guia-de-arbitraje-mexico?lang=en,200,correcto,1,"Claus von Wobeser - International Bar Association, IBA Arbitration Guide Mexico","Claus von Wobeser - International Bar Association, IBA Arbitration Guide Mexico | Von Wobeser y Sierra",IBA Arbitration Guide: Mexico.,https://www.vonwobeser.com/news/claus-von-wobeser-international-bar-association-iba-guia-de-arbitraje-mexico?lang=en,es-MX:https://www.vonwobeser.com/news/claus-von-wobeser-international-bar-association-iba-guia-de-arbitraje-mexico | en:https://www.vonwobeser.com/news/claus-von-wobeser-international-bar-association-iba-guia-de-arbitraje-mexico?lang=en | x-default:https://www.vonwobeser.com/news/claus-von-wobeser-international-bar-association-iba-guia-de-arbitraje-mexico,,,true,true,http://localhost:5050/images/PDF_news/2015/3-IBA-Arbitration-Guide-Mexico.pdf,,
080b28b7-c35c-49d5-97f0-42fbb7fc8524,es,http://localhost:5050/news/luis-burgueno-practical-law-company-fusiones-y-adquisiciones-mexico,200,correcto,1,"Luis Burgueño - Practical Law Company, Fusiones y Adquisiciones, México","Luis Burgueño - Practical Law Company, Fusiones y Adquisiciones, México | Von Wobeser y Sierra",PLC:Referencia México: Fusiones y Adquisiciones.,https://www.vonwobeser.com/news/luis-burgueno-practical-law-company-fusiones-y-adquisiciones-mexico,es-MX:https://www.vonwobeser.com/news/luis-burgueno-practical-law-company-fusiones-y-adquisiciones-mexico | en:https://www.vonwobeser.com/news/luis-burgueno-practical-law-company-fusiones-y-adquisiciones-mexico?lang=en | x-default:https://www.vonwobeser.com/news/luis-burgueno-practical-law-company-fusiones-y-adquisiciones-mexico,,,true,true,http://localhost:5050/images/PDF_news/2015/2_2-PLC-Mergers-and-acquisitions-Mexico.pdf,,
080b28b7-c35c-49d5-97f0-42fbb7fc8524,en,http://localhost:5050/news/luis-burgueno-practical-law-company-fusiones-y-adquisiciones-mexico?lang=en,200,correcto,1,"Luis Burgueño - Practical Law Company, Mergers and Acquisitions, Mexico","Luis Burgueño - Practical Law Company, Mergers and Acquisitions, Mexico | Von Wobeser y Sierra",PLC: Mexico Reference Guide: Mergers and Acquisitions.,https://www.vonwobeser.com/news/luis-burgueno-practical-law-company-fusiones-y-adquisiciones-mexico?lang=en,es-MX:https://www.vonwobeser.com/news/luis-burgueno-practical-law-company-fusiones-y-adquisiciones-mexico | en:https://www.vonwobeser.com/news/luis-burgueno-practical-law-company-fusiones-y-adquisiciones-mexico?lang=en | x-default:https://www.vonwobeser.com/news/luis-burgueno-practical-law-company-fusiones-y-adquisiciones-mexico,,,true,true,http://localhost:5050/images/PDF_news/2015/2_2-PLC-Mergers-and-acquisitions-Mexico.pdf,,
650272b6-88d8-43a4-84d5-3b2f8c5f1fcd,es,http://localhost:5050/news/claus-von-wobeser-the-european-lawyer-reference-series-arbitration-world-4th-edi-2,200,correcto,1,Claus von Wobeser - The European Lawyer Reference Series - Arbitration World 4th Edition Capítulo de México,Claus von Wobeser - The European Lawyer Reference Series - Arbitration World 4th Edition Capítulo de México | Von Wobeser y Sierra,Guía de Arbitraje en México.,https://www.vonwobeser.com/news/claus-von-wobeser-the-european-lawyer-reference-series-arbitration-world-4th-edi-2,es-MX:https://www.vonwobeser.com/news/claus-von-wobeser-the-european-lawyer-reference-series-arbitration-world-4th-edi-2 | en:https://www.vonwobeser.com/news/claus-von-wobeser-the-european-lawyer-reference-series-arbitration-world-4th-edi-2?lang=en | x-default:https://www.vonwobeser.com/news/claus-von-wobeser-the-european-lawyer-reference-series-arbitration-world-4th-edi-2,,,true,true,http://localhost:5050/images/PDF_news/2015/1.5-The-European-Lawyer-Ref-Series-Arbitration-World-4th-Ed--Mexico.pdf,,
650272b6-88d8-43a4-84d5-3b2f8c5f1fcd,en,http://localhost:5050/news/claus-von-wobeser-the-european-lawyer-reference-series-arbitration-world-4th-edi-2?lang=en,200,correcto,1,"Claus von Wobeser - The European Lawyer Reference Series - Arbitration World 4th Edition, Mexico Chapter","Claus von Wobeser - The European Lawyer Reference Series - Arbitration World 4th Edition, Mexico Chapter | Von Wobeser y Sierra",Arbitration Guide for Mexico.,https://www.vonwobeser.com/news/claus-von-wobeser-the-european-lawyer-reference-series-arbitration-world-4th-edi-2?lang=en,es-MX:https://www.vonwobeser.com/news/claus-von-wobeser-the-european-lawyer-reference-series-arbitration-world-4th-edi-2 | en:https://www.vonwobeser.com/news/claus-von-wobeser-the-european-lawyer-reference-series-arbitration-world-4th-edi-2?lang=en | x-default:https://www.vonwobeser.com/news/claus-von-wobeser-the-european-lawyer-reference-series-arbitration-world-4th-edi-2,,,true,true,http://localhost:5050/images/PDF_news/2015/1.5-The-European-Lawyer-Ref-Series-Arbitration-World-4th-Ed--Mexico.pdf,,
3c635370-da04-45bd-932b-1bb9ba32c3a3,es,http://localhost:5050/news/claus-von-wobeser-la-incorporacion-por-referencia,200,correcto,1,Claus Von Wobeser - La Incorporación por Referencia,Claus Von Wobeser - La Incorporación por Referencia | Von Wobeser y Sierra,"A poco más de sus cincuenta años de existencia, festejo a propósito del cual se escriben estas líneas, la Convención sobre el Reconocimiento y la Ejecución de…",https://www.vonwobeser.com/news/claus-von-wobeser-la-incorporacion-por-referencia,es-MX:https://www.vonwobeser.com/news/claus-von-wobeser-la-incorporacion-por-referencia | en:https://www.vonwobeser.com/news/claus-von-wobeser-la-incorporacion-por-referencia?lang=en | x-default:https://www.vonwobeser.com/news/claus-von-wobeser-la-incorporacion-por-referencia,,,true,true,http://localhost:5050/images/PDF_news/2015/PAUTA-58-CVW.pdf,,
3c635370-da04-45bd-932b-1bb9ba32c3a3,en,http://localhost:5050/news/claus-von-wobeser-la-incorporacion-por-referencia?lang=en,200,correcto,1,Claus Von Wobeser - Incorporation by Reference,Claus Von Wobeser - Incorporation by Reference | Von Wobeser y Sierra,Just over fifty years since its existence began—an anniversary that occasions these lines—the Convention on the Recognition and Enforcement of Foreign Arbitral…,https://www.vonwobeser.com/news/claus-von-wobeser-la-incorporacion-por-referencia?lang=en,es-MX:https://www.vonwobeser.com/news/claus-von-wobeser-la-incorporacion-por-referencia | en:https://www.vonwobeser.com/news/claus-von-wobeser-la-incorporacion-por-referencia?lang=en | x-default:https://www.vonwobeser.com/news/claus-von-wobeser-la-incorporacion-por-referencia,,,true,true,http://localhost:5050/images/PDF_news/2015/PAUTA-58-CVW.pdf,,
60623344-906c-43c7-8e69-d2b8a2ba6788,es,http://localhost:5050/news/luis-burgueno-la-nueva-estructura-organica-de-la-sociedad-anonima-bursatil,200,correcto,1,Luis Burgueño - La Nueva Estructura Orgánica de la Sociedad Anónima Bursátil,Luis Burgueño - La Nueva Estructura Orgánica de la Sociedad Anónima Bursátil | Von Wobeser y Sierra,Las recientes reformas a la Ley del Mercado de Valores constituyen una modificación sustancial al régimen de gobierno corporativo y la estrucutra de los…,https://www.vonwobeser.com/news/luis-burgueno-la-nueva-estructura-organica-de-la-sociedad-anonima-bursatil,es-MX:https://www.vonwobeser.com/news/luis-burgueno-la-nueva-estructura-organica-de-la-sociedad-anonima-bursatil | en:https://www.vonwobeser.com/news/luis-burgueno-la-nueva-estructura-organica-de-la-sociedad-anonima-bursatil?lang=en | x-default:https://www.vonwobeser.com/news/luis-burgueno-la-nueva-estructura-organica-de-la-sociedad-anonima-bursatil,,,true,true,,,
60623344-906c-43c7-8e69-d2b8a2ba6788,en,http://localhost:5050/news/luis-burgueno-la-nueva-estructura-organica-de-la-sociedad-anonima-bursatil?lang=en,200,correcto,1,Luis Burgueño - The New Organic Structure of the Publicly Traded Corporation,Luis Burgueño - The New Organic Structure of the Publicly Traded Corporation | Von Wobeser y Sierra,The recent amendments to the Stock Exchange Act (Ley del Mercado de Valores) constitute a substantial modification of the corporate governance regime and the…,https://www.vonwobeser.com/news/luis-burgueno-la-nueva-estructura-organica-de-la-sociedad-anonima-bursatil?lang=en,es-MX:https://www.vonwobeser.com/news/luis-burgueno-la-nueva-estructura-organica-de-la-sociedad-anonima-bursatil | en:https://www.vonwobeser.com/news/luis-burgueno-la-nueva-estructura-organica-de-la-sociedad-anonima-bursatil?lang=en | x-default:https://www.vonwobeser.com/news/luis-burgueno-la-nueva-estructura-organica-de-la-sociedad-anonima-bursatil,,,true,true,,,
94c3a762-191d-4afe-8c4f-41c40427aac4,es,http://localhost:5050/news/luis-burgueno-patrick-meshoulam-luis-alberto-perez-mexico-toma-dos-medidas-impor,200,correcto,1,"Luis Burgueño, Patrick Meshoulam , Luis Alberto Pérez - Mexico Toma Dos Medidas Importantes Hacia la Convergencia en Telecomunicaciones","Luis Burgueño, Patrick Meshoulam , Luis Alberto Pérez - Mexico Toma Dos Medidas Importantes Hacia la Convergencia en Telecomunicaciones | Von Wobeser y Sierra","Con las recientes modificaciones a la Ley Federal de Radio y Televisión y la Ley Federal de Telecomunicaciones, así como la Resolución en materia de…",https://www.vonwobeser.com/news/luis-burgueno-patrick-meshoulam-luis-alberto-perez-mexico-toma-dos-medidas-impor,es-MX:https://www.vonwobeser.com/news/luis-burgueno-patrick-meshoulam-luis-alberto-perez-mexico-toma-dos-medidas-impor | en:https://www.vonwobeser.com/news/luis-burgueno-patrick-meshoulam-luis-alberto-perez-mexico-toma-dos-medidas-impor?lang=en | x-default:https://www.vonwobeser.com/news/luis-burgueno-patrick-meshoulam-luis-alberto-perez-mexico-toma-dos-medidas-impor,,,true,true,http://localhost:5050/images/PDF_news/PDF_articles/2017/5-GCR-LBC-Mexico-takes-2-major-steps-2007-37-Mexico-telecoms.pdf,,
94c3a762-191d-4afe-8c4f-41c40427aac4,en,http://localhost:5050/news/luis-burgueno-patrick-meshoulam-luis-alberto-perez-mexico-toma-dos-medidas-impor?lang=en,200,correcto,1,"Luis Burgueño, Patrick Meshoulam, Luis Alberto Pérez - Mexico Takes Two Major Steps Towards Telecommunications Convergence","Luis Burgueño, Patrick Meshoulam, Luis Alberto Pérez - Mexico Takes Two Major Steps Towards Telecommunications Convergence | Von Wobeser y Sierra","With the recent amendments to the Federal Radio and Television Law and the Federal Telecommunications Law, as well as the Resolution on the Convergence of…",https://www.vonwobeser.com/news/luis-burgueno-patrick-meshoulam-luis-alberto-perez-mexico-toma-dos-medidas-impor?lang=en,es-MX:https://www.vonwobeser.com/news/luis-burgueno-patrick-meshoulam-luis-alberto-perez-mexico-toma-dos-medidas-impor | en:https://www.vonwobeser.com/news/luis-burgueno-patrick-meshoulam-luis-alberto-perez-mexico-toma-dos-medidas-impor?lang=en | x-default:https://www.vonwobeser.com/news/luis-burgueno-patrick-meshoulam-luis-alberto-perez-mexico-toma-dos-medidas-impor,,,true,true,http://localhost:5050/images/PDF_news/PDF_articles/2017/5-GCR-LBC-Mexico-takes-2-major-steps-2007-37-Mexico-telecoms.pdf,,
84f3600c-c787-4f7a-8eed-ec8512a692f3,es,http://localhost:5050/news/claus-von-wobeser-revisor-tecnicas-para-controlar-el-tiempo-y-los-costos-en-el-a,200,correcto,1,Claus Von Wobeser (Revisor) - Técnicas para controlar el tiempo y los costos en el arbitraje,Claus Von Wobeser (Revisor) - Técnicas para controlar el tiempo y los costos en el arbitraje | Von Wobeser y Sierra,"Las estadísticas proporcionadas por la Corte Internacional de Arbitraje de la CCI, con base en los casos de la CCI, en los que un laudo final se dictó en 2003…",https://www.vonwobeser.com/news/claus-von-wobeser-revisor-tecnicas-para-controlar-el-tiempo-y-los-costos-en-el-a,es-MX:https://www.vonwobeser.com/news/claus-von-wobeser-revisor-tecnicas-para-controlar-el-tiempo-y-los-costos-en-el-a | en:https://www.vonwobeser.com/news/claus-von-wobeser-revisor-tecnicas-para-controlar-el-tiempo-y-los-costos-en-el-a?lang=en | x-default:https://www.vonwobeser.com/news/claus-von-wobeser-revisor-tecnicas-para-controlar-el-tiempo-y-los-costos-en-el-a,,,true,true,http://localhost:5050/images/PDF_news/2015/pauta-54-CVW.pdf,,
84f3600c-c787-4f7a-8eed-ec8512a692f3,en,http://localhost:5050/news/claus-von-wobeser-revisor-tecnicas-para-controlar-el-tiempo-y-los-costos-en-el-a?lang=en,200,correcto,1,Claus Von Wobeser (Reviewer) - Techniques to control time and costs in arbitration,Claus Von Wobeser (Reviewer) - Techniques to control time and costs in arbitration | Von Wobeser y Sierra,"The statistics provided by the International Court of Arbitration of the ICC, based on ICC cases in which a final award was rendered in 2003 and 2004, indicate…",https://www.vonwobeser.com/news/claus-von-wobeser-revisor-tecnicas-para-controlar-el-tiempo-y-los-costos-en-el-a?lang=en,es-MX:https://www.vonwobeser.com/news/claus-von-wobeser-revisor-tecnicas-para-controlar-el-tiempo-y-los-costos-en-el-a | en:https://www.vonwobeser.com/news/claus-von-wobeser-revisor-tecnicas-para-controlar-el-tiempo-y-los-costos-en-el-a?lang=en | x-default:https://www.vonwobeser.com/news/claus-von-wobeser-revisor-tecnicas-para-controlar-el-tiempo-y-los-costos-en-el-a,,,true,true,http://localhost:5050/images/PDF_news/2015/pauta-54-CVW.pdf,,
3d2f6fbf-6429-4077-bc59-1caf1a7537f7,es,http://localhost:5050/news/pablo-jimenez-manuel-galicia-humberto-perez-rocha-sheppard-mullin-aspectos-jurid,200,correcto,1,"Pablo Jiménez, Manuel Galicia, Humberto Pérez-Rocha – Sheppard Mullin - Aspectos Jurídicos Sobre el Capital Privado en México, 2007","Pablo Jiménez, Manuel Galicia, Humberto Pérez-Rocha – Sheppard Mullin - Aspectos Jurídicos Sobre el Capital Privado en México, 2007 | Von Wobeser y Sierra",En este artículo nuestro socio Pablo Jiménez ofrece un panorama general sobre ciertos aspectos jurídicos relacionados con la organización y operación de las…,https://www.vonwobeser.com/news/pablo-jimenez-manuel-galicia-humberto-perez-rocha-sheppard-mullin-aspectos-jurid,es-MX:https://www.vonwobeser.com/news/pablo-jimenez-manuel-galicia-humberto-perez-rocha-sheppard-mullin-aspectos-jurid | en:https://www.vonwobeser.com/news/pablo-jimenez-manuel-galicia-humberto-perez-rocha-sheppard-mullin-aspectos-jurid?lang=en | x-default:https://www.vonwobeser.com/news/pablo-jimenez-manuel-galicia-humberto-perez-rocha-sheppard-mullin-aspectos-jurid,,,true,true,http://localhost:5050/images/PDF_news/PDF_articles/2021/6-Sheppard-Mullin.pdf,,
3d2f6fbf-6429-4077-bc59-1caf1a7537f7,en,http://localhost:5050/news/pablo-jimenez-manuel-galicia-humberto-perez-rocha-sheppard-mullin-aspectos-jurid?lang=en,200,correcto,1,"Pablo Jiménez, Manuel Galicia, Humberto Pérez-Rocha – Sheppard Mullin - Legal Aspects of Private Equity in Mexico, 2007","Pablo Jiménez, Manuel Galicia, Humberto Pérez-Rocha – Sheppard Mullin - Legal Aspects of Private Equity in Mexico, 2007 | Von Wobeser y Sierra","In this article, our partner Pablo Jiménez provides an overview of certain legal aspects relating to the organization and operation of private equity firms and…",https://www.vonwobeser.com/news/pablo-jimenez-manuel-galicia-humberto-perez-rocha-sheppard-mullin-aspectos-jurid?lang=en,es-MX:https://www.vonwobeser.com/news/pablo-jimenez-manuel-galicia-humberto-perez-rocha-sheppard-mullin-aspectos-jurid | en:https://www.vonwobeser.com/news/pablo-jimenez-manuel-galicia-humberto-perez-rocha-sheppard-mullin-aspectos-jurid?lang=en | x-default:https://www.vonwobeser.com/news/pablo-jimenez-manuel-galicia-humberto-perez-rocha-sheppard-mullin-aspectos-jurid,,,true,true,http://localhost:5050/images/PDF_news/PDF_articles/2021/6-Sheppard-Mullin.pdf,,
367a3660-8a53-42c2-9fa9-e4f6a49c14b1,es,http://localhost:5050/news/alberto-muerza-sobre-los-problemas-constitucionales-y-legales-del-cumplimiento-d,200,correcto,1,Alberto Muerza - Sobre los Problemas Constitucionales y Legales del Cumplimiento de las Sentencias de Amparo,Alberto Muerza - Sobre los Problemas Constitucionales y Legales del Cumplimiento de las Sentencias de Amparo | Von Wobeser y Sierra,El propósito de este artículo es puntualizar algunos de los problemas constitucionales y legales que obstaculizan el logro del cumplimiento de las sentencias…,https://www.vonwobeser.com/news/alberto-muerza-sobre-los-problemas-constitucionales-y-legales-del-cumplimiento-d,es-MX:https://www.vonwobeser.com/news/alberto-muerza-sobre-los-problemas-constitucionales-y-legales-del-cumplimiento-d | en:https://www.vonwobeser.com/news/alberto-muerza-sobre-los-problemas-constitucionales-y-legales-del-cumplimiento-d?lang=en | x-default:https://www.vonwobeser.com/news/alberto-muerza-sobre-los-problemas-constitucionales-y-legales-del-cumplimiento-d,,,true,true,http://localhost:5050/images/PDF_news/2015/Muerza---cumplimiento-sentencias-amparo.pdf,,
367a3660-8a53-42c2-9fa9-e4f6a49c14b1,en,http://localhost:5050/news/alberto-muerza-sobre-los-problemas-constitucionales-y-legales-del-cumplimiento-d?lang=en,200,correcto,1,Alberto Muerza - On the Constitutional and Legal Problems of the Enforcement of Amparo Judgments,Alberto Muerza - On the Constitutional and Legal Problems of the Enforcement of Amparo Judgments | Von Wobeser y Sierra,"The purpose of this article is to point out some of the constitutional and legal problems that hinder the enforcement of amparo judgments, a subject to which I…",https://www.vonwobeser.com/news/alberto-muerza-sobre-los-problemas-constitucionales-y-legales-del-cumplimiento-d?lang=en,es-MX:https://www.vonwobeser.com/news/alberto-muerza-sobre-los-problemas-constitucionales-y-legales-del-cumplimiento-d | en:https://www.vonwobeser.com/news/alberto-muerza-sobre-los-problemas-constitucionales-y-legales-del-cumplimiento-d?lang=en | x-default:https://www.vonwobeser.com/news/alberto-muerza-sobre-los-problemas-constitucionales-y-legales-del-cumplimiento-d,,,true,true,http://localhost:5050/images/PDF_news/2015/Muerza---cumplimiento-sentencias-amparo.pdf,,
96e019db-09a3-480e-9f5d-7408d014ee8c,es,http://localhost:5050/news/luis-burgueno-comercio-electronico-y-la-ley-sobre-firmas-electronicas,200,correcto,1,Luis Burgueño - Comercio Electrónico y la Ley Sobre Firmas Electrónicas,Luis Burgueño - Comercio Electrónico y la Ley Sobre Firmas Electrónicas | Von Wobeser y Sierra,"Este capítulo presenta el régimen legal de México en materia de contratos y firmas electrónicas, tal como ha sido establecido por virtud del Decreto de 2000 en…",https://www.vonwobeser.com/news/luis-burgueno-comercio-electronico-y-la-ley-sobre-firmas-electronicas,es-MX:https://www.vonwobeser.com/news/luis-burgueno-comercio-electronico-y-la-ley-sobre-firmas-electronicas | en:https://www.vonwobeser.com/news/luis-burgueno-comercio-electronico-y-la-ley-sobre-firmas-electronicas?lang=en | x-default:https://www.vonwobeser.com/news/luis-burgueno-comercio-electronico-y-la-ley-sobre-firmas-electronicas,,,true,true,http://localhost:5050/images/PDF_news/2015/Chapter-16.pdf,,
96e019db-09a3-480e-9f5d-7408d014ee8c,en,http://localhost:5050/news/luis-burgueno-comercio-electronico-y-la-ley-sobre-firmas-electronicas?lang=en,200,correcto,1,Luis Burgueño - E-Commerce and the Law of Digital Signatures,Luis Burgueño - E-Commerce and the Law of Digital Signatures | Von Wobeser y Sierra,"This chapter presents Mexico's legal regime on electronic contracts and signatures, as established by virtue of the 2000 Decree on electronic commerce and the…",https://www.vonwobeser.com/news/luis-burgueno-comercio-electronico-y-la-ley-sobre-firmas-electronicas?lang=en,es-MX:https://www.vonwobeser.com/news/luis-burgueno-comercio-electronico-y-la-ley-sobre-firmas-electronicas | en:https://www.vonwobeser.com/news/luis-burgueno-comercio-electronico-y-la-ley-sobre-firmas-electronicas?lang=en | x-default:https://www.vonwobeser.com/news/luis-burgueno-comercio-electronico-y-la-ley-sobre-firmas-electronicas,,,true,true,http://localhost:5050/images/PDF_news/2015/Chapter-16.pdf,,
d1983526-22c6-4207-92ff-6277f1f6101c,es,http://localhost:5050/news/pablo-jimenez-stanford-law-school-reformulacion-de-los-deberes-fiduciarios-en-me,200,correcto,1,"Pablo Jiménez - Stanford Law School - Reformulación de los deberes fiduciarios en México: Un paso hacia la funcionalidad, 2005","Pablo Jiménez - Stanford Law School - Reformulación de los deberes fiduciarios en México: Un paso hacia la funcionalidad, 2005 | Von Wobeser y Sierra","Los deberes fiduciarios son una respuesta legal a la autogestión desleal y a la mala gestión de aquellos que controlan una empresa. En este documento, nuestro…",https://www.vonwobeser.com/news/pablo-jimenez-stanford-law-school-reformulacion-de-los-deberes-fiduciarios-en-me,es-MX:https://www.vonwobeser.com/news/pablo-jimenez-stanford-law-school-reformulacion-de-los-deberes-fiduciarios-en-me | en:https://www.vonwobeser.com/news/pablo-jimenez-stanford-law-school-reformulacion-de-los-deberes-fiduciarios-en-me?lang=en | x-default:https://www.vonwobeser.com/news/pablo-jimenez-stanford-law-school-reformulacion-de-los-deberes-fiduciarios-en-me,,,true,true,http://localhost:5050/images/PDF_news/PDF_articles/2021/7-Stanford-Law-School.pdf,,
d1983526-22c6-4207-92ff-6277f1f6101c,en,http://localhost:5050/news/pablo-jimenez-stanford-law-school-reformulacion-de-los-deberes-fiduciarios-en-me?lang=en,200,correcto,1,"Pablo Jiménez - Stanford Law School - Reshaping Fiduciary Duties in Mexico: A Step Towards Functionality, 2005","Pablo Jiménez - Stanford Law School - Reshaping Fiduciary Duties in Mexico: A Step Towards Functionality, 2005 | Von Wobeser y Sierra","Fiduciary duties are a legal response to unfair self-dealing and mismanagement by those who control a company. In this paper, our partner Pablo Jiménez…",https://www.vonwobeser.com/news/pablo-jimenez-stanford-law-school-reformulacion-de-los-deberes-fiduciarios-en-me?lang=en,es-MX:https://www.vonwobeser.com/news/pablo-jimenez-stanford-law-school-reformulacion-de-los-deberes-fiduciarios-en-me | en:https://www.vonwobeser.com/news/pablo-jimenez-stanford-law-school-reformulacion-de-los-deberes-fiduciarios-en-me?lang=en | x-default:https://www.vonwobeser.com/news/pablo-jimenez-stanford-law-school-reformulacion-de-los-deberes-fiduciarios-en-me,,,true,true,http://localhost:5050/images/PDF_news/PDF_articles/2021/7-Stanford-Law-School.pdf,,
777983f6-de58-4fde-b862-a4afe13274d4,es,http://localhost:5050/news/pablo-jimenez-editorial-porrua-ofertas-publicas-de-adquisicion-2004,200,correcto,1,"Pablo Jiménez – Editorial Porrúa - Ofertas Públicas de Adquisición, 2004","Pablo Jiménez – Editorial Porrúa - Ofertas Públicas de Adquisición, 2004 | Von Wobeser y Sierra","Actualmente el mercado de valores debe ser uno de los elementos clave para el desarrollo de la economía de un país. En esta obra, nuestro socio Pablo Jiménez…",https://www.vonwobeser.com/news/pablo-jimenez-editorial-porrua-ofertas-publicas-de-adquisicion-2004,es-MX:https://www.vonwobeser.com/news/pablo-jimenez-editorial-porrua-ofertas-publicas-de-adquisicion-2004 | en:https://www.vonwobeser.com/news/pablo-jimenez-editorial-porrua-ofertas-publicas-de-adquisicion-2004?lang=en | x-default:https://www.vonwobeser.com/news/pablo-jimenez-editorial-porrua-ofertas-publicas-de-adquisicion-2004,,,true,true,,,
777983f6-de58-4fde-b862-a4afe13274d4,en,http://localhost:5050/news/pablo-jimenez-editorial-porrua-ofertas-publicas-de-adquisicion-2004?lang=en,200,correcto,1,"Pablo Jiménez – Editorial Porrúa - Takeover Bids, 2004","Pablo Jiménez – Editorial Porrúa - Takeover Bids, 2004 | Von Wobeser y Sierra","Today, the securities market must be one of the key elements for the development of a country's economy. In this work, our partner Pablo Jiménez analyzes one…",https://www.vonwobeser.com/news/pablo-jimenez-editorial-porrua-ofertas-publicas-de-adquisicion-2004?lang=en,es-MX:https://www.vonwobeser.com/news/pablo-jimenez-editorial-porrua-ofertas-publicas-de-adquisicion-2004 | en:https://www.vonwobeser.com/news/pablo-jimenez-editorial-porrua-ofertas-publicas-de-adquisicion-2004?lang=en | x-default:https://www.vonwobeser.com/news/pablo-jimenez-editorial-porrua-ofertas-publicas-de-adquisicion-2004,,,true,true,,,
6580f7b1-78af-4c2b-92f8-6db5b067d2d4,es,http://localhost:5050/news/daniela-pons-nexos-los-empresarios-son-beneficiarios-del-combate-a-la-corrupcion,200,correcto,1,Daniela Pons - Nexos - Los empresarios son beneficiarios del combate a la corrupción privada - Mayo 2023.,Daniela Pons - Nexos - Los empresarios son beneficiarios del combate a la corrupción privada - Mayo 2023. | Von Wobeser y Sierra,"Las autoras sostienen que las empresas se benefician de combatir la corrupción privada mediante políticas de integridad sustantivas, controles internos y…",https://www.vonwobeser.com/news/daniela-pons-nexos-los-empresarios-son-beneficiarios-del-combate-a-la-corrupcion,es-MX:https://www.vonwobeser.com/news/daniela-pons-nexos-los-empresarios-son-beneficiarios-del-combate-a-la-corrupcion | en:https://www.vonwobeser.com/news/daniela-pons-nexos-los-empresarios-son-beneficiarios-del-combate-a-la-corrupcion?lang=en | x-default:https://www.vonwobeser.com/news/daniela-pons-nexos-los-empresarios-son-beneficiarios-del-combate-a-la-corrupcion,https://anticorrupcion.nexos.com.mx/los-empresarios-son-beneficiarios-del-combate-a-la-corrupcion-privada/,https://anticorrupcion.nexos.com.mx/los-empresarios-son-beneficiarios-del-combate-a-la-corrupcion-privada/,true,true,,,
6580f7b1-78af-4c2b-92f8-6db5b067d2d4,en,http://localhost:5050/news/daniela-pons-nexos-los-empresarios-son-beneficiarios-del-combate-a-la-corrupcion?lang=en,200,correcto,1,Daniela Pons - Nexos - Businesspeople Are Beneficiaries of the Fight Against Private Corruption - May 2023.,Daniela Pons - Nexos - Businesspeople Are Beneficiaries of the Fight Against Private Corruption - May 2023. | Von Wobeser y Sierra,"The authors argue that businesses benefit from combating private corruption through substantive integrity policies, internal controls and accountability. These…",https://www.vonwobeser.com/news/daniela-pons-nexos-los-empresarios-son-beneficiarios-del-combate-a-la-corrupcion?lang=en,es-MX:https://www.vonwobeser.com/news/daniela-pons-nexos-los-empresarios-son-beneficiarios-del-combate-a-la-corrupcion | en:https://www.vonwobeser.com/news/daniela-pons-nexos-los-empresarios-son-beneficiarios-del-combate-a-la-corrupcion?lang=en | x-default:https://www.vonwobeser.com/news/daniela-pons-nexos-los-empresarios-son-beneficiarios-del-combate-a-la-corrupcion,https://anticorrupcion.nexos.com.mx/los-empresarios-son-beneficiarios-del-combate-a-la-corrupcion-privada/,https://anticorrupcion.nexos.com.mx/los-empresarios-son-beneficiarios-del-combate-a-la-corrupcion-privada/,true,true,,,
7f630609-6ae8-484d-8fdc-841dd7f45859,es,http://localhost:5050/news/comentarios-sobre-el-delito-de-defraudacion-fiscal-equiparada-relacionada-con-el,200,correcto,1,"Comentarios sobre el Delito de Defraudación Fiscal Equiparada relacionada con el IVA respecto a la consignación del Valor de Actos o Actividades, Thomson Reuters (2015)","Comentarios sobre el Delito de Defraudación Fiscal Equiparada relacionada con el IVA respecto a la consignación del Valor de Actos o Actividades, Thomson Reuters (2015) | Von Wobeser y Sierra","Comentarios sobre el Delito de Defraudación Fiscal Equiparada relacionada con el IVA respecto a la consignación del Valor de Actos o Actividades, Thomson…",https://www.vonwobeser.com/news/comentarios-sobre-el-delito-de-defraudacion-fiscal-equiparada-relacionada-con-el,es-MX:https://www.vonwobeser.com/news/comentarios-sobre-el-delito-de-defraudacion-fiscal-equiparada-relacionada-con-el | en:https://www.vonwobeser.com/news/comentarios-sobre-el-delito-de-defraudacion-fiscal-equiparada-relacionada-con-el?lang=en | x-default:https://www.vonwobeser.com/news/comentarios-sobre-el-delito-de-defraudacion-fiscal-equiparada-relacionada-con-el,https://www.vonwobeser.com/index.php/publication/p_id-1832.html,https://www.vonwobeser.com/index.php/publication/p_id-1832.html,true,true,,,
7f630609-6ae8-484d-8fdc-841dd7f45859,en,http://localhost:5050/news/comentarios-sobre-el-delito-de-defraudacion-fiscal-equiparada-relacionada-con-el?lang=en,200,correcto,1,"Comments on the Crime of Equated Tax Fraud Related to VAT with Respect to the Recording of the Value of Acts or Activities, Thomson Reuters (2015)","Comments on the Crime of Equated Tax Fraud Related to VAT with Respect to the Recording of the Value of Acts or Activities, Thomson Reuters (2015) | Von Wobeser y Sierra","Comments on the Crime of Equated Tax Fraud Related to VAT with Respect to the Recording of the Value of Acts or Activities, Thomson Reuters (2015)",https://www.vonwobeser.com/news/comentarios-sobre-el-delito-de-defraudacion-fiscal-equiparada-relacionada-con-el?lang=en,es-MX:https://www.vonwobeser.com/news/comentarios-sobre-el-delito-de-defraudacion-fiscal-equiparada-relacionada-con-el | en:https://www.vonwobeser.com/news/comentarios-sobre-el-delito-de-defraudacion-fiscal-equiparada-relacionada-con-el?lang=en | x-default:https://www.vonwobeser.com/news/comentarios-sobre-el-delito-de-defraudacion-fiscal-equiparada-relacionada-con-el,https://www.vonwobeser.com/index.php/publication/p_id-1832.html,https://www.vonwobeser.com/index.php/publication/p_id-1832.html,true,true,,,
5c2705c0-34c6-4989-8d05-da918872008a,es,http://localhost:5050/news/prescripcion-penal-fiscal-thomson-reuters-2015,200,correcto,1,"Prescripción Penal-Fiscal, Thomson Reuters (2015)","Prescripción Penal-Fiscal, Thomson Reuters (2015) | Von Wobeser y Sierra","Prescripción Penal-Fiscal, Thomson Reuters (2015)",https://www.vonwobeser.com/news/prescripcion-penal-fiscal-thomson-reuters-2015,es-MX:https://www.vonwobeser.com/news/prescripcion-penal-fiscal-thomson-reuters-2015 | en:https://www.vonwobeser.com/news/prescripcion-penal-fiscal-thomson-reuters-2015?lang=en | x-default:https://www.vonwobeser.com/news/prescripcion-penal-fiscal-thomson-reuters-2015,https://www.vonwobeser.com/index.php/publication/p_id-1831.html,https://www.vonwobeser.com/index.php/publication/p_id-1831.html,true,true,,,
5c2705c0-34c6-4989-8d05-da918872008a,en,http://localhost:5050/news/prescripcion-penal-fiscal-thomson-reuters-2015?lang=en,200,correcto,1,"Criminal-Tax Statute of Limitations, Thomson Reuters (2015)","Criminal-Tax Statute of Limitations, Thomson Reuters (2015) | Von Wobeser y Sierra","Criminal-Tax Statute of Limitations, Thomson Reuters (2015)",https://www.vonwobeser.com/news/prescripcion-penal-fiscal-thomson-reuters-2015?lang=en,es-MX:https://www.vonwobeser.com/news/prescripcion-penal-fiscal-thomson-reuters-2015 | en:https://www.vonwobeser.com/news/prescripcion-penal-fiscal-thomson-reuters-2015?lang=en | x-default:https://www.vonwobeser.com/news/prescripcion-penal-fiscal-thomson-reuters-2015,https://www.vonwobeser.com/index.php/publication/p_id-1831.html,https://www.vonwobeser.com/index.php/publication/p_id-1831.html,true,true,,,
9e27d552-ebf0-4064-a162-cd029acf4296,es,http://localhost:5050/news/politica-criminal-contemporanea-de-la-secretaria-de-hacienda-y-credito-publico-t,200,correcto,1,"Política Criminal Contemporánea de la Secretaría de Hacienda y Crédito Público, Thomson Reuters (2015)","Política Criminal Contemporánea de la Secretaría de Hacienda y Crédito Público, Thomson Reuters (2015) | Von Wobeser y Sierra","Política Criminal Contemporánea de la Secretaría de Hacienda y Crédito Público, Thomson Reuters (2015)",https://www.vonwobeser.com/news/politica-criminal-contemporanea-de-la-secretaria-de-hacienda-y-credito-publico-t,es-MX:https://www.vonwobeser.com/news/politica-criminal-contemporanea-de-la-secretaria-de-hacienda-y-credito-publico-t | en:https://www.vonwobeser.com/news/politica-criminal-contemporanea-de-la-secretaria-de-hacienda-y-credito-publico-t?lang=en | x-default:https://www.vonwobeser.com/news/politica-criminal-contemporanea-de-la-secretaria-de-hacienda-y-credito-publico-t,https://www.vonwobeser.com/index.php/publication/p_id-1830.html,https://www.vonwobeser.com/index.php/publication/p_id-1830.html,true,true,,,
9e27d552-ebf0-4064-a162-cd029acf4296,en,http://localhost:5050/news/politica-criminal-contemporanea-de-la-secretaria-de-hacienda-y-credito-publico-t?lang=en,200,correcto,1,"Contemporary Criminal Policy of the Ministry of Finance and Public Credit, Thomson Reuters (2015)","Contemporary Criminal Policy of the Ministry of Finance and Public Credit, Thomson Reuters (2015) | Von Wobeser y Sierra","Contemporary Criminal Policy of the Ministry of Finance and Public Credit, Thomson Reuters (2015)",https://www.vonwobeser.com/news/politica-criminal-contemporanea-de-la-secretaria-de-hacienda-y-credito-publico-t?lang=en,es-MX:https://www.vonwobeser.com/news/politica-criminal-contemporanea-de-la-secretaria-de-hacienda-y-credito-publico-t | en:https://www.vonwobeser.com/news/politica-criminal-contemporanea-de-la-secretaria-de-hacienda-y-credito-publico-t?lang=en | x-default:https://www.vonwobeser.com/news/politica-criminal-contemporanea-de-la-secretaria-de-hacienda-y-credito-publico-t,https://www.vonwobeser.com/index.php/publication/p_id-1830.html,https://www.vonwobeser.com/index.php/publication/p_id-1830.html,true,true,,,
699c4592-7dc8-4605-8a8a-5397d73752f3,es,http://localhost:5050/news/blockchain-y-compliance-mundo-ejecutivo-2023,200,correcto,1,"Blockchain y Compliance, Mundo Ejecutivo (2023)","Blockchain y Compliance, Mundo Ejecutivo (2023) | Von Wobeser y Sierra",Explora blockchain como un registro inalterable y descentralizado para documentar evidencia de cumplimiento y limitar la manipulación u ocultamiento de…,https://www.vonwobeser.com/news/blockchain-y-compliance-mundo-ejecutivo-2023,es-MX:https://www.vonwobeser.com/news/blockchain-y-compliance-mundo-ejecutivo-2023 | en:https://www.vonwobeser.com/news/blockchain-y-compliance-mundo-ejecutivo-2023?lang=en | x-default:https://www.vonwobeser.com/news/blockchain-y-compliance-mundo-ejecutivo-2023,https://mundoejecutivo.com.mx/economia/blockchain-compliance-evolucion-cumplimiento/,https://mundoejecutivo.com.mx/economia/blockchain-compliance-evolucion-cumplimiento/,true,true,,,
699c4592-7dc8-4605-8a8a-5397d73752f3,en,http://localhost:5050/news/blockchain-y-compliance-mundo-ejecutivo-2023?lang=en,200,correcto,1,"Blockchain and Compliance, Mundo Ejecutivo (2023)","Blockchain and Compliance, Mundo Ejecutivo (2023) | Von Wobeser y Sierra","It explores blockchain as an immutable, decentralized record for documenting compliance evidence and limiting the manipulation or concealment of relevant…",https://www.vonwobeser.com/news/blockchain-y-compliance-mundo-ejecutivo-2023?lang=en,es-MX:https://www.vonwobeser.com/news/blockchain-y-compliance-mundo-ejecutivo-2023 | en:https://www.vonwobeser.com/news/blockchain-y-compliance-mundo-ejecutivo-2023?lang=en | x-default:https://www.vonwobeser.com/news/blockchain-y-compliance-mundo-ejecutivo-2023,https://mundoejecutivo.com.mx/economia/blockchain-compliance-evolucion-cumplimiento/,https://mundoejecutivo.com.mx/economia/blockchain-compliance-evolucion-cumplimiento/,true,true,,,
8102ea66-237c-4b27-9c62-d1303c8e1a2e,es,http://localhost:5050/news/la-tokenizacion-de-las-cosas-revista-del-ilustre-y-nacional-colegio-de-abogados-,200,correcto,1,"La Tokenización de las Cosas, Revista del Ilustre y Nacional Colegio de Abogados de México (2024)","La Tokenización de las Cosas, Revista del Ilustre y Nacional Colegio de Abogados de México (2024) | Von Wobeser y Sierra","La Tokenización de las Cosas, Revista del Ilustre y Nacional Colegio de Abogados de México (2024)",https://www.vonwobeser.com/news/la-tokenizacion-de-las-cosas-revista-del-ilustre-y-nacional-colegio-de-abogados-,es-MX:https://www.vonwobeser.com/news/la-tokenizacion-de-las-cosas-revista-del-ilustre-y-nacional-colegio-de-abogados- | en:https://www.vonwobeser.com/news/la-tokenizacion-de-las-cosas-revista-del-ilustre-y-nacional-colegio-de-abogados-?lang=en | x-default:https://www.vonwobeser.com/news/la-tokenizacion-de-las-cosas-revista-del-ilustre-y-nacional-colegio-de-abogados-,https://www.vonwobeser.com/index.php/publication/p_id-1828.html,https://www.vonwobeser.com/index.php/publication/p_id-1828.html,true,true,,,
8102ea66-237c-4b27-9c62-d1303c8e1a2e,en,http://localhost:5050/news/la-tokenizacion-de-las-cosas-revista-del-ilustre-y-nacional-colegio-de-abogados-?lang=en,200,correcto,1,"The Tokenization of Things, Journal of the Illustrious and National Bar Association of Mexico (2024)","The Tokenization of Things, Journal of the Illustrious and National Bar Association of Mexico (2024) | Von Wobeser y Sierra","The Tokenization of Things, Journal of the Illustrious and National Bar Association of Mexico (2024)",https://www.vonwobeser.com/news/la-tokenizacion-de-las-cosas-revista-del-ilustre-y-nacional-colegio-de-abogados-?lang=en,es-MX:https://www.vonwobeser.com/news/la-tokenizacion-de-las-cosas-revista-del-ilustre-y-nacional-colegio-de-abogados- | en:https://www.vonwobeser.com/news/la-tokenizacion-de-las-cosas-revista-del-ilustre-y-nacional-colegio-de-abogados-?lang=en | x-default:https://www.vonwobeser.com/news/la-tokenizacion-de-las-cosas-revista-del-ilustre-y-nacional-colegio-de-abogados-,https://www.vonwobeser.com/index.php/publication/p_id-1828.html,https://www.vonwobeser.com/index.php/publication/p_id-1828.html,true,true,,,
c3536dab-26fe-49db-9bb4-6dda61b42364,es,http://localhost:5050/news/el-tratamiento-fiscal-de-las-criptomonedas-thomson-reuters-2022,200,correcto,1,"El Tratamiento Fiscal de las Criptomonedas, Thomson Reuters (2022)","El Tratamiento Fiscal de las Criptomonedas, Thomson Reuters (2022) | Von Wobeser y Sierra","El Tratamiento Fiscal de las Criptomonedas, Thomson Reuters (2022)",https://www.vonwobeser.com/news/el-tratamiento-fiscal-de-las-criptomonedas-thomson-reuters-2022,es-MX:https://www.vonwobeser.com/news/el-tratamiento-fiscal-de-las-criptomonedas-thomson-reuters-2022 | en:https://www.vonwobeser.com/news/el-tratamiento-fiscal-de-las-criptomonedas-thomson-reuters-2022?lang=en | x-default:https://www.vonwobeser.com/news/el-tratamiento-fiscal-de-las-criptomonedas-thomson-reuters-2022,https://www.vonwobeser.com/index.php/publication/p_id-1827.html,https://www.vonwobeser.com/index.php/publication/p_id-1827.html,true,true,,,
c3536dab-26fe-49db-9bb4-6dda61b42364,en,http://localhost:5050/news/el-tratamiento-fiscal-de-las-criptomonedas-thomson-reuters-2022?lang=en,200,correcto,1,"The Tax Treatment of Cryptocurrencies, Thomson Reuters (2022)","The Tax Treatment of Cryptocurrencies, Thomson Reuters (2022) | Von Wobeser y Sierra","The Tax Treatment of Cryptocurrencies, Thomson Reuters (2022)",https://www.vonwobeser.com/news/el-tratamiento-fiscal-de-las-criptomonedas-thomson-reuters-2022?lang=en,es-MX:https://www.vonwobeser.com/news/el-tratamiento-fiscal-de-las-criptomonedas-thomson-reuters-2022 | en:https://www.vonwobeser.com/news/el-tratamiento-fiscal-de-las-criptomonedas-thomson-reuters-2022?lang=en | x-default:https://www.vonwobeser.com/news/el-tratamiento-fiscal-de-las-criptomonedas-thomson-reuters-2022,https://www.vonwobeser.com/index.php/publication/p_id-1827.html,https://www.vonwobeser.com/index.php/publication/p_id-1827.html,true,true,,,
7850c41f-7158-45be-8719-36af3a67e5a0,es,http://localhost:5050/news/las-criptomonedas-y-los-esquemas-ponzi-mit-sloan-2022,200,correcto,1,"Las Criptomonedas y los Esquemas Ponzi, MIT Sloan (2022)","Las Criptomonedas y los Esquemas Ponzi, MIT Sloan (2022) | Von Wobeser y Sierra","El texto explica cómo los esquemas Ponzi y piramidales aprovechan el interés por los criptoactivos, con frecuencia al ofrecer rendimientos elevados sin una…",https://www.vonwobeser.com/news/las-criptomonedas-y-los-esquemas-ponzi-mit-sloan-2022,es-MX:https://www.vonwobeser.com/news/las-criptomonedas-y-los-esquemas-ponzi-mit-sloan-2022 | en:https://www.vonwobeser.com/news/las-criptomonedas-y-los-esquemas-ponzi-mit-sloan-2022?lang=en | x-default:https://www.vonwobeser.com/news/las-criptomonedas-y-los-esquemas-ponzi-mit-sloan-2022,https://mitsloanreview.mx/nft-bitcoin-crypto-blockchain/como-prevenir-fraudes-con-criptomonedas/,https://mitsloanreview.mx/nft-bitcoin-crypto-blockchain/como-prevenir-fraudes-con-criptomonedas/,true,true,,,
7850c41f-7158-45be-8719-36af3a67e5a0,en,http://localhost:5050/news/las-criptomonedas-y-los-esquemas-ponzi-mit-sloan-2022?lang=en,200,correcto,1,"Cryptocurrencies and Ponzi Schemes, MIT Sloan (2022)","Cryptocurrencies and Ponzi Schemes, MIT Sloan (2022) | Von Wobeser y Sierra","The piece explains how Ponzi and pyramid schemes exploit interest in cryptoassets, often by offering purported high returns without a genuine underlying…",https://www.vonwobeser.com/news/las-criptomonedas-y-los-esquemas-ponzi-mit-sloan-2022?lang=en,es-MX:https://www.vonwobeser.com/news/las-criptomonedas-y-los-esquemas-ponzi-mit-sloan-2022 | en:https://www.vonwobeser.com/news/las-criptomonedas-y-los-esquemas-ponzi-mit-sloan-2022?lang=en | x-default:https://www.vonwobeser.com/news/las-criptomonedas-y-los-esquemas-ponzi-mit-sloan-2022,https://mitsloanreview.mx/nft-bitcoin-crypto-blockchain/como-prevenir-fraudes-con-criptomonedas/,https://mitsloanreview.mx/nft-bitcoin-crypto-blockchain/como-prevenir-fraudes-con-criptomonedas/,true,true,,,
946ef260-8f06-42d3-a1eb-8ad07f99d12b,es,http://localhost:5050/news/las-criptomonedas-y-su-transparente-blockchain-periodico-milenio-2021,200,correcto,1,"Las Criptomonedas y su Transparente Blockchain, Periódico Milenio (2021)","Las Criptomonedas y su Transparente Blockchain, Periódico Milenio (2021) | Von Wobeser y Sierra","Explica cómo los registros públicos de blockchain hacen rastreables las transacciones con criptomonedas, aun cuando las personas titulares de las carteras no…",https://www.vonwobeser.com/news/las-criptomonedas-y-su-transparente-blockchain-periodico-milenio-2021,es-MX:https://www.vonwobeser.com/news/las-criptomonedas-y-su-transparente-blockchain-periodico-milenio-2021 | en:https://www.vonwobeser.com/news/las-criptomonedas-y-su-transparente-blockchain-periodico-milenio-2021?lang=en | x-default:https://www.vonwobeser.com/news/las-criptomonedas-y-su-transparente-blockchain-periodico-milenio-2021,https://www.milenio.com/opinion/ricardo-cacho/columna-ricardo-cacho/las-criptomonedas-y-su-transparente-blockchain,https://www.milenio.com/opinion/ricardo-cacho/columna-ricardo-cacho/las-criptomonedas-y-su-transparente-blockchain,true,true,,,
946ef260-8f06-42d3-a1eb-8ad07f99d12b,en,http://localhost:5050/news/las-criptomonedas-y-su-transparente-blockchain-periodico-milenio-2021?lang=en,200,correcto,1,"Cryptocurrencies and Their Transparent Blockchain, Milenio Newspaper (2021)","Cryptocurrencies and Their Transparent Blockchain, Milenio Newspaper (2021) | Von Wobeser y Sierra","It explains how public blockchain records make cryptocurrency transactions traceable, even though wallet holders may not be immediately identified. The article…",https://www.vonwobeser.com/news/las-criptomonedas-y-su-transparente-blockchain-periodico-milenio-2021?lang=en,es-MX:https://www.vonwobeser.com/news/las-criptomonedas-y-su-transparente-blockchain-periodico-milenio-2021 | en:https://www.vonwobeser.com/news/las-criptomonedas-y-su-transparente-blockchain-periodico-milenio-2021?lang=en | x-default:https://www.vonwobeser.com/news/las-criptomonedas-y-su-transparente-blockchain-periodico-milenio-2021,https://www.milenio.com/opinion/ricardo-cacho/columna-ricardo-cacho/las-criptomonedas-y-su-transparente-blockchain,https://www.milenio.com/opinion/ricardo-cacho/columna-ricardo-cacho/las-criptomonedas-y-su-transparente-blockchain,true,true,,,
6fb84b65-ea03-4500-83c6-2300b3e4b8c8,es,http://localhost:5050/news/responsabilidad-penal-de-la-empresa-y-del-abogado-thomson-reuters-2020,200,correcto,1,"Responsabilidad Penal de la Empresa y del Abogado, Thomson Reuters (2020)","Responsabilidad Penal de la Empresa y del Abogado, Thomson Reuters (2020) | Von Wobeser y Sierra","Responsabilidad Penal de la Empresa y del Abogado, Thomson Reuters (2020)",https://www.vonwobeser.com/news/responsabilidad-penal-de-la-empresa-y-del-abogado-thomson-reuters-2020,es-MX:https://www.vonwobeser.com/news/responsabilidad-penal-de-la-empresa-y-del-abogado-thomson-reuters-2020 | en:https://www.vonwobeser.com/news/responsabilidad-penal-de-la-empresa-y-del-abogado-thomson-reuters-2020?lang=en | x-default:https://www.vonwobeser.com/news/responsabilidad-penal-de-la-empresa-y-del-abogado-thomson-reuters-2020,https://www.vonwobeser.com/index.php/publication/p_id-1824.html,https://www.vonwobeser.com/index.php/publication/p_id-1824.html,true,true,,,
6fb84b65-ea03-4500-83c6-2300b3e4b8c8,en,http://localhost:5050/news/responsabilidad-penal-de-la-empresa-y-del-abogado-thomson-reuters-2020?lang=en,200,correcto,1,"Criminal Liability of the Company and the Attorney, Thomson Reuters (2020)","Criminal Liability of the Company and the Attorney, Thomson Reuters (2020) | Von Wobeser y Sierra","Criminal Liability of the Company and the Attorney, Thomson Reuters (2020)",https://www.vonwobeser.com/news/responsabilidad-penal-de-la-empresa-y-del-abogado-thomson-reuters-2020?lang=en,es-MX:https://www.vonwobeser.com/news/responsabilidad-penal-de-la-empresa-y-del-abogado-thomson-reuters-2020 | en:https://www.vonwobeser.com/news/responsabilidad-penal-de-la-empresa-y-del-abogado-thomson-reuters-2020?lang=en | x-default:https://www.vonwobeser.com/news/responsabilidad-penal-de-la-empresa-y-del-abogado-thomson-reuters-2020,https://www.vonwobeser.com/index.php/publication/p_id-1824.html,https://www.vonwobeser.com/index.php/publication/p_id-1824.html,true,true,,,
5af0619c-2969-4c22-9da9-c71e642e5aea,es,http://localhost:5050/news/el-lavado-de-dinero-y-las-criptomonedas-segunda-parte-thomson-reuters-2021,200,correcto,1,"El Lavado de Dinero y las Criptomonedas (Segunda parte), Thomson Reuters (2021)","El Lavado de Dinero y las Criptomonedas (Segunda parte), Thomson Reuters (2021) | Von Wobeser y Sierra","El Lavado de Dinero y las Criptomonedas (Segunda parte), Thomson Reuters (2021)",https://www.vonwobeser.com/news/el-lavado-de-dinero-y-las-criptomonedas-segunda-parte-thomson-reuters-2021,es-MX:https://www.vonwobeser.com/news/el-lavado-de-dinero-y-las-criptomonedas-segunda-parte-thomson-reuters-2021 | en:https://www.vonwobeser.com/news/el-lavado-de-dinero-y-las-criptomonedas-segunda-parte-thomson-reuters-2021?lang=en | x-default:https://www.vonwobeser.com/news/el-lavado-de-dinero-y-las-criptomonedas-segunda-parte-thomson-reuters-2021,https://www.vonwobeser.com/index.php/publication/p_id-1823.html,https://www.vonwobeser.com/index.php/publication/p_id-1823.html,true,true,,,
5af0619c-2969-4c22-9da9-c71e642e5aea,en,http://localhost:5050/news/el-lavado-de-dinero-y-las-criptomonedas-segunda-parte-thomson-reuters-2021?lang=en,200,correcto,1,"Money Laundering and Cryptocurrencies (Part Two), Thomson Reuters (2021)","Money Laundering and Cryptocurrencies (Part Two), Thomson Reuters (2021) | Von Wobeser y Sierra","Money Laundering and Cryptocurrencies (Part Two), Thomson Reuters (2021)",https://www.vonwobeser.com/news/el-lavado-de-dinero-y-las-criptomonedas-segunda-parte-thomson-reuters-2021?lang=en,es-MX:https://www.vonwobeser.com/news/el-lavado-de-dinero-y-las-criptomonedas-segunda-parte-thomson-reuters-2021 | en:https://www.vonwobeser.com/news/el-lavado-de-dinero-y-las-criptomonedas-segunda-parte-thomson-reuters-2021?lang=en | x-default:https://www.vonwobeser.com/news/el-lavado-de-dinero-y-las-criptomonedas-segunda-parte-thomson-reuters-2021,https://www.vonwobeser.com/index.php/publication/p_id-1823.html,https://www.vonwobeser.com/index.php/publication/p_id-1823.html,true,true,,,
1bbe4a2b-5b8c-4996-8005-972706a066b3,es,http://localhost:5050/news/el-lavado-de-dinero-y-las-criptomonedas-primera-parte-thomson-reuters-2020,200,correcto,1,"El Lavado de Dinero y las Criptomonedas (Primera parte), Thomson Reuters (2020)","El Lavado de Dinero y las Criptomonedas (Primera parte), Thomson Reuters (2020) | Von Wobeser y Sierra","El Lavado de Dinero y las Criptomonedas (Primera parte), Thomson Reuters (2020)",https://www.vonwobeser.com/news/el-lavado-de-dinero-y-las-criptomonedas-primera-parte-thomson-reuters-2020,es-MX:https://www.vonwobeser.com/news/el-lavado-de-dinero-y-las-criptomonedas-primera-parte-thomson-reuters-2020 | en:https://www.vonwobeser.com/news/el-lavado-de-dinero-y-las-criptomonedas-primera-parte-thomson-reuters-2020?lang=en | x-default:https://www.vonwobeser.com/news/el-lavado-de-dinero-y-las-criptomonedas-primera-parte-thomson-reuters-2020,https://www.vonwobeser.com/index.php/publication/p_id-1822.html,https://www.vonwobeser.com/index.php/publication/p_id-1822.html,true,true,,,
1bbe4a2b-5b8c-4996-8005-972706a066b3,en,http://localhost:5050/news/el-lavado-de-dinero-y-las-criptomonedas-primera-parte-thomson-reuters-2020?lang=en,200,correcto,1,"Money Laundering and Cryptocurrencies (Part One), Thomson Reuters (2020)","Money Laundering and Cryptocurrencies (Part One), Thomson Reuters (2020) | Von Wobeser y Sierra","Money Laundering and Cryptocurrencies (Part One), Thomson Reuters (2020)",https://www.vonwobeser.com/news/el-lavado-de-dinero-y-las-criptomonedas-primera-parte-thomson-reuters-2020?lang=en,es-MX:https://www.vonwobeser.com/news/el-lavado-de-dinero-y-las-criptomonedas-primera-parte-thomson-reuters-2020 | en:https://www.vonwobeser.com/news/el-lavado-de-dinero-y-las-criptomonedas-primera-parte-thomson-reuters-2020?lang=en | x-default:https://www.vonwobeser.com/news/el-lavado-de-dinero-y-las-criptomonedas-primera-parte-thomson-reuters-2020,https://www.vonwobeser.com/index.php/publication/p_id-1822.html,https://www.vonwobeser.com/index.php/publication/p_id-1822.html,true,true,,,
3c16c8ce-56cc-409f-9d04-0fbbf0c82d8f,es,http://localhost:5050/news/el-concepto-de-organizacion-en-delincuencia-organizada-y-crimenes-de-lesa-humani,200,correcto,1,"El Concepto de Organización en Delincuencia Organizada y Crímenes de Lesa Humanidad, Todo Penal Internacional (2021)","El Concepto de Organización en Delincuencia Organizada y Crímenes de Lesa Humanidad, Todo Penal Internacional (2021) | Von Wobeser y Sierra","El Concepto de Organización en Delincuencia Organizada y Crímenes de Lesa Humanidad, Todo Penal Internacional (2021)",https://www.vonwobeser.com/news/el-concepto-de-organizacion-en-delincuencia-organizada-y-crimenes-de-lesa-humani,es-MX:https://www.vonwobeser.com/news/el-concepto-de-organizacion-en-delincuencia-organizada-y-crimenes-de-lesa-humani | en:https://www.vonwobeser.com/news/el-concepto-de-organizacion-en-delincuencia-organizada-y-crimenes-de-lesa-humani?lang=en | x-default:https://www.vonwobeser.com/news/el-concepto-de-organizacion-en-delincuencia-organizada-y-crimenes-de-lesa-humani,https://www.aranzadilaley.es/tienda/todo-penal-internacional,https://www.aranzadilaley.es/tienda/todo-penal-internacional,true,true,,,
3c16c8ce-56cc-409f-9d04-0fbbf0c82d8f,en,http://localhost:5050/news/el-concepto-de-organizacion-en-delincuencia-organizada-y-crimenes-de-lesa-humani?lang=en,200,correcto,1,"The Concept of Organization in Organized Crime and Crimes Against Humanity, Todo Penal Internacional (2021)","The Concept of Organization in Organized Crime and Crimes Against Humanity, Todo Penal Internacional (2021) | Von Wobeser y Sierra","The Concept of Organization in Organized Crime and Crimes Against Humanity, Todo Penal Internacional (2021)",https://www.vonwobeser.com/news/el-concepto-de-organizacion-en-delincuencia-organizada-y-crimenes-de-lesa-humani?lang=en,es-MX:https://www.vonwobeser.com/news/el-concepto-de-organizacion-en-delincuencia-organizada-y-crimenes-de-lesa-humani | en:https://www.vonwobeser.com/news/el-concepto-de-organizacion-en-delincuencia-organizada-y-crimenes-de-lesa-humani?lang=en | x-default:https://www.vonwobeser.com/news/el-concepto-de-organizacion-en-delincuencia-organizada-y-crimenes-de-lesa-humani,https://www.aranzadilaley.es/tienda/todo-penal-internacional,https://www.aranzadilaley.es/tienda/todo-penal-internacional,true,true,,,
1d21dfdc-915f-4f52-a3ba-cdd0b824cfb0,es,http://localhost:5050/news/la-evasion-fiscal-una-forma-de-corrupcion-periodico-milenio-2020,200,correcto,1,"La Evasión Fiscal: Una forma de Corrupción, Periódico Milenio (2020)","La Evasión Fiscal: Una forma de Corrupción, Periódico Milenio (2020) | Von Wobeser y Sierra",El artículo presenta la evasión fiscal como una forma de corrupción porque desvía a beneficio privado recursos destinados al gasto público. Vincula las…,https://www.vonwobeser.com/news/la-evasion-fiscal-una-forma-de-corrupcion-periodico-milenio-2020,es-MX:https://www.vonwobeser.com/news/la-evasion-fiscal-una-forma-de-corrupcion-periodico-milenio-2020 | en:https://www.vonwobeser.com/news/la-evasion-fiscal-una-forma-de-corrupcion-periodico-milenio-2020?lang=en | x-default:https://www.vonwobeser.com/news/la-evasion-fiscal-una-forma-de-corrupcion-periodico-milenio-2020,https://www.milenio.com/opinion/ricardo-cacho/columna-ricardo-cacho/la-evasion-fiscal-una-forma-de-corrupcion,https://www.milenio.com/opinion/ricardo-cacho/columna-ricardo-cacho/la-evasion-fiscal-una-forma-de-corrupcion,true,true,,,
1d21dfdc-915f-4f52-a3ba-cdd0b824cfb0,en,http://localhost:5050/news/la-evasion-fiscal-una-forma-de-corrupcion-periodico-milenio-2020?lang=en,200,correcto,1,"Tax Evasion: A Form of Corruption, Milenio Newspaper (2020)","Tax Evasion: A Form of Corruption, Milenio Newspaper (2020) | Von Wobeser y Sierra",The article frames tax evasion as a form of corruption because it diverts resources intended for public spending to private benefit. It links tax contributions…,https://www.vonwobeser.com/news/la-evasion-fiscal-una-forma-de-corrupcion-periodico-milenio-2020?lang=en,es-MX:https://www.vonwobeser.com/news/la-evasion-fiscal-una-forma-de-corrupcion-periodico-milenio-2020 | en:https://www.vonwobeser.com/news/la-evasion-fiscal-una-forma-de-corrupcion-periodico-milenio-2020?lang=en | x-default:https://www.vonwobeser.com/news/la-evasion-fiscal-una-forma-de-corrupcion-periodico-milenio-2020,https://www.milenio.com/opinion/ricardo-cacho/columna-ricardo-cacho/la-evasion-fiscal-una-forma-de-corrupcion,https://www.milenio.com/opinion/ricardo-cacho/columna-ricardo-cacho/la-evasion-fiscal-una-forma-de-corrupcion,true,true,,,
b913e9f6-0291-4f7c-8c1a-7f3fd2e92570,es,http://localhost:5050/news/los-jueces-deben-pensar-en-las-victimas-periodico-milenio-2020,200,correcto,1,"Los Jueces deben pensar en las Víctimas, Periódico Milenio (2020)","Los Jueces deben pensar en las Víctimas, Periódico Milenio (2020) | Von Wobeser y Sierra","Cuestiona criterios judiciales que excluyen información financiera de investigaciones penales por motivos de privacidad, al considerar que pueden dejar…",https://www.vonwobeser.com/news/los-jueces-deben-pensar-en-las-victimas-periodico-milenio-2020,es-MX:https://www.vonwobeser.com/news/los-jueces-deben-pensar-en-las-victimas-periodico-milenio-2020 | en:https://www.vonwobeser.com/news/los-jueces-deben-pensar-en-las-victimas-periodico-milenio-2020?lang=en | x-default:https://www.vonwobeser.com/news/los-jueces-deben-pensar-en-las-victimas-periodico-milenio-2020,https://www.milenio.com/opinion/ricardo-cacho/columna-ricardo-cacho/los-jueces-deben-pensar-en-las-victimas,https://www.milenio.com/opinion/ricardo-cacho/columna-ricardo-cacho/los-jueces-deben-pensar-en-las-victimas,true,true,,,
b913e9f6-0291-4f7c-8c1a-7f3fd2e92570,en,http://localhost:5050/news/los-jueces-deben-pensar-en-las-victimas-periodico-milenio-2020?lang=en,200,correcto,1,"Judges Must Think of the Victims, Milenio Newspaper (2020)","Judges Must Think of the Victims, Milenio Newspaper (2020) | Von Wobeser y Sierra","It questions judicial criteria that exclude financial information from criminal investigations on privacy grounds, arguing they can leave victims unprotected.…",https://www.vonwobeser.com/news/los-jueces-deben-pensar-en-las-victimas-periodico-milenio-2020?lang=en,es-MX:https://www.vonwobeser.com/news/los-jueces-deben-pensar-en-las-victimas-periodico-milenio-2020 | en:https://www.vonwobeser.com/news/los-jueces-deben-pensar-en-las-victimas-periodico-milenio-2020?lang=en | x-default:https://www.vonwobeser.com/news/los-jueces-deben-pensar-en-las-victimas-periodico-milenio-2020,https://www.milenio.com/opinion/ricardo-cacho/columna-ricardo-cacho/los-jueces-deben-pensar-en-las-victimas,https://www.milenio.com/opinion/ricardo-cacho/columna-ricardo-cacho/los-jueces-deben-pensar-en-las-victimas,true,true,,,
390f09db-d1e4-4bea-b00b-8c61fc4ee911,es,http://localhost:5050/news/no-hay-crimen-perfecto-periodico-milenio-2020,200,correcto,1,"No hay Crimen Perfecto, Periódico Milenio (2020)","No hay Crimen Perfecto, Periódico Milenio (2020) | Von Wobeser y Sierra",La columna explica que las empresas fantasma y los esquemas por capas usados en la evasión fiscal dejan rastros financieros que las autoridades pueden seguir.…,https://www.vonwobeser.com/news/no-hay-crimen-perfecto-periodico-milenio-2020,es-MX:https://www.vonwobeser.com/news/no-hay-crimen-perfecto-periodico-milenio-2020 | en:https://www.vonwobeser.com/news/no-hay-crimen-perfecto-periodico-milenio-2020?lang=en | x-default:https://www.vonwobeser.com/news/no-hay-crimen-perfecto-periodico-milenio-2020,https://www.milenio.com/politica/lee-firmas-milenio-jueves-16-julio,https://www.milenio.com/politica/lee-firmas-milenio-jueves-16-julio,true,true,,,
390f09db-d1e4-4bea-b00b-8c61fc4ee911,en,http://localhost:5050/news/no-hay-crimen-perfecto-periodico-milenio-2020?lang=en,200,correcto,1,"There Is No Perfect Crime, Milenio Newspaper (2020)","There Is No Perfect Crime, Milenio Newspaper (2020) | Von Wobeser y Sierra",The column explains that fictitious companies and layered schemes used in tax evasion leave financial trails that investigators can follow. It argues that…,https://www.vonwobeser.com/news/no-hay-crimen-perfecto-periodico-milenio-2020?lang=en,es-MX:https://www.vonwobeser.com/news/no-hay-crimen-perfecto-periodico-milenio-2020 | en:https://www.vonwobeser.com/news/no-hay-crimen-perfecto-periodico-milenio-2020?lang=en | x-default:https://www.vonwobeser.com/news/no-hay-crimen-perfecto-periodico-milenio-2020,https://www.milenio.com/politica/lee-firmas-milenio-jueves-16-julio,https://www.milenio.com/politica/lee-firmas-milenio-jueves-16-julio,true,true,,,
49b09cdc-af44-47f0-84d6-c600b61eaa61,es,http://localhost:5050/news/the-new-advertising-rules-for-prepackaged-foods,200,correcto,1,Las nuevas reglas de publicidad en alimentos preenvasados.,Las nuevas reglas de publicidad en alimentos preenvasados. | Von Wobeser y Sierra,El artículo revisa la prohibición mexicana de 2023 de usar personajes animados para anunciar productos con sellos de advertencia. Evalúa la medida mediante un…,https://www.vonwobeser.com/news/the-new-advertising-rules-for-prepackaged-foods,es-MX:https://www.vonwobeser.com/news/the-new-advertising-rules-for-prepackaged-foods | en:https://www.vonwobeser.com/news/the-new-advertising-rules-for-prepackaged-foods?lang=en | x-default:https://www.vonwobeser.com/news/the-new-advertising-rules-for-prepackaged-foods,https://eljuegodelacorte.nexos.com.mx/que-culpa-tiene-el-tigre-tono-las-nuevas-reglas-de-publicidad-en-alimentos-preenvasados/,https://eljuegodelacorte.nexos.com.mx/que-culpa-tiene-el-tigre-tono-las-nuevas-reglas-de-publicidad-en-alimentos-preenvasados/,true,true,,,
49b09cdc-af44-47f0-84d6-c600b61eaa61,en,http://localhost:5050/news/the-new-advertising-rules-for-prepackaged-foods?lang=en,200,correcto,1,The New Advertising Rules for Prepackaged Foods.,The New Advertising Rules for Prepackaged Foods. | Von Wobeser y Sierra,The article reviews Mexico's 2023 prohibition on using animated characters to advertise products with warning labels. It assesses the measure under a…,https://www.vonwobeser.com/news/the-new-advertising-rules-for-prepackaged-foods?lang=en,es-MX:https://www.vonwobeser.com/news/the-new-advertising-rules-for-prepackaged-foods | en:https://www.vonwobeser.com/news/the-new-advertising-rules-for-prepackaged-foods?lang=en | x-default:https://www.vonwobeser.com/news/the-new-advertising-rules-for-prepackaged-foods,https://eljuegodelacorte.nexos.com.mx/que-culpa-tiene-el-tigre-tono-las-nuevas-reglas-de-publicidad-en-alimentos-preenvasados/,https://eljuegodelacorte.nexos.com.mx/que-culpa-tiene-el-tigre-tono-las-nuevas-reglas-de-publicidad-en-alimentos-preenvasados/,true,true,,,
56adb058-d443-4073-a4a4-879b3bc8ec3f,es,http://localhost:5050/news/esg-in-the-mexican-mining-industry-part-four,200,correcto,1,El ASG en la industria minera mexicana. Parte Cuatro,El ASG en la industria minera mexicana. Parte Cuatro | Von Wobeser y Sierra,Esta entrega examina cómo las emisiones de gases de efecto invernadero y la eficiencia energética inciden en la dimensión ambiental de los criterios ESG en la…,https://www.vonwobeser.com/news/esg-in-the-mexican-mining-industry-part-four,es-MX:https://www.vonwobeser.com/news/esg-in-the-mexican-mining-industry-part-four | en:https://www.vonwobeser.com/news/esg-in-the-mexican-mining-industry-part-four?lang=en | x-default:https://www.vonwobeser.com/news/esg-in-the-mexican-mining-industry-part-four,https://www.vonwobeser.com/images/PDF_news/2023/ESG4/23_05_22_MINERIA_ESG_ENG-Pt4-OK.pdf,https://www.vonwobeser.com/images/PDF_news/2023/ESG4/23_05_22_MINERIA_ESG_ENG-Pt4-OK.pdf,true,true,,,
56adb058-d443-4073-a4a4-879b3bc8ec3f,en,http://localhost:5050/news/esg-in-the-mexican-mining-industry-part-four?lang=en,200,correcto,1,ESG in the Mexican Mining Industry. Part Four,ESG in the Mexican Mining Industry. Part Four | Von Wobeser y Sierra,This installment examines how greenhouse-gas emissions and energy efficiency shape the environmental dimension of ESG criteria in mining. It addresses ways…,https://www.vonwobeser.com/news/esg-in-the-mexican-mining-industry-part-four?lang=en,es-MX:https://www.vonwobeser.com/news/esg-in-the-mexican-mining-industry-part-four | en:https://www.vonwobeser.com/news/esg-in-the-mexican-mining-industry-part-four?lang=en | x-default:https://www.vonwobeser.com/news/esg-in-the-mexican-mining-industry-part-four,https://www.vonwobeser.com/images/PDF_news/2023/ESG4/23_05_22_MINERIA_ESG_ENG-Pt4-OK.pdf,https://www.vonwobeser.com/images/PDF_news/2023/ESG4/23_05_22_MINERIA_ESG_ENG-Pt4-OK.pdf,true,true,http://localhost:5050/images/PDF_news/2023/ESG4/23_05_22_MINERIA_ESG_ENG-Pt4-OK.pdf,,
a4871de1-85db-46e6-9e23-06f12d478081,es,http://localhost:5050/news/una-vision-interdisciplinaria-en-el-combate-a-la-corrupcion-2,200,correcto,1,Una visión interdisciplinaria en el combate a la corrupción (2),Una visión interdisciplinaria en el combate a la corrupción (2) | Von Wobeser y Sierra,"Este volumen colectivo de la UNAM reúne análisis interdisciplinarios sobre la corrupción en México, desde el Sistema Nacional Anticorrupción y las…",https://www.vonwobeser.com/news/una-vision-interdisciplinaria-en-el-combate-a-la-corrupcion-2,es-MX:https://www.vonwobeser.com/news/una-vision-interdisciplinaria-en-el-combate-a-la-corrupcion-2 | en:https://www.vonwobeser.com/news/una-vision-interdisciplinaria-en-el-combate-a-la-corrupcion-2?lang=en | x-default:https://www.vonwobeser.com/news/una-vision-interdisciplinaria-en-el-combate-a-la-corrupcion-2,https://www.vonwobeser.com/images/PDF_news/2023/vision_combate.pdf,https://www.vonwobeser.com/images/PDF_news/2023/vision_combate.pdf,true,true,,,
a4871de1-85db-46e6-9e23-06f12d478081,en,http://localhost:5050/news/una-vision-interdisciplinaria-en-el-combate-a-la-corrupcion-2?lang=en,200,correcto,1,An interdisciplinary vision in the fight against corruption (2),An interdisciplinary vision in the fight against corruption (2) | Von Wobeser y Sierra,"This UNAM collective volume brings together interdisciplinary analyses of corruption in Mexico, from the National Anti-Corruption System and public contracting…",https://www.vonwobeser.com/news/una-vision-interdisciplinaria-en-el-combate-a-la-corrupcion-2?lang=en,es-MX:https://www.vonwobeser.com/news/una-vision-interdisciplinaria-en-el-combate-a-la-corrupcion-2 | en:https://www.vonwobeser.com/news/una-vision-interdisciplinaria-en-el-combate-a-la-corrupcion-2?lang=en | x-default:https://www.vonwobeser.com/news/una-vision-interdisciplinaria-en-el-combate-a-la-corrupcion-2,https://www.vonwobeser.com/images/PDF_news/2023/vision_combate.pdf,https://www.vonwobeser.com/images/PDF_news/2023/vision_combate.pdf,true,true,,,
b57d9593-90c2-46b5-996a-e67f5630c16e,es,http://localhost:5050/news/latin-lawyer-s-m-a-guide-indemnity-escrows-and-other-payment-guarantees,200,correcto,1,Guía de Fusiones y Adquisiciones de Latin Lawyer: Depósitos en Garantía de Indemnización y Otras Garantías de Pago,Guía de Fusiones y Adquisiciones de Latin Lawyer: Depósitos en Garantía de Indemnización y Otras Garantías de Pago | Von Wobeser y Sierra,"Nos complace compartir el capítulo 15 de la Guía de Fusiones y Adquisiciones de Latin Lawyer, ""Depósitos en Garantía de Indemnización y Otras Garantías de…",https://www.vonwobeser.com/news/latin-lawyer-s-m-a-guide-indemnity-escrows-and-other-payment-guarantees,es-MX:https://www.vonwobeser.com/news/latin-lawyer-s-m-a-guide-indemnity-escrows-and-other-payment-guarantees | en:https://www.vonwobeser.com/news/latin-lawyer-s-m-a-guide-indemnity-escrows-and-other-payment-guarantees?lang=en | x-default:https://www.vonwobeser.com/news/latin-lawyer-s-m-a-guide-indemnity-escrows-and-other-payment-guarantees,,,true,true,,,
b57d9593-90c2-46b5-996a-e67f5630c16e,en,http://localhost:5050/news/latin-lawyer-s-m-a-guide-indemnity-escrows-and-other-payment-guarantees?lang=en,200,correcto,1,Latin Lawyer’s M&A Guide: Indemnity Escrows and Other Payment Guarantees,Latin Lawyer’s M&A Guide: Indemnity Escrows and Other Payment Guarantees | Von Wobeser y Sierra,"We are delighted to share the 15th chapter of the Latin Lawyer's Guide for Mergers & Acquisitions, ""Indemnity Escrows and Other Payment Guarantees"", authored…",https://www.vonwobeser.com/news/latin-lawyer-s-m-a-guide-indemnity-escrows-and-other-payment-guarantees?lang=en,es-MX:https://www.vonwobeser.com/news/latin-lawyer-s-m-a-guide-indemnity-escrows-and-other-payment-guarantees | en:https://www.vonwobeser.com/news/latin-lawyer-s-m-a-guide-indemnity-escrows-and-other-payment-guarantees?lang=en | x-default:https://www.vonwobeser.com/news/latin-lawyer-s-m-a-guide-indemnity-escrows-and-other-payment-guarantees,,,true,true,,,
4d2ea882-0ef8-4922-9e32-1fc93d59b42a,es,http://localhost:5050/news/global-arbitration-review-construction-arbitration-know-how-mexico-chapter,200,correcto,1,Global Arbitration Review: Capítulo de México de Construction Arbitration Know-How,Global Arbitration Review: Capítulo de México de Construction Arbitration Know-How | Von Wobeser y Sierra,"Nos enorgullece compartir el capítulo que nuestra socia Montserrat Manzano y nuestro asociado Rodrigo Macin coescribieron, junto con Pedro José Izquierdo y…",https://www.vonwobeser.com/news/global-arbitration-review-construction-arbitration-know-how-mexico-chapter,es-MX:https://www.vonwobeser.com/news/global-arbitration-review-construction-arbitration-know-how-mexico-chapter | en:https://www.vonwobeser.com/news/global-arbitration-review-construction-arbitration-know-how-mexico-chapter?lang=en | x-default:https://www.vonwobeser.com/news/global-arbitration-review-construction-arbitration-know-how-mexico-chapter,,,true,true,,,
4d2ea882-0ef8-4922-9e32-1fc93d59b42a,en,http://localhost:5050/news/global-arbitration-review-construction-arbitration-know-how-mexico-chapter?lang=en,200,correcto,1,Global Arbitration Review: Construction Arbitration Know-How Mexico Chapter,Global Arbitration Review: Construction Arbitration Know-How Mexico Chapter | Von Wobeser y Sierra,"We are proud to share the chapter that our partner Montserrat Manzano and our associate Rodrigo Macin co-wrote, along with Pedro José Izquierdo and Sophie…",https://www.vonwobeser.com/news/global-arbitration-review-construction-arbitration-know-how-mexico-chapter?lang=en,es-MX:https://www.vonwobeser.com/news/global-arbitration-review-construction-arbitration-know-how-mexico-chapter | en:https://www.vonwobeser.com/news/global-arbitration-review-construction-arbitration-know-how-mexico-chapter?lang=en | x-default:https://www.vonwobeser.com/news/global-arbitration-review-construction-arbitration-know-how-mexico-chapter,,,true,true,,,
968c7bd4-9653-4e14-92b9-f4f848aeb696,es,http://localhost:5050/news/esg-in-the-mexican-mining-industry-part-three,200,correcto,1,ESG en la Industria Minera Mexicana. Tercera Parte,ESG en la Industria Minera Mexicana. Tercera Parte | Von Wobeser y Sierra,"La tercera parte revisa los cuatro ejes ambientales restantes del Responsible Mining Index para la industria minera. Analiza riesgos y prácticas vinculados,…",https://www.vonwobeser.com/news/esg-in-the-mexican-mining-industry-part-three,es-MX:https://www.vonwobeser.com/news/esg-in-the-mexican-mining-industry-part-three | en:https://www.vonwobeser.com/news/esg-in-the-mexican-mining-industry-part-three?lang=en | x-default:https://www.vonwobeser.com/news/esg-in-the-mexican-mining-industry-part-three,https://www.vonwobeser.com/images/PDF_news/2022/22_08_11_ESG_En-la-Industria-Minera-Mexicana-3_ENG.pdf,https://www.vonwobeser.com/images/PDF_news/2022/22_08_11_ESG_En-la-Industria-Minera-Mexicana-3_ENG.pdf,true,true,,,
968c7bd4-9653-4e14-92b9-f4f848aeb696,en,http://localhost:5050/news/esg-in-the-mexican-mining-industry-part-three?lang=en,200,correcto,1,ESG in the Mexican Mining Industry Part Three,ESG in the Mexican Mining Industry Part Three | Von Wobeser y Sierra,Part three reviews the four remaining environmental areas of the Responsible Mining Index for the mining industry. It examines risks and practices including…,https://www.vonwobeser.com/news/esg-in-the-mexican-mining-industry-part-three?lang=en,es-MX:https://www.vonwobeser.com/news/esg-in-the-mexican-mining-industry-part-three | en:https://www.vonwobeser.com/news/esg-in-the-mexican-mining-industry-part-three?lang=en | x-default:https://www.vonwobeser.com/news/esg-in-the-mexican-mining-industry-part-three,https://www.vonwobeser.com/images/PDF_news/2022/22_08_11_ESG_En-la-Industria-Minera-Mexicana-3_ENG.pdf,https://www.vonwobeser.com/images/PDF_news/2022/22_08_11_ESG_En-la-Industria-Minera-Mexicana-3_ENG.pdf,true,true,http://localhost:5050/images/PDF_news/2022/22_08_11_ESG_En-la-Industria-Minera-Mexicana-3_ENG.pdf,,
69245f61-db72-404c-81e1-ff610b984a0e,es,http://localhost:5050/news/preparate-para-el-proximo-cisne,200,correcto,1,Prepárate para el próximo cisne,Prepárate para el próximo cisne | Von Wobeser y Sierra,El artículo aborda el cambio climático como un riesgo sistémico relevante y sostiene que las organizaciones deben priorizar estrategias para enfrentarlo.…,https://www.vonwobeser.com/news/preparate-para-el-proximo-cisne,es-MX:https://www.vonwobeser.com/news/preparate-para-el-proximo-cisne | en:https://www.vonwobeser.com/news/preparate-para-el-proximo-cisne?lang=en | x-default:https://www.vonwobeser.com/news/preparate-para-el-proximo-cisne,https://www.vonwobeser.com/images/PDF/2022/Preparate_Para_el_Proximo_Cisne1.pdf,https://www.vonwobeser.com/images/PDF/2022/Preparate_Para_el_Proximo_Cisne1.pdf,true,true,,,
69245f61-db72-404c-81e1-ff610b984a0e,en,http://localhost:5050/news/preparate-para-el-proximo-cisne?lang=en,200,correcto,1,Get ready for the next swan,Get ready for the next swan | Von Wobeser y Sierra,The article treats climate change as a major systemic risk and argues that organizations should prioritize strategies to address it. It presents ESG management…,https://www.vonwobeser.com/news/preparate-para-el-proximo-cisne?lang=en,es-MX:https://www.vonwobeser.com/news/preparate-para-el-proximo-cisne | en:https://www.vonwobeser.com/news/preparate-para-el-proximo-cisne?lang=en | x-default:https://www.vonwobeser.com/news/preparate-para-el-proximo-cisne,https://www.vonwobeser.com/images/PDF/2022/Preparate_Para_el_Proximo_Cisne1.pdf,https://www.vonwobeser.com/images/PDF/2022/Preparate_Para_el_Proximo_Cisne1.pdf,true,true,,,
74b48c08-f683-4f5d-afba-f5b60da7b3a5,es,http://localhost:5050/news/esg-in-the-mexican-mining-industry-part-two,200,correcto,1,ESG en la Industria Minera Mexicana. Segunda Parte,ESG en la Industria Minera Mexicana. Segunda Parte | Von Wobeser y Sierra,Esta segunda parte aborda la importancia económica de la minería y los impactos ambientales asociados a su operación. Presenta los primeros ejes de mejores…,https://www.vonwobeser.com/news/esg-in-the-mexican-mining-industry-part-two,es-MX:https://www.vonwobeser.com/news/esg-in-the-mexican-mining-industry-part-two | en:https://www.vonwobeser.com/news/esg-in-the-mexican-mining-industry-part-two?lang=en | x-default:https://www.vonwobeser.com/news/esg-in-the-mexican-mining-industry-part-two,https://www.vonwobeser.com/images/PDF_news/2021/21_10_12_MINERIA_ESG_ING.pdf,https://www.vonwobeser.com/images/PDF_news/2021/21_10_12_MINERIA_ESG_ING.pdf,true,true,,,
74b48c08-f683-4f5d-afba-f5b60da7b3a5,en,http://localhost:5050/news/esg-in-the-mexican-mining-industry-part-two?lang=en,200,correcto,1,ESG in the Mexican Mining Industry. Part Two,ESG in the Mexican Mining Industry. Part Two | Von Wobeser y Sierra,Part two addresses mining’s economic relevance and the environmental impacts associated with its operation. It introduces the first environmental best-practice…,https://www.vonwobeser.com/news/esg-in-the-mexican-mining-industry-part-two?lang=en,es-MX:https://www.vonwobeser.com/news/esg-in-the-mexican-mining-industry-part-two | en:https://www.vonwobeser.com/news/esg-in-the-mexican-mining-industry-part-two?lang=en | x-default:https://www.vonwobeser.com/news/esg-in-the-mexican-mining-industry-part-two,https://www.vonwobeser.com/images/PDF_news/2021/21_10_12_MINERIA_ESG_ING.pdf,https://www.vonwobeser.com/images/PDF_news/2021/21_10_12_MINERIA_ESG_ING.pdf,true,true,http://localhost:5050/images/PDF_news/2021/21_10_12_MINERIA_ESG_ING.pdf,,
d5005a08-6677-407a-9944-86d7ffcc07f9,es,http://localhost:5050/news/does-your-business-contribute-to-changing-the-world-consider-an-esg-perspective,200,correcto,1,¿Tu negocio contribuye a cambiar el mundo? Considera una perspectiva ESG.,¿Tu negocio contribuye a cambiar el mundo? Considera una perspectiva ESG. | Von Wobeser y Sierra,"El inicio del año está lleno de propósitos y buenos deseos. Para quienes pretendemos cumplirlos, los propósitos deben traducirse en metas y objetivos…",https://www.vonwobeser.com/news/does-your-business-contribute-to-changing-the-world-consider-an-esg-perspective,es-MX:https://www.vonwobeser.com/news/does-your-business-contribute-to-changing-the-world-consider-an-esg-perspective | en:https://www.vonwobeser.com/news/does-your-business-contribute-to-changing-the-world-consider-an-esg-perspective?lang=en | x-default:https://www.vonwobeser.com/news/does-your-business-contribute-to-changing-the-world-consider-an-esg-perspective,https://expansion.mx/opinion/2022/01/03/negocio-contribuya-cambiar-el-mundo,https://expansion.mx/opinion/2022/01/03/negocio-contribuya-cambiar-el-mundo,true,true,,,
d5005a08-6677-407a-9944-86d7ffcc07f9,en,http://localhost:5050/news/does-your-business-contribute-to-changing-the-world-consider-an-esg-perspective?lang=en,200,correcto,1,Does your business contribute to changing the world? Consider an ESG perspective.,Does your business contribute to changing the world? Consider an ESG perspective. | Von Wobeser y Sierra,"The beginning of the year is full of resolutions and good wishes. For those of us who intend to fulfill them, resolutions must be translated into concrete…",https://www.vonwobeser.com/news/does-your-business-contribute-to-changing-the-world-consider-an-esg-perspective?lang=en,es-MX:https://www.vonwobeser.com/news/does-your-business-contribute-to-changing-the-world-consider-an-esg-perspective | en:https://www.vonwobeser.com/news/does-your-business-contribute-to-changing-the-world-consider-an-esg-perspective?lang=en | x-default:https://www.vonwobeser.com/news/does-your-business-contribute-to-changing-the-world-consider-an-esg-perspective,https://expansion.mx/opinion/2022/01/03/negocio-contribuya-cambiar-el-mundo,https://expansion.mx/opinion/2022/01/03/negocio-contribuya-cambiar-el-mundo,true,true,http://localhost:5050/images/PDF_news/2022/Tu-negocio-contribuye-a-cambiar-el-mundo_-Considera-una-perspectiva-ESG.pdf,,
f1fae103-8b93-45d2-ba51-ff63c9ef19d6,es,http://localhost:5050/news/crisis-mode-have-your-esg-team-on-speed-dial,200,correcto,1,Modo de crisis: tenga a su equipo de ESG en marcación rápida,Modo de crisis: tenga a su equipo de ESG en marcación rápida | Von Wobeser y Sierra,"Estimados clientes y amigos,",https://www.vonwobeser.com/news/crisis-mode-have-your-esg-team-on-speed-dial,es-MX:https://www.vonwobeser.com/news/crisis-mode-have-your-esg-team-on-speed-dial | en:https://www.vonwobeser.com/news/crisis-mode-have-your-esg-team-on-speed-dial?lang=en | x-default:https://www.vonwobeser.com/news/crisis-mode-have-your-esg-team-on-speed-dial,,,true,true,,,
f1fae103-8b93-45d2-ba51-ff63c9ef19d6,en,http://localhost:5050/news/crisis-mode-have-your-esg-team-on-speed-dial?lang=en,200,correcto,1,Crisis Mode: Have Your ESG Team on Speed Dial,Crisis Mode: Have Your ESG Team on Speed Dial | Von Wobeser y Sierra,"Dear clients and friends,",https://www.vonwobeser.com/news/crisis-mode-have-your-esg-team-on-speed-dial?lang=en,es-MX:https://www.vonwobeser.com/news/crisis-mode-have-your-esg-team-on-speed-dial | en:https://www.vonwobeser.com/news/crisis-mode-have-your-esg-team-on-speed-dial?lang=en | x-default:https://www.vonwobeser.com/news/crisis-mode-have-your-esg-team-on-speed-dial,,,true,true,http://localhost:5050/images/PDF_news/2022/Have_Your_ESG_Team_on_Speed_Dial.pdf,,
37a4a56a-9a3e-4de5-ac7e-cb54fd5632ef,es,http://localhost:5050/news/fort-dearborn-multi-color-corporation-merge-to-form-world-s-largest-label-suppli,200,correcto,1,Fort Dearborn y Multi-Color Corporation se fusionan para formar el mayor proveedor de etiquetas del mundo,Fort Dearborn y Multi-Color Corporation se fusionan para formar el mayor proveedor de etiquetas del mundo | Von Wobeser y Sierra,"Fort Dearborn Company y Multi-Color Corporation se han fusionado, creando el mayor proveedor de etiquetas prime del mundo por ingresos.",https://www.vonwobeser.com/news/fort-dearborn-multi-color-corporation-merge-to-form-world-s-largest-label-suppli,es-MX:https://www.vonwobeser.com/news/fort-dearborn-multi-color-corporation-merge-to-form-world-s-largest-label-suppli | en:https://www.vonwobeser.com/news/fort-dearborn-multi-color-corporation-merge-to-form-world-s-largest-label-suppli?lang=en | x-default:https://www.vonwobeser.com/news/fort-dearborn-multi-color-corporation-merge-to-form-world-s-largest-label-suppli,,,true,true,,,
37a4a56a-9a3e-4de5-ac7e-cb54fd5632ef,en,http://localhost:5050/news/fort-dearborn-multi-color-corporation-merge-to-form-world-s-largest-label-suppli?lang=en,200,correcto,1,"Fort Dearborn, Multi-Color Corporation merge to form world’s largest label supplier","Fort Dearborn, Multi-Color Corporation merge to form world’s largest label supplier | Von Wobeser y Sierra","Fort Dearborn Company and Multi-Color Corporation have merged, creating the world’s largest prime label supplier by revenues.",https://www.vonwobeser.com/news/fort-dearborn-multi-color-corporation-merge-to-form-world-s-largest-label-suppli?lang=en,es-MX:https://www.vonwobeser.com/news/fort-dearborn-multi-color-corporation-merge-to-form-world-s-largest-label-suppli | en:https://www.vonwobeser.com/news/fort-dearborn-multi-color-corporation-merge-to-form-world-s-largest-label-suppli?lang=en | x-default:https://www.vonwobeser.com/news/fort-dearborn-multi-color-corporation-merge-to-form-world-s-largest-label-suppli,,,true,true,http://localhost:5050/images/PDF_news/2022/Fort-Dearborn-Multi-Color-Corporation-merge-to-form-worlds-largest-label-supplier---Leaders-League.pdf,,
4dcaa4c3-1422-45cb-9859-41b0409cc362,es,http://localhost:5050/news/fundamental-rights-of-legal-entities-an-unsettled-topic,200,correcto,1,Derechos fundamentales de las personas morales: un tema no resuelto,Derechos fundamentales de las personas morales: un tema no resuelto | Von Wobeser y Sierra,"Este año, un tribunal federal mexicano emitió una serie de criterios controvertidos respecto de los derechos de las personas morales. Estos criterios no son de…",https://www.vonwobeser.com/news/fundamental-rights-of-legal-entities-an-unsettled-topic,es-MX:https://www.vonwobeser.com/news/fundamental-rights-of-legal-entities-an-unsettled-topic | en:https://www.vonwobeser.com/news/fundamental-rights-of-legal-entities-an-unsettled-topic?lang=en | x-default:https://www.vonwobeser.com/news/fundamental-rights-of-legal-entities-an-unsettled-topic,,,true,true,,,
4dcaa4c3-1422-45cb-9859-41b0409cc362,en,http://localhost:5050/news/fundamental-rights-of-legal-entities-an-unsettled-topic?lang=en,200,correcto,1,Fundamental rights of legal entities: an unsettled topic,Fundamental rights of legal entities: an unsettled topic | Von Wobeser y Sierra,"This year, a Mexican federal court issued a set of controversial precedents regarding the rights of legal entities. These precedents are not generally binding,…",https://www.vonwobeser.com/news/fundamental-rights-of-legal-entities-an-unsettled-topic?lang=en,es-MX:https://www.vonwobeser.com/news/fundamental-rights-of-legal-entities-an-unsettled-topic | en:https://www.vonwobeser.com/news/fundamental-rights-of-legal-entities-an-unsettled-topic?lang=en | x-default:https://www.vonwobeser.com/news/fundamental-rights-of-legal-entities-an-unsettled-topic,,,true,true,http://localhost:5050/images/PDF_news/2021/21_12_17_DERECHOS_FUNDAMENTALES_ESG_ING.pdf,,
dc8f7154-4d75-4bbc-97f2-a839b92dfd82,es,http://localhost:5050/news/promoting-energy-autonomy-while-advancing-environmental-protection-a-balancing-a,200,correcto,1,Promover la autonomía energética a la par del avance en la protección ambiental: un delicado equilibrio,Promover la autonomía energética a la par del avance en la protección ambiental: un delicado equilibrio | Von Wobeser y Sierra,"Uno de los principales objetivos de la actual Administración Federal de México es fortalecer el sector energético, con especial énfasis en las empresas…",https://www.vonwobeser.com/news/promoting-energy-autonomy-while-advancing-environmental-protection-a-balancing-a,es-MX:https://www.vonwobeser.com/news/promoting-energy-autonomy-while-advancing-environmental-protection-a-balancing-a | en:https://www.vonwobeser.com/news/promoting-energy-autonomy-while-advancing-environmental-protection-a-balancing-a?lang=en | x-default:https://www.vonwobeser.com/news/promoting-energy-autonomy-while-advancing-environmental-protection-a-balancing-a,,,true,true,,,
dc8f7154-4d75-4bbc-97f2-a839b92dfd82,en,http://localhost:5050/news/promoting-energy-autonomy-while-advancing-environmental-protection-a-balancing-a?lang=en,200,correcto,1,Promoting energy autonomy while advancing environmental protection: a balancing act,Promoting energy autonomy while advancing environmental protection: a balancing act | Von Wobeser y Sierra,"One of the main objectives of Mexico’s current Federal Administration is to strengthen the energy sector, with particular emphasis on the State’s power and oil…",https://www.vonwobeser.com/news/promoting-energy-autonomy-while-advancing-environmental-protection-a-balancing-a?lang=en,es-MX:https://www.vonwobeser.com/news/promoting-energy-autonomy-while-advancing-environmental-protection-a-balancing-a | en:https://www.vonwobeser.com/news/promoting-energy-autonomy-while-advancing-environmental-protection-a-balancing-a?lang=en | x-default:https://www.vonwobeser.com/news/promoting-energy-autonomy-while-advancing-environmental-protection-a-balancing-a,,,true,true,http://localhost:5050/images/PDF_news/2021/21_12_10_AUTONOMIA_ENERGETICA_ESG_ING.pdf,,
a4a98989-bd0c-4522-b2bd-d216a68aa687,es,http://localhost:5050/news/economic-competition-a-potential-trigger-for-sustainable-initiatives,200,correcto,1,Competencia económica: un posible detonante para las iniciativas sostenibles.,Competencia económica: un posible detonante para las iniciativas sostenibles. | Von Wobeser y Sierra,"Para quien tuviera alguna duda, la reciente conferencia sobre cambio climático COP26 dejó claro que el mayor y más complejo desafío que enfrenta la humanidad…",https://www.vonwobeser.com/news/economic-competition-a-potential-trigger-for-sustainable-initiatives,es-MX:https://www.vonwobeser.com/news/economic-competition-a-potential-trigger-for-sustainable-initiatives | en:https://www.vonwobeser.com/news/economic-competition-a-potential-trigger-for-sustainable-initiatives?lang=en | x-default:https://www.vonwobeser.com/news/economic-competition-a-potential-trigger-for-sustainable-initiatives,,,true,true,,,
a4a98989-bd0c-4522-b2bd-d216a68aa687,en,http://localhost:5050/news/economic-competition-a-potential-trigger-for-sustainable-initiatives?lang=en,200,correcto,1,Economic competition: a potential trigger for sustainable initiatives.,Economic competition: a potential trigger for sustainable initiatives. | Von Wobeser y Sierra,"For anyone who had any doubts, the recent COP26 climate change conference made it clear that the biggest and most complex challenge facing humanity requires…",https://www.vonwobeser.com/news/economic-competition-a-potential-trigger-for-sustainable-initiatives?lang=en,es-MX:https://www.vonwobeser.com/news/economic-competition-a-potential-trigger-for-sustainable-initiatives | en:https://www.vonwobeser.com/news/economic-competition-a-potential-trigger-for-sustainable-initiatives?lang=en | x-default:https://www.vonwobeser.com/news/economic-competition-a-potential-trigger-for-sustainable-initiatives,,,true,true,,,
5b4c5af1-b1d6-4179-9ca7-9c3a57b7bcdf,es,http://localhost:5050/news/rrm-as-an-effective-mechanism-to-enforce-collective-labor-standards,200,correcto,1,El MLRR como un mecanismo eficaz para hacer cumplir las normas laborales colectivas,El MLRR como un mecanismo eficaz para hacer cumplir las normas laborales colectivas | Von Wobeser y Sierra,"Las decisiones de inversión que toman las empresas a nivel mundial se basan cada vez más (si no es que son impulsadas) por criterios Ambientales, Sociales y de…",https://www.vonwobeser.com/news/rrm-as-an-effective-mechanism-to-enforce-collective-labor-standards,es-MX:https://www.vonwobeser.com/news/rrm-as-an-effective-mechanism-to-enforce-collective-labor-standards | en:https://www.vonwobeser.com/news/rrm-as-an-effective-mechanism-to-enforce-collective-labor-standards?lang=en | x-default:https://www.vonwobeser.com/news/rrm-as-an-effective-mechanism-to-enforce-collective-labor-standards,,,true,true,,,
5b4c5af1-b1d6-4179-9ca7-9c3a57b7bcdf,en,http://localhost:5050/news/rrm-as-an-effective-mechanism-to-enforce-collective-labor-standards?lang=en,200,correcto,1,RRM as an effective mechanism to enforce collective labor standards,RRM as an effective mechanism to enforce collective labor standards | Von Wobeser y Sierra,"Investment decisions taken by companies worldwide are increasingly based on (if not driven by) Environmental, Social and Governance (ESG) criteria. Even though…",https://www.vonwobeser.com/news/rrm-as-an-effective-mechanism-to-enforce-collective-labor-standards?lang=en,es-MX:https://www.vonwobeser.com/news/rrm-as-an-effective-mechanism-to-enforce-collective-labor-standards | en:https://www.vonwobeser.com/news/rrm-as-an-effective-mechanism-to-enforce-collective-labor-standards?lang=en | x-default:https://www.vonwobeser.com/news/rrm-as-an-effective-mechanism-to-enforce-collective-labor-standards,,,true,true,http://localhost:5050/images/PDF_news/2021/21_12_02_MLRR_ESG_ING.pdf,,
c00ad8d2-a344-499d-a76b-ad5c076586b2,es,http://localhost:5050/news/competition-partners-foresee-greater-scrutiny-of-e-commerce-and-fintech-deals,200,correcto,1,Los socios de competencia prevén un mayor escrutinio de las operaciones de comercio electrónico y fintech.,Los socios de competencia prevén un mayor escrutinio de las operaciones de comercio electrónico y fintech. | Von Wobeser y Sierra,Las autoridades de competencia latinoamericanas se niegan a dejarse sacudir por la pandemia de covid-19 y están intensificando su escrutinio de los sectores de…,https://www.vonwobeser.com/news/competition-partners-foresee-greater-scrutiny-of-e-commerce-and-fintech-deals,es-MX:https://www.vonwobeser.com/news/competition-partners-foresee-greater-scrutiny-of-e-commerce-and-fintech-deals | en:https://www.vonwobeser.com/news/competition-partners-foresee-greater-scrutiny-of-e-commerce-and-fintech-deals?lang=en | x-default:https://www.vonwobeser.com/news/competition-partners-foresee-greater-scrutiny-of-e-commerce-and-fintech-deals,,,true,true,,,
c00ad8d2-a344-499d-a76b-ad5c076586b2,en,http://localhost:5050/news/competition-partners-foresee-greater-scrutiny-of-e-commerce-and-fintech-deals?lang=en,200,correcto,1,Competition partners foresee greater scrutiny of e-commerce and fintech deals.,Competition partners foresee greater scrutiny of e-commerce and fintech deals. | Von Wobeser y Sierra,Latin American competition authorities refuse to be shaken by the covid-19 pandemic and are stepping up their scrutiny of the region’s fast-growing e-commerce…,https://www.vonwobeser.com/news/competition-partners-foresee-greater-scrutiny-of-e-commerce-and-fintech-deals?lang=en,es-MX:https://www.vonwobeser.com/news/competition-partners-foresee-greater-scrutiny-of-e-commerce-and-fintech-deals | en:https://www.vonwobeser.com/news/competition-partners-foresee-greater-scrutiny-of-e-commerce-and-fintech-deals?lang=en | x-default:https://www.vonwobeser.com/news/competition-partners-foresee-greater-scrutiny-of-e-commerce-and-fintech-deals,,,true,true,,,
eb529b71-8a07-4ef6-81f8-12075f31fa27,es,http://localhost:5050/news/lieferkettensorgfaltspflichtengesetz-a-mouthful-of-new-supply-chain-regulations,200,correcto,1,Lieferkettensorgfaltspflichtengesetz: un trabalenguas de nuevas regulaciones sobre la cadena de suministro,Lieferkettensorgfaltspflichtengesetz: un trabalenguas de nuevas regulaciones sobre la cadena de suministro | Von Wobeser y Sierra,"Junto con China, Alemania sigue siendo considerada la principal nación exportadora del mundo. Made in Germany ha sido durante mucho tiempo una señal de calidad…",https://www.vonwobeser.com/news/lieferkettensorgfaltspflichtengesetz-a-mouthful-of-new-supply-chain-regulations,es-MX:https://www.vonwobeser.com/news/lieferkettensorgfaltspflichtengesetz-a-mouthful-of-new-supply-chain-regulations | en:https://www.vonwobeser.com/news/lieferkettensorgfaltspflichtengesetz-a-mouthful-of-new-supply-chain-regulations?lang=en | x-default:https://www.vonwobeser.com/news/lieferkettensorgfaltspflichtengesetz-a-mouthful-of-new-supply-chain-regulations,,,true,true,,,
eb529b71-8a07-4ef6-81f8-12075f31fa27,en,http://localhost:5050/news/lieferkettensorgfaltspflichtengesetz-a-mouthful-of-new-supply-chain-regulations?lang=en,200,correcto,1,Lieferkettensorgfaltspflichtengesetz: a mouthful of new supply chain regulations,Lieferkettensorgfaltspflichtengesetz: a mouthful of new supply chain regulations | Von Wobeser y Sierra,"Alongside China, Germany is still considered to be the world’s leading exporting nation. Made in Germany has long been an indication of superior quality and…",https://www.vonwobeser.com/news/lieferkettensorgfaltspflichtengesetz-a-mouthful-of-new-supply-chain-regulations?lang=en,es-MX:https://www.vonwobeser.com/news/lieferkettensorgfaltspflichtengesetz-a-mouthful-of-new-supply-chain-regulations | en:https://www.vonwobeser.com/news/lieferkettensorgfaltspflichtengesetz-a-mouthful-of-new-supply-chain-regulations?lang=en | x-default:https://www.vonwobeser.com/news/lieferkettensorgfaltspflichtengesetz-a-mouthful-of-new-supply-chain-regulations,,,true,true,http://localhost:5050/images/PDF_news/2021/21_11_25_SUMINISTRO_ESG_ING.pdf,,
2c6504b7-8410-4203-af06-0a9113f8b3d3,es,http://localhost:5050/news/privacy-and-the-protection-of-personal-data-new-esg-parameters,200,correcto,1,Privacidad y protección de datos personales: nuevos parámetros ESG.,Privacidad y protección de datos personales: nuevos parámetros ESG. | Von Wobeser y Sierra,Las últimas décadas se han caracterizado por un crecimiento y una transformación sin precedentes en las industrias y en la economía. Gracias a la globalización…,https://www.vonwobeser.com/news/privacy-and-the-protection-of-personal-data-new-esg-parameters,es-MX:https://www.vonwobeser.com/news/privacy-and-the-protection-of-personal-data-new-esg-parameters | en:https://www.vonwobeser.com/news/privacy-and-the-protection-of-personal-data-new-esg-parameters?lang=en | x-default:https://www.vonwobeser.com/news/privacy-and-the-protection-of-personal-data-new-esg-parameters,,,true,true,,,
2c6504b7-8410-4203-af06-0a9113f8b3d3,en,http://localhost:5050/news/privacy-and-the-protection-of-personal-data-new-esg-parameters?lang=en,200,correcto,1,Privacy and the protection of personal data: new ESG parameters.,Privacy and the protection of personal data: new ESG parameters. | Von Wobeser y Sierra,Recent decades have featured unprecedented growth and change across industries and the economy. New ways to do and fund business are rising with ever-greater…,https://www.vonwobeser.com/news/privacy-and-the-protection-of-personal-data-new-esg-parameters?lang=en,es-MX:https://www.vonwobeser.com/news/privacy-and-the-protection-of-personal-data-new-esg-parameters | en:https://www.vonwobeser.com/news/privacy-and-the-protection-of-personal-data-new-esg-parameters?lang=en | x-default:https://www.vonwobeser.com/news/privacy-and-the-protection-of-personal-data-new-esg-parameters,,,true,true,http://localhost:5050/images/PDF_news/2021/21_11_17_PRIVACIDAD_ESG_ING.pdf,,
dac3cdd1-5528-43eb-91df-739dd83c6039,es,http://localhost:5050/news/the-role-of-arbitration-in-esg-disputes,200,correcto,1,El papel del arbitraje en las controversias ESG,El papel del arbitraje en las controversias ESG | Von Wobeser y Sierra,"El artículo examina la creciente presencia de criterios ESG en disputas comerciales y de inversión. Explica cómo el cambio climático, los derechos humanos y la…",https://www.vonwobeser.com/news/the-role-of-arbitration-in-esg-disputes,es-MX:https://www.vonwobeser.com/news/the-role-of-arbitration-in-esg-disputes | en:https://www.vonwobeser.com/news/the-role-of-arbitration-in-esg-disputes?lang=en | x-default:https://www.vonwobeser.com/news/the-role-of-arbitration-in-esg-disputes,https://www.vonwobeser.com/images/PDF_news/2021/21_11_12_ARBITRAJE_ESG_ING.pdf,https://www.vonwobeser.com/images/PDF_news/2021/21_11_12_ARBITRAJE_ESG_ING.pdf,true,true,,,
dac3cdd1-5528-43eb-91df-739dd83c6039,en,http://localhost:5050/news/the-role-of-arbitration-in-esg-disputes?lang=en,200,correcto,1,The role of arbitration in ESG disputes,The role of arbitration in ESG disputes | Von Wobeser y Sierra,"The article examines the growing presence of ESG criteria in commercial and investment disputes. It explains how climate change, human rights and corporate…",https://www.vonwobeser.com/news/the-role-of-arbitration-in-esg-disputes?lang=en,es-MX:https://www.vonwobeser.com/news/the-role-of-arbitration-in-esg-disputes | en:https://www.vonwobeser.com/news/the-role-of-arbitration-in-esg-disputes?lang=en | x-default:https://www.vonwobeser.com/news/the-role-of-arbitration-in-esg-disputes,https://www.vonwobeser.com/images/PDF_news/2021/21_11_12_ARBITRAJE_ESG_ING.pdf,https://www.vonwobeser.com/images/PDF_news/2021/21_11_12_ARBITRAJE_ESG_ING.pdf,true,true,http://localhost:5050/images/PDF_news/2021/21_11_12_ARBITRAJE_ESG_ING.pdf,,
da8fbd17-1477-4b37-bb8e-5367fa814a74,es,http://localhost:5050/news/emissions-trading-system-an-instrument-to-promote-the-reduction-of-greenhouse-ga,200,correcto,1,Sistema de Comercio de Emisiones: un instrumento para impulsar la reducción de emisiones de gases de efecto invernadero,Sistema de Comercio de Emisiones: un instrumento para impulsar la reducción de emisiones de gases de efecto invernadero | Von Wobeser y Sierra,"En septiembre de 2016, México ratificó el Acuerdo de París, comprometiéndose así a reducir para 2030 sus emisiones de gases de efecto invernadero (GEI) en un…",https://www.vonwobeser.com/news/emissions-trading-system-an-instrument-to-promote-the-reduction-of-greenhouse-ga,es-MX:https://www.vonwobeser.com/news/emissions-trading-system-an-instrument-to-promote-the-reduction-of-greenhouse-ga | en:https://www.vonwobeser.com/news/emissions-trading-system-an-instrument-to-promote-the-reduction-of-greenhouse-ga?lang=en | x-default:https://www.vonwobeser.com/news/emissions-trading-system-an-instrument-to-promote-the-reduction-of-greenhouse-ga,,,true,true,,,
da8fbd17-1477-4b37-bb8e-5367fa814a74,en,http://localhost:5050/news/emissions-trading-system-an-instrument-to-promote-the-reduction-of-greenhouse-ga?lang=en,200,correcto,1,Emissions Trading System: an instrument to promote the reduction of greenhouse gas emissions,Emissions Trading System: an instrument to promote the reduction of greenhouse gas emissions | Von Wobeser y Sierra,"In September 2016, Mexico ratified the Paris Agreement, thus committing to reducing by 2030 its greenhouse gas (GHG) emissions by 22% compared to its baseline.…",https://www.vonwobeser.com/news/emissions-trading-system-an-instrument-to-promote-the-reduction-of-greenhouse-ga?lang=en,es-MX:https://www.vonwobeser.com/news/emissions-trading-system-an-instrument-to-promote-the-reduction-of-greenhouse-ga | en:https://www.vonwobeser.com/news/emissions-trading-system-an-instrument-to-promote-the-reduction-of-greenhouse-ga?lang=en | x-default:https://www.vonwobeser.com/news/emissions-trading-system-an-instrument-to-promote-the-reduction-of-greenhouse-ga,,,true,true,http://localhost:5050/images/PDF_news/2021/21_11_03_EMISIONES_ESG_ING.pdf,,
c3bc98b4-0a29-47b2-822d-69e5ecb13dbb,es,http://localhost:5050/news/the-fight-against-corruption-a-corporate-social-responsibility,200,correcto,1,La lucha contra la corrupción: una responsabilidad social corporativa,La lucha contra la corrupción: una responsabilidad social corporativa | Von Wobeser y Sierra,La corrupción representa un problema sistémico global. La Suprema Corte de Justicia de la Nación (SCJN) ha reconocido formalmente que una sociedad civil…,https://www.vonwobeser.com/news/the-fight-against-corruption-a-corporate-social-responsibility,es-MX:https://www.vonwobeser.com/news/the-fight-against-corruption-a-corporate-social-responsibility | en:https://www.vonwobeser.com/news/the-fight-against-corruption-a-corporate-social-responsibility?lang=en | x-default:https://www.vonwobeser.com/news/the-fight-against-corruption-a-corporate-social-responsibility,,,true,true,,,
c3bc98b4-0a29-47b2-822d-69e5ecb13dbb,en,http://localhost:5050/news/the-fight-against-corruption-a-corporate-social-responsibility?lang=en,200,correcto,1,The fight against corruption: a corporate social responsibility,The fight against corruption: a corporate social responsibility | Von Wobeser y Sierra,Corruption represents a global systemic problem. The Mexican Supreme Court of Justice (SCJ) has formally recognized that an organized civil society has a…,https://www.vonwobeser.com/news/the-fight-against-corruption-a-corporate-social-responsibility?lang=en,es-MX:https://www.vonwobeser.com/news/the-fight-against-corruption-a-corporate-social-responsibility | en:https://www.vonwobeser.com/news/the-fight-against-corruption-a-corporate-social-responsibility?lang=en | x-default:https://www.vonwobeser.com/news/the-fight-against-corruption-a-corporate-social-responsibility,,,true,true,http://localhost:5050/images/PDF_news/2021/21_10_26_ANTI_CORRUPTION_ESG_ING.pdf,,
c3f5fae1-495f-446d-be7b-80693784f6c0,es,http://localhost:5050/news/stress-burnout-and-other-problems-brought-to-light-by-the-pandemic-and-telework,200,correcto,1,"Estrés, agotamiento y otros problemas evidenciados por la pandemia y el teletrabajo","Estrés, agotamiento y otros problemas evidenciados por la pandemia y el teletrabajo | Von Wobeser y Sierra","Ha transcurrido más de un año desde que México, como el resto del mundo, se sumergió en los estragos causados por la pandemia de COVID-19. Los sectores…",https://www.vonwobeser.com/news/stress-burnout-and-other-problems-brought-to-light-by-the-pandemic-and-telework,es-MX:https://www.vonwobeser.com/news/stress-burnout-and-other-problems-brought-to-light-by-the-pandemic-and-telework | en:https://www.vonwobeser.com/news/stress-burnout-and-other-problems-brought-to-light-by-the-pandemic-and-telework?lang=en | x-default:https://www.vonwobeser.com/news/stress-burnout-and-other-problems-brought-to-light-by-the-pandemic-and-telework,,,true,true,,,
c3f5fae1-495f-446d-be7b-80693784f6c0,en,http://localhost:5050/news/stress-burnout-and-other-problems-brought-to-light-by-the-pandemic-and-telework?lang=en,200,correcto,1,"Stress, burnout and other problems brought to light by the pandemic and telework","Stress, burnout and other problems brought to light by the pandemic and telework | Von Wobeser y Sierra","More than a year has gone by since Mexico, like the rest of the world, became immersed in the ravages caused by the COVID-19 pandemic. The productive sectors…",https://www.vonwobeser.com/news/stress-burnout-and-other-problems-brought-to-light-by-the-pandemic-and-telework?lang=en,es-MX:https://www.vonwobeser.com/news/stress-burnout-and-other-problems-brought-to-light-by-the-pandemic-and-telework | en:https://www.vonwobeser.com/news/stress-burnout-and-other-problems-brought-to-light-by-the-pandemic-and-telework?lang=en | x-default:https://www.vonwobeser.com/news/stress-burnout-and-other-problems-brought-to-light-by-the-pandemic-and-telework,,,true,true,http://localhost:5050/images/PDF_news/2021/21_10_19_STRESS_ESG_ING.pdf,,
d304a6cf-1dfc-4df8-98c9-ef9340a10b5f,es,http://localhost:5050/news/competition-regulation-a-nonconventional-tool-for-boosting-esg-initiatives,200,correcto,1,Regulación de competencia: una herramienta no convencional para impulsar las iniciativas ESG,Regulación de competencia: una herramienta no convencional para impulsar las iniciativas ESG | Von Wobeser y Sierra,"Las iniciativas ESG surgen de la creciente conciencia sobre los desafíos económicos, ambientales y sociales más grandes y complejos que enfrentamos a escala…",https://www.vonwobeser.com/news/competition-regulation-a-nonconventional-tool-for-boosting-esg-initiatives,es-MX:https://www.vonwobeser.com/news/competition-regulation-a-nonconventional-tool-for-boosting-esg-initiatives | en:https://www.vonwobeser.com/news/competition-regulation-a-nonconventional-tool-for-boosting-esg-initiatives?lang=en | x-default:https://www.vonwobeser.com/news/competition-regulation-a-nonconventional-tool-for-boosting-esg-initiatives,,,true,true,,,
d304a6cf-1dfc-4df8-98c9-ef9340a10b5f,en,http://localhost:5050/news/competition-regulation-a-nonconventional-tool-for-boosting-esg-initiatives?lang=en,200,correcto,1,Competition regulation: a nonconventional tool for boosting ESG initiatives,Competition regulation: a nonconventional tool for boosting ESG initiatives | Von Wobeser y Sierra,"ESG initiatives arise from the increasing awareness of the largest and most complex economic, environmental, and social challenges that we are facing at a…",https://www.vonwobeser.com/news/competition-regulation-a-nonconventional-tool-for-boosting-esg-initiatives?lang=en,es-MX:https://www.vonwobeser.com/news/competition-regulation-a-nonconventional-tool-for-boosting-esg-initiatives | en:https://www.vonwobeser.com/news/competition-regulation-a-nonconventional-tool-for-boosting-esg-initiatives?lang=en | x-default:https://www.vonwobeser.com/news/competition-regulation-a-nonconventional-tool-for-boosting-esg-initiatives,,,true,true,http://localhost:5050/images/PDF_news/2021/21_10_14_REGULACION_ESG_ING.pdf,,
05b8796c-043b-4d18-9483-f0515c4b5514,es,http://localhost:5050/news/esg-in-the-mexican-mining-industry-first-section,200,correcto,1,ESG en la industria minera mexicana. Primera sección,ESG en la industria minera mexicana. Primera sección | Von Wobeser y Sierra,La primera parte introduce la evolución de los criterios ESG y su relevancia para la industria minera. Expone por qué las empresas deben integrar factores…,https://www.vonwobeser.com/news/esg-in-the-mexican-mining-industry-first-section,es-MX:https://www.vonwobeser.com/news/esg-in-the-mexican-mining-industry-first-section | en:https://www.vonwobeser.com/news/esg-in-the-mexican-mining-industry-first-section?lang=en | x-default:https://www.vonwobeser.com/news/esg-in-the-mexican-mining-industry-first-section,https://www.vonwobeser.com/images/PDF_news/2021/21_10_12_MINERIA_ESG_ING.pdf,https://www.vonwobeser.com/images/PDF_news/2021/21_10_12_MINERIA_ESG_ING.pdf,true,true,,,
05b8796c-043b-4d18-9483-f0515c4b5514,en,http://localhost:5050/news/esg-in-the-mexican-mining-industry-first-section?lang=en,200,correcto,1,ESG in the Mexican Mining Industry First Section,ESG in the Mexican Mining Industry First Section | Von Wobeser y Sierra,Part one introduces the evolution of ESG criteria and their relevance to the mining industry. It explains why companies must integrate environmental and social…,https://www.vonwobeser.com/news/esg-in-the-mexican-mining-industry-first-section?lang=en,es-MX:https://www.vonwobeser.com/news/esg-in-the-mexican-mining-industry-first-section | en:https://www.vonwobeser.com/news/esg-in-the-mexican-mining-industry-first-section?lang=en | x-default:https://www.vonwobeser.com/news/esg-in-the-mexican-mining-industry-first-section,https://www.vonwobeser.com/images/PDF_news/2021/21_10_12_MINERIA_ESG_ING.pdf,https://www.vonwobeser.com/images/PDF_news/2021/21_10_12_MINERIA_ESG_ING.pdf,true,true,http://localhost:5050/images/PDF_news/2021/21_10_12_MINERIA_ESG_ING.pdf,,
f16d046f-8622-4970-aa69-ed3e19a4024e,es,http://localhost:5050/news/esg-implications-for-corporate-governance,200,correcto,1,Implicaciones ESG para el gobierno corporativo,Implicaciones ESG para el gobierno corporativo | Von Wobeser y Sierra,"Durante los últimos años ha crecido una tendencia entre los inversionistas del sector financiero internacional, que abarca desde grandes fondos de inversión e…",https://www.vonwobeser.com/news/esg-implications-for-corporate-governance,es-MX:https://www.vonwobeser.com/news/esg-implications-for-corporate-governance | en:https://www.vonwobeser.com/news/esg-implications-for-corporate-governance?lang=en | x-default:https://www.vonwobeser.com/news/esg-implications-for-corporate-governance,,,true,true,,,
f16d046f-8622-4970-aa69-ed3e19a4024e,en,http://localhost:5050/news/esg-implications-for-corporate-governance?lang=en,200,correcto,1,ESG Implications for Corporate Governance,ESG Implications for Corporate Governance | Von Wobeser y Sierra,"A trend has grown during the past few years in investors from the international financial sector, ranging from big investment funds and institutional investors…",https://www.vonwobeser.com/news/esg-implications-for-corporate-governance?lang=en,es-MX:https://www.vonwobeser.com/news/esg-implications-for-corporate-governance | en:https://www.vonwobeser.com/news/esg-implications-for-corporate-governance?lang=en | x-default:https://www.vonwobeser.com/news/esg-implications-for-corporate-governance,,,true,true,http://localhost:5050/images/PDF_news/2021/21_10_08_IMPLICACIONES_ESG_ING.pdf,,
77683142-8bb9-4adb-bc66-a7f0ffc9a07a,es,http://localhost:5050/news/fernando-carreno-gcr-insight-the-private-litigation-guide-mexico-overview,200,correcto,1,Fernando Carreño: GCR Insight - The Private Litigation Guide Mexico Overview,Fernando Carreño: GCR Insight - The Private Litigation Guide Mexico Overview | Von Wobeser y Sierra,Nuestro socio Fernando Carreño ofrece su perspectiva en una visión general sobre los estatutos mexicanos y sus reglamentos en The Private Litigation Guide…,https://www.vonwobeser.com/news/fernando-carreno-gcr-insight-the-private-litigation-guide-mexico-overview,es-MX:https://www.vonwobeser.com/news/fernando-carreno-gcr-insight-the-private-litigation-guide-mexico-overview | en:https://www.vonwobeser.com/news/fernando-carreno-gcr-insight-the-private-litigation-guide-mexico-overview?lang=en | x-default:https://www.vonwobeser.com/news/fernando-carreno-gcr-insight-the-private-litigation-guide-mexico-overview,,,true,true,,,
77683142-8bb9-4adb-bc66-a7f0ffc9a07a,en,http://localhost:5050/news/fernando-carreno-gcr-insight-the-private-litigation-guide-mexico-overview?lang=en,200,correcto,1,Fernando Carreño: GCR Insight - The Private Litigation Guide Mexico Overview,Fernando Carreño: GCR Insight - The Private Litigation Guide Mexico Overview | Von Wobeser y Sierra,Our Partner Fernando Carreño offers his insights in an overview regarding Mexican statutes and their regulations in The Private Litigation Guide Mexico…,https://www.vonwobeser.com/news/fernando-carreno-gcr-insight-the-private-litigation-guide-mexico-overview?lang=en,es-MX:https://www.vonwobeser.com/news/fernando-carreno-gcr-insight-the-private-litigation-guide-mexico-overview | en:https://www.vonwobeser.com/news/fernando-carreno-gcr-insight-the-private-litigation-guide-mexico-overview?lang=en | x-default:https://www.vonwobeser.com/news/fernando-carreno-gcr-insight-the-private-litigation-guide-mexico-overview,,,true,true,http://localhost:5050/images/PDF_news/2021/20-Mexico-Overview.pdf,,
c81951c2-ea46-491d-9bf9-836f9c7f4081,es,http://localhost:5050/news/fernando-carreno-gcr-insight-the-private-litigation-guide-mexico-q-a,200,correcto,1,Fernando Carreño: GCR Insight - The Private Litigation Guide Mexico Q&A,Fernando Carreño: GCR Insight - The Private Litigation Guide Mexico Q&A | Von Wobeser y Sierra,Nuestro socio Fernando Carreño ofrece su perspectiva sobre México en The Private Litigation Guide – Mexico Q&A.,https://www.vonwobeser.com/news/fernando-carreno-gcr-insight-the-private-litigation-guide-mexico-q-a,es-MX:https://www.vonwobeser.com/news/fernando-carreno-gcr-insight-the-private-litigation-guide-mexico-q-a | en:https://www.vonwobeser.com/news/fernando-carreno-gcr-insight-the-private-litigation-guide-mexico-q-a?lang=en | x-default:https://www.vonwobeser.com/news/fernando-carreno-gcr-insight-the-private-litigation-guide-mexico-q-a,,,true,true,,,
c81951c2-ea46-491d-9bf9-836f9c7f4081,en,http://localhost:5050/news/fernando-carreno-gcr-insight-the-private-litigation-guide-mexico-q-a?lang=en,200,correcto,1,Fernando Carreño: GCR Insight - The Private Litigation Guide Mexico Q&A,Fernando Carreño: GCR Insight - The Private Litigation Guide Mexico Q&A | Von Wobeser y Sierra,Our Partner Fernando Carreño offers his insights regarding Mexico in The Private Litigation Guide – Mexico Q&A.,https://www.vonwobeser.com/news/fernando-carreno-gcr-insight-the-private-litigation-guide-mexico-q-a?lang=en,es-MX:https://www.vonwobeser.com/news/fernando-carreno-gcr-insight-the-private-litigation-guide-mexico-q-a | en:https://www.vonwobeser.com/news/fernando-carreno-gcr-insight-the-private-litigation-guide-mexico-q-a?lang=en | x-default:https://www.vonwobeser.com/news/fernando-carreno-gcr-insight-the-private-litigation-guide-mexico-q-a,,,true,true,http://localhost:5050/images/PDF_news/2021/25-Mexico-QA.pdf,,
b38c180e-62f5-4f74-b1cb-39b512f5e441,es,http://localhost:5050/news/luis-burgueno-alberto-cordoba-marisol-marquez-and-elias-jalife-latin-lawyer-insi,200,correcto,1,"Luis Burgueño, Alberto Córdoba, Marisol Márquez y Elías Jalife: Latin Lawyer Insight - The Guide to Mergers and Acquisitions, Primera Edición","Luis Burgueño, Alberto Córdoba, Marisol Márquez y Elías Jalife: Latin Lawyer Insight - The Guide to Mergers and Acquisitions, Primera Edición | Von Wobeser y Sierra","Nuestros socios Luis Burgueño y Alberto Córdoba, así como nuestros asociados Marisol Márquez y Elías Jalife, ofrecen sus perspectivas sobre las fianzas de…",https://www.vonwobeser.com/news/luis-burgueno-alberto-cordoba-marisol-marquez-and-elias-jalife-latin-lawyer-insi,es-MX:https://www.vonwobeser.com/news/luis-burgueno-alberto-cordoba-marisol-marquez-and-elias-jalife-latin-lawyer-insi | en:https://www.vonwobeser.com/news/luis-burgueno-alberto-cordoba-marisol-marquez-and-elias-jalife-latin-lawyer-insi?lang=en | x-default:https://www.vonwobeser.com/news/luis-burgueno-alberto-cordoba-marisol-marquez-and-elias-jalife-latin-lawyer-insi,,,true,true,,,
b38c180e-62f5-4f74-b1cb-39b512f5e441,en,http://localhost:5050/news/luis-burgueno-alberto-cordoba-marisol-marquez-and-elias-jalife-latin-lawyer-insi?lang=en,200,correcto,1,"Luis Burgueño, Alberto Córdoba, Marisol Márquez and Elías Jalife: Latin Lawyer Insight - The Guide to Mergers and Acquisitions, First Edition","Luis Burgueño, Alberto Córdoba, Marisol Márquez and Elías Jalife: Latin Lawyer Insight - The Guide to Mergers and Acquisitions, First Edition | Von Wobeser y Sierra","Our Partners Luis Burgueño and Alberto Córdoba as well as our associates Marisol Márquez and Elías Jalife, offer their perspectives regarding indemnity escrows…",https://www.vonwobeser.com/news/luis-burgueno-alberto-cordoba-marisol-marquez-and-elias-jalife-latin-lawyer-insi?lang=en,es-MX:https://www.vonwobeser.com/news/luis-burgueno-alberto-cordoba-marisol-marquez-and-elias-jalife-latin-lawyer-insi | en:https://www.vonwobeser.com/news/luis-burgueno-alberto-cordoba-marisol-marquez-and-elias-jalife-latin-lawyer-insi?lang=en | x-default:https://www.vonwobeser.com/news/luis-burgueno-alberto-cordoba-marisol-marquez-and-elias-jalife-latin-lawyer-insi,,,true,true,http://localhost:5050/images/PDF_news/2021/14-_-Indemnity-Escrows-and--Other-Payment-Guarantees.pdf,,
216a9b59-d62e-49d1-83a3-e36064e6bee4,es,http://localhost:5050/news/adrian-magallanes-diego-sierra-chambers-global-practice-guides-litigation-2021,200,correcto,1,Adrián Magallanes y Diego Sierra: Chambers Global Practice Guides Litigation 2021,Adrián Magallanes y Diego Sierra: Chambers Global Practice Guides Litigation 2021 | Von Wobeser y Sierra,"Nuestros socios, Adrián Magallanes y Diego Sierra, ofrecen su perspectiva sobre los litigios en México en Chambers Global Practice Guides Litigation 2021.",https://www.vonwobeser.com/news/adrian-magallanes-diego-sierra-chambers-global-practice-guides-litigation-2021,es-MX:https://www.vonwobeser.com/news/adrian-magallanes-diego-sierra-chambers-global-practice-guides-litigation-2021 | en:https://www.vonwobeser.com/news/adrian-magallanes-diego-sierra-chambers-global-practice-guides-litigation-2021?lang=en | x-default:https://www.vonwobeser.com/news/adrian-magallanes-diego-sierra-chambers-global-practice-guides-litigation-2021,,,true,true,,,
216a9b59-d62e-49d1-83a3-e36064e6bee4,en,http://localhost:5050/news/adrian-magallanes-diego-sierra-chambers-global-practice-guides-litigation-2021?lang=en,200,correcto,1,Adrián Magallanes & Diego Sierra: Chambers Global Practice Guides Litigation 2021,Adrián Magallanes & Diego Sierra: Chambers Global Practice Guides Litigation 2021 | Von Wobeser y Sierra,"Our Partners, Adrián Magallanes and Diego Sierra offer their insights regarding litigation in Mexico in Chambers Global Practice Guides Litigation 2021.",https://www.vonwobeser.com/news/adrian-magallanes-diego-sierra-chambers-global-practice-guides-litigation-2021?lang=en,es-MX:https://www.vonwobeser.com/news/adrian-magallanes-diego-sierra-chambers-global-practice-guides-litigation-2021 | en:https://www.vonwobeser.com/news/adrian-magallanes-diego-sierra-chambers-global-practice-guides-litigation-2021?lang=en | x-default:https://www.vonwobeser.com/news/adrian-magallanes-diego-sierra-chambers-global-practice-guides-litigation-2021,,,true,true,http://localhost:5050/images/PDF_news/2021/035_MEXICO-LP.pdf,,
0445735b-768c-45a7-806f-2f8629073b7f,es,http://localhost:5050/news/adrian-magallanes-rodrigo-barradas-iba-the-times-ahead-for-private-investors-in-,200,correcto,1,Adrián Magallanes y Rodrigo Barradas: IBA - El futuro que se avecina para los inversionistas privados en el sector de energías renovables en México,Adrián Magallanes y Rodrigo Barradas: IBA - El futuro que se avecina para los inversionistas privados en el sector de energías renovables en México | Von Wobeser y Sierra,"Nuestro socio, Adrián Magallanes, y nuestro asociado, Rodrigo Barradas, ofrecen sus reflexiones en la IBA respecto de “La próxima ola de casos de ISDS que…",https://www.vonwobeser.com/news/adrian-magallanes-rodrigo-barradas-iba-the-times-ahead-for-private-investors-in-,es-MX:https://www.vonwobeser.com/news/adrian-magallanes-rodrigo-barradas-iba-the-times-ahead-for-private-investors-in- | en:https://www.vonwobeser.com/news/adrian-magallanes-rodrigo-barradas-iba-the-times-ahead-for-private-investors-in-?lang=en | x-default:https://www.vonwobeser.com/news/adrian-magallanes-rodrigo-barradas-iba-the-times-ahead-for-private-investors-in-,,,true,true,,,
0445735b-768c-45a7-806f-2f8629073b7f,en,http://localhost:5050/news/adrian-magallanes-rodrigo-barradas-iba-the-times-ahead-for-private-investors-in-?lang=en,200,correcto,1,Adrián Magallanes & Rodrigo Barradas: IBA - The times ahead for private investors in the renewable energy sector in Mexico,Adrián Magallanes & Rodrigo Barradas: IBA - The times ahead for private investors in the renewable energy sector in Mexico | Von Wobeser y Sierra,"Our Partner, Adrián Magallanes & our Associate, Rodrigo Barradas offer their insights in IBA regarding ""The next wave of ISDS cases could be ‘powered’ by…",https://www.vonwobeser.com/news/adrian-magallanes-rodrigo-barradas-iba-the-times-ahead-for-private-investors-in-?lang=en,es-MX:https://www.vonwobeser.com/news/adrian-magallanes-rodrigo-barradas-iba-the-times-ahead-for-private-investors-in- | en:https://www.vonwobeser.com/news/adrian-magallanes-rodrigo-barradas-iba-the-times-ahead-for-private-investors-in-?lang=en | x-default:https://www.vonwobeser.com/news/adrian-magallanes-rodrigo-barradas-iba-the-times-ahead-for-private-investors-in-,,,true,true,http://localhost:5050/images/PDF_news/2020_2/IBA---The-next-wave-of-ISDS-ca-ses-could-be-powered-by-recent-policy-changes-in-the-renewable-energy-sector-in-Mexico.pdf,,
a5764e3f-3a96-44ec-a047-912b406eaff6,es,http://localhost:5050/news/luis-burgueno-santiago-barraza-lexology-gtdt-private-equity-market-intelligence,200,correcto,1,Luis Burgueño y Santiago Barraza en Lexology GTDT: Capital Privado - Inteligencia de Mercado,Luis Burgueño y Santiago Barraza en Lexology GTDT: Capital Privado - Inteligencia de Mercado | Von Wobeser y Sierra,"Nuestro socio, Luis Burgueño, y nuestro asociado, Santiago Barraza, aportan sus contribuciones a Lexology GTDT: Market intelligence, abordando “las…",https://www.vonwobeser.com/news/luis-burgueno-santiago-barraza-lexology-gtdt-private-equity-market-intelligence,es-MX:https://www.vonwobeser.com/news/luis-burgueno-santiago-barraza-lexology-gtdt-private-equity-market-intelligence | en:https://www.vonwobeser.com/news/luis-burgueno-santiago-barraza-lexology-gtdt-private-equity-market-intelligence?lang=en | x-default:https://www.vonwobeser.com/news/luis-burgueno-santiago-barraza-lexology-gtdt-private-equity-market-intelligence,,,true,true,,,
a5764e3f-3a96-44ec-a047-912b406eaff6,en,http://localhost:5050/news/luis-burgueno-santiago-barraza-lexology-gtdt-private-equity-market-intelligence?lang=en,200,correcto,1,Luis Burgueño & Santiago Barraza Lexology GTDT: Private Equity - Market Intelligence,Luis Burgueño & Santiago Barraza Lexology GTDT: Private Equity - Market Intelligence | Von Wobeser y Sierra,"Our Partner, Luis Burgueño & our Associate, Santiago Barraza provide their contributions to Lexology GTDT: Market intelligence, discussing ""private equity…",https://www.vonwobeser.com/news/luis-burgueno-santiago-barraza-lexology-gtdt-private-equity-market-intelligence?lang=en,es-MX:https://www.vonwobeser.com/news/luis-burgueno-santiago-barraza-lexology-gtdt-private-equity-market-intelligence | en:https://www.vonwobeser.com/news/luis-burgueno-santiago-barraza-lexology-gtdt-private-equity-market-intelligence?lang=en | x-default:https://www.vonwobeser.com/news/luis-burgueno-santiago-barraza-lexology-gtdt-private-equity-market-intelligence,,,true,true,http://localhost:5050/images/PDF_news/2020_2/2020_MI-Private-Equity_Mexico.pdf,,
94cd5657-7795-4e1b-ba4f-d4a60ae26d84,es,http://localhost:5050/news/adrian-magallanes-diego-sierra-latin-lawyer-litigio-2020-mexico-reference,200,correcto,1,"Adrián Magallanes y Diego Sierra - Latin Lawyer: Litigio 2020, Referencia México","Adrián Magallanes y Diego Sierra - Latin Lawyer: Litigio 2020, Referencia México | Von Wobeser y Sierra",Nuestros socios Adrián Magallanes y Diego Sierra describen el panorama actual del Litigio en México.,https://www.vonwobeser.com/news/adrian-magallanes-diego-sierra-latin-lawyer-litigio-2020-mexico-reference,es-MX:https://www.vonwobeser.com/news/adrian-magallanes-diego-sierra-latin-lawyer-litigio-2020-mexico-reference | en:https://www.vonwobeser.com/news/adrian-magallanes-diego-sierra-latin-lawyer-litigio-2020-mexico-reference?lang=en | x-default:https://www.vonwobeser.com/news/adrian-magallanes-diego-sierra-latin-lawyer-litigio-2020-mexico-reference,,,true,true,,,
94cd5657-7795-4e1b-ba4f-d4a60ae26d84,en,http://localhost:5050/news/adrian-magallanes-diego-sierra-latin-lawyer-litigio-2020-mexico-reference?lang=en,200,correcto,1,"Adrián Magallanes & Diego Sierra - Latin Lawyer: Litigio 2020, Mexico Reference","Adrián Magallanes & Diego Sierra - Latin Lawyer: Litigio 2020, Mexico Reference | Von Wobeser y Sierra",Our Partners Adrián Magallanes and Diego Sierra outline the current scenario regarding Litigation in Mexico.,https://www.vonwobeser.com/news/adrian-magallanes-diego-sierra-latin-lawyer-litigio-2020-mexico-reference?lang=en,es-MX:https://www.vonwobeser.com/news/adrian-magallanes-diego-sierra-latin-lawyer-litigio-2020-mexico-reference | en:https://www.vonwobeser.com/news/adrian-magallanes-diego-sierra-latin-lawyer-litigio-2020-mexico-reference?lang=en | x-default:https://www.vonwobeser.com/news/adrian-magallanes-diego-sierra-latin-lawyer-litigio-2020-mexico-reference,,,true,true,http://localhost:5050/images/PDF_news/2020_2/LL_Litigation-2021_MX.pdf,,
0eeb4c3d-74d4-4182-b65f-ea51e595bfe2,es,http://localhost:5050/news/international-bar-association-mexico-s-insolvency-response-to-covid-19,200,correcto,1,"International Bar Association, la respuesta de México en materia de insolvencia frente al Covid-19","International Bar Association, la respuesta de México en materia de insolvencia frente al Covid-19 | Von Wobeser y Sierra","Nuestro Socio, Diego Sierra, y nuestro Asociado, Alejandro González, comparten su análisis sobre una ola de insolvencias que podría golpear a México como…",https://www.vonwobeser.com/news/international-bar-association-mexico-s-insolvency-response-to-covid-19,es-MX:https://www.vonwobeser.com/news/international-bar-association-mexico-s-insolvency-response-to-covid-19 | en:https://www.vonwobeser.com/news/international-bar-association-mexico-s-insolvency-response-to-covid-19?lang=en | x-default:https://www.vonwobeser.com/news/international-bar-association-mexico-s-insolvency-response-to-covid-19,,,true,true,,,
0eeb4c3d-74d4-4182-b65f-ea51e595bfe2,en,http://localhost:5050/news/international-bar-association-mexico-s-insolvency-response-to-covid-19?lang=en,200,correcto,1,"International Bar Association, Mexico´s insolvency response to Covid-19","International Bar Association, Mexico´s insolvency response to Covid-19 | Von Wobeser y Sierra","Our Partner, Diego Sierra and our Associate, Alejandro González give their insights about a wave of bankruptcies that could hit Mexico as a by-product of the…",https://www.vonwobeser.com/news/international-bar-association-mexico-s-insolvency-response-to-covid-19?lang=en,es-MX:https://www.vonwobeser.com/news/international-bar-association-mexico-s-insolvency-response-to-covid-19 | en:https://www.vonwobeser.com/news/international-bar-association-mexico-s-insolvency-response-to-covid-19?lang=en | x-default:https://www.vonwobeser.com/news/international-bar-association-mexico-s-insolvency-response-to-covid-19,,,true,true,http://localhost:5050/images/PDF_news/2020_2/IRInov2020edit.pdf,,
8ec86459-1caf-4f4e-a985-7150a60521c9,es,http://localhost:5050/news/gar-know-how-commercial-arbitration-2020-2,200,correcto,1,GAR Know How - Arbitraje Comercial 2020,GAR Know How - Arbitraje Comercial 2020 | Von Wobeser y Sierra,"Nuestros Socios, Claus von Wobeser y Montserrat Manzano, comparten su análisis contribuyendo a GAR Know How – Arbitraje de Tratados de Inversión.",https://www.vonwobeser.com/news/gar-know-how-commercial-arbitration-2020-2,es-MX:https://www.vonwobeser.com/news/gar-know-how-commercial-arbitration-2020-2 | en:https://www.vonwobeser.com/news/gar-know-how-commercial-arbitration-2020-2?lang=en | x-default:https://www.vonwobeser.com/news/gar-know-how-commercial-arbitration-2020-2,,,true,true,,,
8ec86459-1caf-4f4e-a985-7150a60521c9,en,http://localhost:5050/news/gar-know-how-commercial-arbitration-2020-2?lang=en,200,correcto,1,GAR Know How - Commercial Arbitration 2020,GAR Know How - Commercial Arbitration 2020 | Von Wobeser y Sierra,"Our Partners, Claus von Wobeser & Montserrat Manzano, offer their insight contributing to GAR Know How – Investment Treaty Arbitration.",https://www.vonwobeser.com/news/gar-know-how-commercial-arbitration-2020-2?lang=en,es-MX:https://www.vonwobeser.com/news/gar-know-how-commercial-arbitration-2020-2 | en:https://www.vonwobeser.com/news/gar-know-how-commercial-arbitration-2020-2?lang=en | x-default:https://www.vonwobeser.com/news/gar-know-how-commercial-arbitration-2020-2,,,true,true,http://localhost:5050/images/PDF_news/2020_2/ITA-2020---Mexico.pdf,,
dd04c59c-2837-43b3-b8f9-29e98b6bd068,es,http://localhost:5050/news/gar-know-how-commercial-arbitration-2020,200,correcto,1,GAR Know How Commercial Arbitration 2020,GAR Know How Commercial Arbitration 2020 | Von Wobeser y Sierra,"Nuestros Socios, Claus von Wobeser, Adrián Magallanes y Montserrat Manzano, comparten su análisis en el Global Arbitration Review, ofreciendo una amplia visión…",https://www.vonwobeser.com/news/gar-know-how-commercial-arbitration-2020,es-MX:https://www.vonwobeser.com/news/gar-know-how-commercial-arbitration-2020 | en:https://www.vonwobeser.com/news/gar-know-how-commercial-arbitration-2020?lang=en | x-default:https://www.vonwobeser.com/news/gar-know-how-commercial-arbitration-2020,,,true,true,,,
dd04c59c-2837-43b3-b8f9-29e98b6bd068,en,http://localhost:5050/news/gar-know-how-commercial-arbitration-2020?lang=en,200,correcto,1,GAR Know How Commercial Arbitration 2020,GAR Know How Commercial Arbitration 2020 | Von Wobeser y Sierra,"Our Partners, Claus von Wobeser, Adrián Magallanes & Montserrat Manzano, give their insight in the Global Arbitration Review, offering a broad view on…",https://www.vonwobeser.com/news/gar-know-how-commercial-arbitration-2020?lang=en,es-MX:https://www.vonwobeser.com/news/gar-know-how-commercial-arbitration-2020 | en:https://www.vonwobeser.com/news/gar-know-how-commercial-arbitration-2020?lang=en | x-default:https://www.vonwobeser.com/news/gar-know-how-commercial-arbitration-2020,,,true,true,http://localhost:5050/images/PDF_news/2020_2/GAR_Commercial-Arbitration_2020_MX.pdf,,
cc953777-ad79-4baf-828a-e4d0b840a928,es,http://localhost:5050/news/latin-lawyer-insights-the-guide-to-corporate-compliance-how-to-conduct-internal-,200,correcto,1,"Latin Lawyer Insights, The Guide to Corporate Compliance, Cómo llevar a cabo investigaciones internas de presuntas conductas indebidas","Latin Lawyer Insights, The Guide to Corporate Compliance, Cómo llevar a cabo investigaciones internas de presuntas conductas indebidas | Von Wobeser y Sierra","Nuestros socios, Adrián Magallanes y Diego Sierra, contribuyeron al Capítulo 8, The Guide to Corporate Compliance: How to Conduct Internal Investigations of…",https://www.vonwobeser.com/news/latin-lawyer-insights-the-guide-to-corporate-compliance-how-to-conduct-internal-,es-MX:https://www.vonwobeser.com/news/latin-lawyer-insights-the-guide-to-corporate-compliance-how-to-conduct-internal- | en:https://www.vonwobeser.com/news/latin-lawyer-insights-the-guide-to-corporate-compliance-how-to-conduct-internal-?lang=en | x-default:https://www.vonwobeser.com/news/latin-lawyer-insights-the-guide-to-corporate-compliance-how-to-conduct-internal-,,,true,true,,,
cc953777-ad79-4baf-828a-e4d0b840a928,en,http://localhost:5050/news/latin-lawyer-insights-the-guide-to-corporate-compliance-how-to-conduct-internal-?lang=en,200,correcto,1,"Latin Lawyer Insights, The Guide to Corporate Compliance, How to Conduct Internal Investigations of Alleged Wrongdoing","Latin Lawyer Insights, The Guide to Corporate Compliance, How to Conduct Internal Investigations of Alleged Wrongdoing | Von Wobeser y Sierra","Our Partners, Adrián Magallanes and Diego Sierra contributed to Chapter 8, The Guide to Corporate Compliance: How to Conduct Internal Investigations of Alleged…",https://www.vonwobeser.com/news/latin-lawyer-insights-the-guide-to-corporate-compliance-how-to-conduct-internal-?lang=en,es-MX:https://www.vonwobeser.com/news/latin-lawyer-insights-the-guide-to-corporate-compliance-how-to-conduct-internal- | en:https://www.vonwobeser.com/news/latin-lawyer-insights-the-guide-to-corporate-compliance-how-to-conduct-internal-?lang=en | x-default:https://www.vonwobeser.com/news/latin-lawyer-insights-the-guide-to-corporate-compliance-how-to-conduct-internal-,,,true,true,http://localhost:5050/images/PDF/2020/8-How-to-Conduct-Internal-Investigations_v2020.pdf,,
f81286f4-9f42-45e9-88e0-b4bf0eb0fe36,es,http://localhost:5050/news/legal-consequences-for-the-mexican-energy-sector-due-to-covid-19,200,correcto,1,Consecuencias jurídicas para el sector energético mexicano derivadas del COVID-19,Consecuencias jurídicas para el sector energético mexicano derivadas del COVID-19 | Von Wobeser y Sierra,"Nuestro Socio Principal de la Práctica de Energía, Edmond Grieger, contribuyó a la Edición Especial de la American Bar Association, Impacto Legal del COVID-19…",https://www.vonwobeser.com/news/legal-consequences-for-the-mexican-energy-sector-due-to-covid-19,es-MX:https://www.vonwobeser.com/news/legal-consequences-for-the-mexican-energy-sector-due-to-covid-19 | en:https://www.vonwobeser.com/news/legal-consequences-for-the-mexican-energy-sector-due-to-covid-19?lang=en | x-default:https://www.vonwobeser.com/news/legal-consequences-for-the-mexican-energy-sector-due-to-covid-19,,,true,true,,,
f81286f4-9f42-45e9-88e0-b4bf0eb0fe36,en,http://localhost:5050/news/legal-consequences-for-the-mexican-energy-sector-due-to-covid-19?lang=en,200,correcto,1,Legal Consequences For The Mexican Energy Sector Due To COVID-19,Legal Consequences For The Mexican Energy Sector Due To COVID-19 | Von Wobeser y Sierra,"Our Head Partner of our Energy Practice, Edmond Grieger contributed to the American Bar Association's Special Edition, Legal Impact of COVID-19 in Mexico with…",https://www.vonwobeser.com/news/legal-consequences-for-the-mexican-energy-sector-due-to-covid-19?lang=en,es-MX:https://www.vonwobeser.com/news/legal-consequences-for-the-mexican-energy-sector-due-to-covid-19 | en:https://www.vonwobeser.com/news/legal-consequences-for-the-mexican-energy-sector-due-to-covid-19?lang=en | x-default:https://www.vonwobeser.com/news/legal-consequences-for-the-mexican-energy-sector-due-to-covid-19,,,true,true,http://localhost:5050/images/PDF/2020/202005_ABA_Issue57vf_EG.pdf,,
6fad7dce-a5db-4899-87a8-edc61b2deb33,es,http://localhost:5050/news/gar-investment-treaty-arbitration-mexico,200,correcto,1,GAR Investment Treaty Arbitration - Mexico,GAR Investment Treaty Arbitration - Mexico | Von Wobeser y Sierra,"Nuestros Socios, Claus von Wobeser y Montserrat Manzano, comparten su opinión sobre el arbitraje en materia de tratados de inversión en GAR Investment Treaty…",https://www.vonwobeser.com/news/gar-investment-treaty-arbitration-mexico,es-MX:https://www.vonwobeser.com/news/gar-investment-treaty-arbitration-mexico | en:https://www.vonwobeser.com/news/gar-investment-treaty-arbitration-mexico?lang=en | x-default:https://www.vonwobeser.com/news/gar-investment-treaty-arbitration-mexico,,,true,true,,,
6fad7dce-a5db-4899-87a8-edc61b2deb33,en,http://localhost:5050/news/gar-investment-treaty-arbitration-mexico?lang=en,200,correcto,1,GAR Investment Treaty Arbitration - Mexico,GAR Investment Treaty Arbitration - Mexico | Von Wobeser y Sierra,"Our Partners, Claus von Wobeser & Montserrat Manzano, give their insight on Investment Treaty Arbitration in GAR Investment Treaty Arbitration - Mexico.",https://www.vonwobeser.com/news/gar-investment-treaty-arbitration-mexico?lang=en,es-MX:https://www.vonwobeser.com/news/gar-investment-treaty-arbitration-mexico | en:https://www.vonwobeser.com/news/gar-investment-treaty-arbitration-mexico?lang=en | x-default:https://www.vonwobeser.com/news/gar-investment-treaty-arbitration-mexico,,,true,true,http://localhost:5050/images/PDF_news/PDF_articles/2020/ITA---Mexico.pdf,,
9f60f1cc-bb1c-41cb-b75a-80c23ac3e11a,es,http://localhost:5050/news/the-practitioner-s-guide-to-global-investigations,200,correcto,1,The Practitioner's Guide to Global Investigations,The Practitioner's Guide to Global Investigations | Von Wobeser y Sierra,"Nuestro Socio, Diego Sierra, comparte su opinión respecto de México y los esfuerzos anticorrupción en Global Investigations Review: The Practitioner's Guide to…",https://www.vonwobeser.com/news/the-practitioner-s-guide-to-global-investigations,es-MX:https://www.vonwobeser.com/news/the-practitioner-s-guide-to-global-investigations | en:https://www.vonwobeser.com/news/the-practitioner-s-guide-to-global-investigations?lang=en | x-default:https://www.vonwobeser.com/news/the-practitioner-s-guide-to-global-investigations,,,true,true,,,
9f60f1cc-bb1c-41cb-b75a-80c23ac3e11a,en,http://localhost:5050/news/the-practitioner-s-guide-to-global-investigations?lang=en,200,correcto,1,The Practitioner's Guide to Global Investigations,The Practitioner's Guide to Global Investigations | Von Wobeser y Sierra,"Our Partner, Diego Sierra gives his insight in regards to Mexico and anticorruption efforts in Global Investigations Review: The Practitioner's Guide to Global…",https://www.vonwobeser.com/news/the-practitioner-s-guide-to-global-investigations?lang=en,es-MX:https://www.vonwobeser.com/news/the-practitioner-s-guide-to-global-investigations | en:https://www.vonwobeser.com/news/the-practitioner-s-guide-to-global-investigations?lang=en | x-default:https://www.vonwobeser.com/news/the-practitioner-s-guide-to-global-investigations,,,true,true,http://localhost:5050/images/PDF_news/2020/Mexico-1.pdf,,
8a37476e-bcac-4994-a9d3-62538a40757c,es,http://localhost:5050/news/pablo-jimenez-gregorio-lascano-latin-lawyer-never-let-a-good-crisis-go-to-waste-,200,correcto,1,"Pablo Jiménez, Gregorio Lascano – Latin Lawyer -Nunca dejes que una buena crisis se desperdicie: El papel de la cultura, la percepción y el sentido común en la gestión de crisis, 2019","Pablo Jiménez, Gregorio Lascano – Latin Lawyer -Nunca dejes que una buena crisis se desperdicie: El papel de la cultura, la percepción y el sentido común en la gestión de crisis, 2019 | Von Wobeser y Sierra","Nuestro socio Pablo Jiménez reflexiona sobre la oportunidad que se abre en medio de las crisis y la influencia de la cultura organizacional, la percepción y el…",https://www.vonwobeser.com/news/pablo-jimenez-gregorio-lascano-latin-lawyer-never-let-a-good-crisis-go-to-waste-,es-MX:https://www.vonwobeser.com/news/pablo-jimenez-gregorio-lascano-latin-lawyer-never-let-a-good-crisis-go-to-waste- | en:https://www.vonwobeser.com/news/pablo-jimenez-gregorio-lascano-latin-lawyer-never-let-a-good-crisis-go-to-waste-?lang=en | x-default:https://www.vonwobeser.com/news/pablo-jimenez-gregorio-lascano-latin-lawyer-never-let-a-good-crisis-go-to-waste-,,,true,true,,,
8a37476e-bcac-4994-a9d3-62538a40757c,en,http://localhost:5050/news/pablo-jimenez-gregorio-lascano-latin-lawyer-never-let-a-good-crisis-go-to-waste-?lang=en,200,correcto,1,"Pablo Jiménez, Gregorio Lascano – Latin Lawyer -Never Let a Good Crisis Go to Waste: The Role of Culture, Perception and Common Sense in Crisis Management, 2019","Pablo Jiménez, Gregorio Lascano – Latin Lawyer -Never Let a Good Crisis Go to Waste: The Role of Culture, Perception and Common Sense in Crisis Management, 2019 | Von Wobeser y Sierra","Our partner Pablo Jiménez reflects on the opportunity that opens up in the midst of crises and the influence of organizational culture, perception and common…",https://www.vonwobeser.com/news/pablo-jimenez-gregorio-lascano-latin-lawyer-never-let-a-good-crisis-go-to-waste-?lang=en,es-MX:https://www.vonwobeser.com/news/pablo-jimenez-gregorio-lascano-latin-lawyer-never-let-a-good-crisis-go-to-waste- | en:https://www.vonwobeser.com/news/pablo-jimenez-gregorio-lascano-latin-lawyer-never-let-a-good-crisis-go-to-waste-?lang=en | x-default:https://www.vonwobeser.com/news/pablo-jimenez-gregorio-lascano-latin-lawyer-never-let-a-good-crisis-go-to-waste-,,,true,true,http://localhost:5050/images/PDF_news/PDF_articles/2021/5-Latin-Lawyer.pdf,,
5b637e42-f93c-46c7-ac1c-7ea5636f3af2,es,http://localhost:5050/news/diego-sierra-global-restructuring-review-the-restructuring-review-of-the-america,200,correcto,1,Diego Sierra- Global Restructuring Review- The Restructuring Review of the Americas 2019: Capítulo México,Diego Sierra- Global Restructuring Review- The Restructuring Review of the Americas 2019: Capítulo México | Von Wobeser y Sierra,Nuestro socio Diego Sierra describe el escenario actual y las últimas tendencias en materia de concursos mercantiles y reestructuraciones en México.,https://www.vonwobeser.com/news/diego-sierra-global-restructuring-review-the-restructuring-review-of-the-america,es-MX:https://www.vonwobeser.com/news/diego-sierra-global-restructuring-review-the-restructuring-review-of-the-america | en:https://www.vonwobeser.com/news/diego-sierra-global-restructuring-review-the-restructuring-review-of-the-america?lang=en | x-default:https://www.vonwobeser.com/news/diego-sierra-global-restructuring-review-the-restructuring-review-of-the-america,,,true,true,,,
5b637e42-f93c-46c7-ac1c-7ea5636f3af2,en,http://localhost:5050/news/diego-sierra-global-restructuring-review-the-restructuring-review-of-the-america?lang=en,200,correcto,1,Diego Sierra- Global Restructuring Review- The Restructuring Review of the Americas 2019: Mexico Chapter,Diego Sierra- Global Restructuring Review- The Restructuring Review of the Americas 2019: Mexico Chapter | Von Wobeser y Sierra,Our Partner Diego Sierra describes the current scenario and latest trends of bankruptcy and restructuring in Mexico.,https://www.vonwobeser.com/news/diego-sierra-global-restructuring-review-the-restructuring-review-of-the-america?lang=en,es-MX:https://www.vonwobeser.com/news/diego-sierra-global-restructuring-review-the-restructuring-review-of-the-america | en:https://www.vonwobeser.com/news/diego-sierra-global-restructuring-review-the-restructuring-review-of-the-america?lang=en | x-default:https://www.vonwobeser.com/news/diego-sierra-global-restructuring-review-the-restructuring-review-of-the-america,,,true,true,http://localhost:5050/images/PDF_news/PDF_articles/2018/The-Restructuring-Review-of-the-Americas--Mexico-2019.pdf,,
59b493a6-031d-404f-84f5-09a38eddf2de,es,http://localhost:5050/news/luis-burgueno-getting-the-deal-through-private-equity-market-intelligence-mexico,200,correcto,1,Luis Burgueño - Getting the Deal Through- Private Equity: Market Intelligence- Capítulo sobre México 2018,Luis Burgueño - Getting the Deal Through- Private Equity: Market Intelligence- Capítulo sobre México 2018 | Von Wobeser y Sierra,"Nuestros socios Luis Burgueño y Andrés Nieto ofrecen una visión panorámica de la forma en que se han realizado las inversiones en México recientemente, el…",https://www.vonwobeser.com/news/luis-burgueno-getting-the-deal-through-private-equity-market-intelligence-mexico,es-MX:https://www.vonwobeser.com/news/luis-burgueno-getting-the-deal-through-private-equity-market-intelligence-mexico | en:https://www.vonwobeser.com/news/luis-burgueno-getting-the-deal-through-private-equity-market-intelligence-mexico?lang=en | x-default:https://www.vonwobeser.com/news/luis-burgueno-getting-the-deal-through-private-equity-market-intelligence-mexico,,,true,true,,,
59b493a6-031d-404f-84f5-09a38eddf2de,en,http://localhost:5050/news/luis-burgueno-getting-the-deal-through-private-equity-market-intelligence-mexico?lang=en,200,correcto,1,Luis Burgueño - Getting the Deal Through- Private Equity: Market Intelligence- Mexico Chapter 2018,Luis Burgueño - Getting the Deal Through- Private Equity: Market Intelligence- Mexico Chapter 2018 | Von Wobeser y Sierra,"Our Partners Luis Burgueño & Andrés Nieto offer a panoramic view of the way investments have been carried out in Mexico recently, the legal framework, its…",https://www.vonwobeser.com/news/luis-burgueno-getting-the-deal-through-private-equity-market-intelligence-mexico?lang=en,es-MX:https://www.vonwobeser.com/news/luis-burgueno-getting-the-deal-through-private-equity-market-intelligence-mexico | en:https://www.vonwobeser.com/news/luis-burgueno-getting-the-deal-through-private-equity-market-intelligence-mexico?lang=en | x-default:https://www.vonwobeser.com/news/luis-burgueno-getting-the-deal-through-private-equity-market-intelligence-mexico,,,true,true,http://localhost:5050/images/PDF_news/PDF_articles/2018/Mexico-GTDT-Market-Intelligence--Private-Equity-2018.pdf,,
28f47dd6-1536-4f7d-ae48-80f4bf084f0c,es,http://localhost:5050/news/adrian-magallanes-diego-sierra-latin-lawyer-litigation-2019-mexico-reference,200,correcto,1,"Adrián Magallanes, Diego Sierra- Latin Lawyer: Litigation 2019, Referencia de México","Adrián Magallanes, Diego Sierra- Latin Lawyer: Litigation 2019, Referencia de México | Von Wobeser y Sierra",Nuestros socios Adrián Magallanes y Diego Sierra describen el escenario actual en materia de litigio en México.,https://www.vonwobeser.com/news/adrian-magallanes-diego-sierra-latin-lawyer-litigation-2019-mexico-reference,es-MX:https://www.vonwobeser.com/news/adrian-magallanes-diego-sierra-latin-lawyer-litigation-2019-mexico-reference | en:https://www.vonwobeser.com/news/adrian-magallanes-diego-sierra-latin-lawyer-litigation-2019-mexico-reference?lang=en | x-default:https://www.vonwobeser.com/news/adrian-magallanes-diego-sierra-latin-lawyer-litigation-2019-mexico-reference,,,true,true,,,
28f47dd6-1536-4f7d-ae48-80f4bf084f0c,en,http://localhost:5050/news/adrian-magallanes-diego-sierra-latin-lawyer-litigation-2019-mexico-reference?lang=en,200,correcto,1,"Adrián Magallanes, Diego Sierra- Latin Lawyer: Litigation 2019, Mexico Reference","Adrián Magallanes, Diego Sierra- Latin Lawyer: Litigation 2019, Mexico Reference | Von Wobeser y Sierra",Our Partners Adrián Magallanes and Diego Sierra outline the current scenario regarding Litigation in Mexico.,https://www.vonwobeser.com/news/adrian-magallanes-diego-sierra-latin-lawyer-litigation-2019-mexico-reference?lang=en,es-MX:https://www.vonwobeser.com/news/adrian-magallanes-diego-sierra-latin-lawyer-litigation-2019-mexico-reference | en:https://www.vonwobeser.com/news/adrian-magallanes-diego-sierra-latin-lawyer-litigation-2019-mexico-reference?lang=en | x-default:https://www.vonwobeser.com/news/adrian-magallanes-diego-sierra-latin-lawyer-litigation-2019-mexico-reference,,,true,true,http://localhost:5050/images/PDF_news/PDF_articles/2018/LL_Litigation-2019_MX.pdf,,
c724a4cc-df79-414e-be7e-3f5d50874f78,es,http://localhost:5050/news/fernando-carreno-vlex-legal-juridico-y-fiscal-compliance-economic-competition-in,200,correcto,1,Fernando Carreño- Vlex Legal Jurídico y Fiscal: Compliance- La competencia económica en el programa de Compliance,Fernando Carreño- Vlex Legal Jurídico y Fiscal: Compliance- La competencia económica en el programa de Compliance | Von Wobeser y Sierra,Nuestro socio Fernando Carreño explica la relevancia de que las empresas conozcan y adopten medidas específicas para cumplir con las regulaciones en materia de…,https://www.vonwobeser.com/news/fernando-carreno-vlex-legal-juridico-y-fiscal-compliance-economic-competition-in,es-MX:https://www.vonwobeser.com/news/fernando-carreno-vlex-legal-juridico-y-fiscal-compliance-economic-competition-in | en:https://www.vonwobeser.com/news/fernando-carreno-vlex-legal-juridico-y-fiscal-compliance-economic-competition-in?lang=en | x-default:https://www.vonwobeser.com/news/fernando-carreno-vlex-legal-juridico-y-fiscal-compliance-economic-competition-in,,,true,true,,,
c724a4cc-df79-414e-be7e-3f5d50874f78,en,http://localhost:5050/news/fernando-carreno-vlex-legal-juridico-y-fiscal-compliance-economic-competition-in?lang=en,200,correcto,1,Fernando Carreño- Vlex Legal Jurídico y Fiscal: Compliance- Economic Competition in the Compliance Programme,Fernando Carreño- Vlex Legal Jurídico y Fiscal: Compliance- Economic Competition in the Compliance Programme | Von Wobeser y Sierra,Our Partner Fernando Carreño explains the relevance for companies to know and take specific measures in order to comply with the regulations in economic…,https://www.vonwobeser.com/news/fernando-carreno-vlex-legal-juridico-y-fiscal-compliance-economic-competition-in?lang=en,es-MX:https://www.vonwobeser.com/news/fernando-carreno-vlex-legal-juridico-y-fiscal-compliance-economic-competition-in | en:https://www.vonwobeser.com/news/fernando-carreno-vlex-legal-juridico-y-fiscal-compliance-economic-competition-in?lang=en | x-default:https://www.vonwobeser.com/news/fernando-carreno-vlex-legal-juridico-y-fiscal-compliance-economic-competition-in,,,true,true,http://localhost:5050/images/PDF_news/PDF_articles/2018/La-Competencia-Econmica-en-el-programa-de-Compliance-FC.pdf,,
5713bb35-7873-4829-9111-dcb5d209db58,es,http://localhost:5050/news/diego-sierra-pablo-fautsch-getting-the-deal-through-legal-privilege-professional,200,correcto,1,Diego Sierra & Pablo Fautsch- Getting the Deal Through- Legal Privilege & Professional Secrecy 2018: Capítulo sobre México,Diego Sierra & Pablo Fautsch- Getting the Deal Through- Legal Privilege & Professional Secrecy 2018: Capítulo sobre México | Von Wobeser y Sierra,Nuestro socio Diego Sierra y nuestro asociado Pablo Fautsch esbozan el escenario normativo actual en México en materia de privilegio legal y secreto…,https://www.vonwobeser.com/news/diego-sierra-pablo-fautsch-getting-the-deal-through-legal-privilege-professional,es-MX:https://www.vonwobeser.com/news/diego-sierra-pablo-fautsch-getting-the-deal-through-legal-privilege-professional | en:https://www.vonwobeser.com/news/diego-sierra-pablo-fautsch-getting-the-deal-through-legal-privilege-professional?lang=en | x-default:https://www.vonwobeser.com/news/diego-sierra-pablo-fautsch-getting-the-deal-through-legal-privilege-professional,,,true,true,,,
5713bb35-7873-4829-9111-dcb5d209db58,en,http://localhost:5050/news/diego-sierra-pablo-fautsch-getting-the-deal-through-legal-privilege-professional?lang=en,200,correcto,1,Diego Sierra & Pablo Fautsch- Getting the Deal Through- Legal Privilege & Professional Secrecy 2018: Mexico Chapter,Diego Sierra & Pablo Fautsch- Getting the Deal Through- Legal Privilege & Professional Secrecy 2018: Mexico Chapter | Von Wobeser y Sierra,Our Partner Diego Sierra and our Associate Pablo Fautsch outline the current normative scenario in Mexico regarding legal privilege and professional secrecy.,https://www.vonwobeser.com/news/diego-sierra-pablo-fautsch-getting-the-deal-through-legal-privilege-professional?lang=en,es-MX:https://www.vonwobeser.com/news/diego-sierra-pablo-fautsch-getting-the-deal-through-legal-privilege-professional | en:https://www.vonwobeser.com/news/diego-sierra-pablo-fautsch-getting-the-deal-through-legal-privilege-professional?lang=en | x-default:https://www.vonwobeser.com/news/diego-sierra-pablo-fautsch-getting-the-deal-through-legal-privilege-professional,,,true,true,http://localhost:5050/images/PDF_news/PDF_articles/2018/LPS2018Mexico.pdf,,
29beecc3-7190-4f93-87f7-709c062826ee,es,http://localhost:5050/news/silverio-sandate-globe-law-and-business-educational-institutions-mexico-chapter,200,correcto,1,Silverio Sandate- Globe Law and Business- Instituciones Educativas: Capítulo de México,Silverio Sandate- Globe Law and Business- Instituciones Educativas: Capítulo de México | Von Wobeser y Sierra,Nuestro asociado Silverio Sandate describe el escenario legal que permea la prestación de servicios educativos en México.,https://www.vonwobeser.com/news/silverio-sandate-globe-law-and-business-educational-institutions-mexico-chapter,es-MX:https://www.vonwobeser.com/news/silverio-sandate-globe-law-and-business-educational-institutions-mexico-chapter | en:https://www.vonwobeser.com/news/silverio-sandate-globe-law-and-business-educational-institutions-mexico-chapter?lang=en | x-default:https://www.vonwobeser.com/news/silverio-sandate-globe-law-and-business-educational-institutions-mexico-chapter,,,true,true,,,
29beecc3-7190-4f93-87f7-709c062826ee,en,http://localhost:5050/news/silverio-sandate-globe-law-and-business-educational-institutions-mexico-chapter?lang=en,200,correcto,1,Silverio Sandate- Globe Law and Business- Educational Institutions: Mexico Chapter,Silverio Sandate- Globe Law and Business- Educational Institutions: Mexico Chapter | Von Wobeser y Sierra,Our Associate Silverio Sandate describes the legal scenario that permeates the provision of educational services in Mexico.,https://www.vonwobeser.com/news/silverio-sandate-globe-law-and-business-educational-institutions-mexico-chapter?lang=en,es-MX:https://www.vonwobeser.com/news/silverio-sandate-globe-law-and-business-educational-institutions-mexico-chapter | en:https://www.vonwobeser.com/news/silverio-sandate-globe-law-and-business-educational-institutions-mexico-chapter?lang=en | x-default:https://www.vonwobeser.com/news/silverio-sandate-globe-law-and-business-educational-institutions-mexico-chapter,,,true,true,http://localhost:5050/images/PDF_news/PDF_articles/2018/Educational-Institutions-Mexico-Chapter--Silverio-Sandate.pdf,,
395efad4-99b9-4f04-aea7-4a6888f246f3,es,http://localhost:5050/news/andres-nieto-the-private-equity-review-7th-edition-investing-mexico-chapter,200,correcto,1,Andrés Nieto- The Private Equity Review 7th Edition- Invirtiendo: Capítulo de México,Andrés Nieto- The Private Equity Review 7th Edition- Invirtiendo: Capítulo de México | Von Wobeser y Sierra,Nuestro socio Andrés Nieto analiza la manera en que el capital privado impacta la competitividad del mercado mexicano.,https://www.vonwobeser.com/news/andres-nieto-the-private-equity-review-7th-edition-investing-mexico-chapter,es-MX:https://www.vonwobeser.com/news/andres-nieto-the-private-equity-review-7th-edition-investing-mexico-chapter | en:https://www.vonwobeser.com/news/andres-nieto-the-private-equity-review-7th-edition-investing-mexico-chapter?lang=en | x-default:https://www.vonwobeser.com/news/andres-nieto-the-private-equity-review-7th-edition-investing-mexico-chapter,,,true,true,,,
395efad4-99b9-4f04-aea7-4a6888f246f3,en,http://localhost:5050/news/andres-nieto-the-private-equity-review-7th-edition-investing-mexico-chapter?lang=en,200,correcto,1,Andrés Nieto- The Private Equity Review 7th Edition- Investing: Mexico Chapter,Andrés Nieto- The Private Equity Review 7th Edition- Investing: Mexico Chapter | Von Wobeser y Sierra,Our Partner Andrés Nieto analyzes the way private equity impacts the competitiveness of the Mexican market.,https://www.vonwobeser.com/news/andres-nieto-the-private-equity-review-7th-edition-investing-mexico-chapter?lang=en,es-MX:https://www.vonwobeser.com/news/andres-nieto-the-private-equity-review-7th-edition-investing-mexico-chapter | en:https://www.vonwobeser.com/news/andres-nieto-the-private-equity-review-7th-edition-investing-mexico-chapter?lang=en | x-default:https://www.vonwobeser.com/news/andres-nieto-the-private-equity-review-7th-edition-investing-mexico-chapter,,,true,true,http://localhost:5050/images/PDF_news/PDF_articles/2018/The-Private-Equity-Review-Mexico-Chapter--Investing.pdf,,
ecd41fae-2b44-4790-908a-a2e16e3bc722,es,http://localhost:5050/news/diego-sierra-katarina-lundahl-pablo-fautsch-anti-corruption-trends-and-developme,200,correcto,1,"Diego Sierra, Katarina Lundahl, Pablo Fautsch- Tendencias y Desarrollos en Materia Anticorrupción: Capítulo de México","Diego Sierra, Katarina Lundahl, Pablo Fautsch- Tendencias y Desarrollos en Materia Anticorrupción: Capítulo de México | Von Wobeser y Sierra",Nuestro socio Diego Sierra y su equipo describen los retos y estrategias más recientes en materia de anticorrupción en México.,https://www.vonwobeser.com/news/diego-sierra-katarina-lundahl-pablo-fautsch-anti-corruption-trends-and-developme,es-MX:https://www.vonwobeser.com/news/diego-sierra-katarina-lundahl-pablo-fautsch-anti-corruption-trends-and-developme | en:https://www.vonwobeser.com/news/diego-sierra-katarina-lundahl-pablo-fautsch-anti-corruption-trends-and-developme?lang=en | x-default:https://www.vonwobeser.com/news/diego-sierra-katarina-lundahl-pablo-fautsch-anti-corruption-trends-and-developme,,,true,true,,,
ecd41fae-2b44-4790-908a-a2e16e3bc722,en,http://localhost:5050/news/diego-sierra-katarina-lundahl-pablo-fautsch-anti-corruption-trends-and-developme?lang=en,200,correcto,1,"Diego Sierra, Katarina Lundahl, Pablo Fautsch- Anti- Corruption Trends and Developments: Mexico Chapter","Diego Sierra, Katarina Lundahl, Pablo Fautsch- Anti- Corruption Trends and Developments: Mexico Chapter | Von Wobeser y Sierra",Our Partner Diego Sierra and his team outline the most recent challenges and strategies regarding anti-corruption in Mexico.,https://www.vonwobeser.com/news/diego-sierra-katarina-lundahl-pablo-fautsch-anti-corruption-trends-and-developme?lang=en,es-MX:https://www.vonwobeser.com/news/diego-sierra-katarina-lundahl-pablo-fautsch-anti-corruption-trends-and-developme | en:https://www.vonwobeser.com/news/diego-sierra-katarina-lundahl-pablo-fautsch-anti-corruption-trends-and-developme?lang=en | x-default:https://www.vonwobeser.com/news/diego-sierra-katarina-lundahl-pablo-fautsch-anti-corruption-trends-and-developme,,,true,true,http://localhost:5050/images/PDF_news/PDF_articles/2018/017_MEXICO-TD.pdf,,
74a116e1-fed5-4462-8d42-2e19f83df7e3,es,http://localhost:5050/news/adrian-magallanes-getting-the-deal-through-class-actions-2018-mexico-chapter,200,correcto,1,Adrián Magallanes- Getting the Deal Through- Class Actions 2018: Capítulo sobre México,Adrián Magallanes- Getting the Deal Through- Class Actions 2018: Capítulo sobre México | Von Wobeser y Sierra,Nuestro socio Adrián Magallanes esboza el escenario actual en materia de acciones colectivas en México.,https://www.vonwobeser.com/news/adrian-magallanes-getting-the-deal-through-class-actions-2018-mexico-chapter,es-MX:https://www.vonwobeser.com/news/adrian-magallanes-getting-the-deal-through-class-actions-2018-mexico-chapter | en:https://www.vonwobeser.com/news/adrian-magallanes-getting-the-deal-through-class-actions-2018-mexico-chapter?lang=en | x-default:https://www.vonwobeser.com/news/adrian-magallanes-getting-the-deal-through-class-actions-2018-mexico-chapter,,,true,true,,,
74a116e1-fed5-4462-8d42-2e19f83df7e3,en,http://localhost:5050/news/adrian-magallanes-getting-the-deal-through-class-actions-2018-mexico-chapter?lang=en,200,correcto,1,Adrián Magallanes- Getting the Deal Through- Class Actions 2018: México Chapter,Adrián Magallanes- Getting the Deal Through- Class Actions 2018: México Chapter | Von Wobeser y Sierra,Our Partner Adrian Magallanes outlines the current scenario regarding class actions in Mexico.,https://www.vonwobeser.com/news/adrian-magallanes-getting-the-deal-through-class-actions-2018-mexico-chapter?lang=en,es-MX:https://www.vonwobeser.com/news/adrian-magallanes-getting-the-deal-through-class-actions-2018-mexico-chapter | en:https://www.vonwobeser.com/news/adrian-magallanes-getting-the-deal-through-class-actions-2018-mexico-chapter?lang=en | x-default:https://www.vonwobeser.com/news/adrian-magallanes-getting-the-deal-through-class-actions-2018-mexico-chapter,,,true,true,http://localhost:5050/images/PDF_news/PDF_articles/2017/Class-Actions-2018Mexico.pdf,,
eece9e17-d241-4326-a741-491da5ee3032,es,http://localhost:5050/news/luis-burgueno-andres-nieto-getting-the-deal-through-private-equity-market-inteli,200,correcto,1,"Luis Burgueño, Andrés Nieto- Getting the Deal Through- Private Equity: Market Intelligence- Capítulo sobre México","Luis Burgueño, Andrés Nieto- Getting the Deal Through- Private Equity: Market Intelligence- Capítulo sobre México | Von Wobeser y Sierra","Nuestros socios Luis Burgueño y Andrés Nieto ofrecen una vista panorámica sobre la forma en que las inversiones se han llevado a cabo recientemente en México,…",https://www.vonwobeser.com/news/luis-burgueno-andres-nieto-getting-the-deal-through-private-equity-market-inteli,es-MX:https://www.vonwobeser.com/news/luis-burgueno-andres-nieto-getting-the-deal-through-private-equity-market-inteli | en:https://www.vonwobeser.com/news/luis-burgueno-andres-nieto-getting-the-deal-through-private-equity-market-inteli?lang=en | x-default:https://www.vonwobeser.com/news/luis-burgueno-andres-nieto-getting-the-deal-through-private-equity-market-inteli,,,true,true,,,
eece9e17-d241-4326-a741-491da5ee3032,en,http://localhost:5050/news/luis-burgueno-andres-nieto-getting-the-deal-through-private-equity-market-inteli?lang=en,200,correcto,1,"Luis Burgueño, Andrés Nieto- Getting the Deal Through- Private Equity: Market Inteligence- Mexico Chapter","Luis Burgueño, Andrés Nieto- Getting the Deal Through- Private Equity: Market Inteligence- Mexico Chapter | Von Wobeser y Sierra","Our Partners Luis Burgueño & Andrés Nieto offer a panoramic view of the way investments have been carried out in Mexico recently, the legal framework, its…",https://www.vonwobeser.com/news/luis-burgueno-andres-nieto-getting-the-deal-through-private-equity-market-inteli?lang=en,es-MX:https://www.vonwobeser.com/news/luis-burgueno-andres-nieto-getting-the-deal-through-private-equity-market-inteli | en:https://www.vonwobeser.com/news/luis-burgueno-andres-nieto-getting-the-deal-through-private-equity-market-inteli?lang=en | x-default:https://www.vonwobeser.com/news/luis-burgueno-andres-nieto-getting-the-deal-through-private-equity-market-inteli,,,true,true,http://localhost:5050/images/PDF_news/PDF_articles/2017/GTDT-Market-Intelligence--Private-Equity--Volume-4-Issue-6.pdf,,
657a092c-94cc-4a60-9d39-43f3d4e551fc,es,http://localhost:5050/news/fernando-carreno-euromoney-mexican-m-a-shrugs-off-the-trump-slump,200,correcto,1,Fernando Carreño - Euromoney: Las fusiones y adquisiciones mexicanas se sacuden el bajón de Trump,Fernando Carreño - Euromoney: Las fusiones y adquisiciones mexicanas se sacuden el bajón de Trump | Von Wobeser y Sierra,"Nuestro socio Fernando Carreño dio su opinión en el artículo ""Mexican M&A shrugs off the Trump slump"", que analiza cómo el bajón de Trump ha cambiado, en su…",https://www.vonwobeser.com/news/fernando-carreno-euromoney-mexican-m-a-shrugs-off-the-trump-slump,es-MX:https://www.vonwobeser.com/news/fernando-carreno-euromoney-mexican-m-a-shrugs-off-the-trump-slump | en:https://www.vonwobeser.com/news/fernando-carreno-euromoney-mexican-m-a-shrugs-off-the-trump-slump?lang=en | x-default:https://www.vonwobeser.com/news/fernando-carreno-euromoney-mexican-m-a-shrugs-off-the-trump-slump,,,true,true,,,
657a092c-94cc-4a60-9d39-43f3d4e551fc,en,http://localhost:5050/news/fernando-carreno-euromoney-mexican-m-a-shrugs-off-the-trump-slump?lang=en,200,correcto,1,Fernando Carreño - Euromoney: Mexican M&A shrugs off the Trump slump,Fernando Carreño - Euromoney: Mexican M&A shrugs off the Trump slump | Von Wobeser y Sierra,"Our Partner Fernando Carreño gave his opinion in the article “Mexican M&A shrugs off the Trump slump”, which analyzes how the Trump slump has changed, if so,…",https://www.vonwobeser.com/news/fernando-carreno-euromoney-mexican-m-a-shrugs-off-the-trump-slump?lang=en,es-MX:https://www.vonwobeser.com/news/fernando-carreno-euromoney-mexican-m-a-shrugs-off-the-trump-slump | en:https://www.vonwobeser.com/news/fernando-carreno-euromoney-mexican-m-a-shrugs-off-the-trump-slump?lang=en | x-default:https://www.vonwobeser.com/news/fernando-carreno-euromoney-mexican-m-a-shrugs-off-the-trump-slump,,,true,true,http://localhost:5050/images/PDF_news/2017/Mexican-MA-shrugs-off-the-Trump-slump-_-Euromoney.pdf,,
f763871e-d8a6-497a-bb06-9f739c7d58ce,es,http://localhost:5050/news/adrian-magallanes-perez-rodrigo-barradas-muniz-international-arbitration-review-,200,correcto,1,Adrián Magallanes Pérez & Rodrigo Barradas Muñiz- International Arbitration Review (8va edición)- Capítulo sobre México,Adrián Magallanes Pérez & Rodrigo Barradas Muñiz- International Arbitration Review (8va edición)- Capítulo sobre México | Von Wobeser y Sierra,"En este capítulo, nuestro socio Adrián Magallanes y nuestro asociado Rodrigo Barradas analizan los cambios recientes en materia de arbitraje que han tenido…",https://www.vonwobeser.com/news/adrian-magallanes-perez-rodrigo-barradas-muniz-international-arbitration-review-,es-MX:https://www.vonwobeser.com/news/adrian-magallanes-perez-rodrigo-barradas-muniz-international-arbitration-review- | en:https://www.vonwobeser.com/news/adrian-magallanes-perez-rodrigo-barradas-muniz-international-arbitration-review-?lang=en | x-default:https://www.vonwobeser.com/news/adrian-magallanes-perez-rodrigo-barradas-muniz-international-arbitration-review-,,,true,true,,,
f763871e-d8a6-497a-bb06-9f739c7d58ce,en,http://localhost:5050/news/adrian-magallanes-perez-rodrigo-barradas-muniz-international-arbitration-review-?lang=en,200,correcto,1,Adrián Magallanes Pérez & Rodrigo Barradas Muñiz- International Arbitration Review (8th edition)- Mexico Chapter,Adrián Magallanes Pérez & Rodrigo Barradas Muñiz- International Arbitration Review (8th edition)- Mexico Chapter | Von Wobeser y Sierra,In this chapter our partner Adrian Magallanes and our associate Rodrigo Barradas discuss the recent changes regarding arbitration that have taken place in…,https://www.vonwobeser.com/news/adrian-magallanes-perez-rodrigo-barradas-muniz-international-arbitration-review-?lang=en,es-MX:https://www.vonwobeser.com/news/adrian-magallanes-perez-rodrigo-barradas-muniz-international-arbitration-review- | en:https://www.vonwobeser.com/news/adrian-magallanes-perez-rodrigo-barradas-muniz-international-arbitration-review-?lang=en | x-default:https://www.vonwobeser.com/news/adrian-magallanes-perez-rodrigo-barradas-muniz-international-arbitration-review-,,,true,true,http://localhost:5050/images/PDF_news/2017/IAR2017Mexico.pdf,,
b04d5875-d7ed-4c57-9876-d169dec113e9,es,http://localhost:5050/news/claus-von-wobeser-adrian-magallanes-chambers-partners-global-practice-guides-int,200,correcto,1,"Claus Von Wobeser & Adrián Magallanes- Chambers & Partners, Guía de Prácticas Global, Arbitraje Internacional (México)","Claus Von Wobeser & Adrián Magallanes- Chambers & Partners, Guía de Prácticas Global, Arbitraje Internacional (México) | Von Wobeser y Sierra","Esta contribución, escrita por nuestros socios Claus Von Wobeser y Adrián Magallanes, proporciona información de fácil acceso para navegar el sistema legal al…",https://www.vonwobeser.com/news/claus-von-wobeser-adrian-magallanes-chambers-partners-global-practice-guides-int,es-MX:https://www.vonwobeser.com/news/claus-von-wobeser-adrian-magallanes-chambers-partners-global-practice-guides-int | en:https://www.vonwobeser.com/news/claus-von-wobeser-adrian-magallanes-chambers-partners-global-practice-guides-int?lang=en | x-default:https://www.vonwobeser.com/news/claus-von-wobeser-adrian-magallanes-chambers-partners-global-practice-guides-int,,,true,true,,,
b04d5875-d7ed-4c57-9876-d169dec113e9,en,http://localhost:5050/news/claus-von-wobeser-adrian-magallanes-chambers-partners-global-practice-guides-int?lang=en,200,correcto,1,"Claus Von Wobeser & Adrian Magallanes- Chambers & Partners, Global Practice Guides, International Arbitration (Mexico)","Claus Von Wobeser & Adrian Magallanes- Chambers & Partners, Global Practice Guides, International Arbitration (Mexico) | Von Wobeser y Sierra","This contribution, written by our partners Claus Von Wobeser & Adrian Magallanes, provide easily accessible information on navigating the legal system when…",https://www.vonwobeser.com/news/claus-von-wobeser-adrian-magallanes-chambers-partners-global-practice-guides-int?lang=en,es-MX:https://www.vonwobeser.com/news/claus-von-wobeser-adrian-magallanes-chambers-partners-global-practice-guides-int | en:https://www.vonwobeser.com/news/claus-von-wobeser-adrian-magallanes-chambers-partners-global-practice-guides-int?lang=en | x-default:https://www.vonwobeser.com/news/claus-von-wobeser-adrian-magallanes-chambers-partners-global-practice-guides-int,,,true,true,http://localhost:5050/images/PDF_news/PDF_articles/2017/Claus-Von-Wobeser-Adrian-Magallanes--Chambers-Partners-Global-Practice-Guides-International-Arbitration-Mexico.pdf,,
56338ee4-3a5a-44bf-bacf-db3a8bacde0d,es,http://localhost:5050/news/diego-sierra-international-cooperation-in-anticorruption-investigations-in-mexic,200,correcto,1,Diego Sierra - Cooperación Internacional en Investigaciones Anticorrupción en México y su Sistema Nacional,Diego Sierra - Cooperación Internacional en Investigaciones Anticorrupción en México y su Sistema Nacional | Von Wobeser y Sierra,"Diego Sierra, en su calidad de Vicepresidente de la Comisión Anticorrupción de ICC México, fue invitado a colaborar en el boletín informativo de ICC posterior…",https://www.vonwobeser.com/news/diego-sierra-international-cooperation-in-anticorruption-investigations-in-mexic,es-MX:https://www.vonwobeser.com/news/diego-sierra-international-cooperation-in-anticorruption-investigations-in-mexic | en:https://www.vonwobeser.com/news/diego-sierra-international-cooperation-in-anticorruption-investigations-in-mexic?lang=en | x-default:https://www.vonwobeser.com/news/diego-sierra-international-cooperation-in-anticorruption-investigations-in-mexic,,,true,true,,,
56338ee4-3a5a-44bf-bacf-db3a8bacde0d,en,http://localhost:5050/news/diego-sierra-international-cooperation-in-anticorruption-investigations-in-mexic?lang=en,200,correcto,1,Diego Sierra- International Cooperation in Anticorruption Investigations in Mexico and its National System,Diego Sierra- International Cooperation in Anticorruption Investigations in Mexico and its National System | Von Wobeser y Sierra,"Diego Sierra, as Vice President of the Anticorruption Commission of ICC Mexico was invited to contribute on ICC newsletter following the Worldwide…",https://www.vonwobeser.com/news/diego-sierra-international-cooperation-in-anticorruption-investigations-in-mexic?lang=en,es-MX:https://www.vonwobeser.com/news/diego-sierra-international-cooperation-in-anticorruption-investigations-in-mexic | en:https://www.vonwobeser.com/news/diego-sierra-international-cooperation-in-anticorruption-investigations-in-mexic?lang=en | x-default:https://www.vonwobeser.com/news/diego-sierra-international-cooperation-in-anticorruption-investigations-in-mexic,,,true,true,http://localhost:5050/images/PDF_news/PDF_articles/2017/Cooperacin_Internacional_en_Investigaciones_Anticorrupcion_Diego-Sierra.pdf,,
ce69d303-f318-4150-9d26-b34660286660,es,http://localhost:5050/news/andres-nieto-andres-nieto-mexico-investing-chapter-in-the-private-equity-review-,200,correcto,1,Andrés Nieto - Andrés Nieto - Capítulo sobre inversiones en México en The Private Equity Review. Abril de 2017,Andrés Nieto - Andrés Nieto - Capítulo sobre inversiones en México en The Private Equity Review. Abril de 2017 | Von Wobeser y Sierra,"Nuestro socio, Andrés Nieto, escribió una contribución sobre la manera en que se realizan las inversiones privadas en México y analiza por qué el capital…",https://www.vonwobeser.com/news/andres-nieto-andres-nieto-mexico-investing-chapter-in-the-private-equity-review-,es-MX:https://www.vonwobeser.com/news/andres-nieto-andres-nieto-mexico-investing-chapter-in-the-private-equity-review- | en:https://www.vonwobeser.com/news/andres-nieto-andres-nieto-mexico-investing-chapter-in-the-private-equity-review-?lang=en | x-default:https://www.vonwobeser.com/news/andres-nieto-andres-nieto-mexico-investing-chapter-in-the-private-equity-review-,,,true,true,,,
ce69d303-f318-4150-9d26-b34660286660,en,http://localhost:5050/news/andres-nieto-andres-nieto-mexico-investing-chapter-in-the-private-equity-review-?lang=en,200,correcto,1,Andres Nieto - Andres Nieto- Mexico Investing chapter in The Private Equity Review. April 2017,Andres Nieto - Andres Nieto- Mexico Investing chapter in The Private Equity Review. April 2017 | Von Wobeser y Sierra,"Our partner, Andrés Nieto, has wrote a contribution about the way private investments are carried out in Mexico and analyzes why has private equity not become…",https://www.vonwobeser.com/news/andres-nieto-andres-nieto-mexico-investing-chapter-in-the-private-equity-review-?lang=en,es-MX:https://www.vonwobeser.com/news/andres-nieto-andres-nieto-mexico-investing-chapter-in-the-private-equity-review- | en:https://www.vonwobeser.com/news/andres-nieto-andres-nieto-mexico-investing-chapter-in-the-private-equity-review-?lang=en | x-default:https://www.vonwobeser.com/news/andres-nieto-andres-nieto-mexico-investing-chapter-in-the-private-equity-review-,,,true,true,http://localhost:5050/images/PDF_news/PDF_articles/2017/Private-Equity-Review-April-2017.pdf,,
eb8b1c1b-6549-43e2-b937-33e7c42f61a3,es,http://localhost:5050/news/silverio-sandate-silverio-sandate-law-business-review-the-franchise-law-review,200,correcto,1,Silverio Sandate - Silverio Sandate – Law Business Review: The Franchise Law Review,Silverio Sandate - Silverio Sandate – Law Business Review: The Franchise Law Review | Von Wobeser y Sierra,Capítulo 37: Guía de referencia de México: The Franchise Law Review 2017: El mercado de franquicias mexicano sigue considerándose un mercado nuevo y en…,https://www.vonwobeser.com/news/silverio-sandate-silverio-sandate-law-business-review-the-franchise-law-review,es-MX:https://www.vonwobeser.com/news/silverio-sandate-silverio-sandate-law-business-review-the-franchise-law-review | en:https://www.vonwobeser.com/news/silverio-sandate-silverio-sandate-law-business-review-the-franchise-law-review?lang=en | x-default:https://www.vonwobeser.com/news/silverio-sandate-silverio-sandate-law-business-review-the-franchise-law-review,,,true,true,,,
eb8b1c1b-6549-43e2-b937-33e7c42f61a3,en,http://localhost:5050/news/silverio-sandate-silverio-sandate-law-business-review-the-franchise-law-review?lang=en,200,correcto,1,Silverio Sandate - Silverio Sandate – Law Business Review: The Franchise Law Review,Silverio Sandate - Silverio Sandate – Law Business Review: The Franchise Law Review | Von Wobeser y Sierra,"Chapter 37: Reference Guide Mexico: The Franchise Law Review 2017: The Mexican franchise market is still considered to be a fresh and growing market, and one…",https://www.vonwobeser.com/news/silverio-sandate-silverio-sandate-law-business-review-the-franchise-law-review?lang=en,es-MX:https://www.vonwobeser.com/news/silverio-sandate-silverio-sandate-law-business-review-the-franchise-law-review | en:https://www.vonwobeser.com/news/silverio-sandate-silverio-sandate-law-business-review-the-franchise-law-review?lang=en | x-default:https://www.vonwobeser.com/news/silverio-sandate-silverio-sandate-law-business-review-the-franchise-law-review,,,true,true,http://localhost:5050/images/PDF_news/PDF_articles/2017/240317-The-Franchise-Law-Review-.pdf,,
5f900aed-1c31-4ba2-93ca-f85c1e6a57b3,es,http://localhost:5050/news/getting-the-deal-through-adrian-magallanes-rodrigo-barradas-arbitration-2017,200,correcto,1,"Getting the Deal Through – Adrián Magallanes, Rodrigo Barradas – Arbitraje 2017","Getting the Deal Through – Adrián Magallanes, Rodrigo Barradas – Arbitraje 2017 | Von Wobeser y Sierra",Arbitraje 2017: Getting the Deal Through ofrece el análisis de expertos internacionales en áreas clave de la práctica y la regulación jurídica para abogados…,https://www.vonwobeser.com/news/getting-the-deal-through-adrian-magallanes-rodrigo-barradas-arbitration-2017,es-MX:https://www.vonwobeser.com/news/getting-the-deal-through-adrian-magallanes-rodrigo-barradas-arbitration-2017 | en:https://www.vonwobeser.com/news/getting-the-deal-through-adrian-magallanes-rodrigo-barradas-arbitration-2017?lang=en | x-default:https://www.vonwobeser.com/news/getting-the-deal-through-adrian-magallanes-rodrigo-barradas-arbitration-2017,,,true,true,,,
5f900aed-1c31-4ba2-93ca-f85c1e6a57b3,en,http://localhost:5050/news/getting-the-deal-through-adrian-magallanes-rodrigo-barradas-arbitration-2017?lang=en,200,correcto,1,"Getting the Deal Through – Adrián Magallanes, Rodrigo Barradas – Arbitration 2017","Getting the Deal Through – Adrián Magallanes, Rodrigo Barradas – Arbitration 2017 | Von Wobeser y Sierra","Arbitration 2017: Getting the Deal Through provides international expert analysis in key areas of law practice and regulation for corporate counsel, cross –…",https://www.vonwobeser.com/news/getting-the-deal-through-adrian-magallanes-rodrigo-barradas-arbitration-2017?lang=en,es-MX:https://www.vonwobeser.com/news/getting-the-deal-through-adrian-magallanes-rodrigo-barradas-arbitration-2017 | en:https://www.vonwobeser.com/news/getting-the-deal-through-adrian-magallanes-rodrigo-barradas-arbitration-2017?lang=en | x-default:https://www.vonwobeser.com/news/getting-the-deal-through-adrian-magallanes-rodrigo-barradas-arbitration-2017,,,true,true,http://localhost:5050/images/PDF_news/PDF_articles/2017/240317-GTDT-Arbitration-2017.pdf,,
4b5aa475-c671-4a98-8814-29ee3f4426b9,es,http://localhost:5050/news/luis-burgueno-andres-nieto-luis-burgueno-andres-nieto-getting-the-deal-through-m,200,correcto,1,"Luis Burgueño, Andrés Nieto - Luis Burgueño, Andrés Nieto - Getting The Deal Through, Market Intelligence, Capital Privado en México.","Luis Burgueño, Andrés Nieto - Luis Burgueño, Andrés Nieto - Getting The Deal Through, Market Intelligence, Capital Privado en México. | Von Wobeser y Sierra",Nuestros socios Luis Burgueño y Andrés Nieto brindan su perspectiva sobre el capital privado en México.,https://www.vonwobeser.com/news/luis-burgueno-andres-nieto-luis-burgueno-andres-nieto-getting-the-deal-through-m,es-MX:https://www.vonwobeser.com/news/luis-burgueno-andres-nieto-luis-burgueno-andres-nieto-getting-the-deal-through-m | en:https://www.vonwobeser.com/news/luis-burgueno-andres-nieto-luis-burgueno-andres-nieto-getting-the-deal-through-m?lang=en | x-default:https://www.vonwobeser.com/news/luis-burgueno-andres-nieto-luis-burgueno-andres-nieto-getting-the-deal-through-m,,,true,true,,,
4b5aa475-c671-4a98-8814-29ee3f4426b9,en,http://localhost:5050/news/luis-burgueno-andres-nieto-luis-burgueno-andres-nieto-getting-the-deal-through-m?lang=en,200,correcto,1,"Luis Burgueño, Andrés Nieto - Luis Burgueño, Andrés Nieto - Getting The Deal Through, Market Intelligence, Private Equity in Mexico.","Luis Burgueño, Andrés Nieto - Luis Burgueño, Andrés Nieto - Getting The Deal Through, Market Intelligence, Private Equity in Mexico. | Von Wobeser y Sierra",Our partners Luis Burgueño & Andrés Nieto give insight regarding private equity in Mexico.,https://www.vonwobeser.com/news/luis-burgueno-andres-nieto-luis-burgueno-andres-nieto-getting-the-deal-through-m?lang=en,es-MX:https://www.vonwobeser.com/news/luis-burgueno-andres-nieto-luis-burgueno-andres-nieto-getting-the-deal-through-m | en:https://www.vonwobeser.com/news/luis-burgueno-andres-nieto-luis-burgueno-andres-nieto-getting-the-deal-through-m?lang=en | x-default:https://www.vonwobeser.com/news/luis-burgueno-andres-nieto-luis-burgueno-andres-nieto-getting-the-deal-through-m,,,true,true,http://localhost:5050/images/PDF_news/PDF_articles/2016/MI-3-5-PE-Mexico.pdf,,
24e4f2cc-08ef-42ee-aec5-426cf6e5c4dc,es,http://localhost:5050/news/adrian-magallanes-diego-sierra-iclg-the-international-comparative-legal-guide-in,200,correcto,1,"Adrián Magallanes, Diego Sierra – ICLG - The International Comparative Legal Guide: Arbitraje Internacional 2016.","Adrián Magallanes, Diego Sierra – ICLG - The International Comparative Legal Guide: Arbitraje Internacional 2016. | Von Wobeser y Sierra",Capítulo 40: Guía de referencia de México: Arbitraje Internacional 2016: Una visión práctica transfronteriza sobre el trabajo en arbitraje internacional.,https://www.vonwobeser.com/news/adrian-magallanes-diego-sierra-iclg-the-international-comparative-legal-guide-in,es-MX:https://www.vonwobeser.com/news/adrian-magallanes-diego-sierra-iclg-the-international-comparative-legal-guide-in | en:https://www.vonwobeser.com/news/adrian-magallanes-diego-sierra-iclg-the-international-comparative-legal-guide-in?lang=en | x-default:https://www.vonwobeser.com/news/adrian-magallanes-diego-sierra-iclg-the-international-comparative-legal-guide-in,,,true,true,,,
24e4f2cc-08ef-42ee-aec5-426cf6e5c4dc,en,http://localhost:5050/news/adrian-magallanes-diego-sierra-iclg-the-international-comparative-legal-guide-in?lang=en,200,correcto,1,"Adrián Magallanes, Diego Sierra – ICLG - The International Comparative Legal Guide: International Arbitration 2016.","Adrián Magallanes, Diego Sierra – ICLG - The International Comparative Legal Guide: International Arbitration 2016. | Von Wobeser y Sierra",Chapter 40: Reference Guide Mexico: International Arbitration 2016: A practical cross-border insight into international arbitration work.,https://www.vonwobeser.com/news/adrian-magallanes-diego-sierra-iclg-the-international-comparative-legal-guide-in?lang=en,es-MX:https://www.vonwobeser.com/news/adrian-magallanes-diego-sierra-iclg-the-international-comparative-legal-guide-in | en:https://www.vonwobeser.com/news/adrian-magallanes-diego-sierra-iclg-the-international-comparative-legal-guide-in?lang=en | x-default:https://www.vonwobeser.com/news/adrian-magallanes-diego-sierra-iclg-the-international-comparative-legal-guide-in,,,true,true,http://localhost:5050/images/PDF_news/PDF_articles/2016/IA16_Chapter-40_Mexico.pdf,,
de46ca3a-47db-424f-942d-9433d3643b76,es,http://localhost:5050/news/edmond-grieger-grupo-reforma-the-energy-issue-new-rules-investing-in-the-mexican,200,correcto,1,Edmond Grieger– Grupo Reforma; El tema de la energía – Nuevas Reglas – Invertir en el mercado mexicano de energías renovables.,Edmond Grieger– Grupo Reforma; El tema de la energía – Nuevas Reglas – Invertir en el mercado mexicano de energías renovables. | Von Wobeser y Sierra,"Edmond Grieger, nuestro Socio en Von Wobeser & Sierra, ofrece su opinión sobre algunos temas importantes relacionados con la inversión en el sector energético…",https://www.vonwobeser.com/news/edmond-grieger-grupo-reforma-the-energy-issue-new-rules-investing-in-the-mexican,es-MX:https://www.vonwobeser.com/news/edmond-grieger-grupo-reforma-the-energy-issue-new-rules-investing-in-the-mexican | en:https://www.vonwobeser.com/news/edmond-grieger-grupo-reforma-the-energy-issue-new-rules-investing-in-the-mexican?lang=en | x-default:https://www.vonwobeser.com/news/edmond-grieger-grupo-reforma-the-energy-issue-new-rules-investing-in-the-mexican,,,true,true,,,
de46ca3a-47db-424f-942d-9433d3643b76,en,http://localhost:5050/news/edmond-grieger-grupo-reforma-the-energy-issue-new-rules-investing-in-the-mexican?lang=en,200,correcto,1,Edmond Grieger- Grupo Reforma; The energy issue – New Rules – Investing in the Mexican Renewables market.,Edmond Grieger- Grupo Reforma; The energy issue – New Rules – Investing in the Mexican Renewables market. | Von Wobeser y Sierra,"Edmond Grieger, our Partner at Von Wobeser & Sierra offers his opinion on some important subjects related to investing in the Mexico´s energy sector.",https://www.vonwobeser.com/news/edmond-grieger-grupo-reforma-the-energy-issue-new-rules-investing-in-the-mexican?lang=en,es-MX:https://www.vonwobeser.com/news/edmond-grieger-grupo-reforma-the-energy-issue-new-rules-investing-in-the-mexican | en:https://www.vonwobeser.com/news/edmond-grieger-grupo-reforma-the-energy-issue-new-rules-investing-in-the-mexican?lang=en | x-default:https://www.vonwobeser.com/news/edmond-grieger-grupo-reforma-the-energy-issue-new-rules-investing-in-the-mexican,,,true,true,http://localhost:5050/images/PDF_news/PDF_articles/2016/New_Rules1.PDF,,
bc109572-9e89-40ba-814e-294cd33596c7,es,http://localhost:5050/news/daniel-huth-daniel-huth-special-input-from-edmond-grieger-ogel-oil-gas-energy-la,200,correcto,1,"Daniel Huth – Daniel Huth, *Aportación especial de Edmond Grieger – OGEL – Oil, Gas & Energy Law – Marzo de 2016.","Daniel Huth – Daniel Huth, *Aportación especial de Edmond Grieger – OGEL – Oil, Gas & Energy Law – Marzo de 2016. | Von Wobeser y Sierra",Un grupo de expertos en energía ha contribuido a este artículo especial sobre la reforma del sector de petróleo y gas de México.,https://www.vonwobeser.com/news/daniel-huth-daniel-huth-special-input-from-edmond-grieger-ogel-oil-gas-energy-la,es-MX:https://www.vonwobeser.com/news/daniel-huth-daniel-huth-special-input-from-edmond-grieger-ogel-oil-gas-energy-la | en:https://www.vonwobeser.com/news/daniel-huth-daniel-huth-special-input-from-edmond-grieger-ogel-oil-gas-energy-la?lang=en | x-default:https://www.vonwobeser.com/news/daniel-huth-daniel-huth-special-input-from-edmond-grieger-ogel-oil-gas-energy-la,,,true,true,,,
bc109572-9e89-40ba-814e-294cd33596c7,en,http://localhost:5050/news/daniel-huth-daniel-huth-special-input-from-edmond-grieger-ogel-oil-gas-energy-la?lang=en,200,correcto,1,"Daniel Huth - Daniel Huth, *Special Input from Edmond Grieger - OGEL - Oil, Gas & Energy Law - March 2016.","Daniel Huth - Daniel Huth, *Special Input from Edmond Grieger - OGEL - Oil, Gas & Energy Law - March 2016. | Von Wobeser y Sierra",A group of energy experts has contributed to this special feature on Mexico´s Oil and Gas Sector Reform.,https://www.vonwobeser.com/news/daniel-huth-daniel-huth-special-input-from-edmond-grieger-ogel-oil-gas-energy-la?lang=en,es-MX:https://www.vonwobeser.com/news/daniel-huth-daniel-huth-special-input-from-edmond-grieger-ogel-oil-gas-energy-la | en:https://www.vonwobeser.com/news/daniel-huth-daniel-huth-special-input-from-edmond-grieger-ogel-oil-gas-energy-la?lang=en | x-default:https://www.vonwobeser.com/news/daniel-huth-daniel-huth-special-input-from-edmond-grieger-ogel-oil-gas-energy-la,,,true,true,http://localhost:5050/images/PDF_news/PDF_articles/2016/ov14-1-article08.pdf,,
6b98ab95-5616-46b2-aeac-aa7dd74188a9,es,http://localhost:5050/news/fernando-carreno-paloma-alcantara-fernando-carreno-paloma-alcantara-law-business,200,correcto,1,"Fernando Carreño, Paloma Alcántara – Fernando Carreño, Paloma Alcántara– Law Business Research, The Public Competition Enforcement Review – 8.ª Edición: México","Fernando Carreño, Paloma Alcántara – Fernando Carreño, Paloma Alcántara– Law Business Research, The Public Competition Enforcement Review – 8.ª Edición: México | Von Wobeser y Sierra",Capítulo 20: Guía de referencia México: práctica de competencia y antimonopolio.,https://www.vonwobeser.com/news/fernando-carreno-paloma-alcantara-fernando-carreno-paloma-alcantara-law-business,es-MX:https://www.vonwobeser.com/news/fernando-carreno-paloma-alcantara-fernando-carreno-paloma-alcantara-law-business | en:https://www.vonwobeser.com/news/fernando-carreno-paloma-alcantara-fernando-carreno-paloma-alcantara-law-business?lang=en | x-default:https://www.vonwobeser.com/news/fernando-carreno-paloma-alcantara-fernando-carreno-paloma-alcantara-law-business,,,true,true,,,
6b98ab95-5616-46b2-aeac-aa7dd74188a9,en,http://localhost:5050/news/fernando-carreno-paloma-alcantara-fernando-carreno-paloma-alcantara-law-business?lang=en,200,correcto,1,"Fernando Carreño, Paloma Alcántara - Fernando Carreño, Paloma Alcántara- Law Business Research, The Public Competition Enforcement Review - 8th Edition: Mexico","Fernando Carreño, Paloma Alcántara - Fernando Carreño, Paloma Alcántara- Law Business Research, The Public Competition Enforcement Review - 8th Edition: Mexico | Von Wobeser y Sierra",Chapter 20: Reference Guide Mexico: Competiton and antitrust practice.,https://www.vonwobeser.com/news/fernando-carreno-paloma-alcantara-fernando-carreno-paloma-alcantara-law-business?lang=en,es-MX:https://www.vonwobeser.com/news/fernando-carreno-paloma-alcantara-fernando-carreno-paloma-alcantara-law-business | en:https://www.vonwobeser.com/news/fernando-carreno-paloma-alcantara-fernando-carreno-paloma-alcantara-law-business?lang=en | x-default:https://www.vonwobeser.com/news/fernando-carreno-paloma-alcantara-fernando-carreno-paloma-alcantara-law-business,,,true,true,http://localhost:5050/images/PDF_news/PDF_articles/2016/Mexico.pdf,,
b0b7e68f-5898-43a9-bf07-37f0b4fbf46b,es,http://localhost:5050/news/edmond-grieger-with-the-colaboration-of-daniel-huth-foreign-associate-financier-,200,correcto,1,"Edmond Grieger con la colaboración de Daniel Huth (Asociado Extranjero) – Financier Worldwide, Energy & Utilities 2016, febrero de 2016.","Edmond Grieger con la colaboración de Daniel Huth (Asociado Extranjero) – Financier Worldwide, Energy & Utilities 2016, febrero de 2016. | Von Wobeser y Sierra","Edmond Grieger, nuestro Socio Encargado de nuestras prácticas de Energía y Recursos Naturales y Ambiental en Von Wobeser & Sierra, comenta la Revisión Anual…",https://www.vonwobeser.com/news/edmond-grieger-with-the-colaboration-of-daniel-huth-foreign-associate-financier-,es-MX:https://www.vonwobeser.com/news/edmond-grieger-with-the-colaboration-of-daniel-huth-foreign-associate-financier- | en:https://www.vonwobeser.com/news/edmond-grieger-with-the-colaboration-of-daniel-huth-foreign-associate-financier-?lang=en | x-default:https://www.vonwobeser.com/news/edmond-grieger-with-the-colaboration-of-daniel-huth-foreign-associate-financier-,,,true,true,,,
b0b7e68f-5898-43a9-bf07-37f0b4fbf46b,en,http://localhost:5050/news/edmond-grieger-with-the-colaboration-of-daniel-huth-foreign-associate-financier-?lang=en,200,correcto,1,"Edmond Grieger with the colaboration of Daniel Huth (Foreign Associate) - Financier Worldwide, Energy & Utilities 2016, February 2016.","Edmond Grieger with the colaboration of Daniel Huth (Foreign Associate) - Financier Worldwide, Energy & Utilities 2016, February 2016. | Von Wobeser y Sierra","Edmond Grieger, our Head Partner of our Energy & Natural Resources and Environment Practices at Von Wobeser & Sierra comments on the Annual Review 2016.",https://www.vonwobeser.com/news/edmond-grieger-with-the-colaboration-of-daniel-huth-foreign-associate-financier-?lang=en,es-MX:https://www.vonwobeser.com/news/edmond-grieger-with-the-colaboration-of-daniel-huth-foreign-associate-financier- | en:https://www.vonwobeser.com/news/edmond-grieger-with-the-colaboration-of-daniel-huth-foreign-associate-financier-?lang=en | x-default:https://www.vonwobeser.com/news/edmond-grieger-with-the-colaboration-of-daniel-huth-foreign-associate-financier-,,,true,true,http://localhost:5050/images/PDF_news/PDF_articles/2016/vwys.pdf,,
31ab1a16-47cd-40c3-8172-76ede649340d,es,http://localhost:5050/news/andres-nieto-plc-leading-and-taking-security-in-mexico,200,correcto,1,Andrés Nieto - PLC Liderazgo y constitución de garantías en México.,Andrés Nieto - PLC Liderazgo y constitución de garantías en México. | Von Wobeser y Sierra,PLC: Guía de Referencia México: Bursátil y Mercados de Capital.,https://www.vonwobeser.com/news/andres-nieto-plc-leading-and-taking-security-in-mexico,es-MX:https://www.vonwobeser.com/news/andres-nieto-plc-leading-and-taking-security-in-mexico | en:https://www.vonwobeser.com/news/andres-nieto-plc-leading-and-taking-security-in-mexico?lang=en | x-default:https://www.vonwobeser.com/news/andres-nieto-plc-leading-and-taking-security-in-mexico,,,true,true,,,
31ab1a16-47cd-40c3-8172-76ede649340d,en,http://localhost:5050/news/andres-nieto-plc-leading-and-taking-security-in-mexico?lang=en,200,correcto,1,Andrés Nieto - PLC Leading and taking security in Mexico.,Andrés Nieto - PLC Leading and taking security in Mexico. | Von Wobeser y Sierra,PLC:Reference Guide Mexico: Securities & Capital Markets.,https://www.vonwobeser.com/news/andres-nieto-plc-leading-and-taking-security-in-mexico?lang=en,es-MX:https://www.vonwobeser.com/news/andres-nieto-plc-leading-and-taking-security-in-mexico | en:https://www.vonwobeser.com/news/andres-nieto-plc-leading-and-taking-security-in-mexico?lang=en | x-default:https://www.vonwobeser.com/news/andres-nieto-plc-leading-and-taking-security-in-mexico,,,true,true,http://localhost:5050/images/PDF_news/PDF_articles/2015/vwys0412.pdf,,
c03151e2-7c17-4ebc-8701-d9afea07dd81,es,http://localhost:5050/news/rodolfo-trampe-y-jorge-diaz-getting-the-deal-through-outsourcing-2016,200,correcto,1,Rodolfo Trampe y Jorge Díaz - Getting the Deal Through-Outsourcing 2016.,Rodolfo Trampe y Jorge Díaz - Getting the Deal Through-Outsourcing 2016. | Von Wobeser y Sierra,Una referencia concisa sobre Subcontratación (Outsourcing) para 2016.,https://www.vonwobeser.com/news/rodolfo-trampe-y-jorge-diaz-getting-the-deal-through-outsourcing-2016,es-MX:https://www.vonwobeser.com/news/rodolfo-trampe-y-jorge-diaz-getting-the-deal-through-outsourcing-2016 | en:https://www.vonwobeser.com/news/rodolfo-trampe-y-jorge-diaz-getting-the-deal-through-outsourcing-2016?lang=en | x-default:https://www.vonwobeser.com/news/rodolfo-trampe-y-jorge-diaz-getting-the-deal-through-outsourcing-2016,,,true,true,,,
c03151e2-7c17-4ebc-8701-d9afea07dd81,en,http://localhost:5050/news/rodolfo-trampe-y-jorge-diaz-getting-the-deal-through-outsourcing-2016?lang=en,200,correcto,1,Rodolfo Trampe y Jorge Díaz - Getting the Deal Through-Outsourcing 2016.,Rodolfo Trampe y Jorge Díaz - Getting the Deal Through-Outsourcing 2016. | Von Wobeser y Sierra,A concise reference regarding Outsourcing for 2016.,https://www.vonwobeser.com/news/rodolfo-trampe-y-jorge-diaz-getting-the-deal-through-outsourcing-2016?lang=en,es-MX:https://www.vonwobeser.com/news/rodolfo-trampe-y-jorge-diaz-getting-the-deal-through-outsourcing-2016 | en:https://www.vonwobeser.com/news/rodolfo-trampe-y-jorge-diaz-getting-the-deal-through-outsourcing-2016?lang=en | x-default:https://www.vonwobeser.com/news/rodolfo-trampe-y-jorge-diaz-getting-the-deal-through-outsourcing-2016,,,true,true,http://localhost:5050/images/PDF_news/PDF_articles/2015/OS2016_Mexico.pdf,,
18c12062-007c-47fc-a036-96542ad08393,es,http://localhost:5050/news/luis-burgueno-andres-nieto-getting-the-deal-through-market-intelligence-private-,200,correcto,1,"Luis Burgueño, Andrés Nieto - Getting The Deal Through, Market Intelligence, Capital Privado en México","Luis Burgueño, Andrés Nieto - Getting The Deal Through, Market Intelligence, Capital Privado en México | Von Wobeser y Sierra",Nuestros socios Luis Burgueño y Andrés Nieto aportan su perspectiva sobre el capital privado en México.,https://www.vonwobeser.com/news/luis-burgueno-andres-nieto-getting-the-deal-through-market-intelligence-private-,es-MX:https://www.vonwobeser.com/news/luis-burgueno-andres-nieto-getting-the-deal-through-market-intelligence-private- | en:https://www.vonwobeser.com/news/luis-burgueno-andres-nieto-getting-the-deal-through-market-intelligence-private-?lang=en | x-default:https://www.vonwobeser.com/news/luis-burgueno-andres-nieto-getting-the-deal-through-market-intelligence-private-,,,true,true,,,
18c12062-007c-47fc-a036-96542ad08393,en,http://localhost:5050/news/luis-burgueno-andres-nieto-getting-the-deal-through-market-intelligence-private-?lang=en,200,correcto,1,"Luis Burgueño, Andrés Nieto - Getting The Deal Through, Market Intelligence, Private Equity in Mexico","Luis Burgueño, Andrés Nieto - Getting The Deal Through, Market Intelligence, Private Equity in Mexico | Von Wobeser y Sierra",Our partners Luis Burgueño & Andrés Nieto give insight regarding private equity in Mexico.,https://www.vonwobeser.com/news/luis-burgueno-andres-nieto-getting-the-deal-through-market-intelligence-private-?lang=en,es-MX:https://www.vonwobeser.com/news/luis-burgueno-andres-nieto-getting-the-deal-through-market-intelligence-private- | en:https://www.vonwobeser.com/news/luis-burgueno-andres-nieto-getting-the-deal-through-market-intelligence-private-?lang=en | x-default:https://www.vonwobeser.com/news/luis-burgueno-andres-nieto-getting-the-deal-through-market-intelligence-private-,,,true,true,http://localhost:5050/images/PDF_news/PDF_articles/2015/marketintelligence.pdf,,
8bcbe1b1-5288-4f35-8483-10a7a078bab1,es,http://localhost:5050/news/luis-burgueno-andres-nieto-international-bar-association-north-american-regional,200,correcto,1,"Luis Burgueño, Andrés Nieto - International Bar Association, North American Regional Forum News, Sociedades de participación limitada: una nueva forma de invertir en México.","Luis Burgueño, Andrés Nieto - International Bar Association, North American Regional Forum News, Sociedades de participación limitada: una nueva forma de invertir en México. | Von Wobeser y Sierra",IBA Arbitration Guide: México. IBA Arbitration Guide: México. IBA Arbitration Guide: México.,https://www.vonwobeser.com/news/luis-burgueno-andres-nieto-international-bar-association-north-american-regional,es-MX:https://www.vonwobeser.com/news/luis-burgueno-andres-nieto-international-bar-association-north-american-regional | en:https://www.vonwobeser.com/news/luis-burgueno-andres-nieto-international-bar-association-north-american-regional?lang=en | x-default:https://www.vonwobeser.com/news/luis-burgueno-andres-nieto-international-bar-association-north-american-regional,,,true,true,,,
8bcbe1b1-5288-4f35-8483-10a7a078bab1,en,http://localhost:5050/news/luis-burgueno-andres-nieto-international-bar-association-north-american-regional?lang=en,200,correcto,1,"Luis Burgueño, Andrés Nieto - International Bar Association, North American Regional Forum News, Master limited partnerships: a new way to invest in Mexico.","Luis Burgueño, Andrés Nieto - International Bar Association, North American Regional Forum News, Master limited partnerships: a new way to invest in Mexico. | Von Wobeser y Sierra",IBA Arbitration Guide: Mexico. IBA Arbitration Guide: Mexico. IBA Arbitration Guide: Mexico.,https://www.vonwobeser.com/news/luis-burgueno-andres-nieto-international-bar-association-north-american-regional?lang=en,es-MX:https://www.vonwobeser.com/news/luis-burgueno-andres-nieto-international-bar-association-north-american-regional | en:https://www.vonwobeser.com/news/luis-burgueno-andres-nieto-international-bar-association-north-american-regional?lang=en | x-default:https://www.vonwobeser.com/news/luis-burgueno-andres-nieto-international-bar-association-north-american-regional,,,true,true,http://localhost:5050/images/PDF_news/PDF_articles/2015/North_American_Regional_Forum_News_Sept_2015.pdf,,
7217fb31-7afe-4cf3-a4ba-12e3c50398ae,es,http://localhost:5050/news/adrian-magallanes-plc-class-actions-1st-edition-global-guide,200,correcto,1,Adrián Magallanes - PLC - Class Actions 1st Edition Global Guide.,Adrián Magallanes - PLC - Class Actions 1st Edition Global Guide. | Von Wobeser y Sierra,Favor de dar clic aquí para descargar el PDF.,https://www.vonwobeser.com/news/adrian-magallanes-plc-class-actions-1st-edition-global-guide,es-MX:https://www.vonwobeser.com/news/adrian-magallanes-plc-class-actions-1st-edition-global-guide | en:https://www.vonwobeser.com/news/adrian-magallanes-plc-class-actions-1st-edition-global-guide?lang=en | x-default:https://www.vonwobeser.com/news/adrian-magallanes-plc-class-actions-1st-edition-global-guide,,,true,true,,,
7217fb31-7afe-4cf3-a4ba-12e3c50398ae,en,http://localhost:5050/news/adrian-magallanes-plc-class-actions-1st-edition-global-guide?lang=en,200,correcto,1,Adrián Magallanes - PLC - Class Actions 1st Edition Global Guide.,Adrián Magallanes - PLC - Class Actions 1st Edition Global Guide. | Von Wobeser y Sierra,Please click here to download the PDF.,https://www.vonwobeser.com/news/adrian-magallanes-plc-class-actions-1st-edition-global-guide?lang=en,es-MX:https://www.vonwobeser.com/news/adrian-magallanes-plc-class-actions-1st-edition-global-guide | en:https://www.vonwobeser.com/news/adrian-magallanes-plc-class-actions-1st-edition-global-guide?lang=en | x-default:https://www.vonwobeser.com/news/adrian-magallanes-plc-class-actions-1st-edition-global-guide,,,true,true,http://localhost:5050/images/PDF_news/PDF_articles/2015/classactions.pdf,,
94b7560c-11ed-42d4-be2c-11b62242c9f0,es,http://localhost:5050/news/fernando-carreno-paloma-alcantara-global-competition-review-mexico-overview-the-,200,correcto,1,"Fernando Carreño, Paloma Alcántara - Global Competition Review, México: Panorama General, The Antitrust Review of the Americas 2016.","Fernando Carreño, Paloma Alcántara - Global Competition Review, México: Panorama General, The Antitrust Review of the Americas 2016. | Von Wobeser y Sierra","Los importantes cambios realizados recientemente en México a la ley de competencia económica se consideran un gran paso para nuestro país, tanto en el plano…",https://www.vonwobeser.com/news/fernando-carreno-paloma-alcantara-global-competition-review-mexico-overview-the-,es-MX:https://www.vonwobeser.com/news/fernando-carreno-paloma-alcantara-global-competition-review-mexico-overview-the- | en:https://www.vonwobeser.com/news/fernando-carreno-paloma-alcantara-global-competition-review-mexico-overview-the-?lang=en | x-default:https://www.vonwobeser.com/news/fernando-carreno-paloma-alcantara-global-competition-review-mexico-overview-the-,,,true,true,,,
94b7560c-11ed-42d4-be2c-11b62242c9f0,en,http://localhost:5050/news/fernando-carreno-paloma-alcantara-global-competition-review-mexico-overview-the-?lang=en,200,correcto,1,"Fernando Carreño, Paloma Alcántara - Global Competition Review, Mexico: Overview, The Antitrust Review of the Americas 2016.","Fernando Carreño, Paloma Alcántara - Global Competition Review, Mexico: Overview, The Antitrust Review of the Americas 2016. | Von Wobeser y Sierra","The important changes recently made in Mexico to the antitrust law are considered a big step for our country, legislatively as well as in…",https://www.vonwobeser.com/news/fernando-carreno-paloma-alcantara-global-competition-review-mexico-overview-the-?lang=en,es-MX:https://www.vonwobeser.com/news/fernando-carreno-paloma-alcantara-global-competition-review-mexico-overview-the- | en:https://www.vonwobeser.com/news/fernando-carreno-paloma-alcantara-global-competition-review-mexico-overview-the-?lang=en | x-default:https://www.vonwobeser.com/news/fernando-carreno-paloma-alcantara-global-competition-review-mexico-overview-the-,,,true,true,http://localhost:5050/images/PDF_news/PDF_articles/2015/Mexico_Overview.pdf,,
d8742beb-cbcf-4d31-b590-2769d48d7270,es,http://localhost:5050/news/luis-burgueno-andres-nieto-law-business-research-mergers-acquisitions-review-mex,200,correcto,1,"Luis Burgueño, Andrés Nieto - Law Business Research, Mergers & Acquisitions Review: México.","Luis Burgueño, Andrés Nieto - Law Business Research, Mergers & Acquisitions Review: México. | Von Wobeser y Sierra",Capítulo 44: Guía de Referencia México: Fusiones y Adquisiciones.,https://www.vonwobeser.com/news/luis-burgueno-andres-nieto-law-business-research-mergers-acquisitions-review-mex,es-MX:https://www.vonwobeser.com/news/luis-burgueno-andres-nieto-law-business-research-mergers-acquisitions-review-mex | en:https://www.vonwobeser.com/news/luis-burgueno-andres-nieto-law-business-research-mergers-acquisitions-review-mex?lang=en | x-default:https://www.vonwobeser.com/news/luis-burgueno-andres-nieto-law-business-research-mergers-acquisitions-review-mex,,,true,true,,,
d8742beb-cbcf-4d31-b590-2769d48d7270,en,http://localhost:5050/news/luis-burgueno-andres-nieto-law-business-research-mergers-acquisitions-review-mex?lang=en,200,correcto,1,"Luis Burgueño, Andrés Nieto - Law Business Research, Mergers & Acquisitions Review: Mexico.","Luis Burgueño, Andrés Nieto - Law Business Research, Mergers & Acquisitions Review: Mexico. | Von Wobeser y Sierra",Chapter 44: Reference Guide Mexico: Mergers & Acquisitions.,https://www.vonwobeser.com/news/luis-burgueno-andres-nieto-law-business-research-mergers-acquisitions-review-mex?lang=en,es-MX:https://www.vonwobeser.com/news/luis-burgueno-andres-nieto-law-business-research-mergers-acquisitions-review-mex | en:https://www.vonwobeser.com/news/luis-burgueno-andres-nieto-law-business-research-mergers-acquisitions-review-mex?lang=en | x-default:https://www.vonwobeser.com/news/luis-burgueno-andres-nieto-law-business-research-mergers-acquisitions-review-mex,,,true,true,http://localhost:5050/images/PDF_news/PDF_articles/2015/Mexico.pdf,,
a41078a1-9208-4ff0-9844-5a8a90e90f91,es,http://localhost:5050/news/diego-sierra-global-investigations-review-anti-corruption-reform-in-mexico,200,correcto,1,"Diego Sierra - Global Investigations Review, Reforma anticorrupción en México.","Diego Sierra - Global Investigations Review, Reforma anticorrupción en México. | Von Wobeser y Sierra","Reformas para fortalecer la transparencia, la rendición de cuentas y la lucha contra la corrupción.",https://www.vonwobeser.com/news/diego-sierra-global-investigations-review-anti-corruption-reform-in-mexico,es-MX:https://www.vonwobeser.com/news/diego-sierra-global-investigations-review-anti-corruption-reform-in-mexico | en:https://www.vonwobeser.com/news/diego-sierra-global-investigations-review-anti-corruption-reform-in-mexico?lang=en | x-default:https://www.vonwobeser.com/news/diego-sierra-global-investigations-review-anti-corruption-reform-in-mexico,,,true,true,,,
a41078a1-9208-4ff0-9844-5a8a90e90f91,en,http://localhost:5050/news/diego-sierra-global-investigations-review-anti-corruption-reform-in-mexico?lang=en,200,correcto,1,"Diego Sierra - Global Investigations Review, Anti-corruption reform in Mexico.","Diego Sierra - Global Investigations Review, Anti-corruption reform in Mexico. | Von Wobeser y Sierra","Reforms to strengthen transparency, accountability and the fight against corruption.",https://www.vonwobeser.com/news/diego-sierra-global-investigations-review-anti-corruption-reform-in-mexico?lang=en,es-MX:https://www.vonwobeser.com/news/diego-sierra-global-investigations-review-anti-corruption-reform-in-mexico | en:https://www.vonwobeser.com/news/diego-sierra-global-investigations-review-anti-corruption-reform-in-mexico?lang=en | x-default:https://www.vonwobeser.com/news/diego-sierra-global-investigations-review-anti-corruption-reform-in-mexico,,,true,true,http://localhost:5050/images/PDF_news/PDF_articles/2015/Mexico-Overviewsep15.pdf,,
9a069de8-913f-4074-bcf8-24548771918a,es,http://localhost:5050/news/edmond-grieger-financier-worldwide-oil-gas-2015-june-2015,200,correcto,1,"Edmond Grieger - Financier Worldwide, Petróleo y Gas 2015, junio de 2015.","Edmond Grieger - Financier Worldwide, Petróleo y Gas 2015, junio de 2015. | Von Wobeser y Sierra","Edmond Grieger, nuestro Socio Encargado de las prácticas de Energía y Recursos Naturales y Ambiental en Von Wobeser y Sierra, comenta la Reforma Energética…",https://www.vonwobeser.com/news/edmond-grieger-financier-worldwide-oil-gas-2015-june-2015,es-MX:https://www.vonwobeser.com/news/edmond-grieger-financier-worldwide-oil-gas-2015-june-2015 | en:https://www.vonwobeser.com/news/edmond-grieger-financier-worldwide-oil-gas-2015-june-2015?lang=en | x-default:https://www.vonwobeser.com/news/edmond-grieger-financier-worldwide-oil-gas-2015-june-2015,,,true,true,,,
9a069de8-913f-4074-bcf8-24548771918a,en,http://localhost:5050/news/edmond-grieger-financier-worldwide-oil-gas-2015-june-2015?lang=en,200,correcto,1,"Edmond Grieger - Financier Worldwide, Oil & Gas 2015, June 2015.","Edmond Grieger - Financier Worldwide, Oil & Gas 2015, June 2015. | Von Wobeser y Sierra","Edmond Grieger, our Head Partner of our Energy & Natural Resources and Environment Practices at Von Wobeser y Sierra comments on the Energy Reform which was…",https://www.vonwobeser.com/news/edmond-grieger-financier-worldwide-oil-gas-2015-june-2015?lang=en,es-MX:https://www.vonwobeser.com/news/edmond-grieger-financier-worldwide-oil-gas-2015-june-2015 | en:https://www.vonwobeser.com/news/edmond-grieger-financier-worldwide-oil-gas-2015-june-2015?lang=en | x-default:https://www.vonwobeser.com/news/edmond-grieger-financier-worldwide-oil-gas-2015-june-2015,,,true,true,http://localhost:5050/images/PDF_news/PDF_articles/2015/FINANCIER.pdf,,
6865c431-2d8e-4615-9818-11b53163ffb6,es,http://localhost:5050/news/claus-von-wobeser-adrian-magallanes-chambers-global-practice-guides-internationa,200,correcto,1,"Claus von Wobeser, Adrián Magallanes – Chambers- Global Practice Guides, International Arbitration: Mexico-Law & Practice, mayo de 2015, México.","Claus von Wobeser, Adrián Magallanes – Chambers- Global Practice Guides, International Arbitration: Mexico-Law & Practice, mayo de 2015, México. | Von Wobeser y Sierra","Adrián Magallanes, nuestro Socio en Von Wobeser y Sierra, ofrece información relevante sobre el Arbitraje Internacional - Mexico - Law & Practice.",https://www.vonwobeser.com/news/claus-von-wobeser-adrian-magallanes-chambers-global-practice-guides-internationa,es-MX:https://www.vonwobeser.com/news/claus-von-wobeser-adrian-magallanes-chambers-global-practice-guides-internationa | en:https://www.vonwobeser.com/news/claus-von-wobeser-adrian-magallanes-chambers-global-practice-guides-internationa?lang=en | x-default:https://www.vonwobeser.com/news/claus-von-wobeser-adrian-magallanes-chambers-global-practice-guides-internationa,,,true,true,,,
6865c431-2d8e-4615-9818-11b53163ffb6,en,http://localhost:5050/news/claus-von-wobeser-adrian-magallanes-chambers-global-practice-guides-internationa?lang=en,200,correcto,1,"Claus von Wobeser, Adrian Magallanes – Chambers- Global Practice Guides, International Arbitration: Mexico-Law & Practice, May 2015, Mexico.","Claus von Wobeser, Adrian Magallanes – Chambers- Global Practice Guides, International Arbitration: Mexico-Law & Practice, May 2015, Mexico. | Von Wobeser y Sierra","Adrián Magallanes, our partner at Von Wobeser y Sierra, offers important information regarding International Arbitration- Mexico-Law & Practice.",https://www.vonwobeser.com/news/claus-von-wobeser-adrian-magallanes-chambers-global-practice-guides-internationa?lang=en,es-MX:https://www.vonwobeser.com/news/claus-von-wobeser-adrian-magallanes-chambers-global-practice-guides-internationa | en:https://www.vonwobeser.com/news/claus-von-wobeser-adrian-magallanes-chambers-global-practice-guides-internationa?lang=en | x-default:https://www.vonwobeser.com/news/claus-von-wobeser-adrian-magallanes-chambers-global-practice-guides-internationa,,,true,true,http://localhost:5050/images/PDF_news/PDF_articles/2015/MEXICO_LandP.PDF,,
2af3f55c-325f-4694-9e7a-0c090aae953e,es,http://localhost:5050/news/claus-von-wobeser-adrian-magallanes-chambers-global-practice-guides-internationa-2,200,correcto,1,"Claus Von Wobeser, Adrián Magallanes – Chambers- Global Practice Guides, International Arbitration: Mexico-Trends & Developments, mayo de 2015.","Claus Von Wobeser, Adrián Magallanes – Chambers- Global Practice Guides, International Arbitration: Mexico-Trends & Developments, mayo de 2015. | Von Wobeser y Sierra","Adrián Magallanes, nuestro Socio en Von Wobeser y Sierra, ofrece información relevante sobre el Arbitraje Internacional - Mexico - Trends & Developments.",https://www.vonwobeser.com/news/claus-von-wobeser-adrian-magallanes-chambers-global-practice-guides-internationa-2,es-MX:https://www.vonwobeser.com/news/claus-von-wobeser-adrian-magallanes-chambers-global-practice-guides-internationa-2 | en:https://www.vonwobeser.com/news/claus-von-wobeser-adrian-magallanes-chambers-global-practice-guides-internationa-2?lang=en | x-default:https://www.vonwobeser.com/news/claus-von-wobeser-adrian-magallanes-chambers-global-practice-guides-internationa-2,,,true,true,,,
2af3f55c-325f-4694-9e7a-0c090aae953e,en,http://localhost:5050/news/claus-von-wobeser-adrian-magallanes-chambers-global-practice-guides-internationa-2?lang=en,200,correcto,1,"Claus Von Wobeser, Adrian Magallanes – Chambers- Global Practice Guides, International Arbitration: Mexico-Trends & Developments, May 2015.","Claus Von Wobeser, Adrian Magallanes – Chambers- Global Practice Guides, International Arbitration: Mexico-Trends & Developments, May 2015. | Von Wobeser y Sierra","Adrián Magallanes, our partner at Von Wobeser y Sierra, offers important information regarding International Arbitration- Mexico-Trends & Developments.",https://www.vonwobeser.com/news/claus-von-wobeser-adrian-magallanes-chambers-global-practice-guides-internationa-2?lang=en,es-MX:https://www.vonwobeser.com/news/claus-von-wobeser-adrian-magallanes-chambers-global-practice-guides-internationa-2 | en:https://www.vonwobeser.com/news/claus-von-wobeser-adrian-magallanes-chambers-global-practice-guides-internationa-2?lang=en | x-default:https://www.vonwobeser.com/news/claus-von-wobeser-adrian-magallanes-chambers-global-practice-guides-internationa-2,,,true,true,http://localhost:5050/images/PDF_news/PDF_articles/2015/MEXICO_TD.PDF,,
a5bd0208-1fce-44d9-9dcd-18a8a1986bdc,es,http://localhost:5050/news/andres-nieto-getting-the-deal-through-structured-finance-securitisation-april-20,200,correcto,1,"Andrés Nieto - Getting the Deal Through: Structured Finance & Securitisation, abril de 2015.","Andrés Nieto - Getting the Deal Through: Structured Finance & Securitisation, abril de 2015. | Von Wobeser y Sierra","Andrés Nieto, nuestro Socio Encargado de la práctica de Bancario y Financiero en Von Wobeser y Sierra, responde preguntas relevantes sobre Financiamiento…",https://www.vonwobeser.com/news/andres-nieto-getting-the-deal-through-structured-finance-securitisation-april-20,es-MX:https://www.vonwobeser.com/news/andres-nieto-getting-the-deal-through-structured-finance-securitisation-april-20 | en:https://www.vonwobeser.com/news/andres-nieto-getting-the-deal-through-structured-finance-securitisation-april-20?lang=en | x-default:https://www.vonwobeser.com/news/andres-nieto-getting-the-deal-through-structured-finance-securitisation-april-20,,,true,true,,,
a5bd0208-1fce-44d9-9dcd-18a8a1986bdc,en,http://localhost:5050/news/andres-nieto-getting-the-deal-through-structured-finance-securitisation-april-20?lang=en,200,correcto,1,"Andrés Nieto - Getting the Deal Through: Structured Finance & Securitisation, April 2015.","Andrés Nieto - Getting the Deal Through: Structured Finance & Securitisation, April 2015. | Von Wobeser y Sierra","Andrés Nieto, our Partner Head of the Banking & Finance Practice at Von Wobeser y Sierra, answers important questions regarding Structured Finance &…",https://www.vonwobeser.com/news/andres-nieto-getting-the-deal-through-structured-finance-securitisation-april-20?lang=en,es-MX:https://www.vonwobeser.com/news/andres-nieto-getting-the-deal-through-structured-finance-securitisation-april-20 | en:https://www.vonwobeser.com/news/andres-nieto-getting-the-deal-through-structured-finance-securitisation-april-20?lang=en | x-default:https://www.vonwobeser.com/news/andres-nieto-getting-the-deal-through-structured-finance-securitisation-april-20,,,true,true,http://localhost:5050/images/PDF_news/PDF_articles/2015/VWYS-_5099-v1-Andres_Nieto__Getting_the_Deal_Throug__Structured_Finance_Securitisation__april_20151.pdf,,
3d46789f-7d71-49b0-80ed-467975bff101,es,http://localhost:5050/news/andres-nieto-getting-the-deal-through-banking-regulation-in-mexico-march-2015,200,correcto,1,"Andrés Nieto - Getting The Deal Through, Regulación Bancaria en México, marzo de 2015.","Andrés Nieto - Getting The Deal Through, Regulación Bancaria en México, marzo de 2015. | Von Wobeser y Sierra","Andrés Nieto, nuestro Socio en Von Wobeser y Sierra, aporta claridad sobre la regulación bancaria en México.",https://www.vonwobeser.com/news/andres-nieto-getting-the-deal-through-banking-regulation-in-mexico-march-2015,es-MX:https://www.vonwobeser.com/news/andres-nieto-getting-the-deal-through-banking-regulation-in-mexico-march-2015 | en:https://www.vonwobeser.com/news/andres-nieto-getting-the-deal-through-banking-regulation-in-mexico-march-2015?lang=en | x-default:https://www.vonwobeser.com/news/andres-nieto-getting-the-deal-through-banking-regulation-in-mexico-march-2015,,,true,true,,,
3d46789f-7d71-49b0-80ed-467975bff101,en,http://localhost:5050/news/andres-nieto-getting-the-deal-through-banking-regulation-in-mexico-march-2015?lang=en,200,correcto,1,"Andrés Nieto - Getting The Deal Through, Banking Regulation in Mexico, March 2015.","Andrés Nieto - Getting The Deal Through, Banking Regulation in Mexico, March 2015. | Von Wobeser y Sierra",Andrés Nieto our partner of Von Wobeser y Sierra gives insight regarding banking regulation in Mexico.,https://www.vonwobeser.com/news/andres-nieto-getting-the-deal-through-banking-regulation-in-mexico-march-2015?lang=en,es-MX:https://www.vonwobeser.com/news/andres-nieto-getting-the-deal-through-banking-regulation-in-mexico-march-2015 | en:https://www.vonwobeser.com/news/andres-nieto-getting-the-deal-through-banking-regulation-in-mexico-march-2015?lang=en | x-default:https://www.vonwobeser.com/news/andres-nieto-getting-the-deal-through-banking-regulation-in-mexico-march-2015,,,true,true,http://localhost:5050/images/PDF_news/PDF_articles/2015/BankingRegulation2015Mexico.PDF,,
b0d6183b-6015-4d52-974f-df813b2fdc71,es,http://localhost:5050/news/fernando-carreno-chambers-partners-legal-practice-guide-competition-cartels-marc,200,correcto,1,"Fernando Carreño - Chambers & Partners, Legal Practice Guide; Competition/ Cartels, marzo de 2015","Fernando Carreño - Chambers & Partners, Legal Practice Guide; Competition/ Cartels, marzo de 2015 | Von Wobeser y Sierra",Nuestro Socio Fernando Carreño asesora sobre los aspectos de competencia económica de operaciones corporativas y asuntos de litigio ante la Comisión Federal de…,https://www.vonwobeser.com/news/fernando-carreno-chambers-partners-legal-practice-guide-competition-cartels-marc,es-MX:https://www.vonwobeser.com/news/fernando-carreno-chambers-partners-legal-practice-guide-competition-cartels-marc | en:https://www.vonwobeser.com/news/fernando-carreno-chambers-partners-legal-practice-guide-competition-cartels-marc?lang=en | x-default:https://www.vonwobeser.com/news/fernando-carreno-chambers-partners-legal-practice-guide-competition-cartels-marc,,,true,true,,,
b0d6183b-6015-4d52-974f-df813b2fdc71,en,http://localhost:5050/news/fernando-carreno-chambers-partners-legal-practice-guide-competition-cartels-marc?lang=en,200,correcto,1,"Fernando Carreño - Chambers & Partners, Legal Practice Guide; Competition/ Cartels, March, 2015","Fernando Carreño - Chambers & Partners, Legal Practice Guide; Competition/ Cartels, March, 2015 | Von Wobeser y Sierra",Our Partner Fernando Carreño advises on the antitrust aspects of corporate deals and litigation matters before the Mexican Antitrust Commission. He is highly…,https://www.vonwobeser.com/news/fernando-carreno-chambers-partners-legal-practice-guide-competition-cartels-marc?lang=en,es-MX:https://www.vonwobeser.com/news/fernando-carreno-chambers-partners-legal-practice-guide-competition-cartels-marc | en:https://www.vonwobeser.com/news/fernando-carreno-chambers-partners-legal-practice-guide-competition-cartels-marc?lang=en | x-default:https://www.vonwobeser.com/news/fernando-carreno-chambers-partners-legal-practice-guide-competition-cartels-marc,,,true,true,http://localhost:5050/images/PDF_news/PDF_articles/2015/VWYS_2603-v1-CHAMBERS_AND_PARTNERS_COMPETITION_ANTITRUST_MEXICO.PDF,,
6d9c7fb7-4ede-498b-a8b5-4b3dd6e9cf41,es,http://localhost:5050/news/adrian-magallanes-global-law-and-business-enforcement-of-investment-treaty-arbit,200,correcto,1,"Adrian Magallanes - Global Law and Business, Ejecución de Laudos Arbitrales en Materia de Tratados de Inversión, México, febrero de 2015.","Adrian Magallanes - Global Law and Business, Ejecución de Laudos Arbitrales en Materia de Tratados de Inversión, México, febrero de 2015. | Von Wobeser y Sierra","Adrián Magallanes, nuestro socio en Von Wobeser y Sierra, ofrece información importante sobre el arbitraje en materia de tratados de inversión en México.",https://www.vonwobeser.com/news/adrian-magallanes-global-law-and-business-enforcement-of-investment-treaty-arbit,es-MX:https://www.vonwobeser.com/news/adrian-magallanes-global-law-and-business-enforcement-of-investment-treaty-arbit | en:https://www.vonwobeser.com/news/adrian-magallanes-global-law-and-business-enforcement-of-investment-treaty-arbit?lang=en | x-default:https://www.vonwobeser.com/news/adrian-magallanes-global-law-and-business-enforcement-of-investment-treaty-arbit,,,true,true,,,
6d9c7fb7-4ede-498b-a8b5-4b3dd6e9cf41,en,http://localhost:5050/news/adrian-magallanes-global-law-and-business-enforcement-of-investment-treaty-arbit?lang=en,200,correcto,1,"Adrian Magallanes - Global Law and Business, Enforcement of Investment Treaty Arbitration Awards Mexico, February 2015.","Adrian Magallanes - Global Law and Business, Enforcement of Investment Treaty Arbitration Awards Mexico, February 2015. | Von Wobeser y Sierra","Adrián Magallanes, our partner at Von Wobeser y Sierra, offers important information regarding investment treaty arbitration in Mexico.",https://www.vonwobeser.com/news/adrian-magallanes-global-law-and-business-enforcement-of-investment-treaty-arbit?lang=en,es-MX:https://www.vonwobeser.com/news/adrian-magallanes-global-law-and-business-enforcement-of-investment-treaty-arbit | en:https://www.vonwobeser.com/news/adrian-magallanes-global-law-and-business-enforcement-of-investment-treaty-arbit?lang=en | x-default:https://www.vonwobeser.com/news/adrian-magallanes-global-law-and-business-enforcement-of-investment-treaty-arbit,,,true,true,http://localhost:5050/images/PDF_news/PDF_articles/2015/Enforcement_of_Investment_Treaty_Arbitration_Awards_Mexico.pdf,,
2f17f7b2-29f9-4741-94c9-a447396c2f45,es,http://localhost:5050/news/edmond-grieger-corporate-livewire-virtual-round-table-energy-natural-resources-j,200,correcto,1,"Edmond Grieger - Corporate Livewire, Virtual Round Table, Energía y Recursos Naturales, enero de 2015","Edmond Grieger - Corporate Livewire, Virtual Round Table, Energía y Recursos Naturales, enero de 2015 | Von Wobeser y Sierra",Nuestra Mesa Redonda sobre Energía y Recursos Naturales 2015 ofrece un análisis a fondo de las últimas tendencias y los desarrollos recientes. Conversamos con…,https://www.vonwobeser.com/news/edmond-grieger-corporate-livewire-virtual-round-table-energy-natural-resources-j,es-MX:https://www.vonwobeser.com/news/edmond-grieger-corporate-livewire-virtual-round-table-energy-natural-resources-j | en:https://www.vonwobeser.com/news/edmond-grieger-corporate-livewire-virtual-round-table-energy-natural-resources-j?lang=en | x-default:https://www.vonwobeser.com/news/edmond-grieger-corporate-livewire-virtual-round-table-energy-natural-resources-j,,,true,true,,,
2f17f7b2-29f9-4741-94c9-a447396c2f45,en,http://localhost:5050/news/edmond-grieger-corporate-livewire-virtual-round-table-energy-natural-resources-j?lang=en,200,correcto,1,"Edmond Grieger - Corporate Livewire, Virtual Round Table, Energy Natural Resources, January 2015","Edmond Grieger - Corporate Livewire, Virtual Round Table, Energy Natural Resources, January 2015 | Von Wobeser y Sierra",Our Energy & Natural Resources Roundtable 2015 provides in depth analysis on the latest trends and recent developments. We spoke with nine experts from around…,https://www.vonwobeser.com/news/edmond-grieger-corporate-livewire-virtual-round-table-energy-natural-resources-j?lang=en,es-MX:https://www.vonwobeser.com/news/edmond-grieger-corporate-livewire-virtual-round-table-energy-natural-resources-j | en:https://www.vonwobeser.com/news/edmond-grieger-corporate-livewire-virtual-round-table-energy-natural-resources-j?lang=en | x-default:https://www.vonwobeser.com/news/edmond-grieger-corporate-livewire-virtual-round-table-energy-natural-resources-j,,,true,true,http://localhost:5050/images/PDF_news/Virtual_Round_Table_Energy_Natural_Resources_2015.pdf,,
956a5317-6fab-4e3f-8ccf-09194a47e06e,es,http://localhost:5050/news/fernando-carreno-paloma-alcantara-global-competition-review-the-antitrust-review-2,200,correcto,1,"Fernando Carreño, Paloma Alcántara - Global Competition Review, The Antitrust Review of The Americas: México: Panorama General, enero de 2015.","Fernando Carreño, Paloma Alcántara - Global Competition Review, The Antitrust Review of The Americas: México: Panorama General, enero de 2015. | Von Wobeser y Sierra","Los importantes cambios recientemente introducidos en México a la ley de competencia se consideran un gran paso para nuestro país, tanto en el plano…",https://www.vonwobeser.com/news/fernando-carreno-paloma-alcantara-global-competition-review-the-antitrust-review-2,es-MX:https://www.vonwobeser.com/news/fernando-carreno-paloma-alcantara-global-competition-review-the-antitrust-review-2 | en:https://www.vonwobeser.com/news/fernando-carreno-paloma-alcantara-global-competition-review-the-antitrust-review-2?lang=en | x-default:https://www.vonwobeser.com/news/fernando-carreno-paloma-alcantara-global-competition-review-the-antitrust-review-2,,,true,true,,,
956a5317-6fab-4e3f-8ccf-09194a47e06e,en,http://localhost:5050/news/fernando-carreno-paloma-alcantara-global-competition-review-the-antitrust-review-2?lang=en,200,correcto,1,"Fernando Carreño, Paloma Alcántara - Global Competition Review, The Antitrust Review of The Americas: Mexico: Overview, January 2015.","Fernando Carreño, Paloma Alcántara - Global Competition Review, The Antitrust Review of The Americas: Mexico: Overview, January 2015. | Von Wobeser y Sierra","The important changes recently made in Mexico to the antitrust law are considered a big step for our country, legislatively as well as in…",https://www.vonwobeser.com/news/fernando-carreno-paloma-alcantara-global-competition-review-the-antitrust-review-2?lang=en,es-MX:https://www.vonwobeser.com/news/fernando-carreno-paloma-alcantara-global-competition-review-the-antitrust-review-2 | en:https://www.vonwobeser.com/news/fernando-carreno-paloma-alcantara-global-competition-review-the-antitrust-review-2?lang=en | x-default:https://www.vonwobeser.com/news/fernando-carreno-paloma-alcantara-global-competition-review-the-antitrust-review-2,,,true,true,http://localhost:5050/images/68-FernandoCarreoandPalomaAlcantaraTheAntitrustReviewoftheAmericas2015Overview.pdf,,
e7ea0d77-a778-431a-a7be-282b92805bec,es,http://localhost:5050/news/claus-von-wobeser-adrian-magallanes-getting-the-deal-through-investment-treaty-a-2,200,correcto,1,"Claus von Wobeser, Adrián Magallanes - Getting The Deal Through, Arbitraje en Materia de Tratados de Inversión, noviembre de 2014","Claus von Wobeser, Adrián Magallanes - Getting The Deal Through, Arbitraje en Materia de Tratados de Inversión, noviembre de 2014 | Von Wobeser y Sierra","Claus von Wobeser y Adrián Magallanes, nuestros socios de Von Wobeser y Sierra, aportan una perspectiva sobre temas importantes relativos al arbitraje en…",https://www.vonwobeser.com/news/claus-von-wobeser-adrian-magallanes-getting-the-deal-through-investment-treaty-a-2,es-MX:https://www.vonwobeser.com/news/claus-von-wobeser-adrian-magallanes-getting-the-deal-through-investment-treaty-a-2 | en:https://www.vonwobeser.com/news/claus-von-wobeser-adrian-magallanes-getting-the-deal-through-investment-treaty-a-2?lang=en | x-default:https://www.vonwobeser.com/news/claus-von-wobeser-adrian-magallanes-getting-the-deal-through-investment-treaty-a-2,,,true,true,,,
e7ea0d77-a778-431a-a7be-282b92805bec,en,http://localhost:5050/news/claus-von-wobeser-adrian-magallanes-getting-the-deal-through-investment-treaty-a-2?lang=en,200,correcto,1,"Claus von Wobeser, Adrián Magallanes - Getting The Deal Through, Investment Treaty Arbitration, November 2014","Claus von Wobeser, Adrián Magallanes - Getting The Deal Through, Investment Treaty Arbitration, November 2014 | Von Wobeser y Sierra","Claus von Wobeser and Adrian Magallanes, our partners of Von Wobeser y Sierra give insight to important topics regarding investment treaty arbitration.",https://www.vonwobeser.com/news/claus-von-wobeser-adrian-magallanes-getting-the-deal-through-investment-treaty-a-2?lang=en,es-MX:https://www.vonwobeser.com/news/claus-von-wobeser-adrian-magallanes-getting-the-deal-through-investment-treaty-a-2 | en:https://www.vonwobeser.com/news/claus-von-wobeser-adrian-magallanes-getting-the-deal-through-investment-treaty-a-2?lang=en | x-default:https://www.vonwobeser.com/news/claus-von-wobeser-adrian-magallanes-getting-the-deal-through-investment-treaty-a-2,,,true,true,http://localhost:5050/images/PDF_news/PDF_articles/2014/InvestmentTraetyArbitration2014.PDF,,
0f7f75b7-24b7-4c7c-b268-7e7261919684,es,http://localhost:5050/news/andres-nieto-luis-burgueno-getting-the-deal-through-private-equity-october-2014-2,200,correcto,1,"Andrés Nieto, Luis Burgueño - Getting the Deal Through, Private Equity, octubre de 2014","Andrés Nieto, Luis Burgueño - Getting the Deal Through, Private Equity, octubre de 2014 | Von Wobeser y Sierra",Andrés Nieto y Luis Burgueño hablan sobre Private Equity y México.,https://www.vonwobeser.com/news/andres-nieto-luis-burgueno-getting-the-deal-through-private-equity-october-2014-2,es-MX:https://www.vonwobeser.com/news/andres-nieto-luis-burgueno-getting-the-deal-through-private-equity-october-2014-2 | en:https://www.vonwobeser.com/news/andres-nieto-luis-burgueno-getting-the-deal-through-private-equity-october-2014-2?lang=en | x-default:https://www.vonwobeser.com/news/andres-nieto-luis-burgueno-getting-the-deal-through-private-equity-october-2014-2,,,true,true,,,
0f7f75b7-24b7-4c7c-b268-7e7261919684,en,http://localhost:5050/news/andres-nieto-luis-burgueno-getting-the-deal-through-private-equity-october-2014-2?lang=en,200,correcto,1,"Andrés Nieto, Luis Burgueño - Getting the Deal Through, Private Equity, October 2014","Andrés Nieto, Luis Burgueño - Getting the Deal Through, Private Equity, October 2014 | Von Wobeser y Sierra",Andrés Nieto and Luis Burgueño talk about Private Equity and Mexico.,https://www.vonwobeser.com/news/andres-nieto-luis-burgueno-getting-the-deal-through-private-equity-october-2014-2?lang=en,es-MX:https://www.vonwobeser.com/news/andres-nieto-luis-burgueno-getting-the-deal-through-private-equity-october-2014-2 | en:https://www.vonwobeser.com/news/andres-nieto-luis-burgueno-getting-the-deal-through-private-equity-october-2014-2?lang=en | x-default:https://www.vonwobeser.com/news/andres-nieto-luis-burgueno-getting-the-deal-through-private-equity-october-2014-2,,,true,true,,,
6cb333de-fea8-4f4f-bb48-426727cd852c,es,http://localhost:5050/news/diego-sierra-global-investigations-review-the-investigations-review-of-the-ameri-2,200,correcto,1,"Diego Sierra - Global Investigations Review, The Investigations Review of the Americas, October 2014","Diego Sierra - Global Investigations Review, The Investigations Review of the Americas, October 2014 | Von Wobeser y Sierra","La actual administración federal de México ha hecho públicamente de la lucha contra la corrupción una de sus principales prioridades. En el Pacto por México,…",https://www.vonwobeser.com/news/diego-sierra-global-investigations-review-the-investigations-review-of-the-ameri-2,es-MX:https://www.vonwobeser.com/news/diego-sierra-global-investigations-review-the-investigations-review-of-the-ameri-2 | en:https://www.vonwobeser.com/news/diego-sierra-global-investigations-review-the-investigations-review-of-the-ameri-2?lang=en | x-default:https://www.vonwobeser.com/news/diego-sierra-global-investigations-review-the-investigations-review-of-the-ameri-2,,,true,true,,,
6cb333de-fea8-4f4f-bb48-426727cd852c,en,http://localhost:5050/news/diego-sierra-global-investigations-review-the-investigations-review-of-the-ameri-2?lang=en,200,correcto,1,"Diego Sierra - Global Investigations Review, The Investigations Review of the Americas, October 2014","Diego Sierra - Global Investigations Review, The Investigations Review of the Americas, October 2014 | Von Wobeser y Sierra","Mexico´s current federal administration has publicly made de fight against corruption one of its top priorities. In the Pact for Mexico, President Peña Nieto…",https://www.vonwobeser.com/news/diego-sierra-global-investigations-review-the-investigations-review-of-the-ameri-2?lang=en,es-MX:https://www.vonwobeser.com/news/diego-sierra-global-investigations-review-the-investigations-review-of-the-ameri-2 | en:https://www.vonwobeser.com/news/diego-sierra-global-investigations-review-the-investigations-review-of-the-ameri-2?lang=en | x-default:https://www.vonwobeser.com/news/diego-sierra-global-investigations-review-the-investigations-review-of-the-ameri-2,,,true,true,http://localhost:5050/images/PDF_news/PDF_articles/2014/201410GIRInvestigationsReviewoftheAmericas2015DS.pdf,,
cc7dc8a4-4097-4554-99cc-aaad0c6914a8,es,http://localhost:5050/news/edmond-grieger-corporate-livewire-expert-guide-energy-natural-resources,200,correcto,1,Edmond Grieger - Corporate Livewire: Guía de Expertos Energía y Recursos Naturales,Edmond Grieger - Corporate Livewire: Guía de Expertos Energía y Recursos Naturales | Von Wobeser y Sierra,Los legisladores mexicanos dieron recientemente un paso importante para impulsar el sector energético de México al aprobar una enmienda constitucional…,https://www.vonwobeser.com/news/edmond-grieger-corporate-livewire-expert-guide-energy-natural-resources,es-MX:https://www.vonwobeser.com/news/edmond-grieger-corporate-livewire-expert-guide-energy-natural-resources | en:https://www.vonwobeser.com/news/edmond-grieger-corporate-livewire-expert-guide-energy-natural-resources?lang=en | x-default:https://www.vonwobeser.com/news/edmond-grieger-corporate-livewire-expert-guide-energy-natural-resources,,,true,true,,,
cc7dc8a4-4097-4554-99cc-aaad0c6914a8,en,http://localhost:5050/news/edmond-grieger-corporate-livewire-expert-guide-energy-natural-resources?lang=en,200,correcto,1,Edmond Grieger - Corporate Livewire: Expert Guide Energy & Natural Resources,Edmond Grieger - Corporate Livewire: Expert Guide Energy & Natural Resources | Von Wobeser y Sierra,"Mexican lawmakers recently took an important step to boost Mexico’s energy sector, by approving a historic constitutional amendment to overhaul the oil, gas,…",https://www.vonwobeser.com/news/edmond-grieger-corporate-livewire-expert-guide-energy-natural-resources?lang=en,es-MX:https://www.vonwobeser.com/news/edmond-grieger-corporate-livewire-expert-guide-energy-natural-resources | en:https://www.vonwobeser.com/news/edmond-grieger-corporate-livewire-expert-guide-energy-natural-resources?lang=en | x-default:https://www.vonwobeser.com/news/edmond-grieger-corporate-livewire-expert-guide-energy-natural-resources,,,true,true,http://localhost:5050/images/PDF_news/PDF_articles/2014/CorporateLivewireEnergyNaturalResourcesJuly2014EG.pdf,,
c651e2f5-aea9-4c25-8a84-8e284cff2ca9,es,http://localhost:5050/news/fernando-carreno-jose-palomar-law-business-research-the-public-competition-enfor,200,correcto,1,"Fernando Carreño, José Palomar - Law Business Research, The Public Competition Enforcement Review, Sexta Edición","Fernando Carreño, José Palomar - Law Business Research, The Public Competition Enforcement Review, Sexta Edición | Von Wobeser y Sierra","En México, la práctica de competencia económica ha sido, desde su creación, uno de los temas más sofisticados y complejos del derecho mexicano. Esto ha dado…",https://www.vonwobeser.com/news/fernando-carreno-jose-palomar-law-business-research-the-public-competition-enfor,es-MX:https://www.vonwobeser.com/news/fernando-carreno-jose-palomar-law-business-research-the-public-competition-enfor | en:https://www.vonwobeser.com/news/fernando-carreno-jose-palomar-law-business-research-the-public-competition-enfor?lang=en | x-default:https://www.vonwobeser.com/news/fernando-carreno-jose-palomar-law-business-research-the-public-competition-enfor,,,true,true,,,
c651e2f5-aea9-4c25-8a84-8e284cff2ca9,en,http://localhost:5050/news/fernando-carreno-jose-palomar-law-business-research-the-public-competition-enfor?lang=en,200,correcto,1,"Fernando Carreño , Jose Palomar - Law Business Research The Public Competition Enforcement Review, Sixth Edition","Fernando Carreño , Jose Palomar - Law Business Research The Public Competition Enforcement Review, Sixth Edition | Von Wobeser y Sierra","In Mexico, antitrust practice has been, since its creation, one of the most sophisticated and complex topics in Mexican law. This has resulted in a lot of…",https://www.vonwobeser.com/news/fernando-carreno-jose-palomar-law-business-research-the-public-competition-enfor?lang=en,es-MX:https://www.vonwobeser.com/news/fernando-carreno-jose-palomar-law-business-research-the-public-competition-enfor | en:https://www.vonwobeser.com/news/fernando-carreno-jose-palomar-law-business-research-the-public-competition-enfor?lang=en | x-default:https://www.vonwobeser.com/news/fernando-carreno-jose-palomar-law-business-research-the-public-competition-enfor,,,true,true,http://localhost:5050/images/PDF_news/PDF_articles/2014/THEPUBLICCOMPETITIONREVIEWEDITION6.pdf,,
d2a73c17-357c-4569-951f-765c0cf6a822,es,http://localhost:5050/news/claus-von-wobeser-montserrat-manzano-getting-the-deal-through-arbitration-2014,200,correcto,1,"Claus von Wobeser, Montserrat Manzano - Getting the Deal Through, Arbitraje 2014","Claus von Wobeser, Montserrat Manzano - Getting the Deal Through, Arbitraje 2014 | Von Wobeser y Sierra","México es parte de la Convención de Nueva York, la cual ha estado en vigor desde el 13 de julio de 1971. México no hizo declaración alguna respecto de los…",https://www.vonwobeser.com/news/claus-von-wobeser-montserrat-manzano-getting-the-deal-through-arbitration-2014,es-MX:https://www.vonwobeser.com/news/claus-von-wobeser-montserrat-manzano-getting-the-deal-through-arbitration-2014 | en:https://www.vonwobeser.com/news/claus-von-wobeser-montserrat-manzano-getting-the-deal-through-arbitration-2014?lang=en | x-default:https://www.vonwobeser.com/news/claus-von-wobeser-montserrat-manzano-getting-the-deal-through-arbitration-2014,,,true,true,,,
d2a73c17-357c-4569-951f-765c0cf6a822,en,http://localhost:5050/news/claus-von-wobeser-montserrat-manzano-getting-the-deal-through-arbitration-2014?lang=en,200,correcto,1,"Claus von Wobeser , Montserrat Manzano - Getting the Deal Through, Arbitration 2014","Claus von Wobeser , Montserrat Manzano - Getting the Deal Through, Arbitration 2014 | Von Wobeser y Sierra","Mexico is party to the New York Convention, which has been in force since the 13th of July 1971. Mexico made no particular declaration regarding articles, I,…",https://www.vonwobeser.com/news/claus-von-wobeser-montserrat-manzano-getting-the-deal-through-arbitration-2014?lang=en,es-MX:https://www.vonwobeser.com/news/claus-von-wobeser-montserrat-manzano-getting-the-deal-through-arbitration-2014 | en:https://www.vonwobeser.com/news/claus-von-wobeser-montserrat-manzano-getting-the-deal-through-arbitration-2014?lang=en | x-default:https://www.vonwobeser.com/news/claus-von-wobeser-montserrat-manzano-getting-the-deal-through-arbitration-2014,,,true,true,http://localhost:5050/images/PDF_news/201402GettingTheDealThroughArbitration.pdf,,
f7f25ec4-2987-4c1a-98fd-1117c8366a50,es,http://localhost:5050/news/edmond-grieger-corporate-livewire-virtual-round-table-energy-natural-resources-2,200,correcto,1,"Edmond Grieger - Corporate Livewire, Mesa Redonda Virtual: Energía y Recursos Naturales 2014","Edmond Grieger - Corporate Livewire, Mesa Redonda Virtual: Energía y Recursos Naturales 2014 | Von Wobeser y Sierra",En esta mesa redonda conversamos con 10 expertos de todo el mundo sobre los últimos cambios y desarrollos en el sector de Energía y Recursos Naturales.,https://www.vonwobeser.com/news/edmond-grieger-corporate-livewire-virtual-round-table-energy-natural-resources-2,es-MX:https://www.vonwobeser.com/news/edmond-grieger-corporate-livewire-virtual-round-table-energy-natural-resources-2 | en:https://www.vonwobeser.com/news/edmond-grieger-corporate-livewire-virtual-round-table-energy-natural-resources-2?lang=en | x-default:https://www.vonwobeser.com/news/edmond-grieger-corporate-livewire-virtual-round-table-energy-natural-resources-2,,,true,true,,,
f7f25ec4-2987-4c1a-98fd-1117c8366a50,en,http://localhost:5050/news/edmond-grieger-corporate-livewire-virtual-round-table-energy-natural-resources-2?lang=en,200,correcto,1,"Edmond Grieger - Corporate Livewire, Virtual Round Table: Energy & Natural Resources 2014","Edmond Grieger - Corporate Livewire, Virtual Round Table: Energy & Natural Resources 2014 | Von Wobeser y Sierra",In this roundtable we spoke with 10 experts from around the world about the latest changes and developments in the Energy & Natural Resources sector.,https://www.vonwobeser.com/news/edmond-grieger-corporate-livewire-virtual-round-table-energy-natural-resources-2?lang=en,es-MX:https://www.vonwobeser.com/news/edmond-grieger-corporate-livewire-virtual-round-table-energy-natural-resources-2 | en:https://www.vonwobeser.com/news/edmond-grieger-corporate-livewire-virtual-round-table-energy-natural-resources-2?lang=en | x-default:https://www.vonwobeser.com/news/edmond-grieger-corporate-livewire-virtual-round-table-energy-natural-resources-2,,,true,true,http://localhost:5050/images/PDF_news/PDF_articles/2014/LWVRTEnergyandNaturalResources2014.pdf,,
b82ceae2-cf3a-4a41-b346-88d4af3a6f18,es,http://localhost:5050/news/rodolfo-trampe-jorge-diaz-jose-palomar-getting-the-deal-through-outsourcing-mexi,200,correcto,1,"Rodolfo Trampe, Jorge Díaz, José Palomar - Getting the Deal Through Outsourcing Mexico 2014","Rodolfo Trampe, Jorge Díaz, José Palomar - Getting the Deal Through Outsourcing Mexico 2014 | Von Wobeser y Sierra",Esta guía distingue los servicios especializados de outsourcing de la subcontratación de personal en México y revisa sus consecuencias jurídicas. Examina…,https://www.vonwobeser.com/news/rodolfo-trampe-jorge-diaz-jose-palomar-getting-the-deal-through-outsourcing-mexi,es-MX:https://www.vonwobeser.com/news/rodolfo-trampe-jorge-diaz-jose-palomar-getting-the-deal-through-outsourcing-mexi | en:https://www.vonwobeser.com/news/rodolfo-trampe-jorge-diaz-jose-palomar-getting-the-deal-through-outsourcing-mexi?lang=en | x-default:https://www.vonwobeser.com/news/rodolfo-trampe-jorge-diaz-jose-palomar-getting-the-deal-through-outsourcing-mexi,https://www.vonwobeser.com/images/PDF_news/2015/MexicoOutsourcingNov2013.pdf,https://www.vonwobeser.com/images/PDF_news/2015/MexicoOutsourcingNov2013.pdf,true,true,,,
b82ceae2-cf3a-4a41-b346-88d4af3a6f18,en,http://localhost:5050/news/rodolfo-trampe-jorge-diaz-jose-palomar-getting-the-deal-through-outsourcing-mexi?lang=en,200,correcto,1,"Rodolfo Trampe, Jorge Díaz, José Palomar - Getting the Deal Through Outsourcing Mexico 2014","Rodolfo Trampe, Jorge Díaz, José Palomar - Getting the Deal Through Outsourcing Mexico 2014 | Von Wobeser y Sierra",This guide distinguishes specialized outsourcing services from personnel subcontracting in Mexico and reviews their legal consequences. It surveys applicable…,https://www.vonwobeser.com/news/rodolfo-trampe-jorge-diaz-jose-palomar-getting-the-deal-through-outsourcing-mexi?lang=en,es-MX:https://www.vonwobeser.com/news/rodolfo-trampe-jorge-diaz-jose-palomar-getting-the-deal-through-outsourcing-mexi | en:https://www.vonwobeser.com/news/rodolfo-trampe-jorge-diaz-jose-palomar-getting-the-deal-through-outsourcing-mexi?lang=en | x-default:https://www.vonwobeser.com/news/rodolfo-trampe-jorge-diaz-jose-palomar-getting-the-deal-through-outsourcing-mexi,https://www.vonwobeser.com/images/PDF_news/2015/MexicoOutsourcingNov2013.pdf,https://www.vonwobeser.com/images/PDF_news/2015/MexicoOutsourcingNov2013.pdf,true,true,,,
e36d5f69-b1de-436a-968c-eebc78399b60,es,http://localhost:5050/news/claus-von-wobeser-adrian-magallanes-getting-the-deal-through-investment-treaty-m,200,correcto,1,"Claus von Wobeser, Adrian Magallanes - Getting the Deal Through Investment Treaty Mexico 2014","Claus von Wobeser, Adrian Magallanes - Getting the Deal Through Investment Treaty Mexico 2014 | Von Wobeser y Sierra","Esta guía de país presenta el marco mexicano de inversión extranjera, incluidos los tratados, las reglas internas, las restricciones sectoriales y las vías…",https://www.vonwobeser.com/news/claus-von-wobeser-adrian-magallanes-getting-the-deal-through-investment-treaty-m,es-MX:https://www.vonwobeser.com/news/claus-von-wobeser-adrian-magallanes-getting-the-deal-through-investment-treaty-m | en:https://www.vonwobeser.com/news/claus-von-wobeser-adrian-magallanes-getting-the-deal-through-investment-treaty-m?lang=en | x-default:https://www.vonwobeser.com/news/claus-von-wobeser-adrian-magallanes-getting-the-deal-through-investment-treaty-m,https://www.vonwobeser.com/images/PDF_news/PDF_articles/2013/45-MexicoInvestmentTreaty.pdf,https://www.vonwobeser.com/images/PDF_news/PDF_articles/2013/45-MexicoInvestmentTreaty.pdf,true,true,,,
e36d5f69-b1de-436a-968c-eebc78399b60,en,http://localhost:5050/news/claus-von-wobeser-adrian-magallanes-getting-the-deal-through-investment-treaty-m?lang=en,200,correcto,1,"Claus von Wobeser, Adrian Magallanes - Getting the Deal Through Investment Treaty Mexico 2014","Claus von Wobeser, Adrian Magallanes - Getting the Deal Through Investment Treaty Mexico 2014 | Von Wobeser y Sierra","This country guide outlines Mexico's foreign-investment framework, including treaties, domestic rules, sector restrictions and routes for resolving…",https://www.vonwobeser.com/news/claus-von-wobeser-adrian-magallanes-getting-the-deal-through-investment-treaty-m?lang=en,es-MX:https://www.vonwobeser.com/news/claus-von-wobeser-adrian-magallanes-getting-the-deal-through-investment-treaty-m | en:https://www.vonwobeser.com/news/claus-von-wobeser-adrian-magallanes-getting-the-deal-through-investment-treaty-m?lang=en | x-default:https://www.vonwobeser.com/news/claus-von-wobeser-adrian-magallanes-getting-the-deal-through-investment-treaty-m,https://www.vonwobeser.com/images/PDF_news/PDF_articles/2013/45-MexicoInvestmentTreaty.pdf,https://www.vonwobeser.com/images/PDF_news/PDF_articles/2013/45-MexicoInvestmentTreaty.pdf,true,true,,,
84f9bfcc-8798-48d5-a890-377665c14c83,es,http://localhost:5050/news/claus-von-wobeser-the-arbitration-review-of-the-americas-2014-decision-on-anti-e,200,correcto,1,Claus von Wobeser - The Arbitration Review of the Americas 2014; Resolución sobre medidas cautelares anti-ejecución y acceso a la justicia,Claus von Wobeser - The Arbitration Review of the Americas 2014; Resolución sobre medidas cautelares anti-ejecución y acceso a la justicia | Von Wobeser y Sierra,"De conformidad con las disposiciones legales sobre arbitraje comercial reguladas en el Código de Comercio y el Reglamento de Arbitraje de la ICC, los laudos…",https://www.vonwobeser.com/news/claus-von-wobeser-the-arbitration-review-of-the-americas-2014-decision-on-anti-e,es-MX:https://www.vonwobeser.com/news/claus-von-wobeser-the-arbitration-review-of-the-americas-2014-decision-on-anti-e | en:https://www.vonwobeser.com/news/claus-von-wobeser-the-arbitration-review-of-the-americas-2014-decision-on-anti-e?lang=en | x-default:https://www.vonwobeser.com/news/claus-von-wobeser-the-arbitration-review-of-the-americas-2014-decision-on-anti-e,,,true,true,,,
84f9bfcc-8798-48d5-a890-377665c14c83,en,http://localhost:5050/news/claus-von-wobeser-the-arbitration-review-of-the-americas-2014-decision-on-anti-e?lang=en,200,correcto,1,Claus von Wobeser - The Arbitration Review of the Americas 2014; Decision on Anti-Enforcement Injunctions and Access to Justice,Claus von Wobeser - The Arbitration Review of the Americas 2014; Decision on Anti-Enforcement Injunctions and Access to Justice | Von Wobeser y Sierra,"Pursuant to the legal provisions on commercial arbitration regulated in the Commerce Code and the Arbitration Rules of the ICC, arbitral awards are binding to…",https://www.vonwobeser.com/news/claus-von-wobeser-the-arbitration-review-of-the-americas-2014-decision-on-anti-e?lang=en,es-MX:https://www.vonwobeser.com/news/claus-von-wobeser-the-arbitration-review-of-the-americas-2014-decision-on-anti-e | en:https://www.vonwobeser.com/news/claus-von-wobeser-the-arbitration-review-of-the-americas-2014-decision-on-anti-e?lang=en | x-default:https://www.vonwobeser.com/news/claus-von-wobeser-the-arbitration-review-of-the-americas-2014-decision-on-anti-e,,,true,true,http://localhost:5050/images/PDF_news/2015/TheArbitrationReviewoftheAmericas2014.pdf,,
a296ef7d-5e4d-4389-b4cb-ff3047f9b62e,es,http://localhost:5050/news/fernando-carreno-jose-palomar-global-competition-review-the-antitrust-review-of-,200,correcto,1,"Fernando Carreño, José Palomar - Global Competition Review, The Antitrust Review of the Americas, Mexico 2014","Fernando Carreño, José Palomar - Global Competition Review, The Antitrust Review of the Americas, Mexico 2014 | Von Wobeser y Sierra","En México, la práctica de competencia económica ha sido, desde su creación, uno de nuestros temas más sofisticados y complejos del Derecho mexicano. Esto ha…",https://www.vonwobeser.com/news/fernando-carreno-jose-palomar-global-competition-review-the-antitrust-review-of-,es-MX:https://www.vonwobeser.com/news/fernando-carreno-jose-palomar-global-competition-review-the-antitrust-review-of- | en:https://www.vonwobeser.com/news/fernando-carreno-jose-palomar-global-competition-review-the-antitrust-review-of-?lang=en | x-default:https://www.vonwobeser.com/news/fernando-carreno-jose-palomar-global-competition-review-the-antitrust-review-of-,,,true,true,,,
a296ef7d-5e4d-4389-b4cb-ff3047f9b62e,en,http://localhost:5050/news/fernando-carreno-jose-palomar-global-competition-review-the-antitrust-review-of-?lang=en,200,correcto,1,"Fernando Carreño , José Palomar - Global Competition Review, The Antitrust Review of the Americas, Mexico 2014","Fernando Carreño , José Palomar - Global Competition Review, The Antitrust Review of the Americas, Mexico 2014 | Von Wobeser y Sierra","In Mexico, the antitrust practice has been, since its creation, one of our most sophisticated and complex topics in Mexican Law. This has caused a number of…",https://www.vonwobeser.com/news/fernando-carreno-jose-palomar-global-competition-review-the-antitrust-review-of-?lang=en,es-MX:https://www.vonwobeser.com/news/fernando-carreno-jose-palomar-global-competition-review-the-antitrust-review-of- | en:https://www.vonwobeser.com/news/fernando-carreno-jose-palomar-global-competition-review-the-antitrust-review-of-?lang=en | x-default:https://www.vonwobeser.com/news/fernando-carreno-jose-palomar-global-competition-review-the-antitrust-review-of-,,,true,true,,,
ece800dd-9adc-4a8c-b673-25ea3c970fc0,es,http://localhost:5050/news/claus-von-wobeser-international-bar-association-guide-iba-arbitration-guide-mexi,200,correcto,1,Claus Von Wobeser - International Bar Association Guide (IBA) - Guía de Arbitraje México,Claus Von Wobeser - International Bar Association Guide (IBA) - Guía de Arbitraje México | Von Wobeser y Sierra,"Esta guía describe el marco jurídico y la práctica del arbitraje en México, incluidos los convenios arbitrales, la arbitrabilidad, el nombramiento de árbitros,…",https://www.vonwobeser.com/news/claus-von-wobeser-international-bar-association-guide-iba-arbitration-guide-mexi,es-MX:https://www.vonwobeser.com/news/claus-von-wobeser-international-bar-association-guide-iba-arbitration-guide-mexi | en:https://www.vonwobeser.com/news/claus-von-wobeser-international-bar-association-guide-iba-arbitration-guide-mexi?lang=en | x-default:https://www.vonwobeser.com/news/claus-von-wobeser-international-bar-association-guide-iba-arbitration-guide-mexi,https://www.vonwobeser.com/images/PDF_news/2015/IBAMexicoChapterInternationalArbitrationGuide2013.pdf,https://www.vonwobeser.com/images/PDF_news/2015/IBAMexicoChapterInternationalArbitrationGuide2013.pdf,true,true,,,
ece800dd-9adc-4a8c-b673-25ea3c970fc0,en,http://localhost:5050/news/claus-von-wobeser-international-bar-association-guide-iba-arbitration-guide-mexi?lang=en,200,correcto,1,Claus Von Wobeser - International Bar Association Guide (IBA) - Arbitration Guide Mexico,Claus Von Wobeser - International Bar Association Guide (IBA) - Arbitration Guide Mexico | Von Wobeser y Sierra,"This guide describes the legal framework and practice of arbitration in Mexico, addressing agreements, arbitrability, appointment of arbitrators, evidence,…",https://www.vonwobeser.com/news/claus-von-wobeser-international-bar-association-guide-iba-arbitration-guide-mexi?lang=en,es-MX:https://www.vonwobeser.com/news/claus-von-wobeser-international-bar-association-guide-iba-arbitration-guide-mexi | en:https://www.vonwobeser.com/news/claus-von-wobeser-international-bar-association-guide-iba-arbitration-guide-mexi?lang=en | x-default:https://www.vonwobeser.com/news/claus-von-wobeser-international-bar-association-guide-iba-arbitration-guide-mexi,https://www.vonwobeser.com/images/PDF_news/2015/IBAMexicoChapterInternationalArbitrationGuide2013.pdf,https://www.vonwobeser.com/images/PDF_news/2015/IBAMexicoChapterInternationalArbitrationGuide2013.pdf,true,true,,,
ede58b36-3867-4e86-8824-1101b6d55e65,es,http://localhost:5050/news/edmond-grieger-corporate-livewire-renewable-energy-generation-trends-in-mexico,200,correcto,1,Edmond Grieger - Corporate Livewire; Tendencias en la generación de energía renovable en México,Edmond Grieger - Corporate Livewire; Tendencias en la generación de energía renovable en México | Von Wobeser y Sierra,"En México, desde el 1 de diciembre de 2012 contamos con una administración recientemente electa, encabezada por el presidente, el Sr. Enrique Peña Nieto, del…",https://www.vonwobeser.com/news/edmond-grieger-corporate-livewire-renewable-energy-generation-trends-in-mexico,es-MX:https://www.vonwobeser.com/news/edmond-grieger-corporate-livewire-renewable-energy-generation-trends-in-mexico | en:https://www.vonwobeser.com/news/edmond-grieger-corporate-livewire-renewable-energy-generation-trends-in-mexico?lang=en | x-default:https://www.vonwobeser.com/news/edmond-grieger-corporate-livewire-renewable-energy-generation-trends-in-mexico,,,true,true,,,
ede58b36-3867-4e86-8824-1101b6d55e65,en,http://localhost:5050/news/edmond-grieger-corporate-livewire-renewable-energy-generation-trends-in-mexico?lang=en,200,correcto,1,Edmond Grieger - Corporate Livewire; Renewable Energy Generation Trends in Mexico,Edmond Grieger - Corporate Livewire; Renewable Energy Generation Trends in Mexico | Von Wobeser y Sierra,"In Mexico, as of 1 December, 2012, we have had a newly elected administration which is spearheaded by the president Mr. Enrique Peña Nieto from the…",https://www.vonwobeser.com/news/edmond-grieger-corporate-livewire-renewable-energy-generation-trends-in-mexico?lang=en,es-MX:https://www.vonwobeser.com/news/edmond-grieger-corporate-livewire-renewable-energy-generation-trends-in-mexico | en:https://www.vonwobeser.com/news/edmond-grieger-corporate-livewire-renewable-energy-generation-trends-in-mexico?lang=en | x-default:https://www.vonwobeser.com/news/edmond-grieger-corporate-livewire-renewable-energy-generation-trends-in-mexico,,,true,true,http://localhost:5050/images/PDF_news/2015/73CorporateLivewireEnergyNaturalResources2013.pdf,,
68bbc77a-4eb1-4c85-b94a-4f4c2adfdde8,es,http://localhost:5050/news/diego-sierra-practical-law-mexican-court-allows-enforcement-of-arbitral-tribunal,200,correcto,1,Diego Sierra - Practical Law: Un tribunal mexicano admite la ejecución ex parte de una medida provisional dictada por un tribunal arbitral,Diego Sierra - Practical Law: Un tribunal mexicano admite la ejecución ex parte de una medida provisional dictada por un tribunal arbitral | Von Wobeser y Sierra,"En una resolución de fecha 13 de julio de 2012, pero no publicada sino hasta febrero de 2013, el Segundo Tribunal Colegiado en Materia Civil del Tercer…",https://www.vonwobeser.com/news/diego-sierra-practical-law-mexican-court-allows-enforcement-of-arbitral-tribunal,es-MX:https://www.vonwobeser.com/news/diego-sierra-practical-law-mexican-court-allows-enforcement-of-arbitral-tribunal | en:https://www.vonwobeser.com/news/diego-sierra-practical-law-mexican-court-allows-enforcement-of-arbitral-tribunal?lang=en | x-default:https://www.vonwobeser.com/news/diego-sierra-practical-law-mexican-court-allows-enforcement-of-arbitral-tribunal,,,true,true,,,
68bbc77a-4eb1-4c85-b94a-4f4c2adfdde8,en,http://localhost:5050/news/diego-sierra-practical-law-mexican-court-allows-enforcement-of-arbitral-tribunal?lang=en,200,correcto,1,Diego Sierra - Practical Law: Mexican court allows enforcement of arbitral tribunal´s provisional measure ex parte,Diego Sierra - Practical Law: Mexican court allows enforcement of arbitral tribunal´s provisional measure ex parte | Von Wobeser y Sierra,"In a decision dated 13 July 2012, but not published until February 2013, the Second Collegiate Tribunal in Civil Matters of the Third Circuit ruled that it can…",https://www.vonwobeser.com/news/diego-sierra-practical-law-mexican-court-allows-enforcement-of-arbitral-tribunal?lang=en,es-MX:https://www.vonwobeser.com/news/diego-sierra-practical-law-mexican-court-allows-enforcement-of-arbitral-tribunal | en:https://www.vonwobeser.com/news/diego-sierra-practical-law-mexican-court-allows-enforcement-of-arbitral-tribunal?lang=en | x-default:https://www.vonwobeser.com/news/diego-sierra-practical-law-mexican-court-allows-enforcement-of-arbitral-tribunal,,,true,true,http://localhost:5050/images/PDF_news/2015/70Mexicancourtallowsenforcementofarbitraltribunal.pdf,,
838dfaf6-fbfb-4fef-bda7-f1728511b058,es,http://localhost:5050/news/diego-sierra-better-practices-praxis-anti-corruption-practice,200,correcto,1,"Diego Sierra - Mejores Prácticas, Praxis: Práctica anticorrupción","Diego Sierra - Mejores Prácticas, Praxis: Práctica anticorrupción | Von Wobeser y Sierra",Conozca la regulación mexicana para combatir la corrupción en los negocios. Conozca la regulación mexicana para combatir la corrupción en los negocios.,https://www.vonwobeser.com/news/diego-sierra-better-practices-praxis-anti-corruption-practice,es-MX:https://www.vonwobeser.com/news/diego-sierra-better-practices-praxis-anti-corruption-practice | en:https://www.vonwobeser.com/news/diego-sierra-better-practices-praxis-anti-corruption-practice?lang=en | x-default:https://www.vonwobeser.com/news/diego-sierra-better-practices-praxis-anti-corruption-practice,,,true,true,,,
838dfaf6-fbfb-4fef-bda7-f1728511b058,en,http://localhost:5050/news/diego-sierra-better-practices-praxis-anti-corruption-practice?lang=en,200,correcto,1,"Diego Sierra - Better Practices, Praxis: Anti-corruption practice","Diego Sierra - Better Practices, Praxis: Anti-corruption practice | Von Wobeser y Sierra",Be aware of the Mexican regulation to fight corruption in business. Be aware of the Mexican regulation to fight corruption in business.,https://www.vonwobeser.com/news/diego-sierra-better-practices-praxis-anti-corruption-practice?lang=en,es-MX:https://www.vonwobeser.com/news/diego-sierra-better-practices-praxis-anti-corruption-practice | en:https://www.vonwobeser.com/news/diego-sierra-better-practices-praxis-anti-corruption-practice?lang=en | x-default:https://www.vonwobeser.com/news/diego-sierra-better-practices-praxis-anti-corruption-practice,,,true,true,http://localhost:5050/images/PDF_news/2015/69PraxisMejoresPracticasDiegoSierra.pdf,,
1e77206c-3fca-4ab5-b291-a90331709153,es,http://localhost:5050/news/ivan-j-romo-abi-young-new-members-committee-newsletter-may-2013-insolvency-as-a-,200,correcto,1,"Ivan J. Romo - Boletín del Comité de Miembros Jóvenes y Nuevos de la ABI, mayo de 2013; La insolvencia como requisito previo para solicitar un procedimiento concursal en México","Ivan J. Romo - Boletín del Comité de Miembros Jóvenes y Nuevos de la ABI, mayo de 2013; La insolvencia como requisito previo para solicitar un procedimiento concursal en México | Von Wobeser y Sierra","En el año 2000, México publicó su nueva Ley de Concursos Mercantiles (LCM), que sustituyó a la que regía las cuestiones de quiebra desde 1943. Esta nueva ley…",https://www.vonwobeser.com/news/ivan-j-romo-abi-young-new-members-committee-newsletter-may-2013-insolvency-as-a-,es-MX:https://www.vonwobeser.com/news/ivan-j-romo-abi-young-new-members-committee-newsletter-may-2013-insolvency-as-a- | en:https://www.vonwobeser.com/news/ivan-j-romo-abi-young-new-members-committee-newsletter-may-2013-insolvency-as-a-?lang=en | x-default:https://www.vonwobeser.com/news/ivan-j-romo-abi-young-new-members-committee-newsletter-may-2013-insolvency-as-a-,,,true,true,,,
1e77206c-3fca-4ab5-b291-a90331709153,en,http://localhost:5050/news/ivan-j-romo-abi-young-new-members-committee-newsletter-may-2013-insolvency-as-a-?lang=en,200,correcto,1,"Ivan J. Romo - ABI Young & New Members Committee Newsletter, May 2013; Insolvency as a Prerequisite for Filing a Bankruptcy Procedure in Mexico","Ivan J. Romo - ABI Young & New Members Committee Newsletter, May 2013; Insolvency as a Prerequisite for Filing a Bankruptcy Procedure in Mexico | Von Wobeser y Sierra","In 2000, Mexico published its new Mexican Bankruptcy Law (MBL) , which substitutes the one that governed bankruptcy issues since 1943. This new law was drafted…",https://www.vonwobeser.com/news/ivan-j-romo-abi-young-new-members-committee-newsletter-may-2013-insolvency-as-a-?lang=en,es-MX:https://www.vonwobeser.com/news/ivan-j-romo-abi-young-new-members-committee-newsletter-may-2013-insolvency-as-a- | en:https://www.vonwobeser.com/news/ivan-j-romo-abi-young-new-members-committee-newsletter-may-2013-insolvency-as-a-?lang=en | x-default:https://www.vonwobeser.com/news/ivan-j-romo-abi-young-new-members-committee-newsletter-may-2013-insolvency-as-a-,,,true,true,http://localhost:5050/images/PDF_news/2015/68InsolvencyasaPrerequisiteforfilingaBankruptcyProcedureinMexico.pdf,,
20cabc6b-f2d6-4c65-b4eb-9d05f773e7ef,es,http://localhost:5050/news/victor-ruiz-icc-international-court-of-arbitration-bulletin-taking-evidence-in-l,200,correcto,1,Victor Ruiz - ICC International Court of Arbitration Bulletin; Recepción de pruebas en Latinoamérica: Algunas observaciones sobre prácticas locales y uso de las reglas de la IBA,Victor Ruiz - ICC International Court of Arbitration Bulletin; Recepción de pruebas en Latinoamérica: Algunas observaciones sobre prácticas locales y uso de las reglas de la IBA | Von Wobeser y Sierra,Los sistemas de derecho anglosajón (common law) y de derecho civil adoptan enfoques contrastantes respecto de la recepción de pruebas. Las Reglas de la…,https://www.vonwobeser.com/news/victor-ruiz-icc-international-court-of-arbitration-bulletin-taking-evidence-in-l,es-MX:https://www.vonwobeser.com/news/victor-ruiz-icc-international-court-of-arbitration-bulletin-taking-evidence-in-l | en:https://www.vonwobeser.com/news/victor-ruiz-icc-international-court-of-arbitration-bulletin-taking-evidence-in-l?lang=en | x-default:https://www.vonwobeser.com/news/victor-ruiz-icc-international-court-of-arbitration-bulletin-taking-evidence-in-l,,,true,true,,,
20cabc6b-f2d6-4c65-b4eb-9d05f773e7ef,en,http://localhost:5050/news/victor-ruiz-icc-international-court-of-arbitration-bulletin-taking-evidence-in-l?lang=en,200,correcto,1,Victor Ruiz - ICC International Court of Arbitration Bulletin; Taking Evidence in Latin America: Some Observations on Local Practices and Use of IBA Rules,Victor Ruiz - ICC International Court of Arbitration Bulletin; Taking Evidence in Latin America: Some Observations on Local Practices and Use of IBA Rules | Von Wobeser y Sierra,The common law and civil law systems adopt contrasting approaches to the taking of evidence. The International Bar Association (IBA) Rules on the Taking of…,https://www.vonwobeser.com/news/victor-ruiz-icc-international-court-of-arbitration-bulletin-taking-evidence-in-l?lang=en,es-MX:https://www.vonwobeser.com/news/victor-ruiz-icc-international-court-of-arbitration-bulletin-taking-evidence-in-l | en:https://www.vonwobeser.com/news/victor-ruiz-icc-international-court-of-arbitration-bulletin-taking-evidence-in-l?lang=en | x-default:https://www.vonwobeser.com/news/victor-ruiz-icc-international-court-of-arbitration-bulletin-taking-evidence-in-l,,,true,true,http://localhost:5050/images/PDF_news/2015/67_ICC_International_Court_of_Arbitration_Bulletin-Taking_Evidence_in_Latin_America.pdf,,
05867a1b-a60c-42c0-bf98-a75884cb6b6f,es,http://localhost:5050/news/claus-von-wobeser-expert-guides-commercial-arbitration-evolution-of-mexican-arbi,200,correcto,1,"Claus Von Wobeser - Expert Guides, Commercial Arbitration; Evolución del Derecho Arbitral Mexicano","Claus Von Wobeser - Expert Guides, Commercial Arbitration; Evolución del Derecho Arbitral Mexicano | Von Wobeser y Sierra","A pesar de una tradición jurídica que ha acogido los métodos alternativos de solución de controversias desde el siglo XVII, México ha sido un tanto lento en…",https://www.vonwobeser.com/news/claus-von-wobeser-expert-guides-commercial-arbitration-evolution-of-mexican-arbi,es-MX:https://www.vonwobeser.com/news/claus-von-wobeser-expert-guides-commercial-arbitration-evolution-of-mexican-arbi | en:https://www.vonwobeser.com/news/claus-von-wobeser-expert-guides-commercial-arbitration-evolution-of-mexican-arbi?lang=en | x-default:https://www.vonwobeser.com/news/claus-von-wobeser-expert-guides-commercial-arbitration-evolution-of-mexican-arbi,,,true,true,,,
05867a1b-a60c-42c0-bf98-a75884cb6b6f,en,http://localhost:5050/news/claus-von-wobeser-expert-guides-commercial-arbitration-evolution-of-mexican-arbi?lang=en,200,correcto,1,"Claus Von Wobeser - Expert Guides, Commercial Arbitration; Evolution of Mexican Arbitration Law","Claus Von Wobeser - Expert Guides, Commercial Arbitration; Evolution of Mexican Arbitration Law | Von Wobeser y Sierra","Despite a legal tradition that has embraced alternative dispute resolution methods dating to the 17th century, Mexico has been somewhat slow to adapt to…",https://www.vonwobeser.com/news/claus-von-wobeser-expert-guides-commercial-arbitration-evolution-of-mexican-arbi?lang=en,es-MX:https://www.vonwobeser.com/news/claus-von-wobeser-expert-guides-commercial-arbitration-evolution-of-mexican-arbi | en:https://www.vonwobeser.com/news/claus-von-wobeser-expert-guides-commercial-arbitration-evolution-of-mexican-arbi?lang=en | x-default:https://www.vonwobeser.com/news/claus-von-wobeser-expert-guides-commercial-arbitration-evolution-of-mexican-arbi,,,true,true,http://localhost:5050/images/PDF_news/2015/65_Expert_Guides_-_Evolution_of_Mexican_Arbitration_Law.pdf,,
cbfedf69-cb3d-4e1b-8d75-eb17e5665d77,es,http://localhost:5050/news/andres-nieto-maike-prohl-international-law-office-launching-mandatory-tender-off,200,correcto,1,"Andrés Nieto y Maike Pröhl - International Law Office, Lanzamiento de ofertas públicas de adquisición forzosa","Andrés Nieto y Maike Pröhl - International Law Office, Lanzamiento de ofertas públicas de adquisición forzosa | Von Wobeser y Sierra",Las ofertas públicas de adquisición forzosa en México están reguladas principalmente por los artículos 95 y siguientes de la Ley del Mercado de Valores y sus…,https://www.vonwobeser.com/news/andres-nieto-maike-prohl-international-law-office-launching-mandatory-tender-off,es-MX:https://www.vonwobeser.com/news/andres-nieto-maike-prohl-international-law-office-launching-mandatory-tender-off | en:https://www.vonwobeser.com/news/andres-nieto-maike-prohl-international-law-office-launching-mandatory-tender-off?lang=en | x-default:https://www.vonwobeser.com/news/andres-nieto-maike-prohl-international-law-office-launching-mandatory-tender-off,,,true,true,,,
cbfedf69-cb3d-4e1b-8d75-eb17e5665d77,en,http://localhost:5050/news/andres-nieto-maike-prohl-international-law-office-launching-mandatory-tender-off?lang=en,200,correcto,1,"Andrés Nieto & Maike Pröhl - International Law Office, Launching mandatory tender offers","Andrés Nieto & Maike Pröhl - International Law Office, Launching mandatory tender offers | Von Wobeser y Sierra","Mandatory tender offers in Mexico are primarily regulated by Articles 95 and following of the Securities Market Law and its corresponding general provisions,…",https://www.vonwobeser.com/news/andres-nieto-maike-prohl-international-law-office-launching-mandatory-tender-off?lang=en,es-MX:https://www.vonwobeser.com/news/andres-nieto-maike-prohl-international-law-office-launching-mandatory-tender-off | en:https://www.vonwobeser.com/news/andres-nieto-maike-prohl-international-law-office-launching-mandatory-tender-off?lang=en | x-default:https://www.vonwobeser.com/news/andres-nieto-maike-prohl-international-law-office-launching-mandatory-tender-off,,,true,true,http://localhost:5050/images/PDF_news/2015/63_ILO_-_Launching_mandatory_tender_offers.pdf,,
c922def3-e00e-4321-b6ca-d6ebb115707f,es,http://localhost:5050/news/diego-sierra-andrea-rivera-plc-arbitration-multi-jurisdictional-monthly-email-me,200,correcto,1,"Diego Sierra, Andrea Rivera - PLC Arbitration Multi-Jurisdictional correo mensual, La Suprema Corte de Justicia de México resuelve anular un laudo por motivos de orden público","Diego Sierra, Andrea Rivera - PLC Arbitration Multi-Jurisdictional correo mensual, La Suprema Corte de Justicia de México resuelve anular un laudo por motivos de orden público | Von Wobeser y Sierra","PLC Arbitration Multi-Jurisdictional correo mensual, La Suprema Corte de Justicia de México resuelve anular un laudo por motivos de orden público.",https://www.vonwobeser.com/news/diego-sierra-andrea-rivera-plc-arbitration-multi-jurisdictional-monthly-email-me,es-MX:https://www.vonwobeser.com/news/diego-sierra-andrea-rivera-plc-arbitration-multi-jurisdictional-monthly-email-me | en:https://www.vonwobeser.com/news/diego-sierra-andrea-rivera-plc-arbitration-multi-jurisdictional-monthly-email-me?lang=en | x-default:https://www.vonwobeser.com/news/diego-sierra-andrea-rivera-plc-arbitration-multi-jurisdictional-monthly-email-me,,,true,true,,,
c922def3-e00e-4321-b6ca-d6ebb115707f,en,http://localhost:5050/news/diego-sierra-andrea-rivera-plc-arbitration-multi-jurisdictional-monthly-email-me?lang=en,200,correcto,1,"Diego Sierra , Andrea Rivera - PLC Arbitration Multi-Jurisdictional monthly email, Mexico Supreme Court of Justice rules on public policy grounds to set aside award","Diego Sierra , Andrea Rivera - PLC Arbitration Multi-Jurisdictional monthly email, Mexico Supreme Court of Justice rules on public policy grounds to set aside award | Von Wobeser y Sierra","PLC Arbitration Multi-Jurisdictional monthly email, Mexico Supreme Court of Justice rules on public policy grounds to set aside award.",https://www.vonwobeser.com/news/diego-sierra-andrea-rivera-plc-arbitration-multi-jurisdictional-monthly-email-me?lang=en,es-MX:https://www.vonwobeser.com/news/diego-sierra-andrea-rivera-plc-arbitration-multi-jurisdictional-monthly-email-me | en:https://www.vonwobeser.com/news/diego-sierra-andrea-rivera-plc-arbitration-multi-jurisdictional-monthly-email-me?lang=en | x-default:https://www.vonwobeser.com/news/diego-sierra-andrea-rivera-plc-arbitration-multi-jurisdictional-monthly-email-me,,,true,true,http://localhost:5050/images/PDF_news/2015/62_PLC_Mexico_Supreme_Court_of_Justice_rules_on_Public_Policy_grounds_to_set_aside_award.pdf,,
9f4193cf-d302-4f97-b5e0-38d8f87adf26,es,http://localhost:5050/news/edmond-grieger-corporate-livewire-round-table-energy-natural-resources,200,correcto,1,"Edmond Grieger - Corporate Livewire, Mesa Redonda: Energía y Recursos Naturales","Edmond Grieger - Corporate Livewire, Mesa Redonda: Energía y Recursos Naturales | Von Wobeser y Sierra","Habiendo sido 2012 el Año Internacional de la Energía Sostenible para Todos de las Naciones Unidas, consideramos oportuno examinar qué tan exitoso ha sido el…",https://www.vonwobeser.com/news/edmond-grieger-corporate-livewire-round-table-energy-natural-resources,es-MX:https://www.vonwobeser.com/news/edmond-grieger-corporate-livewire-round-table-energy-natural-resources | en:https://www.vonwobeser.com/news/edmond-grieger-corporate-livewire-round-table-energy-natural-resources?lang=en | x-default:https://www.vonwobeser.com/news/edmond-grieger-corporate-livewire-round-table-energy-natural-resources,,,true,true,,,
9f4193cf-d302-4f97-b5e0-38d8f87adf26,en,http://localhost:5050/news/edmond-grieger-corporate-livewire-round-table-energy-natural-resources?lang=en,200,correcto,1,"Edmond Grieger - Corporate Livewire, Round Table: Energy & Natural Resources","Edmond Grieger - Corporate Livewire, Round Table: Energy & Natural Resources | Von Wobeser y Sierra","With 2012 having been the United Nations International Year of Sustainable Energy for all, we felt it was apt to look at just how successful the year has been…",https://www.vonwobeser.com/news/edmond-grieger-corporate-livewire-round-table-energy-natural-resources?lang=en,es-MX:https://www.vonwobeser.com/news/edmond-grieger-corporate-livewire-round-table-energy-natural-resources | en:https://www.vonwobeser.com/news/edmond-grieger-corporate-livewire-round-table-energy-natural-resources?lang=en | x-default:https://www.vonwobeser.com/news/edmond-grieger-corporate-livewire-round-table-energy-natural-resources,,,true,true,http://localhost:5050/images/PDF_news/2015/61_CorporateLivewire_Energy_and_Natural_Rec.pdf,,
ed6e221d-89dc-41f7-add3-a409127ec810,es,http://localhost:5050/news/jorge-ricardo-diaz-carvajal-international-law-office-tax-considerations-in-m-a-t,200,correcto,1,"Jorge Ricardo Díaz Carvajal - International Law Office, Consideraciones fiscales en operaciones de fusiones y adquisiciones","Jorge Ricardo Díaz Carvajal - International Law Office, Consideraciones fiscales en operaciones de fusiones y adquisiciones | Von Wobeser y Sierra",Las leyes fiscales mexicanas contienen disposiciones específicas relativas a la fusión de entidades y a la adquisición de acciones o activos.,https://www.vonwobeser.com/news/jorge-ricardo-diaz-carvajal-international-law-office-tax-considerations-in-m-a-t,es-MX:https://www.vonwobeser.com/news/jorge-ricardo-diaz-carvajal-international-law-office-tax-considerations-in-m-a-t | en:https://www.vonwobeser.com/news/jorge-ricardo-diaz-carvajal-international-law-office-tax-considerations-in-m-a-t?lang=en | x-default:https://www.vonwobeser.com/news/jorge-ricardo-diaz-carvajal-international-law-office-tax-considerations-in-m-a-t,,,true,true,,,
ed6e221d-89dc-41f7-add3-a409127ec810,en,http://localhost:5050/news/jorge-ricardo-diaz-carvajal-international-law-office-tax-considerations-in-m-a-t?lang=en,200,correcto,1,"Jorge Ricardo Díaz Carvajal - International Law Office, Tax Considerations in M&A Transactions","Jorge Ricardo Díaz Carvajal - International Law Office, Tax Considerations in M&A Transactions | Von Wobeser y Sierra",Mexican tax laws have specific provisions regarding the merger of entities and the acquisition of shares or assets.,https://www.vonwobeser.com/news/jorge-ricardo-diaz-carvajal-international-law-office-tax-considerations-in-m-a-t?lang=en,es-MX:https://www.vonwobeser.com/news/jorge-ricardo-diaz-carvajal-international-law-office-tax-considerations-in-m-a-t | en:https://www.vonwobeser.com/news/jorge-ricardo-diaz-carvajal-international-law-office-tax-considerations-in-m-a-t?lang=en | x-default:https://www.vonwobeser.com/news/jorge-ricardo-diaz-carvajal-international-law-office-tax-considerations-in-m-a-t,,,true,true,http://localhost:5050/images/PDF_news/2015/Tax_considerations_in_MA_transactions.pdf,,
c4205fb9-2da0-4c67-b2a8-7ccdad9f8e90,es,http://localhost:5050/news/edmond-grieger-virginia-cornett-world-financier-global-reference-guide-infrastru,200,correcto,1,"Edmond Grieger y Virginia Cornett - World Financier, Guía de Referencia Global: Infraestructura y Financiamiento de Proyectos","Edmond Grieger y Virginia Cornett - World Financier, Guía de Referencia Global: Infraestructura y Financiamiento de Proyectos | Von Wobeser y Sierra","Durante la administración del Presidente Felipe Calderón, se estableció un amplio marco para promover la inversión en proyectos de generación de energía…",https://www.vonwobeser.com/news/edmond-grieger-virginia-cornett-world-financier-global-reference-guide-infrastru,es-MX:https://www.vonwobeser.com/news/edmond-grieger-virginia-cornett-world-financier-global-reference-guide-infrastru | en:https://www.vonwobeser.com/news/edmond-grieger-virginia-cornett-world-financier-global-reference-guide-infrastru?lang=en | x-default:https://www.vonwobeser.com/news/edmond-grieger-virginia-cornett-world-financier-global-reference-guide-infrastru,,,true,true,,,
c4205fb9-2da0-4c67-b2a8-7ccdad9f8e90,en,http://localhost:5050/news/edmond-grieger-virginia-cornett-world-financier-global-reference-guide-infrastru?lang=en,200,correcto,1,"Edmond Grieger & Virginia Cornett - World Financier, Global Reference Guide: Infrastructure & Project Finance","Edmond Grieger & Virginia Cornett - World Financier, Global Reference Guide: Infrastructure & Project Finance | Von Wobeser y Sierra","During the administration of President Felipe Calderón, a broad framework was set up to promote investment in renewable energy generation projects as part of…",https://www.vonwobeser.com/news/edmond-grieger-virginia-cornett-world-financier-global-reference-guide-infrastru?lang=en,es-MX:https://www.vonwobeser.com/news/edmond-grieger-virginia-cornett-world-financier-global-reference-guide-infrastru | en:https://www.vonwobeser.com/news/edmond-grieger-virginia-cornett-world-financier-global-reference-guide-infrastru?lang=en | x-default:https://www.vonwobeser.com/news/edmond-grieger-virginia-cornett-world-financier-global-reference-guide-infrastru,,,true,true,http://localhost:5050/images/PDF_news/PDF_articles/2013/30_GRG_Infrastructure_rkd493_1.pdf,,
9a760a9d-c1f9-4163-a821-859066859a5d,es,http://localhost:5050/news/luis-miguel-jimenez-ivan-romo-bankruptcy-law-legal-encyclopedia-escuela-libre-de,200,correcto,1,"Luis Miguel Jiménez e Iván Romo - Derecho Concursal, Enciclopedia Jurídica, Escuela Libre de Derecho","Luis Miguel Jiménez e Iván Romo - Derecho Concursal, Enciclopedia Jurídica, Escuela Libre de Derecho | Von Wobeser y Sierra","La frágil naturaleza de la economía ha sido motivo de constante preocupación para los Estados, las empresas, los particulares dedicados a actividades…",https://www.vonwobeser.com/news/luis-miguel-jimenez-ivan-romo-bankruptcy-law-legal-encyclopedia-escuela-libre-de,es-MX:https://www.vonwobeser.com/news/luis-miguel-jimenez-ivan-romo-bankruptcy-law-legal-encyclopedia-escuela-libre-de | en:https://www.vonwobeser.com/news/luis-miguel-jimenez-ivan-romo-bankruptcy-law-legal-encyclopedia-escuela-libre-de?lang=en | x-default:https://www.vonwobeser.com/news/luis-miguel-jimenez-ivan-romo-bankruptcy-law-legal-encyclopedia-escuela-libre-de,,,true,true,,,
9a760a9d-c1f9-4163-a821-859066859a5d,en,http://localhost:5050/news/luis-miguel-jimenez-ivan-romo-bankruptcy-law-legal-encyclopedia-escuela-libre-de?lang=en,200,correcto,1,"Luis Miguel Jiménez & Iván Romo - Bankruptcy Law, Legal Encyclopedia, Escuela Libre de Derecho","Luis Miguel Jiménez & Iván Romo - Bankruptcy Law, Legal Encyclopedia, Escuela Libre de Derecho | Von Wobeser y Sierra","The fragile nature of the economy has been a matter of constant worry for States, companies, individuals involved in commercial activities as well students and…",https://www.vonwobeser.com/news/luis-miguel-jimenez-ivan-romo-bankruptcy-law-legal-encyclopedia-escuela-libre-de?lang=en,es-MX:https://www.vonwobeser.com/news/luis-miguel-jimenez-ivan-romo-bankruptcy-law-legal-encyclopedia-escuela-libre-de | en:https://www.vonwobeser.com/news/luis-miguel-jimenez-ivan-romo-bankruptcy-law-legal-encyclopedia-escuela-libre-de?lang=en | x-default:https://www.vonwobeser.com/news/luis-miguel-jimenez-ivan-romo-bankruptcy-law-legal-encyclopedia-escuela-libre-de,,,true,true,http://localhost:5050/images/PDF_news/2015/55-Derecho-Concursal-Escuela-Libre-de-Derecho.pdf,,
2847d502-4340-4007-91d8-4cda515c6267,es,http://localhost:5050/news/edmond-grieger-international-law-office-environmental-liabilities-in-m-a-transac,200,correcto,1,"Edmond Grieger - International Law Office, Responsabilidad ambiental en transacciones de fusiones y adquisiciones","Edmond Grieger - International Law Office, Responsabilidad ambiental en transacciones de fusiones y adquisiciones | Von Wobeser y Sierra","Siguiendo una tendencia global, la regulación ambiental desempeña un papel cada vez más importante en México en todos los niveles de jurisdicción (federal,…",https://www.vonwobeser.com/news/edmond-grieger-international-law-office-environmental-liabilities-in-m-a-transac,es-MX:https://www.vonwobeser.com/news/edmond-grieger-international-law-office-environmental-liabilities-in-m-a-transac | en:https://www.vonwobeser.com/news/edmond-grieger-international-law-office-environmental-liabilities-in-m-a-transac?lang=en | x-default:https://www.vonwobeser.com/news/edmond-grieger-international-law-office-environmental-liabilities-in-m-a-transac,,,true,true,,,
2847d502-4340-4007-91d8-4cda515c6267,en,http://localhost:5050/news/edmond-grieger-international-law-office-environmental-liabilities-in-m-a-transac?lang=en,200,correcto,1,"Edmond Grieger - International Law Office, Environmental Liabilities in M&A Transactions","Edmond Grieger - International Law Office, Environmental Liabilities in M&A Transactions | Von Wobeser y Sierra","Following a global trend, environmental regulation plays an increasingly important role in Mexico at every level of jurisdiction (federal, state and municipal).",https://www.vonwobeser.com/news/edmond-grieger-international-law-office-environmental-liabilities-in-m-a-transac?lang=en,es-MX:https://www.vonwobeser.com/news/edmond-grieger-international-law-office-environmental-liabilities-in-m-a-transac | en:https://www.vonwobeser.com/news/edmond-grieger-international-law-office-environmental-liabilities-in-m-a-transac?lang=en | x-default:https://www.vonwobeser.com/news/edmond-grieger-international-law-office-environmental-liabilities-in-m-a-transac,,,true,true,http://localhost:5050/images/PDF_news/2015/54_ConsideringenvironmentalliabilitesinMAtransactionsInternationalLawOffice1.pdf,,
daec166b-be7f-481f-98fb-b7a38eee5c73,es,http://localhost:5050/news/victor-ruiz-diego-sierra-practical-law-company-plc-multi-jurisditional-mexico-su,200,correcto,1,"Victor Ruiz, Diego Sierra - Practical Law Company, PLC Multi jurisditional, ""La Suprema Corte de México muestra deferencia hacia las facultades absolutas de los tribunales arbitrales.""","Victor Ruiz, Diego Sierra - Practical Law Company, PLC Multi jurisditional, ""La Suprema Corte de México muestra deferencia hacia las facultades absolutas de los tribunales arbitrales."" | Von Wobeser y Sierra","""La Suprema Corte de México muestra deferencia hacia las facultades absolutas de los tribunales arbitrales para admitir y valorar pruebas.""",https://www.vonwobeser.com/news/victor-ruiz-diego-sierra-practical-law-company-plc-multi-jurisditional-mexico-su,es-MX:https://www.vonwobeser.com/news/victor-ruiz-diego-sierra-practical-law-company-plc-multi-jurisditional-mexico-su | en:https://www.vonwobeser.com/news/victor-ruiz-diego-sierra-practical-law-company-plc-multi-jurisditional-mexico-su?lang=en | x-default:https://www.vonwobeser.com/news/victor-ruiz-diego-sierra-practical-law-company-plc-multi-jurisditional-mexico-su,,,true,true,,,
daec166b-be7f-481f-98fb-b7a38eee5c73,en,http://localhost:5050/news/victor-ruiz-diego-sierra-practical-law-company-plc-multi-jurisditional-mexico-su?lang=en,200,correcto,1,"Victor Ruiz , Diego Sierra - Practical Law Company, PLC Multi jurisditional,""Mexico Supreme Court shows deference towards arbitral tribunals absolute powers. ""","Victor Ruiz , Diego Sierra - Practical Law Company, PLC Multi jurisditional,""Mexico Supreme Court shows deference towards arbitral tribunals absolute powers. "" | Von Wobeser y Sierra","""Mexico Supreme Court shows deference towards arbitral tribunal's absolute powers to admit and weigh evidence. """,https://www.vonwobeser.com/news/victor-ruiz-diego-sierra-practical-law-company-plc-multi-jurisditional-mexico-su?lang=en,es-MX:https://www.vonwobeser.com/news/victor-ruiz-diego-sierra-practical-law-company-plc-multi-jurisditional-mexico-su | en:https://www.vonwobeser.com/news/victor-ruiz-diego-sierra-practical-law-company-plc-multi-jurisditional-mexico-su?lang=en | x-default:https://www.vonwobeser.com/news/victor-ruiz-diego-sierra-practical-law-company-plc-multi-jurisditional-mexico-su,,,true,true,http://localhost:5050/images/PDF_news/2015/52_PLC_Arbitration_Multi_Jurisdictional_mthly_email_Mexico_Superme_Courts_Shows_deference_towards_arbitral_tribunal_s.pdf,,
67156055-9957-42bc-a3ae-6959fbf4c099,es,http://localhost:5050/news/claus-von-wobeser-latin-american-arbitration-investment-latin-american-investmen,200,correcto,1,"Claus von Wobeser - Latin American Arbitration & Investment, Protecciones a la Inversión en América Latina","Claus von Wobeser - Latin American Arbitration & Investment, Protecciones a la Inversión en América Latina | Von Wobeser y Sierra",Protecciones a la Inversión en América Latina: Perspectivas Comparadas. Protecciones a la Inversión en América Latina: Perspectivas Comparadas.,https://www.vonwobeser.com/news/claus-von-wobeser-latin-american-arbitration-investment-latin-american-investmen,es-MX:https://www.vonwobeser.com/news/claus-von-wobeser-latin-american-arbitration-investment-latin-american-investmen | en:https://www.vonwobeser.com/news/claus-von-wobeser-latin-american-arbitration-investment-latin-american-investmen?lang=en | x-default:https://www.vonwobeser.com/news/claus-von-wobeser-latin-american-arbitration-investment-latin-american-investmen,,,true,true,,,
67156055-9957-42bc-a3ae-6959fbf4c099,en,http://localhost:5050/news/claus-von-wobeser-latin-american-arbitration-investment-latin-american-investmen?lang=en,200,correcto,1,"Claus von Wobeser - Latin American Arbitration & Investment, Latin American Investment Protections","Claus von Wobeser - Latin American Arbitration & Investment, Latin American Investment Protections | Von Wobeser y Sierra",Latin American Investment Protections: Comparative Perspectives. Latin American Investment Protections: Comparative Perspectives.,https://www.vonwobeser.com/news/claus-von-wobeser-latin-american-arbitration-investment-latin-american-investmen?lang=en,es-MX:https://www.vonwobeser.com/news/claus-von-wobeser-latin-american-arbitration-investment-latin-american-investmen | en:https://www.vonwobeser.com/news/claus-von-wobeser-latin-american-arbitration-investment-latin-american-investmen?lang=en | x-default:https://www.vonwobeser.com/news/claus-von-wobeser-latin-american-arbitration-investment-latin-american-investmen,,,true,true,,,
d3fd90dc-36d1-4dd7-aa2f-f51cecffcda8,es,http://localhost:5050/news/claus-von-wobeser-fernando-carreno-andres-nieto-jose-palomar-the-law-review-inte,200,correcto,1,"Claus von Wobeser, Fernando Carreño, Andrés Nieto, José Palomar - The Law Review, International Investigations Review 2nd Edition, Capítulo México","Claus von Wobeser, Fernando Carreño, Andrés Nieto, José Palomar - The Law Review, International Investigations Review 2nd Edition, Capítulo México | Von Wobeser y Sierra",La conducta y las actividades corporativas son supervisadas por diversos órganos gubernamentales (principalmente de naturaleza administrativa) y esta…,https://www.vonwobeser.com/news/claus-von-wobeser-fernando-carreno-andres-nieto-jose-palomar-the-law-review-inte,es-MX:https://www.vonwobeser.com/news/claus-von-wobeser-fernando-carreno-andres-nieto-jose-palomar-the-law-review-inte | en:https://www.vonwobeser.com/news/claus-von-wobeser-fernando-carreno-andres-nieto-jose-palomar-the-law-review-inte?lang=en | x-default:https://www.vonwobeser.com/news/claus-von-wobeser-fernando-carreno-andres-nieto-jose-palomar-the-law-review-inte,,,true,true,,,
d3fd90dc-36d1-4dd7-aa2f-f51cecffcda8,en,http://localhost:5050/news/claus-von-wobeser-fernando-carreno-andres-nieto-jose-palomar-the-law-review-inte?lang=en,200,correcto,1,"Claus von Wobeser, Fernando Carreño, Andrés Nieto, José Palomar - The Law Review, International Investigations Review 2nd Editio, Mexico Chapter","Claus von Wobeser, Fernando Carreño, Andrés Nieto, José Palomar - The Law Review, International Investigations Review 2nd Editio, Mexico Chapter | Von Wobeser y Sierra",Corporate Conduct and activities are supervised by various governmental bodies (mainly of an administrative nature) and this supervision varies depending on…,https://www.vonwobeser.com/news/claus-von-wobeser-fernando-carreno-andres-nieto-jose-palomar-the-law-review-inte?lang=en,es-MX:https://www.vonwobeser.com/news/claus-von-wobeser-fernando-carreno-andres-nieto-jose-palomar-the-law-review-inte | en:https://www.vonwobeser.com/news/claus-von-wobeser-fernando-carreno-andres-nieto-jose-palomar-the-law-review-inte?lang=en | x-default:https://www.vonwobeser.com/news/claus-von-wobeser-fernando-carreno-andres-nieto-jose-palomar-the-law-review-inte,,,true,true,http://localhost:5050/images/PDF_news/2015/9.2-The-International-Investigations-Review.pdf,,
30bdde53-9f94-4106-8209-c09a3c31cbca,es,http://localhost:5050/news/fernando-carreno-jose-palomar-the-antitrust-review-of-the-americas-mexico-antitr,200,correcto,1,"Fernando Carreño, José Palomar - The Antitrust Review of the Americas, México: Panorama en Materia de Competencia","Fernando Carreño, José Palomar - The Antitrust Review of the Americas, México: Panorama en Materia de Competencia | Von Wobeser y Sierra","En México, la regulación y las investigaciones en materia de competencia económica en su conjunto han crecido recientemente, tanto en número como en…",https://www.vonwobeser.com/news/fernando-carreno-jose-palomar-the-antitrust-review-of-the-americas-mexico-antitr,es-MX:https://www.vonwobeser.com/news/fernando-carreno-jose-palomar-the-antitrust-review-of-the-americas-mexico-antitr | en:https://www.vonwobeser.com/news/fernando-carreno-jose-palomar-the-antitrust-review-of-the-americas-mexico-antitr?lang=en | x-default:https://www.vonwobeser.com/news/fernando-carreno-jose-palomar-the-antitrust-review-of-the-americas-mexico-antitr,,,true,true,,,
30bdde53-9f94-4106-8209-c09a3c31cbca,en,http://localhost:5050/news/fernando-carreno-jose-palomar-the-antitrust-review-of-the-americas-mexico-antitr?lang=en,200,correcto,1,"Fernando Carreño , José Palomar - The Antitrust Review of the Americas, Mexico:Antitrust Overview","Fernando Carreño , José Palomar - The Antitrust Review of the Americas, Mexico:Antitrust Overview | Von Wobeser y Sierra","In Mexico, antitrust regulation and investigations as a whole have recently been growing, both in number and in importance.",https://www.vonwobeser.com/news/fernando-carreno-jose-palomar-the-antitrust-review-of-the-americas-mexico-antitr?lang=en,es-MX:https://www.vonwobeser.com/news/fernando-carreno-jose-palomar-the-antitrust-review-of-the-americas-mexico-antitr | en:https://www.vonwobeser.com/news/fernando-carreno-jose-palomar-the-antitrust-review-of-the-americas-mexico-antitr?lang=en | x-default:https://www.vonwobeser.com/news/fernando-carreno-jose-palomar-the-antitrust-review-of-the-americas-mexico-antitr,,,true,true,http://localhost:5050/images/PDF_news/2015/8-The-Antitrust-Review-of-the-Americas.pdf,,
1f685a2a-f7df-4e25-9f6d-d878e4649390,es,http://localhost:5050/news/andres-nieto-practical-law-company-plc-reference-guide-mexico-investment-funds,200,correcto,1,"Andrés Nieto - Practical Law Company, PLC: Guía de Referencia México: Fondos de Inversión","Andrés Nieto - Practical Law Company, PLC: Guía de Referencia México: Fondos de Inversión | Von Wobeser y Sierra",PLC: Guía de Referencia México: Fondos de Inversión.,https://www.vonwobeser.com/news/andres-nieto-practical-law-company-plc-reference-guide-mexico-investment-funds,es-MX:https://www.vonwobeser.com/news/andres-nieto-practical-law-company-plc-reference-guide-mexico-investment-funds | en:https://www.vonwobeser.com/news/andres-nieto-practical-law-company-plc-reference-guide-mexico-investment-funds?lang=en | x-default:https://www.vonwobeser.com/news/andres-nieto-practical-law-company-plc-reference-guide-mexico-investment-funds,,,true,true,,,
1f685a2a-f7df-4e25-9f6d-d878e4649390,en,http://localhost:5050/news/andres-nieto-practical-law-company-plc-reference-guide-mexico-investment-funds?lang=en,200,correcto,1,"Andrés Nieto - Practical Law Company, PLC:Reference Guide Mexico: Investment Funds","Andrés Nieto - Practical Law Company, PLC:Reference Guide Mexico: Investment Funds | Von Wobeser y Sierra",PLC:Reference Guide Mexico: Investment Funds.,https://www.vonwobeser.com/news/andres-nieto-practical-law-company-plc-reference-guide-mexico-investment-funds?lang=en,es-MX:https://www.vonwobeser.com/news/andres-nieto-practical-law-company-plc-reference-guide-mexico-investment-funds | en:https://www.vonwobeser.com/news/andres-nieto-practical-law-company-plc-reference-guide-mexico-investment-funds?lang=en | x-default:https://www.vonwobeser.com/news/andres-nieto-practical-law-company-plc-reference-guide-mexico-investment-funds,,,true,true,http://localhost:5050/images/PDF_news/2015/7_PLC_Investment_Funds.pdf,,
3099ef93-c82e-460a-a5ee-d9ad4c849faf,es,http://localhost:5050/news/fernando-carreno-jose-palomar-practical-law-company-plc-reference-guide-mexico-c,200,correcto,1,"Fernando Carreño, José Palomar. - Practical Law Company, PLC: Guía de Referencia México: Programa de Inmunidad en Materia de Cárteles","Fernando Carreño, José Palomar. - Practical Law Company, PLC: Guía de Referencia México: Programa de Inmunidad en Materia de Cárteles | Von Wobeser y Sierra",PLC: Guía de Referencia México: Programa de Inmunidad en Materia de Cárteles.,https://www.vonwobeser.com/news/fernando-carreno-jose-palomar-practical-law-company-plc-reference-guide-mexico-c,es-MX:https://www.vonwobeser.com/news/fernando-carreno-jose-palomar-practical-law-company-plc-reference-guide-mexico-c | en:https://www.vonwobeser.com/news/fernando-carreno-jose-palomar-practical-law-company-plc-reference-guide-mexico-c?lang=en | x-default:https://www.vonwobeser.com/news/fernando-carreno-jose-palomar-practical-law-company-plc-reference-guide-mexico-c,,,true,true,,,
3099ef93-c82e-460a-a5ee-d9ad4c849faf,en,http://localhost:5050/news/fernando-carreno-jose-palomar-practical-law-company-plc-reference-guide-mexico-c?lang=en,200,correcto,1,"Fernando Carreño , José Palomar. - Practical Law Company, PLC:Reference Guide Mexico:Cartel Leniency","Fernando Carreño , José Palomar. - Practical Law Company, PLC:Reference Guide Mexico:Cartel Leniency | Von Wobeser y Sierra",PLC:Reference Guide Mexico:Cartel Leniency.,https://www.vonwobeser.com/news/fernando-carreno-jose-palomar-practical-law-company-plc-reference-guide-mexico-c?lang=en,es-MX:https://www.vonwobeser.com/news/fernando-carreno-jose-palomar-practical-law-company-plc-reference-guide-mexico-c | en:https://www.vonwobeser.com/news/fernando-carreno-jose-palomar-practical-law-company-plc-reference-guide-mexico-c?lang=en | x-default:https://www.vonwobeser.com/news/fernando-carreno-jose-palomar-practical-law-company-plc-reference-guide-mexico-c,,,true,true,http://localhost:5050/images/PDF_news/2015/6_PLC_Cartel_Leniency.pdf,,
8c27fc0c-05d1-4b09-89b4-e7cd9b3fbe71,es,http://localhost:5050/news/javier-lizardi-rodolfo-trampe-jorge-diaz-carlos-lopez-practival-law-company-plc-,200,correcto,1,"Javier Lizardi, Rodolfo Trampe, Jorge Díaz, Carlos López - Practical Law Company, PLC: Guía de Referencia México: Subcontratación","Javier Lizardi, Rodolfo Trampe, Jorge Díaz, Carlos López - Practical Law Company, PLC: Guía de Referencia México: Subcontratación | Von Wobeser y Sierra",PLC: Guía de Referencia México: Subcontratación.,https://www.vonwobeser.com/news/javier-lizardi-rodolfo-trampe-jorge-diaz-carlos-lopez-practival-law-company-plc-,es-MX:https://www.vonwobeser.com/news/javier-lizardi-rodolfo-trampe-jorge-diaz-carlos-lopez-practival-law-company-plc- | en:https://www.vonwobeser.com/news/javier-lizardi-rodolfo-trampe-jorge-diaz-carlos-lopez-practival-law-company-plc-?lang=en | x-default:https://www.vonwobeser.com/news/javier-lizardi-rodolfo-trampe-jorge-diaz-carlos-lopez-practival-law-company-plc-,,,true,true,,,
8c27fc0c-05d1-4b09-89b4-e7cd9b3fbe71,en,http://localhost:5050/news/javier-lizardi-rodolfo-trampe-jorge-diaz-carlos-lopez-practival-law-company-plc-?lang=en,200,correcto,1,"Javier Lizardi, Rodolfo Trampe, Jorge Díaz, Carlos López - Practival Law Company, PLC: Reference Guide Mexico: Outsourcing","Javier Lizardi, Rodolfo Trampe, Jorge Díaz, Carlos López - Practival Law Company, PLC: Reference Guide Mexico: Outsourcing | Von Wobeser y Sierra",PLC: Reference Guide Mexico: Outsourcing.,https://www.vonwobeser.com/news/javier-lizardi-rodolfo-trampe-jorge-diaz-carlos-lopez-practival-law-company-plc-?lang=en,es-MX:https://www.vonwobeser.com/news/javier-lizardi-rodolfo-trampe-jorge-diaz-carlos-lopez-practival-law-company-plc- | en:https://www.vonwobeser.com/news/javier-lizardi-rodolfo-trampe-jorge-diaz-carlos-lopez-practival-law-company-plc-?lang=en | x-default:https://www.vonwobeser.com/news/javier-lizardi-rodolfo-trampe-jorge-diaz-carlos-lopez-practival-law-company-plc-,,,true,true,http://localhost:5050/images/PDF_news/2015/5-PLC-Outsourcing-Mexico.pdf,,
a337265c-3f31-4188-bd68-4d966eb9bd1b,es,http://localhost:5050/news/edmond-grieger-corporate-livewire-current-trends-expected-development-in-mexican,200,correcto,1,"Edmond Grieger - Corporate Livewire, ""Tendencias Actuales y Desarrollo Esperado"" en el Mercado Mexicano de Energía Renovable","Edmond Grieger - Corporate Livewire, ""Tendencias Actuales y Desarrollo Esperado"" en el Mercado Mexicano de Energía Renovable | Von Wobeser y Sierra","Las oportunidades de negocio continúan aumentando en el mercado de energía renovable de nuestro país, principalmente en los proyectos eólicos y solares.",https://www.vonwobeser.com/news/edmond-grieger-corporate-livewire-current-trends-expected-development-in-mexican,es-MX:https://www.vonwobeser.com/news/edmond-grieger-corporate-livewire-current-trends-expected-development-in-mexican | en:https://www.vonwobeser.com/news/edmond-grieger-corporate-livewire-current-trends-expected-development-in-mexican?lang=en | x-default:https://www.vonwobeser.com/news/edmond-grieger-corporate-livewire-current-trends-expected-development-in-mexican,,,true,true,,,
a337265c-3f31-4188-bd68-4d966eb9bd1b,en,http://localhost:5050/news/edmond-grieger-corporate-livewire-current-trends-expected-development-in-mexican?lang=en,200,correcto,1,"Edmond Grieger - Corporate Livewire, ""Current Trends & Expected Development"" in Mexican Renewable Energy Market","Edmond Grieger - Corporate Livewire, ""Current Trends & Expected Development"" in Mexican Renewable Energy Market | Von Wobeser y Sierra","Business opportunities continue to rise in our country´s renewable energy market, primarily from wind and solar projects.",https://www.vonwobeser.com/news/edmond-grieger-corporate-livewire-current-trends-expected-development-in-mexican?lang=en,es-MX:https://www.vonwobeser.com/news/edmond-grieger-corporate-livewire-current-trends-expected-development-in-mexican | en:https://www.vonwobeser.com/news/edmond-grieger-corporate-livewire-current-trends-expected-development-in-mexican?lang=en | x-default:https://www.vonwobeser.com/news/edmond-grieger-corporate-livewire-current-trends-expected-development-in-mexican,,,true,true,http://localhost:5050/images/PDF_news/2015/3_3_Corporate_Livewire_Currents_Trends_y_Expected_Development_in_Mexican_Renewable_Energy_Mkt.pdf,,
034bf24d-bb12-4d40-915b-c4a86580fc49,es,http://localhost:5050/news/claus-von-wobeser-international-bar-association-iba-arbitration-guide-mexico,200,correcto,1,"Claus von Wobeser - International Bar Association, IBA, Guía de Arbitraje: México","Claus von Wobeser - International Bar Association, IBA, Guía de Arbitraje: México | Von Wobeser y Sierra",Guía de Arbitraje de la IBA: México.,https://www.vonwobeser.com/news/claus-von-wobeser-international-bar-association-iba-arbitration-guide-mexico,es-MX:https://www.vonwobeser.com/news/claus-von-wobeser-international-bar-association-iba-arbitration-guide-mexico | en:https://www.vonwobeser.com/news/claus-von-wobeser-international-bar-association-iba-arbitration-guide-mexico?lang=en | x-default:https://www.vonwobeser.com/news/claus-von-wobeser-international-bar-association-iba-arbitration-guide-mexico,,,true,true,,,
034bf24d-bb12-4d40-915b-c4a86580fc49,en,http://localhost:5050/news/claus-von-wobeser-international-bar-association-iba-arbitration-guide-mexico?lang=en,200,correcto,1,"Claus von Wobeser - International Bar Association, IBA, Arbitration Guide: Mexico","Claus von Wobeser - International Bar Association, IBA, Arbitration Guide: Mexico | Von Wobeser y Sierra",IBA Arbitration Guide: Mexico.,https://www.vonwobeser.com/news/claus-von-wobeser-international-bar-association-iba-arbitration-guide-mexico?lang=en,es-MX:https://www.vonwobeser.com/news/claus-von-wobeser-international-bar-association-iba-arbitration-guide-mexico | en:https://www.vonwobeser.com/news/claus-von-wobeser-international-bar-association-iba-arbitration-guide-mexico?lang=en | x-default:https://www.vonwobeser.com/news/claus-von-wobeser-international-bar-association-iba-arbitration-guide-mexico,,,true,true,http://localhost:5050/images/PDF_news/2015/3-IBA-Arbitration-Guide-Mexico.pdf,,
7123c9cb-bbf4-4173-a1bd-d207f74f766f,es,http://localhost:5050/news/luis-burgueno-practical-law-company-plc-reference-guide-mexico-mergers-acquisiti,200,correcto,1,"Luis Burgueño - Practical Law Company, PLC: Guía de Referencia México: Fusiones y Adquisiciones","Luis Burgueño - Practical Law Company, PLC: Guía de Referencia México: Fusiones y Adquisiciones | Von Wobeser y Sierra",PLC: Guía de Referencia México: Fusiones y Adquisiciones.,https://www.vonwobeser.com/news/luis-burgueno-practical-law-company-plc-reference-guide-mexico-mergers-acquisiti,es-MX:https://www.vonwobeser.com/news/luis-burgueno-practical-law-company-plc-reference-guide-mexico-mergers-acquisiti | en:https://www.vonwobeser.com/news/luis-burgueno-practical-law-company-plc-reference-guide-mexico-mergers-acquisiti?lang=en | x-default:https://www.vonwobeser.com/news/luis-burgueno-practical-law-company-plc-reference-guide-mexico-mergers-acquisiti,,,true,true,,,
7123c9cb-bbf4-4173-a1bd-d207f74f766f,en,http://localhost:5050/news/luis-burgueno-practical-law-company-plc-reference-guide-mexico-mergers-acquisiti?lang=en,200,correcto,1,"Luis Burgueño - Practical Law Company, PLC:Reference Guide Mexico: Mergers & Acquisitions","Luis Burgueño - Practical Law Company, PLC:Reference Guide Mexico: Mergers & Acquisitions | Von Wobeser y Sierra",PLC:Reference Guide Mexico: Mergers & Acquisitions.,https://www.vonwobeser.com/news/luis-burgueno-practical-law-company-plc-reference-guide-mexico-mergers-acquisiti?lang=en,es-MX:https://www.vonwobeser.com/news/luis-burgueno-practical-law-company-plc-reference-guide-mexico-mergers-acquisiti | en:https://www.vonwobeser.com/news/luis-burgueno-practical-law-company-plc-reference-guide-mexico-mergers-acquisiti?lang=en | x-default:https://www.vonwobeser.com/news/luis-burgueno-practical-law-company-plc-reference-guide-mexico-mergers-acquisiti,,,true,true,http://localhost:5050/images/PDF_news/2015/2_2-PLC-Mergers-and-acquisitions-Mexico.pdf,,
ded2f993-d9d4-462b-8ce3-3c7e424af8e7,es,http://localhost:5050/news/claus-von-wobeser-the-european-lawyer-reference-series-arbitration-world-4th-edi,200,correcto,1,"Claus von Wobeser - The European Lawyer Reference Series - Arbitration World 4th Edition, Capítulo de México","Claus von Wobeser - The European Lawyer Reference Series - Arbitration World 4th Edition, Capítulo de México | Von Wobeser y Sierra",Referencia de Arbitraje para México.,https://www.vonwobeser.com/news/claus-von-wobeser-the-european-lawyer-reference-series-arbitration-world-4th-edi,es-MX:https://www.vonwobeser.com/news/claus-von-wobeser-the-european-lawyer-reference-series-arbitration-world-4th-edi | en:https://www.vonwobeser.com/news/claus-von-wobeser-the-european-lawyer-reference-series-arbitration-world-4th-edi?lang=en | x-default:https://www.vonwobeser.com/news/claus-von-wobeser-the-european-lawyer-reference-series-arbitration-world-4th-edi,,,true,true,,,
ded2f993-d9d4-462b-8ce3-3c7e424af8e7,en,http://localhost:5050/news/claus-von-wobeser-the-european-lawyer-reference-series-arbitration-world-4th-edi?lang=en,200,correcto,1,"Claus von Wobeser - The European Lawyer Reference Series - Arbitration World 4th Edition, Mexican Chapter","Claus von Wobeser - The European Lawyer Reference Series - Arbitration World 4th Edition, Mexican Chapter | Von Wobeser y Sierra",Arbitration Reference for Mexico.,https://www.vonwobeser.com/news/claus-von-wobeser-the-european-lawyer-reference-series-arbitration-world-4th-edi?lang=en,es-MX:https://www.vonwobeser.com/news/claus-von-wobeser-the-european-lawyer-reference-series-arbitration-world-4th-edi | en:https://www.vonwobeser.com/news/claus-von-wobeser-the-european-lawyer-reference-series-arbitration-world-4th-edi?lang=en | x-default:https://www.vonwobeser.com/news/claus-von-wobeser-the-european-lawyer-reference-series-arbitration-world-4th-edi,,,true,true,http://localhost:5050/images/PDF_news/2015/1.5-The-European-Lawyer-Ref-Series-Arbitration-World-4th-Ed--Mexico.pdf,,
95f1a1f1-e816-4abe-968e-88b5e6c24036,es,http://localhost:5050/news/claus-von-wobeser-incorporation-by-reference,200,correcto,1,Claus Von Wobeser - La Incorporación por Referencia,Claus Von Wobeser - La Incorporación por Referencia | Von Wobeser y Sierra,"A poco más de cincuenta años de existencia, celebración a propósito de la cual se escriben estas líneas, la Convención sobre el Reconocimiento y la Ejecución…",https://www.vonwobeser.com/news/claus-von-wobeser-incorporation-by-reference,es-MX:https://www.vonwobeser.com/news/claus-von-wobeser-incorporation-by-reference | en:https://www.vonwobeser.com/news/claus-von-wobeser-incorporation-by-reference?lang=en | x-default:https://www.vonwobeser.com/news/claus-von-wobeser-incorporation-by-reference,,,true,true,,,
95f1a1f1-e816-4abe-968e-88b5e6c24036,en,http://localhost:5050/news/claus-von-wobeser-incorporation-by-reference?lang=en,200,correcto,1,Claus Von Wobeser - Incorporation by Reference,Claus Von Wobeser - Incorporation by Reference | Von Wobeser y Sierra,"A little over fifty years of existence, concerning which celebration of this writing, the Convention on the Recognition and Enforcement of Foreign Arbitral…",https://www.vonwobeser.com/news/claus-von-wobeser-incorporation-by-reference?lang=en,es-MX:https://www.vonwobeser.com/news/claus-von-wobeser-incorporation-by-reference | en:https://www.vonwobeser.com/news/claus-von-wobeser-incorporation-by-reference?lang=en | x-default:https://www.vonwobeser.com/news/claus-von-wobeser-incorporation-by-reference,,,true,true,http://localhost:5050/images/PDF_news/2015/PAUTA-58-CVW.pdf,,
a4e34570-84a3-4ad4-8fb3-7bcd8195d67a,es,http://localhost:5050/news/luis-burgueno-the-new-organic-structure-of-the-public-corporation,200,correcto,1,Luis Burgueño - La Nueva Estructura Orgánica de la Sociedad Anónima Bursátil,Luis Burgueño - La Nueva Estructura Orgánica de la Sociedad Anónima Bursátil | Von Wobeser y Sierra,Las recientes reformas a la Ley del Mercado de Valores modifican sustancialmente el régimen de gobierno corporativo y la estructura de los órganos sociales de…,https://www.vonwobeser.com/news/luis-burgueno-the-new-organic-structure-of-the-public-corporation,es-MX:https://www.vonwobeser.com/news/luis-burgueno-the-new-organic-structure-of-the-public-corporation | en:https://www.vonwobeser.com/news/luis-burgueno-the-new-organic-structure-of-the-public-corporation?lang=en | x-default:https://www.vonwobeser.com/news/luis-burgueno-the-new-organic-structure-of-the-public-corporation,,,true,true,,,
a4e34570-84a3-4ad4-8fb3-7bcd8195d67a,en,http://localhost:5050/news/luis-burgueno-the-new-organic-structure-of-the-public-corporation?lang=en,200,correcto,1,Luis Burgueño - The New Organic Structure of the Public Corporation,Luis Burgueño - The New Organic Structure of the Public Corporation | Von Wobeser y Sierra,Recent amendments to the Stock Exchange Act (Ley del Mercado de Valores) substantially modify the corporate governance regime and corporate bodies structure of…,https://www.vonwobeser.com/news/luis-burgueno-the-new-organic-structure-of-the-public-corporation?lang=en,es-MX:https://www.vonwobeser.com/news/luis-burgueno-the-new-organic-structure-of-the-public-corporation | en:https://www.vonwobeser.com/news/luis-burgueno-the-new-organic-structure-of-the-public-corporation?lang=en | x-default:https://www.vonwobeser.com/news/luis-burgueno-the-new-organic-structure-of-the-public-corporation,,,true,true,,,
4ded4cdb-2c36-4fd7-a12b-1b5e21f40fdd,es,http://localhost:5050/news/luis-burgueno-patrick-meshoulam-luis-alberto-perez-mexico-takes-two-major-steps-,200,correcto,1,"Luis Burgueño, Patrick Meshoulam, Luis Alberto Pérez - México Toma Dos Medidas Importantes Hacia la Convergencia en Telecomunicaciones","Luis Burgueño, Patrick Meshoulam, Luis Alberto Pérez - México Toma Dos Medidas Importantes Hacia la Convergencia en Telecomunicaciones | Von Wobeser y Sierra","Con las recientemente promulgadas reformas a la Ley Federal de Radio y Televisión y a la Ley Federal de Telecomunicaciones, así como con la Resolución en…",https://www.vonwobeser.com/news/luis-burgueno-patrick-meshoulam-luis-alberto-perez-mexico-takes-two-major-steps-,es-MX:https://www.vonwobeser.com/news/luis-burgueno-patrick-meshoulam-luis-alberto-perez-mexico-takes-two-major-steps- | en:https://www.vonwobeser.com/news/luis-burgueno-patrick-meshoulam-luis-alberto-perez-mexico-takes-two-major-steps-?lang=en | x-default:https://www.vonwobeser.com/news/luis-burgueno-patrick-meshoulam-luis-alberto-perez-mexico-takes-two-major-steps-,,,true,true,,,
4ded4cdb-2c36-4fd7-a12b-1b5e21f40fdd,en,http://localhost:5050/news/luis-burgueno-patrick-meshoulam-luis-alberto-perez-mexico-takes-two-major-steps-?lang=en,200,correcto,1,"Luis Burgueño , Patrick Meshoulam , Luis Alberto Pérez - Mexico Takes Two Major Steps Towards Telecommunications Convergence","Luis Burgueño , Patrick Meshoulam , Luis Alberto Pérez - Mexico Takes Two Major Steps Towards Telecommunications Convergence | Von Wobeser y Sierra","With the recently enacted amendments to the Federal Radio and Television Law and the Federal Telecommunications Law, as well as with the Resolution on…",https://www.vonwobeser.com/news/luis-burgueno-patrick-meshoulam-luis-alberto-perez-mexico-takes-two-major-steps-?lang=en,es-MX:https://www.vonwobeser.com/news/luis-burgueno-patrick-meshoulam-luis-alberto-perez-mexico-takes-two-major-steps- | en:https://www.vonwobeser.com/news/luis-burgueno-patrick-meshoulam-luis-alberto-perez-mexico-takes-two-major-steps-?lang=en | x-default:https://www.vonwobeser.com/news/luis-burgueno-patrick-meshoulam-luis-alberto-perez-mexico-takes-two-major-steps-,,,true,true,http://localhost:5050/images/PDF_news/PDF_articles/2017/5-GCR-LBC-Mexico-takes-2-major-steps-2007-37-Mexico-telecoms.pdf,,
b10da17f-d899-4856-b3d4-a41cfed59cf5,es,http://localhost:5050/news/claus-von-wobeser-techniques-to-control-the-time-and-costs-in-arbitration,200,correcto,1,Claus Von Wobeser - Técnicas para controlar el tiempo y los costos en el arbitraje,Claus Von Wobeser - Técnicas para controlar el tiempo y los costos en el arbitraje | Von Wobeser y Sierra,"Las estadísticas proporcionadas por la Corte Internacional de Arbitraje de la CCI, con base en casos de la CCI en los que se dictó un laudo final en 2003 y…",https://www.vonwobeser.com/news/claus-von-wobeser-techniques-to-control-the-time-and-costs-in-arbitration,es-MX:https://www.vonwobeser.com/news/claus-von-wobeser-techniques-to-control-the-time-and-costs-in-arbitration | en:https://www.vonwobeser.com/news/claus-von-wobeser-techniques-to-control-the-time-and-costs-in-arbitration?lang=en | x-default:https://www.vonwobeser.com/news/claus-von-wobeser-techniques-to-control-the-time-and-costs-in-arbitration,,,true,true,,,
b10da17f-d899-4856-b3d4-a41cfed59cf5,en,http://localhost:5050/news/claus-von-wobeser-techniques-to-control-the-time-and-costs-in-arbitration?lang=en,200,correcto,1,Claus Von Wobeser - Techniques to control the time and costs in arbitration,Claus Von Wobeser - Techniques to control the time and costs in arbitration | Von Wobeser y Sierra,"Statistics provided by the International Court of Arbitration of the CCI, based in CCI cases in which a final award was issued in 2003 and 2004 indicate that,…",https://www.vonwobeser.com/news/claus-von-wobeser-techniques-to-control-the-time-and-costs-in-arbitration?lang=en,es-MX:https://www.vonwobeser.com/news/claus-von-wobeser-techniques-to-control-the-time-and-costs-in-arbitration | en:https://www.vonwobeser.com/news/claus-von-wobeser-techniques-to-control-the-time-and-costs-in-arbitration?lang=en | x-default:https://www.vonwobeser.com/news/claus-von-wobeser-techniques-to-control-the-time-and-costs-in-arbitration,,,true,true,http://localhost:5050/images/PDF_news/2015/pauta-54-CVW.pdf,,
6b9d8f07-7768-47e3-9c82-6a0f5589a32d,es,http://localhost:5050/news/alberto-muerza-on-the-constitutional-and-legal-problems-of-amparo-judgments-perf,200,correcto,1,Alberto Muerza - Sobre los Problemas Constitucionales y Legales del Cumplimiento de las Sentencias de Amparo,Alberto Muerza - Sobre los Problemas Constitucionales y Legales del Cumplimiento de las Sentencias de Amparo | Von Wobeser y Sierra,"El propósito de este artículo es señalar algunos de los problemas constitucionales y legales que obstaculizan el cumplimiento de las sentencias de amparo, un…",https://www.vonwobeser.com/news/alberto-muerza-on-the-constitutional-and-legal-problems-of-amparo-judgments-perf,es-MX:https://www.vonwobeser.com/news/alberto-muerza-on-the-constitutional-and-legal-problems-of-amparo-judgments-perf | en:https://www.vonwobeser.com/news/alberto-muerza-on-the-constitutional-and-legal-problems-of-amparo-judgments-perf?lang=en | x-default:https://www.vonwobeser.com/news/alberto-muerza-on-the-constitutional-and-legal-problems-of-amparo-judgments-perf,,,true,true,,,
6b9d8f07-7768-47e3-9c82-6a0f5589a32d,en,http://localhost:5050/news/alberto-muerza-on-the-constitutional-and-legal-problems-of-amparo-judgments-perf?lang=en,200,correcto,1,Alberto Muerza - On the Constitutional and Legal Problems of Amparo Judgments Performance,Alberto Muerza - On the Constitutional and Legal Problems of Amparo Judgments Performance | Von Wobeser y Sierra,"The purpose of this article is to point out some of the constitutional and legal problems that hinder the enforcement of sentences for defense, an issue which…",https://www.vonwobeser.com/news/alberto-muerza-on-the-constitutional-and-legal-problems-of-amparo-judgments-perf?lang=en,es-MX:https://www.vonwobeser.com/news/alberto-muerza-on-the-constitutional-and-legal-problems-of-amparo-judgments-perf | en:https://www.vonwobeser.com/news/alberto-muerza-on-the-constitutional-and-legal-problems-of-amparo-judgments-perf?lang=en | x-default:https://www.vonwobeser.com/news/alberto-muerza-on-the-constitutional-and-legal-problems-of-amparo-judgments-perf,,,true,true,http://localhost:5050/images/PDF_news/2015/Muerza---cumplimiento-sentencias-amparo.pdf,,
072557de-b34a-4255-8d99-4593cc18ef2a,es,http://localhost:5050/news/luis-burgueno-e-commerce-and-the-law-of-digital-signatures,200,correcto,1,Luis Burgueño - El Comercio Electrónico y la Ley de Firmas Digitales,Luis Burgueño - El Comercio Electrónico y la Ley de Firmas Digitales | Von Wobeser y Sierra,"Este capítulo presenta el régimen jurídico mexicano en materia de contratación y firmas electrónicas, tal como ha quedado establecido conforme al Decreto de…",https://www.vonwobeser.com/news/luis-burgueno-e-commerce-and-the-law-of-digital-signatures,es-MX:https://www.vonwobeser.com/news/luis-burgueno-e-commerce-and-the-law-of-digital-signatures | en:https://www.vonwobeser.com/news/luis-burgueno-e-commerce-and-the-law-of-digital-signatures?lang=en | x-default:https://www.vonwobeser.com/news/luis-burgueno-e-commerce-and-the-law-of-digital-signatures,,,true,true,,,
072557de-b34a-4255-8d99-4593cc18ef2a,en,http://localhost:5050/news/luis-burgueno-e-commerce-and-the-law-of-digital-signatures?lang=en,200,correcto,1,Luis Burgueño - E-Commerce and the Law of Digital Signatures,Luis Burgueño - E-Commerce and the Law of Digital Signatures | Von Wobeser y Sierra,"This chapter presents Mexico’s legal regime on electronic contracting and signatures, as has been established pursuant to the 2000 E-Commerce Decree and the…",https://www.vonwobeser.com/news/luis-burgueno-e-commerce-and-the-law-of-digital-signatures?lang=en,es-MX:https://www.vonwobeser.com/news/luis-burgueno-e-commerce-and-the-law-of-digital-signatures | en:https://www.vonwobeser.com/news/luis-burgueno-e-commerce-and-the-law-of-digital-signatures?lang=en | x-default:https://www.vonwobeser.com/news/luis-burgueno-e-commerce-and-the-law-of-digital-signatures,,,true,true,http://localhost:5050/images/PDF_news/2015/Chapter-16.pdf,,
5bcd3c8e-a38a-43a5-9e35-456fceea774c,es,http://localhost:5050/news/pablo-jimenez-stanford-law-school-reshaping-fiduciary-duties-in-mexico-a-step-to,200,correcto,1,"Pablo Jiménez – Stanford Law School - Reformulación de los Deberes Fiduciarios en México: Un Paso Hacia la Funcionalidad, 2005","Pablo Jiménez – Stanford Law School - Reformulación de los Deberes Fiduciarios en México: Un Paso Hacia la Funcionalidad, 2005 | Von Wobeser y Sierra",Los deberes fiduciarios son una respuesta jurídica a la autogestión desleal y a la mala administración por parte de quienes controlan una empresa. En este…,https://www.vonwobeser.com/news/pablo-jimenez-stanford-law-school-reshaping-fiduciary-duties-in-mexico-a-step-to,es-MX:https://www.vonwobeser.com/news/pablo-jimenez-stanford-law-school-reshaping-fiduciary-duties-in-mexico-a-step-to | en:https://www.vonwobeser.com/news/pablo-jimenez-stanford-law-school-reshaping-fiduciary-duties-in-mexico-a-step-to?lang=en | x-default:https://www.vonwobeser.com/news/pablo-jimenez-stanford-law-school-reshaping-fiduciary-duties-in-mexico-a-step-to,,,true,true,,,
5bcd3c8e-a38a-43a5-9e35-456fceea774c,en,http://localhost:5050/news/pablo-jimenez-stanford-law-school-reshaping-fiduciary-duties-in-mexico-a-step-to?lang=en,200,correcto,1,"Pablo Jiménez – Stanford Law School - Reshaping Fiduciary Duties in Mexico: A Step Towards Functionality, 2005","Pablo Jiménez – Stanford Law School - Reshaping Fiduciary Duties in Mexico: A Step Towards Functionality, 2005 | Von Wobeser y Sierra","Fiduciary duties are a legal response to unfair self-dealing and mismanagement by those in control of a company. In this paper, our partner Pablo Jiménez…",https://www.vonwobeser.com/news/pablo-jimenez-stanford-law-school-reshaping-fiduciary-duties-in-mexico-a-step-to?lang=en,es-MX:https://www.vonwobeser.com/news/pablo-jimenez-stanford-law-school-reshaping-fiduciary-duties-in-mexico-a-step-to | en:https://www.vonwobeser.com/news/pablo-jimenez-stanford-law-school-reshaping-fiduciary-duties-in-mexico-a-step-to?lang=en | x-default:https://www.vonwobeser.com/news/pablo-jimenez-stanford-law-school-reshaping-fiduciary-duties-in-mexico-a-step-to,,,true,true,http://localhost:5050/images/PDF_news/PDF_articles/2021/7-Stanford-Law-School.pdf,,
a0700d66-e0fc-42ef-9b62-e13375240828,es,http://localhost:5050/news/pablo-jimenez-editorial-porrua-takeover-bids-2004,200,correcto,1,"Pablo Jiménez - Editorial Porrúa - Ofertas Públicas de Adquisición, 2004","Pablo Jiménez - Editorial Porrúa - Ofertas Públicas de Adquisición, 2004 | Von Wobeser y Sierra","Hoy en día, el mercado de valores debe ser uno de los elementos clave para el desarrollo de la economía de un país. En este libro, nuestro socio Pablo Jiménez…",https://www.vonwobeser.com/news/pablo-jimenez-editorial-porrua-takeover-bids-2004,es-MX:https://www.vonwobeser.com/news/pablo-jimenez-editorial-porrua-takeover-bids-2004 | en:https://www.vonwobeser.com/news/pablo-jimenez-editorial-porrua-takeover-bids-2004?lang=en | x-default:https://www.vonwobeser.com/news/pablo-jimenez-editorial-porrua-takeover-bids-2004,,,true,true,,,
a0700d66-e0fc-42ef-9b62-e13375240828,en,http://localhost:5050/news/pablo-jimenez-editorial-porrua-takeover-bids-2004?lang=en,200,correcto,1,"Pablo Jiménez - Editorial Porrúa - Takeover Bids, 2004","Pablo Jiménez - Editorial Porrúa - Takeover Bids, 2004 | Von Wobeser y Sierra","Nowadays, the stock market must be one of the key elements for the development of a country's economy. In this book, our partner Pablo Jiménez analyzes one of…",https://www.vonwobeser.com/news/pablo-jimenez-editorial-porrua-takeover-bids-2004?lang=en,es-MX:https://www.vonwobeser.com/news/pablo-jimenez-editorial-porrua-takeover-bids-2004 | en:https://www.vonwobeser.com/news/pablo-jimenez-editorial-porrua-takeover-bids-2004?lang=en | x-default:https://www.vonwobeser.com/news/pablo-jimenez-editorial-porrua-takeover-bids-2004,,,true,true,,,
