owner,source,kind,language,url,status,classification,finalUrl,redirected,mime,error
es:1897,official,official-detail,es,https://www.vonwobeser.com/index.php/publicacion?p_id=1897,200,correcto,https://www.vonwobeser.com/index.php/publicacion?p_id=1897,false,text/html; charset=utf-8,
es:1897,official,content-link,es,https://www.vonwobeser.com/index.php/abogado?l=344,200,correcto,https://www.vonwobeser.com/index.php/abogado?l=344,false,text/html; charset=utf-8,
es:1897,official,content-link,es,https://eljuegodelacorte.nexos.com.mx/la-batalla-por-la-independencia-judicial-lecciones-del-sistema-interamericano/,200,correcto,https://eljuegodelacorte.nexos.com.mx/la-batalla-por-la-independencia-judicial-lecciones-del-sistema-interamericano/,false,text/html; charset=UTF-8,
es:1897,project,source-url,es,https://eljuegodelacorte.nexos.com.mx/la-batalla-por-la-independencia-judicial-lecciones-del-sistema-interamericano/,200,correcto,https://eljuegodelacorte.nexos.com.mx/la-batalla-por-la-independencia-judicial-lecciones-del-sistema-interamericano/,false,text/html; charset=UTF-8,
es:1833,official,official-detail,es,https://www.vonwobeser.com/index.php/publicacion?p_id=1833,200,correcto,https://www.vonwobeser.com/index.php/publicacion?p_id=1833,false,text/html; charset=utf-8,
es:1833,official,content-link,es,https://www.vonwobeser.com/index.php/abogado?l=398,200,correcto,https://www.vonwobeser.com/index.php/abogado?l=398,false,text/html; charset=utf-8,
es:1833,official,content-link,es,https://anticorrupcion.nexos.com.mx/los-empresarios-son-beneficiarios-del-combate-a-la-corrupcion-privada/,200,correcto,https://anticorrupcion.nexos.com.mx/los-empresarios-son-beneficiarios-del-combate-a-la-corrupcion-privada/,false,text/html; charset=UTF-8,
es:1833,project,source-url,es,https://anticorrupcion.nexos.com.mx/los-empresarios-son-beneficiarios-del-combate-a-la-corrupcion-privada/,200,correcto,https://anticorrupcion.nexos.com.mx/los-empresarios-son-beneficiarios-del-combate-a-la-corrupcion-privada/,false,text/html; charset=UTF-8,
es:1817,official,official-detail,es,https://www.vonwobeser.com/index.php/publicacion?p_id=1817,200,correcto,https://www.vonwobeser.com/index.php/publicacion?p_id=1817,false,text/html; charset=utf-8,
es:1817,official,content-link,es,https://www.vonwobeser.com/index.php/abogado?l=396,200,correcto,https://www.vonwobeser.com/index.php/abogado?l=396,false,text/html; charset=utf-8,
es:1817,project,source-url,es,https://www.vonwobeser.com/index.php/publicacion/p_id-1817.html,200,redireccion-valida,https://www.vonwobeser.com/index.php/publicacion?p_id=1817,true,text/html; charset=utf-8,
es:1816,official,official-detail,es,https://www.vonwobeser.com/index.php/publicacion?p_id=1816,200,correcto,https://www.vonwobeser.com/index.php/publicacion?p_id=1816,false,text/html; charset=utf-8,
es:1816,official,content-link,es,https://www.vonwobeser.com/index.php/abogado?l=396,200,correcto,https://www.vonwobeser.com/index.php/abogado?l=396,false,text/html; charset=utf-8,
es:1816,project,source-url,es,https://www.vonwobeser.com/index.php/publicacion/p_id-1816.html,200,redireccion-valida,https://www.vonwobeser.com/index.php/publicacion?p_id=1816,true,text/html; charset=utf-8,
es:1815,official,official-detail,es,https://www.vonwobeser.com/index.php/publicacion?p_id=1815,200,correcto,https://www.vonwobeser.com/index.php/publicacion?p_id=1815,false,text/html; charset=utf-8,
es:1815,official,content-link,es,https://www.vonwobeser.com/index.php/abogado?l=396,200,correcto,https://www.vonwobeser.com/index.php/abogado?l=396,false,text/html; charset=utf-8,
es:1815,project,source-url,es,https://www.vonwobeser.com/index.php/publicacion/p_id-1815.html,200,redireccion-valida,https://www.vonwobeser.com/index.php/publicacion?p_id=1815,true,text/html; charset=utf-8,
es:1814,official,official-detail,es,https://www.vonwobeser.com/index.php/publicacion?p_id=1814,200,correcto,https://www.vonwobeser.com/index.php/publicacion?p_id=1814,false,text/html; charset=utf-8,
es:1814,official,content-link,es,https://www.vonwobeser.com/index.php/abogado?l=396,200,correcto,https://www.vonwobeser.com/index.php/abogado?l=396,false,text/html; charset=utf-8,
es:1814,project,source-url,es,https://mundoejecutivo.com.mx/economia/blockchain-compliance-evolucion-cumplimiento/,200,correcto,https://mundoejecutivo.com.mx/economia/blockchain-compliance-evolucion-cumplimiento/,false,text/html; charset=UTF-8,
es:1813,official,official-detail,es,https://www.vonwobeser.com/index.php/publicacion?p_id=1813,200,correcto,https://www.vonwobeser.com/index.php/publicacion?p_id=1813,false,text/html; charset=utf-8,
es:1813,official,content-link,es,https://www.vonwobeser.com/index.php/abogado?l=396,200,correcto,https://www.vonwobeser.com/index.php/abogado?l=396,false,text/html; charset=utf-8,
es:1813,project,source-url,es,https://www.vonwobeser.com/index.php/publicacion/p_id-1813.html,200,redireccion-valida,https://www.vonwobeser.com/index.php/publicacion?p_id=1813,true,text/html; charset=utf-8,
es:1812,official,official-detail,es,https://www.vonwobeser.com/index.php/publicacion?p_id=1812,200,correcto,https://www.vonwobeser.com/index.php/publicacion?p_id=1812,false,text/html; charset=utf-8,
es:1812,official,content-link,es,https://www.vonwobeser.com/index.php/abogado?l=396,200,correcto,https://www.vonwobeser.com/index.php/abogado?l=396,false,text/html; charset=utf-8,
es:1812,project,source-url,es,https://www.vonwobeser.com/index.php/publicacion/p_id-1812.html,200,redireccion-valida,https://www.vonwobeser.com/index.php/publicacion?p_id=1812,true,text/html; charset=utf-8,
es:1811,official,official-detail,es,https://www.vonwobeser.com/index.php/publicacion?p_id=1811,200,correcto,https://www.vonwobeser.com/index.php/publicacion?p_id=1811,false,text/html; charset=utf-8,
es:1811,official,content-link,es,https://www.vonwobeser.com/index.php/abogado?l=396,200,correcto,https://www.vonwobeser.com/index.php/abogado?l=396,false,text/html; charset=utf-8,
es:1811,project,source-url,es,https://mitsloanreview.mx/nft-bitcoin-crypto-blockchain/como-prevenir-fraudes-con-criptomonedas/,200,redireccion-valida,https://www.mitsloanreview.mx/nft-bitcoin-crypto-blockchain/como-prevenir-fraudes-con-criptomonedas/,true,text/html; charset=UTF-8,
es:1810,official,official-detail,es,https://www.vonwobeser.com/index.php/publicacion?p_id=1810,200,correcto,https://www.vonwobeser.com/index.php/publicacion?p_id=1810,false,text/html; charset=utf-8,
es:1810,official,content-link,es,https://www.vonwobeser.com/index.php/abogado?l=396,200,correcto,https://www.vonwobeser.com/index.php/abogado?l=396,false,text/html; charset=utf-8,
es:1810,project,source-url,es,https://www.milenio.com/opinion/ricardo-cacho/columna-ricardo-cacho/las-criptomonedas-y-su-transparente-blockchain,200,correcto,https://www.milenio.com/opinion/ricardo-cacho/columna-ricardo-cacho/las-criptomonedas-y-su-transparente-blockchain,false,text/html; charset=UTF-8,
es:1809,official,official-detail,es,https://www.vonwobeser.com/index.php/publicacion?p_id=1809,200,correcto,https://www.vonwobeser.com/index.php/publicacion?p_id=1809,false,text/html; charset=utf-8,
es:1809,official,content-link,es,https://www.vonwobeser.com/index.php/abogado?l=396,200,correcto,https://www.vonwobeser.com/index.php/abogado?l=396,false,text/html; charset=utf-8,
es:1809,project,source-url,es,https://www.vonwobeser.com/index.php/publicacion/p_id-1809.html,200,redireccion-valida,https://www.vonwobeser.com/index.php/publicacion?p_id=1809,true,text/html; charset=utf-8,
es:1808,official,official-detail,es,https://www.vonwobeser.com/index.php/publicacion?p_id=1808,200,correcto,https://www.vonwobeser.com/index.php/publicacion?p_id=1808,false,text/html; charset=utf-8,
es:1808,official,content-link,es,https://www.vonwobeser.com/index.php/abogado?l=396,200,correcto,https://www.vonwobeser.com/index.php/abogado?l=396,false,text/html; charset=utf-8,
es:1808,project,source-url,es,https://www.vonwobeser.com/index.php/publicacion/p_id-1808.html,200,redireccion-valida,https://www.vonwobeser.com/index.php/publicacion?p_id=1808,true,text/html; charset=utf-8,
es:1807,official,official-detail,es,https://www.vonwobeser.com/index.php/publicacion?p_id=1807,200,correcto,https://www.vonwobeser.com/index.php/publicacion?p_id=1807,false,text/html; charset=utf-8,
es:1807,official,content-link,es,https://www.vonwobeser.com/index.php/abogado?l=396,200,correcto,https://www.vonwobeser.com/index.php/abogado?l=396,false,text/html; charset=utf-8,
es:1807,project,source-url,es,https://www.vonwobeser.com/index.php/publicacion/p_id-1807.html,200,redireccion-valida,https://www.vonwobeser.com/index.php/publicacion?p_id=1807,true,text/html; charset=utf-8,
es:1806,official,official-detail,es,https://www.vonwobeser.com/index.php/publicacion?p_id=1806,200,correcto,https://www.vonwobeser.com/index.php/publicacion?p_id=1806,false,text/html; charset=utf-8,
es:1806,official,content-link,es,https://www.vonwobeser.com/index.php/abogado?l=396,200,correcto,https://www.vonwobeser.com/index.php/abogado?l=396,false,text/html; charset=utf-8,
es:1806,project,source-url,es,https://www.aranzadilaley.es/tienda/todo-penal-internacional,200,correcto,https://www.aranzadilaley.es/tienda/todo-penal-internacional,false,text/html; charset=utf-8,
es:1805,official,official-detail,es,https://www.vonwobeser.com/index.php/publicacion?p_id=1805,200,correcto,https://www.vonwobeser.com/index.php/publicacion?p_id=1805,false,text/html; charset=utf-8,
es:1805,official,content-link,es,https://www.vonwobeser.com/index.php/abogado?l=396,200,correcto,https://www.vonwobeser.com/index.php/abogado?l=396,false,text/html; charset=utf-8,
es:1805,project,source-url,es,https://www.milenio.com/opinion/ricardo-cacho/columna-ricardo-cacho/la-evasion-fiscal-una-forma-de-corrupcion,200,correcto,https://www.milenio.com/opinion/ricardo-cacho/columna-ricardo-cacho/la-evasion-fiscal-una-forma-de-corrupcion,false,text/html; charset=UTF-8,
es:1804,official,official-detail,es,https://www.vonwobeser.com/index.php/publicacion?p_id=1804,200,correcto,https://www.vonwobeser.com/index.php/publicacion?p_id=1804,false,text/html; charset=utf-8,
es:1804,official,content-link,es,https://www.vonwobeser.com/index.php/abogado?l=396,200,correcto,https://www.vonwobeser.com/index.php/abogado?l=396,false,text/html; charset=utf-8,
es:1804,project,source-url,es,https://www.milenio.com/opinion/ricardo-cacho/columna-ricardo-cacho/los-jueces-deben-pensar-en-las-victimas,200,correcto,https://www.milenio.com/opinion/ricardo-cacho/columna-ricardo-cacho/los-jueces-deben-pensar-en-las-victimas,false,text/html; charset=UTF-8,
es:1803,official,official-detail,es,https://www.vonwobeser.com/index.php/publicacion?p_id=1803,200,correcto,https://www.vonwobeser.com/index.php/publicacion?p_id=1803,false,text/html; charset=utf-8,
es:1803,official,content-link,es,https://www.vonwobeser.com/index.php/abogado?l=396,200,correcto,https://www.vonwobeser.com/index.php/abogado?l=396,false,text/html; charset=utf-8,
es:1803,project,source-url,es,https://www.milenio.com/politica/lee-firmas-milenio-jueves-16-julio,200,correcto,https://www.milenio.com/politica/lee-firmas-milenio-jueves-16-julio,false,text/html; charset=UTF-8,
es:1899,official,official-detail,es,https://www.vonwobeser.com/index.php/publicacion?p_id=1899,200,correcto,https://www.vonwobeser.com/index.php/publicacion?p_id=1899,false,text/html; charset=utf-8,
es:1899,official,content-link,es,https://www.vonwobeser.com/index.php/abogado?l=344,200,correcto,https://www.vonwobeser.com/index.php/abogado?l=344,false,text/html; charset=utf-8,
es:1899,official,content-link,es,https://eljuegodelacorte.nexos.com.mx/que-culpa-tiene-el-tigre-tono-las-nuevas-reglas-de-publicidad-en-alimentos-preenvasados/,200,correcto,https://eljuegodelacorte.nexos.com.mx/que-culpa-tiene-el-tigre-tono-las-nuevas-reglas-de-publicidad-en-alimentos-preenvasados/,false,text/html; charset=UTF-8,
es:1899,project,source-url,es,https://eljuegodelacorte.nexos.com.mx/que-culpa-tiene-el-tigre-tono-las-nuevas-reglas-de-publicidad-en-alimentos-preenvasados/,200,correcto,https://eljuegodelacorte.nexos.com.mx/que-culpa-tiene-el-tigre-tono-las-nuevas-reglas-de-publicidad-en-alimentos-preenvasados/,false,text/html; charset=UTF-8,
es:1784,official,official-detail,es,https://www.vonwobeser.com/index.php/publicacion?p_id=1784,200,correcto,https://www.vonwobeser.com/index.php/publicacion?p_id=1784,false,text/html; charset=utf-8,
es:1784,official,pdf,es,https://www.vonwobeser.com/images/PDF_news/2023/ESG4/23_05_22_MINERIA_ESG_ESP-Pt4-OK.pdf,206,correcto,https://www.vonwobeser.com/images/PDF_news/2023/ESG4/23_05_22_MINERIA_ESG_ESP-Pt4-OK.pdf,false,application/pdf,
es:1784,project,source-url,es,https://www.vonwobeser.com/images/PDF_news/2023/ESG4/23_05_22_MINERIA_ESG_ENG-Pt4-OK.pdf,206,correcto,https://www.vonwobeser.com/images/PDF_news/2023/ESG4/23_05_22_MINERIA_ESG_ENG-Pt4-OK.pdf,false,application/pdf,
es:1781,official,official-detail,es,https://www.vonwobeser.com/index.php/publicacion?p_id=1781,200,correcto,https://www.vonwobeser.com/index.php/publicacion?p_id=1781,false,text/html; charset=utf-8,
es:1781,official,pdf,es,https://www.vonwobeser.com/images/PDF_news/2023/vision_combate.pdf,206,correcto,https://www.vonwobeser.com/images/PDF_news/2023/vision_combate.pdf,false,application/pdf,
es:1781,official,content-link,es,https://www.vonwobeser.com/index.php/abogado?l=195,200,correcto,https://www.vonwobeser.com/index.php/abogado?l=195,false,text/html; charset=utf-8,
es:1781,project,source-url,es,https://www.vonwobeser.com/images/PDF_news/2023/vision_combate.pdf,206,correcto,https://www.vonwobeser.com/images/PDF_news/2023/vision_combate.pdf,false,application/pdf,
es:1764,official,official-detail,es,https://www.vonwobeser.com/index.php/publicacion?p_id=1764,200,correcto,https://www.vonwobeser.com/index.php/publicacion?p_id=1764,false,text/html; charset=utf-8,
es:1764,official,content-link,es,https://www.vonwobeser.com/index.php/abogado?l=141,200,correcto,https://www.vonwobeser.com/index.php/abogado?l=141,false,text/html; charset=utf-8,
es:1764,official,content-link,es,https://www.vonwobeser.com/index.php/abogado?l=160,200,correcto,https://www.vonwobeser.com/index.php/abogado?l=160,false,text/html; charset=utf-8,
es:1764,official,content-link,es,https://www.vonwobeser.com/index.php/abogado?l=246,200,correcto,https://www.vonwobeser.com/index.php/abogado?l=246,false,text/html; charset=utf-8,
es:1764,official,content-link,es,https://vonwobeserysierra.us5.list-manage.com/track/click?u=b054d1d8087ee1d7ab2807780&id=76fb70a373&e=235d3ee136,200,redireccion-valida,https://latinlawyer.com/guide/the-guide-mergers-acquisitions-archived/third-edition/article/indemnity-escrows-and-other-payment-guarantees,true,text/html; charset=utf-8,
es:1756,official,official-detail,es,https://www.vonwobeser.com/index.php/publicacion?p_id=1756,200,correcto,https://www.vonwobeser.com/index.php/publicacion?p_id=1756,false,text/html; charset=utf-8,
es:1756,official,content-link,es,https://www.vonwobeser.com/index.php/abogado?l=175,200,correcto,https://www.vonwobeser.com/index.php/abogado?l=175,false,text/html; charset=utf-8,
es:1756,official,content-link,es,https://vonwobeserysierra.us5.list-manage.com/track/click?u=b054d1d8087ee1d7ab2807780&id=03c8f69696&e=235d3ee136,200,redireccion-valida,https://globalarbitrationreview.com/insight/know-how/construction-arbitration/report/mexico,true,text/html; charset=utf-8,
es:1748,official,official-detail,es,https://www.vonwobeser.com/index.php/publicacion?p_id=1748,200,correcto,https://www.vonwobeser.com/index.php/publicacion?p_id=1748,false,text/html; charset=utf-8,
es:1748,official,pdf,es,https://www.vonwobeser.com/images/PDF_news/2022/22_08_11_ESG_En-la-Industria-Minera-Mexicana-3_ESP.pdf,206,correcto,https://www.vonwobeser.com/images/PDF_news/2022/22_08_11_ESG_En-la-Industria-Minera-Mexicana-3_ESP.pdf,false,application/pdf,
es:1748,official,content-link,es,https://www.vonwobeser.com/index.php/abogado?l=147,200,correcto,https://www.vonwobeser.com/index.php/abogado?l=147,false,text/html; charset=utf-8,
es:1748,official,content-link,es,https://www.vonwobeser.com/index.php/abogado?l=224,200,correcto,https://www.vonwobeser.com/index.php/abogado?l=224,false,text/html; charset=utf-8,
es:1748,official,content-link,es,https://www.vonwobeser.com/index.php/practica?p=90,200,correcto,https://www.vonwobeser.com/index.php/practica?p=90,false,text/html; charset=utf-8,
es:1748,official,content-link,es,https://www.vonwobeser.com/index.php/publicacion?p_id=1635,200,correcto,https://www.vonwobeser.com/index.php/publicacion?p_id=1635,false,text/html; charset=utf-8,
es:1748,official,content-link,es,https://www.vonwobeser.com/index.php/publicacion?p_id=1718,200,correcto,https://www.vonwobeser.com/index.php/publicacion?p_id=1718,false,text/html; charset=utf-8,
es:1748,project,source-url,es,https://www.vonwobeser.com/images/PDF_news/2022/22_08_11_ESG_En-la-Industria-Minera-Mexicana-3_ENG.pdf,206,correcto,https://www.vonwobeser.com/images/PDF_news/2022/22_08_11_ESG_En-la-Industria-Minera-Mexicana-3_ENG.pdf,false,application/pdf,
es:1726,official,official-detail,es,https://www.vonwobeser.com/index.php/publicacion?p_id=1726,200,correcto,https://www.vonwobeser.com/index.php/publicacion?p_id=1726,false,text/html; charset=utf-8,
es:1726,official,pdf,es,https://www.vonwobeser.com/images/PDF/2022/Preparate_Para_el_Proximo_Cisne1.pdf,206,correcto,https://www.vonwobeser.com/images/PDF/2022/Preparate_Para_el_Proximo_Cisne1.pdf,false,application/pdf,
es:1726,official,content-link,es,https://www.vonwobeser.com/index.php/abogado?l=323,200,correcto,https://www.vonwobeser.com/index.php/abogado?l=323,false,text/html; charset=utf-8,
es:1726,project,source-url,es,https://www.vonwobeser.com/images/PDF/2022/Preparate_Para_el_Proximo_Cisne1.pdf,206,correcto,https://www.vonwobeser.com/images/PDF/2022/Preparate_Para_el_Proximo_Cisne1.pdf,false,application/pdf,
es:1718,official,official-detail,es,https://www.vonwobeser.com/index.php/publicacion?p_id=1718,200,correcto,https://www.vonwobeser.com/index.php/publicacion?p_id=1718,false,text/html; charset=utf-8,
es:1718,official,pdf,es,https://www.vonwobeser.com/images/PDF_news/2022/22_04_01_MINERIA_ESG_ESP-Pt2.pdf,206,correcto,https://www.vonwobeser.com/images/PDF_news/2022/22_04_01_MINERIA_ESG_ESP-Pt2.pdf,false,application/pdf,
es:1718,official,pdf,es,https://www.vonwobeser.com/images/PDF_news/2021/21_10_12_MINERIA_ESG_ESP.pdf,206,correcto,https://www.vonwobeser.com/images/PDF_news/2021/21_10_12_MINERIA_ESG_ESP.pdf,false,application/pdf,
es:1718,official,content-link,es,https://www.vonwobeser.com/index.php/abogado?l=147,200,correcto,https://www.vonwobeser.com/index.php/abogado?l=147,false,text/html; charset=utf-8,
es:1718,official,content-link,es,https://www.vonwobeser.com/index.php/abogado?l=224,200,correcto,https://www.vonwobeser.com/index.php/abogado?l=224,false,text/html; charset=utf-8,
es:1718,official,content-link,es,https://www.vonwobeser.com/index.php/practica?p=90,200,correcto,https://www.vonwobeser.com/index.php/practica?p=90,false,text/html; charset=utf-8,
es:1718,project,source-url,es,https://www.vonwobeser.com/images/PDF_news/2021/21_10_12_MINERIA_ESG_ING.pdf,206,correcto,https://www.vonwobeser.com/images/PDF_news/2021/21_10_12_MINERIA_ESG_ING.pdf,false,application/pdf,
es:1699,official,official-detail,es,https://www.vonwobeser.com/index.php/publicacion?p_id=1699,200,correcto,https://www.vonwobeser.com/index.php/publicacion?p_id=1699,false,text/html; charset=utf-8,
es:1699,official,pdf,es,https://www.vonwobeser.com/images/PDF_news/2022/Tu-negocio-contribuye-a-cambiar-el-mundo_-Considera-una-perspectiva-ESG.pdf,206,correcto,https://www.vonwobeser.com/images/PDF_news/2022/Tu-negocio-contribuye-a-cambiar-el-mundo_-Considera-una-perspectiva-ESG.pdf,false,application/pdf,
es:1699,official,content-link,es,https://www.vonwobeser.com/index.php/abogado?l=323,200,correcto,https://www.vonwobeser.com/index.php/abogado?l=323,false,text/html; charset=utf-8,
es:1699,official,content-link,es,https://www.vonwobeser.com/index.php/practica?p=90,200,correcto,https://www.vonwobeser.com/index.php/practica?p=90,false,text/html; charset=utf-8,
es:1699,official,content-link,es,https://expansion.mx/opinion/2022/01/03/negocio-contribuya-cambiar-el-mundo,200,correcto,https://expansion.mx/opinion/2022/01/03/negocio-contribuya-cambiar-el-mundo,false,text/html;charset=UTF-8,
es:1699,project,source-url,es,https://expansion.mx/opinion/2022/01/03/negocio-contribuya-cambiar-el-mundo,200,correcto,https://expansion.mx/opinion/2022/01/03/negocio-contribuya-cambiar-el-mundo,false,text/html;charset=UTF-8,
es:1683,official,official-detail,es,https://www.vonwobeser.com/index.php/publicacion?p_id=1683,200,correcto,https://www.vonwobeser.com/index.php/publicacion?p_id=1683,false,text/html; charset=utf-8,
es:1683,official,pdf,es,https://www.vonwobeser.com/images/PDF_news/2021/21_12_17_DERECHOS_FUNDAMENTALES_ESG_ESP.pdf,206,correcto,https://www.vonwobeser.com/images/PDF_news/2021/21_12_17_DERECHOS_FUNDAMENTALES_ESG_ESP.pdf,false,application/pdf,
es:1683,official,content-link,es,https://www.vonwobeser.com/index.php/abogado?l=148,200,correcto,https://www.vonwobeser.com/index.php/abogado?l=148,false,text/html; charset=utf-8,
es:1683,official,content-link,es,https://www.vonwobeser.com/index.php/abogado?l=155,200,correcto,https://www.vonwobeser.com/index.php/abogado?l=155,false,text/html; charset=utf-8,
es:1683,official,content-link,es,https://www.vonwobeser.com/index.php/practica?p=90,200,correcto,https://www.vonwobeser.com/index.php/practica?p=90,false,text/html; charset=utf-8,
es:1679,official,official-detail,es,https://www.vonwobeser.com/index.php/publicacion?p_id=1679,200,correcto,https://www.vonwobeser.com/index.php/publicacion?p_id=1679,false,text/html; charset=utf-8,
es:1679,official,pdf,es,https://www.vonwobeser.com/images/PDF_news/2021/21_12_10_AUTONOMIA_ENERGETICA_ESG_ESP.pdf,206,correcto,https://www.vonwobeser.com/images/PDF_news/2021/21_12_10_AUTONOMIA_ENERGETICA_ESG_ESP.pdf,false,application/pdf,
es:1679,official,content-link,es,https://www.vonwobeser.com/index.php/abogado?l=148,200,correcto,https://www.vonwobeser.com/index.php/abogado?l=148,false,text/html; charset=utf-8,
es:1679,official,content-link,es,https://www.vonwobeser.com/index.php/abogado?l=155,200,correcto,https://www.vonwobeser.com/index.php/abogado?l=155,false,text/html; charset=utf-8,
es:1679,official,content-link,es,https://www.vonwobeser.com/index.php/abogado?l=296,200,correcto,https://www.vonwobeser.com/index.php/abogado?l=296,false,text/html; charset=utf-8,
es:1679,official,content-link,es,https://www.vonwobeser.com/index.php/practica?p=90,200,correcto,https://www.vonwobeser.com/index.php/practica?p=90,false,text/html; charset=utf-8,
es:1674,official,official-detail,es,https://www.vonwobeser.com/index.php/publicacion?p_id=1674,200,correcto,https://www.vonwobeser.com/index.php/publicacion?p_id=1674,false,text/html; charset=utf-8,
es:1674,official,content-link,es,https://www.vonwobeser.com/index.php/abogado?l=323,200,correcto,https://www.vonwobeser.com/index.php/abogado?l=323,false,text/html; charset=utf-8,
es:1674,official,content-link,es,https://expansion.mx/opinion/2021/12/07/competencia-economica-detonante-iniciativas-sustentables,200,correcto,https://expansion.mx/opinion/2021/12/07/competencia-economica-detonante-iniciativas-sustentables,false,text/html;charset=UTF-8,
es:1671,official,official-detail,es,https://www.vonwobeser.com/index.php/publicacion?p_id=1671,200,correcto,https://www.vonwobeser.com/index.php/publicacion?p_id=1671,false,text/html; charset=utf-8,
es:1671,official,pdf,es,https://www.vonwobeser.com/images/PDF_news/2021/21_12_02_MLRR_ESG_ESP.pdf,206,correcto,https://www.vonwobeser.com/images/PDF_news/2021/21_12_02_MLRR_ESG_ESP.pdf,false,application/pdf,
es:1671,official,content-link,es,https://www.vonwobeser.com/index.php/abogado?l=143,200,correcto,https://www.vonwobeser.com/index.php/abogado?l=143,false,text/html; charset=utf-8,
es:1671,official,content-link,es,https://www.vonwobeser.com/index.php/practica?p=90,200,correcto,https://www.vonwobeser.com/index.php/practica?p=90,false,text/html; charset=utf-8,
es:1695,official,official-detail,es,https://www.vonwobeser.com/index.php/publicacion?p_id=1695,200,correcto,https://www.vonwobeser.com/index.php/publicacion?p_id=1695,false,text/html; charset=utf-8,
es:1695,official,content-link,es,https://www.vonwobeser.com/index.php/abogado?l=145,200,correcto,https://www.vonwobeser.com/index.php/abogado?l=145,false,text/html; charset=utf-8,
es:1696,official,official-detail,es,https://www.vonwobeser.com/index.php/publicacion?p_id=1696,200,correcto,https://www.vonwobeser.com/index.php/publicacion?p_id=1696,false,text/html; charset=utf-8,
es:1696,official,content-link,es,https://www.vonwobeser.com/index.php/abogado?l=145,200,correcto,https://www.vonwobeser.com/index.php/abogado?l=145,false,text/html; charset=utf-8,
es:1663,official,official-detail,es,https://www.vonwobeser.com/index.php/publicacion?p_id=1663,200,correcto,https://www.vonwobeser.com/index.php/publicacion?p_id=1663,false,text/html; charset=utf-8,
es:1663,official,pdf,es,https://www.vonwobeser.com/images/PDF_news/2021/21_11_25_SUMINISTRO_ESG_ESP.pdf,206,correcto,https://www.vonwobeser.com/images/PDF_news/2021/21_11_25_SUMINISTRO_ESG_ESP.pdf,false,application/pdf,
es:1663,official,content-link,es,https://www.vonwobeser.com/index.php/abogado?l=144,200,correcto,https://www.vonwobeser.com/index.php/abogado?l=144,false,text/html; charset=utf-8,
es:1663,official,content-link,es,https://www.vonwobeser.com/index.php/practica?p=90,200,correcto,https://www.vonwobeser.com/index.php/practica?p=90,false,text/html; charset=utf-8,
es:1655,official,official-detail,es,https://www.vonwobeser.com/index.php/publicacion?p_id=1655,200,correcto,https://www.vonwobeser.com/index.php/publicacion?p_id=1655,false,text/html; charset=utf-8,
es:1655,official,pdf,es,https://www.vonwobeser.com/images/PDF_news/2021/21_11_17_PRIVACIDAD_ESG_ESP.pdf,206,correcto,https://www.vonwobeser.com/images/PDF_news/2021/21_11_17_PRIVACIDAD_ESG_ESP.pdf,false,application/pdf,
es:1655,official,content-link,es,https://www.vonwobeser.com/index.php/abogado?l=141,200,correcto,https://www.vonwobeser.com/index.php/abogado?l=141,false,text/html; charset=utf-8,
es:1655,official,content-link,es,https://www.vonwobeser.com/index.php/abogado?l=178,200,correcto,https://www.vonwobeser.com/index.php/abogado?l=178,false,text/html; charset=utf-8,
es:1655,official,content-link,es,https://www.vonwobeser.com/index.php/practica?p=90,200,correcto,https://www.vonwobeser.com/index.php/practica?p=90,false,text/html; charset=utf-8,
es:1651,official,official-detail,es,https://www.vonwobeser.com/index.php/publicacion?p_id=1651,200,correcto,https://www.vonwobeser.com/index.php/publicacion?p_id=1651,false,text/html; charset=utf-8,
es:1651,official,pdf,es,https://www.vonwobeser.com/images/PDF_news/2021/21_11_12_ARBITRAJE_ESG_ESP.pdf,206,correcto,https://www.vonwobeser.com/images/PDF_news/2021/21_11_12_ARBITRAJE_ESG_ESP.pdf,false,application/pdf,
es:1651,official,content-link,es,https://www.vonwobeser.com/index.php/abogado?l=175,200,correcto,https://www.vonwobeser.com/index.php/abogado?l=175,false,text/html; charset=utf-8,
es:1651,official,content-link,es,https://www.vonwobeser.com/index.php/practica?p=90,200,correcto,https://www.vonwobeser.com/index.php/practica?p=90,false,text/html; charset=utf-8,
es:1651,project,source-url,es,https://www.vonwobeser.com/images/PDF_news/2021/21_11_12_ARBITRAJE_ESG_ING.pdf,206,correcto,https://www.vonwobeser.com/images/PDF_news/2021/21_11_12_ARBITRAJE_ESG_ING.pdf,false,application/pdf,
es:1649,official,official-detail,es,https://www.vonwobeser.com/index.php/publicacion?p_id=1649,200,correcto,https://www.vonwobeser.com/index.php/publicacion?p_id=1649,false,text/html; charset=utf-8,
es:1649,official,pdf,es,https://www.vonwobeser.com/images/PDF_news/2021/21_11_03_EMISIONES_ESG_ESP.pdf,206,correcto,https://www.vonwobeser.com/images/PDF_news/2021/21_11_03_EMISIONES_ESG_ESP.pdf,false,application/pdf,
es:1649,official,content-link,es,https://www.vonwobeser.com/index.php/abogado?l=147,200,correcto,https://www.vonwobeser.com/index.php/abogado?l=147,false,text/html; charset=utf-8,
es:1649,official,content-link,es,https://www.vonwobeser.com/index.php/practica?p=90,200,correcto,https://www.vonwobeser.com/index.php/practica?p=90,false,text/html; charset=utf-8,
es:1647,official,official-detail,es,https://www.vonwobeser.com/index.php/publicacion?p_id=1647,200,correcto,https://www.vonwobeser.com/index.php/publicacion?p_id=1647,false,text/html; charset=utf-8,
es:1647,official,pdf,es,https://www.vonwobeser.com/images/PDF_news/2021/21_10_26_ANTI_CORRUPTION_ESG_ESP.pdf,206,correcto,https://www.vonwobeser.com/images/PDF_news/2021/21_10_26_ANTI_CORRUPTION_ESG_ESP.pdf,false,application/pdf,
es:1647,official,content-link,es,https://www.vonwobeser.com/index.php/abogado?l=149,200,correcto,https://www.vonwobeser.com/index.php/abogado?l=149,false,text/html; charset=utf-8,
es:1647,official,content-link,es,https://www.vonwobeser.com/index.php/abogado?l=195,200,correcto,https://www.vonwobeser.com/index.php/abogado?l=195,false,text/html; charset=utf-8,
es:1647,official,content-link,es,https://www.vonwobeser.com/index.php/practica?p=90,200,correcto,https://www.vonwobeser.com/index.php/practica?p=90,false,text/html; charset=utf-8,
es:1640,official,official-detail,es,https://www.vonwobeser.com/index.php/publicacion?p_id=1640,200,correcto,https://www.vonwobeser.com/index.php/publicacion?p_id=1640,false,text/html; charset=utf-8,
es:1640,official,pdf,es,https://www.vonwobeser.com/images/PDF_news/2021/21_10_19_STRESS_ESG_ESP.pdf,206,correcto,https://www.vonwobeser.com/images/PDF_news/2021/21_10_19_STRESS_ESG_ESP.pdf,false,application/pdf,
es:1640,official,content-link,es,https://www.vonwobeser.com/index.php/practica?p=90,200,correcto,https://www.vonwobeser.com/index.php/practica?p=90,false,text/html; charset=utf-8,
es:1639,official,official-detail,es,https://www.vonwobeser.com/index.php/publicacion?p_id=1639,200,correcto,https://www.vonwobeser.com/index.php/publicacion?p_id=1639,false,text/html; charset=utf-8,
es:1639,official,pdf,es,https://www.vonwobeser.com/images/PDF_news/2021/21_10_14_REGULACION_ESG_ESP.pdf,206,correcto,https://www.vonwobeser.com/images/PDF_news/2021/21_10_14_REGULACION_ESG_ESP.pdf,false,application/pdf,
es:1639,official,content-link,es,https://www.vonwobeser.com/index.php/abogado?l=145,200,correcto,https://www.vonwobeser.com/index.php/abogado?l=145,false,text/html; charset=utf-8,
es:1639,official,content-link,es,https://www.vonwobeser.com/index.php/abogado?l=179,200,correcto,https://www.vonwobeser.com/index.php/abogado?l=179,false,text/html; charset=utf-8,
es:1639,official,content-link,es,https://www.vonwobeser.com/index.php/abogado?l=291,200,correcto,https://www.vonwobeser.com/index.php/abogado?l=291,false,text/html; charset=utf-8,
es:1639,official,content-link,es,https://www.vonwobeser.com/index.php/practica?p=90,200,correcto,https://www.vonwobeser.com/index.php/practica?p=90,false,text/html; charset=utf-8,
es:1635,official,official-detail,es,https://www.vonwobeser.com/index.php/publicacion?p_id=1635,200,correcto,https://www.vonwobeser.com/index.php/publicacion?p_id=1635,false,text/html; charset=utf-8,
es:1635,official,pdf,es,https://www.vonwobeser.com/images/PDF_news/2021/21_10_12_MINERIA_ESG_ESP.pdf,206,correcto,https://www.vonwobeser.com/images/PDF_news/2021/21_10_12_MINERIA_ESG_ESP.pdf,false,application/pdf,
es:1635,official,content-link,es,https://www.vonwobeser.com/index.php/abogado?l=147,200,correcto,https://www.vonwobeser.com/index.php/abogado?l=147,false,text/html; charset=utf-8,
es:1635,official,content-link,es,https://www.vonwobeser.com/index.php/abogado?l=224,200,correcto,https://www.vonwobeser.com/index.php/abogado?l=224,false,text/html; charset=utf-8,
es:1635,official,content-link,es,https://www.vonwobeser.com/index.php/practica?p=90,200,correcto,https://www.vonwobeser.com/index.php/practica?p=90,false,text/html; charset=utf-8,
es:1635,project,source-url,es,https://www.vonwobeser.com/images/PDF_news/2021/21_10_12_MINERIA_ESG_ING.pdf,206,correcto,https://www.vonwobeser.com/images/PDF_news/2021/21_10_12_MINERIA_ESG_ING.pdf,false,application/pdf,
es:1633,official,official-detail,es,https://www.vonwobeser.com/index.php/publicacion?p_id=1633,200,correcto,https://www.vonwobeser.com/index.php/publicacion?p_id=1633,false,text/html; charset=utf-8,
es:1633,official,pdf,es,https://www.vonwobeser.com/images/PDF_news/2021/21_10_08_IMPLICACIONES_ESG_ESP.pdf,206,correcto,https://www.vonwobeser.com/images/PDF_news/2021/21_10_08_IMPLICACIONES_ESG_ESP.pdf,false,application/pdf,
es:1633,official,content-link,es,https://www.vonwobeser.com/index.php/abogado?l=141,200,correcto,https://www.vonwobeser.com/index.php/abogado?l=141,false,text/html; charset=utf-8,
es:1633,official,content-link,es,https://www.vonwobeser.com/index.php/abogado?l=178,200,correcto,https://www.vonwobeser.com/index.php/abogado?l=178,false,text/html; charset=utf-8,
es:1633,official,content-link,es,https://www.vonwobeser.com/index.php/abogado?l=246,200,correcto,https://www.vonwobeser.com/index.php/abogado?l=246,false,text/html; charset=utf-8,
es:1633,official,content-link,es,https://www.vonwobeser.com/index.php/practica?p=90,200,correcto,https://www.vonwobeser.com/index.php/practica?p=90,false,text/html; charset=utf-8,
es:1509,official,official-detail,es,https://www.vonwobeser.com/index.php/publicacion?p_id=1509,200,correcto,https://www.vonwobeser.com/index.php/publicacion?p_id=1509,false,text/html; charset=utf-8,
es:1509,official,pdf,es,https://www.vonwobeser.com/images/PDF_news/2021/20-Mexico-Overview.pdf,206,correcto,https://www.vonwobeser.com/images/PDF_news/2021/20-Mexico-Overview.pdf,false,application/pdf,
es:1509,official,content-link,es,https://www.vonwobeser.com/index.php/abogado?l=145,200,correcto,https://www.vonwobeser.com/index.php/abogado?l=145,false,text/html; charset=utf-8,
es:1509,official,content-link,es,https://www.vonwobeser.com/index.php/practica?p=47,200,correcto,https://www.vonwobeser.com/index.php/practica?p=47,false,text/html; charset=utf-8,
es:1507,official,official-detail,es,https://www.vonwobeser.com/index.php/publicacion?p_id=1507,200,correcto,https://www.vonwobeser.com/index.php/publicacion?p_id=1507,false,text/html; charset=utf-8,
es:1507,official,pdf,es,https://www.vonwobeser.com/images/PDF_news/2021/25-Mexico-QA.pdf,206,correcto,https://www.vonwobeser.com/images/PDF_news/2021/25-Mexico-QA.pdf,false,application/pdf,
es:1507,official,content-link,es,https://www.vonwobeser.com/index.php/abogado?l=145,200,correcto,https://www.vonwobeser.com/index.php/abogado?l=145,false,text/html; charset=utf-8,
es:1507,official,content-link,es,https://www.vonwobeser.com/index.php/practica?p=47,200,correcto,https://www.vonwobeser.com/index.php/practica?p=47,false,text/html; charset=utf-8,
es:1505,official,official-detail,es,https://www.vonwobeser.com/index.php/publicacion?p_id=1505,200,correcto,https://www.vonwobeser.com/index.php/publicacion?p_id=1505,false,text/html; charset=utf-8,
es:1505,official,pdf,es,https://www.vonwobeser.com/images/PDF_news/2021/14-_-Indemnity-Escrows-and--Other-Payment-Guarantees.pdf,206,correcto,https://www.vonwobeser.com/images/PDF_news/2021/14-_-Indemnity-Escrows-and--Other-Payment-Guarantees.pdf,false,application/pdf,
es:1479,official,official-detail,es,https://www.vonwobeser.com/index.php/publicacion?p_id=1479,200,correcto,https://www.vonwobeser.com/index.php/publicacion?p_id=1479,false,text/html; charset=utf-8,
es:1479,official,pdf,es,https://www.vonwobeser.com/images/PDF_news/2021/035_MEXICO-LP.pdf,206,correcto,https://www.vonwobeser.com/images/PDF_news/2021/035_MEXICO-LP.pdf,false,application/pdf,
es:1463,official,official-detail,es,https://www.vonwobeser.com/index.php/publicacion?p_id=1463,200,correcto,https://www.vonwobeser.com/index.php/publicacion?p_id=1463,false,text/html; charset=utf-8,
es:1463,official,pdf,es,https://www.vonwobeser.com/images/PDF_news/2020_2/IBA---The-next-wave-of-ISDS-ca-ses-could-be-powered-by-recent-policy-changes-in-the-renewable-energy-sector-in-Mexico.pdf,206,correcto,https://www.vonwobeser.com/images/PDF_news/2020_2/IBA---The-next-wave-of-ISDS-ca-ses-could-be-powered-by-recent-policy-changes-in-the-renewable-energy-sector-in-Mexico.pdf,false,application/pdf,
es:1461,official,official-detail,es,https://www.vonwobeser.com/index.php/publicacion?p_id=1461,200,correcto,https://www.vonwobeser.com/index.php/publicacion?p_id=1461,false,text/html; charset=utf-8,
es:1461,official,pdf,es,https://www.vonwobeser.com/images/PDF_news/2020_2/2020_MI-Private-Equity_Mexico.pdf,206,correcto,https://www.vonwobeser.com/images/PDF_news/2020_2/2020_MI-Private-Equity_Mexico.pdf,false,application/pdf,
es:1447,official,official-detail,es,https://www.vonwobeser.com/index.php/publicacion?p_id=1447,200,correcto,https://www.vonwobeser.com/index.php/publicacion?p_id=1447,false,text/html; charset=utf-8,
es:1447,official,pdf,es,https://www.vonwobeser.com/images/PDF_news/2020_2/LL_Litigation-2021_MX.pdf,206,correcto,https://www.vonwobeser.com/images/PDF_news/2020_2/LL_Litigation-2021_MX.pdf,false,application/pdf,
es:1450,official,official-detail,es,https://www.vonwobeser.com/index.php/publicacion?p_id=1450,200,correcto,https://www.vonwobeser.com/index.php/publicacion?p_id=1450,false,text/html; charset=utf-8,
es:1450,official,pdf,es,https://www.vonwobeser.com/images/PDF_news/2020_2/IRInov2020edit.pdf,206,correcto,https://www.vonwobeser.com/images/PDF_news/2020_2/IRInov2020edit.pdf,false,application/pdf,
es:1459,official,official-detail,es,https://www.vonwobeser.com/index.php/publicacion?p_id=1459,200,correcto,https://www.vonwobeser.com/index.php/publicacion?p_id=1459,false,text/html; charset=utf-8,
es:1459,official,pdf,es,https://www.vonwobeser.com/images/PDF_news/2020_2/ITA-2020---Mexico.pdf,206,correcto,https://www.vonwobeser.com/images/PDF_news/2020_2/ITA-2020---Mexico.pdf,false,application/pdf,
es:1337,official,official-detail,es,https://www.vonwobeser.com/index.php/publicacion?p_id=1337,200,correcto,https://www.vonwobeser.com/index.php/publicacion?p_id=1337,false,text/html; charset=utf-8,
es:1337,official,pdf,es,https://www.vonwobeser.com/images/PDF_news/2020_2/GAR_Commercial-Arbitration_2020_MX.pdf,206,correcto,https://www.vonwobeser.com/images/PDF_news/2020_2/GAR_Commercial-Arbitration_2020_MX.pdf,false,application/pdf,
es:1326,official,official-detail,es,https://www.vonwobeser.com/index.php/publicacion?p_id=1326,200,correcto,https://www.vonwobeser.com/index.php/publicacion?p_id=1326,false,text/html; charset=utf-8,
es:1326,official,pdf,es,https://www.vonwobeser.com/images/PDF/2020/8-How-to-Conduct-Internal-Investigations_v2020.pdf,206,correcto,https://www.vonwobeser.com/images/PDF/2020/8-How-to-Conduct-Internal-Investigations_v2020.pdf,false,application/pdf,
es:1288,official,official-detail,es,https://www.vonwobeser.com/index.php/publicacion?p_id=1288,200,correcto,https://www.vonwobeser.com/index.php/publicacion?p_id=1288,false,text/html; charset=utf-8,
es:1288,official,pdf,es,https://www.vonwobeser.com/images/PDF/2020/202005_ABA_Issue57vf_EG.pdf,206,correcto,https://www.vonwobeser.com/images/PDF/2020/202005_ABA_Issue57vf_EG.pdf,false,application/pdf,
es:1151,official,official-detail,es,https://www.vonwobeser.com/index.php/publicacion?p_id=1151,200,correcto,https://www.vonwobeser.com/index.php/publicacion?p_id=1151,false,text/html; charset=utf-8,
es:1151,official,pdf,es,https://www.vonwobeser.com/images/PDF_news/PDF_articles/2020/ITA---Mexico.pdf,206,correcto,https://www.vonwobeser.com/images/PDF_news/PDF_articles/2020/ITA---Mexico.pdf,false,application/pdf,
es:1145,official,official-detail,es,https://www.vonwobeser.com/index.php/publicacion?p_id=1145,200,correcto,https://www.vonwobeser.com/index.php/publicacion?p_id=1145,false,text/html; charset=utf-8,
es:1145,official,pdf,es,https://www.vonwobeser.com/images/PDF_news/2020/Mexico-1.pdf,206,correcto,https://www.vonwobeser.com/images/PDF_news/2020/Mexico-1.pdf,false,application/pdf,
es:1571,official,official-detail,es,https://www.vonwobeser.com/index.php/publicacion?p_id=1571,200,correcto,https://www.vonwobeser.com/index.php/publicacion?p_id=1571,false,text/html; charset=utf-8,
es:1571,official,pdf,es,https://www.vonwobeser.com/images/PDF_news/PDF_articles/2021/5-Latin-Lawyer.pdf,206,correcto,https://www.vonwobeser.com/images/PDF_news/PDF_articles/2021/5-Latin-Lawyer.pdf,false,application/pdf,
es:1571,official,content-link,es,https://www.vonwobeser.com/index.php/abogado?l=323,200,correcto,https://www.vonwobeser.com/index.php/abogado?l=323,false,text/html; charset=utf-8,
es:1033,official,official-detail,es,https://www.vonwobeser.com/index.php/publicacion?p_id=1033,200,correcto,https://www.vonwobeser.com/index.php/publicacion?p_id=1033,false,text/html; charset=utf-8,
es:1033,official,pdf,es,https://www.vonwobeser.com/images/PDF_news/PDF_articles/2018/The-Restructuring-Review-of-the-Americas--Mexico-2019.pdf,206,correcto,https://www.vonwobeser.com/images/PDF_news/PDF_articles/2018/The-Restructuring-Review-of-the-Americas--Mexico-2019.pdf,false,application/pdf,
es:1033,official,content-link,es,https://www.vonwobeser.com/index.php/abogado?l=149,200,correcto,https://www.vonwobeser.com/index.php/abogado?l=149,false,text/html; charset=utf-8,
es:1033,official,content-link,es,https://www.vonwobeser.com/index.php/practica?p=15,200,correcto,https://www.vonwobeser.com/index.php/practica?p=15,false,text/html; charset=utf-8,
es:1040,official,official-detail,es,https://www.vonwobeser.com/index.php/publicacion?p_id=1040,200,correcto,https://www.vonwobeser.com/index.php/publicacion?p_id=1040,false,text/html; charset=utf-8,
es:1040,official,pdf,es,https://www.vonwobeser.com/images/PDF_news/PDF_articles/2018/Mexico-GTDT-Market-Intelligence--Private-Equity-2018.pdf,206,correcto,https://www.vonwobeser.com/images/PDF_news/PDF_articles/2018/Mexico-GTDT-Market-Intelligence--Private-Equity-2018.pdf,false,application/pdf,
es:1040,official,content-link,es,https://www.vonwobeser.com/index.php/abogado?l=141,200,correcto,https://www.vonwobeser.com/index.php/abogado?l=141,false,text/html; charset=utf-8,
es:1013,official,official-detail,es,https://www.vonwobeser.com/index.php/publicacion?p_id=1013,200,correcto,https://www.vonwobeser.com/index.php/publicacion?p_id=1013,false,text/html; charset=utf-8,
es:1013,official,pdf,es,https://www.vonwobeser.com/images/PDF_news/PDF_articles/2018/LL_Litigation-2019_MX.pdf,206,correcto,https://www.vonwobeser.com/images/PDF_news/PDF_articles/2018/LL_Litigation-2019_MX.pdf,false,application/pdf,
es:1013,official,content-link,es,https://www.vonwobeser.com/index.php/abogado?l=148,200,correcto,https://www.vonwobeser.com/index.php/abogado?l=148,false,text/html; charset=utf-8,
es:1013,official,content-link,es,https://www.vonwobeser.com/index.php/abogado?l=149,200,correcto,https://www.vonwobeser.com/index.php/abogado?l=149,false,text/html; charset=utf-8,
es:1013,official,content-link,es,https://www.vonwobeser.com/index.php/practica?p=28,200,correcto,https://www.vonwobeser.com/index.php/practica?p=28,false,text/html; charset=utf-8,
es:986,official,official-detail,es,https://www.vonwobeser.com/index.php/publicacion?p_id=986,200,correcto,https://www.vonwobeser.com/index.php/publicacion?p_id=986,false,text/html; charset=utf-8,
es:986,official,pdf,es,https://www.vonwobeser.com/images/PDF_news/PDF_articles/2018/La-Competencia-Econmica-en-el-programa-de-Compliance-FC.pdf,206,correcto,https://www.vonwobeser.com/images/PDF_news/PDF_articles/2018/La-Competencia-Econmica-en-el-programa-de-Compliance-FC.pdf,false,application/pdf,
es:986,official,content-link,es,https://www.vonwobeser.com/index.php/abogado?l=145,200,correcto,https://www.vonwobeser.com/index.php/abogado?l=145,false,text/html; charset=utf-8,
es:986,official,content-link,es,https://www.vonwobeser.com/index.php/practica?p=5,200,correcto,https://www.vonwobeser.com/index.php/practica?p=5,false,text/html; charset=utf-8,
es:986,official,content-link,es,https://www.vonwobeser.com/index.php/practica?p=14,200,correcto,https://www.vonwobeser.com/index.php/practica?p=14,false,text/html; charset=utf-8,
es:975,official,official-detail,es,https://www.vonwobeser.com/index.php/publicacion?p_id=975,200,correcto,https://www.vonwobeser.com/index.php/publicacion?p_id=975,false,text/html; charset=utf-8,
es:975,official,pdf,es,https://www.vonwobeser.com/images/PDF_news/PDF_articles/2018/LPS2018Mexico.pdf,206,correcto,https://www.vonwobeser.com/images/PDF_news/PDF_articles/2018/LPS2018Mexico.pdf,false,application/pdf,
es:975,official,content-link,es,https://www.vonwobeser.com/index.php/abogado?l=149,200,correcto,https://www.vonwobeser.com/index.php/abogado?l=149,false,text/html; charset=utf-8,
es:975,official,content-link,es,https://www.vonwobeser.com/index.php/abogado?l=165,200,correcto,https://www.vonwobeser.com/index.php/abogado?l=165,false,text/html; charset=utf-8,
es:955,official,official-detail,es,https://www.vonwobeser.com/index.php/publicacion?p_id=955,200,correcto,https://www.vonwobeser.com/index.php/publicacion?p_id=955,false,text/html; charset=utf-8,
es:955,official,pdf,es,https://www.vonwobeser.com/images/PDF_news/PDF_articles/2018/Educational-Institutions-Mexico-Chapter--Silverio-Sandate.pdf,206,correcto,https://www.vonwobeser.com/images/PDF_news/PDF_articles/2018/Educational-Institutions-Mexico-Chapter--Silverio-Sandate.pdf,false,application/pdf,
es:916,official,official-detail,es,https://www.vonwobeser.com/index.php/publicacion?p_id=916,200,correcto,https://www.vonwobeser.com/index.php/publicacion?p_id=916,false,text/html; charset=utf-8,
es:916,official,pdf,es,https://www.vonwobeser.com/images/PDF_news/PDF_articles/2018/The-Private-Equity-Review-Mexico-Chapter--Investing.pdf,206,correcto,https://www.vonwobeser.com/images/PDF_news/PDF_articles/2018/The-Private-Equity-Review-Mexico-Chapter--Investing.pdf,false,application/pdf,
es:871,official,official-detail,es,https://www.vonwobeser.com/index.php/publicacion?p_id=871,200,correcto,https://www.vonwobeser.com/index.php/publicacion?p_id=871,false,text/html; charset=utf-8,
es:871,official,pdf,es,https://www.vonwobeser.com/images/PDF_news/PDF_articles/2018/017_MEXICO-TD.pdf,206,correcto,https://www.vonwobeser.com/images/PDF_news/PDF_articles/2018/017_MEXICO-TD.pdf,false,application/pdf,
es:871,official,content-link,es,https://www.vonwobeser.com/index.php/abogado?l=149,200,correcto,https://www.vonwobeser.com/index.php/abogado?l=149,false,text/html; charset=utf-8,
es:871,official,content-link,es,https://www.vonwobeser.com/index.php/abogado?l=165,200,correcto,https://www.vonwobeser.com/index.php/abogado?l=165,false,text/html; charset=utf-8,
es:864,official,official-detail,es,https://www.vonwobeser.com/index.php/publicacion?p_id=864,200,correcto,https://www.vonwobeser.com/index.php/publicacion?p_id=864,false,text/html; charset=utf-8,
es:864,official,pdf,es,https://www.vonwobeser.com/images/PDF_news/PDF_articles/2017/Class-Actions-2018Mexico.pdf,206,correcto,https://www.vonwobeser.com/images/PDF_news/PDF_articles/2017/Class-Actions-2018Mexico.pdf,false,application/pdf,
es:864,official,content-link,es,https://www.vonwobeser.com/index.php/abogado?l=148,200,correcto,https://www.vonwobeser.com/index.php/abogado?l=148,false,text/html; charset=utf-8,
es:848,official,official-detail,es,https://www.vonwobeser.com/index.php/publicacion?p_id=848,200,correcto,https://www.vonwobeser.com/index.php/publicacion?p_id=848,false,text/html; charset=utf-8,
es:848,official,pdf,es,https://www.vonwobeser.com/images/PDF_news/PDF_articles/2017/GTDT-Market-Intelligence--Private-Equity--Volume-4-Issue-6.pdf,206,correcto,https://www.vonwobeser.com/images/PDF_news/PDF_articles/2017/GTDT-Market-Intelligence--Private-Equity--Volume-4-Issue-6.pdf,false,application/pdf,
es:848,official,content-link,es,https://www.vonwobeser.com/index.php/abogado?l=141,200,correcto,https://www.vonwobeser.com/index.php/abogado?l=141,false,text/html; charset=utf-8,
es:805,official,official-detail,es,https://www.vonwobeser.com/index.php/publicacion?p_id=805,200,correcto,https://www.vonwobeser.com/index.php/publicacion?p_id=805,false,text/html; charset=utf-8,
es:805,official,pdf,es,https://www.vonwobeser.com/images/PDF_news/2017/Mexican-MA-shrugs-off-the-Trump-slump-_-Euromoney.pdf,206,correcto,https://www.vonwobeser.com/images/PDF_news/2017/Mexican-MA-shrugs-off-the-Trump-slump-_-Euromoney.pdf,false,application/pdf,
es:805,official,content-link,es,https://www.vonwobeser.com/index.php/abogado?l=145,200,correcto,https://www.vonwobeser.com/index.php/abogado?l=145,false,text/html; charset=utf-8,
es:805,official,content-link,es,https://www.euromoney.com/article/b14x1dch0gwn9v/mexican-mampa-shrugs-off-the-trump-slump,206,redireccion-valida,https://www.euromoney.com/article/27bjsstsqxhkmh1v3kzm3/capital-markets/mexican-m-a-shrugs-off-the-trump-slump/,true,text/html; charset=UTF-8,
es:803,official,official-detail,es,https://www.vonwobeser.com/index.php/publicacion?p_id=803,200,correcto,https://www.vonwobeser.com/index.php/publicacion?p_id=803,false,text/html; charset=utf-8,
es:803,official,pdf,es,https://www.vonwobeser.com/images/PDF_news/2017/IAR2017Mexico.pdf,206,correcto,https://www.vonwobeser.com/images/PDF_news/2017/IAR2017Mexico.pdf,false,application/pdf,
es:803,official,content-link,es,https://www.vonwobeser.com/index.php/abogado?l=148,200,correcto,https://www.vonwobeser.com/index.php/abogado?l=148,false,text/html; charset=utf-8,
es:803,official,content-link,es,https://www.vonwobeser.com/index.php/abogado?l=155,200,correcto,https://www.vonwobeser.com/index.php/abogado?l=155,false,text/html; charset=utf-8,
es:729,official,official-detail,es,https://www.vonwobeser.com/index.php/publicacion?p_id=729,200,correcto,https://www.vonwobeser.com/index.php/publicacion?p_id=729,false,text/html; charset=utf-8,
es:729,official,pdf,es,https://www.vonwobeser.com/images/PDF_news/PDF_articles/2017/Claus-Von-Wobeser-Adrian-Magallanes--Chambers-Partners-Global-Practice-Guides-International-Arbitration-Mexico.pdf,206,correcto,https://www.vonwobeser.com/images/PDF_news/PDF_articles/2017/Claus-Von-Wobeser-Adrian-Magallanes--Chambers-Partners-Global-Practice-Guides-International-Arbitration-Mexico.pdf,false,application/pdf,
es:729,official,content-link,es,https://www.vonwobeser.com/index.php/abogado?l=134,200,correcto,https://www.vonwobeser.com/index.php/abogado?l=134,false,text/html; charset=utf-8,
es:729,official,content-link,es,https://www.vonwobeser.com/index.php/abogado?l=148,200,correcto,https://www.vonwobeser.com/index.php/abogado?l=148,false,text/html; charset=utf-8,
es:727,official,official-detail,es,https://www.vonwobeser.com/index.php/publicacion?p_id=727,200,correcto,https://www.vonwobeser.com/index.php/publicacion?p_id=727,false,text/html; charset=utf-8,
es:727,official,pdf,es,https://www.vonwobeser.com/images/PDF_news/PDF_articles/2017/Cooperacin_Internacional_en_Investigaciones_Anticorrupcion_Diego-Sierra.pdf,206,correcto,https://www.vonwobeser.com/images/PDF_news/PDF_articles/2017/Cooperacin_Internacional_en_Investigaciones_Anticorrupcion_Diego-Sierra.pdf,false,application/pdf,
es:727,official,content-link,es,https://www.vonwobeser.com/index.php/abogado?l=149,200,correcto,https://www.vonwobeser.com/index.php/abogado?l=149,false,text/html; charset=utf-8,
es:223,official,official-detail,es,https://www.vonwobeser.com/index.php/publicacion?p_id=223,200,correcto,https://www.vonwobeser.com/index.php/publicacion?p_id=223,false,text/html; charset=utf-8,
es:223,official,pdf,es,https://www.vonwobeser.com/images/PDF_news/PDF_articles/2017/Private-Equity-Review-April-2017.pdf,206,correcto,https://www.vonwobeser.com/images/PDF_news/PDF_articles/2017/Private-Equity-Review-April-2017.pdf,false,application/pdf,
es:194,official,official-detail,es,https://www.vonwobeser.com/index.php/publicacion?p_id=194,200,correcto,https://www.vonwobeser.com/index.php/publicacion?p_id=194,false,text/html; charset=utf-8,
es:194,official,pdf,es,https://www.vonwobeser.com/images/PDF_news/PDF_articles/2017/240317-The-Franchise-Law-Review-.pdf,206,correcto,https://www.vonwobeser.com/images/PDF_news/PDF_articles/2017/240317-The-Franchise-Law-Review-.pdf,false,application/pdf,
es:196,official,official-detail,es,https://www.vonwobeser.com/index.php/publicacion?p_id=196,200,correcto,https://www.vonwobeser.com/index.php/publicacion?p_id=196,false,text/html; charset=utf-8,
es:196,official,pdf,es,https://www.vonwobeser.com/images/PDF_news/PDF_articles/2017/240317-GTDT-Arbitration-2017.pdf,206,correcto,https://www.vonwobeser.com/images/PDF_news/PDF_articles/2017/240317-GTDT-Arbitration-2017.pdf,false,application/pdf,
es:196,official,content-link,es,https://www.vonwobeser.com/index.php/abogado?l=148,200,correcto,https://www.vonwobeser.com/index.php/abogado?l=148,false,text/html; charset=utf-8,
es:196,official,content-link,es,https://www.vonwobeser.com/index.php/abogado?l=155,200,correcto,https://www.vonwobeser.com/index.php/abogado?l=155,false,text/html; charset=utf-8,
es:228,official,official-detail,es,https://www.vonwobeser.com/index.php/publicacion?p_id=228,200,correcto,https://www.vonwobeser.com/index.php/publicacion?p_id=228,false,text/html; charset=utf-8,
es:228,official,pdf,es,https://www.vonwobeser.com/images/PDF_news/PDF_articles/2016/MI-3-5-PE-Mexico.pdf,206,correcto,https://www.vonwobeser.com/images/PDF_news/PDF_articles/2016/MI-3-5-PE-Mexico.pdf,false,application/pdf,
es:228,official,content-link,es,https://www.vonwobeser.com/index.php/abogado?l=141,200,correcto,https://www.vonwobeser.com/index.php/abogado?l=141,false,text/html; charset=utf-8,
es:198,official,official-detail,es,https://www.vonwobeser.com/index.php/publicacion?p_id=198,200,correcto,https://www.vonwobeser.com/index.php/publicacion?p_id=198,false,text/html; charset=utf-8,
es:198,official,pdf,es,https://www.vonwobeser.com/images/PDF_news/PDF_articles/2016/IA16_Chapter-40_Mexico.pdf,206,correcto,https://www.vonwobeser.com/images/PDF_news/PDF_articles/2016/IA16_Chapter-40_Mexico.pdf,false,application/pdf,
es:198,official,content-link,es,https://www.vonwobeser.com/index.php/abogado?l=148,200,correcto,https://www.vonwobeser.com/index.php/abogado?l=148,false,text/html; charset=utf-8,
es:198,official,content-link,es,https://www.vonwobeser.com/index.php/abogado?l=149,200,correcto,https://www.vonwobeser.com/index.php/abogado?l=149,false,text/html; charset=utf-8,
es:204,official,official-detail,es,https://www.vonwobeser.com/index.php/publicacion?p_id=204,200,correcto,https://www.vonwobeser.com/index.php/publicacion?p_id=204,false,text/html; charset=utf-8,
es:204,official,pdf,es,https://www.vonwobeser.com/images/PDF_news/PDF_articles/2016/New_Rules1.PDF,206,correcto,https://www.vonwobeser.com/images/PDF_news/PDF_articles/2016/New_Rules1.PDF,false,application/pdf,
es:204,official,content-link,es,https://www.vonwobeser.com/index.php/abogado?l=147,200,correcto,https://www.vonwobeser.com/index.php/abogado?l=147,false,text/html; charset=utf-8,
es:208,official,official-detail,es,https://www.vonwobeser.com/index.php/publicacion?p_id=208,200,correcto,https://www.vonwobeser.com/index.php/publicacion?p_id=208,false,text/html; charset=utf-8,
es:208,official,pdf,es,https://www.vonwobeser.com/images/PDF_news/PDF_articles/2016/ov14-1-article08.pdf,206,correcto,https://www.vonwobeser.com/images/PDF_news/PDF_articles/2016/ov14-1-article08.pdf,false,application/pdf,
es:208,official,content-link,es,https://www.vonwobeser.com/index.php/abogado?l=147,200,correcto,https://www.vonwobeser.com/index.php/abogado?l=147,false,text/html; charset=utf-8,
es:212,official,official-detail,es,https://www.vonwobeser.com/index.php/publicacion?p_id=212,200,correcto,https://www.vonwobeser.com/index.php/publicacion?p_id=212,false,text/html; charset=utf-8,
es:212,official,pdf,es,https://www.vonwobeser.com/images/PDF_news/PDF_articles/2016/Mexico.pdf,206,correcto,https://www.vonwobeser.com/images/PDF_news/PDF_articles/2016/Mexico.pdf,false,application/pdf,
es:212,official,content-link,es,https://www.vonwobeser.com/index.php/abogado?l=145,200,correcto,https://www.vonwobeser.com/index.php/abogado?l=145,false,text/html; charset=utf-8,
es:216,official,official-detail,es,https://www.vonwobeser.com/index.php/publicacion?p_id=216,200,correcto,https://www.vonwobeser.com/index.php/publicacion?p_id=216,false,text/html; charset=utf-8,
es:216,official,pdf,es,https://www.vonwobeser.com/images/PDF_news/PDF_articles/2016/vwys.pdf,206,correcto,https://www.vonwobeser.com/images/PDF_news/PDF_articles/2016/vwys.pdf,false,application/pdf,
es:216,official,content-link,es,https://www.vonwobeser.com/index.php/abogado?l=147,200,correcto,https://www.vonwobeser.com/index.php/abogado?l=147,false,text/html; charset=utf-8,
es:234,official,official-detail,es,https://www.vonwobeser.com/index.php/publicacion?p_id=234,200,correcto,https://www.vonwobeser.com/index.php/publicacion?p_id=234,false,text/html; charset=utf-8,
es:234,official,pdf,es,https://www.vonwobeser.com/images/PDF_news/PDF_articles/2015/vwys0412.pdf,206,correcto,https://www.vonwobeser.com/images/PDF_news/PDF_articles/2015/vwys0412.pdf,false,application/pdf,
es:238,official,official-detail,es,https://www.vonwobeser.com/index.php/publicacion?p_id=238,200,correcto,https://www.vonwobeser.com/index.php/publicacion?p_id=238,false,text/html; charset=utf-8,
es:238,official,pdf,es,https://www.vonwobeser.com/images/PDF_news/PDF_articles/2015/OS2016_Mexico.pdf,206,correcto,https://www.vonwobeser.com/images/PDF_news/PDF_articles/2015/OS2016_Mexico.pdf,false,application/pdf,
es:240,official,official-detail,es,https://www.vonwobeser.com/index.php/publicacion?p_id=240,200,correcto,https://www.vonwobeser.com/index.php/publicacion?p_id=240,false,text/html; charset=utf-8,
es:240,official,pdf,es,https://www.vonwobeser.com/images/PDF_news/PDF_articles/2015/marketintelligence.pdf,206,correcto,https://www.vonwobeser.com/images/PDF_news/PDF_articles/2015/marketintelligence.pdf,false,application/pdf,
es:240,official,content-link,es,https://www.vonwobeser.com/index.php/abogado?l=141,200,correcto,https://www.vonwobeser.com/index.php/abogado?l=141,false,text/html; charset=utf-8,
es:242,official,official-detail,es,https://www.vonwobeser.com/index.php/publicacion?p_id=242,200,correcto,https://www.vonwobeser.com/index.php/publicacion?p_id=242,false,text/html; charset=utf-8,
es:242,official,pdf,es,https://www.vonwobeser.com/images/PDF_news/PDF_articles/2015/North_American_Regional_Forum_News_Sept_2015.pdf,206,correcto,https://www.vonwobeser.com/images/PDF_news/PDF_articles/2015/North_American_Regional_Forum_News_Sept_2015.pdf,false,application/pdf,
es:242,official,content-link,es,https://www.vonwobeser.com/index.php/abogado?l=141,200,correcto,https://www.vonwobeser.com/index.php/abogado?l=141,false,text/html; charset=utf-8,
es:244,official,official-detail,es,https://www.vonwobeser.com/index.php/publicacion?p_id=244,200,correcto,https://www.vonwobeser.com/index.php/publicacion?p_id=244,false,text/html; charset=utf-8,
es:244,official,pdf,es,https://www.vonwobeser.com/images/PDF_news/PDF_articles/2015/classactions.pdf,206,correcto,https://www.vonwobeser.com/images/PDF_news/PDF_articles/2015/classactions.pdf,false,application/pdf,
es:244,official,content-link,es,https://www.vonwobeser.com/index.php/abogado?l=148,200,correcto,https://www.vonwobeser.com/index.php/abogado?l=148,false,text/html; charset=utf-8,
es:248,official,official-detail,es,https://www.vonwobeser.com/index.php/publicacion?p_id=248,200,correcto,https://www.vonwobeser.com/index.php/publicacion?p_id=248,false,text/html; charset=utf-8,
es:248,official,pdf,es,https://www.vonwobeser.com/images/PDF_news/PDF_articles/2015/Mexico_Overview.pdf,206,correcto,https://www.vonwobeser.com/images/PDF_news/PDF_articles/2015/Mexico_Overview.pdf,false,application/pdf,
es:248,official,content-link,es,https://www.vonwobeser.com/index.php/abogado?l=145,200,correcto,https://www.vonwobeser.com/index.php/abogado?l=145,false,text/html; charset=utf-8,
es:250,official,official-detail,es,https://www.vonwobeser.com/index.php/publicacion?p_id=250,200,correcto,https://www.vonwobeser.com/index.php/publicacion?p_id=250,false,text/html; charset=utf-8,
es:250,official,pdf,es,https://www.vonwobeser.com/images/PDF_news/PDF_articles/2015/Mexico.pdf,206,correcto,https://www.vonwobeser.com/images/PDF_news/PDF_articles/2015/Mexico.pdf,false,application/pdf,
es:250,official,content-link,es,https://www.vonwobeser.com/index.php/abogado?l=141,200,correcto,https://www.vonwobeser.com/index.php/abogado?l=141,false,text/html; charset=utf-8,
es:252,official,official-detail,es,https://www.vonwobeser.com/index.php/publicacion?p_id=252,200,correcto,https://www.vonwobeser.com/index.php/publicacion?p_id=252,false,text/html; charset=utf-8,
es:252,official,pdf,es,https://www.vonwobeser.com/images/PDF_news/PDF_articles/2015/Mexico-Overviewsep15.pdf,206,correcto,https://www.vonwobeser.com/images/PDF_news/PDF_articles/2015/Mexico-Overviewsep15.pdf,false,application/pdf,
es:252,official,content-link,es,https://www.vonwobeser.com/index.php/abogado?l=149,200,correcto,https://www.vonwobeser.com/index.php/abogado?l=149,false,text/html; charset=utf-8,
es:260,official,official-detail,es,https://www.vonwobeser.com/index.php/publicacion?p_id=260,200,correcto,https://www.vonwobeser.com/index.php/publicacion?p_id=260,false,text/html; charset=utf-8,
es:260,official,pdf,es,https://www.vonwobeser.com/images/PDF_news/PDF_articles/2015/FINANCIER.pdf,206,correcto,https://www.vonwobeser.com/images/PDF_news/PDF_articles/2015/FINANCIER.pdf,false,application/pdf,
es:260,official,content-link,es,https://www.vonwobeser.com/index.php/abogado?l=147,200,correcto,https://www.vonwobeser.com/index.php/abogado?l=147,false,text/html; charset=utf-8,
es:262,official,official-detail,es,https://www.vonwobeser.com/index.php/publicacion?p_id=262,200,correcto,https://www.vonwobeser.com/index.php/publicacion?p_id=262,false,text/html; charset=utf-8,
es:262,official,pdf,es,https://www.vonwobeser.com/images/PDF_news/PDF_articles/2015/MEXICO_LandP.PDF,206,correcto,https://www.vonwobeser.com/images/PDF_news/PDF_articles/2015/MEXICO_LandP.PDF,false,application/pdf,
es:262,official,content-link,es,https://www.vonwobeser.com/index.php/abogado?l=134,200,correcto,https://www.vonwobeser.com/index.php/abogado?l=134,false,text/html; charset=utf-8,
es:262,official,content-link,es,https://www.vonwobeser.com/index.php/abogado?l=148,200,correcto,https://www.vonwobeser.com/index.php/abogado?l=148,false,text/html; charset=utf-8,
es:264,official,official-detail,es,https://www.vonwobeser.com/index.php/publicacion?p_id=264,200,correcto,https://www.vonwobeser.com/index.php/publicacion?p_id=264,false,text/html; charset=utf-8,
es:264,official,pdf,es,https://www.vonwobeser.com/images/PDF_news/PDF_articles/2015/MEXICO_TD.PDF,206,correcto,https://www.vonwobeser.com/images/PDF_news/PDF_articles/2015/MEXICO_TD.PDF,false,application/pdf,
es:264,official,content-link,es,https://www.vonwobeser.com/index.php/abogado?l=134,200,correcto,https://www.vonwobeser.com/index.php/abogado?l=134,false,text/html; charset=utf-8,
es:264,official,content-link,es,https://www.vonwobeser.com/index.php/abogado?l=148,200,correcto,https://www.vonwobeser.com/index.php/abogado?l=148,false,text/html; charset=utf-8,
es:270,official,official-detail,es,https://www.vonwobeser.com/index.php/publicacion?p_id=270,200,correcto,https://www.vonwobeser.com/index.php/publicacion?p_id=270,false,text/html; charset=utf-8,
es:270,official,pdf,es,https://www.vonwobeser.com/images/PDF_news/PDF_articles/2015/VWYS-_5099-v1-Andres_Nieto__Getting_the_Deal_Throug__Structured_Finance_Securitisation__april_20151.pdf,206,correcto,https://www.vonwobeser.com/images/PDF_news/PDF_articles/2015/VWYS-_5099-v1-Andres_Nieto__Getting_the_Deal_Throug__Structured_Finance_Securitisation__april_20151.pdf,false,application/pdf,
es:272,official,official-detail,es,https://www.vonwobeser.com/index.php/publicacion?p_id=272,200,correcto,https://www.vonwobeser.com/index.php/publicacion?p_id=272,false,text/html; charset=utf-8,
es:272,official,pdf,es,https://www.vonwobeser.com/images/PDF_news/PDF_articles/2015/VWYS_2603-v1-CHAMBERS_AND_PARTNERS_COMPETITION_ANTITRUST_MEXICO.PDF,206,correcto,https://www.vonwobeser.com/images/PDF_news/PDF_articles/2015/VWYS_2603-v1-CHAMBERS_AND_PARTNERS_COMPETITION_ANTITRUST_MEXICO.PDF,false,application/pdf,
es:297,official,official-detail,es,https://www.vonwobeser.com/index.php/publicacion?p_id=297,200,correcto,https://www.vonwobeser.com/index.php/publicacion?p_id=297,false,text/html; charset=utf-8,
es:297,official,pdf,es,https://www.vonwobeser.com/images/PDF_news/PDF_articles/2015/VWYS_2603-v1-CHAMBERS_AND_PARTNERS_COMPETITION_ANTITRUST_MEXICO.PDF,206,correcto,https://www.vonwobeser.com/images/PDF_news/PDF_articles/2015/VWYS_2603-v1-CHAMBERS_AND_PARTNERS_COMPETITION_ANTITRUST_MEXICO.PDF,false,application/pdf,
es:297,official,content-link,es,https://www.vonwobeser.com/index.php/abogado?l=145,200,correcto,https://www.vonwobeser.com/index.php/abogado?l=145,false,text/html; charset=utf-8,
es:303,official,official-detail,es,https://www.vonwobeser.com/index.php/publicacion?p_id=303,200,correcto,https://www.vonwobeser.com/index.php/publicacion?p_id=303,false,text/html; charset=utf-8,
es:303,official,pdf,es,https://www.vonwobeser.com/images/PDF_news/PDF_articles/2015/Enforcement_of_Investment_Treaty_Arbitration_Awards_Mexico.pdf,206,correcto,https://www.vonwobeser.com/images/PDF_news/PDF_articles/2015/Enforcement_of_Investment_Treaty_Arbitration_Awards_Mexico.pdf,false,application/pdf,
es:303,official,content-link,es,https://www.vonwobeser.com/index.php/abogado?l=148,200,correcto,https://www.vonwobeser.com/index.php/abogado?l=148,false,text/html; charset=utf-8,
es:307,official,official-detail,es,https://www.vonwobeser.com/index.php/publicacion?p_id=307,200,correcto,https://www.vonwobeser.com/index.php/publicacion?p_id=307,false,text/html; charset=utf-8,
es:307,official,pdf,es,https://www.vonwobeser.com/images/PDF_news/Virtual_Round_Table_Energy_Natural_Resources_2015.pdf,206,correcto,https://www.vonwobeser.com/images/PDF_news/Virtual_Round_Table_Energy_Natural_Resources_2015.pdf,false,application/pdf,
es:307,official,content-link,es,https://www.vonwobeser.com/index.php/abogado?l=147,200,correcto,https://www.vonwobeser.com/index.php/abogado?l=147,false,text/html; charset=utf-8,
es:309,official,official-detail,es,https://www.vonwobeser.com/index.php/publicacion?p_id=309,200,correcto,https://www.vonwobeser.com/index.php/publicacion?p_id=309,false,text/html; charset=utf-8,
es:309,official,pdf,es,https://www.vonwobeser.com/images/68-FernandoCarreoandPalomaAlcantaraTheAntitrustReviewoftheAmericas2015Overview.pdf,206,correcto,https://www.vonwobeser.com/images/68-FernandoCarreoandPalomaAlcantaraTheAntitrustReviewoftheAmericas2015Overview.pdf,false,application/pdf,
es:309,official,content-link,es,https://www.vonwobeser.com/index.php/abogado?l=145,200,correcto,https://www.vonwobeser.com/index.php/abogado?l=145,false,text/html; charset=utf-8,
es:311,official,official-detail,es,https://www.vonwobeser.com/index.php/publicacion?p_id=311,200,correcto,https://www.vonwobeser.com/index.php/publicacion?p_id=311,false,text/html; charset=utf-8,
es:311,official,pdf,es,https://www.vonwobeser.com/images/PDF_news/PDF_articles/2014/InvestmentTraetyArbitration2014.PDF,206,correcto,https://www.vonwobeser.com/images/PDF_news/PDF_articles/2014/InvestmentTraetyArbitration2014.PDF,false,application/pdf,
es:311,official,content-link,es,https://www.vonwobeser.com/index.php/abogado?l=134,200,correcto,https://www.vonwobeser.com/index.php/abogado?l=134,false,text/html; charset=utf-8,
es:311,official,content-link,es,https://www.vonwobeser.com/index.php/abogado?l=148,200,correcto,https://www.vonwobeser.com/index.php/abogado?l=148,false,text/html; charset=utf-8,
es:315,official,official-detail,es,https://www.vonwobeser.com/index.php/publicacion?p_id=315,200,correcto,https://www.vonwobeser.com/index.php/publicacion?p_id=315,false,text/html; charset=utf-8,
es:315,official,content-link,es,https://www.vonwobeser.com/index.php/abogado?l=141,200,correcto,https://www.vonwobeser.com/index.php/abogado?l=141,false,text/html; charset=utf-8,
es:317,official,official-detail,es,https://www.vonwobeser.com/index.php/publicacion?p_id=317,200,correcto,https://www.vonwobeser.com/index.php/publicacion?p_id=317,false,text/html; charset=utf-8,
es:317,official,pdf,es,https://www.vonwobeser.com/images/PDF_news/PDF_articles/2014/201410GIRInvestigationsReviewoftheAmericas2015DS.pdf,206,correcto,https://www.vonwobeser.com/images/PDF_news/PDF_articles/2014/201410GIRInvestigationsReviewoftheAmericas2015DS.pdf,false,application/pdf,
es:317,official,content-link,es,https://www.vonwobeser.com/index.php/abogado?l=149,200,correcto,https://www.vonwobeser.com/index.php/abogado?l=149,false,text/html; charset=utf-8,
es:319,official,official-detail,es,https://www.vonwobeser.com/index.php/publicacion?p_id=319,200,correcto,https://www.vonwobeser.com/index.php/publicacion?p_id=319,false,text/html; charset=utf-8,
es:319,official,pdf,es,https://www.vonwobeser.com/images/PDF_news/PDF_articles/2014/201410GTDTMexicoOutsourcing.pdf,206,correcto,https://www.vonwobeser.com/images/PDF_news/PDF_articles/2014/201410GTDTMexicoOutsourcing.pdf,false,application/pdf,
es:337,official,official-detail,es,https://www.vonwobeser.com/index.php/publicacion?p_id=337,200,correcto,https://www.vonwobeser.com/index.php/publicacion?p_id=337,false,text/html; charset=utf-8,
es:337,official,pdf,es,https://www.vonwobeser.com/images/PDF_news/PDF_articles/2014/CorporateLivewireEnergyNaturalResourcesJuly2014EG.pdf,206,correcto,https://www.vonwobeser.com/images/PDF_news/PDF_articles/2014/CorporateLivewireEnergyNaturalResourcesJuly2014EG.pdf,false,application/pdf,
es:337,official,content-link,es,https://www.vonwobeser.com/index.php/abogado?l=147,200,correcto,https://www.vonwobeser.com/index.php/abogado?l=147,false,text/html; charset=utf-8,
es:341,official,official-detail,es,https://www.vonwobeser.com/index.php/publicacion?p_id=341,200,correcto,https://www.vonwobeser.com/index.php/publicacion?p_id=341,false,text/html; charset=utf-8,
es:341,official,pdf,es,https://www.vonwobeser.com/images/PDF_news/PDF_articles/2014/THEPUBLICCOMPETITIONREVIEWEDITION6.pdf,206,correcto,https://www.vonwobeser.com/images/PDF_news/PDF_articles/2014/THEPUBLICCOMPETITIONREVIEWEDITION6.pdf,false,application/pdf,
es:341,official,content-link,es,https://www.vonwobeser.com/index.php/abogado?l=145,200,correcto,https://www.vonwobeser.com/index.php/abogado?l=145,false,text/html; charset=utf-8,
es:345,official,official-detail,es,https://www.vonwobeser.com/index.php/publicacion?p_id=345,200,correcto,https://www.vonwobeser.com/index.php/publicacion?p_id=345,false,text/html; charset=utf-8,
es:345,official,pdf,es,https://www.vonwobeser.com/images/PDF_news/201402GettingTheDealThroughArbitration.pdf,206,correcto,https://www.vonwobeser.com/images/PDF_news/201402GettingTheDealThroughArbitration.pdf,false,application/pdf,
es:345,official,content-link,es,https://www.vonwobeser.com/index.php/abogado?l=134,200,correcto,https://www.vonwobeser.com/index.php/abogado?l=134,false,text/html; charset=utf-8,
es:345,official,content-link,es,https://www.vonwobeser.com/index.php/abogado?l=175,200,correcto,https://www.vonwobeser.com/index.php/abogado?l=175,false,text/html; charset=utf-8,
es:350,official,official-detail,es,https://www.vonwobeser.com/index.php/publicacion?p_id=350,200,correcto,https://www.vonwobeser.com/index.php/publicacion?p_id=350,false,text/html; charset=utf-8,
es:350,official,pdf,es,https://www.vonwobeser.com/images/PDF_news/PDF_articles/2014/LWVRTEnergyandNaturalResources2014.pdf,206,correcto,https://www.vonwobeser.com/images/PDF_news/PDF_articles/2014/LWVRTEnergyandNaturalResources2014.pdf,false,application/pdf,
es:350,official,content-link,es,https://www.vonwobeser.com/index.php/abogado?l=147,200,correcto,https://www.vonwobeser.com/index.php/abogado?l=147,false,text/html; charset=utf-8,
es:373,official,official-detail,es,https://www.vonwobeser.com/index.php/publicacion?p_id=373,200,correcto,https://www.vonwobeser.com/index.php/publicacion?p_id=373,false,text/html; charset=utf-8,
es:373,official,pdf,es,https://www.vonwobeser.com/images/PDF_news/2015/MexicoOutsourcingNov2013.pdf,206,correcto,https://www.vonwobeser.com/images/PDF_news/2015/MexicoOutsourcingNov2013.pdf,false,application/pdf,
es:373,project,source-url,es,https://www.vonwobeser.com/images/PDF_news/2015/MexicoOutsourcingNov2013.pdf,206,correcto,https://www.vonwobeser.com/images/PDF_news/2015/MexicoOutsourcingNov2013.pdf,false,application/pdf,
es:374,official,official-detail,es,https://www.vonwobeser.com/index.php/publicacion?p_id=374,200,correcto,https://www.vonwobeser.com/index.php/publicacion?p_id=374,false,text/html; charset=utf-8,
es:374,official,pdf,es,https://www.vonwobeser.com/images/PDF_news/PDF_articles/2013/45-MexicoInvestmentTreaty.pdf,206,correcto,https://www.vonwobeser.com/images/PDF_news/PDF_articles/2013/45-MexicoInvestmentTreaty.pdf,false,application/pdf,
es:374,official,content-link,es,https://www.vonwobeser.com/index.php/abogado?l=134,200,correcto,https://www.vonwobeser.com/index.php/abogado?l=134,false,text/html; charset=utf-8,
es:374,official,content-link,es,https://www.vonwobeser.com/index.php/abogado?l=148,200,correcto,https://www.vonwobeser.com/index.php/abogado?l=148,false,text/html; charset=utf-8,
es:374,project,source-url,es,https://www.vonwobeser.com/images/PDF_news/PDF_articles/2013/45-MexicoInvestmentTreaty.pdf,206,correcto,https://www.vonwobeser.com/images/PDF_news/PDF_articles/2013/45-MexicoInvestmentTreaty.pdf,false,application/pdf,
es:376,official,official-detail,es,https://www.vonwobeser.com/index.php/publicacion?p_id=376,200,correcto,https://www.vonwobeser.com/index.php/publicacion?p_id=376,false,text/html; charset=utf-8,
es:376,official,pdf,es,https://www.vonwobeser.com/images/PDF_news/2015/TheArbitrationReviewoftheAmericas2014.pdf,206,correcto,https://www.vonwobeser.com/images/PDF_news/2015/TheArbitrationReviewoftheAmericas2014.pdf,false,application/pdf,
es:376,official,content-link,es,https://www.vonwobeser.com/index.php/abogado?l=134,200,correcto,https://www.vonwobeser.com/index.php/abogado?l=134,false,text/html; charset=utf-8,
es:380,official,official-detail,es,https://www.vonwobeser.com/index.php/publicacion?p_id=380,200,correcto,https://www.vonwobeser.com/index.php/publicacion?p_id=380,false,text/html; charset=utf-8,
es:380,official,content-link,es,https://www.vonwobeser.com/index.php/abogado?l=145,200,correcto,https://www.vonwobeser.com/index.php/abogado?l=145,false,text/html; charset=utf-8,
es:382,official,official-detail,es,https://www.vonwobeser.com/index.php/publicacion?p_id=382,200,correcto,https://www.vonwobeser.com/index.php/publicacion?p_id=382,false,text/html; charset=utf-8,
es:382,official,pdf,es,https://www.vonwobeser.com/images/PDF_news/2015/IBAMexicoChapterInternationalArbitrationGuide2013.pdf,206,correcto,https://www.vonwobeser.com/images/PDF_news/2015/IBAMexicoChapterInternationalArbitrationGuide2013.pdf,false,application/pdf,
es:382,official,content-link,es,https://www.vonwobeser.com/index.php/abogado?l=134,200,correcto,https://www.vonwobeser.com/index.php/abogado?l=134,false,text/html; charset=utf-8,
es:382,project,source-url,es,https://www.vonwobeser.com/images/PDF_news/2015/IBAMexicoChapterInternationalArbitrationGuide2013.pdf,206,correcto,https://www.vonwobeser.com/images/PDF_news/2015/IBAMexicoChapterInternationalArbitrationGuide2013.pdf,false,application/pdf,
es:384,official,official-detail,es,https://www.vonwobeser.com/index.php/publicacion?p_id=384,200,correcto,https://www.vonwobeser.com/index.php/publicacion?p_id=384,false,text/html; charset=utf-8,
es:384,official,pdf,es,https://www.vonwobeser.com/images/PDF_news/2015/73CorporateLivewireEnergyNaturalResources2013.pdf,206,correcto,https://www.vonwobeser.com/images/PDF_news/2015/73CorporateLivewireEnergyNaturalResources2013.pdf,false,application/pdf,
es:384,official,content-link,es,https://www.vonwobeser.com/index.php/abogado?l=147,200,correcto,https://www.vonwobeser.com/index.php/abogado?l=147,false,text/html; charset=utf-8,
es:386,official,official-detail,es,https://www.vonwobeser.com/index.php/publicacion?p_id=386,200,correcto,https://www.vonwobeser.com/index.php/publicacion?p_id=386,false,text/html; charset=utf-8,
es:386,official,pdf,es,https://www.vonwobeser.com/images/PDF_news/2015/70Mexicancourtallowsenforcementofarbitraltribunal.pdf,206,correcto,https://www.vonwobeser.com/images/PDF_news/2015/70Mexicancourtallowsenforcementofarbitraltribunal.pdf,false,application/pdf,
es:386,official,content-link,es,https://www.vonwobeser.com/index.php/abogado?l=149,200,correcto,https://www.vonwobeser.com/index.php/abogado?l=149,false,text/html; charset=utf-8,
es:388,official,official-detail,es,https://www.vonwobeser.com/index.php/publicacion?p_id=388,200,correcto,https://www.vonwobeser.com/index.php/publicacion?p_id=388,false,text/html; charset=utf-8,
es:388,official,pdf,es,https://www.vonwobeser.com/images/PDF_news/2015/69PraxisMejoresPracticasDiegoSierra.pdf,206,correcto,https://www.vonwobeser.com/images/PDF_news/2015/69PraxisMejoresPracticasDiegoSierra.pdf,false,application/pdf,
es:388,official,content-link,es,https://www.vonwobeser.com/index.php/abogado?l=149,200,correcto,https://www.vonwobeser.com/index.php/abogado?l=149,false,text/html; charset=utf-8,
es:390,official,official-detail,es,https://www.vonwobeser.com/index.php/publicacion?p_id=390,200,correcto,https://www.vonwobeser.com/index.php/publicacion?p_id=390,false,text/html; charset=utf-8,
es:390,official,pdf,es,https://www.vonwobeser.com/images/PDF_news/2015/68InsolvencyasaPrerequisiteforfilingaBankruptcyProcedureinMexico.pdf,206,correcto,https://www.vonwobeser.com/images/PDF_news/2015/68InsolvencyasaPrerequisiteforfilingaBankruptcyProcedureinMexico.pdf,false,application/pdf,
es:392,official,official-detail,es,https://www.vonwobeser.com/index.php/publicacion?p_id=392,200,correcto,https://www.vonwobeser.com/index.php/publicacion?p_id=392,false,text/html; charset=utf-8,
es:392,official,pdf,es,https://www.vonwobeser.com/images/PDF_news/2015/67_ICC_International_Court_of_Arbitration_Bulletin-Taking_Evidence_in_Latin_America.pdf,206,correcto,https://www.vonwobeser.com/images/PDF_news/2015/67_ICC_International_Court_of_Arbitration_Bulletin-Taking_Evidence_in_Latin_America.pdf,false,application/pdf,
es:394,official,official-detail,es,https://www.vonwobeser.com/index.php/publicacion?p_id=394,200,correcto,https://www.vonwobeser.com/index.php/publicacion?p_id=394,false,text/html; charset=utf-8,
es:394,official,pdf,es,https://www.vonwobeser.com/images/PDF_news/2015/65_Expert_Guides_-_Evolution_of_Mexican_Arbitration_Law.pdf,206,correcto,https://www.vonwobeser.com/images/PDF_news/2015/65_Expert_Guides_-_Evolution_of_Mexican_Arbitration_Law.pdf,false,application/pdf,
es:394,official,content-link,es,https://www.vonwobeser.com/index.php/abogado?l=134,200,correcto,https://www.vonwobeser.com/index.php/abogado?l=134,false,text/html; charset=utf-8,
es:396,official,official-detail,es,https://www.vonwobeser.com/index.php/publicacion?p_id=396,200,correcto,https://www.vonwobeser.com/index.php/publicacion?p_id=396,false,text/html; charset=utf-8,
es:396,official,pdf,es,https://www.vonwobeser.com/images/PDF_news/2015/63_ILO_-_Launching_mandatory_tender_offers.pdf,206,correcto,https://www.vonwobeser.com/images/PDF_news/2015/63_ILO_-_Launching_mandatory_tender_offers.pdf,false,application/pdf,
es:398,official,official-detail,es,https://www.vonwobeser.com/index.php/publicacion?p_id=398,200,correcto,https://www.vonwobeser.com/index.php/publicacion?p_id=398,false,text/html; charset=utf-8,
es:398,official,pdf,es,https://www.vonwobeser.com/images/PDF_news/2015/62_PLC_Mexico_Supreme_Court_of_Justice_rules_on_Public_Policy_grounds_to_set_aside_award.pdf,206,correcto,https://www.vonwobeser.com/images/PDF_news/2015/62_PLC_Mexico_Supreme_Court_of_Justice_rules_on_Public_Policy_grounds_to_set_aside_award.pdf,false,application/pdf,
es:398,official,content-link,es,https://www.vonwobeser.com/index.php/abogado?l=149,200,correcto,https://www.vonwobeser.com/index.php/abogado?l=149,false,text/html; charset=utf-8,
es:400,official,official-detail,es,https://www.vonwobeser.com/index.php/publicacion?p_id=400,200,correcto,https://www.vonwobeser.com/index.php/publicacion?p_id=400,false,text/html; charset=utf-8,
es:400,official,pdf,es,https://www.vonwobeser.com/images/PDF_news/2015/61_CorporateLivewire_Energy_and_Natural_Rec.pdf,206,correcto,https://www.vonwobeser.com/images/PDF_news/2015/61_CorporateLivewire_Energy_and_Natural_Rec.pdf,false,application/pdf,
es:400,official,content-link,es,https://www.vonwobeser.com/index.php/abogado?l=147,200,correcto,https://www.vonwobeser.com/index.php/abogado?l=147,false,text/html; charset=utf-8,
es:402,official,official-detail,es,https://www.vonwobeser.com/index.php/publicacion?p_id=402,200,correcto,https://www.vonwobeser.com/index.php/publicacion?p_id=402,false,text/html; charset=utf-8,
es:402,official,pdf,es,https://www.vonwobeser.com/images/PDF_news/2015/Tax_considerations_in_MA_transactions.pdf,206,correcto,https://www.vonwobeser.com/images/PDF_news/2015/Tax_considerations_in_MA_transactions.pdf,false,application/pdf,
es:404,official,official-detail,es,https://www.vonwobeser.com/index.php/publicacion?p_id=404,200,correcto,https://www.vonwobeser.com/index.php/publicacion?p_id=404,false,text/html; charset=utf-8,
es:404,official,pdf,es,https://www.vonwobeser.com/images/PDF_news/PDF_articles/2013/30_GRG_Infrastructure_rkd493_1.pdf,206,correcto,https://www.vonwobeser.com/images/PDF_news/PDF_articles/2013/30_GRG_Infrastructure_rkd493_1.pdf,false,application/pdf,
es:404,official,content-link,es,https://www.vonwobeser.com/index.php/abogado?l=147,200,correcto,https://www.vonwobeser.com/index.php/abogado?l=147,false,text/html; charset=utf-8,
es:404,official,content-link,es,https://www.vonwobeser.com/index.php/abogado?l=161,200,correcto,https://www.vonwobeser.com/index.php/abogado?l=161,false,text/html; charset=utf-8,
es:406,official,official-detail,es,https://www.vonwobeser.com/index.php/publicacion?p_id=406,200,correcto,https://www.vonwobeser.com/index.php/publicacion?p_id=406,false,text/html; charset=utf-8,
es:406,official,pdf,es,https://www.vonwobeser.com/images/PDF_news/2015/56_ILO_Foreign_trade_implications_of_MA_transactions.pdf,206,correcto,https://www.vonwobeser.com/images/PDF_news/2015/56_ILO_Foreign_trade_implications_of_MA_transactions.pdf,false,application/pdf,
es:406,official,content-link,es,https://www.vonwobeser.com/index.php/abogado?l=143,200,correcto,https://www.vonwobeser.com/index.php/abogado?l=143,false,text/html; charset=utf-8,
es:410,official,official-detail,es,https://www.vonwobeser.com/index.php/publicacion?p_id=410,200,correcto,https://www.vonwobeser.com/index.php/publicacion?p_id=410,false,text/html; charset=utf-8,
es:410,official,pdf,es,https://www.vonwobeser.com/images/PDF_news/2015/55-Derecho-Concursal-Escuela-Libre-de-Derecho.pdf,206,correcto,https://www.vonwobeser.com/images/PDF_news/2015/55-Derecho-Concursal-Escuela-Libre-de-Derecho.pdf,false,application/pdf,
es:410,official,content-link,es,https://www.vonwobeser.com/index.php/abogado?l=143,200,correcto,https://www.vonwobeser.com/index.php/abogado?l=143,false,text/html; charset=utf-8,
es:412,official,official-detail,es,https://www.vonwobeser.com/index.php/publicacion?p_id=412,200,correcto,https://www.vonwobeser.com/index.php/publicacion?p_id=412,false,text/html; charset=utf-8,
es:412,official,pdf,es,https://www.vonwobeser.com/images/PDF_news/2015/54_ConsideringenvironmentalliabilitesinMAtransactionsInternationalLawOffice1.pdf,206,correcto,https://www.vonwobeser.com/images/PDF_news/2015/54_ConsideringenvironmentalliabilitesinMAtransactionsInternationalLawOffice1.pdf,false,application/pdf,
es:412,official,content-link,es,https://www.vonwobeser.com/index.php/abogado?l=147,200,correcto,https://www.vonwobeser.com/index.php/abogado?l=147,false,text/html; charset=utf-8,
es:414,official,official-detail,es,https://www.vonwobeser.com/index.php/publicacion?p_id=414,200,correcto,https://www.vonwobeser.com/index.php/publicacion?p_id=414,false,text/html; charset=utf-8,
es:414,official,pdf,es,https://www.vonwobeser.com/images/PDF_news/2015/52_PLC_Arbitration_Multi_Jurisdictional_mthly_email_Mexico_Superme_Courts_Shows_deference_towards_arbitral_tribunal_s.pdf,206,correcto,https://www.vonwobeser.com/images/PDF_news/2015/52_PLC_Arbitration_Multi_Jurisdictional_mthly_email_Mexico_Superme_Courts_Shows_deference_towards_arbitral_tribunal_s.pdf,false,application/pdf,
es:414,official,content-link,es,https://www.vonwobeser.com/index.php/abogado?l=149,200,correcto,https://www.vonwobeser.com/index.php/abogado?l=149,false,text/html; charset=utf-8,
es:418,official,official-detail,es,https://www.vonwobeser.com/index.php/publicacion?p_id=418,200,correcto,https://www.vonwobeser.com/index.php/publicacion?p_id=418,false,text/html; charset=utf-8,
es:418,official,content-link,es,https://www.vonwobeser.com/index.php/abogado?l=134,200,correcto,https://www.vonwobeser.com/index.php/abogado?l=134,false,text/html; charset=utf-8,
es:420,official,official-detail,es,https://www.vonwobeser.com/index.php/publicacion?p_id=420,200,correcto,https://www.vonwobeser.com/index.php/publicacion?p_id=420,false,text/html; charset=utf-8,
es:420,official,pdf,es,https://www.vonwobeser.com/images/PDF_news/2015/9.2-The-International-Investigations-Review.pdf,206,correcto,https://www.vonwobeser.com/images/PDF_news/2015/9.2-The-International-Investigations-Review.pdf,false,application/pdf,
es:420,official,content-link,es,https://www.vonwobeser.com/index.php/abogado?l=134,200,correcto,https://www.vonwobeser.com/index.php/abogado?l=134,false,text/html; charset=utf-8,
es:420,official,content-link,es,https://www.vonwobeser.com/index.php/abogado?l=145,200,correcto,https://www.vonwobeser.com/index.php/abogado?l=145,false,text/html; charset=utf-8,
es:423,official,official-detail,es,https://www.vonwobeser.com/index.php/publicacion?p_id=423,200,correcto,https://www.vonwobeser.com/index.php/publicacion?p_id=423,false,text/html; charset=utf-8,
es:423,official,pdf,es,https://www.vonwobeser.com/images/PDF_news/2015/8-The-Antitrust-Review-of-the-Americas.pdf,206,correcto,https://www.vonwobeser.com/images/PDF_news/2015/8-The-Antitrust-Review-of-the-Americas.pdf,false,application/pdf,
es:423,official,content-link,es,https://www.vonwobeser.com/index.php/abogado?l=145,200,correcto,https://www.vonwobeser.com/index.php/abogado?l=145,false,text/html; charset=utf-8,
es:425,official,official-detail,es,https://www.vonwobeser.com/index.php/publicacion?p_id=425,200,correcto,https://www.vonwobeser.com/index.php/publicacion?p_id=425,false,text/html; charset=utf-8,
es:425,official,pdf,es,https://www.vonwobeser.com/images/PDF_news/2015/7_PLC_Investment_Funds.pdf,206,correcto,https://www.vonwobeser.com/images/PDF_news/2015/7_PLC_Investment_Funds.pdf,false,application/pdf,
es:427,official,official-detail,es,https://www.vonwobeser.com/index.php/publicacion?p_id=427,200,correcto,https://www.vonwobeser.com/index.php/publicacion?p_id=427,false,text/html; charset=utf-8,
es:427,official,pdf,es,https://www.vonwobeser.com/images/PDF_news/2015/6_PLC_Cartel_Leniency.pdf,206,correcto,https://www.vonwobeser.com/images/PDF_news/2015/6_PLC_Cartel_Leniency.pdf,false,application/pdf,
es:427,official,content-link,es,https://www.vonwobeser.com/index.php/abogado?l=145,200,correcto,https://www.vonwobeser.com/index.php/abogado?l=145,false,text/html; charset=utf-8,
es:429,official,official-detail,es,https://www.vonwobeser.com/index.php/publicacion?p_id=429,200,correcto,https://www.vonwobeser.com/index.php/publicacion?p_id=429,false,text/html; charset=utf-8,
es:429,official,pdf,es,https://www.vonwobeser.com/images/PDF_news/2015/5-PLC-Outsourcing-Mexico.pdf,206,correcto,https://www.vonwobeser.com/images/PDF_news/2015/5-PLC-Outsourcing-Mexico.pdf,false,application/pdf,
es:429,official,content-link,es,https://www.vonwobeser.com/index.php/abogado?l=135,200,correcto,https://www.vonwobeser.com/index.php/abogado?l=135,false,text/html; charset=utf-8,
es:431,official,official-detail,es,https://www.vonwobeser.com/index.php/publicacion?p_id=431,200,correcto,https://www.vonwobeser.com/index.php/publicacion?p_id=431,false,text/html; charset=utf-8,
es:431,official,pdf,es,https://www.vonwobeser.com/images/PDF_news/2015/3_3_Corporate_Livewire_Currents_Trends_y_Expected_Development_in_Mexican_Renewable_Energy_Mkt.pdf,206,correcto,https://www.vonwobeser.com/images/PDF_news/2015/3_3_Corporate_Livewire_Currents_Trends_y_Expected_Development_in_Mexican_Renewable_Energy_Mkt.pdf,false,application/pdf,
es:431,official,content-link,es,https://www.vonwobeser.com/index.php/abogado?l=147,200,correcto,https://www.vonwobeser.com/index.php/abogado?l=147,false,text/html; charset=utf-8,
es:437,official,official-detail,es,https://www.vonwobeser.com/index.php/publicacion?p_id=437,200,correcto,https://www.vonwobeser.com/index.php/publicacion?p_id=437,false,text/html; charset=utf-8,
es:437,official,pdf,es,https://www.vonwobeser.com/images/PDF_news/2015/3-IBA-Arbitration-Guide-Mexico.pdf,206,correcto,https://www.vonwobeser.com/images/PDF_news/2015/3-IBA-Arbitration-Guide-Mexico.pdf,false,application/pdf,
es:437,official,content-link,es,https://www.vonwobeser.com/index.php/abogado?l=134,200,correcto,https://www.vonwobeser.com/index.php/abogado?l=134,false,text/html; charset=utf-8,
es:444,official,official-detail,es,https://www.vonwobeser.com/index.php/publicacion?p_id=444,200,correcto,https://www.vonwobeser.com/index.php/publicacion?p_id=444,false,text/html; charset=utf-8,
es:444,official,pdf,es,https://www.vonwobeser.com/images/PDF_news/2015/2_2-PLC-Mergers-and-acquisitions-Mexico.pdf,206,correcto,https://www.vonwobeser.com/images/PDF_news/2015/2_2-PLC-Mergers-and-acquisitions-Mexico.pdf,false,application/pdf,
es:444,official,content-link,es,https://www.vonwobeser.com/index.php/abogado?l=141,200,correcto,https://www.vonwobeser.com/index.php/abogado?l=141,false,text/html; charset=utf-8,
es:446,official,official-detail,es,https://www.vonwobeser.com/index.php/publicacion?p_id=446,200,correcto,https://www.vonwobeser.com/index.php/publicacion?p_id=446,false,text/html; charset=utf-8,
es:446,official,pdf,es,https://www.vonwobeser.com/images/PDF_news/2015/1.5-The-European-Lawyer-Ref-Series-Arbitration-World-4th-Ed--Mexico.pdf,206,correcto,https://www.vonwobeser.com/images/PDF_news/2015/1.5-The-European-Lawyer-Ref-Series-Arbitration-World-4th-Ed--Mexico.pdf,false,application/pdf,
es:446,official,content-link,es,https://www.vonwobeser.com/index.php/abogado?l=134,200,correcto,https://www.vonwobeser.com/index.php/abogado?l=134,false,text/html; charset=utf-8,
es:450,official,official-detail,es,https://www.vonwobeser.com/index.php/publicacion?p_id=450,200,correcto,https://www.vonwobeser.com/index.php/publicacion?p_id=450,false,text/html; charset=utf-8,
es:450,official,pdf,es,https://www.vonwobeser.com/images/PDF_news/2015/PAUTA-58-CVW.pdf,206,correcto,https://www.vonwobeser.com/images/PDF_news/2015/PAUTA-58-CVW.pdf,false,application/pdf,
es:450,official,content-link,es,https://www.vonwobeser.com/index.php/abogado?l=134,200,correcto,https://www.vonwobeser.com/index.php/abogado?l=134,false,text/html; charset=utf-8,
es:458,official,official-detail,es,https://www.vonwobeser.com/index.php/publicacion?p_id=458,200,correcto,https://www.vonwobeser.com/index.php/publicacion?p_id=458,false,text/html; charset=utf-8,
es:458,official,content-link,es,https://www.vonwobeser.com/index.php/abogado?l=141,200,correcto,https://www.vonwobeser.com/index.php/abogado?l=141,false,text/html; charset=utf-8,
es:813,official,official-detail,es,https://www.vonwobeser.com/index.php/publicacion?p_id=813,200,correcto,https://www.vonwobeser.com/index.php/publicacion?p_id=813,false,text/html; charset=utf-8,
es:813,official,pdf,es,https://www.vonwobeser.com/images/PDF_news/PDF_articles/2017/5-GCR-LBC-Mexico-takes-2-major-steps-2007-37-Mexico-telecoms.pdf,206,correcto,https://www.vonwobeser.com/images/PDF_news/PDF_articles/2017/5-GCR-LBC-Mexico-takes-2-major-steps-2007-37-Mexico-telecoms.pdf,false,application/pdf,
es:813,official,content-link,es,https://www.vonwobeser.com/index.php/abogado?l=141,200,correcto,https://www.vonwobeser.com/index.php/abogado?l=141,false,text/html; charset=utf-8,
es:459,official,official-detail,es,https://www.vonwobeser.com/index.php/publicacion?p_id=459,200,correcto,https://www.vonwobeser.com/index.php/publicacion?p_id=459,false,text/html; charset=utf-8,
es:459,official,pdf,es,https://www.vonwobeser.com/images/PDF_news/2015/pauta-54-CVW.pdf,206,correcto,https://www.vonwobeser.com/images/PDF_news/2015/pauta-54-CVW.pdf,false,application/pdf,
es:1569,official,official-detail,es,https://www.vonwobeser.com/index.php/publicacion?p_id=1569,200,correcto,https://www.vonwobeser.com/index.php/publicacion?p_id=1569,false,text/html; charset=utf-8,
es:1569,official,pdf,es,https://www.vonwobeser.com/images/PDF_news/PDF_articles/2021/6-Sheppard-Mullin.pdf,206,correcto,https://www.vonwobeser.com/images/PDF_news/PDF_articles/2021/6-Sheppard-Mullin.pdf,false,application/pdf,
es:1569,official,content-link,es,https://www.vonwobeser.com/index.php/abogado?l=323,200,correcto,https://www.vonwobeser.com/index.php/abogado?l=323,false,text/html; charset=utf-8,
es:463,official,official-detail,es,https://www.vonwobeser.com/index.php/publicacion?p_id=463,200,correcto,https://www.vonwobeser.com/index.php/publicacion?p_id=463,false,text/html; charset=utf-8,
es:463,official,pdf,es,https://www.vonwobeser.com/images/PDF_news/2015/Muerza---cumplimiento-sentencias-amparo.pdf,206,correcto,https://www.vonwobeser.com/images/PDF_news/2015/Muerza---cumplimiento-sentencias-amparo.pdf,false,application/pdf,
es:465,official,official-detail,es,https://www.vonwobeser.com/index.php/publicacion?p_id=465,200,correcto,https://www.vonwobeser.com/index.php/publicacion?p_id=465,false,text/html; charset=utf-8,
es:465,official,pdf,es,https://www.vonwobeser.com/images/PDF_news/2015/Chapter-16.pdf,206,correcto,https://www.vonwobeser.com/images/PDF_news/2015/Chapter-16.pdf,false,application/pdf,
es:465,official,content-link,es,https://www.vonwobeser.com/index.php/abogado?l=141,200,correcto,https://www.vonwobeser.com/index.php/abogado?l=141,false,text/html; charset=utf-8,
es:1567,official,official-detail,es,https://www.vonwobeser.com/index.php/publicacion?p_id=1567,200,correcto,https://www.vonwobeser.com/index.php/publicacion?p_id=1567,false,text/html; charset=utf-8,
es:1567,official,pdf,es,https://www.vonwobeser.com/images/PDF_news/PDF_articles/2021/7-Stanford-Law-School.pdf,206,correcto,https://www.vonwobeser.com/images/PDF_news/PDF_articles/2021/7-Stanford-Law-School.pdf,false,application/pdf,
es:1567,official,content-link,es,https://www.vonwobeser.com/index.php/abogado?l=323,200,correcto,https://www.vonwobeser.com/index.php/abogado?l=323,false,text/html; charset=utf-8,
es:1567,official,content-link,es,https://law.stanford.edu/publications/reshaping-fiduciary-duties-in-mexico-a-step-towards-functionality/,200,correcto,https://law.stanford.edu/publications/reshaping-fiduciary-duties-in-mexico-a-step-towards-functionality/,false,text/html; charset=UTF-8,
es:1561,official,official-detail,es,https://www.vonwobeser.com/index.php/publicacion?p_id=1561,200,correcto,https://www.vonwobeser.com/index.php/publicacion?p_id=1561,false,text/html; charset=utf-8,
es:1561,official,content-link,es,https://www.vonwobeser.com/index.php/abogado?l=323,200,correcto,https://www.vonwobeser.com/index.php/abogado?l=323,false,text/html; charset=utf-8,
es:1561,official,content-link,es,https://www.amazon.com/OFERTAS-PUBLICAS-ADQUISICION-JIMENEZ-ZORRILLA/dp/9700751228,200,correcto,https://www.amazon.com/OFERTAS-PUBLICAS-ADQUISICION-JIMENEZ-ZORRILLA/dp/9700751228,false,text/html;charset=UTF-8,
en:1834,official,official-detail,en,https://www.vonwobeser.com/index.php/publication?p_id=1834,200,correcto,https://www.vonwobeser.com/index.php/publication?p_id=1834,false,text/html; charset=utf-8,
en:1834,official,content-link,en,https://www.vonwobeser.com/index.php/lawyer?l=398,200,correcto,https://www.vonwobeser.com/index.php/lawyer?l=398,false,text/html; charset=utf-8,
en:1834,official,content-link,en,https://anticorrupcion.nexos.com.mx/los-empresarios-son-beneficiarios-del-combate-a-la-corrupcion-privada/,200,correcto,https://anticorrupcion.nexos.com.mx/los-empresarios-son-beneficiarios-del-combate-a-la-corrupcion-privada/,false,text/html; charset=UTF-8,
en:1834,project,source-url,en,https://anticorrupcion.nexos.com.mx/los-empresarios-son-beneficiarios-del-combate-a-la-corrupcion-privada/,200,correcto,https://anticorrupcion.nexos.com.mx/los-empresarios-son-beneficiarios-del-combate-a-la-corrupcion-privada/,false,text/html; charset=UTF-8,
en:1832,official,official-detail,en,https://www.vonwobeser.com/index.php/publication?p_id=1832,200,correcto,https://www.vonwobeser.com/index.php/publication?p_id=1832,false,text/html; charset=utf-8,
en:1832,official,content-link,en,https://www.vonwobeser.com/index.php/lawyer?l=396,200,correcto,https://www.vonwobeser.com/index.php/lawyer?l=396,false,text/html; charset=utf-8,
en:1832,project,source-url,en,https://www.vonwobeser.com/index.php/publication/p_id-1832.html,200,redireccion-valida,https://www.vonwobeser.com/index.php/publication?p_id=1832,true,text/html; charset=utf-8,
en:1831,official,official-detail,en,https://www.vonwobeser.com/index.php/publication?p_id=1831,200,correcto,https://www.vonwobeser.com/index.php/publication?p_id=1831,false,text/html; charset=utf-8,
en:1831,official,content-link,en,https://www.vonwobeser.com/index.php/lawyer?l=396,200,correcto,https://www.vonwobeser.com/index.php/lawyer?l=396,false,text/html; charset=utf-8,
en:1831,project,source-url,en,https://www.vonwobeser.com/index.php/publication/p_id-1831.html,200,redireccion-valida,https://www.vonwobeser.com/index.php/publication?p_id=1831,true,text/html; charset=utf-8,
en:1830,official,official-detail,en,https://www.vonwobeser.com/index.php/publication?p_id=1830,200,correcto,https://www.vonwobeser.com/index.php/publication?p_id=1830,false,text/html; charset=utf-8,
en:1830,official,content-link,en,https://www.vonwobeser.com/index.php/lawyer?l=396,200,correcto,https://www.vonwobeser.com/index.php/lawyer?l=396,false,text/html; charset=utf-8,
en:1830,project,source-url,en,https://www.vonwobeser.com/index.php/publication/p_id-1830.html,200,redireccion-valida,https://www.vonwobeser.com/index.php/publication?p_id=1830,true,text/html; charset=utf-8,
en:1829,official,official-detail,en,https://www.vonwobeser.com/index.php/publication?p_id=1829,200,correcto,https://www.vonwobeser.com/index.php/publication?p_id=1829,false,text/html; charset=utf-8,
en:1829,official,content-link,en,https://www.vonwobeser.com/index.php/lawyer?l=396,200,correcto,https://www.vonwobeser.com/index.php/lawyer?l=396,false,text/html; charset=utf-8,
en:1829,project,source-url,en,https://mundoejecutivo.com.mx/economia/blockchain-compliance-evolucion-cumplimiento/,200,correcto,https://mundoejecutivo.com.mx/economia/blockchain-compliance-evolucion-cumplimiento/,false,text/html; charset=UTF-8,
en:1828,official,official-detail,en,https://www.vonwobeser.com/index.php/publication?p_id=1828,200,correcto,https://www.vonwobeser.com/index.php/publication?p_id=1828,false,text/html; charset=utf-8,
en:1828,official,content-link,en,https://www.vonwobeser.com/index.php/lawyer?l=396,200,correcto,https://www.vonwobeser.com/index.php/lawyer?l=396,false,text/html; charset=utf-8,
en:1828,project,source-url,en,https://www.vonwobeser.com/index.php/publication/p_id-1828.html,200,redireccion-valida,https://www.vonwobeser.com/index.php/publication?p_id=1828,true,text/html; charset=utf-8,
en:1827,official,official-detail,en,https://www.vonwobeser.com/index.php/publication?p_id=1827,200,correcto,https://www.vonwobeser.com/index.php/publication?p_id=1827,false,text/html; charset=utf-8,
en:1827,official,content-link,en,https://www.vonwobeser.com/index.php/lawyer?l=396,200,correcto,https://www.vonwobeser.com/index.php/lawyer?l=396,false,text/html; charset=utf-8,
en:1827,project,source-url,en,https://www.vonwobeser.com/index.php/publication/p_id-1827.html,200,redireccion-valida,https://www.vonwobeser.com/index.php/publication?p_id=1827,true,text/html; charset=utf-8,
en:1826,official,official-detail,en,https://www.vonwobeser.com/index.php/publication?p_id=1826,200,correcto,https://www.vonwobeser.com/index.php/publication?p_id=1826,false,text/html; charset=utf-8,
en:1826,official,content-link,en,https://www.vonwobeser.com/index.php/lawyer?l=396,200,correcto,https://www.vonwobeser.com/index.php/lawyer?l=396,false,text/html; charset=utf-8,
en:1826,project,source-url,en,https://mitsloanreview.mx/nft-bitcoin-crypto-blockchain/como-prevenir-fraudes-con-criptomonedas/,200,redireccion-valida,https://www.mitsloanreview.mx/nft-bitcoin-crypto-blockchain/como-prevenir-fraudes-con-criptomonedas/,true,text/html; charset=UTF-8,
en:1825,official,official-detail,en,https://www.vonwobeser.com/index.php/publication?p_id=1825,200,correcto,https://www.vonwobeser.com/index.php/publication?p_id=1825,false,text/html; charset=utf-8,
en:1825,official,content-link,en,https://www.vonwobeser.com/index.php/lawyer?l=396,200,correcto,https://www.vonwobeser.com/index.php/lawyer?l=396,false,text/html; charset=utf-8,
en:1825,project,source-url,en,https://www.milenio.com/opinion/ricardo-cacho/columna-ricardo-cacho/las-criptomonedas-y-su-transparente-blockchain,200,correcto,https://www.milenio.com/opinion/ricardo-cacho/columna-ricardo-cacho/las-criptomonedas-y-su-transparente-blockchain,false,text/html; charset=UTF-8,
en:1824,official,official-detail,en,https://www.vonwobeser.com/index.php/publication?p_id=1824,200,correcto,https://www.vonwobeser.com/index.php/publication?p_id=1824,false,text/html; charset=utf-8,
en:1824,official,content-link,en,https://www.vonwobeser.com/index.php/lawyer?l=396,200,correcto,https://www.vonwobeser.com/index.php/lawyer?l=396,false,text/html; charset=utf-8,
en:1824,project,source-url,en,https://www.vonwobeser.com/index.php/publication/p_id-1824.html,200,redireccion-valida,https://www.vonwobeser.com/index.php/publication?p_id=1824,true,text/html; charset=utf-8,
en:1823,official,official-detail,en,https://www.vonwobeser.com/index.php/publication?p_id=1823,200,correcto,https://www.vonwobeser.com/index.php/publication?p_id=1823,false,text/html; charset=utf-8,
en:1823,official,content-link,en,https://www.vonwobeser.com/index.php/lawyer?l=396,200,correcto,https://www.vonwobeser.com/index.php/lawyer?l=396,false,text/html; charset=utf-8,
en:1823,project,source-url,en,https://www.vonwobeser.com/index.php/publication/p_id-1823.html,200,redireccion-valida,https://www.vonwobeser.com/index.php/publication?p_id=1823,true,text/html; charset=utf-8,
en:1822,official,official-detail,en,https://www.vonwobeser.com/index.php/publication?p_id=1822,200,correcto,https://www.vonwobeser.com/index.php/publication?p_id=1822,false,text/html; charset=utf-8,
en:1822,official,content-link,en,https://www.vonwobeser.com/index.php/lawyer?l=396,200,correcto,https://www.vonwobeser.com/index.php/lawyer?l=396,false,text/html; charset=utf-8,
en:1822,project,source-url,en,https://www.vonwobeser.com/index.php/publication/p_id-1822.html,200,redireccion-valida,https://www.vonwobeser.com/index.php/publication?p_id=1822,true,text/html; charset=utf-8,
en:1821,official,official-detail,en,https://www.vonwobeser.com/index.php/publication?p_id=1821,200,correcto,https://www.vonwobeser.com/index.php/publication?p_id=1821,false,text/html; charset=utf-8,
en:1821,official,content-link,en,https://www.vonwobeser.com/index.php/lawyer?l=396,200,correcto,https://www.vonwobeser.com/index.php/lawyer?l=396,false,text/html; charset=utf-8,
en:1821,project,source-url,en,https://www.aranzadilaley.es/tienda/todo-penal-internacional,200,correcto,https://www.aranzadilaley.es/tienda/todo-penal-internacional,false,text/html; charset=utf-8,
en:1820,official,official-detail,en,https://www.vonwobeser.com/index.php/publication?p_id=1820,200,correcto,https://www.vonwobeser.com/index.php/publication?p_id=1820,false,text/html; charset=utf-8,
en:1820,official,content-link,en,https://www.vonwobeser.com/index.php/lawyer?l=396,200,correcto,https://www.vonwobeser.com/index.php/lawyer?l=396,false,text/html; charset=utf-8,
en:1820,project,source-url,en,https://www.milenio.com/opinion/ricardo-cacho/columna-ricardo-cacho/la-evasion-fiscal-una-forma-de-corrupcion,200,correcto,https://www.milenio.com/opinion/ricardo-cacho/columna-ricardo-cacho/la-evasion-fiscal-una-forma-de-corrupcion,false,text/html; charset=UTF-8,
en:1819,official,official-detail,en,https://www.vonwobeser.com/index.php/publication?p_id=1819,200,correcto,https://www.vonwobeser.com/index.php/publication?p_id=1819,false,text/html; charset=utf-8,
en:1819,official,content-link,en,https://www.vonwobeser.com/index.php/lawyer?l=396,200,correcto,https://www.vonwobeser.com/index.php/lawyer?l=396,false,text/html; charset=utf-8,
en:1819,project,source-url,en,https://www.milenio.com/opinion/ricardo-cacho/columna-ricardo-cacho/los-jueces-deben-pensar-en-las-victimas,200,correcto,https://www.milenio.com/opinion/ricardo-cacho/columna-ricardo-cacho/los-jueces-deben-pensar-en-las-victimas,false,text/html; charset=UTF-8,
en:1818,official,official-detail,en,https://www.vonwobeser.com/index.php/publication?p_id=1818,200,correcto,https://www.vonwobeser.com/index.php/publication?p_id=1818,false,text/html; charset=utf-8,
en:1818,official,content-link,en,https://www.vonwobeser.com/index.php/lawyer?l=396,200,correcto,https://www.vonwobeser.com/index.php/lawyer?l=396,false,text/html; charset=utf-8,
en:1818,project,source-url,en,https://www.milenio.com/politica/lee-firmas-milenio-jueves-16-julio,200,correcto,https://www.milenio.com/politica/lee-firmas-milenio-jueves-16-julio,false,text/html; charset=UTF-8,
en:1900,official,official-detail,en,https://www.vonwobeser.com/index.php/publication?p_id=1900,200,correcto,https://www.vonwobeser.com/index.php/publication?p_id=1900,false,text/html; charset=utf-8,
en:1900,official,content-link,en,https://www.vonwobeser.com/index.php/lawyer?l=344,200,correcto,https://www.vonwobeser.com/index.php/lawyer?l=344,false,text/html; charset=utf-8,
en:1900,official,content-link,en,https://eljuegodelacorte.nexos.com.mx/que-culpa-tiene-el-tigre-tono-las-nuevas-reglas-de-publicidad-en-alimentos-preenvasados/,200,correcto,https://eljuegodelacorte.nexos.com.mx/que-culpa-tiene-el-tigre-tono-las-nuevas-reglas-de-publicidad-en-alimentos-preenvasados/,false,text/html; charset=UTF-8,
en:1900,project,source-url,en,https://eljuegodelacorte.nexos.com.mx/que-culpa-tiene-el-tigre-tono-las-nuevas-reglas-de-publicidad-en-alimentos-preenvasados/,200,correcto,https://eljuegodelacorte.nexos.com.mx/que-culpa-tiene-el-tigre-tono-las-nuevas-reglas-de-publicidad-en-alimentos-preenvasados/,false,text/html; charset=UTF-8,
en:1783,official,official-detail,en,https://www.vonwobeser.com/index.php/publication?p_id=1783,200,correcto,https://www.vonwobeser.com/index.php/publication?p_id=1783,false,text/html; charset=utf-8,
en:1783,official,pdf,en,https://www.vonwobeser.com/images/PDF_news/2023/ESG4/23_05_22_MINERIA_ESG_ENG-Pt4-OK.pdf,206,correcto,https://www.vonwobeser.com/images/PDF_news/2023/ESG4/23_05_22_MINERIA_ESG_ENG-Pt4-OK.pdf,false,application/pdf,
en:1783,project,source-url,en,https://www.vonwobeser.com/images/PDF_news/2023/ESG4/23_05_22_MINERIA_ESG_ENG-Pt4-OK.pdf,206,correcto,https://www.vonwobeser.com/images/PDF_news/2023/ESG4/23_05_22_MINERIA_ESG_ENG-Pt4-OK.pdf,false,application/pdf,
en:1782,official,official-detail,en,https://www.vonwobeser.com/index.php/publication?p_id=1782,200,correcto,https://www.vonwobeser.com/index.php/publication?p_id=1782,false,text/html; charset=utf-8,
en:1782,official,pdf,en,https://www.vonwobeser.com/images/PDF_news/2023/vision_combate.pdf,206,correcto,https://www.vonwobeser.com/images/PDF_news/2023/vision_combate.pdf,false,application/pdf,
en:1782,official,content-link,en,https://www.vonwobeser.com/index.php/lawyer?l=195,200,correcto,https://www.vonwobeser.com/index.php/lawyer?l=195,false,text/html; charset=utf-8,
en:1782,project,source-url,en,https://www.vonwobeser.com/images/PDF_news/2023/vision_combate.pdf,206,correcto,https://www.vonwobeser.com/images/PDF_news/2023/vision_combate.pdf,false,application/pdf,
en:1763,official,official-detail,en,https://www.vonwobeser.com/index.php/publication?p_id=1763,200,correcto,https://www.vonwobeser.com/index.php/publication?p_id=1763,false,text/html; charset=utf-8,
en:1763,official,content-link,en,https://www.vonwobeser.com/index.php/lawyer?l=141,200,correcto,https://www.vonwobeser.com/index.php/lawyer?l=141,false,text/html; charset=utf-8,
en:1763,official,content-link,en,https://www.vonwobeser.com/index.php/lawyer?l=160,200,correcto,https://www.vonwobeser.com/index.php/lawyer?l=160,false,text/html; charset=utf-8,
en:1763,official,content-link,en,https://www.vonwobeser.com/index.php/lawyer?l=246,200,correcto,https://www.vonwobeser.com/index.php/lawyer?l=246,false,text/html; charset=utf-8,
en:1763,official,content-link,en,https://vonwobeserysierra.us5.list-manage.com/track/click?u=b054d1d8087ee1d7ab2807780&id=76fb70a373&e=235d3ee136,200,redireccion-valida,https://latinlawyer.com/guide/the-guide-mergers-acquisitions-archived/third-edition/article/indemnity-escrows-and-other-payment-guarantees,true,text/html; charset=utf-8,
en:1755,official,official-detail,en,https://www.vonwobeser.com/index.php/publication?p_id=1755,200,correcto,https://www.vonwobeser.com/index.php/publication?p_id=1755,false,text/html; charset=utf-8,
en:1755,official,content-link,en,https://www.vonwobeser.com/index.php/lawyer?l=175,200,correcto,https://www.vonwobeser.com/index.php/lawyer?l=175,false,text/html; charset=utf-8,
en:1755,official,content-link,en,https://vonwobeserysierra.us5.list-manage.com/track/click?u=b054d1d8087ee1d7ab2807780&id=03c8f69696&e=235d3ee136,200,redireccion-valida,https://globalarbitrationreview.com/insight/know-how/construction-arbitration/report/mexico,true,text/html; charset=utf-8,
en:1747,official,official-detail,en,https://www.vonwobeser.com/index.php/publication?p_id=1747,200,correcto,https://www.vonwobeser.com/index.php/publication?p_id=1747,false,text/html; charset=utf-8,
en:1747,official,pdf,en,https://www.vonwobeser.com/images/PDF_news/2022/22_08_11_ESG_En-la-Industria-Minera-Mexicana-3_ENG.pdf,206,correcto,https://www.vonwobeser.com/images/PDF_news/2022/22_08_11_ESG_En-la-Industria-Minera-Mexicana-3_ENG.pdf,false,application/pdf,
en:1747,official,content-link,en,https://www.vonwobeser.com/index.php/lawyer?l=147,200,correcto,https://www.vonwobeser.com/index.php/lawyer?l=147,false,text/html; charset=utf-8,
en:1747,official,content-link,en,https://www.vonwobeser.com/index.php/lawyer?l=224,200,correcto,https://www.vonwobeser.com/index.php/lawyer?l=224,false,text/html; charset=utf-8,
en:1747,official,content-link,en,https://www.vonwobeser.com/index.php/practice?p=90,200,correcto,https://www.vonwobeser.com/index.php/practice?p=90,false,text/html; charset=utf-8,
en:1747,official,content-link,en,https://www.vonwobeser.com/index.php/publication?p_id=1634,200,correcto,https://www.vonwobeser.com/index.php/publication?p_id=1634,false,text/html; charset=utf-8,
en:1747,official,content-link,en,https://www.vonwobeser.com/index.php/publication?p_id=1717,200,correcto,https://www.vonwobeser.com/index.php/publication?p_id=1717,false,text/html; charset=utf-8,
en:1747,project,source-url,en,https://www.vonwobeser.com/images/PDF_news/2022/22_08_11_ESG_En-la-Industria-Minera-Mexicana-3_ENG.pdf,206,correcto,https://www.vonwobeser.com/images/PDF_news/2022/22_08_11_ESG_En-la-Industria-Minera-Mexicana-3_ENG.pdf,false,application/pdf,
en:1725,official,official-detail,en,https://www.vonwobeser.com/index.php/publication?p_id=1725,200,correcto,https://www.vonwobeser.com/index.php/publication?p_id=1725,false,text/html; charset=utf-8,
en:1725,official,pdf,en,https://www.vonwobeser.com/images/PDF/2022/Preparate_Para_el_Proximo_Cisne1.pdf,206,correcto,https://www.vonwobeser.com/images/PDF/2022/Preparate_Para_el_Proximo_Cisne1.pdf,false,application/pdf,
en:1725,official,content-link,en,https://www.vonwobeser.com/index.php/lawyer?l=323,200,correcto,https://www.vonwobeser.com/index.php/lawyer?l=323,false,text/html; charset=utf-8,
en:1725,project,source-url,en,https://www.vonwobeser.com/images/PDF/2022/Preparate_Para_el_Proximo_Cisne1.pdf,206,correcto,https://www.vonwobeser.com/images/PDF/2022/Preparate_Para_el_Proximo_Cisne1.pdf,false,application/pdf,
en:1717,official,official-detail,en,https://www.vonwobeser.com/index.php/publication?p_id=1717,200,correcto,https://www.vonwobeser.com/index.php/publication?p_id=1717,false,text/html; charset=utf-8,
en:1717,official,pdf,en,https://www.vonwobeser.com/images/PDF_news/2021/21_10_12_MINERIA_ESG_ING.pdf,206,correcto,https://www.vonwobeser.com/images/PDF_news/2021/21_10_12_MINERIA_ESG_ING.pdf,false,application/pdf,
en:1717,official,content-link,en,https://www.vonwobeser.com/index.php/lawyer?l=147,200,correcto,https://www.vonwobeser.com/index.php/lawyer?l=147,false,text/html; charset=utf-8,
en:1717,official,content-link,en,https://www.vonwobeser.com/index.php/lawyer?l=224,200,correcto,https://www.vonwobeser.com/index.php/lawyer?l=224,false,text/html; charset=utf-8,
en:1717,official,content-link,en,https://www.vonwobeser.com/index.php/practice?p=90,200,correcto,https://www.vonwobeser.com/index.php/practice?p=90,false,text/html; charset=utf-8,
en:1717,project,source-url,en,https://www.vonwobeser.com/images/PDF_news/2021/21_10_12_MINERIA_ESG_ING.pdf,206,correcto,https://www.vonwobeser.com/images/PDF_news/2021/21_10_12_MINERIA_ESG_ING.pdf,false,application/pdf,
en:1700,official,official-detail,en,https://www.vonwobeser.com/index.php/publication?p_id=1700,200,correcto,https://www.vonwobeser.com/index.php/publication?p_id=1700,false,text/html; charset=utf-8,
en:1700,official,pdf,en,https://www.vonwobeser.com/images/PDF_news/2022/Tu-negocio-contribuye-a-cambiar-el-mundo_-Considera-una-perspectiva-ESG.pdf,206,correcto,https://www.vonwobeser.com/images/PDF_news/2022/Tu-negocio-contribuye-a-cambiar-el-mundo_-Considera-una-perspectiva-ESG.pdf,false,application/pdf,
en:1700,official,content-link,en,https://www.vonwobeser.com/index.php/lawyer?l=323,200,correcto,https://www.vonwobeser.com/index.php/lawyer?l=323,false,text/html; charset=utf-8,
en:1700,official,content-link,en,https://www.vonwobeser.com/index.php/practice?p=90,200,correcto,https://www.vonwobeser.com/index.php/practice?p=90,false,text/html; charset=utf-8,
en:1700,official,content-link,en,https://expansion.mx/opinion/2022/01/03/negocio-contribuya-cambiar-el-mundo,200,correcto,https://expansion.mx/opinion/2022/01/03/negocio-contribuya-cambiar-el-mundo,false,text/html;charset=UTF-8,
en:1700,project,source-url,en,https://expansion.mx/opinion/2022/01/03/negocio-contribuya-cambiar-el-mundo,200,correcto,https://expansion.mx/opinion/2022/01/03/negocio-contribuya-cambiar-el-mundo,false,text/html;charset=UTF-8,
en:1692,official,official-detail,en,https://www.vonwobeser.com/index.php/publication?p_id=1692,200,correcto,https://www.vonwobeser.com/index.php/publication?p_id=1692,false,text/html; charset=utf-8,
en:1692,official,pdf,en,https://www.vonwobeser.com/images/PDF_news/2022/Have_Your_ESG_Team_on_Speed_Dial.pdf,206,correcto,https://www.vonwobeser.com/images/PDF_news/2022/Have_Your_ESG_Team_on_Speed_Dial.pdf,false,application/pdf,
en:1692,official,content-link,en,https://www.vonwobeser.com/index.php/lawyer?l=141,200,correcto,https://www.vonwobeser.com/index.php/lawyer?l=141,false,text/html; charset=utf-8,
en:1692,official,content-link,en,https://www.vonwobeser.com/index.php/lawyer?l=323,200,correcto,https://www.vonwobeser.com/index.php/lawyer?l=323,false,text/html; charset=utf-8,
en:1692,official,content-link,en,https://www.vonwobeser.com/index.php/practice?p=90,200,correcto,https://www.vonwobeser.com/index.php/practice?p=90,false,text/html; charset=utf-8,
en:1692,official,content-link,en,https://vonwobeserysierra.us5.list-manage.com/track/click?u=b054d1d8087ee1d7ab2807780&id=1898454c00&e=235d3ee136,206,redireccion-valida,https://www.vonwobeser.com/images/PDF_news/2022/Have_Your_ESG_Team_on_Speed_Dial.pdf,true,application/pdf,
en:1693,official,official-detail,en,https://www.vonwobeser.com/index.php/publication?p_id=1693,200,correcto,https://www.vonwobeser.com/index.php/publication?p_id=1693,false,text/html; charset=utf-8,
en:1693,official,pdf,en,https://www.vonwobeser.com/images/PDF_news/2022/Fort-Dearborn-Multi-Color-Corporation-merge-to-form-worlds-largest-label-supplier---Leaders-League.pdf,206,correcto,https://www.vonwobeser.com/images/PDF_news/2022/Fort-Dearborn-Multi-Color-Corporation-merge-to-form-worlds-largest-label-supplier---Leaders-League.pdf,false,application/pdf,
en:1693,official,content-link,en,https://www.vonwobeser.com/index.php/lawyer?l=141,200,correcto,https://www.vonwobeser.com/index.php/lawyer?l=141,false,text/html; charset=utf-8,
en:1682,official,official-detail,en,https://www.vonwobeser.com/index.php/publication?p_id=1682,200,correcto,https://www.vonwobeser.com/index.php/publication?p_id=1682,false,text/html; charset=utf-8,
en:1682,official,pdf,en,https://www.vonwobeser.com/images/PDF_news/2021/21_12_17_DERECHOS_FUNDAMENTALES_ESG_ING.pdf,206,correcto,https://www.vonwobeser.com/images/PDF_news/2021/21_12_17_DERECHOS_FUNDAMENTALES_ESG_ING.pdf,false,application/pdf,
en:1682,official,content-link,en,https://www.vonwobeser.com/index.php/lawyer?l=148,200,correcto,https://www.vonwobeser.com/index.php/lawyer?l=148,false,text/html; charset=utf-8,
en:1682,official,content-link,en,https://www.vonwobeser.com/index.php/lawyer?l=155,200,correcto,https://www.vonwobeser.com/index.php/lawyer?l=155,false,text/html; charset=utf-8,
en:1682,official,content-link,en,https://www.vonwobeser.com/index.php/practice?p=90,200,correcto,https://www.vonwobeser.com/index.php/practice?p=90,false,text/html; charset=utf-8,
en:1678,official,official-detail,en,https://www.vonwobeser.com/index.php/publication?p_id=1678,200,correcto,https://www.vonwobeser.com/index.php/publication?p_id=1678,false,text/html; charset=utf-8,
en:1678,official,pdf,en,https://www.vonwobeser.com/images/PDF_news/2021/21_12_10_AUTONOMIA_ENERGETICA_ESG_ING.pdf,206,correcto,https://www.vonwobeser.com/images/PDF_news/2021/21_12_10_AUTONOMIA_ENERGETICA_ESG_ING.pdf,false,application/pdf,
en:1678,official,content-link,en,https://www.vonwobeser.com/index.php/lawyer?l=148,200,correcto,https://www.vonwobeser.com/index.php/lawyer?l=148,false,text/html; charset=utf-8,
en:1678,official,content-link,en,https://www.vonwobeser.com/index.php/lawyer?l=155,200,correcto,https://www.vonwobeser.com/index.php/lawyer?l=155,false,text/html; charset=utf-8,
en:1678,official,content-link,en,https://www.vonwobeser.com/index.php/lawyer?l=296,200,correcto,https://www.vonwobeser.com/index.php/lawyer?l=296,false,text/html; charset=utf-8,
en:1678,official,content-link,en,https://www.vonwobeser.com/index.php/practice?p=90,200,correcto,https://www.vonwobeser.com/index.php/practice?p=90,false,text/html; charset=utf-8,
en:1675,official,official-detail,en,https://www.vonwobeser.com/index.php/publication?p_id=1675,200,correcto,https://www.vonwobeser.com/index.php/publication?p_id=1675,false,text/html; charset=utf-8,
en:1675,official,content-link,en,https://www.vonwobeser.com/index.php/lawyer?l=323,200,correcto,https://www.vonwobeser.com/index.php/lawyer?l=323,false,text/html; charset=utf-8,
en:1675,official,content-link,en,https://expansion.mx/opinion/2021/12/07/competencia-economica-detonante-iniciativas-sustentables,200,correcto,https://expansion.mx/opinion/2021/12/07/competencia-economica-detonante-iniciativas-sustentables,false,text/html;charset=UTF-8,
en:1670,official,official-detail,en,https://www.vonwobeser.com/index.php/publication?p_id=1670,200,correcto,https://www.vonwobeser.com/index.php/publication?p_id=1670,false,text/html; charset=utf-8,
en:1670,official,pdf,en,https://www.vonwobeser.com/images/PDF_news/2021/21_12_02_MLRR_ESG_ING.pdf,206,correcto,https://www.vonwobeser.com/images/PDF_news/2021/21_12_02_MLRR_ESG_ING.pdf,false,application/pdf,
en:1670,official,content-link,en,https://www.vonwobeser.com/index.php/lawyer?l=143,200,correcto,https://www.vonwobeser.com/index.php/lawyer?l=143,false,text/html; charset=utf-8,
en:1670,official,content-link,en,https://www.vonwobeser.com/index.php/practice?p=90,200,correcto,https://www.vonwobeser.com/index.php/practice?p=90,false,text/html; charset=utf-8,
en:1694,official,official-detail,en,https://www.vonwobeser.com/index.php/publication?p_id=1694,200,correcto,https://www.vonwobeser.com/index.php/publication?p_id=1694,false,text/html; charset=utf-8,
en:1694,official,content-link,en,https://www.vonwobeser.com/index.php/lawyer?l=145,200,correcto,https://www.vonwobeser.com/index.php/lawyer?l=145,false,text/html; charset=utf-8,
en:1662,official,official-detail,en,https://www.vonwobeser.com/index.php/publication?p_id=1662,200,correcto,https://www.vonwobeser.com/index.php/publication?p_id=1662,false,text/html; charset=utf-8,
en:1662,official,pdf,en,https://www.vonwobeser.com/images/PDF_news/2021/21_11_25_SUMINISTRO_ESG_ING.pdf,206,correcto,https://www.vonwobeser.com/images/PDF_news/2021/21_11_25_SUMINISTRO_ESG_ING.pdf,false,application/pdf,
en:1662,official,content-link,en,https://www.vonwobeser.com/index.php/lawyer?l=144,200,correcto,https://www.vonwobeser.com/index.php/lawyer?l=144,false,text/html; charset=utf-8,
en:1662,official,content-link,en,https://www.vonwobeser.com/index.php/practice?p=90,200,correcto,https://www.vonwobeser.com/index.php/practice?p=90,false,text/html; charset=utf-8,
en:1654,official,official-detail,en,https://www.vonwobeser.com/index.php/publication?p_id=1654,200,correcto,https://www.vonwobeser.com/index.php/publication?p_id=1654,false,text/html; charset=utf-8,
en:1654,official,pdf,en,https://www.vonwobeser.com/images/PDF_news/2021/21_11_17_PRIVACIDAD_ESG_ING.pdf,206,correcto,https://www.vonwobeser.com/images/PDF_news/2021/21_11_17_PRIVACIDAD_ESG_ING.pdf,false,application/pdf,
en:1654,official,content-link,en,https://www.vonwobeser.com/index.php/lawyer?l=141,200,correcto,https://www.vonwobeser.com/index.php/lawyer?l=141,false,text/html; charset=utf-8,
en:1654,official,content-link,en,https://www.vonwobeser.com/index.php/lawyer?l=178,200,correcto,https://www.vonwobeser.com/index.php/lawyer?l=178,false,text/html; charset=utf-8,
en:1654,official,content-link,en,https://www.vonwobeser.com/index.php/practice?p=90,200,correcto,https://www.vonwobeser.com/index.php/practice?p=90,false,text/html; charset=utf-8,
en:1650,official,official-detail,en,https://www.vonwobeser.com/index.php/publication?p_id=1650,200,correcto,https://www.vonwobeser.com/index.php/publication?p_id=1650,false,text/html; charset=utf-8,
en:1650,official,pdf,en,https://www.vonwobeser.com/images/PDF_news/2021/21_11_12_ARBITRAJE_ESG_ING.pdf,206,correcto,https://www.vonwobeser.com/images/PDF_news/2021/21_11_12_ARBITRAJE_ESG_ING.pdf,false,application/pdf,
en:1650,official,content-link,en,https://www.vonwobeser.com/index.php/lawyer?l=175,200,correcto,https://www.vonwobeser.com/index.php/lawyer?l=175,false,text/html; charset=utf-8,
en:1650,official,content-link,en,https://www.vonwobeser.com/index.php/practice?p=90,200,correcto,https://www.vonwobeser.com/index.php/practice?p=90,false,text/html; charset=utf-8,
en:1650,project,source-url,en,https://www.vonwobeser.com/images/PDF_news/2021/21_11_12_ARBITRAJE_ESG_ING.pdf,206,correcto,https://www.vonwobeser.com/images/PDF_news/2021/21_11_12_ARBITRAJE_ESG_ING.pdf,false,application/pdf,
en:1648,official,official-detail,en,https://www.vonwobeser.com/index.php/publication?p_id=1648,200,correcto,https://www.vonwobeser.com/index.php/publication?p_id=1648,false,text/html; charset=utf-8,
en:1648,official,pdf,en,https://www.vonwobeser.com/images/PDF_news/2021/21_11_03_EMISIONES_ESG_ING.pdf,206,correcto,https://www.vonwobeser.com/images/PDF_news/2021/21_11_03_EMISIONES_ESG_ING.pdf,false,application/pdf,
en:1648,official,content-link,en,https://www.vonwobeser.com/index.php/lawyer?l=147,200,correcto,https://www.vonwobeser.com/index.php/lawyer?l=147,false,text/html; charset=utf-8,
en:1648,official,content-link,en,https://www.vonwobeser.com/index.php/practice?p=90,200,correcto,https://www.vonwobeser.com/index.php/practice?p=90,false,text/html; charset=utf-8,
en:1646,official,official-detail,en,https://www.vonwobeser.com/index.php/publication?p_id=1646,200,correcto,https://www.vonwobeser.com/index.php/publication?p_id=1646,false,text/html; charset=utf-8,
en:1646,official,pdf,en,https://www.vonwobeser.com/images/PDF_news/2021/21_10_26_ANTI_CORRUPTION_ESG_ING.pdf,206,correcto,https://www.vonwobeser.com/images/PDF_news/2021/21_10_26_ANTI_CORRUPTION_ESG_ING.pdf,false,application/pdf,
en:1646,official,content-link,en,https://www.vonwobeser.com/index.php/lawyer?l=149,200,correcto,https://www.vonwobeser.com/index.php/lawyer?l=149,false,text/html; charset=utf-8,
en:1646,official,content-link,en,https://www.vonwobeser.com/index.php/lawyer?l=195,200,correcto,https://www.vonwobeser.com/index.php/lawyer?l=195,false,text/html; charset=utf-8,
en:1646,official,content-link,en,https://www.vonwobeser.com/index.php/practice?p=90,200,correcto,https://www.vonwobeser.com/index.php/practice?p=90,false,text/html; charset=utf-8,
en:1641,official,official-detail,en,https://www.vonwobeser.com/index.php/publication?p_id=1641,200,correcto,https://www.vonwobeser.com/index.php/publication?p_id=1641,false,text/html; charset=utf-8,
en:1641,official,pdf,en,https://www.vonwobeser.com/images/PDF_news/2021/21_10_19_STRESS_ESG_ING.pdf,206,correcto,https://www.vonwobeser.com/images/PDF_news/2021/21_10_19_STRESS_ESG_ING.pdf,false,application/pdf,
en:1641,official,content-link,en,https://www.vonwobeser.com/index.php/practice?p=90,200,correcto,https://www.vonwobeser.com/index.php/practice?p=90,false,text/html; charset=utf-8,
en:1638,official,official-detail,en,https://www.vonwobeser.com/index.php/publication?p_id=1638,200,correcto,https://www.vonwobeser.com/index.php/publication?p_id=1638,false,text/html; charset=utf-8,
en:1638,official,pdf,en,https://www.vonwobeser.com/images/PDF_news/2021/21_10_14_REGULACION_ESG_ING.pdf,206,correcto,https://www.vonwobeser.com/images/PDF_news/2021/21_10_14_REGULACION_ESG_ING.pdf,false,application/pdf,
en:1638,official,content-link,en,https://www.vonwobeser.com/index.php/lawyer?l=145,200,correcto,https://www.vonwobeser.com/index.php/lawyer?l=145,false,text/html; charset=utf-8,
en:1638,official,content-link,en,https://www.vonwobeser.com/index.php/lawyer?l=179,200,correcto,https://www.vonwobeser.com/index.php/lawyer?l=179,false,text/html; charset=utf-8,
en:1638,official,content-link,en,https://www.vonwobeser.com/index.php/lawyer?l=291,200,correcto,https://www.vonwobeser.com/index.php/lawyer?l=291,false,text/html; charset=utf-8,
en:1638,official,content-link,en,https://www.vonwobeser.com/index.php/practice?p=90,200,correcto,https://www.vonwobeser.com/index.php/practice?p=90,false,text/html; charset=utf-8,
en:1634,official,official-detail,en,https://www.vonwobeser.com/index.php/publication?p_id=1634,200,correcto,https://www.vonwobeser.com/index.php/publication?p_id=1634,false,text/html; charset=utf-8,
en:1634,official,pdf,en,https://www.vonwobeser.com/images/PDF_news/2021/21_10_12_MINERIA_ESG_ING.pdf,206,correcto,https://www.vonwobeser.com/images/PDF_news/2021/21_10_12_MINERIA_ESG_ING.pdf,false,application/pdf,
en:1634,official,content-link,en,https://www.vonwobeser.com/index.php/lawyer?l=147,200,correcto,https://www.vonwobeser.com/index.php/lawyer?l=147,false,text/html; charset=utf-8,
en:1634,official,content-link,en,https://www.vonwobeser.com/index.php/lawyer?l=224,200,correcto,https://www.vonwobeser.com/index.php/lawyer?l=224,false,text/html; charset=utf-8,
en:1634,official,content-link,en,https://www.vonwobeser.com/index.php/practice?p=90,200,correcto,https://www.vonwobeser.com/index.php/practice?p=90,false,text/html; charset=utf-8,
en:1634,project,source-url,en,https://www.vonwobeser.com/images/PDF_news/2021/21_10_12_MINERIA_ESG_ING.pdf,206,correcto,https://www.vonwobeser.com/images/PDF_news/2021/21_10_12_MINERIA_ESG_ING.pdf,false,application/pdf,
en:1632,official,official-detail,en,https://www.vonwobeser.com/index.php/publication?p_id=1632,200,correcto,https://www.vonwobeser.com/index.php/publication?p_id=1632,false,text/html; charset=utf-8,
en:1632,official,pdf,en,https://www.vonwobeser.com/images/PDF_news/2021/21_10_08_IMPLICACIONES_ESG_ING.pdf,206,correcto,https://www.vonwobeser.com/images/PDF_news/2021/21_10_08_IMPLICACIONES_ESG_ING.pdf,false,application/pdf,
en:1632,official,content-link,en,https://www.vonwobeser.com/index.php/lawyer?l=141,200,correcto,https://www.vonwobeser.com/index.php/lawyer?l=141,false,text/html; charset=utf-8,
en:1632,official,content-link,en,https://www.vonwobeser.com/index.php/lawyer?l=178,200,correcto,https://www.vonwobeser.com/index.php/lawyer?l=178,false,text/html; charset=utf-8,
en:1632,official,content-link,en,https://www.vonwobeser.com/index.php/lawyer?l=246,200,correcto,https://www.vonwobeser.com/index.php/lawyer?l=246,false,text/html; charset=utf-8,
en:1632,official,content-link,en,https://www.vonwobeser.com/index.php/practice?p=90,200,correcto,https://www.vonwobeser.com/index.php/practice?p=90,false,text/html; charset=utf-8,
en:1508,official,official-detail,en,https://www.vonwobeser.com/index.php/publication?p_id=1508,200,correcto,https://www.vonwobeser.com/index.php/publication?p_id=1508,false,text/html; charset=utf-8,
en:1508,official,pdf,en,https://www.vonwobeser.com/images/PDF_news/2021/20-Mexico-Overview.pdf,206,correcto,https://www.vonwobeser.com/images/PDF_news/2021/20-Mexico-Overview.pdf,false,application/pdf,
en:1508,official,content-link,en,https://www.vonwobeser.com/index.php/lawyer?l=145,200,correcto,https://www.vonwobeser.com/index.php/lawyer?l=145,false,text/html; charset=utf-8,
en:1508,official,content-link,en,https://www.vonwobeser.com/index.php/practice?p=47,200,correcto,https://www.vonwobeser.com/index.php/practice?p=47,false,text/html; charset=utf-8,
en:1506,official,official-detail,en,https://www.vonwobeser.com/index.php/publication?p_id=1506,200,correcto,https://www.vonwobeser.com/index.php/publication?p_id=1506,false,text/html; charset=utf-8,
en:1506,official,pdf,en,https://www.vonwobeser.com/images/PDF_news/2021/25-Mexico-QA.pdf,206,correcto,https://www.vonwobeser.com/images/PDF_news/2021/25-Mexico-QA.pdf,false,application/pdf,
en:1506,official,content-link,en,https://www.vonwobeser.com/index.php/lawyer?l=145,200,correcto,https://www.vonwobeser.com/index.php/lawyer?l=145,false,text/html; charset=utf-8,
en:1506,official,content-link,en,https://www.vonwobeser.com/index.php/practice?p=47,200,correcto,https://www.vonwobeser.com/index.php/practice?p=47,false,text/html; charset=utf-8,
en:1504,official,official-detail,en,https://www.vonwobeser.com/index.php/publication?p_id=1504,200,correcto,https://www.vonwobeser.com/index.php/publication?p_id=1504,false,text/html; charset=utf-8,
en:1504,official,pdf,en,https://www.vonwobeser.com/images/PDF_news/2021/14-_-Indemnity-Escrows-and--Other-Payment-Guarantees.pdf,206,correcto,https://www.vonwobeser.com/images/PDF_news/2021/14-_-Indemnity-Escrows-and--Other-Payment-Guarantees.pdf,false,application/pdf,
en:1478,official,official-detail,en,https://www.vonwobeser.com/index.php/publication?p_id=1478,200,correcto,https://www.vonwobeser.com/index.php/publication?p_id=1478,false,text/html; charset=utf-8,
en:1478,official,pdf,en,https://www.vonwobeser.com/images/PDF_news/2021/035_MEXICO-LP.pdf,206,correcto,https://www.vonwobeser.com/images/PDF_news/2021/035_MEXICO-LP.pdf,false,application/pdf,
en:1462,official,official-detail,en,https://www.vonwobeser.com/index.php/publication?p_id=1462,200,correcto,https://www.vonwobeser.com/index.php/publication?p_id=1462,false,text/html; charset=utf-8,
en:1462,official,pdf,en,https://www.vonwobeser.com/images/PDF_news/2020_2/IBA---The-next-wave-of-ISDS-ca-ses-could-be-powered-by-recent-policy-changes-in-the-renewable-energy-sector-in-Mexico.pdf,206,correcto,https://www.vonwobeser.com/images/PDF_news/2020_2/IBA---The-next-wave-of-ISDS-ca-ses-could-be-powered-by-recent-policy-changes-in-the-renewable-energy-sector-in-Mexico.pdf,false,application/pdf,
en:1460,official,official-detail,en,https://www.vonwobeser.com/index.php/publication?p_id=1460,200,correcto,https://www.vonwobeser.com/index.php/publication?p_id=1460,false,text/html; charset=utf-8,
en:1460,official,pdf,en,https://www.vonwobeser.com/images/PDF_news/2020_2/2020_MI-Private-Equity_Mexico.pdf,206,correcto,https://www.vonwobeser.com/images/PDF_news/2020_2/2020_MI-Private-Equity_Mexico.pdf,false,application/pdf,
en:1448,official,official-detail,en,https://www.vonwobeser.com/index.php/publication?p_id=1448,200,correcto,https://www.vonwobeser.com/index.php/publication?p_id=1448,false,text/html; charset=utf-8,
en:1448,official,pdf,en,https://www.vonwobeser.com/images/PDF_news/2020_2/LL_Litigation-2021_MX.pdf,206,correcto,https://www.vonwobeser.com/images/PDF_news/2020_2/LL_Litigation-2021_MX.pdf,false,application/pdf,
en:1449,official,official-detail,en,https://www.vonwobeser.com/index.php/publication?p_id=1449,200,correcto,https://www.vonwobeser.com/index.php/publication?p_id=1449,false,text/html; charset=utf-8,
en:1449,official,pdf,en,https://www.vonwobeser.com/images/PDF_news/2020_2/IRInov2020edit.pdf,206,correcto,https://www.vonwobeser.com/images/PDF_news/2020_2/IRInov2020edit.pdf,false,application/pdf,
en:1458,official,official-detail,en,https://www.vonwobeser.com/index.php/publication?p_id=1458,200,correcto,https://www.vonwobeser.com/index.php/publication?p_id=1458,false,text/html; charset=utf-8,
en:1458,official,pdf,en,https://www.vonwobeser.com/images/PDF_news/2020_2/ITA-2020---Mexico.pdf,206,correcto,https://www.vonwobeser.com/images/PDF_news/2020_2/ITA-2020---Mexico.pdf,false,application/pdf,
en:1338,official,official-detail,en,https://www.vonwobeser.com/index.php/publication?p_id=1338,200,correcto,https://www.vonwobeser.com/index.php/publication?p_id=1338,false,text/html; charset=utf-8,
en:1338,official,pdf,en,https://www.vonwobeser.com/images/PDF_news/2020_2/GAR_Commercial-Arbitration_2020_MX.pdf,206,correcto,https://www.vonwobeser.com/images/PDF_news/2020_2/GAR_Commercial-Arbitration_2020_MX.pdf,false,application/pdf,
en:1325,official,official-detail,en,https://www.vonwobeser.com/index.php/publication?p_id=1325,200,correcto,https://www.vonwobeser.com/index.php/publication?p_id=1325,false,text/html; charset=utf-8,
en:1325,official,pdf,en,https://www.vonwobeser.com/images/PDF/2020/8-How-to-Conduct-Internal-Investigations_v2020.pdf,206,correcto,https://www.vonwobeser.com/images/PDF/2020/8-How-to-Conduct-Internal-Investigations_v2020.pdf,false,application/pdf,
en:1287,official,official-detail,en,https://www.vonwobeser.com/index.php/publication?p_id=1287,200,correcto,https://www.vonwobeser.com/index.php/publication?p_id=1287,false,text/html; charset=utf-8,
en:1287,official,pdf,en,https://www.vonwobeser.com/images/PDF/2020/202005_ABA_Issue57vf_EG.pdf,206,correcto,https://www.vonwobeser.com/images/PDF/2020/202005_ABA_Issue57vf_EG.pdf,false,application/pdf,
en:1150,official,official-detail,en,https://www.vonwobeser.com/index.php/publication?p_id=1150,200,correcto,https://www.vonwobeser.com/index.php/publication?p_id=1150,false,text/html; charset=utf-8,
en:1150,official,pdf,en,https://www.vonwobeser.com/images/PDF_news/PDF_articles/2020/ITA---Mexico.pdf,206,correcto,https://www.vonwobeser.com/images/PDF_news/PDF_articles/2020/ITA---Mexico.pdf,false,application/pdf,
en:1144,official,official-detail,en,https://www.vonwobeser.com/index.php/publication?p_id=1144,200,correcto,https://www.vonwobeser.com/index.php/publication?p_id=1144,false,text/html; charset=utf-8,
en:1144,official,pdf,en,https://www.vonwobeser.com/images/PDF_news/2020/Mexico-1.pdf,206,correcto,https://www.vonwobeser.com/images/PDF_news/2020/Mexico-1.pdf,false,application/pdf,
en:1570,official,official-detail,en,https://www.vonwobeser.com/index.php/publication?p_id=1570,200,correcto,https://www.vonwobeser.com/index.php/publication?p_id=1570,false,text/html; charset=utf-8,
en:1570,official,pdf,en,https://www.vonwobeser.com/images/PDF_news/PDF_articles/2021/5-Latin-Lawyer.pdf,206,correcto,https://www.vonwobeser.com/images/PDF_news/PDF_articles/2021/5-Latin-Lawyer.pdf,false,application/pdf,
en:1570,official,content-link,en,https://www.vonwobeser.com/index.php/lawyer?l=323,200,correcto,https://www.vonwobeser.com/index.php/lawyer?l=323,false,text/html; charset=utf-8,
en:1034,official,official-detail,en,https://www.vonwobeser.com/index.php/publication?p_id=1034,200,correcto,https://www.vonwobeser.com/index.php/publication?p_id=1034,false,text/html; charset=utf-8,
en:1034,official,pdf,en,https://www.vonwobeser.com/images/PDF_news/PDF_articles/2018/The-Restructuring-Review-of-the-Americas--Mexico-2019.pdf,206,correcto,https://www.vonwobeser.com/images/PDF_news/PDF_articles/2018/The-Restructuring-Review-of-the-Americas--Mexico-2019.pdf,false,application/pdf,
en:1034,official,content-link,en,https://www.vonwobeser.com/index.php/lawyer?l=149,200,correcto,https://www.vonwobeser.com/index.php/lawyer?l=149,false,text/html; charset=utf-8,
en:1034,official,content-link,en,https://www.vonwobeser.com/index.php/practice?p=15,200,correcto,https://www.vonwobeser.com/index.php/practice?p=15,false,text/html; charset=utf-8,
en:1039,official,official-detail,en,https://www.vonwobeser.com/index.php/publication?p_id=1039,200,correcto,https://www.vonwobeser.com/index.php/publication?p_id=1039,false,text/html; charset=utf-8,
en:1039,official,pdf,en,https://www.vonwobeser.com/images/PDF_news/PDF_articles/2018/Mexico-GTDT-Market-Intelligence--Private-Equity-2018.pdf,206,correcto,https://www.vonwobeser.com/images/PDF_news/PDF_articles/2018/Mexico-GTDT-Market-Intelligence--Private-Equity-2018.pdf,false,application/pdf,
en:1039,official,content-link,en,https://www.vonwobeser.com/index.php/lawyer?l=141,200,correcto,https://www.vonwobeser.com/index.php/lawyer?l=141,false,text/html; charset=utf-8,
en:1012,official,official-detail,en,https://www.vonwobeser.com/index.php/publication?p_id=1012,200,correcto,https://www.vonwobeser.com/index.php/publication?p_id=1012,false,text/html; charset=utf-8,
en:1012,official,pdf,en,https://www.vonwobeser.com/images/PDF_news/PDF_articles/2018/LL_Litigation-2019_MX.pdf,206,correcto,https://www.vonwobeser.com/images/PDF_news/PDF_articles/2018/LL_Litigation-2019_MX.pdf,false,application/pdf,
en:1012,official,content-link,en,https://www.vonwobeser.com/index.php/lawyer?l=148,200,correcto,https://www.vonwobeser.com/index.php/lawyer?l=148,false,text/html; charset=utf-8,
en:1012,official,content-link,en,https://www.vonwobeser.com/index.php/lawyer?l=149,200,correcto,https://www.vonwobeser.com/index.php/lawyer?l=149,false,text/html; charset=utf-8,
en:1012,official,content-link,en,https://www.vonwobeser.com/index.php/practice?p=28,200,correcto,https://www.vonwobeser.com/index.php/practice?p=28,false,text/html; charset=utf-8,
en:987,official,official-detail,en,https://www.vonwobeser.com/index.php/publication?p_id=987,200,correcto,https://www.vonwobeser.com/index.php/publication?p_id=987,false,text/html; charset=utf-8,
en:987,official,pdf,en,https://www.vonwobeser.com/images/PDF_news/PDF_articles/2018/La-Competencia-Econmica-en-el-programa-de-Compliance-FC.pdf,206,correcto,https://www.vonwobeser.com/images/PDF_news/PDF_articles/2018/La-Competencia-Econmica-en-el-programa-de-Compliance-FC.pdf,false,application/pdf,
en:987,official,content-link,en,https://www.vonwobeser.com/index.php/lawyer?l=145,200,correcto,https://www.vonwobeser.com/index.php/lawyer?l=145,false,text/html; charset=utf-8,
en:987,official,content-link,en,https://www.vonwobeser.com/index.php/practice?p=5,200,correcto,https://www.vonwobeser.com/index.php/practice?p=5,false,text/html; charset=utf-8,
en:987,official,content-link,en,https://www.vonwobeser.com/index.php/practice?p=14,200,correcto,https://www.vonwobeser.com/index.php/practice?p=14,false,text/html; charset=utf-8,
en:974,official,official-detail,en,https://www.vonwobeser.com/index.php/publication?p_id=974,200,correcto,https://www.vonwobeser.com/index.php/publication?p_id=974,false,text/html; charset=utf-8,
en:974,official,pdf,en,https://www.vonwobeser.com/images/PDF_news/PDF_articles/2018/LPS2018Mexico.pdf,206,correcto,https://www.vonwobeser.com/images/PDF_news/PDF_articles/2018/LPS2018Mexico.pdf,false,application/pdf,
en:974,official,content-link,en,https://www.vonwobeser.com/index.php/lawyer?l=149,200,correcto,https://www.vonwobeser.com/index.php/lawyer?l=149,false,text/html; charset=utf-8,
en:974,official,content-link,en,https://www.vonwobeser.com/index.php/lawyer?l=165,200,correcto,https://www.vonwobeser.com/index.php/lawyer?l=165,false,text/html; charset=utf-8,
en:954,official,official-detail,en,https://www.vonwobeser.com/index.php/publication?p_id=954,200,correcto,https://www.vonwobeser.com/index.php/publication?p_id=954,false,text/html; charset=utf-8,
en:954,official,pdf,en,https://www.vonwobeser.com/images/PDF_news/PDF_articles/2018/Educational-Institutions-Mexico-Chapter--Silverio-Sandate.pdf,206,correcto,https://www.vonwobeser.com/images/PDF_news/PDF_articles/2018/Educational-Institutions-Mexico-Chapter--Silverio-Sandate.pdf,false,application/pdf,
en:915,official,official-detail,en,https://www.vonwobeser.com/index.php/publication?p_id=915,200,correcto,https://www.vonwobeser.com/index.php/publication?p_id=915,false,text/html; charset=utf-8,
en:915,official,pdf,en,https://www.vonwobeser.com/images/PDF_news/PDF_articles/2018/The-Private-Equity-Review-Mexico-Chapter--Investing.pdf,206,correcto,https://www.vonwobeser.com/images/PDF_news/PDF_articles/2018/The-Private-Equity-Review-Mexico-Chapter--Investing.pdf,false,application/pdf,
en:872,official,official-detail,en,https://www.vonwobeser.com/index.php/publication?p_id=872,200,correcto,https://www.vonwobeser.com/index.php/publication?p_id=872,false,text/html; charset=utf-8,
en:872,official,pdf,en,https://www.vonwobeser.com/images/PDF_news/PDF_articles/2018/017_MEXICO-TD.pdf,206,correcto,https://www.vonwobeser.com/images/PDF_news/PDF_articles/2018/017_MEXICO-TD.pdf,false,application/pdf,
en:872,official,content-link,en,https://www.vonwobeser.com/index.php/lawyer?l=149,200,correcto,https://www.vonwobeser.com/index.php/lawyer?l=149,false,text/html; charset=utf-8,
en:872,official,content-link,en,https://www.vonwobeser.com/index.php/lawyer?l=165,200,correcto,https://www.vonwobeser.com/index.php/lawyer?l=165,false,text/html; charset=utf-8,
en:863,official,official-detail,en,https://www.vonwobeser.com/index.php/publication?p_id=863,200,correcto,https://www.vonwobeser.com/index.php/publication?p_id=863,false,text/html; charset=utf-8,
en:863,official,pdf,en,https://www.vonwobeser.com/images/PDF_news/PDF_articles/2017/Class-Actions-2018Mexico.pdf,206,correcto,https://www.vonwobeser.com/images/PDF_news/PDF_articles/2017/Class-Actions-2018Mexico.pdf,false,application/pdf,
en:863,official,content-link,en,https://www.vonwobeser.com/index.php/lawyer?l=148,200,correcto,https://www.vonwobeser.com/index.php/lawyer?l=148,false,text/html; charset=utf-8,
en:847,official,official-detail,en,https://www.vonwobeser.com/index.php/publication?p_id=847,200,correcto,https://www.vonwobeser.com/index.php/publication?p_id=847,false,text/html; charset=utf-8,
en:847,official,pdf,en,https://www.vonwobeser.com/images/PDF_news/PDF_articles/2017/GTDT-Market-Intelligence--Private-Equity--Volume-4-Issue-6.pdf,206,correcto,https://www.vonwobeser.com/images/PDF_news/PDF_articles/2017/GTDT-Market-Intelligence--Private-Equity--Volume-4-Issue-6.pdf,false,application/pdf,
en:847,official,content-link,en,https://www.vonwobeser.com/index.php/lawyer?l=141,200,correcto,https://www.vonwobeser.com/index.php/lawyer?l=141,false,text/html; charset=utf-8,
en:804,official,official-detail,en,https://www.vonwobeser.com/index.php/publication?p_id=804,200,correcto,https://www.vonwobeser.com/index.php/publication?p_id=804,false,text/html; charset=utf-8,
en:804,official,pdf,en,https://www.vonwobeser.com/images/PDF_news/2017/Mexican-MA-shrugs-off-the-Trump-slump-_-Euromoney.pdf,206,correcto,https://www.vonwobeser.com/images/PDF_news/2017/Mexican-MA-shrugs-off-the-Trump-slump-_-Euromoney.pdf,false,application/pdf,
en:804,official,content-link,en,https://www.vonwobeser.com/index.php/lawyer?l=145,200,correcto,https://www.vonwobeser.com/index.php/lawyer?l=145,false,text/html; charset=utf-8,
en:804,official,content-link,en,https://www.euromoney.com/article/b14x1dch0gwn9v/mexican-mampa-shrugs-off-the-trump-slump,206,redireccion-valida,https://www.euromoney.com/article/27bjsstsqxhkmh1v3kzm3/capital-markets/mexican-m-a-shrugs-off-the-trump-slump/,true,text/html; charset=UTF-8,
en:802,official,official-detail,en,https://www.vonwobeser.com/index.php/publication?p_id=802,200,correcto,https://www.vonwobeser.com/index.php/publication?p_id=802,false,text/html; charset=utf-8,
en:802,official,pdf,en,https://www.vonwobeser.com/images/PDF_news/2017/IAR2017Mexico.pdf,206,correcto,https://www.vonwobeser.com/images/PDF_news/2017/IAR2017Mexico.pdf,false,application/pdf,
en:802,official,content-link,en,https://www.vonwobeser.com/index.php/lawyer?l=148,200,correcto,https://www.vonwobeser.com/index.php/lawyer?l=148,false,text/html; charset=utf-8,
en:802,official,content-link,en,https://www.vonwobeser.com/index.php/lawyer?l=155,200,correcto,https://www.vonwobeser.com/index.php/lawyer?l=155,false,text/html; charset=utf-8,
en:728,official,official-detail,en,https://www.vonwobeser.com/index.php/publication?p_id=728,200,correcto,https://www.vonwobeser.com/index.php/publication?p_id=728,false,text/html; charset=utf-8,
en:728,official,pdf,en,https://www.vonwobeser.com/images/PDF_news/PDF_articles/2017/Claus-Von-Wobeser-Adrian-Magallanes--Chambers-Partners-Global-Practice-Guides-International-Arbitration-Mexico.pdf,206,correcto,https://www.vonwobeser.com/images/PDF_news/PDF_articles/2017/Claus-Von-Wobeser-Adrian-Magallanes--Chambers-Partners-Global-Practice-Guides-International-Arbitration-Mexico.pdf,false,application/pdf,
en:728,official,content-link,en,https://www.vonwobeser.com/index.php/lawyer?l=134,200,correcto,https://www.vonwobeser.com/index.php/lawyer?l=134,false,text/html; charset=utf-8,
en:728,official,content-link,en,https://www.vonwobeser.com/index.php/lawyer?l=148,200,correcto,https://www.vonwobeser.com/index.php/lawyer?l=148,false,text/html; charset=utf-8,
en:726,official,official-detail,en,https://www.vonwobeser.com/index.php/publication?p_id=726,200,correcto,https://www.vonwobeser.com/index.php/publication?p_id=726,false,text/html; charset=utf-8,
en:726,official,pdf,en,https://www.vonwobeser.com/images/PDF_news/PDF_articles/2017/Cooperacin_Internacional_en_Investigaciones_Anticorrupcion_Diego-Sierra.pdf,206,correcto,https://www.vonwobeser.com/images/PDF_news/PDF_articles/2017/Cooperacin_Internacional_en_Investigaciones_Anticorrupcion_Diego-Sierra.pdf,false,application/pdf,
en:726,official,content-link,en,https://www.vonwobeser.com/index.php/lawyer?l=149,200,correcto,https://www.vonwobeser.com/index.php/lawyer?l=149,false,text/html; charset=utf-8,
en:224,official,official-detail,en,https://www.vonwobeser.com/index.php/publication?p_id=224,200,correcto,https://www.vonwobeser.com/index.php/publication?p_id=224,false,text/html; charset=utf-8,
en:224,official,pdf,en,https://www.vonwobeser.com/images/PDF_news/PDF_articles/2017/Private-Equity-Review-April-2017.pdf,206,correcto,https://www.vonwobeser.com/images/PDF_news/PDF_articles/2017/Private-Equity-Review-April-2017.pdf,false,application/pdf,
en:193,official,official-detail,en,https://www.vonwobeser.com/index.php/publication?p_id=193,200,correcto,https://www.vonwobeser.com/index.php/publication?p_id=193,false,text/html; charset=utf-8,
en:193,official,pdf,en,https://www.vonwobeser.com/images/PDF_news/PDF_articles/2017/240317-The-Franchise-Law-Review-.pdf,206,correcto,https://www.vonwobeser.com/images/PDF_news/PDF_articles/2017/240317-The-Franchise-Law-Review-.pdf,false,application/pdf,
en:195,official,official-detail,en,https://www.vonwobeser.com/index.php/publication?p_id=195,200,correcto,https://www.vonwobeser.com/index.php/publication?p_id=195,false,text/html; charset=utf-8,
en:195,official,pdf,en,https://www.vonwobeser.com/images/PDF_news/PDF_articles/2017/240317-GTDT-Arbitration-2017.pdf,206,correcto,https://www.vonwobeser.com/images/PDF_news/PDF_articles/2017/240317-GTDT-Arbitration-2017.pdf,false,application/pdf,
en:195,official,content-link,en,https://www.vonwobeser.com/index.php/lawyer?l=148,200,correcto,https://www.vonwobeser.com/index.php/lawyer?l=148,false,text/html; charset=utf-8,
en:195,official,content-link,en,https://www.vonwobeser.com/index.php/lawyer?l=155,200,correcto,https://www.vonwobeser.com/index.php/lawyer?l=155,false,text/html; charset=utf-8,
en:227,official,official-detail,en,https://www.vonwobeser.com/index.php/publication?p_id=227,200,correcto,https://www.vonwobeser.com/index.php/publication?p_id=227,false,text/html; charset=utf-8,
en:227,official,pdf,en,https://www.vonwobeser.com/images/PDF_news/PDF_articles/2016/MI-3-5-PE-Mexico.pdf,206,correcto,https://www.vonwobeser.com/images/PDF_news/PDF_articles/2016/MI-3-5-PE-Mexico.pdf,false,application/pdf,
en:227,official,content-link,en,https://www.vonwobeser.com/index.php/lawyer?l=141,200,correcto,https://www.vonwobeser.com/index.php/lawyer?l=141,false,text/html; charset=utf-8,
en:197,official,official-detail,en,https://www.vonwobeser.com/index.php/publication?p_id=197,200,correcto,https://www.vonwobeser.com/index.php/publication?p_id=197,false,text/html; charset=utf-8,
en:197,official,pdf,en,https://www.vonwobeser.com/images/PDF_news/PDF_articles/2016/IA16_Chapter-40_Mexico.pdf,206,correcto,https://www.vonwobeser.com/images/PDF_news/PDF_articles/2016/IA16_Chapter-40_Mexico.pdf,false,application/pdf,
en:197,official,content-link,en,https://www.vonwobeser.com/index.php/lawyer?l=148,200,correcto,https://www.vonwobeser.com/index.php/lawyer?l=148,false,text/html; charset=utf-8,
en:197,official,content-link,en,https://www.vonwobeser.com/index.php/lawyer?l=149,200,correcto,https://www.vonwobeser.com/index.php/lawyer?l=149,false,text/html; charset=utf-8,
en:203,official,official-detail,en,https://www.vonwobeser.com/index.php/publication?p_id=203,200,correcto,https://www.vonwobeser.com/index.php/publication?p_id=203,false,text/html; charset=utf-8,
en:203,official,pdf,en,https://www.vonwobeser.com/images/PDF_news/PDF_articles/2016/New_Rules1.PDF,206,correcto,https://www.vonwobeser.com/images/PDF_news/PDF_articles/2016/New_Rules1.PDF,false,application/pdf,
en:203,official,content-link,en,https://www.vonwobeser.com/index.php/lawyer?l=147,200,correcto,https://www.vonwobeser.com/index.php/lawyer?l=147,false,text/html; charset=utf-8,
en:207,official,official-detail,en,https://www.vonwobeser.com/index.php/publication?p_id=207,200,correcto,https://www.vonwobeser.com/index.php/publication?p_id=207,false,text/html; charset=utf-8,
en:207,official,pdf,en,https://www.vonwobeser.com/images/PDF_news/PDF_articles/2016/ov14-1-article08.pdf,206,correcto,https://www.vonwobeser.com/images/PDF_news/PDF_articles/2016/ov14-1-article08.pdf,false,application/pdf,
en:207,official,content-link,en,https://www.vonwobeser.com/index.php/lawyer?l=147,200,correcto,https://www.vonwobeser.com/index.php/lawyer?l=147,false,text/html; charset=utf-8,
en:211,official,official-detail,en,https://www.vonwobeser.com/index.php/publication?p_id=211,200,correcto,https://www.vonwobeser.com/index.php/publication?p_id=211,false,text/html; charset=utf-8,
en:211,official,pdf,en,https://www.vonwobeser.com/images/PDF_news/PDF_articles/2016/Mexico.pdf,206,correcto,https://www.vonwobeser.com/images/PDF_news/PDF_articles/2016/Mexico.pdf,false,application/pdf,
en:211,official,content-link,en,https://www.vonwobeser.com/index.php/lawyer?l=145,200,correcto,https://www.vonwobeser.com/index.php/lawyer?l=145,false,text/html; charset=utf-8,
en:215,official,official-detail,en,https://www.vonwobeser.com/index.php/publication?p_id=215,200,correcto,https://www.vonwobeser.com/index.php/publication?p_id=215,false,text/html; charset=utf-8,
en:215,official,pdf,en,https://www.vonwobeser.com/images/PDF_news/PDF_articles/2016/vwys.pdf,206,correcto,https://www.vonwobeser.com/images/PDF_news/PDF_articles/2016/vwys.pdf,false,application/pdf,
en:215,official,content-link,en,https://www.vonwobeser.com/index.php/lawyer?l=147,200,correcto,https://www.vonwobeser.com/index.php/lawyer?l=147,false,text/html; charset=utf-8,
en:233,official,official-detail,en,https://www.vonwobeser.com/index.php/publication?p_id=233,200,correcto,https://www.vonwobeser.com/index.php/publication?p_id=233,false,text/html; charset=utf-8,
en:233,official,pdf,en,https://www.vonwobeser.com/images/PDF_news/PDF_articles/2015/vwys0412.pdf,206,correcto,https://www.vonwobeser.com/images/PDF_news/PDF_articles/2015/vwys0412.pdf,false,application/pdf,
en:237,official,official-detail,en,https://www.vonwobeser.com/index.php/publication?p_id=237,200,correcto,https://www.vonwobeser.com/index.php/publication?p_id=237,false,text/html; charset=utf-8,
en:237,official,pdf,en,https://www.vonwobeser.com/images/PDF_news/PDF_articles/2015/OS2016_Mexico.pdf,206,correcto,https://www.vonwobeser.com/images/PDF_news/PDF_articles/2015/OS2016_Mexico.pdf,false,application/pdf,
en:239,official,official-detail,en,https://www.vonwobeser.com/index.php/publication?p_id=239,200,correcto,https://www.vonwobeser.com/index.php/publication?p_id=239,false,text/html; charset=utf-8,
en:239,official,pdf,en,https://www.vonwobeser.com/images/PDF_news/PDF_articles/2015/marketintelligence.pdf,206,correcto,https://www.vonwobeser.com/images/PDF_news/PDF_articles/2015/marketintelligence.pdf,false,application/pdf,
en:239,official,content-link,en,https://www.vonwobeser.com/index.php/lawyer?l=141,200,correcto,https://www.vonwobeser.com/index.php/lawyer?l=141,false,text/html; charset=utf-8,
en:241,official,official-detail,en,https://www.vonwobeser.com/index.php/publication?p_id=241,200,correcto,https://www.vonwobeser.com/index.php/publication?p_id=241,false,text/html; charset=utf-8,
en:241,official,pdf,en,https://www.vonwobeser.com/images/PDF_news/PDF_articles/2015/North_American_Regional_Forum_News_Sept_2015.pdf,206,correcto,https://www.vonwobeser.com/images/PDF_news/PDF_articles/2015/North_American_Regional_Forum_News_Sept_2015.pdf,false,application/pdf,
en:241,official,content-link,en,https://www.vonwobeser.com/index.php/lawyer?l=141,200,correcto,https://www.vonwobeser.com/index.php/lawyer?l=141,false,text/html; charset=utf-8,
en:243,official,official-detail,en,https://www.vonwobeser.com/index.php/publication?p_id=243,200,correcto,https://www.vonwobeser.com/index.php/publication?p_id=243,false,text/html; charset=utf-8,
en:243,official,pdf,en,https://www.vonwobeser.com/images/PDF_news/PDF_articles/2015/classactions.pdf,206,correcto,https://www.vonwobeser.com/images/PDF_news/PDF_articles/2015/classactions.pdf,false,application/pdf,
en:243,official,content-link,en,https://www.vonwobeser.com/index.php/lawyer?l=148,200,correcto,https://www.vonwobeser.com/index.php/lawyer?l=148,false,text/html; charset=utf-8,
en:247,official,official-detail,en,https://www.vonwobeser.com/index.php/publication?p_id=247,200,correcto,https://www.vonwobeser.com/index.php/publication?p_id=247,false,text/html; charset=utf-8,
en:247,official,pdf,en,https://www.vonwobeser.com/images/PDF_news/PDF_articles/2015/Mexico_Overview.pdf,206,correcto,https://www.vonwobeser.com/images/PDF_news/PDF_articles/2015/Mexico_Overview.pdf,false,application/pdf,
en:247,official,content-link,en,https://www.vonwobeser.com/index.php/lawyer?l=145,200,correcto,https://www.vonwobeser.com/index.php/lawyer?l=145,false,text/html; charset=utf-8,
en:249,official,official-detail,en,https://www.vonwobeser.com/index.php/publication?p_id=249,200,correcto,https://www.vonwobeser.com/index.php/publication?p_id=249,false,text/html; charset=utf-8,
en:249,official,pdf,en,https://www.vonwobeser.com/images/PDF_news/PDF_articles/2015/Mexico.pdf,206,correcto,https://www.vonwobeser.com/images/PDF_news/PDF_articles/2015/Mexico.pdf,false,application/pdf,
en:249,official,content-link,en,https://www.vonwobeser.com/index.php/lawyer?l=141,200,correcto,https://www.vonwobeser.com/index.php/lawyer?l=141,false,text/html; charset=utf-8,
en:251,official,official-detail,en,https://www.vonwobeser.com/index.php/publication?p_id=251,200,correcto,https://www.vonwobeser.com/index.php/publication?p_id=251,false,text/html; charset=utf-8,
en:251,official,pdf,en,https://www.vonwobeser.com/images/PDF_news/PDF_articles/2015/Mexico-Overviewsep15.pdf,206,correcto,https://www.vonwobeser.com/images/PDF_news/PDF_articles/2015/Mexico-Overviewsep15.pdf,false,application/pdf,
en:251,official,content-link,en,https://www.vonwobeser.com/index.php/lawyer?l=149,200,correcto,https://www.vonwobeser.com/index.php/lawyer?l=149,false,text/html; charset=utf-8,
en:259,official,official-detail,en,https://www.vonwobeser.com/index.php/publication?p_id=259,200,correcto,https://www.vonwobeser.com/index.php/publication?p_id=259,false,text/html; charset=utf-8,
en:259,official,pdf,en,https://www.vonwobeser.com/images/PDF_news/PDF_articles/2015/FINANCIER.pdf,206,correcto,https://www.vonwobeser.com/images/PDF_news/PDF_articles/2015/FINANCIER.pdf,false,application/pdf,
en:259,official,content-link,en,https://www.vonwobeser.com/index.php/lawyer?l=147,200,correcto,https://www.vonwobeser.com/index.php/lawyer?l=147,false,text/html; charset=utf-8,
en:261,official,official-detail,en,https://www.vonwobeser.com/index.php/publication?p_id=261,200,correcto,https://www.vonwobeser.com/index.php/publication?p_id=261,false,text/html; charset=utf-8,
en:261,official,pdf,en,https://www.vonwobeser.com/images/PDF_news/PDF_articles/2015/MEXICO_LandP.PDF,206,correcto,https://www.vonwobeser.com/images/PDF_news/PDF_articles/2015/MEXICO_LandP.PDF,false,application/pdf,
en:261,official,content-link,en,https://www.vonwobeser.com/index.php/lawyer?l=134,200,correcto,https://www.vonwobeser.com/index.php/lawyer?l=134,false,text/html; charset=utf-8,
en:261,official,content-link,en,https://www.vonwobeser.com/index.php/lawyer?l=148,200,correcto,https://www.vonwobeser.com/index.php/lawyer?l=148,false,text/html; charset=utf-8,
en:263,official,official-detail,en,https://www.vonwobeser.com/index.php/publication?p_id=263,200,correcto,https://www.vonwobeser.com/index.php/publication?p_id=263,false,text/html; charset=utf-8,
en:263,official,pdf,en,https://www.vonwobeser.com/images/PDF_news/PDF_articles/2015/MEXICO_TD.PDF,206,correcto,https://www.vonwobeser.com/images/PDF_news/PDF_articles/2015/MEXICO_TD.PDF,false,application/pdf,
en:263,official,content-link,en,https://www.vonwobeser.com/index.php/lawyer?l=134,200,correcto,https://www.vonwobeser.com/index.php/lawyer?l=134,false,text/html; charset=utf-8,
en:263,official,content-link,en,https://www.vonwobeser.com/index.php/lawyer?l=148,200,correcto,https://www.vonwobeser.com/index.php/lawyer?l=148,false,text/html; charset=utf-8,
en:269,official,official-detail,en,https://www.vonwobeser.com/index.php/publication?p_id=269,200,correcto,https://www.vonwobeser.com/index.php/publication?p_id=269,false,text/html; charset=utf-8,
en:269,official,pdf,en,https://www.vonwobeser.com/images/PDF_news/PDF_articles/2015/VWYS-_5099-v1-Andres_Nieto__Getting_the_Deal_Throug__Structured_Finance_Securitisation__april_20151.pdf,206,correcto,https://www.vonwobeser.com/images/PDF_news/PDF_articles/2015/VWYS-_5099-v1-Andres_Nieto__Getting_the_Deal_Throug__Structured_Finance_Securitisation__april_20151.pdf,false,application/pdf,
en:269,official,content-link,en,https://www.vonwobeser.com/index.php/lawyer?l=141,200,correcto,https://www.vonwobeser.com/index.php/lawyer?l=141,false,text/html; charset=utf-8,
en:300,official,official-detail,en,https://www.vonwobeser.com/index.php/publication?p_id=300,200,correcto,https://www.vonwobeser.com/index.php/publication?p_id=300,false,text/html; charset=utf-8,
en:300,official,pdf,en,https://www.vonwobeser.com/images/PDF_news/PDF_articles/2015/BankingRegulation2015Mexico.PDF,206,correcto,https://www.vonwobeser.com/images/PDF_news/PDF_articles/2015/BankingRegulation2015Mexico.PDF,false,application/pdf,
en:271,official,official-detail,en,https://www.vonwobeser.com/index.php/publication?p_id=271,200,correcto,https://www.vonwobeser.com/index.php/publication?p_id=271,false,text/html; charset=utf-8,
en:271,official,pdf,en,https://www.vonwobeser.com/images/PDF_news/PDF_articles/2015/VWYS_2603-v1-CHAMBERS_AND_PARTNERS_COMPETITION_ANTITRUST_MEXICO.PDF,206,correcto,https://www.vonwobeser.com/images/PDF_news/PDF_articles/2015/VWYS_2603-v1-CHAMBERS_AND_PARTNERS_COMPETITION_ANTITRUST_MEXICO.PDF,false,application/pdf,
en:271,official,content-link,en,https://www.vonwobeser.com/index.php/lawyer?l=145,200,correcto,https://www.vonwobeser.com/index.php/lawyer?l=145,false,text/html; charset=utf-8,
en:302,official,official-detail,en,https://www.vonwobeser.com/index.php/publication?p_id=302,200,correcto,https://www.vonwobeser.com/index.php/publication?p_id=302,false,text/html; charset=utf-8,
en:302,official,pdf,en,https://www.vonwobeser.com/images/PDF_news/PDF_articles/2015/Enforcement_of_Investment_Treaty_Arbitration_Awards_Mexico.pdf,206,correcto,https://www.vonwobeser.com/images/PDF_news/PDF_articles/2015/Enforcement_of_Investment_Treaty_Arbitration_Awards_Mexico.pdf,false,application/pdf,
en:302,official,content-link,en,https://www.vonwobeser.com/index.php/lawyer?l=148,200,correcto,https://www.vonwobeser.com/index.php/lawyer?l=148,false,text/html; charset=utf-8,
en:306,official,official-detail,en,https://www.vonwobeser.com/index.php/publication?p_id=306,200,correcto,https://www.vonwobeser.com/index.php/publication?p_id=306,false,text/html; charset=utf-8,
en:306,official,pdf,en,https://www.vonwobeser.com/images/PDF_news/Virtual_Round_Table_Energy_Natural_Resources_2015.pdf,206,correcto,https://www.vonwobeser.com/images/PDF_news/Virtual_Round_Table_Energy_Natural_Resources_2015.pdf,false,application/pdf,
en:306,official,content-link,en,https://www.vonwobeser.com/index.php/lawyer?l=147,200,correcto,https://www.vonwobeser.com/index.php/lawyer?l=147,false,text/html; charset=utf-8,
en:308,official,official-detail,en,https://www.vonwobeser.com/index.php/publication?p_id=308,200,correcto,https://www.vonwobeser.com/index.php/publication?p_id=308,false,text/html; charset=utf-8,
en:308,official,pdf,en,https://www.vonwobeser.com/images/68-FernandoCarreoandPalomaAlcantaraTheAntitrustReviewoftheAmericas2015Overview.pdf,206,correcto,https://www.vonwobeser.com/images/68-FernandoCarreoandPalomaAlcantaraTheAntitrustReviewoftheAmericas2015Overview.pdf,false,application/pdf,
en:308,official,content-link,en,https://www.vonwobeser.com/index.php/lawyer?l=145,200,correcto,https://www.vonwobeser.com/index.php/lawyer?l=145,false,text/html; charset=utf-8,
en:310,official,official-detail,en,https://www.vonwobeser.com/index.php/publication?p_id=310,200,correcto,https://www.vonwobeser.com/index.php/publication?p_id=310,false,text/html; charset=utf-8,
en:310,official,pdf,en,https://www.vonwobeser.com/images/PDF_news/PDF_articles/2014/InvestmentTraetyArbitration2014.PDF,206,correcto,https://www.vonwobeser.com/images/PDF_news/PDF_articles/2014/InvestmentTraetyArbitration2014.PDF,false,application/pdf,
en:310,official,content-link,en,https://www.vonwobeser.com/index.php/lawyer?l=134,200,correcto,https://www.vonwobeser.com/index.php/lawyer?l=134,false,text/html; charset=utf-8,
en:310,official,content-link,en,https://www.vonwobeser.com/index.php/lawyer?l=148,200,correcto,https://www.vonwobeser.com/index.php/lawyer?l=148,false,text/html; charset=utf-8,
en:314,official,official-detail,en,https://www.vonwobeser.com/index.php/publication?p_id=314,200,correcto,https://www.vonwobeser.com/index.php/publication?p_id=314,false,text/html; charset=utf-8,
en:314,official,content-link,en,https://www.vonwobeser.com/index.php/lawyer?l=141,200,correcto,https://www.vonwobeser.com/index.php/lawyer?l=141,false,text/html; charset=utf-8,
en:316,official,official-detail,en,https://www.vonwobeser.com/index.php/publication?p_id=316,200,correcto,https://www.vonwobeser.com/index.php/publication?p_id=316,false,text/html; charset=utf-8,
en:316,official,pdf,en,https://www.vonwobeser.com/images/PDF_news/PDF_articles/2014/201410GIRInvestigationsReviewoftheAmericas2015DS.pdf,206,correcto,https://www.vonwobeser.com/images/PDF_news/PDF_articles/2014/201410GIRInvestigationsReviewoftheAmericas2015DS.pdf,false,application/pdf,
en:316,official,content-link,en,https://www.vonwobeser.com/index.php/lawyer?l=149,200,correcto,https://www.vonwobeser.com/index.php/lawyer?l=149,false,text/html; charset=utf-8,
en:318,official,official-detail,en,https://www.vonwobeser.com/index.php/publication?p_id=318,200,correcto,https://www.vonwobeser.com/index.php/publication?p_id=318,false,text/html; charset=utf-8,
en:318,official,pdf,en,https://www.vonwobeser.com/images/PDF_news/PDF_articles/2014/201410GTDTMexicoOutsourcing.pdf,206,correcto,https://www.vonwobeser.com/images/PDF_news/PDF_articles/2014/201410GTDTMexicoOutsourcing.pdf,false,application/pdf,
en:336,official,official-detail,en,https://www.vonwobeser.com/index.php/publication?p_id=336,200,correcto,https://www.vonwobeser.com/index.php/publication?p_id=336,false,text/html; charset=utf-8,
en:336,official,pdf,en,https://www.vonwobeser.com/images/PDF_news/PDF_articles/2014/CorporateLivewireEnergyNaturalResourcesJuly2014EG.pdf,206,correcto,https://www.vonwobeser.com/images/PDF_news/PDF_articles/2014/CorporateLivewireEnergyNaturalResourcesJuly2014EG.pdf,false,application/pdf,
en:336,official,content-link,en,https://www.vonwobeser.com/index.php/lawyer?l=147,200,correcto,https://www.vonwobeser.com/index.php/lawyer?l=147,false,text/html; charset=utf-8,
en:340,official,official-detail,en,https://www.vonwobeser.com/index.php/publication?p_id=340,200,correcto,https://www.vonwobeser.com/index.php/publication?p_id=340,false,text/html; charset=utf-8,
en:340,official,pdf,en,https://www.vonwobeser.com/images/PDF_news/PDF_articles/2014/THEPUBLICCOMPETITIONREVIEWEDITION6.pdf,206,correcto,https://www.vonwobeser.com/images/PDF_news/PDF_articles/2014/THEPUBLICCOMPETITIONREVIEWEDITION6.pdf,false,application/pdf,
en:340,official,content-link,en,https://www.vonwobeser.com/index.php/lawyer?l=145,200,correcto,https://www.vonwobeser.com/index.php/lawyer?l=145,false,text/html; charset=utf-8,
en:344,official,official-detail,en,https://www.vonwobeser.com/index.php/publication?p_id=344,200,correcto,https://www.vonwobeser.com/index.php/publication?p_id=344,false,text/html; charset=utf-8,
en:344,official,pdf,en,https://www.vonwobeser.com/images/PDF_news/201402GettingTheDealThroughArbitration.pdf,206,correcto,https://www.vonwobeser.com/images/PDF_news/201402GettingTheDealThroughArbitration.pdf,false,application/pdf,
en:344,official,content-link,en,https://www.vonwobeser.com/index.php/lawyer?l=134,200,correcto,https://www.vonwobeser.com/index.php/lawyer?l=134,false,text/html; charset=utf-8,
en:344,official,content-link,en,https://www.vonwobeser.com/index.php/lawyer?l=175,200,correcto,https://www.vonwobeser.com/index.php/lawyer?l=175,false,text/html; charset=utf-8,
en:351,official,official-detail,en,https://www.vonwobeser.com/index.php/publication?p_id=351,200,correcto,https://www.vonwobeser.com/index.php/publication?p_id=351,false,text/html; charset=utf-8,
en:351,official,pdf,en,https://www.vonwobeser.com/images/PDF_news/PDF_articles/2014/LWVRTEnergyandNaturalResources2014.pdf,206,correcto,https://www.vonwobeser.com/images/PDF_news/PDF_articles/2014/LWVRTEnergyandNaturalResources2014.pdf,false,application/pdf,
en:351,official,content-link,en,https://www.vonwobeser.com/index.php/lawyer?l=147,200,correcto,https://www.vonwobeser.com/index.php/lawyer?l=147,false,text/html; charset=utf-8,
en:372,official,official-detail,en,https://www.vonwobeser.com/index.php/publication?p_id=372,200,correcto,https://www.vonwobeser.com/index.php/publication?p_id=372,false,text/html; charset=utf-8,
en:372,official,pdf,en,https://www.vonwobeser.com/images/PDF_news/2015/MexicoOutsourcingNov2013.pdf,206,correcto,https://www.vonwobeser.com/images/PDF_news/2015/MexicoOutsourcingNov2013.pdf,false,application/pdf,
en:372,project,source-url,en,https://www.vonwobeser.com/images/PDF_news/2015/MexicoOutsourcingNov2013.pdf,206,correcto,https://www.vonwobeser.com/images/PDF_news/2015/MexicoOutsourcingNov2013.pdf,false,application/pdf,
en:375,official,official-detail,en,https://www.vonwobeser.com/index.php/publication?p_id=375,200,correcto,https://www.vonwobeser.com/index.php/publication?p_id=375,false,text/html; charset=utf-8,
en:375,official,pdf,en,https://www.vonwobeser.com/images/PDF_news/PDF_articles/2013/45-MexicoInvestmentTreaty.pdf,206,correcto,https://www.vonwobeser.com/images/PDF_news/PDF_articles/2013/45-MexicoInvestmentTreaty.pdf,false,application/pdf,
en:375,official,content-link,en,https://www.vonwobeser.com/index.php/lawyer?l=134,200,correcto,https://www.vonwobeser.com/index.php/lawyer?l=134,false,text/html; charset=utf-8,
en:375,official,content-link,en,https://www.vonwobeser.com/index.php/lawyer?l=148,200,correcto,https://www.vonwobeser.com/index.php/lawyer?l=148,false,text/html; charset=utf-8,
en:375,project,source-url,en,https://www.vonwobeser.com/images/PDF_news/PDF_articles/2013/45-MexicoInvestmentTreaty.pdf,206,correcto,https://www.vonwobeser.com/images/PDF_news/PDF_articles/2013/45-MexicoInvestmentTreaty.pdf,false,application/pdf,
en:377,official,official-detail,en,https://www.vonwobeser.com/index.php/publication?p_id=377,200,correcto,https://www.vonwobeser.com/index.php/publication?p_id=377,false,text/html; charset=utf-8,
en:377,official,pdf,en,https://www.vonwobeser.com/images/PDF_news/2015/TheArbitrationReviewoftheAmericas2014.pdf,206,correcto,https://www.vonwobeser.com/images/PDF_news/2015/TheArbitrationReviewoftheAmericas2014.pdf,false,application/pdf,
en:377,official,content-link,en,https://www.vonwobeser.com/index.php/lawyer?l=134,200,correcto,https://www.vonwobeser.com/index.php/lawyer?l=134,false,text/html; charset=utf-8,
en:381,official,official-detail,en,https://www.vonwobeser.com/index.php/publication?p_id=381,200,correcto,https://www.vonwobeser.com/index.php/publication?p_id=381,false,text/html; charset=utf-8,
en:381,official,content-link,en,https://www.vonwobeser.com/index.php/lawyer?l=145,200,correcto,https://www.vonwobeser.com/index.php/lawyer?l=145,false,text/html; charset=utf-8,
en:383,official,official-detail,en,https://www.vonwobeser.com/index.php/publication?p_id=383,200,correcto,https://www.vonwobeser.com/index.php/publication?p_id=383,false,text/html; charset=utf-8,
en:383,official,pdf,en,https://www.vonwobeser.com/images/PDF_news/2015/IBAMexicoChapterInternationalArbitrationGuide2013.pdf,206,correcto,https://www.vonwobeser.com/images/PDF_news/2015/IBAMexicoChapterInternationalArbitrationGuide2013.pdf,false,application/pdf,
en:383,official,content-link,en,https://www.vonwobeser.com/index.php/lawyer?l=134,200,correcto,https://www.vonwobeser.com/index.php/lawyer?l=134,false,text/html; charset=utf-8,
en:383,project,source-url,en,https://www.vonwobeser.com/images/PDF_news/2015/IBAMexicoChapterInternationalArbitrationGuide2013.pdf,206,correcto,https://www.vonwobeser.com/images/PDF_news/2015/IBAMexicoChapterInternationalArbitrationGuide2013.pdf,false,application/pdf,
en:385,official,official-detail,en,https://www.vonwobeser.com/index.php/publication?p_id=385,200,correcto,https://www.vonwobeser.com/index.php/publication?p_id=385,false,text/html; charset=utf-8,
en:385,official,pdf,en,https://www.vonwobeser.com/images/PDF_news/2015/73CorporateLivewireEnergyNaturalResources2013.pdf,206,correcto,https://www.vonwobeser.com/images/PDF_news/2015/73CorporateLivewireEnergyNaturalResources2013.pdf,false,application/pdf,
en:385,official,content-link,en,https://www.vonwobeser.com/index.php/lawyer?l=147,200,correcto,https://www.vonwobeser.com/index.php/lawyer?l=147,false,text/html; charset=utf-8,
en:387,official,official-detail,en,https://www.vonwobeser.com/index.php/publication?p_id=387,200,correcto,https://www.vonwobeser.com/index.php/publication?p_id=387,false,text/html; charset=utf-8,
en:387,official,pdf,en,https://www.vonwobeser.com/images/PDF_news/2015/70Mexicancourtallowsenforcementofarbitraltribunal.pdf,206,correcto,https://www.vonwobeser.com/images/PDF_news/2015/70Mexicancourtallowsenforcementofarbitraltribunal.pdf,false,application/pdf,
en:387,official,content-link,en,https://www.vonwobeser.com/index.php/lawyer?l=149,200,correcto,https://www.vonwobeser.com/index.php/lawyer?l=149,false,text/html; charset=utf-8,
en:389,official,official-detail,en,https://www.vonwobeser.com/index.php/publication?p_id=389,200,correcto,https://www.vonwobeser.com/index.php/publication?p_id=389,false,text/html; charset=utf-8,
en:389,official,pdf,en,https://www.vonwobeser.com/images/PDF_news/2015/69PraxisMejoresPracticasDiegoSierra.pdf,206,correcto,https://www.vonwobeser.com/images/PDF_news/2015/69PraxisMejoresPracticasDiegoSierra.pdf,false,application/pdf,
en:389,official,content-link,en,https://www.vonwobeser.com/index.php/lawyer?l=149,200,correcto,https://www.vonwobeser.com/index.php/lawyer?l=149,false,text/html; charset=utf-8,
en:391,official,official-detail,en,https://www.vonwobeser.com/index.php/publication?p_id=391,200,correcto,https://www.vonwobeser.com/index.php/publication?p_id=391,false,text/html; charset=utf-8,
en:391,official,pdf,en,https://www.vonwobeser.com/images/PDF_news/2015/68InsolvencyasaPrerequisiteforfilingaBankruptcyProcedureinMexico.pdf,206,correcto,https://www.vonwobeser.com/images/PDF_news/2015/68InsolvencyasaPrerequisiteforfilingaBankruptcyProcedureinMexico.pdf,false,application/pdf,
en:393,official,official-detail,en,https://www.vonwobeser.com/index.php/publication?p_id=393,200,correcto,https://www.vonwobeser.com/index.php/publication?p_id=393,false,text/html; charset=utf-8,
en:393,official,pdf,en,https://www.vonwobeser.com/images/PDF_news/2015/67_ICC_International_Court_of_Arbitration_Bulletin-Taking_Evidence_in_Latin_America.pdf,206,correcto,https://www.vonwobeser.com/images/PDF_news/2015/67_ICC_International_Court_of_Arbitration_Bulletin-Taking_Evidence_in_Latin_America.pdf,false,application/pdf,
en:395,official,official-detail,en,https://www.vonwobeser.com/index.php/publication?p_id=395,200,correcto,https://www.vonwobeser.com/index.php/publication?p_id=395,false,text/html; charset=utf-8,
en:395,official,pdf,en,https://www.vonwobeser.com/images/PDF_news/2015/65_Expert_Guides_-_Evolution_of_Mexican_Arbitration_Law.pdf,206,correcto,https://www.vonwobeser.com/images/PDF_news/2015/65_Expert_Guides_-_Evolution_of_Mexican_Arbitration_Law.pdf,false,application/pdf,
en:397,official,official-detail,en,https://www.vonwobeser.com/index.php/publication?p_id=397,200,correcto,https://www.vonwobeser.com/index.php/publication?p_id=397,false,text/html; charset=utf-8,
en:397,official,pdf,en,https://www.vonwobeser.com/images/PDF_news/2015/63_ILO_-_Launching_mandatory_tender_offers.pdf,206,correcto,https://www.vonwobeser.com/images/PDF_news/2015/63_ILO_-_Launching_mandatory_tender_offers.pdf,false,application/pdf,
en:399,official,official-detail,en,https://www.vonwobeser.com/index.php/publication?p_id=399,200,correcto,https://www.vonwobeser.com/index.php/publication?p_id=399,false,text/html; charset=utf-8,
en:399,official,pdf,en,https://www.vonwobeser.com/images/PDF_news/2015/62_PLC_Mexico_Supreme_Court_of_Justice_rules_on_Public_Policy_grounds_to_set_aside_award.pdf,206,correcto,https://www.vonwobeser.com/images/PDF_news/2015/62_PLC_Mexico_Supreme_Court_of_Justice_rules_on_Public_Policy_grounds_to_set_aside_award.pdf,false,application/pdf,
en:399,official,content-link,en,https://www.vonwobeser.com/index.php/lawyer?l=149,200,correcto,https://www.vonwobeser.com/index.php/lawyer?l=149,false,text/html; charset=utf-8,
en:401,official,official-detail,en,https://www.vonwobeser.com/index.php/publication?p_id=401,200,correcto,https://www.vonwobeser.com/index.php/publication?p_id=401,false,text/html; charset=utf-8,
en:401,official,pdf,en,https://www.vonwobeser.com/images/PDF_news/2015/61_CorporateLivewire_Energy_and_Natural_Rec.pdf,206,correcto,https://www.vonwobeser.com/images/PDF_news/2015/61_CorporateLivewire_Energy_and_Natural_Rec.pdf,false,application/pdf,
en:401,official,content-link,en,https://www.vonwobeser.com/index.php/lawyer?l=147,200,correcto,https://www.vonwobeser.com/index.php/lawyer?l=147,false,text/html; charset=utf-8,
en:403,official,official-detail,en,https://www.vonwobeser.com/index.php/publication?p_id=403,200,correcto,https://www.vonwobeser.com/index.php/publication?p_id=403,false,text/html; charset=utf-8,
en:403,official,pdf,en,https://www.vonwobeser.com/images/PDF_news/2015/Tax_considerations_in_MA_transactions.pdf,206,correcto,https://www.vonwobeser.com/images/PDF_news/2015/Tax_considerations_in_MA_transactions.pdf,false,application/pdf,
en:405,official,official-detail,en,https://www.vonwobeser.com/index.php/publication?p_id=405,200,correcto,https://www.vonwobeser.com/index.php/publication?p_id=405,false,text/html; charset=utf-8,
en:405,official,pdf,en,https://www.vonwobeser.com/images/PDF_news/PDF_articles/2013/30_GRG_Infrastructure_rkd493_1.pdf,206,correcto,https://www.vonwobeser.com/images/PDF_news/PDF_articles/2013/30_GRG_Infrastructure_rkd493_1.pdf,false,application/pdf,
en:405,official,content-link,en,https://www.vonwobeser.com/index.php/lawyer?l=147,200,correcto,https://www.vonwobeser.com/index.php/lawyer?l=147,false,text/html; charset=utf-8,
en:405,official,content-link,en,https://www.vonwobeser.com/index.php/lawyer?l=161,200,correcto,https://www.vonwobeser.com/index.php/lawyer?l=161,false,text/html; charset=utf-8,
en:407,official,official-detail,en,https://www.vonwobeser.com/index.php/publication?p_id=407,200,correcto,https://www.vonwobeser.com/index.php/publication?p_id=407,false,text/html; charset=utf-8,
en:407,official,pdf,en,https://www.vonwobeser.com/images/PDF_news/2015/56_ILO_Foreign_trade_implications_of_MA_transactions.pdf,206,correcto,https://www.vonwobeser.com/images/PDF_news/2015/56_ILO_Foreign_trade_implications_of_MA_transactions.pdf,false,application/pdf,
en:407,official,content-link,en,https://www.vonwobeser.com/index.php/lawyer?l=143,200,correcto,https://www.vonwobeser.com/index.php/lawyer?l=143,false,text/html; charset=utf-8,
en:411,official,official-detail,en,https://www.vonwobeser.com/index.php/publication?p_id=411,200,correcto,https://www.vonwobeser.com/index.php/publication?p_id=411,false,text/html; charset=utf-8,
en:411,official,pdf,en,https://www.vonwobeser.com/images/PDF_news/2015/55-Derecho-Concursal-Escuela-Libre-de-Derecho.pdf,206,correcto,https://www.vonwobeser.com/images/PDF_news/2015/55-Derecho-Concursal-Escuela-Libre-de-Derecho.pdf,false,application/pdf,
en:411,official,content-link,en,https://www.vonwobeser.com/index.php/lawyer?l=143,200,correcto,https://www.vonwobeser.com/index.php/lawyer?l=143,false,text/html; charset=utf-8,
en:413,official,official-detail,en,https://www.vonwobeser.com/index.php/publication?p_id=413,200,correcto,https://www.vonwobeser.com/index.php/publication?p_id=413,false,text/html; charset=utf-8,
en:413,official,pdf,en,https://www.vonwobeser.com/images/PDF_news/2015/54_ConsideringenvironmentalliabilitesinMAtransactionsInternationalLawOffice1.pdf,206,correcto,https://www.vonwobeser.com/images/PDF_news/2015/54_ConsideringenvironmentalliabilitesinMAtransactionsInternationalLawOffice1.pdf,false,application/pdf,
en:413,official,content-link,en,https://www.vonwobeser.com/index.php/lawyer?l=147,200,correcto,https://www.vonwobeser.com/index.php/lawyer?l=147,false,text/html; charset=utf-8,
en:415,official,official-detail,en,https://www.vonwobeser.com/index.php/publication?p_id=415,200,correcto,https://www.vonwobeser.com/index.php/publication?p_id=415,false,text/html; charset=utf-8,
en:415,official,pdf,en,https://www.vonwobeser.com/images/PDF_news/2015/52_PLC_Arbitration_Multi_Jurisdictional_mthly_email_Mexico_Superme_Courts_Shows_deference_towards_arbitral_tribunal_s.pdf,206,correcto,https://www.vonwobeser.com/images/PDF_news/2015/52_PLC_Arbitration_Multi_Jurisdictional_mthly_email_Mexico_Superme_Courts_Shows_deference_towards_arbitral_tribunal_s.pdf,false,application/pdf,
en:415,official,content-link,en,https://www.vonwobeser.com/index.php/lawyer?l=149,200,correcto,https://www.vonwobeser.com/index.php/lawyer?l=149,false,text/html; charset=utf-8,
en:419,official,official-detail,en,https://www.vonwobeser.com/index.php/publication?p_id=419,200,correcto,https://www.vonwobeser.com/index.php/publication?p_id=419,false,text/html; charset=utf-8,
en:419,official,content-link,en,https://www.vonwobeser.com/index.php/lawyer?l=134,200,correcto,https://www.vonwobeser.com/index.php/lawyer?l=134,false,text/html; charset=utf-8,
en:421,official,official-detail,en,https://www.vonwobeser.com/index.php/publication?p_id=421,200,correcto,https://www.vonwobeser.com/index.php/publication?p_id=421,false,text/html; charset=utf-8,
en:421,official,pdf,en,https://www.vonwobeser.com/images/PDF_news/2015/9.2-The-International-Investigations-Review.pdf,206,correcto,https://www.vonwobeser.com/images/PDF_news/2015/9.2-The-International-Investigations-Review.pdf,false,application/pdf,
en:421,official,content-link,en,https://www.vonwobeser.com/index.php/lawyer?l=134,200,correcto,https://www.vonwobeser.com/index.php/lawyer?l=134,false,text/html; charset=utf-8,
en:421,official,content-link,en,https://www.vonwobeser.com/index.php/lawyer?l=145,200,correcto,https://www.vonwobeser.com/index.php/lawyer?l=145,false,text/html; charset=utf-8,
en:424,official,official-detail,en,https://www.vonwobeser.com/index.php/publication?p_id=424,200,correcto,https://www.vonwobeser.com/index.php/publication?p_id=424,false,text/html; charset=utf-8,
en:424,official,pdf,en,https://www.vonwobeser.com/images/PDF_news/2015/8-The-Antitrust-Review-of-the-Americas.pdf,206,correcto,https://www.vonwobeser.com/images/PDF_news/2015/8-The-Antitrust-Review-of-the-Americas.pdf,false,application/pdf,
en:424,official,content-link,en,https://www.vonwobeser.com/index.php/lawyer?l=145,200,correcto,https://www.vonwobeser.com/index.php/lawyer?l=145,false,text/html; charset=utf-8,
en:426,official,official-detail,en,https://www.vonwobeser.com/index.php/publication?p_id=426,200,correcto,https://www.vonwobeser.com/index.php/publication?p_id=426,false,text/html; charset=utf-8,
en:426,official,pdf,en,https://www.vonwobeser.com/images/PDF_news/2015/7_PLC_Investment_Funds.pdf,206,correcto,https://www.vonwobeser.com/images/PDF_news/2015/7_PLC_Investment_Funds.pdf,false,application/pdf,
en:428,official,official-detail,en,https://www.vonwobeser.com/index.php/publication?p_id=428,200,correcto,https://www.vonwobeser.com/index.php/publication?p_id=428,false,text/html; charset=utf-8,
en:428,official,pdf,en,https://www.vonwobeser.com/images/PDF_news/2015/6_PLC_Cartel_Leniency.pdf,206,correcto,https://www.vonwobeser.com/images/PDF_news/2015/6_PLC_Cartel_Leniency.pdf,false,application/pdf,
en:428,official,content-link,en,https://www.vonwobeser.com/index.php/lawyer?l=145,200,correcto,https://www.vonwobeser.com/index.php/lawyer?l=145,false,text/html; charset=utf-8,
en:430,official,official-detail,en,https://www.vonwobeser.com/index.php/publication?p_id=430,200,correcto,https://www.vonwobeser.com/index.php/publication?p_id=430,false,text/html; charset=utf-8,
en:430,official,pdf,en,https://www.vonwobeser.com/images/PDF_news/2015/5-PLC-Outsourcing-Mexico.pdf,206,correcto,https://www.vonwobeser.com/images/PDF_news/2015/5-PLC-Outsourcing-Mexico.pdf,false,application/pdf,
en:430,official,content-link,en,https://www.vonwobeser.com/index.php/lawyer?l=135,200,correcto,https://www.vonwobeser.com/index.php/lawyer?l=135,false,text/html; charset=utf-8,
en:432,official,official-detail,en,https://www.vonwobeser.com/index.php/publication?p_id=432,200,correcto,https://www.vonwobeser.com/index.php/publication?p_id=432,false,text/html; charset=utf-8,
en:432,official,pdf,en,https://www.vonwobeser.com/images/PDF_news/2015/3_3_Corporate_Livewire_Currents_Trends_y_Expected_Development_in_Mexican_Renewable_Energy_Mkt.pdf,206,correcto,https://www.vonwobeser.com/images/PDF_news/2015/3_3_Corporate_Livewire_Currents_Trends_y_Expected_Development_in_Mexican_Renewable_Energy_Mkt.pdf,false,application/pdf,
en:432,official,content-link,en,https://www.vonwobeser.com/index.php/lawyer?l=147,200,correcto,https://www.vonwobeser.com/index.php/lawyer?l=147,false,text/html; charset=utf-8,
en:438,official,official-detail,en,https://www.vonwobeser.com/index.php/publication?p_id=438,200,correcto,https://www.vonwobeser.com/index.php/publication?p_id=438,false,text/html; charset=utf-8,
en:438,official,pdf,en,https://www.vonwobeser.com/images/PDF_news/2015/3-IBA-Arbitration-Guide-Mexico.pdf,206,correcto,https://www.vonwobeser.com/images/PDF_news/2015/3-IBA-Arbitration-Guide-Mexico.pdf,false,application/pdf,
en:438,official,content-link,en,https://www.vonwobeser.com/index.php/lawyer?l=134,200,correcto,https://www.vonwobeser.com/index.php/lawyer?l=134,false,text/html; charset=utf-8,
en:445,official,official-detail,en,https://www.vonwobeser.com/index.php/publication?p_id=445,200,correcto,https://www.vonwobeser.com/index.php/publication?p_id=445,false,text/html; charset=utf-8,
en:445,official,pdf,en,https://www.vonwobeser.com/images/PDF_news/2015/2_2-PLC-Mergers-and-acquisitions-Mexico.pdf,206,correcto,https://www.vonwobeser.com/images/PDF_news/2015/2_2-PLC-Mergers-and-acquisitions-Mexico.pdf,false,application/pdf,
en:445,official,content-link,en,https://www.vonwobeser.com/index.php/lawyer?l=141,200,correcto,https://www.vonwobeser.com/index.php/lawyer?l=141,false,text/html; charset=utf-8,
en:447,official,official-detail,en,https://www.vonwobeser.com/index.php/publication?p_id=447,200,correcto,https://www.vonwobeser.com/index.php/publication?p_id=447,false,text/html; charset=utf-8,
en:447,official,pdf,en,https://www.vonwobeser.com/images/PDF_news/2015/1.5-The-European-Lawyer-Ref-Series-Arbitration-World-4th-Ed--Mexico.pdf,206,correcto,https://www.vonwobeser.com/images/PDF_news/2015/1.5-The-European-Lawyer-Ref-Series-Arbitration-World-4th-Ed--Mexico.pdf,false,application/pdf,
en:447,official,content-link,en,https://www.vonwobeser.com/index.php/lawyer?l=134,200,correcto,https://www.vonwobeser.com/index.php/lawyer?l=134,false,text/html; charset=utf-8,
en:451,official,official-detail,en,https://www.vonwobeser.com/index.php/publication?p_id=451,200,correcto,https://www.vonwobeser.com/index.php/publication?p_id=451,false,text/html; charset=utf-8,
en:451,official,pdf,en,https://www.vonwobeser.com/images/PDF_news/2015/PAUTA-58-CVW.pdf,206,correcto,https://www.vonwobeser.com/images/PDF_news/2015/PAUTA-58-CVW.pdf,false,application/pdf,
en:451,official,content-link,en,https://www.vonwobeser.com/index.php/lawyer?l=134,200,correcto,https://www.vonwobeser.com/index.php/lawyer?l=134,false,text/html; charset=utf-8,
en:457,official,official-detail,en,https://www.vonwobeser.com/index.php/publication?p_id=457,200,correcto,https://www.vonwobeser.com/index.php/publication?p_id=457,false,text/html; charset=utf-8,
en:457,official,content-link,en,https://www.vonwobeser.com/index.php/lawyer?l=141,200,correcto,https://www.vonwobeser.com/index.php/lawyer?l=141,false,text/html; charset=utf-8,
en:812,official,official-detail,en,https://www.vonwobeser.com/index.php/publication?p_id=812,200,correcto,https://www.vonwobeser.com/index.php/publication?p_id=812,false,text/html; charset=utf-8,
en:812,official,pdf,en,https://www.vonwobeser.com/images/PDF_news/PDF_articles/2017/5-GCR-LBC-Mexico-takes-2-major-steps-2007-37-Mexico-telecoms.pdf,206,correcto,https://www.vonwobeser.com/images/PDF_news/PDF_articles/2017/5-GCR-LBC-Mexico-takes-2-major-steps-2007-37-Mexico-telecoms.pdf,false,application/pdf,
en:812,official,content-link,en,https://www.vonwobeser.com/index.php/lawyer?l=141,200,correcto,https://www.vonwobeser.com/index.php/lawyer?l=141,false,text/html; charset=utf-8,
en:460,official,official-detail,en,https://www.vonwobeser.com/index.php/publication?p_id=460,200,correcto,https://www.vonwobeser.com/index.php/publication?p_id=460,false,text/html; charset=utf-8,
en:460,official,pdf,en,https://www.vonwobeser.com/images/PDF_news/2015/pauta-54-CVW.pdf,206,correcto,https://www.vonwobeser.com/images/PDF_news/2015/pauta-54-CVW.pdf,false,application/pdf,
en:460,official,content-link,en,https://www.vonwobeser.com/index.php/lawyer?l=134,200,correcto,https://www.vonwobeser.com/index.php/lawyer?l=134,false,text/html; charset=utf-8,
en:1568,official,official-detail,en,https://www.vonwobeser.com/index.php/publication?p_id=1568,200,correcto,https://www.vonwobeser.com/index.php/publication?p_id=1568,false,text/html; charset=utf-8,
en:1568,official,pdf,en,https://www.vonwobeser.com/images/PDF_news/PDF_articles/2021/6-Sheppard-Mullin.pdf,206,correcto,https://www.vonwobeser.com/images/PDF_news/PDF_articles/2021/6-Sheppard-Mullin.pdf,false,application/pdf,
en:1568,official,content-link,en,https://www.vonwobeser.com/index.php/lawyer?l=323,200,correcto,https://www.vonwobeser.com/index.php/lawyer?l=323,false,text/html; charset=utf-8,
en:464,official,official-detail,en,https://www.vonwobeser.com/index.php/publication?p_id=464,200,correcto,https://www.vonwobeser.com/index.php/publication?p_id=464,false,text/html; charset=utf-8,
en:464,official,pdf,en,https://www.vonwobeser.com/images/PDF_news/2015/Muerza---cumplimiento-sentencias-amparo.pdf,206,correcto,https://www.vonwobeser.com/images/PDF_news/2015/Muerza---cumplimiento-sentencias-amparo.pdf,false,application/pdf,
en:466,official,official-detail,en,https://www.vonwobeser.com/index.php/publication?p_id=466,200,correcto,https://www.vonwobeser.com/index.php/publication?p_id=466,false,text/html; charset=utf-8,
en:466,official,pdf,en,https://www.vonwobeser.com/images/PDF_news/2015/Chapter-16.pdf,206,correcto,https://www.vonwobeser.com/images/PDF_news/2015/Chapter-16.pdf,false,application/pdf,
en:466,official,content-link,en,https://www.vonwobeser.com/index.php/lawyer?l=141,200,correcto,https://www.vonwobeser.com/index.php/lawyer?l=141,false,text/html; charset=utf-8,
en:1566,official,official-detail,en,https://www.vonwobeser.com/index.php/publication?p_id=1566,200,correcto,https://www.vonwobeser.com/index.php/publication?p_id=1566,false,text/html; charset=utf-8,
en:1566,official,pdf,en,https://www.vonwobeser.com/images/PDF_news/PDF_articles/2021/7-Stanford-Law-School.pdf,206,correcto,https://www.vonwobeser.com/images/PDF_news/PDF_articles/2021/7-Stanford-Law-School.pdf,false,application/pdf,
en:1566,official,content-link,en,https://www.vonwobeser.com/index.php/lawyer?l=323,200,correcto,https://www.vonwobeser.com/index.php/lawyer?l=323,false,text/html; charset=utf-8,
en:1566,official,content-link,en,https://law.stanford.edu/publications/reshaping-fiduciary-duties-in-mexico-a-step-towards-functionality/,200,correcto,https://law.stanford.edu/publications/reshaping-fiduciary-duties-in-mexico-a-step-towards-functionality/,false,text/html; charset=UTF-8,
en:1560,official,official-detail,en,https://www.vonwobeser.com/index.php/publication?p_id=1560,200,correcto,https://www.vonwobeser.com/index.php/publication?p_id=1560,false,text/html; charset=utf-8,
en:1560,official,content-link,en,https://www.vonwobeser.com/index.php/lawyer?l=323,200,correcto,https://www.vonwobeser.com/index.php/lawyer?l=323,false,text/html; charset=utf-8,
en:1560,official,content-link,en,https://www.amazon.com/OFERTAS-PUBLICAS-ADQUISICION-JIMENEZ-ZORRILLA/dp/9700751228,200,correcto,https://www.amazon.com/OFERTAS-PUBLICAS-ADQUISICION-JIMENEZ-ZORRILLA/dp/9700751228,false,text/html;charset=UTF-8,
d1442a98-28ad-44bb-9925-e6a8b65821da:es,project-public,public-source-cta,es,https://eljuegodelacorte.nexos.com.mx/la-batalla-por-la-independencia-judicial-lecciones-del-sistema-interamericano/,200,correcto,https://eljuegodelacorte.nexos.com.mx/la-batalla-por-la-independencia-judicial-lecciones-del-sistema-interamericano/,false,text/html; charset=UTF-8,
d1442a98-28ad-44bb-9925-e6a8b65821da:en,project-public,public-source-cta,en,https://eljuegodelacorte.nexos.com.mx/la-batalla-por-la-independencia-judicial-lecciones-del-sistema-interamericano/,200,correcto,https://eljuegodelacorte.nexos.com.mx/la-batalla-por-la-independencia-judicial-lecciones-del-sistema-interamericano/,false,text/html; charset=UTF-8,
f88f3e19-eeb7-4dcf-81bf-7419b292d426:es,project-public,public-source-cta,es,https://anticorrupcion.nexos.com.mx/los-empresarios-son-beneficiarios-del-combate-a-la-corrupcion-privada/,200,correcto,https://anticorrupcion.nexos.com.mx/los-empresarios-son-beneficiarios-del-combate-a-la-corrupcion-privada/,false,text/html; charset=UTF-8,
f88f3e19-eeb7-4dcf-81bf-7419b292d426:en,project-public,public-source-cta,en,https://anticorrupcion.nexos.com.mx/los-empresarios-son-beneficiarios-del-combate-a-la-corrupcion-privada/,200,correcto,https://anticorrupcion.nexos.com.mx/los-empresarios-son-beneficiarios-del-combate-a-la-corrupcion-privada/,false,text/html; charset=UTF-8,
dcf35485-3541-4cfc-8593-f9c62419505c:es,project-public,public-source-cta,es,https://www.vonwobeser.com/index.php/publicacion/p_id-1817.html,0,inaccesible,,false,,fetch failed
dcf35485-3541-4cfc-8593-f9c62419505c:en,project-public,public-source-cta,en,https://www.vonwobeser.com/index.php/publicacion/p_id-1817.html,0,inaccesible,,false,,fetch failed
51456133-d260-4f4f-9383-e559f960afaf:es,project-public,public-source-cta,es,https://www.vonwobeser.com/index.php/publicacion/p_id-1816.html,0,inaccesible,,false,,fetch failed
51456133-d260-4f4f-9383-e559f960afaf:en,project-public,public-source-cta,en,https://www.vonwobeser.com/index.php/publicacion/p_id-1816.html,0,inaccesible,,false,,fetch failed
dd355580-337a-4753-8c05-3376dfefa8a4:es,project-public,public-source-cta,es,https://www.vonwobeser.com/index.php/publicacion/p_id-1815.html,0,inaccesible,,false,,fetch failed
dd355580-337a-4753-8c05-3376dfefa8a4:en,project-public,public-source-cta,en,https://www.vonwobeser.com/index.php/publicacion/p_id-1815.html,0,inaccesible,,false,,fetch failed
e711701f-6b90-4193-b762-80b2533bdf83:es,project-public,public-source-cta,es,https://mundoejecutivo.com.mx/economia/blockchain-compliance-evolucion-cumplimiento/,200,correcto,https://mundoejecutivo.com.mx/economia/blockchain-compliance-evolucion-cumplimiento/,false,text/html; charset=UTF-8,
e711701f-6b90-4193-b762-80b2533bdf83:en,project-public,public-source-cta,en,https://mundoejecutivo.com.mx/economia/blockchain-compliance-evolucion-cumplimiento/,200,correcto,https://mundoejecutivo.com.mx/economia/blockchain-compliance-evolucion-cumplimiento/,false,text/html; charset=UTF-8,
cb5c1ee1-54f9-4689-a806-1eb274bc61ef:es,project-public,public-source-cta,es,https://www.vonwobeser.com/index.php/publicacion/p_id-1813.html,0,inaccesible,,false,,fetch failed
cb5c1ee1-54f9-4689-a806-1eb274bc61ef:en,project-public,public-source-cta,en,https://www.vonwobeser.com/index.php/publicacion/p_id-1813.html,0,inaccesible,,false,,fetch failed
83f05ea3-0a3c-40f4-ab82-d4a5224c97b7:es,project-public,public-source-cta,es,https://www.vonwobeser.com/index.php/publicacion/p_id-1812.html,0,inaccesible,,false,,fetch failed
83f05ea3-0a3c-40f4-ab82-d4a5224c97b7:en,project-public,public-source-cta,en,https://www.vonwobeser.com/index.php/publicacion/p_id-1812.html,0,inaccesible,,false,,fetch failed
e61cf1d4-c0c2-4d8d-b064-f1c32c3a101e:es,project-public,public-source-cta,es,https://mitsloanreview.mx/nft-bitcoin-crypto-blockchain/como-prevenir-fraudes-con-criptomonedas/,200,redireccion-valida,https://www.mitsloanreview.mx/nft-bitcoin-crypto-blockchain/como-prevenir-fraudes-con-criptomonedas/,true,text/html; charset=UTF-8,
e61cf1d4-c0c2-4d8d-b064-f1c32c3a101e:en,project-public,public-source-cta,en,https://mitsloanreview.mx/nft-bitcoin-crypto-blockchain/como-prevenir-fraudes-con-criptomonedas/,200,redireccion-valida,https://www.mitsloanreview.mx/nft-bitcoin-crypto-blockchain/como-prevenir-fraudes-con-criptomonedas/,true,text/html; charset=UTF-8,
c4499622-a209-4d59-b716-c9dff13f38c0:es,project-public,public-source-cta,es,https://www.milenio.com/opinion/ricardo-cacho/columna-ricardo-cacho/las-criptomonedas-y-su-transparente-blockchain,200,correcto,https://www.milenio.com/opinion/ricardo-cacho/columna-ricardo-cacho/las-criptomonedas-y-su-transparente-blockchain,false,text/html; charset=UTF-8,
c4499622-a209-4d59-b716-c9dff13f38c0:en,project-public,public-source-cta,en,https://www.milenio.com/opinion/ricardo-cacho/columna-ricardo-cacho/las-criptomonedas-y-su-transparente-blockchain,200,correcto,https://www.milenio.com/opinion/ricardo-cacho/columna-ricardo-cacho/las-criptomonedas-y-su-transparente-blockchain,false,text/html; charset=UTF-8,
4ffb1ef8-c8d0-41c9-a1b0-b900bcb61355:es,project-public,public-source-cta,es,https://www.vonwobeser.com/index.php/publicacion/p_id-1809.html,0,inaccesible,,false,,fetch failed
4ffb1ef8-c8d0-41c9-a1b0-b900bcb61355:en,project-public,public-source-cta,en,https://www.vonwobeser.com/index.php/publicacion/p_id-1809.html,0,inaccesible,,false,,fetch failed
59a1de11-dc6c-4fcf-b9ca-51fad251a9ea:es,project-public,public-source-cta,es,https://www.vonwobeser.com/index.php/publicacion/p_id-1808.html,0,inaccesible,,false,,fetch failed
59a1de11-dc6c-4fcf-b9ca-51fad251a9ea:en,project-public,public-source-cta,en,https://www.vonwobeser.com/index.php/publicacion/p_id-1808.html,0,inaccesible,,false,,fetch failed
ed6f3c93-30d1-46ea-a887-00990870a206:es,project-public,public-source-cta,es,https://www.vonwobeser.com/index.php/publicacion/p_id-1807.html,0,inaccesible,,false,,fetch failed
ed6f3c93-30d1-46ea-a887-00990870a206:en,project-public,public-source-cta,en,https://www.vonwobeser.com/index.php/publicacion/p_id-1807.html,0,inaccesible,,false,,fetch failed
b05e261e-8879-4144-8f29-8b7c504711c4:es,project-public,public-source-cta,es,https://www.aranzadilaley.es/tienda/todo-penal-internacional,200,correcto,https://www.aranzadilaley.es/tienda/todo-penal-internacional,false,text/html; charset=utf-8,
b05e261e-8879-4144-8f29-8b7c504711c4:en,project-public,public-source-cta,en,https://www.aranzadilaley.es/tienda/todo-penal-internacional,200,correcto,https://www.aranzadilaley.es/tienda/todo-penal-internacional,false,text/html; charset=utf-8,
b5bf8684-0e24-4c06-8762-70f8934740db:es,project-public,public-source-cta,es,https://www.milenio.com/opinion/ricardo-cacho/columna-ricardo-cacho/la-evasion-fiscal-una-forma-de-corrupcion,200,correcto,https://www.milenio.com/opinion/ricardo-cacho/columna-ricardo-cacho/la-evasion-fiscal-una-forma-de-corrupcion,false,text/html; charset=UTF-8,
b5bf8684-0e24-4c06-8762-70f8934740db:en,project-public,public-source-cta,en,https://www.milenio.com/opinion/ricardo-cacho/columna-ricardo-cacho/la-evasion-fiscal-una-forma-de-corrupcion,200,correcto,https://www.milenio.com/opinion/ricardo-cacho/columna-ricardo-cacho/la-evasion-fiscal-una-forma-de-corrupcion,false,text/html; charset=UTF-8,
6a802bb3-cd6f-4171-b903-2fbfc7b68ab0:es,project-public,public-source-cta,es,https://www.milenio.com/opinion/ricardo-cacho/columna-ricardo-cacho/los-jueces-deben-pensar-en-las-victimas,200,correcto,https://www.milenio.com/opinion/ricardo-cacho/columna-ricardo-cacho/los-jueces-deben-pensar-en-las-victimas,false,text/html; charset=UTF-8,
6a802bb3-cd6f-4171-b903-2fbfc7b68ab0:en,project-public,public-source-cta,en,https://www.milenio.com/opinion/ricardo-cacho/columna-ricardo-cacho/los-jueces-deben-pensar-en-las-victimas,200,correcto,https://www.milenio.com/opinion/ricardo-cacho/columna-ricardo-cacho/los-jueces-deben-pensar-en-las-victimas,false,text/html; charset=UTF-8,
2c75ee48-2c81-4d50-808e-e1359764b201:es,project-public,public-source-cta,es,https://www.milenio.com/politica/lee-firmas-milenio-jueves-16-julio,200,correcto,https://www.milenio.com/politica/lee-firmas-milenio-jueves-16-julio,false,text/html; charset=UTF-8,
2c75ee48-2c81-4d50-808e-e1359764b201:en,project-public,public-source-cta,en,https://www.milenio.com/politica/lee-firmas-milenio-jueves-16-julio,200,correcto,https://www.milenio.com/politica/lee-firmas-milenio-jueves-16-julio,false,text/html; charset=UTF-8,
9f2576b3-73af-4e76-8130-6d1182263332:es,project-public,public-source-cta,es,https://eljuegodelacorte.nexos.com.mx/que-culpa-tiene-el-tigre-tono-las-nuevas-reglas-de-publicidad-en-alimentos-preenvasados/,200,correcto,https://eljuegodelacorte.nexos.com.mx/que-culpa-tiene-el-tigre-tono-las-nuevas-reglas-de-publicidad-en-alimentos-preenvasados/,false,text/html; charset=UTF-8,
9f2576b3-73af-4e76-8130-6d1182263332:en,project-public,public-source-cta,en,https://eljuegodelacorte.nexos.com.mx/que-culpa-tiene-el-tigre-tono-las-nuevas-reglas-de-publicidad-en-alimentos-preenvasados/,200,correcto,https://eljuegodelacorte.nexos.com.mx/que-culpa-tiene-el-tigre-tono-las-nuevas-reglas-de-publicidad-en-alimentos-preenvasados/,false,text/html; charset=UTF-8,
948d9ed0-b5c0-4aa3-b2f9-46f2c3084d72:es,project-public,public-source-cta,es,https://www.vonwobeser.com/images/PDF_news/2023/ESG4/23_05_22_MINERIA_ESG_ENG-Pt4-OK.pdf,206,correcto,https://www.vonwobeser.com/images/PDF_news/2023/ESG4/23_05_22_MINERIA_ESG_ENG-Pt4-OK.pdf,false,application/pdf,
948d9ed0-b5c0-4aa3-b2f9-46f2c3084d72:es,project-public,public-content-link,es,http://localhost:5050/images/PDF_news/2023/ESG4/23_05_22_MINERIA_ESG_ESP-Pt4-OK.pdf,206,correcto,http://localhost:5050/images/PDF_news/2023/ESG4/23_05_22_MINERIA_ESG_ESP-Pt4-OK.pdf,false,application/pdf,
948d9ed0-b5c0-4aa3-b2f9-46f2c3084d72:en,project-public,public-source-cta,en,https://www.vonwobeser.com/images/PDF_news/2023/ESG4/23_05_22_MINERIA_ESG_ENG-Pt4-OK.pdf,206,correcto,https://www.vonwobeser.com/images/PDF_news/2023/ESG4/23_05_22_MINERIA_ESG_ENG-Pt4-OK.pdf,false,application/pdf,
948d9ed0-b5c0-4aa3-b2f9-46f2c3084d72:en,project-public,public-content-link,en,http://localhost:5050/images/PDF_news/2023/ESG4/23_05_22_MINERIA_ESG_ESP-Pt4-OK.pdf,206,correcto,http://localhost:5050/images/PDF_news/2023/ESG4/23_05_22_MINERIA_ESG_ESP-Pt4-OK.pdf,false,application/pdf,
058a4313-3a7c-415d-91f0-a79623555e3c:es,project-public,public-source-cta,es,https://www.vonwobeser.com/images/PDF_news/2023/vision_combate.pdf,206,correcto,https://www.vonwobeser.com/images/PDF_news/2023/vision_combate.pdf,false,application/pdf,
058a4313-3a7c-415d-91f0-a79623555e3c:en,project-public,public-source-cta,en,https://www.vonwobeser.com/images/PDF_news/2023/vision_combate.pdf,206,correcto,https://www.vonwobeser.com/images/PDF_news/2023/vision_combate.pdf,false,application/pdf,
b3da086e-1dd7-43c3-a148-a94bd75d44b9:es,project-public,public-source-cta,es,https://www.vonwobeser.com/images/PDF_news/2022/22_08_11_ESG_En-la-Industria-Minera-Mexicana-3_ENG.pdf,206,correcto,https://www.vonwobeser.com/images/PDF_news/2022/22_08_11_ESG_En-la-Industria-Minera-Mexicana-3_ENG.pdf,false,application/pdf,
b3da086e-1dd7-43c3-a148-a94bd75d44b9:es,project-public,public-content-link,es,http://localhost:5050/images/PDF_news/2022/22_08_11_ESG_En-la-Industria-Minera-Mexicana-3_ESP.pdf,206,correcto,http://localhost:5050/images/PDF_news/2022/22_08_11_ESG_En-la-Industria-Minera-Mexicana-3_ESP.pdf,false,application/pdf,
b3da086e-1dd7-43c3-a148-a94bd75d44b9:en,project-public,public-source-cta,en,https://www.vonwobeser.com/images/PDF_news/2022/22_08_11_ESG_En-la-Industria-Minera-Mexicana-3_ENG.pdf,206,correcto,https://www.vonwobeser.com/images/PDF_news/2022/22_08_11_ESG_En-la-Industria-Minera-Mexicana-3_ENG.pdf,false,application/pdf,
b3da086e-1dd7-43c3-a148-a94bd75d44b9:en,project-public,public-content-link,en,http://localhost:5050/images/PDF_news/2022/22_08_11_ESG_En-la-Industria-Minera-Mexicana-3_ESP.pdf,206,correcto,http://localhost:5050/images/PDF_news/2022/22_08_11_ESG_En-la-Industria-Minera-Mexicana-3_ESP.pdf,false,application/pdf,
0dddeaf9-ed0e-43f9-9419-2a437feefdbe:es,project-public,public-source-cta,es,https://www.vonwobeser.com/images/PDF/2022/Preparate_Para_el_Proximo_Cisne1.pdf,206,correcto,https://www.vonwobeser.com/images/PDF/2022/Preparate_Para_el_Proximo_Cisne1.pdf,false,application/pdf,
0dddeaf9-ed0e-43f9-9419-2a437feefdbe:en,project-public,public-source-cta,en,https://www.vonwobeser.com/images/PDF/2022/Preparate_Para_el_Proximo_Cisne1.pdf,206,correcto,https://www.vonwobeser.com/images/PDF/2022/Preparate_Para_el_Proximo_Cisne1.pdf,false,application/pdf,
33353440-ab57-4435-b33d-a3b479cd2f5e:es,project-public,public-source-cta,es,https://www.vonwobeser.com/images/PDF_news/2021/21_10_12_MINERIA_ESG_ING.pdf,206,correcto,https://www.vonwobeser.com/images/PDF_news/2021/21_10_12_MINERIA_ESG_ING.pdf,false,application/pdf,
33353440-ab57-4435-b33d-a3b479cd2f5e:es,project-public,public-content-link,es,http://localhost:5050/images/PDF_news/2022/22_04_01_MINERIA_ESG_ESP-Pt2.pdf,206,correcto,http://localhost:5050/images/PDF_news/2022/22_04_01_MINERIA_ESG_ESP-Pt2.pdf,false,application/pdf,
33353440-ab57-4435-b33d-a3b479cd2f5e:en,project-public,public-source-cta,en,https://www.vonwobeser.com/images/PDF_news/2021/21_10_12_MINERIA_ESG_ING.pdf,206,correcto,https://www.vonwobeser.com/images/PDF_news/2021/21_10_12_MINERIA_ESG_ING.pdf,false,application/pdf,
33353440-ab57-4435-b33d-a3b479cd2f5e:en,project-public,public-content-link,en,http://localhost:5050/images/PDF_news/2022/22_04_01_MINERIA_ESG_ESP-Pt2.pdf,206,correcto,http://localhost:5050/images/PDF_news/2022/22_04_01_MINERIA_ESG_ESP-Pt2.pdf,false,application/pdf,
13f214d4-71b3-4284-8e23-d7882ad83bd1:es,project-public,public-source-cta,es,https://expansion.mx/opinion/2022/01/03/negocio-contribuya-cambiar-el-mundo,200,correcto,https://expansion.mx/opinion/2022/01/03/negocio-contribuya-cambiar-el-mundo,false,text/html;charset=UTF-8,
13f214d4-71b3-4284-8e23-d7882ad83bd1:es,project-public,public-content-link,es,http://localhost:5050/images/PDF_news/2022/Tu-negocio-contribuye-a-cambiar-el-mundo_-Considera-una-perspectiva-ESG.pdf,206,correcto,http://localhost:5050/images/PDF_news/2022/Tu-negocio-contribuye-a-cambiar-el-mundo_-Considera-una-perspectiva-ESG.pdf,false,application/pdf,
13f214d4-71b3-4284-8e23-d7882ad83bd1:en,project-public,public-source-cta,en,https://expansion.mx/opinion/2022/01/03/negocio-contribuya-cambiar-el-mundo,200,correcto,https://expansion.mx/opinion/2022/01/03/negocio-contribuya-cambiar-el-mundo,false,text/html;charset=UTF-8,
13f214d4-71b3-4284-8e23-d7882ad83bd1:en,project-public,public-content-link,en,http://localhost:5050/images/PDF_news/2022/Tu-negocio-contribuye-a-cambiar-el-mundo_-Considera-una-perspectiva-ESG.pdf,206,correcto,http://localhost:5050/images/PDF_news/2022/Tu-negocio-contribuye-a-cambiar-el-mundo_-Considera-una-perspectiva-ESG.pdf,false,application/pdf,
26a2073b-ad34-41c5-88b2-052ab0402f86:es,project-public,public-content-link,es,http://localhost:5050/images/PDF_news/2021/21_12_17_DERECHOS_FUNDAMENTALES_ESG_ESP.pdf,206,correcto,http://localhost:5050/images/PDF_news/2021/21_12_17_DERECHOS_FUNDAMENTALES_ESG_ESP.pdf,false,application/pdf,
26a2073b-ad34-41c5-88b2-052ab0402f86:en,project-public,public-content-link,en,http://localhost:5050/images/PDF_news/2021/21_12_17_DERECHOS_FUNDAMENTALES_ESG_ESP.pdf,206,correcto,http://localhost:5050/images/PDF_news/2021/21_12_17_DERECHOS_FUNDAMENTALES_ESG_ESP.pdf,false,application/pdf,
e97d4b5c-a943-491e-b91a-81937feca1ca:es,project-public,public-content-link,es,http://localhost:5050/images/PDF_news/2021/21_12_10_AUTONOMIA_ENERGETICA_ESG_ESP.pdf,206,correcto,http://localhost:5050/images/PDF_news/2021/21_12_10_AUTONOMIA_ENERGETICA_ESG_ESP.pdf,false,application/pdf,
e97d4b5c-a943-491e-b91a-81937feca1ca:en,project-public,public-content-link,en,http://localhost:5050/images/PDF_news/2021/21_12_10_AUTONOMIA_ENERGETICA_ESG_ESP.pdf,206,correcto,http://localhost:5050/images/PDF_news/2021/21_12_10_AUTONOMIA_ENERGETICA_ESG_ESP.pdf,false,application/pdf,
14ed5556-4fdd-4da0-a134-93bb0fb73d5f:es,project-public,public-content-link,es,http://localhost:5050/images/PDF_news/2021/21_12_02_MLRR_ESG_ESP.pdf,206,correcto,http://localhost:5050/images/PDF_news/2021/21_12_02_MLRR_ESG_ESP.pdf,false,application/pdf,
14ed5556-4fdd-4da0-a134-93bb0fb73d5f:en,project-public,public-content-link,en,http://localhost:5050/images/PDF_news/2021/21_12_02_MLRR_ESG_ESP.pdf,206,correcto,http://localhost:5050/images/PDF_news/2021/21_12_02_MLRR_ESG_ESP.pdf,false,application/pdf,
2487d778-9d5b-4894-8561-989e8b7d8a88:es,project-public,public-content-link,es,http://localhost:5050/images/PDF_news/2021/21_11_25_SUMINISTRO_ESG_ESP.pdf,206,correcto,http://localhost:5050/images/PDF_news/2021/21_11_25_SUMINISTRO_ESG_ESP.pdf,false,application/pdf,
2487d778-9d5b-4894-8561-989e8b7d8a88:en,project-public,public-content-link,en,http://localhost:5050/images/PDF_news/2021/21_11_25_SUMINISTRO_ESG_ESP.pdf,206,correcto,http://localhost:5050/images/PDF_news/2021/21_11_25_SUMINISTRO_ESG_ESP.pdf,false,application/pdf,
37a69116-aad6-4f9c-bafc-e2b4d4fcd0a3:es,project-public,public-content-link,es,http://localhost:5050/images/PDF_news/2021/21_11_17_PRIVACIDAD_ESG_ESP.pdf,206,correcto,http://localhost:5050/images/PDF_news/2021/21_11_17_PRIVACIDAD_ESG_ESP.pdf,false,application/pdf,
37a69116-aad6-4f9c-bafc-e2b4d4fcd0a3:en,project-public,public-content-link,en,http://localhost:5050/images/PDF_news/2021/21_11_17_PRIVACIDAD_ESG_ESP.pdf,206,correcto,http://localhost:5050/images/PDF_news/2021/21_11_17_PRIVACIDAD_ESG_ESP.pdf,false,application/pdf,
391be58b-9ce9-4205-8c73-44d3a7893e18:es,project-public,public-source-cta,es,https://www.vonwobeser.com/images/PDF_news/2021/21_11_12_ARBITRAJE_ESG_ING.pdf,206,correcto,https://www.vonwobeser.com/images/PDF_news/2021/21_11_12_ARBITRAJE_ESG_ING.pdf,false,application/pdf,
391be58b-9ce9-4205-8c73-44d3a7893e18:es,project-public,public-content-link,es,http://localhost:5050/images/PDF_news/2021/21_11_12_ARBITRAJE_ESG_ESP.pdf,206,correcto,http://localhost:5050/images/PDF_news/2021/21_11_12_ARBITRAJE_ESG_ESP.pdf,false,application/pdf,
391be58b-9ce9-4205-8c73-44d3a7893e18:en,project-public,public-source-cta,en,https://www.vonwobeser.com/images/PDF_news/2021/21_11_12_ARBITRAJE_ESG_ING.pdf,206,correcto,https://www.vonwobeser.com/images/PDF_news/2021/21_11_12_ARBITRAJE_ESG_ING.pdf,false,application/pdf,
391be58b-9ce9-4205-8c73-44d3a7893e18:en,project-public,public-content-link,en,http://localhost:5050/images/PDF_news/2021/21_11_12_ARBITRAJE_ESG_ESP.pdf,206,correcto,http://localhost:5050/images/PDF_news/2021/21_11_12_ARBITRAJE_ESG_ESP.pdf,false,application/pdf,
b1b99ae9-7804-450f-ada9-ac42e3a74c8a:es,project-public,public-content-link,es,http://localhost:5050/images/PDF_news/2021/21_11_03_EMISIONES_ESG_ESP.pdf,206,correcto,http://localhost:5050/images/PDF_news/2021/21_11_03_EMISIONES_ESG_ESP.pdf,false,application/pdf,
b1b99ae9-7804-450f-ada9-ac42e3a74c8a:en,project-public,public-content-link,en,http://localhost:5050/images/PDF_news/2021/21_11_03_EMISIONES_ESG_ESP.pdf,206,correcto,http://localhost:5050/images/PDF_news/2021/21_11_03_EMISIONES_ESG_ESP.pdf,false,application/pdf,
16c8246c-7abe-4e87-b691-2eb6256e9f2f:es,project-public,public-content-link,es,http://localhost:5050/images/PDF_news/2021/21_10_26_ANTI_CORRUPTION_ESG_ESP.pdf,206,correcto,http://localhost:5050/images/PDF_news/2021/21_10_26_ANTI_CORRUPTION_ESG_ESP.pdf,false,application/pdf,
16c8246c-7abe-4e87-b691-2eb6256e9f2f:en,project-public,public-content-link,en,http://localhost:5050/images/PDF_news/2021/21_10_26_ANTI_CORRUPTION_ESG_ESP.pdf,206,correcto,http://localhost:5050/images/PDF_news/2021/21_10_26_ANTI_CORRUPTION_ESG_ESP.pdf,false,application/pdf,
7a0dbb66-77c4-41ba-aeaa-3d959bee9ce8:es,project-public,public-content-link,es,http://localhost:5050/images/PDF_news/2021/21_10_19_STRESS_ESG_ESP.pdf,206,correcto,http://localhost:5050/images/PDF_news/2021/21_10_19_STRESS_ESG_ESP.pdf,false,application/pdf,
7a0dbb66-77c4-41ba-aeaa-3d959bee9ce8:en,project-public,public-content-link,en,http://localhost:5050/images/PDF_news/2021/21_10_19_STRESS_ESG_ESP.pdf,206,correcto,http://localhost:5050/images/PDF_news/2021/21_10_19_STRESS_ESG_ESP.pdf,false,application/pdf,
722c7047-b361-4e55-86d1-7ae3cbc94a81:es,project-public,public-content-link,es,http://localhost:5050/images/PDF_news/2021/21_10_14_REGULACION_ESG_ESP.pdf,206,correcto,http://localhost:5050/images/PDF_news/2021/21_10_14_REGULACION_ESG_ESP.pdf,false,application/pdf,
722c7047-b361-4e55-86d1-7ae3cbc94a81:en,project-public,public-content-link,en,http://localhost:5050/images/PDF_news/2021/21_10_14_REGULACION_ESG_ESP.pdf,206,correcto,http://localhost:5050/images/PDF_news/2021/21_10_14_REGULACION_ESG_ESP.pdf,false,application/pdf,
70a6241f-048c-45e1-b058-1a7bfb1b902f:es,project-public,public-source-cta,es,https://www.vonwobeser.com/images/PDF_news/2021/21_10_12_MINERIA_ESG_ING.pdf,206,correcto,https://www.vonwobeser.com/images/PDF_news/2021/21_10_12_MINERIA_ESG_ING.pdf,false,application/pdf,
70a6241f-048c-45e1-b058-1a7bfb1b902f:es,project-public,public-content-link,es,http://localhost:5050/images/PDF_news/2021/21_10_12_MINERIA_ESG_ESP.pdf,206,correcto,http://localhost:5050/images/PDF_news/2021/21_10_12_MINERIA_ESG_ESP.pdf,false,application/pdf,
70a6241f-048c-45e1-b058-1a7bfb1b902f:en,project-public,public-source-cta,en,https://www.vonwobeser.com/images/PDF_news/2021/21_10_12_MINERIA_ESG_ING.pdf,206,correcto,https://www.vonwobeser.com/images/PDF_news/2021/21_10_12_MINERIA_ESG_ING.pdf,false,application/pdf,
70a6241f-048c-45e1-b058-1a7bfb1b902f:en,project-public,public-content-link,en,http://localhost:5050/images/PDF_news/2021/21_10_12_MINERIA_ESG_ESP.pdf,206,correcto,http://localhost:5050/images/PDF_news/2021/21_10_12_MINERIA_ESG_ESP.pdf,false,application/pdf,
bc778088-7cc0-4118-8780-2e2067fd5d0c:es,project-public,public-content-link,es,http://localhost:5050/images/PDF_news/2021/21_10_08_IMPLICACIONES_ESG_ESP.pdf,206,correcto,http://localhost:5050/images/PDF_news/2021/21_10_08_IMPLICACIONES_ESG_ESP.pdf,false,application/pdf,
bc778088-7cc0-4118-8780-2e2067fd5d0c:en,project-public,public-content-link,en,http://localhost:5050/images/PDF_news/2021/21_10_08_IMPLICACIONES_ESG_ESP.pdf,206,correcto,http://localhost:5050/images/PDF_news/2021/21_10_08_IMPLICACIONES_ESG_ESP.pdf,false,application/pdf,
2e20d19c-2537-4902-8093-b4020bf35db6:es,project-public,public-content-link,es,http://localhost:5050/images/PDF_news/2021/20-Mexico-Overview.pdf,206,correcto,http://localhost:5050/images/PDF_news/2021/20-Mexico-Overview.pdf,false,application/pdf,
2e20d19c-2537-4902-8093-b4020bf35db6:en,project-public,public-content-link,en,http://localhost:5050/images/PDF_news/2021/20-Mexico-Overview.pdf,206,correcto,http://localhost:5050/images/PDF_news/2021/20-Mexico-Overview.pdf,false,application/pdf,
e29beee6-60e0-4585-b11b-aa08636f4e60:es,project-public,public-content-link,es,http://localhost:5050/images/PDF_news/2021/25-Mexico-QA.pdf,206,correcto,http://localhost:5050/images/PDF_news/2021/25-Mexico-QA.pdf,false,application/pdf,
e29beee6-60e0-4585-b11b-aa08636f4e60:en,project-public,public-content-link,en,http://localhost:5050/images/PDF_news/2021/25-Mexico-QA.pdf,206,correcto,http://localhost:5050/images/PDF_news/2021/25-Mexico-QA.pdf,false,application/pdf,
3b2c0a08-904f-4d48-846b-516bb5a41975:es,project-public,public-content-link,es,http://localhost:5050/images/PDF_news/2021/14-_-Indemnity-Escrows-and--Other-Payment-Guarantees.pdf,206,correcto,http://localhost:5050/images/PDF_news/2021/14-_-Indemnity-Escrows-and--Other-Payment-Guarantees.pdf,false,application/pdf,
3b2c0a08-904f-4d48-846b-516bb5a41975:en,project-public,public-content-link,en,http://localhost:5050/images/PDF_news/2021/14-_-Indemnity-Escrows-and--Other-Payment-Guarantees.pdf,206,correcto,http://localhost:5050/images/PDF_news/2021/14-_-Indemnity-Escrows-and--Other-Payment-Guarantees.pdf,false,application/pdf,
267aa63a-5bf5-4881-bd68-5348e17001be:es,project-public,public-content-link,es,http://localhost:5050/images/PDF_news/2021/035_MEXICO-LP.pdf,206,correcto,http://localhost:5050/images/PDF_news/2021/035_MEXICO-LP.pdf,false,application/pdf,
267aa63a-5bf5-4881-bd68-5348e17001be:en,project-public,public-content-link,en,http://localhost:5050/images/PDF_news/2021/035_MEXICO-LP.pdf,206,correcto,http://localhost:5050/images/PDF_news/2021/035_MEXICO-LP.pdf,false,application/pdf,
f72097b6-257a-425e-aad9-1ca4e553b45e:es,project-public,public-content-link,es,http://localhost:5050/images/PDF_news/2020_2/IBA---The-next-wave-of-ISDS-ca-ses-could-be-powered-by-recent-policy-changes-in-the-renewable-energy-sector-in-Mexico.pdf,206,correcto,http://localhost:5050/images/PDF_news/2020_2/IBA---The-next-wave-of-ISDS-ca-ses-could-be-powered-by-recent-policy-changes-in-the-renewable-energy-sector-in-Mexico.pdf,false,application/pdf,
f72097b6-257a-425e-aad9-1ca4e553b45e:en,project-public,public-content-link,en,http://localhost:5050/images/PDF_news/2020_2/IBA---The-next-wave-of-ISDS-ca-ses-could-be-powered-by-recent-policy-changes-in-the-renewable-energy-sector-in-Mexico.pdf,206,correcto,http://localhost:5050/images/PDF_news/2020_2/IBA---The-next-wave-of-ISDS-ca-ses-could-be-powered-by-recent-policy-changes-in-the-renewable-energy-sector-in-Mexico.pdf,false,application/pdf,
4ef8dff1-6dec-4023-b3b0-2918235d88f2:es,project-public,public-content-link,es,http://localhost:5050/images/PDF_news/2020_2/2020_MI-Private-Equity_Mexico.pdf,206,correcto,http://localhost:5050/images/PDF_news/2020_2/2020_MI-Private-Equity_Mexico.pdf,false,application/pdf,
4ef8dff1-6dec-4023-b3b0-2918235d88f2:en,project-public,public-content-link,en,http://localhost:5050/images/PDF_news/2020_2/2020_MI-Private-Equity_Mexico.pdf,206,correcto,http://localhost:5050/images/PDF_news/2020_2/2020_MI-Private-Equity_Mexico.pdf,false,application/pdf,
08334fb7-627f-4f05-95fa-06ade51babdf:es,project-public,public-content-link,es,http://localhost:5050/images/PDF_news/2020_2/LL_Litigation-2021_MX.pdf,206,correcto,http://localhost:5050/images/PDF_news/2020_2/LL_Litigation-2021_MX.pdf,false,application/pdf,
08334fb7-627f-4f05-95fa-06ade51babdf:en,project-public,public-content-link,en,http://localhost:5050/images/PDF_news/2020_2/LL_Litigation-2021_MX.pdf,206,correcto,http://localhost:5050/images/PDF_news/2020_2/LL_Litigation-2021_MX.pdf,false,application/pdf,
0a6de07f-2621-40df-9d8c-65545b6ec41c:es,project-public,public-content-link,es,http://localhost:5050/images/PDF_news/2020_2/IRInov2020edit.pdf,206,correcto,http://localhost:5050/images/PDF_news/2020_2/IRInov2020edit.pdf,false,application/pdf,
0a6de07f-2621-40df-9d8c-65545b6ec41c:en,project-public,public-content-link,en,http://localhost:5050/images/PDF_news/2020_2/IRInov2020edit.pdf,206,correcto,http://localhost:5050/images/PDF_news/2020_2/IRInov2020edit.pdf,false,application/pdf,
dc7539e9-a2f4-4053-8a42-546fda9cc3f5:es,project-public,public-content-link,es,http://localhost:5050/images/PDF_news/2020_2/ITA-2020---Mexico.pdf,206,correcto,http://localhost:5050/images/PDF_news/2020_2/ITA-2020---Mexico.pdf,false,application/pdf,
dc7539e9-a2f4-4053-8a42-546fda9cc3f5:en,project-public,public-content-link,en,http://localhost:5050/images/PDF_news/2020_2/ITA-2020---Mexico.pdf,206,correcto,http://localhost:5050/images/PDF_news/2020_2/ITA-2020---Mexico.pdf,false,application/pdf,
9e7bfa12-3f0e-44a1-9bc8-e941662f3bde:es,project-public,public-content-link,es,http://localhost:5050/images/PDF_news/2020_2/GAR_Commercial-Arbitration_2020_MX.pdf,206,correcto,http://localhost:5050/images/PDF_news/2020_2/GAR_Commercial-Arbitration_2020_MX.pdf,false,application/pdf,
9e7bfa12-3f0e-44a1-9bc8-e941662f3bde:en,project-public,public-content-link,en,http://localhost:5050/images/PDF_news/2020_2/GAR_Commercial-Arbitration_2020_MX.pdf,206,correcto,http://localhost:5050/images/PDF_news/2020_2/GAR_Commercial-Arbitration_2020_MX.pdf,false,application/pdf,
cc6076d4-9bce-44d8-a8bb-f6615542410c:es,project-public,public-content-link,es,http://localhost:5050/images/PDF/2020/8-How-to-Conduct-Internal-Investigations_v2020.pdf,206,correcto,http://localhost:5050/images/PDF/2020/8-How-to-Conduct-Internal-Investigations_v2020.pdf,false,application/pdf,
cc6076d4-9bce-44d8-a8bb-f6615542410c:en,project-public,public-content-link,en,http://localhost:5050/images/PDF/2020/8-How-to-Conduct-Internal-Investigations_v2020.pdf,206,correcto,http://localhost:5050/images/PDF/2020/8-How-to-Conduct-Internal-Investigations_v2020.pdf,false,application/pdf,
c916d9f3-5029-449d-afdc-95af43e1041e:es,project-public,public-content-link,es,http://localhost:5050/images/PDF/2020/202005_ABA_Issue57vf_EG.pdf,206,correcto,http://localhost:5050/images/PDF/2020/202005_ABA_Issue57vf_EG.pdf,false,application/pdf,
c916d9f3-5029-449d-afdc-95af43e1041e:en,project-public,public-content-link,en,http://localhost:5050/images/PDF/2020/202005_ABA_Issue57vf_EG.pdf,206,correcto,http://localhost:5050/images/PDF/2020/202005_ABA_Issue57vf_EG.pdf,false,application/pdf,
d58d8e7f-dae6-4250-a04f-6590ec037caf:es,project-public,public-content-link,es,http://localhost:5050/images/PDF_news/PDF_articles/2020/ITA---Mexico.pdf,206,correcto,http://localhost:5050/images/PDF_news/PDF_articles/2020/ITA---Mexico.pdf,false,application/pdf,
d58d8e7f-dae6-4250-a04f-6590ec037caf:en,project-public,public-content-link,en,http://localhost:5050/images/PDF_news/PDF_articles/2020/ITA---Mexico.pdf,206,correcto,http://localhost:5050/images/PDF_news/PDF_articles/2020/ITA---Mexico.pdf,false,application/pdf,
04adbc1f-4394-4ac4-8d70-132a8f74ac1f:es,project-public,public-content-link,es,http://localhost:5050/images/PDF_news/2020/Mexico-1.pdf,206,correcto,http://localhost:5050/images/PDF_news/2020/Mexico-1.pdf,false,application/pdf,
04adbc1f-4394-4ac4-8d70-132a8f74ac1f:en,project-public,public-content-link,en,http://localhost:5050/images/PDF_news/2020/Mexico-1.pdf,206,correcto,http://localhost:5050/images/PDF_news/2020/Mexico-1.pdf,false,application/pdf,
fb5f279c-3f00-4a64-bc2e-98a4f5f086c7:es,project-public,public-content-link,es,http://localhost:5050/images/PDF_news/PDF_articles/2021/5-Latin-Lawyer.pdf,206,correcto,http://localhost:5050/images/PDF_news/PDF_articles/2021/5-Latin-Lawyer.pdf,false,application/pdf,
fb5f279c-3f00-4a64-bc2e-98a4f5f086c7:en,project-public,public-content-link,en,http://localhost:5050/images/PDF_news/PDF_articles/2021/5-Latin-Lawyer.pdf,206,correcto,http://localhost:5050/images/PDF_news/PDF_articles/2021/5-Latin-Lawyer.pdf,false,application/pdf,
d8fd6c85-05ae-40ed-9c43-c998fe2f4d1d:es,project-public,public-content-link,es,http://localhost:5050/images/PDF_news/PDF_articles/2018/The-Restructuring-Review-of-the-Americas--Mexico-2019.pdf,206,correcto,http://localhost:5050/images/PDF_news/PDF_articles/2018/The-Restructuring-Review-of-the-Americas--Mexico-2019.pdf,false,application/pdf,
d8fd6c85-05ae-40ed-9c43-c998fe2f4d1d:en,project-public,public-content-link,en,http://localhost:5050/images/PDF_news/PDF_articles/2018/The-Restructuring-Review-of-the-Americas--Mexico-2019.pdf,206,correcto,http://localhost:5050/images/PDF_news/PDF_articles/2018/The-Restructuring-Review-of-the-Americas--Mexico-2019.pdf,false,application/pdf,
6850b2e5-62ed-481e-a733-12dd89a07021:es,project-public,public-content-link,es,http://localhost:5050/images/PDF_news/PDF_articles/2018/Mexico-GTDT-Market-Intelligence--Private-Equity-2018.pdf,206,correcto,http://localhost:5050/images/PDF_news/PDF_articles/2018/Mexico-GTDT-Market-Intelligence--Private-Equity-2018.pdf,false,application/pdf,
6850b2e5-62ed-481e-a733-12dd89a07021:en,project-public,public-content-link,en,http://localhost:5050/images/PDF_news/PDF_articles/2018/Mexico-GTDT-Market-Intelligence--Private-Equity-2018.pdf,206,correcto,http://localhost:5050/images/PDF_news/PDF_articles/2018/Mexico-GTDT-Market-Intelligence--Private-Equity-2018.pdf,false,application/pdf,
ccff6015-3ce1-4650-889a-c1933ad3ac7c:es,project-public,public-content-link,es,http://localhost:5050/images/PDF_news/PDF_articles/2018/LL_Litigation-2019_MX.pdf,206,correcto,http://localhost:5050/images/PDF_news/PDF_articles/2018/LL_Litigation-2019_MX.pdf,false,application/pdf,
ccff6015-3ce1-4650-889a-c1933ad3ac7c:en,project-public,public-content-link,en,http://localhost:5050/images/PDF_news/PDF_articles/2018/LL_Litigation-2019_MX.pdf,206,correcto,http://localhost:5050/images/PDF_news/PDF_articles/2018/LL_Litigation-2019_MX.pdf,false,application/pdf,
63c14818-d5f2-40e0-a139-f751335967df:es,project-public,public-content-link,es,http://localhost:5050/images/PDF_news/PDF_articles/2018/La-Competencia-Econmica-en-el-programa-de-Compliance-FC.pdf,206,correcto,http://localhost:5050/images/PDF_news/PDF_articles/2018/La-Competencia-Econmica-en-el-programa-de-Compliance-FC.pdf,false,application/pdf,
63c14818-d5f2-40e0-a139-f751335967df:en,project-public,public-content-link,en,http://localhost:5050/images/PDF_news/PDF_articles/2018/La-Competencia-Econmica-en-el-programa-de-Compliance-FC.pdf,206,correcto,http://localhost:5050/images/PDF_news/PDF_articles/2018/La-Competencia-Econmica-en-el-programa-de-Compliance-FC.pdf,false,application/pdf,
b94fc65b-183c-42dc-bc0e-2b6cd2aa3a74:es,project-public,public-content-link,es,http://localhost:5050/images/PDF_news/PDF_articles/2018/LPS2018Mexico.pdf,206,correcto,http://localhost:5050/images/PDF_news/PDF_articles/2018/LPS2018Mexico.pdf,false,application/pdf,
b94fc65b-183c-42dc-bc0e-2b6cd2aa3a74:en,project-public,public-content-link,en,http://localhost:5050/images/PDF_news/PDF_articles/2018/LPS2018Mexico.pdf,206,correcto,http://localhost:5050/images/PDF_news/PDF_articles/2018/LPS2018Mexico.pdf,false,application/pdf,
6256f615-9808-4a8f-b616-3d324d29ad8c:es,project-public,public-content-link,es,http://localhost:5050/images/PDF_news/PDF_articles/2018/Educational-Institutions-Mexico-Chapter--Silverio-Sandate.pdf,206,correcto,http://localhost:5050/images/PDF_news/PDF_articles/2018/Educational-Institutions-Mexico-Chapter--Silverio-Sandate.pdf,false,application/pdf,
6256f615-9808-4a8f-b616-3d324d29ad8c:en,project-public,public-content-link,en,http://localhost:5050/images/PDF_news/PDF_articles/2018/Educational-Institutions-Mexico-Chapter--Silverio-Sandate.pdf,206,correcto,http://localhost:5050/images/PDF_news/PDF_articles/2018/Educational-Institutions-Mexico-Chapter--Silverio-Sandate.pdf,false,application/pdf,
6fbeb83b-1df4-4b5a-be09-358458ba5775:es,project-public,public-content-link,es,http://localhost:5050/images/PDF_news/PDF_articles/2018/The-Private-Equity-Review-Mexico-Chapter--Investing.pdf,206,correcto,http://localhost:5050/images/PDF_news/PDF_articles/2018/The-Private-Equity-Review-Mexico-Chapter--Investing.pdf,false,application/pdf,
6fbeb83b-1df4-4b5a-be09-358458ba5775:en,project-public,public-content-link,en,http://localhost:5050/images/PDF_news/PDF_articles/2018/The-Private-Equity-Review-Mexico-Chapter--Investing.pdf,206,correcto,http://localhost:5050/images/PDF_news/PDF_articles/2018/The-Private-Equity-Review-Mexico-Chapter--Investing.pdf,false,application/pdf,
333b6079-2667-4c3c-a56c-3c6ac2d0db18:es,project-public,public-content-link,es,http://localhost:5050/images/PDF_news/PDF_articles/2018/017_MEXICO-TD.pdf,206,correcto,http://localhost:5050/images/PDF_news/PDF_articles/2018/017_MEXICO-TD.pdf,false,application/pdf,
333b6079-2667-4c3c-a56c-3c6ac2d0db18:en,project-public,public-content-link,en,http://localhost:5050/images/PDF_news/PDF_articles/2018/017_MEXICO-TD.pdf,206,correcto,http://localhost:5050/images/PDF_news/PDF_articles/2018/017_MEXICO-TD.pdf,false,application/pdf,
c52ecedd-8ebb-4981-99b6-6c3d6ff67048:es,project-public,public-content-link,es,http://localhost:5050/images/PDF_news/PDF_articles/2017/Class-Actions-2018Mexico.pdf,206,correcto,http://localhost:5050/images/PDF_news/PDF_articles/2017/Class-Actions-2018Mexico.pdf,false,application/pdf,
c52ecedd-8ebb-4981-99b6-6c3d6ff67048:en,project-public,public-content-link,en,http://localhost:5050/images/PDF_news/PDF_articles/2017/Class-Actions-2018Mexico.pdf,206,correcto,http://localhost:5050/images/PDF_news/PDF_articles/2017/Class-Actions-2018Mexico.pdf,false,application/pdf,
a923597a-736a-48bd-b292-84ad3796d744:es,project-public,public-content-link,es,http://localhost:5050/images/PDF_news/PDF_articles/2017/GTDT-Market-Intelligence--Private-Equity--Volume-4-Issue-6.pdf,206,correcto,http://localhost:5050/images/PDF_news/PDF_articles/2017/GTDT-Market-Intelligence--Private-Equity--Volume-4-Issue-6.pdf,false,application/pdf,
a923597a-736a-48bd-b292-84ad3796d744:en,project-public,public-content-link,en,http://localhost:5050/images/PDF_news/PDF_articles/2017/GTDT-Market-Intelligence--Private-Equity--Volume-4-Issue-6.pdf,206,correcto,http://localhost:5050/images/PDF_news/PDF_articles/2017/GTDT-Market-Intelligence--Private-Equity--Volume-4-Issue-6.pdf,false,application/pdf,
b67dc8d2-a0ee-4454-8a56-f1cb906fd623:es,project-public,public-content-link,es,http://localhost:5050/images/PDF_news/2017/Mexican-MA-shrugs-off-the-Trump-slump-_-Euromoney.pdf,206,correcto,http://localhost:5050/images/PDF_news/2017/Mexican-MA-shrugs-off-the-Trump-slump-_-Euromoney.pdf,false,application/pdf,
b67dc8d2-a0ee-4454-8a56-f1cb906fd623:en,project-public,public-content-link,en,http://localhost:5050/images/PDF_news/2017/Mexican-MA-shrugs-off-the-Trump-slump-_-Euromoney.pdf,206,correcto,http://localhost:5050/images/PDF_news/2017/Mexican-MA-shrugs-off-the-Trump-slump-_-Euromoney.pdf,false,application/pdf,
0216531a-a170-48a0-8941-8f52c69464a4:es,project-public,public-content-link,es,http://localhost:5050/images/PDF_news/2017/IAR2017Mexico.pdf,206,correcto,http://localhost:5050/images/PDF_news/2017/IAR2017Mexico.pdf,false,application/pdf,
0216531a-a170-48a0-8941-8f52c69464a4:en,project-public,public-content-link,en,http://localhost:5050/images/PDF_news/2017/IAR2017Mexico.pdf,206,correcto,http://localhost:5050/images/PDF_news/2017/IAR2017Mexico.pdf,false,application/pdf,
665d0724-9b59-4a2d-b4e0-bfdbcf23681c:es,project-public,public-content-link,es,http://localhost:5050/images/PDF_news/PDF_articles/2017/Claus-Von-Wobeser-Adrian-Magallanes--Chambers-Partners-Global-Practice-Guides-International-Arbitration-Mexico.pdf,206,correcto,http://localhost:5050/images/PDF_news/PDF_articles/2017/Claus-Von-Wobeser-Adrian-Magallanes--Chambers-Partners-Global-Practice-Guides-International-Arbitration-Mexico.pdf,false,application/pdf,
665d0724-9b59-4a2d-b4e0-bfdbcf23681c:en,project-public,public-content-link,en,http://localhost:5050/images/PDF_news/PDF_articles/2017/Claus-Von-Wobeser-Adrian-Magallanes--Chambers-Partners-Global-Practice-Guides-International-Arbitration-Mexico.pdf,206,correcto,http://localhost:5050/images/PDF_news/PDF_articles/2017/Claus-Von-Wobeser-Adrian-Magallanes--Chambers-Partners-Global-Practice-Guides-International-Arbitration-Mexico.pdf,false,application/pdf,
b5cf3eb6-b656-4fb6-8d9a-9010c27baa24:es,project-public,public-content-link,es,http://localhost:5050/images/PDF_news/PDF_articles/2017/Cooperacin_Internacional_en_Investigaciones_Anticorrupcion_Diego-Sierra.pdf,206,correcto,http://localhost:5050/images/PDF_news/PDF_articles/2017/Cooperacin_Internacional_en_Investigaciones_Anticorrupcion_Diego-Sierra.pdf,false,application/pdf,
b5cf3eb6-b656-4fb6-8d9a-9010c27baa24:en,project-public,public-content-link,en,http://localhost:5050/images/PDF_news/PDF_articles/2017/Cooperacin_Internacional_en_Investigaciones_Anticorrupcion_Diego-Sierra.pdf,206,correcto,http://localhost:5050/images/PDF_news/PDF_articles/2017/Cooperacin_Internacional_en_Investigaciones_Anticorrupcion_Diego-Sierra.pdf,false,application/pdf,
f9950d63-a4db-4255-aed2-2dd3bb3a6a36:es,project-public,public-content-link,es,http://localhost:5050/images/PDF_news/PDF_articles/2017/Private-Equity-Review-April-2017.pdf,206,correcto,http://localhost:5050/images/PDF_news/PDF_articles/2017/Private-Equity-Review-April-2017.pdf,false,application/pdf,
f9950d63-a4db-4255-aed2-2dd3bb3a6a36:en,project-public,public-content-link,en,http://localhost:5050/images/PDF_news/PDF_articles/2017/Private-Equity-Review-April-2017.pdf,206,correcto,http://localhost:5050/images/PDF_news/PDF_articles/2017/Private-Equity-Review-April-2017.pdf,false,application/pdf,
fb5115cb-1acd-46a5-8cb8-dc0b9178aae3:es,project-public,public-content-link,es,http://localhost:5050/images/PDF_news/PDF_articles/2017/240317-The-Franchise-Law-Review-.pdf,206,correcto,http://localhost:5050/images/PDF_news/PDF_articles/2017/240317-The-Franchise-Law-Review-.pdf,false,application/pdf,
fb5115cb-1acd-46a5-8cb8-dc0b9178aae3:en,project-public,public-content-link,en,http://localhost:5050/images/PDF_news/PDF_articles/2017/240317-The-Franchise-Law-Review-.pdf,206,correcto,http://localhost:5050/images/PDF_news/PDF_articles/2017/240317-The-Franchise-Law-Review-.pdf,false,application/pdf,
ade16294-fac0-48ba-a236-88ab26202ba8:es,project-public,public-content-link,es,http://localhost:5050/images/PDF_news/PDF_articles/2017/240317-GTDT-Arbitration-2017.pdf,206,correcto,http://localhost:5050/images/PDF_news/PDF_articles/2017/240317-GTDT-Arbitration-2017.pdf,false,application/pdf,
ade16294-fac0-48ba-a236-88ab26202ba8:en,project-public,public-content-link,en,http://localhost:5050/images/PDF_news/PDF_articles/2017/240317-GTDT-Arbitration-2017.pdf,206,correcto,http://localhost:5050/images/PDF_news/PDF_articles/2017/240317-GTDT-Arbitration-2017.pdf,false,application/pdf,
76a8b3e1-d84b-4fa0-a3df-a177f4f23203:es,project-public,public-content-link,es,http://localhost:5050/images/PDF_news/PDF_articles/2016/MI-3-5-PE-Mexico.pdf,206,correcto,http://localhost:5050/images/PDF_news/PDF_articles/2016/MI-3-5-PE-Mexico.pdf,false,application/pdf,
76a8b3e1-d84b-4fa0-a3df-a177f4f23203:en,project-public,public-content-link,en,http://localhost:5050/images/PDF_news/PDF_articles/2016/MI-3-5-PE-Mexico.pdf,206,correcto,http://localhost:5050/images/PDF_news/PDF_articles/2016/MI-3-5-PE-Mexico.pdf,false,application/pdf,
df1c7d43-e293-4901-991f-ea584362deb0:es,project-public,public-content-link,es,http://localhost:5050/images/PDF_news/PDF_articles/2016/IA16_Chapter-40_Mexico.pdf,206,correcto,http://localhost:5050/images/PDF_news/PDF_articles/2016/IA16_Chapter-40_Mexico.pdf,false,application/pdf,
df1c7d43-e293-4901-991f-ea584362deb0:en,project-public,public-content-link,en,http://localhost:5050/images/PDF_news/PDF_articles/2016/IA16_Chapter-40_Mexico.pdf,206,correcto,http://localhost:5050/images/PDF_news/PDF_articles/2016/IA16_Chapter-40_Mexico.pdf,false,application/pdf,
638d33c0-180b-4708-9f10-d2806f26eeb2:es,project-public,public-content-link,es,http://localhost:5050/images/PDF_news/PDF_articles/2016/New_Rules1.PDF,206,correcto,http://localhost:5050/images/PDF_news/PDF_articles/2016/New_Rules1.PDF,false,application/pdf,
638d33c0-180b-4708-9f10-d2806f26eeb2:en,project-public,public-content-link,en,http://localhost:5050/images/PDF_news/PDF_articles/2016/New_Rules1.PDF,206,correcto,http://localhost:5050/images/PDF_news/PDF_articles/2016/New_Rules1.PDF,false,application/pdf,
848e5e2a-0b9c-4294-bc9e-de3f17919210:es,project-public,public-content-link,es,http://localhost:5050/images/PDF_news/PDF_articles/2016/ov14-1-article08.pdf,206,correcto,http://localhost:5050/images/PDF_news/PDF_articles/2016/ov14-1-article08.pdf,false,application/pdf,
848e5e2a-0b9c-4294-bc9e-de3f17919210:en,project-public,public-content-link,en,http://localhost:5050/images/PDF_news/PDF_articles/2016/ov14-1-article08.pdf,206,correcto,http://localhost:5050/images/PDF_news/PDF_articles/2016/ov14-1-article08.pdf,false,application/pdf,
ec5ed37d-1440-4c12-8860-5b807cd0a5a0:es,project-public,public-content-link,es,http://localhost:5050/images/PDF_news/PDF_articles/2016/Mexico.pdf,206,correcto,http://localhost:5050/images/PDF_news/PDF_articles/2016/Mexico.pdf,false,application/pdf,
ec5ed37d-1440-4c12-8860-5b807cd0a5a0:en,project-public,public-content-link,en,http://localhost:5050/images/PDF_news/PDF_articles/2016/Mexico.pdf,206,correcto,http://localhost:5050/images/PDF_news/PDF_articles/2016/Mexico.pdf,false,application/pdf,
adf8a290-bdf4-433f-976a-ec42e0165572:es,project-public,public-content-link,es,http://localhost:5050/images/PDF_news/PDF_articles/2016/vwys.pdf,206,correcto,http://localhost:5050/images/PDF_news/PDF_articles/2016/vwys.pdf,false,application/pdf,
adf8a290-bdf4-433f-976a-ec42e0165572:en,project-public,public-content-link,en,http://localhost:5050/images/PDF_news/PDF_articles/2016/vwys.pdf,206,correcto,http://localhost:5050/images/PDF_news/PDF_articles/2016/vwys.pdf,false,application/pdf,
4924241f-9975-4218-9956-4b9739a44843:es,project-public,public-content-link,es,http://localhost:5050/images/PDF_news/PDF_articles/2015/vwys0412.pdf,206,correcto,http://localhost:5050/images/PDF_news/PDF_articles/2015/vwys0412.pdf,false,application/pdf,
4924241f-9975-4218-9956-4b9739a44843:en,project-public,public-content-link,en,http://localhost:5050/images/PDF_news/PDF_articles/2015/vwys0412.pdf,206,correcto,http://localhost:5050/images/PDF_news/PDF_articles/2015/vwys0412.pdf,false,application/pdf,
92fab304-00a7-44c8-a0bc-23eeb2cb7096:es,project-public,public-content-link,es,http://localhost:5050/images/PDF_news/PDF_articles/2015/OS2016_Mexico.pdf,206,correcto,http://localhost:5050/images/PDF_news/PDF_articles/2015/OS2016_Mexico.pdf,false,application/pdf,
92fab304-00a7-44c8-a0bc-23eeb2cb7096:en,project-public,public-content-link,en,http://localhost:5050/images/PDF_news/PDF_articles/2015/OS2016_Mexico.pdf,206,correcto,http://localhost:5050/images/PDF_news/PDF_articles/2015/OS2016_Mexico.pdf,false,application/pdf,
f0f2685e-e88b-4c22-9567-0f9a84728396:es,project-public,public-content-link,es,http://localhost:5050/images/PDF_news/PDF_articles/2015/marketintelligence.pdf,206,correcto,http://localhost:5050/images/PDF_news/PDF_articles/2015/marketintelligence.pdf,false,application/pdf,
f0f2685e-e88b-4c22-9567-0f9a84728396:en,project-public,public-content-link,en,http://localhost:5050/images/PDF_news/PDF_articles/2015/marketintelligence.pdf,206,correcto,http://localhost:5050/images/PDF_news/PDF_articles/2015/marketintelligence.pdf,false,application/pdf,
19da683e-cc0c-4713-a7f3-ad0e6fcf4e36:es,project-public,public-content-link,es,http://localhost:5050/images/PDF_news/PDF_articles/2015/North_American_Regional_Forum_News_Sept_2015.pdf,206,correcto,http://localhost:5050/images/PDF_news/PDF_articles/2015/North_American_Regional_Forum_News_Sept_2015.pdf,false,application/pdf,
19da683e-cc0c-4713-a7f3-ad0e6fcf4e36:en,project-public,public-content-link,en,http://localhost:5050/images/PDF_news/PDF_articles/2015/North_American_Regional_Forum_News_Sept_2015.pdf,206,correcto,http://localhost:5050/images/PDF_news/PDF_articles/2015/North_American_Regional_Forum_News_Sept_2015.pdf,false,application/pdf,
9fa56e25-2a92-478f-bce5-7ea3e1140470:es,project-public,public-content-link,es,http://localhost:5050/images/PDF_news/PDF_articles/2015/classactions.pdf,206,correcto,http://localhost:5050/images/PDF_news/PDF_articles/2015/classactions.pdf,false,application/pdf,
9fa56e25-2a92-478f-bce5-7ea3e1140470:en,project-public,public-content-link,en,http://localhost:5050/images/PDF_news/PDF_articles/2015/classactions.pdf,206,correcto,http://localhost:5050/images/PDF_news/PDF_articles/2015/classactions.pdf,false,application/pdf,
766c7a97-103a-402e-ad0d-501dcf758039:es,project-public,public-content-link,es,http://localhost:5050/images/PDF_news/PDF_articles/2015/Mexico_Overview.pdf,206,correcto,http://localhost:5050/images/PDF_news/PDF_articles/2015/Mexico_Overview.pdf,false,application/pdf,
766c7a97-103a-402e-ad0d-501dcf758039:en,project-public,public-content-link,en,http://localhost:5050/images/PDF_news/PDF_articles/2015/Mexico_Overview.pdf,206,correcto,http://localhost:5050/images/PDF_news/PDF_articles/2015/Mexico_Overview.pdf,false,application/pdf,
57aa2df5-10db-4548-8bb2-6f1b2d2d5640:es,project-public,public-content-link,es,http://localhost:5050/images/PDF_news/PDF_articles/2015/Mexico.pdf,206,correcto,http://localhost:5050/images/PDF_news/PDF_articles/2015/Mexico.pdf,false,application/pdf,
57aa2df5-10db-4548-8bb2-6f1b2d2d5640:en,project-public,public-content-link,en,http://localhost:5050/images/PDF_news/PDF_articles/2015/Mexico.pdf,206,correcto,http://localhost:5050/images/PDF_news/PDF_articles/2015/Mexico.pdf,false,application/pdf,
5a16386e-0b48-4f13-a2aa-d5b43fd4a28c:es,project-public,public-content-link,es,http://localhost:5050/images/PDF_news/PDF_articles/2015/Mexico-Overviewsep15.pdf,206,correcto,http://localhost:5050/images/PDF_news/PDF_articles/2015/Mexico-Overviewsep15.pdf,false,application/pdf,
5a16386e-0b48-4f13-a2aa-d5b43fd4a28c:en,project-public,public-content-link,en,http://localhost:5050/images/PDF_news/PDF_articles/2015/Mexico-Overviewsep15.pdf,206,correcto,http://localhost:5050/images/PDF_news/PDF_articles/2015/Mexico-Overviewsep15.pdf,false,application/pdf,
cbdc4a73-bbce-40de-8930-08f48168dcbd:es,project-public,public-content-link,es,http://localhost:5050/images/PDF_news/PDF_articles/2015/FINANCIER.pdf,206,correcto,http://localhost:5050/images/PDF_news/PDF_articles/2015/FINANCIER.pdf,false,application/pdf,
cbdc4a73-bbce-40de-8930-08f48168dcbd:en,project-public,public-content-link,en,http://localhost:5050/images/PDF_news/PDF_articles/2015/FINANCIER.pdf,206,correcto,http://localhost:5050/images/PDF_news/PDF_articles/2015/FINANCIER.pdf,false,application/pdf,
10791a99-f38f-4bf1-8dce-8e45d065111f:es,project-public,public-content-link,es,http://localhost:5050/images/PDF_news/PDF_articles/2015/MEXICO_LandP.PDF,206,correcto,http://localhost:5050/images/PDF_news/PDF_articles/2015/MEXICO_LandP.PDF,false,application/pdf,
10791a99-f38f-4bf1-8dce-8e45d065111f:en,project-public,public-content-link,en,http://localhost:5050/images/PDF_news/PDF_articles/2015/MEXICO_LandP.PDF,206,correcto,http://localhost:5050/images/PDF_news/PDF_articles/2015/MEXICO_LandP.PDF,false,application/pdf,
5f5e060a-c7c6-4236-af71-90bf25cfcbae:es,project-public,public-content-link,es,http://localhost:5050/images/PDF_news/PDF_articles/2015/MEXICO_TD.PDF,206,correcto,http://localhost:5050/images/PDF_news/PDF_articles/2015/MEXICO_TD.PDF,false,application/pdf,
5f5e060a-c7c6-4236-af71-90bf25cfcbae:en,project-public,public-content-link,en,http://localhost:5050/images/PDF_news/PDF_articles/2015/MEXICO_TD.PDF,206,correcto,http://localhost:5050/images/PDF_news/PDF_articles/2015/MEXICO_TD.PDF,false,application/pdf,
dc2b56c5-6e09-4f0e-b033-47c4e00841d5:es,project-public,public-content-link,es,http://localhost:5050/images/PDF_news/PDF_articles/2015/VWYS-_5099-v1-Andres_Nieto__Getting_the_Deal_Throug__Structured_Finance_Securitisation__april_20151.pdf,206,correcto,http://localhost:5050/images/PDF_news/PDF_articles/2015/VWYS-_5099-v1-Andres_Nieto__Getting_the_Deal_Throug__Structured_Finance_Securitisation__april_20151.pdf,false,application/pdf,
dc2b56c5-6e09-4f0e-b033-47c4e00841d5:en,project-public,public-content-link,en,http://localhost:5050/images/PDF_news/PDF_articles/2015/VWYS-_5099-v1-Andres_Nieto__Getting_the_Deal_Throug__Structured_Finance_Securitisation__april_20151.pdf,206,correcto,http://localhost:5050/images/PDF_news/PDF_articles/2015/VWYS-_5099-v1-Andres_Nieto__Getting_the_Deal_Throug__Structured_Finance_Securitisation__april_20151.pdf,false,application/pdf,
87305d2a-2d2a-44f6-acea-ec5730d17f45:es,project-public,public-content-link,es,http://localhost:5050/images/PDF_news/PDF_articles/2015/VWYS_2603-v1-CHAMBERS_AND_PARTNERS_COMPETITION_ANTITRUST_MEXICO.PDF,206,correcto,http://localhost:5050/images/PDF_news/PDF_articles/2015/VWYS_2603-v1-CHAMBERS_AND_PARTNERS_COMPETITION_ANTITRUST_MEXICO.PDF,false,application/pdf,
87305d2a-2d2a-44f6-acea-ec5730d17f45:en,project-public,public-content-link,en,http://localhost:5050/images/PDF_news/PDF_articles/2015/VWYS_2603-v1-CHAMBERS_AND_PARTNERS_COMPETITION_ANTITRUST_MEXICO.PDF,206,correcto,http://localhost:5050/images/PDF_news/PDF_articles/2015/VWYS_2603-v1-CHAMBERS_AND_PARTNERS_COMPETITION_ANTITRUST_MEXICO.PDF,false,application/pdf,
da86183f-5f92-462d-bd83-f27558341942:es,project-public,public-content-link,es,http://localhost:5050/images/PDF_news/PDF_articles/2015/VWYS_2603-v1-CHAMBERS_AND_PARTNERS_COMPETITION_ANTITRUST_MEXICO.PDF,206,correcto,http://localhost:5050/images/PDF_news/PDF_articles/2015/VWYS_2603-v1-CHAMBERS_AND_PARTNERS_COMPETITION_ANTITRUST_MEXICO.PDF,false,application/pdf,
da86183f-5f92-462d-bd83-f27558341942:en,project-public,public-content-link,en,http://localhost:5050/images/PDF_news/PDF_articles/2015/VWYS_2603-v1-CHAMBERS_AND_PARTNERS_COMPETITION_ANTITRUST_MEXICO.PDF,206,correcto,http://localhost:5050/images/PDF_news/PDF_articles/2015/VWYS_2603-v1-CHAMBERS_AND_PARTNERS_COMPETITION_ANTITRUST_MEXICO.PDF,false,application/pdf,
1fedc659-69d8-4b81-b4fd-4477e67bcd0e:es,project-public,public-content-link,es,http://localhost:5050/images/PDF_news/PDF_articles/2015/Enforcement_of_Investment_Treaty_Arbitration_Awards_Mexico.pdf,206,correcto,http://localhost:5050/images/PDF_news/PDF_articles/2015/Enforcement_of_Investment_Treaty_Arbitration_Awards_Mexico.pdf,false,application/pdf,
1fedc659-69d8-4b81-b4fd-4477e67bcd0e:en,project-public,public-content-link,en,http://localhost:5050/images/PDF_news/PDF_articles/2015/Enforcement_of_Investment_Treaty_Arbitration_Awards_Mexico.pdf,206,correcto,http://localhost:5050/images/PDF_news/PDF_articles/2015/Enforcement_of_Investment_Treaty_Arbitration_Awards_Mexico.pdf,false,application/pdf,
c82b8d8d-89fd-46dd-a1bb-994e5974861d:es,project-public,public-content-link,es,http://localhost:5050/images/PDF_news/Virtual_Round_Table_Energy_Natural_Resources_2015.pdf,206,correcto,http://localhost:5050/images/PDF_news/Virtual_Round_Table_Energy_Natural_Resources_2015.pdf,false,application/pdf,
c82b8d8d-89fd-46dd-a1bb-994e5974861d:en,project-public,public-content-link,en,http://localhost:5050/images/PDF_news/Virtual_Round_Table_Energy_Natural_Resources_2015.pdf,206,correcto,http://localhost:5050/images/PDF_news/Virtual_Round_Table_Energy_Natural_Resources_2015.pdf,false,application/pdf,
9d909886-a79f-4550-be9a-3f795638f602:es,project-public,public-content-link,es,http://localhost:5050/images/68-FernandoCarreoandPalomaAlcantaraTheAntitrustReviewoftheAmericas2015Overview.pdf,206,correcto,http://localhost:5050/images/68-FernandoCarreoandPalomaAlcantaraTheAntitrustReviewoftheAmericas2015Overview.pdf,false,application/pdf,
9d909886-a79f-4550-be9a-3f795638f602:en,project-public,public-content-link,en,http://localhost:5050/images/68-FernandoCarreoandPalomaAlcantaraTheAntitrustReviewoftheAmericas2015Overview.pdf,206,correcto,http://localhost:5050/images/68-FernandoCarreoandPalomaAlcantaraTheAntitrustReviewoftheAmericas2015Overview.pdf,false,application/pdf,
e3c8f834-a1bc-4ca6-82d1-1df39fc8643c:es,project-public,public-content-link,es,http://localhost:5050/images/PDF_news/PDF_articles/2014/InvestmentTraetyArbitration2014.PDF,206,correcto,http://localhost:5050/images/PDF_news/PDF_articles/2014/InvestmentTraetyArbitration2014.PDF,false,application/pdf,
e3c8f834-a1bc-4ca6-82d1-1df39fc8643c:en,project-public,public-content-link,en,http://localhost:5050/images/PDF_news/PDF_articles/2014/InvestmentTraetyArbitration2014.PDF,206,correcto,http://localhost:5050/images/PDF_news/PDF_articles/2014/InvestmentTraetyArbitration2014.PDF,false,application/pdf,
8157a73c-0594-45a2-96f9-06cf488ba530:es,project-public,public-content-link,es,http://localhost:5050/images/PDF_news/PDF_articles/2014/201410GIRInvestigationsReviewoftheAmericas2015DS.pdf,206,correcto,http://localhost:5050/images/PDF_news/PDF_articles/2014/201410GIRInvestigationsReviewoftheAmericas2015DS.pdf,false,application/pdf,
8157a73c-0594-45a2-96f9-06cf488ba530:en,project-public,public-content-link,en,http://localhost:5050/images/PDF_news/PDF_articles/2014/201410GIRInvestigationsReviewoftheAmericas2015DS.pdf,206,correcto,http://localhost:5050/images/PDF_news/PDF_articles/2014/201410GIRInvestigationsReviewoftheAmericas2015DS.pdf,false,application/pdf,
18f7ef4c-2837-481e-a39a-71a56aba4c83:es,project-public,public-content-link,es,http://localhost:5050/images/PDF_news/PDF_articles/2014/201410GTDTMexicoOutsourcing.pdf,206,correcto,http://localhost:5050/images/PDF_news/PDF_articles/2014/201410GTDTMexicoOutsourcing.pdf,false,application/pdf,
18f7ef4c-2837-481e-a39a-71a56aba4c83:en,project-public,public-content-link,en,http://localhost:5050/images/PDF_news/PDF_articles/2014/201410GTDTMexicoOutsourcing.pdf,206,correcto,http://localhost:5050/images/PDF_news/PDF_articles/2014/201410GTDTMexicoOutsourcing.pdf,false,application/pdf,
39f820bf-ab9d-4968-815c-0f510bd583bc:es,project-public,public-content-link,es,http://localhost:5050/images/PDF_news/PDF_articles/2014/CorporateLivewireEnergyNaturalResourcesJuly2014EG.pdf,206,correcto,http://localhost:5050/images/PDF_news/PDF_articles/2014/CorporateLivewireEnergyNaturalResourcesJuly2014EG.pdf,false,application/pdf,
39f820bf-ab9d-4968-815c-0f510bd583bc:en,project-public,public-content-link,en,http://localhost:5050/images/PDF_news/PDF_articles/2014/CorporateLivewireEnergyNaturalResourcesJuly2014EG.pdf,206,correcto,http://localhost:5050/images/PDF_news/PDF_articles/2014/CorporateLivewireEnergyNaturalResourcesJuly2014EG.pdf,false,application/pdf,
763d49ab-128e-4ac5-9360-fdfa5407e83a:es,project-public,public-content-link,es,http://localhost:5050/images/PDF_news/PDF_articles/2014/THEPUBLICCOMPETITIONREVIEWEDITION6.pdf,206,correcto,http://localhost:5050/images/PDF_news/PDF_articles/2014/THEPUBLICCOMPETITIONREVIEWEDITION6.pdf,false,application/pdf,
763d49ab-128e-4ac5-9360-fdfa5407e83a:en,project-public,public-content-link,en,http://localhost:5050/images/PDF_news/PDF_articles/2014/THEPUBLICCOMPETITIONREVIEWEDITION6.pdf,206,correcto,http://localhost:5050/images/PDF_news/PDF_articles/2014/THEPUBLICCOMPETITIONREVIEWEDITION6.pdf,false,application/pdf,
cbcaeae0-ff36-4e17-ae43-1188c1be69f1:es,project-public,public-content-link,es,http://localhost:5050/images/PDF_news/201402GettingTheDealThroughArbitration.pdf,206,correcto,http://localhost:5050/images/PDF_news/201402GettingTheDealThroughArbitration.pdf,false,application/pdf,
cbcaeae0-ff36-4e17-ae43-1188c1be69f1:en,project-public,public-content-link,en,http://localhost:5050/images/PDF_news/201402GettingTheDealThroughArbitration.pdf,206,correcto,http://localhost:5050/images/PDF_news/201402GettingTheDealThroughArbitration.pdf,false,application/pdf,
effed0a2-5d3f-463f-8d8e-10c21a4531d7:es,project-public,public-content-link,es,http://localhost:5050/images/PDF_news/PDF_articles/2014/LWVRTEnergyandNaturalResources2014.pdf,206,correcto,http://localhost:5050/images/PDF_news/PDF_articles/2014/LWVRTEnergyandNaturalResources2014.pdf,false,application/pdf,
effed0a2-5d3f-463f-8d8e-10c21a4531d7:en,project-public,public-content-link,en,http://localhost:5050/images/PDF_news/PDF_articles/2014/LWVRTEnergyandNaturalResources2014.pdf,206,correcto,http://localhost:5050/images/PDF_news/PDF_articles/2014/LWVRTEnergyandNaturalResources2014.pdf,false,application/pdf,
7fe231ad-a9cd-44cc-95c1-f814d2bcb0eb:es,project-public,public-source-cta,es,https://www.vonwobeser.com/images/PDF_news/2015/MexicoOutsourcingNov2013.pdf,206,correcto,https://www.vonwobeser.com/images/PDF_news/2015/MexicoOutsourcingNov2013.pdf,false,application/pdf,
7fe231ad-a9cd-44cc-95c1-f814d2bcb0eb:en,project-public,public-source-cta,en,https://www.vonwobeser.com/images/PDF_news/2015/MexicoOutsourcingNov2013.pdf,206,correcto,https://www.vonwobeser.com/images/PDF_news/2015/MexicoOutsourcingNov2013.pdf,false,application/pdf,
657c135f-2dcf-4aba-b0b8-63a2154ff521:es,project-public,public-source-cta,es,https://www.vonwobeser.com/images/PDF_news/PDF_articles/2013/45-MexicoInvestmentTreaty.pdf,206,correcto,https://www.vonwobeser.com/images/PDF_news/PDF_articles/2013/45-MexicoInvestmentTreaty.pdf,false,application/pdf,
657c135f-2dcf-4aba-b0b8-63a2154ff521:en,project-public,public-source-cta,en,https://www.vonwobeser.com/images/PDF_news/PDF_articles/2013/45-MexicoInvestmentTreaty.pdf,206,correcto,https://www.vonwobeser.com/images/PDF_news/PDF_articles/2013/45-MexicoInvestmentTreaty.pdf,false,application/pdf,
c700fb11-80ca-41f3-bd17-a223aa1f6edf:es,project-public,public-content-link,es,http://localhost:5050/images/PDF_news/2015/TheArbitrationReviewoftheAmericas2014.pdf,206,correcto,http://localhost:5050/images/PDF_news/2015/TheArbitrationReviewoftheAmericas2014.pdf,false,application/pdf,
c700fb11-80ca-41f3-bd17-a223aa1f6edf:en,project-public,public-content-link,en,http://localhost:5050/images/PDF_news/2015/TheArbitrationReviewoftheAmericas2014.pdf,206,correcto,http://localhost:5050/images/PDF_news/2015/TheArbitrationReviewoftheAmericas2014.pdf,false,application/pdf,
d2ae52f8-2ca6-4958-add2-1b094325a649:es,project-public,public-source-cta,es,https://www.vonwobeser.com/images/PDF_news/2015/IBAMexicoChapterInternationalArbitrationGuide2013.pdf,206,correcto,https://www.vonwobeser.com/images/PDF_news/2015/IBAMexicoChapterInternationalArbitrationGuide2013.pdf,false,application/pdf,
d2ae52f8-2ca6-4958-add2-1b094325a649:en,project-public,public-source-cta,en,https://www.vonwobeser.com/images/PDF_news/2015/IBAMexicoChapterInternationalArbitrationGuide2013.pdf,206,correcto,https://www.vonwobeser.com/images/PDF_news/2015/IBAMexicoChapterInternationalArbitrationGuide2013.pdf,false,application/pdf,
7004c01c-9360-4aa5-b0c4-f7afee0e8918:es,project-public,public-content-link,es,http://localhost:5050/images/PDF_news/2015/73CorporateLivewireEnergyNaturalResources2013.pdf,206,correcto,http://localhost:5050/images/PDF_news/2015/73CorporateLivewireEnergyNaturalResources2013.pdf,false,application/pdf,
7004c01c-9360-4aa5-b0c4-f7afee0e8918:en,project-public,public-content-link,en,http://localhost:5050/images/PDF_news/2015/73CorporateLivewireEnergyNaturalResources2013.pdf,206,correcto,http://localhost:5050/images/PDF_news/2015/73CorporateLivewireEnergyNaturalResources2013.pdf,false,application/pdf,
f806bef2-7755-46bb-ab21-31795e951a5b:es,project-public,public-content-link,es,http://localhost:5050/images/PDF_news/2015/70Mexicancourtallowsenforcementofarbitraltribunal.pdf,206,correcto,http://localhost:5050/images/PDF_news/2015/70Mexicancourtallowsenforcementofarbitraltribunal.pdf,false,application/pdf,
f806bef2-7755-46bb-ab21-31795e951a5b:en,project-public,public-content-link,en,http://localhost:5050/images/PDF_news/2015/70Mexicancourtallowsenforcementofarbitraltribunal.pdf,206,correcto,http://localhost:5050/images/PDF_news/2015/70Mexicancourtallowsenforcementofarbitraltribunal.pdf,false,application/pdf,
c031c431-9398-49ec-abca-3c236f73e067:es,project-public,public-content-link,es,http://localhost:5050/images/PDF_news/2015/69PraxisMejoresPracticasDiegoSierra.pdf,206,correcto,http://localhost:5050/images/PDF_news/2015/69PraxisMejoresPracticasDiegoSierra.pdf,false,application/pdf,
c031c431-9398-49ec-abca-3c236f73e067:en,project-public,public-content-link,en,http://localhost:5050/images/PDF_news/2015/69PraxisMejoresPracticasDiegoSierra.pdf,206,correcto,http://localhost:5050/images/PDF_news/2015/69PraxisMejoresPracticasDiegoSierra.pdf,false,application/pdf,
9147f46d-62c9-42a5-8a5c-9c1beef3189a:es,project-public,public-content-link,es,http://localhost:5050/images/PDF_news/2015/68InsolvencyasaPrerequisiteforfilingaBankruptcyProcedureinMexico.pdf,206,correcto,http://localhost:5050/images/PDF_news/2015/68InsolvencyasaPrerequisiteforfilingaBankruptcyProcedureinMexico.pdf,false,application/pdf,
9147f46d-62c9-42a5-8a5c-9c1beef3189a:en,project-public,public-content-link,en,http://localhost:5050/images/PDF_news/2015/68InsolvencyasaPrerequisiteforfilingaBankruptcyProcedureinMexico.pdf,206,correcto,http://localhost:5050/images/PDF_news/2015/68InsolvencyasaPrerequisiteforfilingaBankruptcyProcedureinMexico.pdf,false,application/pdf,
fad134e4-e8f4-421f-aff1-6d8a804f68c6:es,project-public,public-content-link,es,http://localhost:5050/images/PDF_news/2015/67_ICC_International_Court_of_Arbitration_Bulletin-Taking_Evidence_in_Latin_America.pdf,206,correcto,http://localhost:5050/images/PDF_news/2015/67_ICC_International_Court_of_Arbitration_Bulletin-Taking_Evidence_in_Latin_America.pdf,false,application/pdf,
fad134e4-e8f4-421f-aff1-6d8a804f68c6:en,project-public,public-content-link,en,http://localhost:5050/images/PDF_news/2015/67_ICC_International_Court_of_Arbitration_Bulletin-Taking_Evidence_in_Latin_America.pdf,206,correcto,http://localhost:5050/images/PDF_news/2015/67_ICC_International_Court_of_Arbitration_Bulletin-Taking_Evidence_in_Latin_America.pdf,false,application/pdf,
901a9142-7435-4545-b4a8-badb8a371de2:es,project-public,public-content-link,es,http://localhost:5050/images/PDF_news/2015/65_Expert_Guides_-_Evolution_of_Mexican_Arbitration_Law.pdf,206,correcto,http://localhost:5050/images/PDF_news/2015/65_Expert_Guides_-_Evolution_of_Mexican_Arbitration_Law.pdf,false,application/pdf,
901a9142-7435-4545-b4a8-badb8a371de2:en,project-public,public-content-link,en,http://localhost:5050/images/PDF_news/2015/65_Expert_Guides_-_Evolution_of_Mexican_Arbitration_Law.pdf,206,correcto,http://localhost:5050/images/PDF_news/2015/65_Expert_Guides_-_Evolution_of_Mexican_Arbitration_Law.pdf,false,application/pdf,
a89689ab-74ec-4b7b-ac9f-1e20d6ed76e5:es,project-public,public-content-link,es,http://localhost:5050/images/PDF_news/2015/63_ILO_-_Launching_mandatory_tender_offers.pdf,206,correcto,http://localhost:5050/images/PDF_news/2015/63_ILO_-_Launching_mandatory_tender_offers.pdf,false,application/pdf,
a89689ab-74ec-4b7b-ac9f-1e20d6ed76e5:en,project-public,public-content-link,en,http://localhost:5050/images/PDF_news/2015/63_ILO_-_Launching_mandatory_tender_offers.pdf,206,correcto,http://localhost:5050/images/PDF_news/2015/63_ILO_-_Launching_mandatory_tender_offers.pdf,false,application/pdf,
0d20b0ed-911d-4a9f-888d-04e39b04a1b3:es,project-public,public-content-link,es,http://localhost:5050/images/PDF_news/2015/62_PLC_Mexico_Supreme_Court_of_Justice_rules_on_Public_Policy_grounds_to_set_aside_award.pdf,206,correcto,http://localhost:5050/images/PDF_news/2015/62_PLC_Mexico_Supreme_Court_of_Justice_rules_on_Public_Policy_grounds_to_set_aside_award.pdf,false,application/pdf,
0d20b0ed-911d-4a9f-888d-04e39b04a1b3:en,project-public,public-content-link,en,http://localhost:5050/images/PDF_news/2015/62_PLC_Mexico_Supreme_Court_of_Justice_rules_on_Public_Policy_grounds_to_set_aside_award.pdf,206,correcto,http://localhost:5050/images/PDF_news/2015/62_PLC_Mexico_Supreme_Court_of_Justice_rules_on_Public_Policy_grounds_to_set_aside_award.pdf,false,application/pdf,
a8427e0f-7f6f-4478-9e82-547ee62563d9:es,project-public,public-content-link,es,http://localhost:5050/images/PDF_news/2015/61_CorporateLivewire_Energy_and_Natural_Rec.pdf,206,correcto,http://localhost:5050/images/PDF_news/2015/61_CorporateLivewire_Energy_and_Natural_Rec.pdf,false,application/pdf,
a8427e0f-7f6f-4478-9e82-547ee62563d9:en,project-public,public-content-link,en,http://localhost:5050/images/PDF_news/2015/61_CorporateLivewire_Energy_and_Natural_Rec.pdf,206,correcto,http://localhost:5050/images/PDF_news/2015/61_CorporateLivewire_Energy_and_Natural_Rec.pdf,false,application/pdf,
23189387-71f5-4830-a31b-3864f2dfa9aa:es,project-public,public-content-link,es,http://localhost:5050/images/PDF_news/2015/Tax_considerations_in_MA_transactions.pdf,206,correcto,http://localhost:5050/images/PDF_news/2015/Tax_considerations_in_MA_transactions.pdf,false,application/pdf,
23189387-71f5-4830-a31b-3864f2dfa9aa:en,project-public,public-content-link,en,http://localhost:5050/images/PDF_news/2015/Tax_considerations_in_MA_transactions.pdf,206,correcto,http://localhost:5050/images/PDF_news/2015/Tax_considerations_in_MA_transactions.pdf,false,application/pdf,
33e605cc-b994-42a3-b05a-d2c6962e75a1:es,project-public,public-content-link,es,http://localhost:5050/images/PDF_news/PDF_articles/2013/30_GRG_Infrastructure_rkd493_1.pdf,206,correcto,http://localhost:5050/images/PDF_news/PDF_articles/2013/30_GRG_Infrastructure_rkd493_1.pdf,false,application/pdf,
33e605cc-b994-42a3-b05a-d2c6962e75a1:en,project-public,public-content-link,en,http://localhost:5050/images/PDF_news/PDF_articles/2013/30_GRG_Infrastructure_rkd493_1.pdf,206,correcto,http://localhost:5050/images/PDF_news/PDF_articles/2013/30_GRG_Infrastructure_rkd493_1.pdf,false,application/pdf,
c456eb8b-ee6c-4bb8-ad65-4636a649c8f2:en,project-public,public-content-link,en,http://localhost:5050/images/PDF_news/2015/56_ILO_Foreign_trade_implications_of_MA_transactions.pdf,206,correcto,http://localhost:5050/images/PDF_news/2015/56_ILO_Foreign_trade_implications_of_MA_transactions.pdf,false,application/pdf,
414a0d8d-7d5f-488f-9bb0-bf909240533b:es,project-public,public-content-link,es,http://localhost:5050/images/PDF_news/2015/55-Derecho-Concursal-Escuela-Libre-de-Derecho.pdf,206,correcto,http://localhost:5050/images/PDF_news/2015/55-Derecho-Concursal-Escuela-Libre-de-Derecho.pdf,false,application/pdf,
414a0d8d-7d5f-488f-9bb0-bf909240533b:en,project-public,public-content-link,en,http://localhost:5050/images/PDF_news/2015/55-Derecho-Concursal-Escuela-Libre-de-Derecho.pdf,206,correcto,http://localhost:5050/images/PDF_news/2015/55-Derecho-Concursal-Escuela-Libre-de-Derecho.pdf,false,application/pdf,
6bef4acd-d253-4768-abec-840eb962329e:es,project-public,public-content-link,es,http://localhost:5050/images/PDF_news/2015/54_ConsideringenvironmentalliabilitesinMAtransactionsInternationalLawOffice1.pdf,206,correcto,http://localhost:5050/images/PDF_news/2015/54_ConsideringenvironmentalliabilitesinMAtransactionsInternationalLawOffice1.pdf,false,application/pdf,
6bef4acd-d253-4768-abec-840eb962329e:en,project-public,public-content-link,en,http://localhost:5050/images/PDF_news/2015/54_ConsideringenvironmentalliabilitesinMAtransactionsInternationalLawOffice1.pdf,206,correcto,http://localhost:5050/images/PDF_news/2015/54_ConsideringenvironmentalliabilitesinMAtransactionsInternationalLawOffice1.pdf,false,application/pdf,
b8d64884-a884-4fe5-a20b-b8518e4711c7:es,project-public,public-content-link,es,http://localhost:5050/images/PDF_news/2015/52_PLC_Arbitration_Multi_Jurisdictional_mthly_email_Mexico_Superme_Courts_Shows_deference_towards_arbitral_tribunal_s.pdf,206,correcto,http://localhost:5050/images/PDF_news/2015/52_PLC_Arbitration_Multi_Jurisdictional_mthly_email_Mexico_Superme_Courts_Shows_deference_towards_arbitral_tribunal_s.pdf,false,application/pdf,
b8d64884-a884-4fe5-a20b-b8518e4711c7:en,project-public,public-content-link,en,http://localhost:5050/images/PDF_news/2015/52_PLC_Arbitration_Multi_Jurisdictional_mthly_email_Mexico_Superme_Courts_Shows_deference_towards_arbitral_tribunal_s.pdf,206,correcto,http://localhost:5050/images/PDF_news/2015/52_PLC_Arbitration_Multi_Jurisdictional_mthly_email_Mexico_Superme_Courts_Shows_deference_towards_arbitral_tribunal_s.pdf,false,application/pdf,
51d2a41c-dfee-435b-88b5-c559093d9980:es,project-public,public-content-link,es,http://localhost:5050/images/PDF_news/2015/9.2-The-International-Investigations-Review.pdf,206,correcto,http://localhost:5050/images/PDF_news/2015/9.2-The-International-Investigations-Review.pdf,false,application/pdf,
51d2a41c-dfee-435b-88b5-c559093d9980:en,project-public,public-content-link,en,http://localhost:5050/images/PDF_news/2015/9.2-The-International-Investigations-Review.pdf,206,correcto,http://localhost:5050/images/PDF_news/2015/9.2-The-International-Investigations-Review.pdf,false,application/pdf,
a4d20ecf-585f-47f6-b42a-5c6c9a7d4b8d:es,project-public,public-content-link,es,http://localhost:5050/images/PDF_news/2015/8-The-Antitrust-Review-of-the-Americas.pdf,206,correcto,http://localhost:5050/images/PDF_news/2015/8-The-Antitrust-Review-of-the-Americas.pdf,false,application/pdf,
a4d20ecf-585f-47f6-b42a-5c6c9a7d4b8d:en,project-public,public-content-link,en,http://localhost:5050/images/PDF_news/2015/8-The-Antitrust-Review-of-the-Americas.pdf,206,correcto,http://localhost:5050/images/PDF_news/2015/8-The-Antitrust-Review-of-the-Americas.pdf,false,application/pdf,
7e4cf758-0597-446d-b3af-4784cc2831c0:es,project-public,public-content-link,es,http://localhost:5050/images/PDF_news/2015/7_PLC_Investment_Funds.pdf,206,correcto,http://localhost:5050/images/PDF_news/2015/7_PLC_Investment_Funds.pdf,false,application/pdf,
7e4cf758-0597-446d-b3af-4784cc2831c0:en,project-public,public-content-link,en,http://localhost:5050/images/PDF_news/2015/7_PLC_Investment_Funds.pdf,206,correcto,http://localhost:5050/images/PDF_news/2015/7_PLC_Investment_Funds.pdf,false,application/pdf,
ec286eb9-8ebe-4532-948a-bfb78636e54a:es,project-public,public-content-link,es,http://localhost:5050/images/PDF_news/2015/6_PLC_Cartel_Leniency.pdf,206,correcto,http://localhost:5050/images/PDF_news/2015/6_PLC_Cartel_Leniency.pdf,false,application/pdf,
ec286eb9-8ebe-4532-948a-bfb78636e54a:en,project-public,public-content-link,en,http://localhost:5050/images/PDF_news/2015/6_PLC_Cartel_Leniency.pdf,206,correcto,http://localhost:5050/images/PDF_news/2015/6_PLC_Cartel_Leniency.pdf,false,application/pdf,
1229a5c7-0220-4558-9233-e51564b13aed:es,project-public,public-content-link,es,http://localhost:5050/images/PDF_news/2015/5-PLC-Outsourcing-Mexico.pdf,206,correcto,http://localhost:5050/images/PDF_news/2015/5-PLC-Outsourcing-Mexico.pdf,false,application/pdf,
1229a5c7-0220-4558-9233-e51564b13aed:en,project-public,public-content-link,en,http://localhost:5050/images/PDF_news/2015/5-PLC-Outsourcing-Mexico.pdf,206,correcto,http://localhost:5050/images/PDF_news/2015/5-PLC-Outsourcing-Mexico.pdf,false,application/pdf,
66804d92-c538-4a40-add9-f18a26e58f0a:es,project-public,public-content-link,es,http://localhost:5050/images/PDF_news/2015/3_3_Corporate_Livewire_Currents_Trends_y_Expected_Development_in_Mexican_Renewable_Energy_Mkt.pdf,206,correcto,http://localhost:5050/images/PDF_news/2015/3_3_Corporate_Livewire_Currents_Trends_y_Expected_Development_in_Mexican_Renewable_Energy_Mkt.pdf,false,application/pdf,
66804d92-c538-4a40-add9-f18a26e58f0a:en,project-public,public-content-link,en,http://localhost:5050/images/PDF_news/2015/3_3_Corporate_Livewire_Currents_Trends_y_Expected_Development_in_Mexican_Renewable_Energy_Mkt.pdf,206,correcto,http://localhost:5050/images/PDF_news/2015/3_3_Corporate_Livewire_Currents_Trends_y_Expected_Development_in_Mexican_Renewable_Energy_Mkt.pdf,false,application/pdf,
f1546dde-d4c9-4247-8ed0-43090f5851e0:es,project-public,public-content-link,es,http://localhost:5050/images/PDF_news/2015/3-IBA-Arbitration-Guide-Mexico.pdf,206,correcto,http://localhost:5050/images/PDF_news/2015/3-IBA-Arbitration-Guide-Mexico.pdf,false,application/pdf,
f1546dde-d4c9-4247-8ed0-43090f5851e0:en,project-public,public-content-link,en,http://localhost:5050/images/PDF_news/2015/3-IBA-Arbitration-Guide-Mexico.pdf,206,correcto,http://localhost:5050/images/PDF_news/2015/3-IBA-Arbitration-Guide-Mexico.pdf,false,application/pdf,
080b28b7-c35c-49d5-97f0-42fbb7fc8524:es,project-public,public-content-link,es,http://localhost:5050/images/PDF_news/2015/2_2-PLC-Mergers-and-acquisitions-Mexico.pdf,206,correcto,http://localhost:5050/images/PDF_news/2015/2_2-PLC-Mergers-and-acquisitions-Mexico.pdf,false,application/pdf,
080b28b7-c35c-49d5-97f0-42fbb7fc8524:en,project-public,public-content-link,en,http://localhost:5050/images/PDF_news/2015/2_2-PLC-Mergers-and-acquisitions-Mexico.pdf,206,correcto,http://localhost:5050/images/PDF_news/2015/2_2-PLC-Mergers-and-acquisitions-Mexico.pdf,false,application/pdf,
650272b6-88d8-43a4-84d5-3b2f8c5f1fcd:es,project-public,public-content-link,es,http://localhost:5050/images/PDF_news/2015/1.5-The-European-Lawyer-Ref-Series-Arbitration-World-4th-Ed--Mexico.pdf,206,correcto,http://localhost:5050/images/PDF_news/2015/1.5-The-European-Lawyer-Ref-Series-Arbitration-World-4th-Ed--Mexico.pdf,false,application/pdf,
650272b6-88d8-43a4-84d5-3b2f8c5f1fcd:en,project-public,public-content-link,en,http://localhost:5050/images/PDF_news/2015/1.5-The-European-Lawyer-Ref-Series-Arbitration-World-4th-Ed--Mexico.pdf,206,correcto,http://localhost:5050/images/PDF_news/2015/1.5-The-European-Lawyer-Ref-Series-Arbitration-World-4th-Ed--Mexico.pdf,false,application/pdf,
3c635370-da04-45bd-932b-1bb9ba32c3a3:es,project-public,public-content-link,es,http://localhost:5050/images/PDF_news/2015/PAUTA-58-CVW.pdf,206,correcto,http://localhost:5050/images/PDF_news/2015/PAUTA-58-CVW.pdf,false,application/pdf,
3c635370-da04-45bd-932b-1bb9ba32c3a3:en,project-public,public-content-link,en,http://localhost:5050/images/PDF_news/2015/PAUTA-58-CVW.pdf,206,correcto,http://localhost:5050/images/PDF_news/2015/PAUTA-58-CVW.pdf,false,application/pdf,
94c3a762-191d-4afe-8c4f-41c40427aac4:es,project-public,public-content-link,es,http://localhost:5050/images/PDF_news/PDF_articles/2017/5-GCR-LBC-Mexico-takes-2-major-steps-2007-37-Mexico-telecoms.pdf,206,correcto,http://localhost:5050/images/PDF_news/PDF_articles/2017/5-GCR-LBC-Mexico-takes-2-major-steps-2007-37-Mexico-telecoms.pdf,false,application/pdf,
94c3a762-191d-4afe-8c4f-41c40427aac4:en,project-public,public-content-link,en,http://localhost:5050/images/PDF_news/PDF_articles/2017/5-GCR-LBC-Mexico-takes-2-major-steps-2007-37-Mexico-telecoms.pdf,206,correcto,http://localhost:5050/images/PDF_news/PDF_articles/2017/5-GCR-LBC-Mexico-takes-2-major-steps-2007-37-Mexico-telecoms.pdf,false,application/pdf,
84f3600c-c787-4f7a-8eed-ec8512a692f3:es,project-public,public-content-link,es,http://localhost:5050/images/PDF_news/2015/pauta-54-CVW.pdf,206,correcto,http://localhost:5050/images/PDF_news/2015/pauta-54-CVW.pdf,false,application/pdf,
84f3600c-c787-4f7a-8eed-ec8512a692f3:en,project-public,public-content-link,en,http://localhost:5050/images/PDF_news/2015/pauta-54-CVW.pdf,206,correcto,http://localhost:5050/images/PDF_news/2015/pauta-54-CVW.pdf,false,application/pdf,
3d2f6fbf-6429-4077-bc59-1caf1a7537f7:es,project-public,public-content-link,es,http://localhost:5050/images/PDF_news/PDF_articles/2021/6-Sheppard-Mullin.pdf,206,correcto,http://localhost:5050/images/PDF_news/PDF_articles/2021/6-Sheppard-Mullin.pdf,false,application/pdf,
3d2f6fbf-6429-4077-bc59-1caf1a7537f7:en,project-public,public-content-link,en,http://localhost:5050/images/PDF_news/PDF_articles/2021/6-Sheppard-Mullin.pdf,206,correcto,http://localhost:5050/images/PDF_news/PDF_articles/2021/6-Sheppard-Mullin.pdf,false,application/pdf,
367a3660-8a53-42c2-9fa9-e4f6a49c14b1:es,project-public,public-content-link,es,http://localhost:5050/images/PDF_news/2015/Muerza---cumplimiento-sentencias-amparo.pdf,206,correcto,http://localhost:5050/images/PDF_news/2015/Muerza---cumplimiento-sentencias-amparo.pdf,false,application/pdf,
367a3660-8a53-42c2-9fa9-e4f6a49c14b1:en,project-public,public-content-link,en,http://localhost:5050/images/PDF_news/2015/Muerza---cumplimiento-sentencias-amparo.pdf,206,correcto,http://localhost:5050/images/PDF_news/2015/Muerza---cumplimiento-sentencias-amparo.pdf,false,application/pdf,
96e019db-09a3-480e-9f5d-7408d014ee8c:es,project-public,public-content-link,es,http://localhost:5050/images/PDF_news/2015/Chapter-16.pdf,206,correcto,http://localhost:5050/images/PDF_news/2015/Chapter-16.pdf,false,application/pdf,
96e019db-09a3-480e-9f5d-7408d014ee8c:en,project-public,public-content-link,en,http://localhost:5050/images/PDF_news/2015/Chapter-16.pdf,206,correcto,http://localhost:5050/images/PDF_news/2015/Chapter-16.pdf,false,application/pdf,
d1983526-22c6-4207-92ff-6277f1f6101c:es,project-public,public-content-link,es,http://localhost:5050/images/PDF_news/PDF_articles/2021/7-Stanford-Law-School.pdf,206,correcto,http://localhost:5050/images/PDF_news/PDF_articles/2021/7-Stanford-Law-School.pdf,false,application/pdf,
d1983526-22c6-4207-92ff-6277f1f6101c:en,project-public,public-content-link,en,http://localhost:5050/images/PDF_news/PDF_articles/2021/7-Stanford-Law-School.pdf,206,correcto,http://localhost:5050/images/PDF_news/PDF_articles/2021/7-Stanford-Law-School.pdf,false,application/pdf,
6580f7b1-78af-4c2b-92f8-6db5b067d2d4:es,project-public,public-source-cta,es,https://anticorrupcion.nexos.com.mx/los-empresarios-son-beneficiarios-del-combate-a-la-corrupcion-privada/,200,correcto,https://anticorrupcion.nexos.com.mx/los-empresarios-son-beneficiarios-del-combate-a-la-corrupcion-privada/,false,text/html; charset=UTF-8,
6580f7b1-78af-4c2b-92f8-6db5b067d2d4:en,project-public,public-source-cta,en,https://anticorrupcion.nexos.com.mx/los-empresarios-son-beneficiarios-del-combate-a-la-corrupcion-privada/,200,correcto,https://anticorrupcion.nexos.com.mx/los-empresarios-son-beneficiarios-del-combate-a-la-corrupcion-privada/,false,text/html; charset=UTF-8,
7f630609-6ae8-484d-8fdc-841dd7f45859:es,project-public,public-source-cta,es,https://www.vonwobeser.com/index.php/publication/p_id-1832.html,0,inaccesible,,false,,fetch failed
7f630609-6ae8-484d-8fdc-841dd7f45859:en,project-public,public-source-cta,en,https://www.vonwobeser.com/index.php/publication/p_id-1832.html,0,inaccesible,,false,,fetch failed
5c2705c0-34c6-4989-8d05-da918872008a:es,project-public,public-source-cta,es,https://www.vonwobeser.com/index.php/publication/p_id-1831.html,0,inaccesible,,false,,fetch failed
5c2705c0-34c6-4989-8d05-da918872008a:en,project-public,public-source-cta,en,https://www.vonwobeser.com/index.php/publication/p_id-1831.html,0,inaccesible,,false,,fetch failed
9e27d552-ebf0-4064-a162-cd029acf4296:es,project-public,public-source-cta,es,https://www.vonwobeser.com/index.php/publication/p_id-1830.html,0,inaccesible,,false,,fetch failed
9e27d552-ebf0-4064-a162-cd029acf4296:en,project-public,public-source-cta,en,https://www.vonwobeser.com/index.php/publication/p_id-1830.html,0,inaccesible,,false,,fetch failed
699c4592-7dc8-4605-8a8a-5397d73752f3:es,project-public,public-source-cta,es,https://mundoejecutivo.com.mx/economia/blockchain-compliance-evolucion-cumplimiento/,200,correcto,https://mundoejecutivo.com.mx/economia/blockchain-compliance-evolucion-cumplimiento/,false,text/html; charset=UTF-8,
699c4592-7dc8-4605-8a8a-5397d73752f3:en,project-public,public-source-cta,en,https://mundoejecutivo.com.mx/economia/blockchain-compliance-evolucion-cumplimiento/,200,correcto,https://mundoejecutivo.com.mx/economia/blockchain-compliance-evolucion-cumplimiento/,false,text/html; charset=UTF-8,
8102ea66-237c-4b27-9c62-d1303c8e1a2e:es,project-public,public-source-cta,es,https://www.vonwobeser.com/index.php/publication/p_id-1828.html,0,inaccesible,,false,,fetch failed
8102ea66-237c-4b27-9c62-d1303c8e1a2e:en,project-public,public-source-cta,en,https://www.vonwobeser.com/index.php/publication/p_id-1828.html,0,inaccesible,,false,,fetch failed
c3536dab-26fe-49db-9bb4-6dda61b42364:es,project-public,public-source-cta,es,https://www.vonwobeser.com/index.php/publication/p_id-1827.html,0,inaccesible,,false,,fetch failed
c3536dab-26fe-49db-9bb4-6dda61b42364:en,project-public,public-source-cta,en,https://www.vonwobeser.com/index.php/publication/p_id-1827.html,0,inaccesible,,false,,fetch failed
7850c41f-7158-45be-8719-36af3a67e5a0:es,project-public,public-source-cta,es,https://mitsloanreview.mx/nft-bitcoin-crypto-blockchain/como-prevenir-fraudes-con-criptomonedas/,200,redireccion-valida,https://www.mitsloanreview.mx/nft-bitcoin-crypto-blockchain/como-prevenir-fraudes-con-criptomonedas/,true,text/html; charset=UTF-8,
7850c41f-7158-45be-8719-36af3a67e5a0:en,project-public,public-source-cta,en,https://mitsloanreview.mx/nft-bitcoin-crypto-blockchain/como-prevenir-fraudes-con-criptomonedas/,200,redireccion-valida,https://www.mitsloanreview.mx/nft-bitcoin-crypto-blockchain/como-prevenir-fraudes-con-criptomonedas/,true,text/html; charset=UTF-8,
946ef260-8f06-42d3-a1eb-8ad07f99d12b:es,project-public,public-source-cta,es,https://www.milenio.com/opinion/ricardo-cacho/columna-ricardo-cacho/las-criptomonedas-y-su-transparente-blockchain,200,correcto,https://www.milenio.com/opinion/ricardo-cacho/columna-ricardo-cacho/las-criptomonedas-y-su-transparente-blockchain,false,text/html; charset=UTF-8,
946ef260-8f06-42d3-a1eb-8ad07f99d12b:en,project-public,public-source-cta,en,https://www.milenio.com/opinion/ricardo-cacho/columna-ricardo-cacho/las-criptomonedas-y-su-transparente-blockchain,200,correcto,https://www.milenio.com/opinion/ricardo-cacho/columna-ricardo-cacho/las-criptomonedas-y-su-transparente-blockchain,false,text/html; charset=UTF-8,
6fb84b65-ea03-4500-83c6-2300b3e4b8c8:es,project-public,public-source-cta,es,https://www.vonwobeser.com/index.php/publication/p_id-1824.html,0,inaccesible,,false,,fetch failed
6fb84b65-ea03-4500-83c6-2300b3e4b8c8:en,project-public,public-source-cta,en,https://www.vonwobeser.com/index.php/publication/p_id-1824.html,0,inaccesible,,false,,fetch failed
5af0619c-2969-4c22-9da9-c71e642e5aea:es,project-public,public-source-cta,es,https://www.vonwobeser.com/index.php/publication/p_id-1823.html,0,inaccesible,,false,,fetch failed
5af0619c-2969-4c22-9da9-c71e642e5aea:en,project-public,public-source-cta,en,https://www.vonwobeser.com/index.php/publication/p_id-1823.html,0,inaccesible,,false,,fetch failed
1bbe4a2b-5b8c-4996-8005-972706a066b3:es,project-public,public-source-cta,es,https://www.vonwobeser.com/index.php/publication/p_id-1822.html,0,inaccesible,,false,,fetch failed
1bbe4a2b-5b8c-4996-8005-972706a066b3:en,project-public,public-source-cta,en,https://www.vonwobeser.com/index.php/publication/p_id-1822.html,0,inaccesible,,false,,fetch failed
3c16c8ce-56cc-409f-9d04-0fbbf0c82d8f:es,project-public,public-source-cta,es,https://www.aranzadilaley.es/tienda/todo-penal-internacional,200,correcto,https://www.aranzadilaley.es/tienda/todo-penal-internacional,false,text/html; charset=utf-8,
3c16c8ce-56cc-409f-9d04-0fbbf0c82d8f:en,project-public,public-source-cta,en,https://www.aranzadilaley.es/tienda/todo-penal-internacional,200,correcto,https://www.aranzadilaley.es/tienda/todo-penal-internacional,false,text/html; charset=utf-8,
1d21dfdc-915f-4f52-a3ba-cdd0b824cfb0:es,project-public,public-source-cta,es,https://www.milenio.com/opinion/ricardo-cacho/columna-ricardo-cacho/la-evasion-fiscal-una-forma-de-corrupcion,200,correcto,https://www.milenio.com/opinion/ricardo-cacho/columna-ricardo-cacho/la-evasion-fiscal-una-forma-de-corrupcion,false,text/html; charset=UTF-8,
1d21dfdc-915f-4f52-a3ba-cdd0b824cfb0:en,project-public,public-source-cta,en,https://www.milenio.com/opinion/ricardo-cacho/columna-ricardo-cacho/la-evasion-fiscal-una-forma-de-corrupcion,200,correcto,https://www.milenio.com/opinion/ricardo-cacho/columna-ricardo-cacho/la-evasion-fiscal-una-forma-de-corrupcion,false,text/html; charset=UTF-8,
b913e9f6-0291-4f7c-8c1a-7f3fd2e92570:es,project-public,public-source-cta,es,https://www.milenio.com/opinion/ricardo-cacho/columna-ricardo-cacho/los-jueces-deben-pensar-en-las-victimas,200,correcto,https://www.milenio.com/opinion/ricardo-cacho/columna-ricardo-cacho/los-jueces-deben-pensar-en-las-victimas,false,text/html; charset=UTF-8,
b913e9f6-0291-4f7c-8c1a-7f3fd2e92570:en,project-public,public-source-cta,en,https://www.milenio.com/opinion/ricardo-cacho/columna-ricardo-cacho/los-jueces-deben-pensar-en-las-victimas,200,correcto,https://www.milenio.com/opinion/ricardo-cacho/columna-ricardo-cacho/los-jueces-deben-pensar-en-las-victimas,false,text/html; charset=UTF-8,
390f09db-d1e4-4bea-b00b-8c61fc4ee911:es,project-public,public-source-cta,es,https://www.milenio.com/politica/lee-firmas-milenio-jueves-16-julio,200,correcto,https://www.milenio.com/politica/lee-firmas-milenio-jueves-16-julio,false,text/html; charset=UTF-8,
390f09db-d1e4-4bea-b00b-8c61fc4ee911:en,project-public,public-source-cta,en,https://www.milenio.com/politica/lee-firmas-milenio-jueves-16-julio,200,correcto,https://www.milenio.com/politica/lee-firmas-milenio-jueves-16-julio,false,text/html; charset=UTF-8,
49b09cdc-af44-47f0-84d6-c600b61eaa61:es,project-public,public-source-cta,es,https://eljuegodelacorte.nexos.com.mx/que-culpa-tiene-el-tigre-tono-las-nuevas-reglas-de-publicidad-en-alimentos-preenvasados/,200,correcto,https://eljuegodelacorte.nexos.com.mx/que-culpa-tiene-el-tigre-tono-las-nuevas-reglas-de-publicidad-en-alimentos-preenvasados/,false,text/html; charset=UTF-8,
49b09cdc-af44-47f0-84d6-c600b61eaa61:en,project-public,public-source-cta,en,https://eljuegodelacorte.nexos.com.mx/que-culpa-tiene-el-tigre-tono-las-nuevas-reglas-de-publicidad-en-alimentos-preenvasados/,200,correcto,https://eljuegodelacorte.nexos.com.mx/que-culpa-tiene-el-tigre-tono-las-nuevas-reglas-de-publicidad-en-alimentos-preenvasados/,false,text/html; charset=UTF-8,
56adb058-d443-4073-a4a4-879b3bc8ec3f:es,project-public,public-source-cta,es,https://www.vonwobeser.com/images/PDF_news/2023/ESG4/23_05_22_MINERIA_ESG_ENG-Pt4-OK.pdf,206,correcto,https://www.vonwobeser.com/images/PDF_news/2023/ESG4/23_05_22_MINERIA_ESG_ENG-Pt4-OK.pdf,false,application/pdf,
56adb058-d443-4073-a4a4-879b3bc8ec3f:en,project-public,public-source-cta,en,https://www.vonwobeser.com/images/PDF_news/2023/ESG4/23_05_22_MINERIA_ESG_ENG-Pt4-OK.pdf,206,correcto,https://www.vonwobeser.com/images/PDF_news/2023/ESG4/23_05_22_MINERIA_ESG_ENG-Pt4-OK.pdf,false,application/pdf,
56adb058-d443-4073-a4a4-879b3bc8ec3f:en,project-public,public-content-link,en,http://localhost:5050/images/PDF_news/2023/ESG4/23_05_22_MINERIA_ESG_ENG-Pt4-OK.pdf,206,correcto,http://localhost:5050/images/PDF_news/2023/ESG4/23_05_22_MINERIA_ESG_ENG-Pt4-OK.pdf,false,application/pdf,
a4871de1-85db-46e6-9e23-06f12d478081:es,project-public,public-source-cta,es,https://www.vonwobeser.com/images/PDF_news/2023/vision_combate.pdf,206,correcto,https://www.vonwobeser.com/images/PDF_news/2023/vision_combate.pdf,false,application/pdf,
a4871de1-85db-46e6-9e23-06f12d478081:en,project-public,public-source-cta,en,https://www.vonwobeser.com/images/PDF_news/2023/vision_combate.pdf,206,correcto,https://www.vonwobeser.com/images/PDF_news/2023/vision_combate.pdf,false,application/pdf,
968c7bd4-9653-4e14-92b9-f4f848aeb696:es,project-public,public-source-cta,es,https://www.vonwobeser.com/images/PDF_news/2022/22_08_11_ESG_En-la-Industria-Minera-Mexicana-3_ENG.pdf,206,correcto,https://www.vonwobeser.com/images/PDF_news/2022/22_08_11_ESG_En-la-Industria-Minera-Mexicana-3_ENG.pdf,false,application/pdf,
968c7bd4-9653-4e14-92b9-f4f848aeb696:en,project-public,public-source-cta,en,https://www.vonwobeser.com/images/PDF_news/2022/22_08_11_ESG_En-la-Industria-Minera-Mexicana-3_ENG.pdf,206,correcto,https://www.vonwobeser.com/images/PDF_news/2022/22_08_11_ESG_En-la-Industria-Minera-Mexicana-3_ENG.pdf,false,application/pdf,
968c7bd4-9653-4e14-92b9-f4f848aeb696:en,project-public,public-content-link,en,http://localhost:5050/images/PDF_news/2022/22_08_11_ESG_En-la-Industria-Minera-Mexicana-3_ENG.pdf,206,correcto,http://localhost:5050/images/PDF_news/2022/22_08_11_ESG_En-la-Industria-Minera-Mexicana-3_ENG.pdf,false,application/pdf,
69245f61-db72-404c-81e1-ff610b984a0e:es,project-public,public-source-cta,es,https://www.vonwobeser.com/images/PDF/2022/Preparate_Para_el_Proximo_Cisne1.pdf,206,correcto,https://www.vonwobeser.com/images/PDF/2022/Preparate_Para_el_Proximo_Cisne1.pdf,false,application/pdf,
69245f61-db72-404c-81e1-ff610b984a0e:en,project-public,public-source-cta,en,https://www.vonwobeser.com/images/PDF/2022/Preparate_Para_el_Proximo_Cisne1.pdf,206,correcto,https://www.vonwobeser.com/images/PDF/2022/Preparate_Para_el_Proximo_Cisne1.pdf,false,application/pdf,
74b48c08-f683-4f5d-afba-f5b60da7b3a5:es,project-public,public-source-cta,es,https://www.vonwobeser.com/images/PDF_news/2021/21_10_12_MINERIA_ESG_ING.pdf,206,correcto,https://www.vonwobeser.com/images/PDF_news/2021/21_10_12_MINERIA_ESG_ING.pdf,false,application/pdf,
74b48c08-f683-4f5d-afba-f5b60da7b3a5:en,project-public,public-source-cta,en,https://www.vonwobeser.com/images/PDF_news/2021/21_10_12_MINERIA_ESG_ING.pdf,206,correcto,https://www.vonwobeser.com/images/PDF_news/2021/21_10_12_MINERIA_ESG_ING.pdf,false,application/pdf,
74b48c08-f683-4f5d-afba-f5b60da7b3a5:en,project-public,public-content-link,en,http://localhost:5050/images/PDF_news/2021/21_10_12_MINERIA_ESG_ING.pdf,206,correcto,http://localhost:5050/images/PDF_news/2021/21_10_12_MINERIA_ESG_ING.pdf,false,application/pdf,
d5005a08-6677-407a-9944-86d7ffcc07f9:es,project-public,public-source-cta,es,https://expansion.mx/opinion/2022/01/03/negocio-contribuya-cambiar-el-mundo,200,correcto,https://expansion.mx/opinion/2022/01/03/negocio-contribuya-cambiar-el-mundo,false,text/html;charset=UTF-8,
d5005a08-6677-407a-9944-86d7ffcc07f9:en,project-public,public-source-cta,en,https://expansion.mx/opinion/2022/01/03/negocio-contribuya-cambiar-el-mundo,200,correcto,https://expansion.mx/opinion/2022/01/03/negocio-contribuya-cambiar-el-mundo,false,text/html;charset=UTF-8,
d5005a08-6677-407a-9944-86d7ffcc07f9:en,project-public,public-content-link,en,http://localhost:5050/images/PDF_news/2022/Tu-negocio-contribuye-a-cambiar-el-mundo_-Considera-una-perspectiva-ESG.pdf,206,correcto,http://localhost:5050/images/PDF_news/2022/Tu-negocio-contribuye-a-cambiar-el-mundo_-Considera-una-perspectiva-ESG.pdf,false,application/pdf,
f1fae103-8b93-45d2-ba51-ff63c9ef19d6:en,project-public,public-content-link,en,http://localhost:5050/images/PDF_news/2022/Have_Your_ESG_Team_on_Speed_Dial.pdf,206,correcto,http://localhost:5050/images/PDF_news/2022/Have_Your_ESG_Team_on_Speed_Dial.pdf,false,application/pdf,
37a4a56a-9a3e-4de5-ac7e-cb54fd5632ef:en,project-public,public-content-link,en,http://localhost:5050/images/PDF_news/2022/Fort-Dearborn-Multi-Color-Corporation-merge-to-form-worlds-largest-label-supplier---Leaders-League.pdf,206,correcto,http://localhost:5050/images/PDF_news/2022/Fort-Dearborn-Multi-Color-Corporation-merge-to-form-worlds-largest-label-supplier---Leaders-League.pdf,false,application/pdf,
4dcaa4c3-1422-45cb-9859-41b0409cc362:en,project-public,public-content-link,en,http://localhost:5050/images/PDF_news/2021/21_12_17_DERECHOS_FUNDAMENTALES_ESG_ING.pdf,206,correcto,http://localhost:5050/images/PDF_news/2021/21_12_17_DERECHOS_FUNDAMENTALES_ESG_ING.pdf,false,application/pdf,
dc8f7154-4d75-4bbc-97f2-a839b92dfd82:en,project-public,public-content-link,en,http://localhost:5050/images/PDF_news/2021/21_12_10_AUTONOMIA_ENERGETICA_ESG_ING.pdf,206,correcto,http://localhost:5050/images/PDF_news/2021/21_12_10_AUTONOMIA_ENERGETICA_ESG_ING.pdf,false,application/pdf,
5b4c5af1-b1d6-4179-9ca7-9c3a57b7bcdf:en,project-public,public-content-link,en,http://localhost:5050/images/PDF_news/2021/21_12_02_MLRR_ESG_ING.pdf,206,correcto,http://localhost:5050/images/PDF_news/2021/21_12_02_MLRR_ESG_ING.pdf,false,application/pdf,
eb529b71-8a07-4ef6-81f8-12075f31fa27:en,project-public,public-content-link,en,http://localhost:5050/images/PDF_news/2021/21_11_25_SUMINISTRO_ESG_ING.pdf,206,correcto,http://localhost:5050/images/PDF_news/2021/21_11_25_SUMINISTRO_ESG_ING.pdf,false,application/pdf,
2c6504b7-8410-4203-af06-0a9113f8b3d3:en,project-public,public-content-link,en,http://localhost:5050/images/PDF_news/2021/21_11_17_PRIVACIDAD_ESG_ING.pdf,206,correcto,http://localhost:5050/images/PDF_news/2021/21_11_17_PRIVACIDAD_ESG_ING.pdf,false,application/pdf,
dac3cdd1-5528-43eb-91df-739dd83c6039:es,project-public,public-source-cta,es,https://www.vonwobeser.com/images/PDF_news/2021/21_11_12_ARBITRAJE_ESG_ING.pdf,206,correcto,https://www.vonwobeser.com/images/PDF_news/2021/21_11_12_ARBITRAJE_ESG_ING.pdf,false,application/pdf,
dac3cdd1-5528-43eb-91df-739dd83c6039:en,project-public,public-source-cta,en,https://www.vonwobeser.com/images/PDF_news/2021/21_11_12_ARBITRAJE_ESG_ING.pdf,206,correcto,https://www.vonwobeser.com/images/PDF_news/2021/21_11_12_ARBITRAJE_ESG_ING.pdf,false,application/pdf,
dac3cdd1-5528-43eb-91df-739dd83c6039:en,project-public,public-content-link,en,http://localhost:5050/images/PDF_news/2021/21_11_12_ARBITRAJE_ESG_ING.pdf,206,correcto,http://localhost:5050/images/PDF_news/2021/21_11_12_ARBITRAJE_ESG_ING.pdf,false,application/pdf,
da8fbd17-1477-4b37-bb8e-5367fa814a74:en,project-public,public-content-link,en,http://localhost:5050/images/PDF_news/2021/21_11_03_EMISIONES_ESG_ING.pdf,206,correcto,http://localhost:5050/images/PDF_news/2021/21_11_03_EMISIONES_ESG_ING.pdf,false,application/pdf,
c3bc98b4-0a29-47b2-822d-69e5ecb13dbb:en,project-public,public-content-link,en,http://localhost:5050/images/PDF_news/2021/21_10_26_ANTI_CORRUPTION_ESG_ING.pdf,206,correcto,http://localhost:5050/images/PDF_news/2021/21_10_26_ANTI_CORRUPTION_ESG_ING.pdf,false,application/pdf,
c3f5fae1-495f-446d-be7b-80693784f6c0:en,project-public,public-content-link,en,http://localhost:5050/images/PDF_news/2021/21_10_19_STRESS_ESG_ING.pdf,206,correcto,http://localhost:5050/images/PDF_news/2021/21_10_19_STRESS_ESG_ING.pdf,false,application/pdf,
d304a6cf-1dfc-4df8-98c9-ef9340a10b5f:en,project-public,public-content-link,en,http://localhost:5050/images/PDF_news/2021/21_10_14_REGULACION_ESG_ING.pdf,206,correcto,http://localhost:5050/images/PDF_news/2021/21_10_14_REGULACION_ESG_ING.pdf,false,application/pdf,
05b8796c-043b-4d18-9483-f0515c4b5514:es,project-public,public-source-cta,es,https://www.vonwobeser.com/images/PDF_news/2021/21_10_12_MINERIA_ESG_ING.pdf,206,correcto,https://www.vonwobeser.com/images/PDF_news/2021/21_10_12_MINERIA_ESG_ING.pdf,false,application/pdf,
05b8796c-043b-4d18-9483-f0515c4b5514:en,project-public,public-source-cta,en,https://www.vonwobeser.com/images/PDF_news/2021/21_10_12_MINERIA_ESG_ING.pdf,206,correcto,https://www.vonwobeser.com/images/PDF_news/2021/21_10_12_MINERIA_ESG_ING.pdf,false,application/pdf,
05b8796c-043b-4d18-9483-f0515c4b5514:en,project-public,public-content-link,en,http://localhost:5050/images/PDF_news/2021/21_10_12_MINERIA_ESG_ING.pdf,206,correcto,http://localhost:5050/images/PDF_news/2021/21_10_12_MINERIA_ESG_ING.pdf,false,application/pdf,
f16d046f-8622-4970-aa69-ed3e19a4024e:en,project-public,public-content-link,en,http://localhost:5050/images/PDF_news/2021/21_10_08_IMPLICACIONES_ESG_ING.pdf,206,correcto,http://localhost:5050/images/PDF_news/2021/21_10_08_IMPLICACIONES_ESG_ING.pdf,false,application/pdf,
77683142-8bb9-4adb-bc66-a7f0ffc9a07a:en,project-public,public-content-link,en,http://localhost:5050/images/PDF_news/2021/20-Mexico-Overview.pdf,206,correcto,http://localhost:5050/images/PDF_news/2021/20-Mexico-Overview.pdf,false,application/pdf,
c81951c2-ea46-491d-9bf9-836f9c7f4081:en,project-public,public-content-link,en,http://localhost:5050/images/PDF_news/2021/25-Mexico-QA.pdf,206,correcto,http://localhost:5050/images/PDF_news/2021/25-Mexico-QA.pdf,false,application/pdf,
b38c180e-62f5-4f74-b1cb-39b512f5e441:en,project-public,public-content-link,en,http://localhost:5050/images/PDF_news/2021/14-_-Indemnity-Escrows-and--Other-Payment-Guarantees.pdf,206,correcto,http://localhost:5050/images/PDF_news/2021/14-_-Indemnity-Escrows-and--Other-Payment-Guarantees.pdf,false,application/pdf,
216a9b59-d62e-49d1-83a3-e36064e6bee4:en,project-public,public-content-link,en,http://localhost:5050/images/PDF_news/2021/035_MEXICO-LP.pdf,206,correcto,http://localhost:5050/images/PDF_news/2021/035_MEXICO-LP.pdf,false,application/pdf,
0445735b-768c-45a7-806f-2f8629073b7f:en,project-public,public-content-link,en,http://localhost:5050/images/PDF_news/2020_2/IBA---The-next-wave-of-ISDS-ca-ses-could-be-powered-by-recent-policy-changes-in-the-renewable-energy-sector-in-Mexico.pdf,206,correcto,http://localhost:5050/images/PDF_news/2020_2/IBA---The-next-wave-of-ISDS-ca-ses-could-be-powered-by-recent-policy-changes-in-the-renewable-energy-sector-in-Mexico.pdf,false,application/pdf,
a5764e3f-3a96-44ec-a047-912b406eaff6:en,project-public,public-content-link,en,http://localhost:5050/images/PDF_news/2020_2/2020_MI-Private-Equity_Mexico.pdf,206,correcto,http://localhost:5050/images/PDF_news/2020_2/2020_MI-Private-Equity_Mexico.pdf,false,application/pdf,
94cd5657-7795-4e1b-ba4f-d4a60ae26d84:en,project-public,public-content-link,en,http://localhost:5050/images/PDF_news/2020_2/LL_Litigation-2021_MX.pdf,206,correcto,http://localhost:5050/images/PDF_news/2020_2/LL_Litigation-2021_MX.pdf,false,application/pdf,
0eeb4c3d-74d4-4182-b65f-ea51e595bfe2:en,project-public,public-content-link,en,http://localhost:5050/images/PDF_news/2020_2/IRInov2020edit.pdf,206,correcto,http://localhost:5050/images/PDF_news/2020_2/IRInov2020edit.pdf,false,application/pdf,
8ec86459-1caf-4f4e-a985-7150a60521c9:en,project-public,public-content-link,en,http://localhost:5050/images/PDF_news/2020_2/ITA-2020---Mexico.pdf,206,correcto,http://localhost:5050/images/PDF_news/2020_2/ITA-2020---Mexico.pdf,false,application/pdf,
dd04c59c-2837-43b3-b8f9-29e98b6bd068:en,project-public,public-content-link,en,http://localhost:5050/images/PDF_news/2020_2/GAR_Commercial-Arbitration_2020_MX.pdf,206,correcto,http://localhost:5050/images/PDF_news/2020_2/GAR_Commercial-Arbitration_2020_MX.pdf,false,application/pdf,
cc953777-ad79-4baf-828a-e4d0b840a928:en,project-public,public-content-link,en,http://localhost:5050/images/PDF/2020/8-How-to-Conduct-Internal-Investigations_v2020.pdf,206,correcto,http://localhost:5050/images/PDF/2020/8-How-to-Conduct-Internal-Investigations_v2020.pdf,false,application/pdf,
f81286f4-9f42-45e9-88e0-b4bf0eb0fe36:en,project-public,public-content-link,en,http://localhost:5050/images/PDF/2020/202005_ABA_Issue57vf_EG.pdf,206,correcto,http://localhost:5050/images/PDF/2020/202005_ABA_Issue57vf_EG.pdf,false,application/pdf,
6fad7dce-a5db-4899-87a8-edc61b2deb33:en,project-public,public-content-link,en,http://localhost:5050/images/PDF_news/PDF_articles/2020/ITA---Mexico.pdf,206,correcto,http://localhost:5050/images/PDF_news/PDF_articles/2020/ITA---Mexico.pdf,false,application/pdf,
9f60f1cc-bb1c-41cb-b75a-80c23ac3e11a:en,project-public,public-content-link,en,http://localhost:5050/images/PDF_news/2020/Mexico-1.pdf,206,correcto,http://localhost:5050/images/PDF_news/2020/Mexico-1.pdf,false,application/pdf,
8a37476e-bcac-4994-a9d3-62538a40757c:en,project-public,public-content-link,en,http://localhost:5050/images/PDF_news/PDF_articles/2021/5-Latin-Lawyer.pdf,206,correcto,http://localhost:5050/images/PDF_news/PDF_articles/2021/5-Latin-Lawyer.pdf,false,application/pdf,
5b637e42-f93c-46c7-ac1c-7ea5636f3af2:en,project-public,public-content-link,en,http://localhost:5050/images/PDF_news/PDF_articles/2018/The-Restructuring-Review-of-the-Americas--Mexico-2019.pdf,206,correcto,http://localhost:5050/images/PDF_news/PDF_articles/2018/The-Restructuring-Review-of-the-Americas--Mexico-2019.pdf,false,application/pdf,
59b493a6-031d-404f-84f5-09a38eddf2de:en,project-public,public-content-link,en,http://localhost:5050/images/PDF_news/PDF_articles/2018/Mexico-GTDT-Market-Intelligence--Private-Equity-2018.pdf,206,correcto,http://localhost:5050/images/PDF_news/PDF_articles/2018/Mexico-GTDT-Market-Intelligence--Private-Equity-2018.pdf,false,application/pdf,
28f47dd6-1536-4f7d-ae48-80f4bf084f0c:en,project-public,public-content-link,en,http://localhost:5050/images/PDF_news/PDF_articles/2018/LL_Litigation-2019_MX.pdf,206,correcto,http://localhost:5050/images/PDF_news/PDF_articles/2018/LL_Litigation-2019_MX.pdf,false,application/pdf,
c724a4cc-df79-414e-be7e-3f5d50874f78:en,project-public,public-content-link,en,http://localhost:5050/images/PDF_news/PDF_articles/2018/La-Competencia-Econmica-en-el-programa-de-Compliance-FC.pdf,206,correcto,http://localhost:5050/images/PDF_news/PDF_articles/2018/La-Competencia-Econmica-en-el-programa-de-Compliance-FC.pdf,false,application/pdf,
5713bb35-7873-4829-9111-dcb5d209db58:en,project-public,public-content-link,en,http://localhost:5050/images/PDF_news/PDF_articles/2018/LPS2018Mexico.pdf,206,correcto,http://localhost:5050/images/PDF_news/PDF_articles/2018/LPS2018Mexico.pdf,false,application/pdf,
29beecc3-7190-4f93-87f7-709c062826ee:en,project-public,public-content-link,en,http://localhost:5050/images/PDF_news/PDF_articles/2018/Educational-Institutions-Mexico-Chapter--Silverio-Sandate.pdf,206,correcto,http://localhost:5050/images/PDF_news/PDF_articles/2018/Educational-Institutions-Mexico-Chapter--Silverio-Sandate.pdf,false,application/pdf,
395efad4-99b9-4f04-aea7-4a6888f246f3:en,project-public,public-content-link,en,http://localhost:5050/images/PDF_news/PDF_articles/2018/The-Private-Equity-Review-Mexico-Chapter--Investing.pdf,206,correcto,http://localhost:5050/images/PDF_news/PDF_articles/2018/The-Private-Equity-Review-Mexico-Chapter--Investing.pdf,false,application/pdf,
ecd41fae-2b44-4790-908a-a2e16e3bc722:en,project-public,public-content-link,en,http://localhost:5050/images/PDF_news/PDF_articles/2018/017_MEXICO-TD.pdf,206,correcto,http://localhost:5050/images/PDF_news/PDF_articles/2018/017_MEXICO-TD.pdf,false,application/pdf,
74a116e1-fed5-4462-8d42-2e19f83df7e3:en,project-public,public-content-link,en,http://localhost:5050/images/PDF_news/PDF_articles/2017/Class-Actions-2018Mexico.pdf,206,correcto,http://localhost:5050/images/PDF_news/PDF_articles/2017/Class-Actions-2018Mexico.pdf,false,application/pdf,
eece9e17-d241-4326-a741-491da5ee3032:en,project-public,public-content-link,en,http://localhost:5050/images/PDF_news/PDF_articles/2017/GTDT-Market-Intelligence--Private-Equity--Volume-4-Issue-6.pdf,206,correcto,http://localhost:5050/images/PDF_news/PDF_articles/2017/GTDT-Market-Intelligence--Private-Equity--Volume-4-Issue-6.pdf,false,application/pdf,
657a092c-94cc-4a60-9d39-43f3d4e551fc:en,project-public,public-content-link,en,http://localhost:5050/images/PDF_news/2017/Mexican-MA-shrugs-off-the-Trump-slump-_-Euromoney.pdf,206,correcto,http://localhost:5050/images/PDF_news/2017/Mexican-MA-shrugs-off-the-Trump-slump-_-Euromoney.pdf,false,application/pdf,
f763871e-d8a6-497a-bb06-9f739c7d58ce:en,project-public,public-content-link,en,http://localhost:5050/images/PDF_news/2017/IAR2017Mexico.pdf,206,correcto,http://localhost:5050/images/PDF_news/2017/IAR2017Mexico.pdf,false,application/pdf,
b04d5875-d7ed-4c57-9876-d169dec113e9:en,project-public,public-content-link,en,http://localhost:5050/images/PDF_news/PDF_articles/2017/Claus-Von-Wobeser-Adrian-Magallanes--Chambers-Partners-Global-Practice-Guides-International-Arbitration-Mexico.pdf,206,correcto,http://localhost:5050/images/PDF_news/PDF_articles/2017/Claus-Von-Wobeser-Adrian-Magallanes--Chambers-Partners-Global-Practice-Guides-International-Arbitration-Mexico.pdf,false,application/pdf,
56338ee4-3a5a-44bf-bacf-db3a8bacde0d:en,project-public,public-content-link,en,http://localhost:5050/images/PDF_news/PDF_articles/2017/Cooperacin_Internacional_en_Investigaciones_Anticorrupcion_Diego-Sierra.pdf,206,correcto,http://localhost:5050/images/PDF_news/PDF_articles/2017/Cooperacin_Internacional_en_Investigaciones_Anticorrupcion_Diego-Sierra.pdf,false,application/pdf,
ce69d303-f318-4150-9d26-b34660286660:en,project-public,public-content-link,en,http://localhost:5050/images/PDF_news/PDF_articles/2017/Private-Equity-Review-April-2017.pdf,206,correcto,http://localhost:5050/images/PDF_news/PDF_articles/2017/Private-Equity-Review-April-2017.pdf,false,application/pdf,
eb8b1c1b-6549-43e2-b937-33e7c42f61a3:en,project-public,public-content-link,en,http://localhost:5050/images/PDF_news/PDF_articles/2017/240317-The-Franchise-Law-Review-.pdf,206,correcto,http://localhost:5050/images/PDF_news/PDF_articles/2017/240317-The-Franchise-Law-Review-.pdf,false,application/pdf,
5f900aed-1c31-4ba2-93ca-f85c1e6a57b3:en,project-public,public-content-link,en,http://localhost:5050/images/PDF_news/PDF_articles/2017/240317-GTDT-Arbitration-2017.pdf,206,correcto,http://localhost:5050/images/PDF_news/PDF_articles/2017/240317-GTDT-Arbitration-2017.pdf,false,application/pdf,
4b5aa475-c671-4a98-8814-29ee3f4426b9:en,project-public,public-content-link,en,http://localhost:5050/images/PDF_news/PDF_articles/2016/MI-3-5-PE-Mexico.pdf,206,correcto,http://localhost:5050/images/PDF_news/PDF_articles/2016/MI-3-5-PE-Mexico.pdf,false,application/pdf,
24e4f2cc-08ef-42ee-aec5-426cf6e5c4dc:en,project-public,public-content-link,en,http://localhost:5050/images/PDF_news/PDF_articles/2016/IA16_Chapter-40_Mexico.pdf,206,correcto,http://localhost:5050/images/PDF_news/PDF_articles/2016/IA16_Chapter-40_Mexico.pdf,false,application/pdf,
de46ca3a-47db-424f-942d-9433d3643b76:en,project-public,public-content-link,en,http://localhost:5050/images/PDF_news/PDF_articles/2016/New_Rules1.PDF,206,correcto,http://localhost:5050/images/PDF_news/PDF_articles/2016/New_Rules1.PDF,false,application/pdf,
bc109572-9e89-40ba-814e-294cd33596c7:en,project-public,public-content-link,en,http://localhost:5050/images/PDF_news/PDF_articles/2016/ov14-1-article08.pdf,206,correcto,http://localhost:5050/images/PDF_news/PDF_articles/2016/ov14-1-article08.pdf,false,application/pdf,
6b98ab95-5616-46b2-aeac-aa7dd74188a9:en,project-public,public-content-link,en,http://localhost:5050/images/PDF_news/PDF_articles/2016/Mexico.pdf,206,correcto,http://localhost:5050/images/PDF_news/PDF_articles/2016/Mexico.pdf,false,application/pdf,
b0b7e68f-5898-43a9-bf07-37f0b4fbf46b:en,project-public,public-content-link,en,http://localhost:5050/images/PDF_news/PDF_articles/2016/vwys.pdf,206,correcto,http://localhost:5050/images/PDF_news/PDF_articles/2016/vwys.pdf,false,application/pdf,
31ab1a16-47cd-40c3-8172-76ede649340d:en,project-public,public-content-link,en,http://localhost:5050/images/PDF_news/PDF_articles/2015/vwys0412.pdf,206,correcto,http://localhost:5050/images/PDF_news/PDF_articles/2015/vwys0412.pdf,false,application/pdf,
c03151e2-7c17-4ebc-8701-d9afea07dd81:en,project-public,public-content-link,en,http://localhost:5050/images/PDF_news/PDF_articles/2015/OS2016_Mexico.pdf,206,correcto,http://localhost:5050/images/PDF_news/PDF_articles/2015/OS2016_Mexico.pdf,false,application/pdf,
18c12062-007c-47fc-a036-96542ad08393:en,project-public,public-content-link,en,http://localhost:5050/images/PDF_news/PDF_articles/2015/marketintelligence.pdf,206,correcto,http://localhost:5050/images/PDF_news/PDF_articles/2015/marketintelligence.pdf,false,application/pdf,
8bcbe1b1-5288-4f35-8483-10a7a078bab1:en,project-public,public-content-link,en,http://localhost:5050/images/PDF_news/PDF_articles/2015/North_American_Regional_Forum_News_Sept_2015.pdf,206,correcto,http://localhost:5050/images/PDF_news/PDF_articles/2015/North_American_Regional_Forum_News_Sept_2015.pdf,false,application/pdf,
7217fb31-7afe-4cf3-a4ba-12e3c50398ae:en,project-public,public-content-link,en,http://localhost:5050/images/PDF_news/PDF_articles/2015/classactions.pdf,206,correcto,http://localhost:5050/images/PDF_news/PDF_articles/2015/classactions.pdf,false,application/pdf,
94b7560c-11ed-42d4-be2c-11b62242c9f0:en,project-public,public-content-link,en,http://localhost:5050/images/PDF_news/PDF_articles/2015/Mexico_Overview.pdf,206,correcto,http://localhost:5050/images/PDF_news/PDF_articles/2015/Mexico_Overview.pdf,false,application/pdf,
d8742beb-cbcf-4d31-b590-2769d48d7270:en,project-public,public-content-link,en,http://localhost:5050/images/PDF_news/PDF_articles/2015/Mexico.pdf,206,correcto,http://localhost:5050/images/PDF_news/PDF_articles/2015/Mexico.pdf,false,application/pdf,
a41078a1-9208-4ff0-9844-5a8a90e90f91:en,project-public,public-content-link,en,http://localhost:5050/images/PDF_news/PDF_articles/2015/Mexico-Overviewsep15.pdf,206,correcto,http://localhost:5050/images/PDF_news/PDF_articles/2015/Mexico-Overviewsep15.pdf,false,application/pdf,
9a069de8-913f-4074-bcf8-24548771918a:en,project-public,public-content-link,en,http://localhost:5050/images/PDF_news/PDF_articles/2015/FINANCIER.pdf,206,correcto,http://localhost:5050/images/PDF_news/PDF_articles/2015/FINANCIER.pdf,false,application/pdf,
6865c431-2d8e-4615-9818-11b53163ffb6:en,project-public,public-content-link,en,http://localhost:5050/images/PDF_news/PDF_articles/2015/MEXICO_LandP.PDF,206,correcto,http://localhost:5050/images/PDF_news/PDF_articles/2015/MEXICO_LandP.PDF,false,application/pdf,
2af3f55c-325f-4694-9e7a-0c090aae953e:en,project-public,public-content-link,en,http://localhost:5050/images/PDF_news/PDF_articles/2015/MEXICO_TD.PDF,206,correcto,http://localhost:5050/images/PDF_news/PDF_articles/2015/MEXICO_TD.PDF,false,application/pdf,
a5bd0208-1fce-44d9-9dcd-18a8a1986bdc:en,project-public,public-content-link,en,http://localhost:5050/images/PDF_news/PDF_articles/2015/VWYS-_5099-v1-Andres_Nieto__Getting_the_Deal_Throug__Structured_Finance_Securitisation__april_20151.pdf,206,correcto,http://localhost:5050/images/PDF_news/PDF_articles/2015/VWYS-_5099-v1-Andres_Nieto__Getting_the_Deal_Throug__Structured_Finance_Securitisation__april_20151.pdf,false,application/pdf,
3d46789f-7d71-49b0-80ed-467975bff101:en,project-public,public-content-link,en,http://localhost:5050/images/PDF_news/PDF_articles/2015/BankingRegulation2015Mexico.PDF,206,correcto,http://localhost:5050/images/PDF_news/PDF_articles/2015/BankingRegulation2015Mexico.PDF,false,application/pdf,
b0d6183b-6015-4d52-974f-df813b2fdc71:en,project-public,public-content-link,en,http://localhost:5050/images/PDF_news/PDF_articles/2015/VWYS_2603-v1-CHAMBERS_AND_PARTNERS_COMPETITION_ANTITRUST_MEXICO.PDF,206,correcto,http://localhost:5050/images/PDF_news/PDF_articles/2015/VWYS_2603-v1-CHAMBERS_AND_PARTNERS_COMPETITION_ANTITRUST_MEXICO.PDF,false,application/pdf,
6d9c7fb7-4ede-498b-a8b5-4b3dd6e9cf41:en,project-public,public-content-link,en,http://localhost:5050/images/PDF_news/PDF_articles/2015/Enforcement_of_Investment_Treaty_Arbitration_Awards_Mexico.pdf,206,correcto,http://localhost:5050/images/PDF_news/PDF_articles/2015/Enforcement_of_Investment_Treaty_Arbitration_Awards_Mexico.pdf,false,application/pdf,
2f17f7b2-29f9-4741-94c9-a447396c2f45:en,project-public,public-content-link,en,http://localhost:5050/images/PDF_news/Virtual_Round_Table_Energy_Natural_Resources_2015.pdf,206,correcto,http://localhost:5050/images/PDF_news/Virtual_Round_Table_Energy_Natural_Resources_2015.pdf,false,application/pdf,
956a5317-6fab-4e3f-8ccf-09194a47e06e:en,project-public,public-content-link,en,http://localhost:5050/images/68-FernandoCarreoandPalomaAlcantaraTheAntitrustReviewoftheAmericas2015Overview.pdf,206,correcto,http://localhost:5050/images/68-FernandoCarreoandPalomaAlcantaraTheAntitrustReviewoftheAmericas2015Overview.pdf,false,application/pdf,
e7ea0d77-a778-431a-a7be-282b92805bec:en,project-public,public-content-link,en,http://localhost:5050/images/PDF_news/PDF_articles/2014/InvestmentTraetyArbitration2014.PDF,206,correcto,http://localhost:5050/images/PDF_news/PDF_articles/2014/InvestmentTraetyArbitration2014.PDF,false,application/pdf,
6cb333de-fea8-4f4f-bb48-426727cd852c:en,project-public,public-content-link,en,http://localhost:5050/images/PDF_news/PDF_articles/2014/201410GIRInvestigationsReviewoftheAmericas2015DS.pdf,206,correcto,http://localhost:5050/images/PDF_news/PDF_articles/2014/201410GIRInvestigationsReviewoftheAmericas2015DS.pdf,false,application/pdf,
cc7dc8a4-4097-4554-99cc-aaad0c6914a8:en,project-public,public-content-link,en,http://localhost:5050/images/PDF_news/PDF_articles/2014/CorporateLivewireEnergyNaturalResourcesJuly2014EG.pdf,206,correcto,http://localhost:5050/images/PDF_news/PDF_articles/2014/CorporateLivewireEnergyNaturalResourcesJuly2014EG.pdf,false,application/pdf,
c651e2f5-aea9-4c25-8a84-8e284cff2ca9:en,project-public,public-content-link,en,http://localhost:5050/images/PDF_news/PDF_articles/2014/THEPUBLICCOMPETITIONREVIEWEDITION6.pdf,206,correcto,http://localhost:5050/images/PDF_news/PDF_articles/2014/THEPUBLICCOMPETITIONREVIEWEDITION6.pdf,false,application/pdf,
d2a73c17-357c-4569-951f-765c0cf6a822:en,project-public,public-content-link,en,http://localhost:5050/images/PDF_news/201402GettingTheDealThroughArbitration.pdf,206,correcto,http://localhost:5050/images/PDF_news/201402GettingTheDealThroughArbitration.pdf,false,application/pdf,
f7f25ec4-2987-4c1a-98fd-1117c8366a50:en,project-public,public-content-link,en,http://localhost:5050/images/PDF_news/PDF_articles/2014/LWVRTEnergyandNaturalResources2014.pdf,206,correcto,http://localhost:5050/images/PDF_news/PDF_articles/2014/LWVRTEnergyandNaturalResources2014.pdf,false,application/pdf,
b82ceae2-cf3a-4a41-b346-88d4af3a6f18:es,project-public,public-source-cta,es,https://www.vonwobeser.com/images/PDF_news/2015/MexicoOutsourcingNov2013.pdf,206,correcto,https://www.vonwobeser.com/images/PDF_news/2015/MexicoOutsourcingNov2013.pdf,false,application/pdf,
b82ceae2-cf3a-4a41-b346-88d4af3a6f18:en,project-public,public-source-cta,en,https://www.vonwobeser.com/images/PDF_news/2015/MexicoOutsourcingNov2013.pdf,206,correcto,https://www.vonwobeser.com/images/PDF_news/2015/MexicoOutsourcingNov2013.pdf,false,application/pdf,
e36d5f69-b1de-436a-968c-eebc78399b60:es,project-public,public-source-cta,es,https://www.vonwobeser.com/images/PDF_news/PDF_articles/2013/45-MexicoInvestmentTreaty.pdf,206,correcto,https://www.vonwobeser.com/images/PDF_news/PDF_articles/2013/45-MexicoInvestmentTreaty.pdf,false,application/pdf,
e36d5f69-b1de-436a-968c-eebc78399b60:en,project-public,public-source-cta,en,https://www.vonwobeser.com/images/PDF_news/PDF_articles/2013/45-MexicoInvestmentTreaty.pdf,206,correcto,https://www.vonwobeser.com/images/PDF_news/PDF_articles/2013/45-MexicoInvestmentTreaty.pdf,false,application/pdf,
84f9bfcc-8798-48d5-a890-377665c14c83:en,project-public,public-content-link,en,http://localhost:5050/images/PDF_news/2015/TheArbitrationReviewoftheAmericas2014.pdf,206,correcto,http://localhost:5050/images/PDF_news/2015/TheArbitrationReviewoftheAmericas2014.pdf,false,application/pdf,
ece800dd-9adc-4a8c-b673-25ea3c970fc0:es,project-public,public-source-cta,es,https://www.vonwobeser.com/images/PDF_news/2015/IBAMexicoChapterInternationalArbitrationGuide2013.pdf,206,correcto,https://www.vonwobeser.com/images/PDF_news/2015/IBAMexicoChapterInternationalArbitrationGuide2013.pdf,false,application/pdf,
ece800dd-9adc-4a8c-b673-25ea3c970fc0:en,project-public,public-source-cta,en,https://www.vonwobeser.com/images/PDF_news/2015/IBAMexicoChapterInternationalArbitrationGuide2013.pdf,206,correcto,https://www.vonwobeser.com/images/PDF_news/2015/IBAMexicoChapterInternationalArbitrationGuide2013.pdf,false,application/pdf,
ede58b36-3867-4e86-8824-1101b6d55e65:en,project-public,public-content-link,en,http://localhost:5050/images/PDF_news/2015/73CorporateLivewireEnergyNaturalResources2013.pdf,206,correcto,http://localhost:5050/images/PDF_news/2015/73CorporateLivewireEnergyNaturalResources2013.pdf,false,application/pdf,
68bbc77a-4eb1-4c85-b94a-4f4c2adfdde8:en,project-public,public-content-link,en,http://localhost:5050/images/PDF_news/2015/70Mexicancourtallowsenforcementofarbitraltribunal.pdf,206,correcto,http://localhost:5050/images/PDF_news/2015/70Mexicancourtallowsenforcementofarbitraltribunal.pdf,false,application/pdf,
838dfaf6-fbfb-4fef-bda7-f1728511b058:en,project-public,public-content-link,en,http://localhost:5050/images/PDF_news/2015/69PraxisMejoresPracticasDiegoSierra.pdf,206,correcto,http://localhost:5050/images/PDF_news/2015/69PraxisMejoresPracticasDiegoSierra.pdf,false,application/pdf,
1e77206c-3fca-4ab5-b291-a90331709153:en,project-public,public-content-link,en,http://localhost:5050/images/PDF_news/2015/68InsolvencyasaPrerequisiteforfilingaBankruptcyProcedureinMexico.pdf,206,correcto,http://localhost:5050/images/PDF_news/2015/68InsolvencyasaPrerequisiteforfilingaBankruptcyProcedureinMexico.pdf,false,application/pdf,
20cabc6b-f2d6-4c65-b4eb-9d05f773e7ef:en,project-public,public-content-link,en,http://localhost:5050/images/PDF_news/2015/67_ICC_International_Court_of_Arbitration_Bulletin-Taking_Evidence_in_Latin_America.pdf,206,correcto,http://localhost:5050/images/PDF_news/2015/67_ICC_International_Court_of_Arbitration_Bulletin-Taking_Evidence_in_Latin_America.pdf,false,application/pdf,
05867a1b-a60c-42c0-bf98-a75884cb6b6f:en,project-public,public-content-link,en,http://localhost:5050/images/PDF_news/2015/65_Expert_Guides_-_Evolution_of_Mexican_Arbitration_Law.pdf,206,correcto,http://localhost:5050/images/PDF_news/2015/65_Expert_Guides_-_Evolution_of_Mexican_Arbitration_Law.pdf,false,application/pdf,
cbfedf69-cb3d-4e1b-8d75-eb17e5665d77:en,project-public,public-content-link,en,http://localhost:5050/images/PDF_news/2015/63_ILO_-_Launching_mandatory_tender_offers.pdf,206,correcto,http://localhost:5050/images/PDF_news/2015/63_ILO_-_Launching_mandatory_tender_offers.pdf,false,application/pdf,
c922def3-e00e-4321-b6ca-d6ebb115707f:en,project-public,public-content-link,en,http://localhost:5050/images/PDF_news/2015/62_PLC_Mexico_Supreme_Court_of_Justice_rules_on_Public_Policy_grounds_to_set_aside_award.pdf,206,correcto,http://localhost:5050/images/PDF_news/2015/62_PLC_Mexico_Supreme_Court_of_Justice_rules_on_Public_Policy_grounds_to_set_aside_award.pdf,false,application/pdf,
9f4193cf-d302-4f97-b5e0-38d8f87adf26:en,project-public,public-content-link,en,http://localhost:5050/images/PDF_news/2015/61_CorporateLivewire_Energy_and_Natural_Rec.pdf,206,correcto,http://localhost:5050/images/PDF_news/2015/61_CorporateLivewire_Energy_and_Natural_Rec.pdf,false,application/pdf,
ed6e221d-89dc-41f7-add3-a409127ec810:en,project-public,public-content-link,en,http://localhost:5050/images/PDF_news/2015/Tax_considerations_in_MA_transactions.pdf,206,correcto,http://localhost:5050/images/PDF_news/2015/Tax_considerations_in_MA_transactions.pdf,false,application/pdf,
c4205fb9-2da0-4c67-b2a8-7ccdad9f8e90:en,project-public,public-content-link,en,http://localhost:5050/images/PDF_news/PDF_articles/2013/30_GRG_Infrastructure_rkd493_1.pdf,206,correcto,http://localhost:5050/images/PDF_news/PDF_articles/2013/30_GRG_Infrastructure_rkd493_1.pdf,false,application/pdf,
9a760a9d-c1f9-4163-a821-859066859a5d:en,project-public,public-content-link,en,http://localhost:5050/images/PDF_news/2015/55-Derecho-Concursal-Escuela-Libre-de-Derecho.pdf,206,correcto,http://localhost:5050/images/PDF_news/2015/55-Derecho-Concursal-Escuela-Libre-de-Derecho.pdf,false,application/pdf,
2847d502-4340-4007-91d8-4cda515c6267:en,project-public,public-content-link,en,http://localhost:5050/images/PDF_news/2015/54_ConsideringenvironmentalliabilitesinMAtransactionsInternationalLawOffice1.pdf,206,correcto,http://localhost:5050/images/PDF_news/2015/54_ConsideringenvironmentalliabilitesinMAtransactionsInternationalLawOffice1.pdf,false,application/pdf,
daec166b-be7f-481f-98fb-b7a38eee5c73:en,project-public,public-content-link,en,http://localhost:5050/images/PDF_news/2015/52_PLC_Arbitration_Multi_Jurisdictional_mthly_email_Mexico_Superme_Courts_Shows_deference_towards_arbitral_tribunal_s.pdf,206,correcto,http://localhost:5050/images/PDF_news/2015/52_PLC_Arbitration_Multi_Jurisdictional_mthly_email_Mexico_Superme_Courts_Shows_deference_towards_arbitral_tribunal_s.pdf,false,application/pdf,
d3fd90dc-36d1-4dd7-aa2f-f51cecffcda8:en,project-public,public-content-link,en,http://localhost:5050/images/PDF_news/2015/9.2-The-International-Investigations-Review.pdf,206,correcto,http://localhost:5050/images/PDF_news/2015/9.2-The-International-Investigations-Review.pdf,false,application/pdf,
30bdde53-9f94-4106-8209-c09a3c31cbca:en,project-public,public-content-link,en,http://localhost:5050/images/PDF_news/2015/8-The-Antitrust-Review-of-the-Americas.pdf,206,correcto,http://localhost:5050/images/PDF_news/2015/8-The-Antitrust-Review-of-the-Americas.pdf,false,application/pdf,
1f685a2a-f7df-4e25-9f6d-d878e4649390:en,project-public,public-content-link,en,http://localhost:5050/images/PDF_news/2015/7_PLC_Investment_Funds.pdf,206,correcto,http://localhost:5050/images/PDF_news/2015/7_PLC_Investment_Funds.pdf,false,application/pdf,
3099ef93-c82e-460a-a5ee-d9ad4c849faf:en,project-public,public-content-link,en,http://localhost:5050/images/PDF_news/2015/6_PLC_Cartel_Leniency.pdf,206,correcto,http://localhost:5050/images/PDF_news/2015/6_PLC_Cartel_Leniency.pdf,false,application/pdf,
8c27fc0c-05d1-4b09-89b4-e7cd9b3fbe71:en,project-public,public-content-link,en,http://localhost:5050/images/PDF_news/2015/5-PLC-Outsourcing-Mexico.pdf,206,correcto,http://localhost:5050/images/PDF_news/2015/5-PLC-Outsourcing-Mexico.pdf,false,application/pdf,
a337265c-3f31-4188-bd68-4d966eb9bd1b:en,project-public,public-content-link,en,http://localhost:5050/images/PDF_news/2015/3_3_Corporate_Livewire_Currents_Trends_y_Expected_Development_in_Mexican_Renewable_Energy_Mkt.pdf,206,correcto,http://localhost:5050/images/PDF_news/2015/3_3_Corporate_Livewire_Currents_Trends_y_Expected_Development_in_Mexican_Renewable_Energy_Mkt.pdf,false,application/pdf,
034bf24d-bb12-4d40-915b-c4a86580fc49:en,project-public,public-content-link,en,http://localhost:5050/images/PDF_news/2015/3-IBA-Arbitration-Guide-Mexico.pdf,206,correcto,http://localhost:5050/images/PDF_news/2015/3-IBA-Arbitration-Guide-Mexico.pdf,false,application/pdf,
7123c9cb-bbf4-4173-a1bd-d207f74f766f:en,project-public,public-content-link,en,http://localhost:5050/images/PDF_news/2015/2_2-PLC-Mergers-and-acquisitions-Mexico.pdf,206,correcto,http://localhost:5050/images/PDF_news/2015/2_2-PLC-Mergers-and-acquisitions-Mexico.pdf,false,application/pdf,
ded2f993-d9d4-462b-8ce3-3c7e424af8e7:en,project-public,public-content-link,en,http://localhost:5050/images/PDF_news/2015/1.5-The-European-Lawyer-Ref-Series-Arbitration-World-4th-Ed--Mexico.pdf,206,correcto,http://localhost:5050/images/PDF_news/2015/1.5-The-European-Lawyer-Ref-Series-Arbitration-World-4th-Ed--Mexico.pdf,false,application/pdf,
95f1a1f1-e816-4abe-968e-88b5e6c24036:en,project-public,public-content-link,en,http://localhost:5050/images/PDF_news/2015/PAUTA-58-CVW.pdf,206,correcto,http://localhost:5050/images/PDF_news/2015/PAUTA-58-CVW.pdf,false,application/pdf,
4ded4cdb-2c36-4fd7-a12b-1b5e21f40fdd:en,project-public,public-content-link,en,http://localhost:5050/images/PDF_news/PDF_articles/2017/5-GCR-LBC-Mexico-takes-2-major-steps-2007-37-Mexico-telecoms.pdf,206,correcto,http://localhost:5050/images/PDF_news/PDF_articles/2017/5-GCR-LBC-Mexico-takes-2-major-steps-2007-37-Mexico-telecoms.pdf,false,application/pdf,
b10da17f-d899-4856-b3d4-a41cfed59cf5:en,project-public,public-content-link,en,http://localhost:5050/images/PDF_news/2015/pauta-54-CVW.pdf,206,correcto,http://localhost:5050/images/PDF_news/2015/pauta-54-CVW.pdf,false,application/pdf,
6b9d8f07-7768-47e3-9c82-6a0f5589a32d:en,project-public,public-content-link,en,http://localhost:5050/images/PDF_news/2015/Muerza---cumplimiento-sentencias-amparo.pdf,206,correcto,http://localhost:5050/images/PDF_news/2015/Muerza---cumplimiento-sentencias-amparo.pdf,false,application/pdf,
072557de-b34a-4255-8d99-4593cc18ef2a:en,project-public,public-content-link,en,http://localhost:5050/images/PDF_news/2015/Chapter-16.pdf,206,correcto,http://localhost:5050/images/PDF_news/2015/Chapter-16.pdf,false,application/pdf,
5bcd3c8e-a38a-43a5-9e35-456fceea774c:en,project-public,public-content-link,en,http://localhost:5050/images/PDF_news/PDF_articles/2021/7-Stanford-Law-School.pdf,206,correcto,http://localhost:5050/images/PDF_news/PDF_articles/2021/7-Stanford-Law-School.pdf,false,application/pdf,
