sourceKey,language,legacyId,counterpartLegacyId,listingUrl,officialUrl,officialStatus,officialFinalUrl,officialDateRaw,officialDateNormalized,officialDatePrecision,officialDocumentTitle,officialDescription,officialOgTitle,officialOgDescription,officialCanonical,officialHreflang,officialVisibleTitle,officialVisibleTitleTag,officialIntroHash,officialBodyHash,officialSourceOnly,officialPdfUrls,officialContentUrls,matchStatus,projectId,projectSlug,projectLegacyId,projectPublished,projectDate,dateComparison,titleComparison,excerptComparison,contentComparison,sourceComparison,categoryComparison,projectHtmlStatus,projectH1Count,projectH1Comparison,projectCanonical,projectSourceCtaMatches,projectSourceCtaSecure,projectVisibleRawUrlCount,findings
es:1897,es,1897,1898,https://www.vonwobeser.com/index.php/publicaciones/articulos,https://www.vonwobeser.com/index.php/publicacion?p_id=1897,200,https://www.vonwobeser.com/index.php/publicacion?p_id=1897,"Abril, 2024",2024-04,month,Von Wobeser y Sierra - La batalla por la independencia judicial. Lecciones del Sistema Interamericano.,"Von Wobeser y Sierra S.C. es una de las principales firmas de derecho mexicano que ofrece soluciones legales de servicio completo. Se compone de más de 30 diferentes áreas de práctica, incluyendo escritorios especializados con una lista fuerte de clientes internacionales y nacionales.",,,,,La batalla por la independencia judicial. Lecciones del Sistema Interamericano.,div,dd84906138ac728ef6a60982e4ba53788205c8b013ee33cbee3413c073bff074,e3b0c44298fc1c149afbf4c8996fb92427ae41e4649b934ca495991b7852b855,true,,https://www.vonwobeser.com/index.php/abogado?l=344 | https://eljuegodelacorte.nexos.com.mx/la-batalla-por-la-independencia-judicial-lecciones-del-sistema-interamericano/,legacy_id,d1442a98-28ad-44bb-9925-e6a8b65821da,la-batalla-por-la-independencia-judicial-lecciones-del-sistema-interamericano,1897,true,2024-04-01,match,match,source_only,source_only,match,match,correcto,1,match,https://www.vonwobeser.com/news/la-batalla-por-la-independencia-judicial-lecciones-del-sistema-interamericano,true,true,0,
es:1833,es,1833,1834,https://www.vonwobeser.com/index.php/publicaciones/articulos,https://www.vonwobeser.com/index.php/publicacion?p_id=1833,200,https://www.vonwobeser.com/index.php/publicacion?p_id=1833,"Marzo, 2024",2024-03,month,Von Wobeser y Sierra - Daniela Pons - Nexos - Los empresarios son beneficiarios del combate a la corrupción privada - May 2023.,"Von Wobeser y Sierra S.C. es una de las principales firmas de derecho mexicano que ofrece soluciones legales de servicio completo. Se compone de más de 30 diferentes áreas de práctica, incluyendo escritorios especializados con una lista fuerte de clientes internacionales y nacionales.",,,,,Daniela Pons - Nexos - Los empresarios son beneficiarios del combate a la corrupción privada - May 2023.,div,1f703bf286b642eef15d45b3cba0cf75da34b36d4f62e2a713e0e00eb69b10a1,e3b0c44298fc1c149afbf4c8996fb92427ae41e4649b934ca495991b7852b855,true,,https://www.vonwobeser.com/index.php/abogado?l=398 | https://anticorrupcion.nexos.com.mx/los-empresarios-son-beneficiarios-del-combate-a-la-corrupcion-privada/,legacy_id,f88f3e19-eeb7-4dcf-81bf-7419b292d426,daniela-pons-nexos-los-empresarios-son-beneficiarios-del-combate-a-la-corrupcion-2,1833,true,2024-03-01,match,match,source_only,source_only,match,match,correcto,1,match,https://www.vonwobeser.com/news/daniela-pons-nexos-los-empresarios-son-beneficiarios-del-combate-a-la-corrupcion-2,true,true,0,
es:1817,es,1817,1832,https://www.vonwobeser.com/index.php/publicaciones/articulos,https://www.vonwobeser.com/index.php/publicacion?p_id=1817,200,https://www.vonwobeser.com/index.php/publicacion?p_id=1817,"Marzo, 2024",2024-03,month,"Von Wobeser y Sierra - Comentarios sobre el Delito de Defraudación Fiscal Equiparada relacionada con el IVA respecto a la consignación del Valor de Actos o Actividades, Thomson Reuters (2015)","Von Wobeser y Sierra S.C. es una de las principales firmas de derecho mexicano que ofrece soluciones legales de servicio completo. Se compone de más de 30 diferentes áreas de práctica, incluyendo escritorios especializados con una lista fuerte de clientes internacionales y nacionales.",,,,,"Comentarios sobre el Delito de Defraudación Fiscal Equiparada relacionada con el IVA respecto a la consignación del Valor de Actos o Actividades, Thomson Reuters (2015)",div,e3b0c44298fc1c149afbf4c8996fb92427ae41e4649b934ca495991b7852b855,e3b0c44298fc1c149afbf4c8996fb92427ae41e4649b934ca495991b7852b855,false,,https://www.vonwobeser.com/index.php/abogado?l=396,legacy_id,dcf35485-3541-4cfc-8593-f9c62419505c,comentarios-sobre-el-delito-de-defraudacion-fiscal-equiparada-relacionada-con-el-2,1817,true,2024-03-01,match,match,not_applicable,not_applicable,different,match,correcto,1,match,https://www.vonwobeser.com/news/comentarios-sobre-el-delito-de-defraudacion-fiscal-equiparada-relacionada-con-el-2,true,true,0,
es:1816,es,1816,1831,https://www.vonwobeser.com/index.php/publicaciones/articulos,https://www.vonwobeser.com/index.php/publicacion?p_id=1816,200,https://www.vonwobeser.com/index.php/publicacion?p_id=1816,"Marzo, 2024",2024-03,month,"Von Wobeser y Sierra - Prescripción Penal-Fiscal, Thomson Reuters (2015)","Von Wobeser y Sierra S.C. es una de las principales firmas de derecho mexicano que ofrece soluciones legales de servicio completo. Se compone de más de 30 diferentes áreas de práctica, incluyendo escritorios especializados con una lista fuerte de clientes internacionales y nacionales.",,,,,"Prescripción Penal-Fiscal, Thomson Reuters (2015)",div,e3b0c44298fc1c149afbf4c8996fb92427ae41e4649b934ca495991b7852b855,e3b0c44298fc1c149afbf4c8996fb92427ae41e4649b934ca495991b7852b855,false,,https://www.vonwobeser.com/index.php/abogado?l=396,legacy_id,51456133-d260-4f4f-9383-e559f960afaf,prescripcion-penal-fiscal-thomson-reuters-2015-2,1816,true,2024-03-01,match,match,not_applicable,not_applicable,different,match,correcto,1,match,https://www.vonwobeser.com/news/prescripcion-penal-fiscal-thomson-reuters-2015-2,true,true,0,
es:1815,es,1815,1830,https://www.vonwobeser.com/index.php/publicaciones/articulos,https://www.vonwobeser.com/index.php/publicacion?p_id=1815,200,https://www.vonwobeser.com/index.php/publicacion?p_id=1815,"Marzo, 2024",2024-03,month,"Von Wobeser y Sierra - Política Criminal Contemporánea de la Secretaría de Hacienda y Crédito Público, Thomson Reuters (2015)","Von Wobeser y Sierra S.C. es una de las principales firmas de derecho mexicano que ofrece soluciones legales de servicio completo. Se compone de más de 30 diferentes áreas de práctica, incluyendo escritorios especializados con una lista fuerte de clientes internacionales y nacionales.",,,,,"Política Criminal Contemporánea de la Secretaría de Hacienda y Crédito Público, Thomson Reuters (2015)",div,e3b0c44298fc1c149afbf4c8996fb92427ae41e4649b934ca495991b7852b855,e3b0c44298fc1c149afbf4c8996fb92427ae41e4649b934ca495991b7852b855,false,,https://www.vonwobeser.com/index.php/abogado?l=396,legacy_id,dd355580-337a-4753-8c05-3376dfefa8a4,politica-criminal-contemporanea-de-la-secretaria-de-hacienda-y-credito-publico-t-2,1815,true,2024-03-01,match,match,not_applicable,not_applicable,different,match,correcto,1,match,https://www.vonwobeser.com/news/politica-criminal-contemporanea-de-la-secretaria-de-hacienda-y-credito-publico-t-2,true,true,0,
es:1814,es,1814,1829,https://www.vonwobeser.com/index.php/publicaciones/articulos,https://www.vonwobeser.com/index.php/publicacion?p_id=1814,200,https://www.vonwobeser.com/index.php/publicacion?p_id=1814,"Marzo, 2024",2024-03,month,"Von Wobeser y Sierra - Blockchain y Compliance, Mundo Ejecutivo (2023)","Von Wobeser y Sierra S.C. es una de las principales firmas de derecho mexicano que ofrece soluciones legales de servicio completo. Se compone de más de 30 diferentes áreas de práctica, incluyendo escritorios especializados con una lista fuerte de clientes internacionales y nacionales.",,,,,"Blockchain y Compliance, Mundo Ejecutivo (2023)",div,e3b0c44298fc1c149afbf4c8996fb92427ae41e4649b934ca495991b7852b855,e3b0c44298fc1c149afbf4c8996fb92427ae41e4649b934ca495991b7852b855,false,,https://www.vonwobeser.com/index.php/abogado?l=396,legacy_id,e711701f-6b90-4193-b762-80b2533bdf83,blockchain-y-compliance-mundo-ejecutivo-2023-2,1814,true,2024-03-01,match,match,official_missing,not_applicable,different,match,correcto,1,match,https://www.vonwobeser.com/news/blockchain-y-compliance-mundo-ejecutivo-2023-2,true,true,0,
es:1813,es,1813,1828,https://www.vonwobeser.com/index.php/publicaciones/articulos,https://www.vonwobeser.com/index.php/publicacion?p_id=1813,200,https://www.vonwobeser.com/index.php/publicacion?p_id=1813,"Marzo, 2024",2024-03,month,"Von Wobeser y Sierra - La Tokenización de las Cosas, Revista del Ilustre y Nacional Colegio de Abogados de México (2024)","Von Wobeser y Sierra S.C. es una de las principales firmas de derecho mexicano que ofrece soluciones legales de servicio completo. Se compone de más de 30 diferentes áreas de práctica, incluyendo escritorios especializados con una lista fuerte de clientes internacionales y nacionales.",,,,,"La Tokenización de las Cosas, Revista del Ilustre y Nacional Colegio de Abogados de México (2024)",div,e3b0c44298fc1c149afbf4c8996fb92427ae41e4649b934ca495991b7852b855,e3b0c44298fc1c149afbf4c8996fb92427ae41e4649b934ca495991b7852b855,false,,https://www.vonwobeser.com/index.php/abogado?l=396,legacy_id,cb5c1ee1-54f9-4689-a806-1eb274bc61ef,la-tokenizacion-de-las-cosas-revista-del-ilustre-y-nacional-colegio-de-abogados--2,1813,true,2024-03-01,match,match,not_applicable,not_applicable,different,match,correcto,1,match,https://www.vonwobeser.com/news/la-tokenizacion-de-las-cosas-revista-del-ilustre-y-nacional-colegio-de-abogados--2,true,true,0,
es:1812,es,1812,1827,https://www.vonwobeser.com/index.php/publicaciones/articulos,https://www.vonwobeser.com/index.php/publicacion?p_id=1812,200,https://www.vonwobeser.com/index.php/publicacion?p_id=1812,"Marzo, 2024",2024-03,month,"Von Wobeser y Sierra - El Tratamiento Fiscal de las Criptomonedas, Thomson Reuters (2022)","Von Wobeser y Sierra S.C. es una de las principales firmas de derecho mexicano que ofrece soluciones legales de servicio completo. Se compone de más de 30 diferentes áreas de práctica, incluyendo escritorios especializados con una lista fuerte de clientes internacionales y nacionales.",,,,,"El Tratamiento Fiscal de las Criptomonedas, Thomson Reuters (2022)",div,e3b0c44298fc1c149afbf4c8996fb92427ae41e4649b934ca495991b7852b855,e3b0c44298fc1c149afbf4c8996fb92427ae41e4649b934ca495991b7852b855,false,,https://www.vonwobeser.com/index.php/abogado?l=396,legacy_id,83f05ea3-0a3c-40f4-ab82-d4a5224c97b7,el-tratamiento-fiscal-de-las-criptomonedas-thomson-reuters-2022-2,1812,true,2024-03-01,match,match,not_applicable,not_applicable,different,match,correcto,1,match,https://www.vonwobeser.com/news/el-tratamiento-fiscal-de-las-criptomonedas-thomson-reuters-2022-2,true,true,0,
es:1811,es,1811,1826,https://www.vonwobeser.com/index.php/publicaciones/articulos,https://www.vonwobeser.com/index.php/publicacion?p_id=1811,200,https://www.vonwobeser.com/index.php/publicacion?p_id=1811,"Marzo, 2024",2024-03,month,"Von Wobeser y Sierra - Las Criptomonedas y los Esquemas Ponzi, MIT Sloan (2022)","Von Wobeser y Sierra S.C. es una de las principales firmas de derecho mexicano que ofrece soluciones legales de servicio completo. Se compone de más de 30 diferentes áreas de práctica, incluyendo escritorios especializados con una lista fuerte de clientes internacionales y nacionales.",,,,,"Las Criptomonedas y los Esquemas Ponzi, MIT Sloan (2022)",div,e3b0c44298fc1c149afbf4c8996fb92427ae41e4649b934ca495991b7852b855,e3b0c44298fc1c149afbf4c8996fb92427ae41e4649b934ca495991b7852b855,false,,https://www.vonwobeser.com/index.php/abogado?l=396,legacy_id,e61cf1d4-c0c2-4d8d-b064-f1c32c3a101e,las-criptomonedas-y-los-esquemas-ponzi-mit-sloan-2022-2,1811,true,2024-03-01,match,match,official_missing,not_applicable,different,match,correcto,1,match,https://www.vonwobeser.com/news/las-criptomonedas-y-los-esquemas-ponzi-mit-sloan-2022-2,true,true,0,
es:1810,es,1810,1825,https://www.vonwobeser.com/index.php/publicaciones/articulos,https://www.vonwobeser.com/index.php/publicacion?p_id=1810,200,https://www.vonwobeser.com/index.php/publicacion?p_id=1810,"Marzo, 2024",2024-03,month,"Von Wobeser y Sierra - Las Criptomonedas y su Transparente Blockchain, Periódico Milenio (2021)","Von Wobeser y Sierra S.C. es una de las principales firmas de derecho mexicano que ofrece soluciones legales de servicio completo. Se compone de más de 30 diferentes áreas de práctica, incluyendo escritorios especializados con una lista fuerte de clientes internacionales y nacionales.",,,,,"Las Criptomonedas y su Transparente Blockchain, Periódico Milenio (2021)",div,e3b0c44298fc1c149afbf4c8996fb92427ae41e4649b934ca495991b7852b855,e3b0c44298fc1c149afbf4c8996fb92427ae41e4649b934ca495991b7852b855,false,,https://www.vonwobeser.com/index.php/abogado?l=396,legacy_id,c4499622-a209-4d59-b716-c9dff13f38c0,las-criptomonedas-y-su-transparente-blockchain-periodico-milenio-2021-2,1810,true,2024-03-01,match,match,official_missing,not_applicable,different,match,correcto,1,match,https://www.vonwobeser.com/news/las-criptomonedas-y-su-transparente-blockchain-periodico-milenio-2021-2,true,true,0,
es:1809,es,1809,1824,https://www.vonwobeser.com/index.php/publicaciones/articulos?start=10,https://www.vonwobeser.com/index.php/publicacion?p_id=1809,200,https://www.vonwobeser.com/index.php/publicacion?p_id=1809,"Marzo, 2024",2024-03,month,"Von Wobeser y Sierra - Responsabilidad Penal de la Empresa y del Abogado, Thomson Reuters (2020)","Von Wobeser y Sierra S.C. es una de las principales firmas de derecho mexicano que ofrece soluciones legales de servicio completo. Se compone de más de 30 diferentes áreas de práctica, incluyendo escritorios especializados con una lista fuerte de clientes internacionales y nacionales.",,,,,"Responsabilidad Penal de la Empresa y del Abogado, Thomson Reuters (2020)",div,e3b0c44298fc1c149afbf4c8996fb92427ae41e4649b934ca495991b7852b855,e3b0c44298fc1c149afbf4c8996fb92427ae41e4649b934ca495991b7852b855,false,,https://www.vonwobeser.com/index.php/abogado?l=396,legacy_id,4ffb1ef8-c8d0-41c9-a1b0-b900bcb61355,responsabilidad-penal-de-la-empresa-y-del-abogado-thomson-reuters-2020-2,1809,true,2024-03-01,match,match,not_applicable,not_applicable,different,match,correcto,1,match,https://www.vonwobeser.com/news/responsabilidad-penal-de-la-empresa-y-del-abogado-thomson-reuters-2020-2,true,true,0,
es:1808,es,1808,1823,https://www.vonwobeser.com/index.php/publicaciones/articulos?start=10,https://www.vonwobeser.com/index.php/publicacion?p_id=1808,200,https://www.vonwobeser.com/index.php/publicacion?p_id=1808,"Marzo, 2024",2024-03,month,"Von Wobeser y Sierra - El Lavado de Dinero y las Criptomonedas (Segunda parte), Thomson Reuters (2021)","Von Wobeser y Sierra S.C. es una de las principales firmas de derecho mexicano que ofrece soluciones legales de servicio completo. Se compone de más de 30 diferentes áreas de práctica, incluyendo escritorios especializados con una lista fuerte de clientes internacionales y nacionales.",,,,,"El Lavado de Dinero y las Criptomonedas (Segunda parte), Thomson Reuters (2021)",div,e3b0c44298fc1c149afbf4c8996fb92427ae41e4649b934ca495991b7852b855,e3b0c44298fc1c149afbf4c8996fb92427ae41e4649b934ca495991b7852b855,false,,https://www.vonwobeser.com/index.php/abogado?l=396,legacy_id,59a1de11-dc6c-4fcf-b9ca-51fad251a9ea,el-lavado-de-dinero-y-las-criptomonedas-segunda-parte-thomson-reuters-2021-2,1808,true,2024-03-01,match,match,not_applicable,not_applicable,different,match,correcto,1,match,https://www.vonwobeser.com/news/el-lavado-de-dinero-y-las-criptomonedas-segunda-parte-thomson-reuters-2021-2,true,true,0,
es:1807,es,1807,1822,https://www.vonwobeser.com/index.php/publicaciones/articulos?start=10,https://www.vonwobeser.com/index.php/publicacion?p_id=1807,200,https://www.vonwobeser.com/index.php/publicacion?p_id=1807,"Marzo, 2024",2024-03,month,"Von Wobeser y Sierra - El Lavado de Dinero y las Criptomonedas (Primera parte), Thomson Reuters (2020)","Von Wobeser y Sierra S.C. es una de las principales firmas de derecho mexicano que ofrece soluciones legales de servicio completo. Se compone de más de 30 diferentes áreas de práctica, incluyendo escritorios especializados con una lista fuerte de clientes internacionales y nacionales.",,,,,"El Lavado de Dinero y las Criptomonedas (Primera parte), Thomson Reuters (2020)",div,e3b0c44298fc1c149afbf4c8996fb92427ae41e4649b934ca495991b7852b855,e3b0c44298fc1c149afbf4c8996fb92427ae41e4649b934ca495991b7852b855,false,,https://www.vonwobeser.com/index.php/abogado?l=396,legacy_id,ed6f3c93-30d1-46ea-a887-00990870a206,el-lavado-de-dinero-y-las-criptomonedas-primera-parte-thomson-reuters-2020-2,1807,true,2024-03-01,match,match,not_applicable,not_applicable,different,match,correcto,1,match,https://www.vonwobeser.com/news/el-lavado-de-dinero-y-las-criptomonedas-primera-parte-thomson-reuters-2020-2,true,true,0,
es:1806,es,1806,1821,https://www.vonwobeser.com/index.php/publicaciones/articulos?start=10,https://www.vonwobeser.com/index.php/publicacion?p_id=1806,200,https://www.vonwobeser.com/index.php/publicacion?p_id=1806,"Marzo, 2024",2024-03,month,"Von Wobeser y Sierra - El Concepto de Organización en Delincuencia Organizada y Crímenes de Lesa Humanidad, Todo Penal Internacional (2021)","Von Wobeser y Sierra S.C. es una de las principales firmas de derecho mexicano que ofrece soluciones legales de servicio completo. Se compone de más de 30 diferentes áreas de práctica, incluyendo escritorios especializados con una lista fuerte de clientes internacionales y nacionales.",,,,,"El Concepto de Organización en Delincuencia Organizada y Crímenes de Lesa Humanidad, Todo Penal Internacional (2021)",div,e3b0c44298fc1c149afbf4c8996fb92427ae41e4649b934ca495991b7852b855,e3b0c44298fc1c149afbf4c8996fb92427ae41e4649b934ca495991b7852b855,false,,https://www.vonwobeser.com/index.php/abogado?l=396,legacy_id,b05e261e-8879-4144-8f29-8b7c504711c4,el-concepto-de-organizacion-en-delincuencia-organizada-y-crimenes-de-lesa-humani-2,1806,true,2024-03-01,match,match,not_applicable,not_applicable,different,match,correcto,1,match,https://www.vonwobeser.com/news/el-concepto-de-organizacion-en-delincuencia-organizada-y-crimenes-de-lesa-humani-2,true,true,0,
es:1805,es,1805,1820,https://www.vonwobeser.com/index.php/publicaciones/articulos?start=10,https://www.vonwobeser.com/index.php/publicacion?p_id=1805,200,https://www.vonwobeser.com/index.php/publicacion?p_id=1805,"Marzo, 2024",2024-03,month,"Von Wobeser y Sierra - La Evasión Fiscal: Una forma de Corrupción, Periódico Milenio (2020)","Von Wobeser y Sierra S.C. es una de las principales firmas de derecho mexicano que ofrece soluciones legales de servicio completo. Se compone de más de 30 diferentes áreas de práctica, incluyendo escritorios especializados con una lista fuerte de clientes internacionales y nacionales.",,,,,"La Evasión Fiscal: Una forma de Corrupción, Periódico Milenio (2020)",div,e3b0c44298fc1c149afbf4c8996fb92427ae41e4649b934ca495991b7852b855,e3b0c44298fc1c149afbf4c8996fb92427ae41e4649b934ca495991b7852b855,false,,https://www.vonwobeser.com/index.php/abogado?l=396,legacy_id,b5bf8684-0e24-4c06-8762-70f8934740db,la-evasion-fiscal-una-forma-de-corrupcion-periodico-milenio-2020-2,1805,true,2024-03-01,match,match,official_missing,not_applicable,different,match,correcto,1,match,https://www.vonwobeser.com/news/la-evasion-fiscal-una-forma-de-corrupcion-periodico-milenio-2020-2,true,true,0,
es:1804,es,1804,1819,https://www.vonwobeser.com/index.php/publicaciones/articulos?start=10,https://www.vonwobeser.com/index.php/publicacion?p_id=1804,200,https://www.vonwobeser.com/index.php/publicacion?p_id=1804,"Marzo, 2024",2024-03,month,"Von Wobeser y Sierra - Los Jueces deben pensar en las Víctimas, Periódico Milenio (2020)","Von Wobeser y Sierra S.C. es una de las principales firmas de derecho mexicano que ofrece soluciones legales de servicio completo. Se compone de más de 30 diferentes áreas de práctica, incluyendo escritorios especializados con una lista fuerte de clientes internacionales y nacionales.",,,,,"Los Jueces deben pensar en las Víctimas, Periódico Milenio (2020)",div,e3b0c44298fc1c149afbf4c8996fb92427ae41e4649b934ca495991b7852b855,e3b0c44298fc1c149afbf4c8996fb92427ae41e4649b934ca495991b7852b855,false,,https://www.vonwobeser.com/index.php/abogado?l=396,legacy_id,6a802bb3-cd6f-4171-b903-2fbfc7b68ab0,los-jueces-deben-pensar-en-las-victimas-periodico-milenio-2020-2,1804,true,2024-03-01,match,match,official_missing,not_applicable,different,match,correcto,1,match,https://www.vonwobeser.com/news/los-jueces-deben-pensar-en-las-victimas-periodico-milenio-2020-2,true,true,0,
es:1803,es,1803,1818,https://www.vonwobeser.com/index.php/publicaciones/articulos?start=10,https://www.vonwobeser.com/index.php/publicacion?p_id=1803,200,https://www.vonwobeser.com/index.php/publicacion?p_id=1803,"Marzo, 2024",2024-03,month,"Von Wobeser y Sierra - No hay Crimen Perfecto, Periódico Milenio (2020)","Von Wobeser y Sierra S.C. es una de las principales firmas de derecho mexicano que ofrece soluciones legales de servicio completo. Se compone de más de 30 diferentes áreas de práctica, incluyendo escritorios especializados con una lista fuerte de clientes internacionales y nacionales.",,,,,"No hay Crimen Perfecto, Periódico Milenio (2020)",div,e3b0c44298fc1c149afbf4c8996fb92427ae41e4649b934ca495991b7852b855,e3b0c44298fc1c149afbf4c8996fb92427ae41e4649b934ca495991b7852b855,false,,https://www.vonwobeser.com/index.php/abogado?l=396,legacy_id,2c75ee48-2c81-4d50-808e-e1359764b201,no-hay-crimen-perfecto-periodico-milenio-2020-2,1803,true,2024-03-01,match,match,official_missing,not_applicable,different,match,correcto,1,match,https://www.vonwobeser.com/news/no-hay-crimen-perfecto-periodico-milenio-2020-2,true,true,0,
es:1899,es,1899,1900,https://www.vonwobeser.com/index.php/publicaciones/articulos?start=10,https://www.vonwobeser.com/index.php/publicacion?p_id=1899,200,https://www.vonwobeser.com/index.php/publicacion?p_id=1899,"Junio, 2023",2023-06,month,Von Wobeser y Sierra - Las nuevas reglas de publicidad en alimentos preenvasados.,"Von Wobeser y Sierra S.C. es una de las principales firmas de derecho mexicano que ofrece soluciones legales de servicio completo. Se compone de más de 30 diferentes áreas de práctica, incluyendo escritorios especializados con una lista fuerte de clientes internacionales y nacionales.",,,,,Las nuevas reglas de publicidad en alimentos preenvasados.,div,bec1b866b6371d1ec4b5bbb0c9d135fb3bb7c23172298e7e42873b652a6db7c4,e3b0c44298fc1c149afbf4c8996fb92427ae41e4649b934ca495991b7852b855,true,,https://www.vonwobeser.com/index.php/abogado?l=344 | https://eljuegodelacorte.nexos.com.mx/que-culpa-tiene-el-tigre-tono-las-nuevas-reglas-de-publicidad-en-alimentos-preenvasados/,legacy_id,9f2576b3-73af-4e76-8130-6d1182263332,las-nuevas-reglas-de-publicidad-en-alimentos-preenvasados,1899,true,2023-06-01,match,match,source_only,source_only,match,match,correcto,1,match,https://www.vonwobeser.com/news/las-nuevas-reglas-de-publicidad-en-alimentos-preenvasados,true,true,0,
es:1784,es,1784,1783,https://www.vonwobeser.com/index.php/publicaciones/articulos?start=10,https://www.vonwobeser.com/index.php/publicacion?p_id=1784,200,https://www.vonwobeser.com/index.php/publicacion?p_id=1784,"Mayo, 2023",2023-05,month,Von Wobeser y Sierra - ESG en la Industria Minera Mexicana. Cuarta Parte,"Von Wobeser y Sierra S.C. es una de las principales firmas de derecho mexicano que ofrece soluciones legales de servicio completo. Se compone de más de 30 diferentes áreas de práctica, incluyendo escritorios especializados con una lista fuerte de clientes internacionales y nacionales.",,,,,ESG en la Industria Minera Mexicana. Cuarta Parte,div,44663a87775067c59686235d5002731aced0f6de4fce91ed550afd50b96b29e2,a929c85e4b251ca21c3c4cb1cc9f336fb406b645dcce8e63ed33df35c22823d9,false,https://www.vonwobeser.com/images/PDF_news/2023/ESG4/23_05_22_MINERIA_ESG_ESP-Pt4-OK.pdf,,legacy_id,948d9ed0-b5c0-4aa3-b2f9-46f2c3084d72,esg-en-la-industria-minera-mexicana-cuarta-parte,1784,true,2023-05-01,match,match,different,similar,different,match,correcto,1,match,https://www.vonwobeser.com/news/esg-en-la-industria-minera-mexicana-cuarta-parte,true,true,0,
es:1781,es,1781,1782,https://www.vonwobeser.com/index.php/publicaciones/articulos?start=10,https://www.vonwobeser.com/index.php/publicacion?p_id=1781,200,https://www.vonwobeser.com/index.php/publicacion?p_id=1781,"Mayo, 2023",2023-05,month,Von Wobeser y Sierra - Una visión interdisciplinaria en el combate a la corrupción,"Von Wobeser y Sierra S.C. es una de las principales firmas de derecho mexicano que ofrece soluciones legales de servicio completo. Se compone de más de 30 diferentes áreas de práctica, incluyendo escritorios especializados con una lista fuerte de clientes internacionales y nacionales.",,,,,Una visión interdisciplinaria en el combate a la corrupción,div,e3b0c44298fc1c149afbf4c8996fb92427ae41e4649b934ca495991b7852b855,e3b0c44298fc1c149afbf4c8996fb92427ae41e4649b934ca495991b7852b855,false,https://www.vonwobeser.com/images/PDF_news/2023/vision_combate.pdf,https://www.vonwobeser.com/index.php/abogado?l=195,legacy_id,058a4313-3a7c-415d-91f0-a79623555e3c,una-vision-interdisciplinaria-en-el-combate-a-la-corrupcion,1781,true,2023-05-01,match,match,official_missing,official_missing,match,match,correcto,1,match,https://www.vonwobeser.com/news/una-vision-interdisciplinaria-en-el-combate-a-la-corrupcion,true,true,0,
es:1764,es,1764,1763,https://www.vonwobeser.com/index.php/publicaciones/articulos?start=20,https://www.vonwobeser.com/index.php/publicacion?p_id=1764,200,https://www.vonwobeser.com/index.php/publicacion?p_id=1764,"Enero, 2023",2023-01,month,Von Wobeser y Sierra - Latin Lawyer’s M&A Guide: Indemnity Escrows and Other Payment Guarantees,"Von Wobeser y Sierra S.C. es una de las principales firmas de derecho mexicano que ofrece soluciones legales de servicio completo. Se compone de más de 30 diferentes áreas de práctica, incluyendo escritorios especializados con una lista fuerte de clientes internacionales y nacionales.",,,,,Latin Lawyer’s M&A Guide: Indemnity Escrows and Other Payment Guarantees,div,459004513b87130dc5987244b87fc61b96743579fdc5839c694d83a681d8828c,0dc29eda88d97b23011628f919e2e6d2cea07a62cbe02f6b5153e2dd276b6cbf,false,,https://www.vonwobeser.com/index.php/abogado?l=141 | https://www.vonwobeser.com/index.php/abogado?l=160 | https://www.vonwobeser.com/index.php/abogado?l=246 | https://vonwobeserysierra.us5.list-manage.com/track/click?u=b054d1d8087ee1d7ab2807780&id=76fb70a373&e=235d3ee136,legacy_id,c652d75f-b906-418e-920f-b0b288f6d150,latin-lawyer-s-m-a-guide-indemnity-escrows-and-other-payment-guarantees-2,1764,true,2023-01-01,match,different,different,different,not_applicable,match,correcto,1,match,https://www.vonwobeser.com/news/latin-lawyer-s-m-a-guide-indemnity-escrows-and-other-payment-guarantees-2,true,true,0,TITLE_DIFFERENT | CONTENT_DIFFERENT
es:1756,es,1756,1755,https://www.vonwobeser.com/index.php/publicaciones/articulos?start=20,https://www.vonwobeser.com/index.php/publicacion?p_id=1756,200,https://www.vonwobeser.com/index.php/publicacion?p_id=1756,"Octubre, 2022",2022-10,month,Von Wobeser y Sierra - Global Arbitration Review: Construction Arbitration Know-How Mexico Chapter,"Von Wobeser y Sierra S.C. es una de las principales firmas de derecho mexicano que ofrece soluciones legales de servicio completo. Se compone de más de 30 diferentes áreas de práctica, incluyendo escritorios especializados con una lista fuerte de clientes internacionales y nacionales.",,,,,Global Arbitration Review: Construction Arbitration Know-How Mexico Chapter,div,0bf90859f9d5c34a8f3a03113bd81c761b87413cc066cff0937c300613d90f33,016815836a54bfb888ae5f96f92ecf0aa7f4bf44e34690747bea9e3c488cea3f,false,,https://www.vonwobeser.com/index.php/abogado?l=175 | https://vonwobeserysierra.us5.list-manage.com/track/click?u=b054d1d8087ee1d7ab2807780&id=03c8f69696&e=235d3ee136,legacy_id,737ef17f-b7a2-472b-b27a-e884bb8493e0,global-arbitration-review-construction-arbitration-know-how-mexico-chapter-2,1756,true,2022-10-01,match,different,different,different,not_applicable,match,correcto,1,match,https://www.vonwobeser.com/news/global-arbitration-review-construction-arbitration-know-how-mexico-chapter-2,true,true,0,TITLE_DIFFERENT | CONTENT_DIFFERENT
es:1748,es,1748,1747,https://www.vonwobeser.com/index.php/publicaciones/articulos?start=20,https://www.vonwobeser.com/index.php/publicacion?p_id=1748,200,https://www.vonwobeser.com/index.php/publicacion?p_id=1748,"Agosto, 2022",2022-08,month,Von Wobeser y Sierra - ESG en la Industria Minera Mexicana. Tercera Parte,"Von Wobeser y Sierra S.C. es una de las principales firmas de derecho mexicano que ofrece soluciones legales de servicio completo. Se compone de más de 30 diferentes áreas de práctica, incluyendo escritorios especializados con una lista fuerte de clientes internacionales y nacionales.",,,,,ESG en la Industria Minera Mexicana. Tercera Parte,div,44663a87775067c59686235d5002731aced0f6de4fce91ed550afd50b96b29e2,a53b7695822805208cf07815f44b12be7db84e0b8fa578366996d31ee6e3850a,false,https://www.vonwobeser.com/images/PDF_news/2022/22_08_11_ESG_En-la-Industria-Minera-Mexicana-3_ESP.pdf,https://www.vonwobeser.com/index.php/abogado?l=147 | https://www.vonwobeser.com/index.php/abogado?l=224 | https://www.vonwobeser.com/index.php/practica?p=90 | https://www.vonwobeser.com/index.php/publicacion?p_id=1635 | https://www.vonwobeser.com/index.php/publicacion?p_id=1718,legacy_id,b3da086e-1dd7-43c3-a148-a94bd75d44b9,esg-en-la-industria-minera-mexicana-tercera-parte,1748,true,2022-08-01,match,match,different,similar,different,match,correcto,1,match,https://www.vonwobeser.com/news/esg-en-la-industria-minera-mexicana-tercera-parte,true,true,0,
es:1726,es,1726,1725,https://www.vonwobeser.com/index.php/publicaciones/articulos?start=20,https://www.vonwobeser.com/index.php/publicacion?p_id=1726,200,https://www.vonwobeser.com/index.php/publicacion?p_id=1726,"Mayo, 2022",2022-05,month,Von Wobeser y Sierra - Prepárate para el próximo cisne,"Von Wobeser y Sierra S.C. es una de las principales firmas de derecho mexicano que ofrece soluciones legales de servicio completo. Se compone de más de 30 diferentes áreas de práctica, incluyendo escritorios especializados con una lista fuerte de clientes internacionales y nacionales.",,,,,Prepárate para el próximo cisne,div,e3b0c44298fc1c149afbf4c8996fb92427ae41e4649b934ca495991b7852b855,e3b0c44298fc1c149afbf4c8996fb92427ae41e4649b934ca495991b7852b855,false,https://www.vonwobeser.com/images/PDF/2022/Preparate_Para_el_Proximo_Cisne1.pdf,https://www.vonwobeser.com/index.php/abogado?l=323,legacy_id,0dddeaf9-ed0e-43f9-9419-2a437feefdbe,preparate-para-el-proximo-cisne-2,1726,true,2022-05-01,match,match,official_missing,official_missing,match,match,correcto,1,match,https://www.vonwobeser.com/news/preparate-para-el-proximo-cisne-2,true,true,0,
es:1718,es,1718,1717,https://www.vonwobeser.com/index.php/publicaciones/articulos?start=20,https://www.vonwobeser.com/index.php/publicacion?p_id=1718,200,https://www.vonwobeser.com/index.php/publicacion?p_id=1718,"Abril, 2022",2022-04,month,Von Wobeser y Sierra - ESG en la Industria Minera Mexicana. Segunda Parte,"Von Wobeser y Sierra S.C. es una de las principales firmas de derecho mexicano que ofrece soluciones legales de servicio completo. Se compone de más de 30 diferentes áreas de práctica, incluyendo escritorios especializados con una lista fuerte de clientes internacionales y nacionales.",,,,,ESG en la Industria Minera Mexicana. Segunda Parte,div,44663a87775067c59686235d5002731aced0f6de4fce91ed550afd50b96b29e2,df6f7994781431fa8edd4613c75b84710d584cd9b3ccf84ffec90f18c7ac31eb,false,https://www.vonwobeser.com/images/PDF_news/2022/22_04_01_MINERIA_ESG_ESP-Pt2.pdf | https://www.vonwobeser.com/images/PDF_news/2021/21_10_12_MINERIA_ESG_ESP.pdf,https://www.vonwobeser.com/index.php/abogado?l=147 | https://www.vonwobeser.com/index.php/abogado?l=224 | https://www.vonwobeser.com/index.php/practica?p=90,legacy_id,33353440-ab57-4435-b33d-a3b479cd2f5e,esg-en-la-industria-minera-mexicana-segunda-parte,1718,true,2022-04-01,match,match,different,similar,different,match,correcto,1,match,https://www.vonwobeser.com/news/esg-en-la-industria-minera-mexicana-segunda-parte,true,true,0,
es:1699,es,1699,1700,https://www.vonwobeser.com/index.php/publicaciones/articulos?start=20,https://www.vonwobeser.com/index.php/publicacion?p_id=1699,200,https://www.vonwobeser.com/index.php/publicacion?p_id=1699,"Febrero, 2022",2022-02,month,Von Wobeser y Sierra - ¿Tu negocio contribuye a cambiar el mundo? Considera una perspectiva ESG.,"Von Wobeser y Sierra S.C. es una de las principales firmas de derecho mexicano que ofrece soluciones legales de servicio completo. Se compone de más de 30 diferentes áreas de práctica, incluyendo escritorios especializados con una lista fuerte de clientes internacionales y nacionales.",,,,,¿Tu negocio contribuye a cambiar el mundo? Considera una perspectiva ESG.,div,9f59bfa5437d75449fdb47156f821d390c711b049ea9caf2f3beea0a686cfd8b,9ee52dde49b69956f5faebe190943dc420989e16cce593cf39cb91b55f213a97,false,https://www.vonwobeser.com/images/PDF_news/2022/Tu-negocio-contribuye-a-cambiar-el-mundo_-Considera-una-perspectiva-ESG.pdf,https://www.vonwobeser.com/index.php/abogado?l=323 | https://www.vonwobeser.com/index.php/practica?p=90 | https://expansion.mx/opinion/2022/01/03/negocio-contribuya-cambiar-el-mundo,legacy_id,13f214d4-71b3-4284-8e23-d7882ad83bd1,tu-negocio-contribuye-a-cambiar-el-mundo-considera-una-perspectiva-esg,1699,true,2022-02-01,match,match,match,different,match,match,correcto,1,match,https://www.vonwobeser.com/news/tu-negocio-contribuye-a-cambiar-el-mundo-considera-una-perspectiva-esg,true,true,0,CONTENT_DIFFERENT
es:1683,es,1683,1682,https://www.vonwobeser.com/index.php/publicaciones/articulos?start=20,https://www.vonwobeser.com/index.php/publicacion?p_id=1683,200,https://www.vonwobeser.com/index.php/publicacion?p_id=1683,"Diciembre, 2021",2021-12,month,Von Wobeser y Sierra - Derechos fundamentales de las personas morales: un tema sin resolver,"Von Wobeser y Sierra S.C. es una de las principales firmas de derecho mexicano que ofrece soluciones legales de servicio completo. Se compone de más de 30 diferentes áreas de práctica, incluyendo escritorios especializados con una lista fuerte de clientes internacionales y nacionales.",,,,,Derechos fundamentales de las personas morales: un tema sin resolver,div,d8fac75392eb5a7f82ec3553d3734719972454407d3260d1b4fd9fc837731f11,961ac87733bee898f7afc5b70b66a0afa28390a0434649598a1039dcf2d98a4d,false,https://www.vonwobeser.com/images/PDF_news/2021/21_12_17_DERECHOS_FUNDAMENTALES_ESG_ESP.pdf,https://www.vonwobeser.com/index.php/abogado?l=148 | https://www.vonwobeser.com/index.php/abogado?l=155 | https://www.vonwobeser.com/index.php/practica?p=90,legacy_id,26a2073b-ad34-41c5-88b2-052ab0402f86,derechos-fundamentales-de-las-personas-morales-un-tema-sin-resolver,1683,true,2021-12-01,match,match,match,similar,not_applicable,match,correcto,1,match,https://www.vonwobeser.com/news/derechos-fundamentales-de-las-personas-morales-un-tema-sin-resolver,true,true,0,
es:1679,es,1679,1678,https://www.vonwobeser.com/index.php/publicaciones/articulos?start=20,https://www.vonwobeser.com/index.php/publicacion?p_id=1679,200,https://www.vonwobeser.com/index.php/publicacion?p_id=1679,"Diciembre, 2021",2021-12,month,Von Wobeser y Sierra - Impulsar la autonomía energética mientras se avanza en la protección del medio ambiente: un acto de equilibrio,"Von Wobeser y Sierra S.C. es una de las principales firmas de derecho mexicano que ofrece soluciones legales de servicio completo. Se compone de más de 30 diferentes áreas de práctica, incluyendo escritorios especializados con una lista fuerte de clientes internacionales y nacionales.",,,,,Impulsar la autonomía energética mientras se avanza en la protección del medio ambiente: un acto de equilibrio,div,33a07cbaf8a46563dd8ffee6ffb8d4f265c29bda8d8c81c2940138f62865a733,126669f905e280cde924692d6c8f66574d58ebdd21e8e93222f9090427dc837a,false,https://www.vonwobeser.com/images/PDF_news/2021/21_12_10_AUTONOMIA_ENERGETICA_ESG_ESP.pdf,https://www.vonwobeser.com/index.php/abogado?l=148 | https://www.vonwobeser.com/index.php/abogado?l=155 | https://www.vonwobeser.com/index.php/abogado?l=296 | https://www.vonwobeser.com/index.php/practica?p=90,legacy_id,e97d4b5c-a943-491e-b91a-81937feca1ca,impulsar-la-autonomia-energetica-mientras-se-avanza-en-la-proteccion-del-medio-a,1679,true,2021-12-01,match,match,match,similar,not_applicable,match,correcto,1,match,https://www.vonwobeser.com/news/impulsar-la-autonomia-energetica-mientras-se-avanza-en-la-proteccion-del-medio-a,true,true,0,
es:1674,es,1674,,https://www.vonwobeser.com/index.php/publicaciones/articulos?start=20,https://www.vonwobeser.com/index.php/publicacion?p_id=1674,200,https://www.vonwobeser.com/index.php/publicacion?p_id=1674,"Diciembre, 2021",2021-12,month,Von Wobeser y Sierra - Competencia económica: un potencial detonante de iniciativas sustentables,"Von Wobeser y Sierra S.C. es una de las principales firmas de derecho mexicano que ofrece soluciones legales de servicio completo. Se compone de más de 30 diferentes áreas de práctica, incluyendo escritorios especializados con una lista fuerte de clientes internacionales y nacionales.",,,,,Competencia económica: un potencial detonante de iniciativas sustentables,div,3731f1df574dd550f7dfece2c4a8ac21a97f03776965ed52dc91c430d01b21d2,6bee7618c4136f7d927289d310259092ad03f0fc2fe7ce844105998b2fd3e948,false,,https://www.vonwobeser.com/index.php/abogado?l=323 | https://expansion.mx/opinion/2021/12/07/competencia-economica-detonante-iniciativas-sustentables,legacy_id,07fe176f-f88f-4e6f-96d4-2f9156cfd495,competencia-economica-un-potencial-detonante-de-iniciativas-sustentables,1674,true,2021-12-01,match,match,match,different,not_applicable,match,correcto,1,match,https://www.vonwobeser.com/news/competencia-economica-un-potencial-detonante-de-iniciativas-sustentables,true,true,0,CONTENT_DIFFERENT
es:1671,es,1671,1670,https://www.vonwobeser.com/index.php/publicaciones/articulos?start=20,https://www.vonwobeser.com/index.php/publicacion?p_id=1671,200,https://www.vonwobeser.com/index.php/publicacion?p_id=1671,"Diciembre, 2021",2021-12,month,Von Wobeser y Sierra - MLRR: un mecanismo efectivo para el cumplimiento de estándares laborales colectivos,"Von Wobeser y Sierra S.C. es una de las principales firmas de derecho mexicano que ofrece soluciones legales de servicio completo. Se compone de más de 30 diferentes áreas de práctica, incluyendo escritorios especializados con una lista fuerte de clientes internacionales y nacionales.",,,,,MLRR: un mecanismo efectivo para el cumplimiento de estándares laborales colectivos,div,ed4d60058216f45c8d3d897093972284e4e5868492c05ea07ea00313c418d98e,a6045c6e121009c8a1090bcbeffa8f3cf8e88fb4e2b2985984b623676d5208b5,false,https://www.vonwobeser.com/images/PDF_news/2021/21_12_02_MLRR_ESG_ESP.pdf,https://www.vonwobeser.com/index.php/abogado?l=143 | https://www.vonwobeser.com/index.php/practica?p=90,legacy_id,14ed5556-4fdd-4da0-a134-93bb0fb73d5f,mlrr-un-mecanismo-efectivo-para-el-cumplimiento-de-estandares-laborales-colectiv,1671,true,2021-12-01,match,match,match,similar,not_applicable,match,correcto,1,match,https://www.vonwobeser.com/news/mlrr-un-mecanismo-efectivo-para-el-cumplimiento-de-estandares-laborales-colectiv,true,true,0,
es:1695,es,1695,,https://www.vonwobeser.com/index.php/publicaciones/articulos?start=30,https://www.vonwobeser.com/index.php/publicacion?p_id=1695,200,https://www.vonwobeser.com/index.php/publicacion?p_id=1695,"Noviembre, 2021",2021-11,month,Von Wobeser y Sierra - Los socios de competencia prevén un mayor escrutinio de los acuerdos de comercio electrónico y fintech.,"Von Wobeser y Sierra S.C. es una de las principales firmas de derecho mexicano que ofrece soluciones legales de servicio completo. Se compone de más de 30 diferentes áreas de práctica, incluyendo escritorios especializados con una lista fuerte de clientes internacionales y nacionales.",,,,,Los socios de competencia prevén un mayor escrutinio de los acuerdos de comercio electrónico y fintech.,div,741121b5462316db18da22789f663053665a7e1574b9bb34d26115179b9747ec,e3b0c44298fc1c149afbf4c8996fb92427ae41e4649b934ca495991b7852b855,false,,https://www.vonwobeser.com/index.php/abogado?l=145,legacy_id,ccd572df-a980-4b5d-b897-f5d20e319407,los-socios-de-competencia-preven-un-mayor-escrutinio-de-los-acuerdos-de-comercio,1695,true,2021-11-01,match,match,match,match,not_applicable,match,correcto,1,match,https://www.vonwobeser.com/news/los-socios-de-competencia-preven-un-mayor-escrutinio-de-los-acuerdos-de-comercio,true,true,0,
es:1696,es,1696,,https://www.vonwobeser.com/index.php/publicaciones/articulos?start=30,https://www.vonwobeser.com/index.php/publicacion?p_id=1696,200,https://www.vonwobeser.com/index.php/publicacion?p_id=1696,"Noviembre, 2021",2021-11,month,Von Wobeser y Sierra - Los socios de competencia prevén un mayor escrutinio de los acuerdos de comercio electrónico y fintech.,"Von Wobeser y Sierra S.C. es una de las principales firmas de derecho mexicano que ofrece soluciones legales de servicio completo. Se compone de más de 30 diferentes áreas de práctica, incluyendo escritorios especializados con una lista fuerte de clientes internacionales y nacionales.",,,,,Los socios de competencia prevén un mayor escrutinio de los acuerdos de comercio electrónico y fintech.,div,741121b5462316db18da22789f663053665a7e1574b9bb34d26115179b9747ec,e3b0c44298fc1c149afbf4c8996fb92427ae41e4649b934ca495991b7852b855,false,,https://www.vonwobeser.com/index.php/abogado?l=145,legacy_id,76969c0a-30a6-4625-a1af-a26ec1238ae6,los-socios-de-competencia-preven-un-mayor-escrutinio-de-los-acuerdos-de-comercio-2,1696,true,2021-11-01,match,match,match,match,not_applicable,match,correcto,1,match,https://www.vonwobeser.com/news/los-socios-de-competencia-preven-un-mayor-escrutinio-de-los-acuerdos-de-comercio-2,true,true,0,
es:1663,es,1663,1662,https://www.vonwobeser.com/index.php/publicaciones/articulos?start=30,https://www.vonwobeser.com/index.php/publicacion?p_id=1663,200,https://www.vonwobeser.com/index.php/publicacion?p_id=1663,"Noviembre, 2021",2021-11,month,Von Wobeser y Sierra - Lieferkettensorgfaltspflichtengesetz: un trabalenguas de nuevas regulaciones de la cadena de suministro,"Von Wobeser y Sierra S.C. es una de las principales firmas de derecho mexicano que ofrece soluciones legales de servicio completo. Se compone de más de 30 diferentes áreas de práctica, incluyendo escritorios especializados con una lista fuerte de clientes internacionales y nacionales.",,,,,Lieferkettensorgfaltspflichtengesetz: un trabalenguas de nuevas regulaciones de la cadena de suministro,div,cbbb4ed203f24d4a18875944dbcae31f7f8d36faa319f862383e3af6fc429e41,df48d50947ec97b137086dd77b0d52719eb6de72a87df3b2d96a4580515c1347,false,https://www.vonwobeser.com/images/PDF_news/2021/21_11_25_SUMINISTRO_ESG_ESP.pdf,https://www.vonwobeser.com/index.php/abogado?l=144 | https://www.vonwobeser.com/index.php/practica?p=90,legacy_id,2487d778-9d5b-4894-8561-989e8b7d8a88,lieferkettensorgfaltspflichtengesetz-un-trabalenguas-de-nuevas-regulaciones-de-l,1663,true,2021-11-01,match,match,similar,similar,not_applicable,match,correcto,1,match,https://www.vonwobeser.com/news/lieferkettensorgfaltspflichtengesetz-un-trabalenguas-de-nuevas-regulaciones-de-l,true,true,0,
es:1655,es,1655,1654,https://www.vonwobeser.com/index.php/publicaciones/articulos?start=30,https://www.vonwobeser.com/index.php/publicacion?p_id=1655,200,https://www.vonwobeser.com/index.php/publicacion?p_id=1655,"Noviembre, 2021",2021-11,month,Von Wobeser y Sierra - Privacidad y protección de datos personales: nuevos parámetros ESG.,"Von Wobeser y Sierra S.C. es una de las principales firmas de derecho mexicano que ofrece soluciones legales de servicio completo. Se compone de más de 30 diferentes áreas de práctica, incluyendo escritorios especializados con una lista fuerte de clientes internacionales y nacionales.",,,,,Privacidad y protección de datos personales: nuevos parámetros ESG.,div,568ad1a87faba4391f238d63f7e9f6c15a0643fccfb499a0df6ef4af5cfc904e,2f2f2393bb42d78f4e3f882511d271785f72cca9d6b7693f27d83354d07d87d5,false,https://www.vonwobeser.com/images/PDF_news/2021/21_11_17_PRIVACIDAD_ESG_ESP.pdf,https://www.vonwobeser.com/index.php/abogado?l=141 | https://www.vonwobeser.com/index.php/abogado?l=178 | https://www.vonwobeser.com/index.php/practica?p=90,legacy_id,37a69116-aad6-4f9c-bafc-e2b4d4fcd0a3,privacidad-y-proteccion-de-datos-personales-nuevos-parametros-esg,1655,true,2021-11-01,match,match,match,similar,not_applicable,match,correcto,1,match,https://www.vonwobeser.com/news/privacidad-y-proteccion-de-datos-personales-nuevos-parametros-esg,true,true,0,
es:1651,es,1651,1650,https://www.vonwobeser.com/index.php/publicaciones/articulos?start=30,https://www.vonwobeser.com/index.php/publicacion?p_id=1651,200,https://www.vonwobeser.com/index.php/publicacion?p_id=1651,"Noviembre, 2021",2021-11,month,Von Wobeser y Sierra - El rol del arbitraje en disputas ESG,"Von Wobeser y Sierra S.C. es una de las principales firmas de derecho mexicano que ofrece soluciones legales de servicio completo. Se compone de más de 30 diferentes áreas de práctica, incluyendo escritorios especializados con una lista fuerte de clientes internacionales y nacionales.",,,,,El rol del arbitraje en disputas ESG,div,44663a87775067c59686235d5002731aced0f6de4fce91ed550afd50b96b29e2,8873b5b042fc42e7cd9e7874f1619f282975081369e76d90ccdded6642d4df97,false,https://www.vonwobeser.com/images/PDF_news/2021/21_11_12_ARBITRAJE_ESG_ESP.pdf,https://www.vonwobeser.com/index.php/abogado?l=175 | https://www.vonwobeser.com/index.php/practica?p=90,legacy_id,391be58b-9ce9-4205-8c73-44d3a7893e18,el-rol-del-arbitraje-en-disputas-esg,1651,true,2021-11-01,match,match,different,similar,different,match,correcto,1,match,https://www.vonwobeser.com/news/el-rol-del-arbitraje-en-disputas-esg,true,true,0,
es:1649,es,1649,1648,https://www.vonwobeser.com/index.php/publicaciones/articulos?start=30,https://www.vonwobeser.com/index.php/publicacion?p_id=1649,200,https://www.vonwobeser.com/index.php/publicacion?p_id=1649,"Noviembre, 2021",2021-11,month,Von Wobeser y Sierra - Sistema de Comercio de Emisiones: un instrumento para impulsar la reducción de emisiones de gases de efecto invernadero,"Von Wobeser y Sierra S.C. es una de las principales firmas de derecho mexicano que ofrece soluciones legales de servicio completo. Se compone de más de 30 diferentes áreas de práctica, incluyendo escritorios especializados con una lista fuerte de clientes internacionales y nacionales.",,,,,Sistema de Comercio de Emisiones: un instrumento para impulsar la reducción de emisiones de gases de efecto invernadero,div,2345dc37d07f2a2c30ce9e735fa9f4f51dd570a9e3a709a5cc91cee28294c858,d10a2f89609f5455947c7b0b89328c57c104114fb20d9de50a8629625b5a379e,false,https://www.vonwobeser.com/images/PDF_news/2021/21_11_03_EMISIONES_ESG_ESP.pdf,https://www.vonwobeser.com/index.php/abogado?l=147 | https://www.vonwobeser.com/index.php/practica?p=90,legacy_id,b1b99ae9-7804-450f-ada9-ac42e3a74c8a,sistema-de-comercio-de-emisiones-un-instrumento-para-impulsar-la-reduccion-de-em,1649,true,2021-11-01,match,match,match,similar,not_applicable,match,correcto,1,match,https://www.vonwobeser.com/news/sistema-de-comercio-de-emisiones-un-instrumento-para-impulsar-la-reduccion-de-em,true,true,0,
es:1647,es,1647,1646,https://www.vonwobeser.com/index.php/publicaciones/articulos?start=30,https://www.vonwobeser.com/index.php/publicacion?p_id=1647,200,https://www.vonwobeser.com/index.php/publicacion?p_id=1647,"Octubre, 2021",2021-10,month,Von Wobeser y Sierra - El combate a la corrupción: una responsabilidad social empresarial,"Von Wobeser y Sierra S.C. es una de las principales firmas de derecho mexicano que ofrece soluciones legales de servicio completo. Se compone de más de 30 diferentes áreas de práctica, incluyendo escritorios especializados con una lista fuerte de clientes internacionales y nacionales.",,,,,El combate a la corrupción: una responsabilidad social empresarial,div,cddf8d9fda9ff9f90caf58488b07187b3862cb082672b1acfafed3db64d5dc36,c2a9b432fa0e1fc211dd789ddcc218258f197d71ca88ee63ef028b11890a1712,false,https://www.vonwobeser.com/images/PDF_news/2021/21_10_26_ANTI_CORRUPTION_ESG_ESP.pdf,https://www.vonwobeser.com/index.php/abogado?l=149 | https://www.vonwobeser.com/index.php/abogado?l=195 | https://www.vonwobeser.com/index.php/practica?p=90,legacy_id,16c8246c-7abe-4e87-b691-2eb6256e9f2f,el-combate-a-la-corrupcion-una-responsabilidad-social-empresarial,1647,true,2021-10-01,match,match,different,similar,not_applicable,match,correcto,1,match,https://www.vonwobeser.com/news/el-combate-a-la-corrupcion-una-responsabilidad-social-empresarial,true,true,0,
es:1640,es,1640,1641,https://www.vonwobeser.com/index.php/publicaciones/articulos?start=30,https://www.vonwobeser.com/index.php/publicacion?p_id=1640,200,https://www.vonwobeser.com/index.php/publicacion?p_id=1640,"Octubre, 2021",2021-10,month,"Von Wobeser y Sierra - Estrés, burnout y otros problemas que la pandemia y el trabajo remoto han puesto en el reflector","Von Wobeser y Sierra S.C. es una de las principales firmas de derecho mexicano que ofrece soluciones legales de servicio completo. Se compone de más de 30 diferentes áreas de práctica, incluyendo escritorios especializados con una lista fuerte de clientes internacionales y nacionales.",,,,,"Estrés, burnout y otros problemas que la pandemia y el trabajo remoto han puesto en el reflector",div,5d42ea5f4d6aabc4a98f46d1e3891cb182e7722840024ecf4f15b6fc64ba6db4,66bb0d06cdde6d3c69463886dc6f8352cc77b2270dd4b5b0b78853956e6d7c45,false,https://www.vonwobeser.com/images/PDF_news/2021/21_10_19_STRESS_ESG_ESP.pdf,https://www.vonwobeser.com/index.php/practica?p=90,legacy_id,7a0dbb66-77c4-41ba-aeaa-3d959bee9ce8,estres-burnout-y-otros-problemas-que-la-pandemia-y-el-trabajo-remoto-han-puesto-,1640,true,2021-10-01,match,match,match,similar,not_applicable,match,correcto,1,match,https://www.vonwobeser.com/news/estres-burnout-y-otros-problemas-que-la-pandemia-y-el-trabajo-remoto-han-puesto-,true,true,0,
es:1639,es,1639,1638,https://www.vonwobeser.com/index.php/publicaciones/articulos?start=30,https://www.vonwobeser.com/index.php/publicacion?p_id=1639,200,https://www.vonwobeser.com/index.php/publicacion?p_id=1639,"Octubre, 2021",2021-10,month,Von Wobeser y Sierra - Regulación de competencia: una herramienta poco convencional para impulsar las iniciativas ESG,"Von Wobeser y Sierra S.C. es una de las principales firmas de derecho mexicano que ofrece soluciones legales de servicio completo. Se compone de más de 30 diferentes áreas de práctica, incluyendo escritorios especializados con una lista fuerte de clientes internacionales y nacionales.",,,,,Regulación de competencia: una herramienta poco convencional para impulsar las iniciativas ESG,div,c87230321d2d4159f65262ac42e7116a60a26d38fb6d37d50fddb9b272177ef0,cd926df30b5aa9f42b388cfff143f7b1d3c208b21b51cdc92db2fb33a7ef80e7,false,https://www.vonwobeser.com/images/PDF_news/2021/21_10_14_REGULACION_ESG_ESP.pdf,https://www.vonwobeser.com/index.php/abogado?l=145 | https://www.vonwobeser.com/index.php/abogado?l=179 | https://www.vonwobeser.com/index.php/abogado?l=291 | https://www.vonwobeser.com/index.php/practica?p=90,legacy_id,722c7047-b361-4e55-86d1-7ae3cbc94a81,regulacion-de-competencia-una-herramienta-poco-convencional-para-impulsar-las-in,1639,true,2021-10-01,match,match,similar,similar,not_applicable,match,correcto,1,match,https://www.vonwobeser.com/news/regulacion-de-competencia-una-herramienta-poco-convencional-para-impulsar-las-in,true,true,0,
es:1635,es,1635,1634,https://www.vonwobeser.com/index.php/publicaciones/articulos?start=30,https://www.vonwobeser.com/index.php/publicacion?p_id=1635,200,https://www.vonwobeser.com/index.php/publicacion?p_id=1635,"Octubre, 2021",2021-10,month,Von Wobeser y Sierra - ESG en la Industria Minera Mexicana Primera Parte,"Von Wobeser y Sierra S.C. es una de las principales firmas de derecho mexicano que ofrece soluciones legales de servicio completo. Se compone de más de 30 diferentes áreas de práctica, incluyendo escritorios especializados con una lista fuerte de clientes internacionales y nacionales.",,,,,ESG en la Industria Minera Mexicana Primera Parte,div,44663a87775067c59686235d5002731aced0f6de4fce91ed550afd50b96b29e2,d5776206ea371b9e54e57ade957a2fcfeb60185ddb005ccc39ba16670ea74292,false,https://www.vonwobeser.com/images/PDF_news/2021/21_10_12_MINERIA_ESG_ESP.pdf,https://www.vonwobeser.com/index.php/abogado?l=147 | https://www.vonwobeser.com/index.php/abogado?l=224 | https://www.vonwobeser.com/index.php/practica?p=90,legacy_id,70a6241f-048c-45e1-b058-1a7bfb1b902f,esg-en-la-industria-minera-mexicana-primera-parte,1635,true,2021-10-01,match,match,different,similar,different,match,correcto,1,match,https://www.vonwobeser.com/news/esg-en-la-industria-minera-mexicana-primera-parte,true,true,0,
es:1633,es,1633,1632,https://www.vonwobeser.com/index.php/publicaciones/articulos?start=40,https://www.vonwobeser.com/index.php/publicacion?p_id=1633,200,https://www.vonwobeser.com/index.php/publicacion?p_id=1633,"Octubre, 2021",2021-10,month,Von Wobeser y Sierra - Implicaciones de ESG para gobierno corporativo,"Von Wobeser y Sierra S.C. es una de las principales firmas de derecho mexicano que ofrece soluciones legales de servicio completo. Se compone de más de 30 diferentes áreas de práctica, incluyendo escritorios especializados con una lista fuerte de clientes internacionales y nacionales.",,,,,Implicaciones de ESG para gobierno corporativo,div,c06b5ae5959cbd9acc99e17a79b491bd10c3b6d6bf197757b9bde66b08c4af50,265ef8b92a88580f53ac04ad50d9aa3f679e26ab7c4e5b8084f355f7cd56392d,false,https://www.vonwobeser.com/images/PDF_news/2021/21_10_08_IMPLICACIONES_ESG_ESP.pdf,https://www.vonwobeser.com/index.php/abogado?l=141 | https://www.vonwobeser.com/index.php/abogado?l=178 | https://www.vonwobeser.com/index.php/abogado?l=246 | https://www.vonwobeser.com/index.php/practica?p=90,legacy_id,bc778088-7cc0-4118-8780-2e2067fd5d0c,implicaciones-de-esg-para-gobierno-corporativo,1633,true,2021-10-01,match,match,different,similar,not_applicable,match,correcto,1,match,https://www.vonwobeser.com/news/implicaciones-de-esg-para-gobierno-corporativo,true,true,0,
es:1509,es,1509,,https://www.vonwobeser.com/index.php/publicaciones/articulos?start=40,https://www.vonwobeser.com/index.php/publicacion?p_id=1509,200,https://www.vonwobeser.com/index.php/publicacion?p_id=1509,"Febrero, 2021",2021-02,month,Von Wobeser y Sierra - Fernando Carreño: GCR Insight - La Guía de Litigio Privado en México,"Von Wobeser y Sierra S.C. es una de las principales firmas de derecho mexicano que ofrece soluciones legales de servicio completo. Se compone de más de 30 diferentes áreas de práctica, incluyendo escritorios especializados con una lista fuerte de clientes internacionales y nacionales.",,,,,Fernando Carreño: GCR Insight - La Guía de Litigio Privado en México,div,87b71160c0da43c0092f17db3f8a712fd957c4d7ea40f3049d4657a8a7aac7dd,e3b0c44298fc1c149afbf4c8996fb92427ae41e4649b934ca495991b7852b855,false,https://www.vonwobeser.com/images/PDF_news/2021/20-Mexico-Overview.pdf,https://www.vonwobeser.com/index.php/abogado?l=145 | https://www.vonwobeser.com/index.php/practica?p=47,legacy_id,2e20d19c-2537-4902-8093-b4020bf35db6,fernando-carreno-gcr-insight-la-guia-de-litigio-privado-en-mexico,1509,true,2021-02-01,match,match,match,similar,not_applicable,match,correcto,1,match,https://www.vonwobeser.com/news/fernando-carreno-gcr-insight-la-guia-de-litigio-privado-en-mexico,true,true,0,
es:1507,es,1507,,https://www.vonwobeser.com/index.php/publicaciones/articulos?start=40,https://www.vonwobeser.com/index.php/publicacion?p_id=1507,200,https://www.vonwobeser.com/index.php/publicacion?p_id=1507,"Febrero, 2021",2021-02,month,"Von Wobeser y Sierra - Fernando Carreño: GCR Insight - La Guía de Litigio Privado en México, Preguntas y Respuestas","Von Wobeser y Sierra S.C. es una de las principales firmas de derecho mexicano que ofrece soluciones legales de servicio completo. Se compone de más de 30 diferentes áreas de práctica, incluyendo escritorios especializados con una lista fuerte de clientes internacionales y nacionales.",,,,,"Fernando Carreño: GCR Insight - La Guía de Litigio Privado en México, Preguntas y Respuestas",div,19f62c243022cd7fc3263e3db9a16b12ec2f19dce1bfbec31e0eb14a73b8a90a,e3b0c44298fc1c149afbf4c8996fb92427ae41e4649b934ca495991b7852b855,false,https://www.vonwobeser.com/images/PDF_news/2021/25-Mexico-QA.pdf,https://www.vonwobeser.com/index.php/abogado?l=145 | https://www.vonwobeser.com/index.php/practica?p=47,legacy_id,e29beee6-60e0-4585-b11b-aa08636f4e60,fernando-carreno-gcr-insight-la-guia-de-litigio-privado-en-mexico-preguntas-y-re,1507,true,2021-02-01,match,match,match,similar,not_applicable,match,correcto,1,match,https://www.vonwobeser.com/news/fernando-carreno-gcr-insight-la-guia-de-litigio-privado-en-mexico-preguntas-y-re,true,true,0,
es:1505,es,1505,1504,https://www.vonwobeser.com/index.php/publicaciones/articulos?start=40,https://www.vonwobeser.com/index.php/publicacion?p_id=1505,200,https://www.vonwobeser.com/index.php/publicacion?p_id=1505,"Enero, 2021",2021-01,month,"Von Wobeser y Sierra - Luis Burgueño, Alberto Córdoba, Marisol Márquez y Elías Jalife: Latin Lawyer Insight - La Guía de Fusiones y Adquisiciones, Primera Edición","Von Wobeser y Sierra S.C. es una de las principales firmas de derecho mexicano que ofrece soluciones legales de servicio completo. Se compone de más de 30 diferentes áreas de práctica, incluyendo escritorios especializados con una lista fuerte de clientes internacionales y nacionales.",,,,,"Luis Burgueño, Alberto Córdoba, Marisol Márquez y Elías Jalife: Latin Lawyer Insight - La Guía de Fusiones y Adquisiciones, Primera Edición",div,71dcb03f196307eb7686f19708978570e293fcd116c64721f73eeef307d4d9ea,e3b0c44298fc1c149afbf4c8996fb92427ae41e4649b934ca495991b7852b855,false,https://www.vonwobeser.com/images/PDF_news/2021/14-_-Indemnity-Escrows-and--Other-Payment-Guarantees.pdf,,legacy_id,3b2c0a08-904f-4d48-846b-516bb5a41975,luis-burgueno-alberto-cordoba-marisol-marquez-y-elias-jalife-latin-lawyer-insigh,1505,true,2021-01-01,match,match,match,similar,not_applicable,match,correcto,1,match,https://www.vonwobeser.com/news/luis-burgueno-alberto-cordoba-marisol-marquez-y-elias-jalife-latin-lawyer-insigh,true,true,0,
es:1479,es,1479,1478,https://www.vonwobeser.com/index.php/publicaciones/articulos?start=40,https://www.vonwobeser.com/index.php/publicacion?p_id=1479,200,https://www.vonwobeser.com/index.php/publicacion?p_id=1479,"Enero, 2021",2021-01,month,"Von Wobeser y Sierra - Adrián Magallanes y Diego Sierra: Chambers Global, Guía Práctica de Litigio 2021","Von Wobeser y Sierra S.C. es una de las principales firmas de derecho mexicano que ofrece soluciones legales de servicio completo. Se compone de más de 30 diferentes áreas de práctica, incluyendo escritorios especializados con una lista fuerte de clientes internacionales y nacionales.",,,,,"Adrián Magallanes y Diego Sierra: Chambers Global, Guía Práctica de Litigio 2021",div,79851cc97a2d426d0d17b06ea366a1a257b4d131bdb1fb9df89b90940b340a40,e3b0c44298fc1c149afbf4c8996fb92427ae41e4649b934ca495991b7852b855,false,https://www.vonwobeser.com/images/PDF_news/2021/035_MEXICO-LP.pdf,,legacy_id,267aa63a-5bf5-4881-bd68-5348e17001be,adrian-magallanes-y-diego-sierra-chambers-global-guia-practica-de-litigio-2021,1479,true,2021-01-01,match,match,match,similar,not_applicable,match,correcto,1,match,https://www.vonwobeser.com/news/adrian-magallanes-y-diego-sierra-chambers-global-guia-practica-de-litigio-2021,true,true,0,
es:1463,es,1463,1462,https://www.vonwobeser.com/index.php/publicaciones/articulos?start=40,https://www.vonwobeser.com/index.php/publicacion?p_id=1463,200,https://www.vonwobeser.com/index.php/publicacion?p_id=1463,"Diciembre, 2020",2020-12,month,Von Wobeser y Sierra - Adrián Magallanes & Rodrigo Barradas: IBA - Los tiempos que se avecinan para los inversores privados en el sector de energía renovable en México,"Von Wobeser y Sierra S.C. es una de las principales firmas de derecho mexicano que ofrece soluciones legales de servicio completo. Se compone de más de 30 diferentes áreas de práctica, incluyendo escritorios especializados con una lista fuerte de clientes internacionales y nacionales.",,,,,Adrián Magallanes & Rodrigo Barradas: IBA - Los tiempos que se avecinan para los inversores privados en el sector de energía renovable en México,div,cf89c3df092b928b72ddbbfc1d5e53013b130d76fac1b2faa23edf4335fbadb4,e3b0c44298fc1c149afbf4c8996fb92427ae41e4649b934ca495991b7852b855,false,https://www.vonwobeser.com/images/PDF_news/2020_2/IBA---The-next-wave-of-ISDS-ca-ses-could-be-powered-by-recent-policy-changes-in-the-renewable-energy-sector-in-Mexico.pdf,,legacy_id,f72097b6-257a-425e-aad9-1ca4e553b45e,adrian-magallanes-rodrigo-barradas-iba-los-tiempos-que-se-avecinan-para-los-inve,1463,true,2020-12-01,match,match,match,similar,not_applicable,match,correcto,1,match,https://www.vonwobeser.com/news/adrian-magallanes-rodrigo-barradas-iba-los-tiempos-que-se-avecinan-para-los-inve,true,true,0,
es:1461,es,1461,1460,https://www.vonwobeser.com/index.php/publicaciones/articulos?start=40,https://www.vonwobeser.com/index.php/publicacion?p_id=1461,200,https://www.vonwobeser.com/index.php/publicacion?p_id=1461,"Diciembre, 2020",2020-12,month,Von Wobeser y Sierra - Luis Burgueño & Santiago Barraza Lexology GTDT: Capital Privado - Inteligencia de Mercado,"Von Wobeser y Sierra S.C. es una de las principales firmas de derecho mexicano que ofrece soluciones legales de servicio completo. Se compone de más de 30 diferentes áreas de práctica, incluyendo escritorios especializados con una lista fuerte de clientes internacionales y nacionales.",,,,,Luis Burgueño & Santiago Barraza Lexology GTDT: Capital Privado - Inteligencia de Mercado,div,ec4ba724a64ed556028e2d6c8ff4af5f46be71151d314de82ccb678e2f067de4,e3b0c44298fc1c149afbf4c8996fb92427ae41e4649b934ca495991b7852b855,false,https://www.vonwobeser.com/images/PDF_news/2020_2/2020_MI-Private-Equity_Mexico.pdf,,legacy_id,4ef8dff1-6dec-4023-b3b0-2918235d88f2,luis-burgueno-santiago-barraza-lexology-gtdt-capital-privado-inteligencia-de-mer,1461,true,2020-12-01,match,match,match,similar,not_applicable,match,correcto,1,match,https://www.vonwobeser.com/news/luis-burgueno-santiago-barraza-lexology-gtdt-capital-privado-inteligencia-de-mer,true,true,0,
es:1447,es,1447,1448,https://www.vonwobeser.com/index.php/publicaciones/articulos?start=40,https://www.vonwobeser.com/index.php/publicacion?p_id=1447,200,https://www.vonwobeser.com/index.php/publicacion?p_id=1447,"Noviembre, 2020",2020-11,month,"Von Wobeser y Sierra - Adrián Magallanes & Diego Sierra - Latin Lawyer: Litigation 2020, Referencia México","Von Wobeser y Sierra S.C. es una de las principales firmas de derecho mexicano que ofrece soluciones legales de servicio completo. Se compone de más de 30 diferentes áreas de práctica, incluyendo escritorios especializados con una lista fuerte de clientes internacionales y nacionales.",,,,,"Adrián Magallanes & Diego Sierra - Latin Lawyer: Litigation 2020, Referencia México",div,74b8c675cc4e949df733309caead14ae77e13d5ad61b6e673396ecfa24be6df7,e3b0c44298fc1c149afbf4c8996fb92427ae41e4649b934ca495991b7852b855,false,https://www.vonwobeser.com/images/PDF_news/2020_2/LL_Litigation-2021_MX.pdf,,legacy_id,08334fb7-627f-4f05-95fa-06ade51babdf,adrian-magallanes-diego-sierra-latin-lawyer-litigation-2020-referencia-mexico,1447,true,2020-11-01,match,match,match,similar,not_applicable,match,correcto,1,match,https://www.vonwobeser.com/news/adrian-magallanes-diego-sierra-latin-lawyer-litigation-2020-referencia-mexico,true,true,0,
es:1450,es,1450,1449,https://www.vonwobeser.com/index.php/publicaciones/articulos?start=40,https://www.vonwobeser.com/index.php/publicacion?p_id=1450,200,https://www.vonwobeser.com/index.php/publicacion?p_id=1450,"Septiembre, 2020",2020-09,month,"Von Wobeser y Sierra - Barra Internacional de Abogados, la respuesta de México a la insolvencia del Covid-19","Von Wobeser y Sierra S.C. es una de las principales firmas de derecho mexicano que ofrece soluciones legales de servicio completo. Se compone de más de 30 diferentes áreas de práctica, incluyendo escritorios especializados con una lista fuerte de clientes internacionales y nacionales.",,,,,"Barra Internacional de Abogados, la respuesta de México a la insolvencia del Covid-19",div,0210b1d6038fa02e68a06bde1e0de5ab8d7c14c0a44f7795826366ca89765207,e3b0c44298fc1c149afbf4c8996fb92427ae41e4649b934ca495991b7852b855,false,https://www.vonwobeser.com/images/PDF_news/2020_2/IRInov2020edit.pdf,,legacy_id,0a6de07f-2621-40df-9d8c-65545b6ec41c,barra-internacional-de-abogados-la-respuesta-de-mexico-a-la-insolvencia-del-covi,1450,true,2020-09-01,match,match,match,similar,not_applicable,match,correcto,1,match,https://www.vonwobeser.com/news/barra-internacional-de-abogados-la-respuesta-de-mexico-a-la-insolvencia-del-covi,true,true,0,
es:1459,es,1459,1458,https://www.vonwobeser.com/index.php/publicaciones/articulos?start=40,https://www.vonwobeser.com/index.php/publicacion?p_id=1459,200,https://www.vonwobeser.com/index.php/publicacion?p_id=1459,"Agosto, 2020",2020-08,month,Von Wobeser y Sierra - GAR Know How - Arbitraje Comercial 2020,"Von Wobeser y Sierra S.C. es una de las principales firmas de derecho mexicano que ofrece soluciones legales de servicio completo. Se compone de más de 30 diferentes áreas de práctica, incluyendo escritorios especializados con una lista fuerte de clientes internacionales y nacionales.",,,,,GAR Know How - Arbitraje Comercial 2020,div,be33ae8022d6c93d764d4cd351697be3c928912256d7446f4f014876c863cb02,e3b0c44298fc1c149afbf4c8996fb92427ae41e4649b934ca495991b7852b855,false,https://www.vonwobeser.com/images/PDF_news/2020_2/ITA-2020---Mexico.pdf,,legacy_id,dc7539e9-a2f4-4053-8a42-546fda9cc3f5,gar-know-how-arbitraje-comercial-2020,1459,true,2020-08-01,match,match,match,similar,not_applicable,match,correcto,1,match,https://www.vonwobeser.com/news/gar-know-how-arbitraje-comercial-2020,true,true,0,
es:1337,es,1337,,https://www.vonwobeser.com/index.php/publicaciones/articulos?start=50,https://www.vonwobeser.com/index.php/publicacion?p_id=1337,200,https://www.vonwobeser.com/index.php/publicacion?p_id=1337,"Junio, 2020",2020-06,month,Von Wobeser y Sierra - GAR Know How Commercial Arbitration 2020,"Von Wobeser y Sierra S.C. es una de las principales firmas de derecho mexicano que ofrece soluciones legales de servicio completo. Se compone de más de 30 diferentes áreas de práctica, incluyendo escritorios especializados con una lista fuerte de clientes internacionales y nacionales.",,,,,GAR Know How Commercial Arbitration 2020,div,c0a15fcd715afa6152ce1fa2c01b2bf7ebc5a652bfb50676e3f7ea8dad69b204,e3b0c44298fc1c149afbf4c8996fb92427ae41e4649b934ca495991b7852b855,false,https://www.vonwobeser.com/images/PDF_news/2020_2/GAR_Commercial-Arbitration_2020_MX.pdf,,legacy_id,9e7bfa12-3f0e-44a1-9bc8-e941662f3bde,gar-know-how-commercial-arbitration-2020-3,1337,true,2020-06-01,match,match,match,similar,not_applicable,match,correcto,1,match,https://www.vonwobeser.com/news/gar-know-how-commercial-arbitration-2020-3,true,true,0,
es:1326,es,1326,,https://www.vonwobeser.com/index.php/publicaciones/articulos?start=50,https://www.vonwobeser.com/index.php/publicacion?p_id=1326,200,https://www.vonwobeser.com/index.php/publicacion?p_id=1326,"Junio, 2020",2020-06,month,"Von Wobeser y Sierra - Latin Lawyer Insights, La Guía de Cumplimiento Corporativo, Cómo realizar investigaciones internas de presuntas infracciones","Von Wobeser y Sierra S.C. es una de las principales firmas de derecho mexicano que ofrece soluciones legales de servicio completo. Se compone de más de 30 diferentes áreas de práctica, incluyendo escritorios especializados con una lista fuerte de clientes internacionales y nacionales.",,,,,"Latin Lawyer Insights, La Guía de Cumplimiento Corporativo, Cómo realizar investigaciones internas de presuntas infracciones",div,6f0d92ab0fe12b4e15bb3b8cda8d2bc0bbf5ac66726d4dd387f4335782143ed7,e3b0c44298fc1c149afbf4c8996fb92427ae41e4649b934ca495991b7852b855,false,https://www.vonwobeser.com/images/PDF/2020/8-How-to-Conduct-Internal-Investigations_v2020.pdf,,legacy_id,cc6076d4-9bce-44d8-a8bb-f6615542410c,latin-lawyer-insights-la-guia-de-cumplimiento-corporativo-como-realizar-investig,1326,true,2020-06-01,match,match,match,similar,not_applicable,match,correcto,1,match,https://www.vonwobeser.com/news/latin-lawyer-insights-la-guia-de-cumplimiento-corporativo-como-realizar-investig,true,true,0,
es:1288,es,1288,1287,https://www.vonwobeser.com/index.php/publicaciones/articulos?start=50,https://www.vonwobeser.com/index.php/publicacion?p_id=1288,200,https://www.vonwobeser.com/index.php/publicacion?p_id=1288,"Mayo, 2020",2020-05,month,Von Wobeser y Sierra - Consecuencias Jurídicas para el Sector Energético Mexicano Debido a COVID-19,"Von Wobeser y Sierra S.C. es una de las principales firmas de derecho mexicano que ofrece soluciones legales de servicio completo. Se compone de más de 30 diferentes áreas de práctica, incluyendo escritorios especializados con una lista fuerte de clientes internacionales y nacionales.",,,,,Consecuencias Jurídicas para el Sector Energético Mexicano Debido a COVID-19,div,2b34a4a01e266e08664546d78bc2665a661f37ea87ed547405c57d10872c3dfe,700351900184c0985a1aa4b5dd71172c424015422f3706c99b46e972c77c3044,false,https://www.vonwobeser.com/images/PDF/2020/202005_ABA_Issue57vf_EG.pdf,,legacy_id,c916d9f3-5029-449d-afdc-95af43e1041e,consecuencias-juridicas-para-el-sector-energetico-mexicano-debido-a-covid-19,1288,true,2020-05-01,match,match,match,different,not_applicable,match,correcto,1,match,https://www.vonwobeser.com/news/consecuencias-juridicas-para-el-sector-energetico-mexicano-debido-a-covid-19,true,true,0,CONTENT_DIFFERENT
es:1151,es,1151,1150,https://www.vonwobeser.com/index.php/publicaciones/articulos?start=50,https://www.vonwobeser.com/index.php/publicacion?p_id=1151,200,https://www.vonwobeser.com/index.php/publicacion?p_id=1151,"Febrero, 2020",2020-02,month,Von Wobeser y Sierra - GAR Investment Treaty Arbitration - Mexico,"Von Wobeser y Sierra S.C. es una de las principales firmas de derecho mexicano que ofrece soluciones legales de servicio completo. Se compone de más de 30 diferentes áreas de práctica, incluyendo escritorios especializados con una lista fuerte de clientes internacionales y nacionales.",,,,,GAR Investment Treaty Arbitration - Mexico,div,1fc1b8fb08fff3b4e21d5a4cf60a6bd600b6f988dabdfb33c8ad6547072765eb,e3b0c44298fc1c149afbf4c8996fb92427ae41e4649b934ca495991b7852b855,false,https://www.vonwobeser.com/images/PDF_news/PDF_articles/2020/ITA---Mexico.pdf,,legacy_id,d58d8e7f-dae6-4250-a04f-6590ec037caf,gar-investment-treaty-arbitration-mexico-2,1151,true,2020-02-01,match,match,match,similar,not_applicable,match,correcto,1,match,https://www.vonwobeser.com/news/gar-investment-treaty-arbitration-mexico-2,true,true,0,
es:1145,es,1145,1144,https://www.vonwobeser.com/index.php/publicaciones/articulos?start=50,https://www.vonwobeser.com/index.php/publicacion?p_id=1145,200,https://www.vonwobeser.com/index.php/publicacion?p_id=1145,"Febrero, 2020",2020-02,month,Von Wobeser y Sierra - The Practitioner's Guide to Global Investigations,"Von Wobeser y Sierra S.C. es una de las principales firmas de derecho mexicano que ofrece soluciones legales de servicio completo. Se compone de más de 30 diferentes áreas de práctica, incluyendo escritorios especializados con una lista fuerte de clientes internacionales y nacionales.",,,,,The Practitioner's Guide to Global Investigations,div,07fd9cf843c0db1fe61ab450356d8893f9280f15467371ed9247aa3fa21d075f,e3b0c44298fc1c149afbf4c8996fb92427ae41e4649b934ca495991b7852b855,false,https://www.vonwobeser.com/images/PDF_news/2020/Mexico-1.pdf,,legacy_id,04adbc1f-4394-4ac4-8d70-132a8f74ac1f,the-practitioner-s-guide-to-global-investigations-2,1145,true,2020-02-01,match,match,match,similar,not_applicable,match,correcto,1,match,https://www.vonwobeser.com/news/the-practitioner-s-guide-to-global-investigations-2,true,true,0,
es:1571,es,1571,1570,https://www.vonwobeser.com/index.php/publicaciones/articulos?start=50,https://www.vonwobeser.com/index.php/publicacion?p_id=1571,200,https://www.vonwobeser.com/index.php/publicacion?p_id=1571,"Noviembre, 2019",2019-11,month,"Von Wobeser y Sierra - Pablo Jiménez, Gregorio Lascano – Latin Lawyer -Nunca dejes que una buena crisis se desperdicie: El papel de la cultura, la percepción y el sentido común en la gestión de crisis, 2019","Von Wobeser y Sierra S.C. es una de las principales firmas de derecho mexicano que ofrece soluciones legales de servicio completo. Se compone de más de 30 diferentes áreas de práctica, incluyendo escritorios especializados con una lista fuerte de clientes internacionales y nacionales.",,,,,"Pablo Jiménez, Gregorio Lascano – Latin Lawyer -Nunca dejes que una buena crisis se desperdicie: El papel de la cultura, la percepción y el sentido común en la gestión de crisis, 2019",div,7e871be6244e06c96ab1ae01e503009a1d0922e797abe39536f58a5019903291,e3b0c44298fc1c149afbf4c8996fb92427ae41e4649b934ca495991b7852b855,false,https://www.vonwobeser.com/images/PDF_news/PDF_articles/2021/5-Latin-Lawyer.pdf,https://www.vonwobeser.com/index.php/abogado?l=323,legacy_id,fb5f279c-3f00-4a64-bc2e-98a4f5f086c7,pablo-jimenez-gregorio-lascano-latin-lawyer-nunca-dejes-que-una-buena-crisis-se-,1571,true,2019-11-01,match,match,match,similar,not_applicable,match,correcto,1,match,https://www.vonwobeser.com/news/pablo-jimenez-gregorio-lascano-latin-lawyer-nunca-dejes-que-una-buena-crisis-se-,true,true,0,
es:1033,es,1033,1034,https://www.vonwobeser.com/index.php/publicaciones/articulos?start=50,https://www.vonwobeser.com/index.php/publicacion?p_id=1033,200,https://www.vonwobeser.com/index.php/publicacion?p_id=1033,"Diciembre, 2018",2018-12,month,Von Wobeser y Sierra - Diego Sierra- Global Restructuring Review- The Restructuring Review of the Americas 2019: Capítulo de México,"Von Wobeser y Sierra S.C. es una de las principales firmas de derecho mexicano que ofrece soluciones legales de servicio completo. Se compone de más de 30 diferentes áreas de práctica, incluyendo escritorios especializados con una lista fuerte de clientes internacionales y nacionales.",,,,,Diego Sierra- Global Restructuring Review- The Restructuring Review of the Americas 2019: Capítulo de México,div,556b551c8ec5994e5da02bf17073751419be3a322fc7fdeaaadafaf9175af958,e3b0c44298fc1c149afbf4c8996fb92427ae41e4649b934ca495991b7852b855,false,https://www.vonwobeser.com/images/PDF_news/PDF_articles/2018/The-Restructuring-Review-of-the-Americas--Mexico-2019.pdf,https://www.vonwobeser.com/index.php/abogado?l=149 | https://www.vonwobeser.com/index.php/practica?p=15,legacy_id,d8fd6c85-05ae-40ed-9c43-c998fe2f4d1d,diego-sierra-global-restructuring-review-the-restructuring-review-of-the-america-2,1033,true,2018-12-01,match,match,match,similar,not_applicable,match,correcto,1,match,https://www.vonwobeser.com/news/diego-sierra-global-restructuring-review-the-restructuring-review-of-the-america-2,true,true,0,
es:1040,es,1040,1039,https://www.vonwobeser.com/index.php/publicaciones/articulos?start=50,https://www.vonwobeser.com/index.php/publicacion?p_id=1040,200,https://www.vonwobeser.com/index.php/publicacion?p_id=1040,"Noviembre, 2018",2018-11,month,Von Wobeser y Sierra - Luis Burgueño - Getting the Deal Through- Capital Privado: Inteligencia de Mercado- Capítulo sobre México 2018,"Von Wobeser y Sierra S.C. es una de las principales firmas de derecho mexicano que ofrece soluciones legales de servicio completo. Se compone de más de 30 diferentes áreas de práctica, incluyendo escritorios especializados con una lista fuerte de clientes internacionales y nacionales.",,,,,Luis Burgueño - Getting the Deal Through- Capital Privado: Inteligencia de Mercado- Capítulo sobre México 2018,div,92355cace2848151c1e3a6daf4963affe3aa2af485f22241a3d90381c70b20e8,e3b0c44298fc1c149afbf4c8996fb92427ae41e4649b934ca495991b7852b855,false,https://www.vonwobeser.com/images/PDF_news/PDF_articles/2018/Mexico-GTDT-Market-Intelligence--Private-Equity-2018.pdf,https://www.vonwobeser.com/index.php/abogado?l=141,legacy_id,6850b2e5-62ed-481e-a733-12dd89a07021,luis-burgueno-getting-the-deal-through-capital-privado-inteligencia-de-mercado-c,1040,true,2018-11-01,match,match,match,similar,not_applicable,match,correcto,1,match,https://www.vonwobeser.com/news/luis-burgueno-getting-the-deal-through-capital-privado-inteligencia-de-mercado-c,true,true,0,
es:1013,es,1013,,https://www.vonwobeser.com/index.php/publicaciones/articulos?start=50,https://www.vonwobeser.com/index.php/publicacion?p_id=1013,200,https://www.vonwobeser.com/index.php/publicacion?p_id=1013,"Octubre, 2018",2018-10,month,"Von Wobeser y Sierra - Adrián Magallanes, Diego Sierra- Latin Lawyer: Litigio 2019, Referencia de México","Von Wobeser y Sierra S.C. es una de las principales firmas de derecho mexicano que ofrece soluciones legales de servicio completo. Se compone de más de 30 diferentes áreas de práctica, incluyendo escritorios especializados con una lista fuerte de clientes internacionales y nacionales.",,,,,"Adrián Magallanes, Diego Sierra- Latin Lawyer: Litigio 2019, Referencia de México",div,74b8c675cc4e949df733309caead14ae77e13d5ad61b6e673396ecfa24be6df7,e3b0c44298fc1c149afbf4c8996fb92427ae41e4649b934ca495991b7852b855,false,https://www.vonwobeser.com/images/PDF_news/PDF_articles/2018/LL_Litigation-2019_MX.pdf,https://www.vonwobeser.com/index.php/abogado?l=148 | https://www.vonwobeser.com/index.php/abogado?l=149 | https://www.vonwobeser.com/index.php/practica?p=28,legacy_id,ccff6015-3ce1-4650-889a-c1933ad3ac7c,adrian-magallanes-diego-sierra-latin-lawyer-litigio-2019-referencia-de-mexico,1013,true,2018-10-01,match,match,match,similar,not_applicable,match,correcto,1,match,https://www.vonwobeser.com/news/adrian-magallanes-diego-sierra-latin-lawyer-litigio-2019-referencia-de-mexico,true,true,0,
es:986,es,986,,https://www.vonwobeser.com/index.php/publicaciones/articulos?start=50,https://www.vonwobeser.com/index.php/publicacion?p_id=986,200,https://www.vonwobeser.com/index.php/publicacion?p_id=986,"Agosto, 2018",2018-08,month,Von Wobeser y Sierra - Fernando Carreño- Vlex Legal Jurídico y Fiscal: Compliance- La competencia económica en el programa de compliance,"Von Wobeser y Sierra S.C. es una de las principales firmas de derecho mexicano que ofrece soluciones legales de servicio completo. Se compone de más de 30 diferentes áreas de práctica, incluyendo escritorios especializados con una lista fuerte de clientes internacionales y nacionales.",,,,,Fernando Carreño- Vlex Legal Jurídico y Fiscal: Compliance- La competencia económica en el programa de compliance,div,2953b67f1e2082aeaf87ff4ca8024893edcf62e957ff746c3b25928e4fd1511b,e3b0c44298fc1c149afbf4c8996fb92427ae41e4649b934ca495991b7852b855,false,https://www.vonwobeser.com/images/PDF_news/PDF_articles/2018/La-Competencia-Econmica-en-el-programa-de-Compliance-FC.pdf,https://www.vonwobeser.com/index.php/abogado?l=145 | https://www.vonwobeser.com/index.php/practica?p=5 | https://www.vonwobeser.com/index.php/practica?p=14,legacy_id,63c14818-d5f2-40e0-a139-f751335967df,fernando-carreno-vlex-legal-juridico-y-fiscal-compliance-la-competencia-economic,986,true,2018-08-01,match,match,match,similar,not_applicable,match,correcto,1,match,https://www.vonwobeser.com/news/fernando-carreno-vlex-legal-juridico-y-fiscal-compliance-la-competencia-economic,true,true,0,
es:975,es,975,974,https://www.vonwobeser.com/index.php/publicaciones/articulos?start=60,https://www.vonwobeser.com/index.php/publicacion?p_id=975,200,https://www.vonwobeser.com/index.php/publicacion?p_id=975,"Julio, 2018",2018-07,month,Von Wobeser y Sierra - Diego Sierra y Pablo Fautsch- Getting the Deal Through- Legal Privilege & Professional Secrecy 2018: Mexico Chapter,"Von Wobeser y Sierra S.C. es una de las principales firmas de derecho mexicano que ofrece soluciones legales de servicio completo. Se compone de más de 30 diferentes áreas de práctica, incluyendo escritorios especializados con una lista fuerte de clientes internacionales y nacionales.",,,,,Diego Sierra y Pablo Fautsch- Getting the Deal Through- Legal Privilege & Professional Secrecy 2018: Mexico Chapter,div,b367f29c02e5d1d62ef9f3ece485317da701c43351d32295a0155eeaed296b4a,e3b0c44298fc1c149afbf4c8996fb92427ae41e4649b934ca495991b7852b855,false,https://www.vonwobeser.com/images/PDF_news/PDF_articles/2018/LPS2018Mexico.pdf,https://www.vonwobeser.com/index.php/abogado?l=149 | https://www.vonwobeser.com/index.php/abogado?l=165,legacy_id,b94fc65b-183c-42dc-bc0e-2b6cd2aa3a74,diego-sierra-y-pablo-fautsch-getting-the-deal-through-legal-privilege-profession,975,true,2018-07-01,match,match,match,similar,not_applicable,match,correcto,1,match,https://www.vonwobeser.com/news/diego-sierra-y-pablo-fautsch-getting-the-deal-through-legal-privilege-profession,true,true,0,
es:955,es,955,954,https://www.vonwobeser.com/index.php/publicaciones/articulos?start=60,https://www.vonwobeser.com/index.php/publicacion?p_id=955,200,https://www.vonwobeser.com/index.php/publicacion?p_id=955,"Abril, 2018",2018-04,month,Von Wobeser y Sierra - Silverio Sandate- Globe Law and Business- Instituciones Educativas: Capítulo de México,"Von Wobeser y Sierra S.C. es una de las principales firmas de derecho mexicano que ofrece soluciones legales de servicio completo. Se compone de más de 30 diferentes áreas de práctica, incluyendo escritorios especializados con una lista fuerte de clientes internacionales y nacionales.",,,,,Silverio Sandate- Globe Law and Business- Instituciones Educativas: Capítulo de México,div,cfd8ee6ba6964fa14a526a73ddbe85f0e5a4ba18492ee3dc9eae745db3b187ed,e3b0c44298fc1c149afbf4c8996fb92427ae41e4649b934ca495991b7852b855,false,https://www.vonwobeser.com/images/PDF_news/PDF_articles/2018/Educational-Institutions-Mexico-Chapter--Silverio-Sandate.pdf,,legacy_id,6256f615-9808-4a8f-b616-3d324d29ad8c,silverio-sandate-globe-law-and-business-instituciones-educativas-capitulo-de-mex,955,true,2018-04-01,match,match,match,similar,not_applicable,match,correcto,1,match,https://www.vonwobeser.com/news/silverio-sandate-globe-law-and-business-instituciones-educativas-capitulo-de-mex,true,true,0,
es:916,es,916,915,https://www.vonwobeser.com/index.php/publicaciones/articulos?start=60,https://www.vonwobeser.com/index.php/publicacion?p_id=916,200,https://www.vonwobeser.com/index.php/publicacion?p_id=916,"Abril, 2018",2018-04,month,Von Wobeser y Sierra - Andrés Nieto- The Private Equity Review 7th Edition- Invirtiendo: Capítulo sobre México,"Von Wobeser y Sierra S.C. es una de las principales firmas de derecho mexicano que ofrece soluciones legales de servicio completo. Se compone de más de 30 diferentes áreas de práctica, incluyendo escritorios especializados con una lista fuerte de clientes internacionales y nacionales.",,,,,Andrés Nieto- The Private Equity Review 7th Edition- Invirtiendo: Capítulo sobre México,div,1eb3cd1cf414cb612a62f4f4b96da4455052d9c7d5f9d9487ebecb5dd5ba2bfe,e3b0c44298fc1c149afbf4c8996fb92427ae41e4649b934ca495991b7852b855,false,https://www.vonwobeser.com/images/PDF_news/PDF_articles/2018/The-Private-Equity-Review-Mexico-Chapter--Investing.pdf,,legacy_id,6fbeb83b-1df4-4b5a-be09-358458ba5775,andres-nieto-the-private-equity-review-7th-edition-invirtiendo-capitulo-sobre-me,916,true,2018-04-01,match,match,match,similar,not_applicable,match,correcto,1,match,https://www.vonwobeser.com/news/andres-nieto-the-private-equity-review-7th-edition-invirtiendo-capitulo-sobre-me,true,true,0,
es:871,es,871,872,https://www.vonwobeser.com/index.php/publicaciones/articulos?start=60,https://www.vonwobeser.com/index.php/publicacion?p_id=871,200,https://www.vonwobeser.com/index.php/publicacion?p_id=871,"Enero, 2018",2018-01,month,"Von Wobeser y Sierra - Diego Sierra, Katarina Lundahl, Pablo Fautsch - Anti Corrupción Tendencias y Desarrollos: Capítulo sobre México","Von Wobeser y Sierra S.C. es una de las principales firmas de derecho mexicano que ofrece soluciones legales de servicio completo. Se compone de más de 30 diferentes áreas de práctica, incluyendo escritorios especializados con una lista fuerte de clientes internacionales y nacionales.",,,,,"Diego Sierra, Katarina Lundahl, Pablo Fautsch - Anti Corrupción Tendencias y Desarrollos: Capítulo sobre México",div,729cc291daef61eb65f5024ff9a34413a10bccd1e718b9167b937604d2dbc065,e3b0c44298fc1c149afbf4c8996fb92427ae41e4649b934ca495991b7852b855,false,https://www.vonwobeser.com/images/PDF_news/PDF_articles/2018/017_MEXICO-TD.pdf,https://www.vonwobeser.com/index.php/abogado?l=149 | https://www.vonwobeser.com/index.php/abogado?l=165,legacy_id,333b6079-2667-4c3c-a56c-3c6ac2d0db18,diego-sierra-katarina-lundahl-pablo-fautsch-anti-corrupcion-tendencias-y-desarro,871,true,2018-01-01,match,match,match,similar,not_applicable,match,correcto,1,match,https://www.vonwobeser.com/news/diego-sierra-katarina-lundahl-pablo-fautsch-anti-corrupcion-tendencias-y-desarro,true,true,0,
es:864,es,864,863,https://www.vonwobeser.com/index.php/publicaciones/articulos?start=60,https://www.vonwobeser.com/index.php/publicacion?p_id=864,200,https://www.vonwobeser.com/index.php/publicacion?p_id=864,"Diciembre, 2017",2017-12,month,Von Wobeser y Sierra - Adrián Magallanes- Getting the Deal Through- Acciones Colectivas 2018: Capítulo sobre México,"Von Wobeser y Sierra S.C. es una de las principales firmas de derecho mexicano que ofrece soluciones legales de servicio completo. Se compone de más de 30 diferentes áreas de práctica, incluyendo escritorios especializados con una lista fuerte de clientes internacionales y nacionales.",,,,,Adrián Magallanes- Getting the Deal Through- Acciones Colectivas 2018: Capítulo sobre México,div,d6872859b0cb72296e1a23d0ae012945a4007bf0ae7710f0283a004fe01fd3c1,228ccc0bc6647733c7eaa70384e0f959e1cfcf2a518ca659ec9608fc58f6cc36,false,https://www.vonwobeser.com/images/PDF_news/PDF_articles/2017/Class-Actions-2018Mexico.pdf,https://www.vonwobeser.com/index.php/abogado?l=148,legacy_id,c52ecedd-8ebb-4981-99b6-6c3d6ff67048,adrian-magallanes-getting-the-deal-through-acciones-colectivas-2018-capitulo-sob,864,true,2017-12-01,match,match,match,different,not_applicable,match,correcto,1,match,https://www.vonwobeser.com/news/adrian-magallanes-getting-the-deal-through-acciones-colectivas-2018-capitulo-sob,true,true,0,CONTENT_DIFFERENT
es:848,es,848,847,https://www.vonwobeser.com/index.php/publicaciones/articulos?start=60,https://www.vonwobeser.com/index.php/publicacion?p_id=848,200,https://www.vonwobeser.com/index.php/publicacion?p_id=848,"Diciembre, 2017",2017-12,month,"Von Wobeser y Sierra - Luis Burgueño, Andrés Nieto- Getting the Deal Through- Capital Privado: Inteligencia de Mercado- Capítulo sobre México","Von Wobeser y Sierra S.C. es una de las principales firmas de derecho mexicano que ofrece soluciones legales de servicio completo. Se compone de más de 30 diferentes áreas de práctica, incluyendo escritorios especializados con una lista fuerte de clientes internacionales y nacionales.",,,,,"Luis Burgueño, Andrés Nieto- Getting the Deal Through- Capital Privado: Inteligencia de Mercado- Capítulo sobre México",div,92355cace2848151c1e3a6daf4963affe3aa2af485f22241a3d90381c70b20e8,e3b0c44298fc1c149afbf4c8996fb92427ae41e4649b934ca495991b7852b855,false,https://www.vonwobeser.com/images/PDF_news/PDF_articles/2017/GTDT-Market-Intelligence--Private-Equity--Volume-4-Issue-6.pdf,https://www.vonwobeser.com/index.php/abogado?l=141,legacy_id,a923597a-736a-48bd-b292-84ad3796d744,luis-burgueno-andres-nieto-getting-the-deal-through-capital-privado-inteligencia,848,true,2017-12-01,match,match,match,similar,not_applicable,match,correcto,1,match,https://www.vonwobeser.com/news/luis-burgueno-andres-nieto-getting-the-deal-through-capital-privado-inteligencia,true,true,0,
es:805,es,805,804,https://www.vonwobeser.com/index.php/publicaciones/articulos?start=60,https://www.vonwobeser.com/index.php/publicacion?p_id=805,200,https://www.vonwobeser.com/index.php/publicacion?p_id=805,"Septiembre, 2017",2017-09,month,Von Wobeser y Sierra - Fernando Carreño – Euromoney: Las fusiones y adquisiciones mexicanas se encogen de hombros ante el bajón de Trump,"Von Wobeser y Sierra S.C. es una de las principales firmas de derecho mexicano que ofrece soluciones legales de servicio completo. Se compone de más de 30 diferentes áreas de práctica, incluyendo escritorios especializados con una lista fuerte de clientes internacionales y nacionales.",,,,,Fernando Carreño – Euromoney: Las fusiones y adquisiciones mexicanas se encogen de hombros ante el bajón de Trump,div,7ed36a395fd6620be37ca6b6044581526d2e2dc102d457d84cfd9e75e394df07,39a4ba75270db3fc55783b33cf813a9fb986f186fd2aac5cbb7d81e85d8cb681,false,https://www.vonwobeser.com/images/PDF_news/2017/Mexican-MA-shrugs-off-the-Trump-slump-_-Euromoney.pdf,https://www.vonwobeser.com/index.php/abogado?l=145 | https://www.euromoney.com/article/b14x1dch0gwn9v/mexican-mampa-shrugs-off-the-trump-slump,legacy_id,b67dc8d2-a0ee-4454-8a56-f1cb906fd623,fernando-carreno-euromoney-las-fusiones-y-adquisiciones-mexicanas-se-encogen-de-,805,true,2017-09-01,match,match,match,different,not_applicable,match,correcto,1,match,https://www.vonwobeser.com/news/fernando-carreno-euromoney-las-fusiones-y-adquisiciones-mexicanas-se-encogen-de-,true,true,0,CONTENT_DIFFERENT
es:803,es,803,802,https://www.vonwobeser.com/index.php/publicaciones/articulos?start=60,https://www.vonwobeser.com/index.php/publicacion?p_id=803,200,https://www.vonwobeser.com/index.php/publicacion?p_id=803,"Septiembre, 2017",2017-09,month,Von Wobeser y Sierra - Adrián Magallanes Pérez & Rodrigo Barradas Muñiz- International Arbitration Review (8va edición)- Capítulo sobre México,"Von Wobeser y Sierra S.C. es una de las principales firmas de derecho mexicano que ofrece soluciones legales de servicio completo. Se compone de más de 30 diferentes áreas de práctica, incluyendo escritorios especializados con una lista fuerte de clientes internacionales y nacionales.",,,,,Adrián Magallanes Pérez & Rodrigo Barradas Muñiz- International Arbitration Review (8va edición)- Capítulo sobre México,div,ae460b6116572a72356268c5392a2b45664b139742691424da68766a879ae688,e3b0c44298fc1c149afbf4c8996fb92427ae41e4649b934ca495991b7852b855,false,https://www.vonwobeser.com/images/PDF_news/2017/IAR2017Mexico.pdf,https://www.vonwobeser.com/index.php/abogado?l=148 | https://www.vonwobeser.com/index.php/abogado?l=155,legacy_id,0216531a-a170-48a0-8941-8f52c69464a4,adrian-magallanes-perez-rodrigo-barradas-muniz-international-arbitration-review--2,803,true,2017-09-01,match,match,match,similar,not_applicable,match,correcto,1,match,https://www.vonwobeser.com/news/adrian-magallanes-perez-rodrigo-barradas-muniz-international-arbitration-review--2,true,true,0,
es:729,es,729,728,https://www.vonwobeser.com/index.php/publicaciones/articulos?start=60,https://www.vonwobeser.com/index.php/publicacion?p_id=729,200,https://www.vonwobeser.com/index.php/publicacion?p_id=729,"Agosto, 2017",2017-08,month,"Von Wobeser y Sierra - Claus Von Wobeser y Adrián Magallanes- Chambers & Partners, Guía de Prácticas Global, Arbitraje Internacional (México)","Von Wobeser y Sierra S.C. es una de las principales firmas de derecho mexicano que ofrece soluciones legales de servicio completo. Se compone de más de 30 diferentes áreas de práctica, incluyendo escritorios especializados con una lista fuerte de clientes internacionales y nacionales.",,,,,"Claus Von Wobeser y Adrián Magallanes- Chambers & Partners, Guía de Prácticas Global, Arbitraje Internacional (México)",div,aaef14508378ea991f7b3d26589ad3d57e5cabeef31af1739c6ddd9dcecf6a5b,e3b0c44298fc1c149afbf4c8996fb92427ae41e4649b934ca495991b7852b855,false,https://www.vonwobeser.com/images/PDF_news/PDF_articles/2017/Claus-Von-Wobeser-Adrian-Magallanes--Chambers-Partners-Global-Practice-Guides-International-Arbitration-Mexico.pdf,https://www.vonwobeser.com/index.php/abogado?l=134 | https://www.vonwobeser.com/index.php/abogado?l=148,legacy_id,665d0724-9b59-4a2d-b4e0-bfdbcf23681c,claus-von-wobeser-y-adrian-magallanes-chambers-partners-guia-de-practicas-global,729,true,2017-08-01,match,match,match,similar,not_applicable,match,correcto,1,match,https://www.vonwobeser.com/news/claus-von-wobeser-y-adrian-magallanes-chambers-partners-guia-de-practicas-global,true,true,0,
es:727,es,727,726,https://www.vonwobeser.com/index.php/publicaciones/articulos?start=60,https://www.vonwobeser.com/index.php/publicacion?p_id=727,200,https://www.vonwobeser.com/index.php/publicacion?p_id=727,"Agosto, 2017",2017-08,month,Von Wobeser y Sierra - Diego Sierra- Cooperación Internacional en Investigaciones Anticorrupción en México y el Sistema Nacional,"Von Wobeser y Sierra S.C. es una de las principales firmas de derecho mexicano que ofrece soluciones legales de servicio completo. Se compone de más de 30 diferentes áreas de práctica, incluyendo escritorios especializados con una lista fuerte de clientes internacionales y nacionales.",,,,,Diego Sierra- Cooperación Internacional en Investigaciones Anticorrupción en México y el Sistema Nacional,div,1f591e663e12f3b74b2d9cc64c30017b005f786d787a818ffd005434028da178,e3b0c44298fc1c149afbf4c8996fb92427ae41e4649b934ca495991b7852b855,false,https://www.vonwobeser.com/images/PDF_news/PDF_articles/2017/Cooperacin_Internacional_en_Investigaciones_Anticorrupcion_Diego-Sierra.pdf,https://www.vonwobeser.com/index.php/abogado?l=149,legacy_id,b5cf3eb6-b656-4fb6-8d9a-9010c27baa24,diego-sierra-cooperacion-internacional-en-investigaciones-anticorrupcion-en-mexi,727,true,2017-08-01,match,match,match,similar,not_applicable,match,correcto,1,match,https://www.vonwobeser.com/news/diego-sierra-cooperacion-internacional-en-investigaciones-anticorrupcion-en-mexi,true,true,0,
es:223,es,223,224,https://www.vonwobeser.com/index.php/publicaciones/articulos?start=70,https://www.vonwobeser.com/index.php/publicacion?p_id=223,200,https://www.vonwobeser.com/index.php/publicacion?p_id=223,"Junio, 2017",2017-06,month,Von Wobeser y Sierra - Andres Nieto - Andres Nieto- Mexico Investing chapter in The Private Equity Review. April 2017,"Von Wobeser y Sierra S.C. es una de las principales firmas de derecho mexicano que ofrece soluciones legales de servicio completo. Se compone de más de 30 diferentes áreas de práctica, incluyendo escritorios especializados con una lista fuerte de clientes internacionales y nacionales.",,,,,Andres Nieto - Andres Nieto- Mexico Investing chapter in The Private Equity Review. April 2017,div,4c2f194a76571f7e7e95cc2cbc013eb032c60629ecd615b64d33a6f50fd065d3,e3b0c44298fc1c149afbf4c8996fb92427ae41e4649b934ca495991b7852b855,false,https://www.vonwobeser.com/images/PDF_news/PDF_articles/2017/Private-Equity-Review-April-2017.pdf,,legacy_id,f9950d63-a4db-4255-aed2-2dd3bb3a6a36,andres-nieto-andres-nieto-mexico-investing-chapter-in-the-private-equity-review--2,223,true,2017-06-01,match,match,match,similar,not_applicable,match,correcto,1,match,https://www.vonwobeser.com/news/andres-nieto-andres-nieto-mexico-investing-chapter-in-the-private-equity-review--2,true,true,0,
es:194,es,194,193,https://www.vonwobeser.com/index.php/publicaciones/articulos?start=70,https://www.vonwobeser.com/index.php/publicacion?p_id=194,200,https://www.vonwobeser.com/index.php/publicacion?p_id=194,"Marzo, 2017",2017-03,month,Von Wobeser y Sierra - Silverio Sandate - Silverio Sandate – Law Business Review: The Franchise Law Review,"Von Wobeser y Sierra S.C. es una de las principales firmas de derecho mexicano que ofrece soluciones legales de servicio completo. Se compone de más de 30 diferentes áreas de práctica, incluyendo escritorios especializados con una lista fuerte de clientes internacionales y nacionales.",,,,,Silverio Sandate - Silverio Sandate – Law Business Review: The Franchise Law Review,div,2ca511ce11d6467a2d0b45530d45ca1aab592d78e1ce1960d398864b4347268e,e3b0c44298fc1c149afbf4c8996fb92427ae41e4649b934ca495991b7852b855,false,https://www.vonwobeser.com/images/PDF_news/PDF_articles/2017/240317-The-Franchise-Law-Review-.pdf,,legacy_id,fb5115cb-1acd-46a5-8cb8-dc0b9178aae3,silverio-sandate-silverio-sandate-law-business-review-the-franchise-law-review-2,194,true,2017-03-01,match,match,match,similar,not_applicable,match,correcto,1,match,https://www.vonwobeser.com/news/silverio-sandate-silverio-sandate-law-business-review-the-franchise-law-review-2,true,true,0,
es:196,es,196,195,https://www.vonwobeser.com/index.php/publicaciones/articulos?start=70,https://www.vonwobeser.com/index.php/publicacion?p_id=196,200,https://www.vonwobeser.com/index.php/publicacion?p_id=196,"Marzo, 2017",2017-03,month,"Von Wobeser y Sierra - Getting the Deal Through – Adrián Magallanes, Rodrigo Barradas – Arbitraje 2017","Von Wobeser y Sierra S.C. es una de las principales firmas de derecho mexicano que ofrece soluciones legales de servicio completo. Se compone de más de 30 diferentes áreas de práctica, incluyendo escritorios especializados con una lista fuerte de clientes internacionales y nacionales.",,,,,"Getting the Deal Through – Adrián Magallanes, Rodrigo Barradas – Arbitraje 2017",div,8a0fe17320aafc9c196a90baa7a4b178f76bea4db46e82d0fd2d085a8df76899,e3b0c44298fc1c149afbf4c8996fb92427ae41e4649b934ca495991b7852b855,false,https://www.vonwobeser.com/images/PDF_news/PDF_articles/2017/240317-GTDT-Arbitration-2017.pdf,https://www.vonwobeser.com/index.php/abogado?l=148 | https://www.vonwobeser.com/index.php/abogado?l=155,legacy_id,ade16294-fac0-48ba-a236-88ab26202ba8,getting-the-deal-through-adrian-magallanes-rodrigo-barradas-arbitraje-2017,196,true,2017-03-01,match,match,match,similar,not_applicable,match,correcto,1,match,https://www.vonwobeser.com/news/getting-the-deal-through-adrian-magallanes-rodrigo-barradas-arbitraje-2017,true,true,0,
es:228,es,228,227,https://www.vonwobeser.com/index.php/publicaciones/articulos?start=70,https://www.vonwobeser.com/index.php/publicacion?p_id=228,200,https://www.vonwobeser.com/index.php/publicacion?p_id=228,"Diciembre, 2016",2016-12,month,"Von Wobeser y Sierra - Luis Burgueño, Andrés Nieto - Luis Burgueño, Andrés Nieto - Getting The Deal Through, Market Intelligence, Capital Privado en México.","Von Wobeser y Sierra S.C. es una de las principales firmas de derecho mexicano que ofrece soluciones legales de servicio completo. Se compone de más de 30 diferentes áreas de práctica, incluyendo escritorios especializados con una lista fuerte de clientes internacionales y nacionales.",,,,,"Luis Burgueño, Andrés Nieto - Luis Burgueño, Andrés Nieto - Getting The Deal Through, Market Intelligence, Capital Privado en México.",div,ce50a1dcc89d0ac13a881eebae2f8354367d607f5dd0b37e3d27090bed9184e5,ce50a1dcc89d0ac13a881eebae2f8354367d607f5dd0b37e3d27090bed9184e5,false,https://www.vonwobeser.com/images/PDF_news/PDF_articles/2016/MI-3-5-PE-Mexico.pdf,https://www.vonwobeser.com/index.php/abogado?l=141,legacy_id,76a8b3e1-d84b-4fa0-a3df-a177f4f23203,luis-burgueno-andres-nieto-luis-burgueno-andres-nieto-getting-the-deal-through-m-2,228,true,2016-12-01,match,match,similar,similar,not_applicable,match,correcto,1,match,https://www.vonwobeser.com/news/luis-burgueno-andres-nieto-luis-burgueno-andres-nieto-getting-the-deal-through-m-2,true,true,0,
es:198,es,198,197,https://www.vonwobeser.com/index.php/publicaciones/articulos?start=70,https://www.vonwobeser.com/index.php/publicacion?p_id=198,200,https://www.vonwobeser.com/index.php/publicacion?p_id=198,"Agosto, 2016",2016-08,month,"Von Wobeser y Sierra - Adrián Magallanes, Diego Sierra – ICLG - The International Comparative Legal Guide: Arbitraje Internacional 2016.","Von Wobeser y Sierra S.C. es una de las principales firmas de derecho mexicano que ofrece soluciones legales de servicio completo. Se compone de más de 30 diferentes áreas de práctica, incluyendo escritorios especializados con una lista fuerte de clientes internacionales y nacionales.",,,,,"Adrián Magallanes, Diego Sierra – ICLG - The International Comparative Legal Guide: Arbitraje Internacional 2016.",div,823c2fb14248148e328879aafe7343d7b18a0ad4fdd3498efc0c5f582ce5d252,e3b0c44298fc1c149afbf4c8996fb92427ae41e4649b934ca495991b7852b855,false,https://www.vonwobeser.com/images/PDF_news/PDF_articles/2016/IA16_Chapter-40_Mexico.pdf,https://www.vonwobeser.com/index.php/abogado?l=148 | https://www.vonwobeser.com/index.php/abogado?l=149,legacy_id,df1c7d43-e293-4901-991f-ea584362deb0,adrian-magallanes-diego-sierra-iclg-the-international-comparative-legal-guide-ar,198,true,2016-08-01,match,match,match,similar,not_applicable,match,correcto,1,match,https://www.vonwobeser.com/news/adrian-magallanes-diego-sierra-iclg-the-international-comparative-legal-guide-ar,true,true,0,
es:204,es,204,203,https://www.vonwobeser.com/index.php/publicaciones/articulos?start=70,https://www.vonwobeser.com/index.php/publicacion?p_id=204,200,https://www.vonwobeser.com/index.php/publicacion?p_id=204,"Mayo, 2016",2016-05,month,Von Wobeser y Sierra - Edmond Grieger- Grupo Reforma; The energy issue – New Rules – Inversión en la energía renovable en México.,"Von Wobeser y Sierra S.C. es una de las principales firmas de derecho mexicano que ofrece soluciones legales de servicio completo. Se compone de más de 30 diferentes áreas de práctica, incluyendo escritorios especializados con una lista fuerte de clientes internacionales y nacionales.",,,,,Edmond Grieger- Grupo Reforma; The energy issue – New Rules – Inversión en la energía renovable en México.,div,ad76414ce8a9342ce90bfe097ebed703664dfedcebcfb0bee7e3a74664614306,e3b0c44298fc1c149afbf4c8996fb92427ae41e4649b934ca495991b7852b855,false,https://www.vonwobeser.com/images/PDF_news/PDF_articles/2016/New_Rules1.PDF,https://www.vonwobeser.com/index.php/abogado?l=147,legacy_id,638d33c0-180b-4708-9f10-d2806f26eeb2,edmond-grieger-grupo-reforma-the-energy-issue-new-rules-inversion-en-la-energia-,204,true,2016-05-01,match,match,match,similar,not_applicable,match,correcto,1,match,https://www.vonwobeser.com/news/edmond-grieger-grupo-reforma-the-energy-issue-new-rules-inversion-en-la-energia-,true,true,0,
es:208,es,208,207,https://www.vonwobeser.com/index.php/publicaciones/articulos?start=70,https://www.vonwobeser.com/index.php/publicacion?p_id=208,200,https://www.vonwobeser.com/index.php/publicacion?p_id=208,"Abril, 2016",2016-04,month,"Von Wobeser y Sierra - Daniel Huth - Daniel Huth, *Aportación Especial de Edmond Grieger - OGEL – Oil, Gas & Energy Law – Marzo 2016.","Von Wobeser y Sierra S.C. es una de las principales firmas de derecho mexicano que ofrece soluciones legales de servicio completo. Se compone de más de 30 diferentes áreas de práctica, incluyendo escritorios especializados con una lista fuerte de clientes internacionales y nacionales.",,,,,"Daniel Huth - Daniel Huth, *Aportación Especial de Edmond Grieger - OGEL – Oil, Gas & Energy Law – Marzo 2016.",div,4344f4551427df63e9ae75691205c7413853d167e94d267a033097e40aa97af5,e3b0c44298fc1c149afbf4c8996fb92427ae41e4649b934ca495991b7852b855,false,https://www.vonwobeser.com/images/PDF_news/PDF_articles/2016/ov14-1-article08.pdf,https://www.vonwobeser.com/index.php/abogado?l=147,legacy_id,848e5e2a-0b9c-4294-bc9e-de3f17919210,daniel-huth-daniel-huth-aportacion-especial-de-edmond-grieger-ogel-oil-gas-energ,208,true,2016-04-01,match,match,match,similar,not_applicable,match,correcto,1,match,https://www.vonwobeser.com/news/daniel-huth-daniel-huth-aportacion-especial-de-edmond-grieger-ogel-oil-gas-energ,true,true,0,
es:212,es,212,211,https://www.vonwobeser.com/index.php/publicaciones/articulos?start=70,https://www.vonwobeser.com/index.php/publicacion?p_id=212,200,https://www.vonwobeser.com/index.php/publicacion?p_id=212,"Marzo, 2016",2016-03,month,"Von Wobeser y Sierra - Fernando Carreño, Paloma Alcántara - Fernando Carreño, Paloma Alcántara- Law Business Research, The Public Competition Enforcement Review – 8.ª Edición: México","Von Wobeser y Sierra S.C. es una de las principales firmas de derecho mexicano que ofrece soluciones legales de servicio completo. Se compone de más de 30 diferentes áreas de práctica, incluyendo escritorios especializados con una lista fuerte de clientes internacionales y nacionales.",,,,,"Fernando Carreño, Paloma Alcántara - Fernando Carreño, Paloma Alcántara- Law Business Research, The Public Competition Enforcement Review – 8.ª Edición: México",div,b85fa02eddb8ce6dc04d5b4b83ad966460157f1519c6589e6d5fae6300ec57ac,e3b0c44298fc1c149afbf4c8996fb92427ae41e4649b934ca495991b7852b855,false,https://www.vonwobeser.com/images/PDF_news/PDF_articles/2016/Mexico.pdf,https://www.vonwobeser.com/index.php/abogado?l=145,legacy_id,ec5ed37d-1440-4c12-8860-5b807cd0a5a0,fernando-carreno-paloma-alcantara-fernando-carreno-paloma-alcantara-law-business-2,212,true,2016-03-01,match,match,match,similar,not_applicable,match,correcto,1,match,https://www.vonwobeser.com/news/fernando-carreno-paloma-alcantara-fernando-carreno-paloma-alcantara-law-business-2,true,true,0,
es:216,es,216,215,https://www.vonwobeser.com/index.php/publicaciones/articulos?start=70,https://www.vonwobeser.com/index.php/publicacion?p_id=216,200,https://www.vonwobeser.com/index.php/publicacion?p_id=216,"Febrero, 2016",2016-02,month,"Von Wobeser y Sierra - Edmond Grieger con la colaboración de Daniel Huth (Asociado extranjero) - Financier Worldwide, Energía y Servicios Públicos 2016","Von Wobeser y Sierra S.C. es una de las principales firmas de derecho mexicano que ofrece soluciones legales de servicio completo. Se compone de más de 30 diferentes áreas de práctica, incluyendo escritorios especializados con una lista fuerte de clientes internacionales y nacionales.",,,,,"Edmond Grieger con la colaboración de Daniel Huth (Asociado extranjero) - Financier Worldwide, Energía y Servicios Públicos 2016",div,6b634cf92468e26f161f1afbb3f19fecad112d9325c8a71040dcb96a45033451,e3b0c44298fc1c149afbf4c8996fb92427ae41e4649b934ca495991b7852b855,false,https://www.vonwobeser.com/images/PDF_news/PDF_articles/2016/vwys.pdf,https://www.vonwobeser.com/index.php/abogado?l=147,legacy_id,adf8a290-bdf4-433f-976a-ec42e0165572,edmond-grieger-con-la-colaboracion-de-daniel-huth-asociado-extranjero-financier-,216,true,2016-02-01,match,match,match,similar,not_applicable,match,correcto,1,match,https://www.vonwobeser.com/news/edmond-grieger-con-la-colaboracion-de-daniel-huth-asociado-extranjero-financier-,true,true,0,
es:234,es,234,233,https://www.vonwobeser.com/index.php/publicaciones/articulos?start=70,https://www.vonwobeser.com/index.php/publicacion?p_id=234,200,https://www.vonwobeser.com/index.php/publicacion?p_id=234,"Diciembre, 2015",2015-12,month,Von Wobeser y Sierra - Andrés Nieto - PLC Leading and taking security en México.,"Von Wobeser y Sierra S.C. es una de las principales firmas de derecho mexicano que ofrece soluciones legales de servicio completo. Se compone de más de 30 diferentes áreas de práctica, incluyendo escritorios especializados con una lista fuerte de clientes internacionales y nacionales.",,,,,Andrés Nieto - PLC Leading and taking security en México.,div,d1351d2a2a76e94ddd671879f50adc2f53d6a5f10d8635136084d50f069494d9,e3b0c44298fc1c149afbf4c8996fb92427ae41e4649b934ca495991b7852b855,false,https://www.vonwobeser.com/images/PDF_news/PDF_articles/2015/vwys0412.pdf,,legacy_id,4924241f-9975-4218-9956-4b9739a44843,andres-nieto-plc-leading-and-taking-security-en-mexico,234,true,2015-12-01,match,match,match,similar,not_applicable,match,correcto,1,match,https://www.vonwobeser.com/news/andres-nieto-plc-leading-and-taking-security-en-mexico,true,true,0,
es:238,es,238,237,https://www.vonwobeser.com/index.php/publicaciones/articulos?start=80,https://www.vonwobeser.com/index.php/publicacion?p_id=238,200,https://www.vonwobeser.com/index.php/publicacion?p_id=238,"Octubre, 2015",2015-10,month,Von Wobeser y Sierra - Rodolfo Trampe y Jorge Díaz - Getting the Deal Through-Outsourcing 2016,"Von Wobeser y Sierra S.C. es una de las principales firmas de derecho mexicano que ofrece soluciones legales de servicio completo. Se compone de más de 30 diferentes áreas de práctica, incluyendo escritorios especializados con una lista fuerte de clientes internacionales y nacionales.",,,,,Rodolfo Trampe y Jorge Díaz - Getting the Deal Through-Outsourcing 2016,div,05ffd74b2c7618886da01276c36d376032b9df762d90d6c15e1168c57609bbc8,e3b0c44298fc1c149afbf4c8996fb92427ae41e4649b934ca495991b7852b855,false,https://www.vonwobeser.com/images/PDF_news/PDF_articles/2015/OS2016_Mexico.pdf,,legacy_id,92fab304-00a7-44c8-a0bc-23eeb2cb7096,rodolfo-trampe-y-jorge-diaz-getting-the-deal-through-outsourcing-2016-2,238,true,2015-10-01,match,match,match,similar,not_applicable,match,correcto,1,match,https://www.vonwobeser.com/news/rodolfo-trampe-y-jorge-diaz-getting-the-deal-through-outsourcing-2016-2,true,true,0,
es:240,es,240,239,https://www.vonwobeser.com/index.php/publicaciones/articulos?start=80,https://www.vonwobeser.com/index.php/publicacion?p_id=240,200,https://www.vonwobeser.com/index.php/publicacion?p_id=240,"Octubre, 2015",2015-10,month,"Von Wobeser y Sierra - Luis Burgueño, Andrés Nieto - Getting The Deal Through, Market Intelligence, Capital Privado en México.","Von Wobeser y Sierra S.C. es una de las principales firmas de derecho mexicano que ofrece soluciones legales de servicio completo. Se compone de más de 30 diferentes áreas de práctica, incluyendo escritorios especializados con una lista fuerte de clientes internacionales y nacionales.",,,,,"Luis Burgueño, Andrés Nieto - Getting The Deal Through, Market Intelligence, Capital Privado en México.",div,ce50a1dcc89d0ac13a881eebae2f8354367d607f5dd0b37e3d27090bed9184e5,e3b0c44298fc1c149afbf4c8996fb92427ae41e4649b934ca495991b7852b855,false,https://www.vonwobeser.com/images/PDF_news/PDF_articles/2015/marketintelligence.pdf,https://www.vonwobeser.com/index.php/abogado?l=141,legacy_id,f0f2685e-e88b-4c22-9567-0f9a84728396,luis-burgueno-andres-nieto-getting-the-deal-through-market-intelligence-capital-,240,true,2015-10-01,match,match,match,similar,not_applicable,match,correcto,1,match,https://www.vonwobeser.com/news/luis-burgueno-andres-nieto-getting-the-deal-through-market-intelligence-capital-,true,true,0,
es:242,es,242,241,https://www.vonwobeser.com/index.php/publicaciones/articulos?start=80,https://www.vonwobeser.com/index.php/publicacion?p_id=242,200,https://www.vonwobeser.com/index.php/publicacion?p_id=242,"Septiembre, 2015",2015-09,month,"Von Wobeser y Sierra - Luis Burgueño, Andrés Nieto - International Bar Association, North American Regional Forum News, Sociedades de participación limitada: una nueva forma de invertir en México.","Von Wobeser y Sierra S.C. es una de las principales firmas de derecho mexicano que ofrece soluciones legales de servicio completo. Se compone de más de 30 diferentes áreas de práctica, incluyendo escritorios especializados con una lista fuerte de clientes internacionales y nacionales.",,,,,"Luis Burgueño, Andrés Nieto - International Bar Association, North American Regional Forum News, Sociedades de participación limitada: una nueva forma de invertir en México.",div,9a10daa92f6e65ba01689d373defc5816b349774cab5ccbaf44bcc7670d2a07c,e3b0c44298fc1c149afbf4c8996fb92427ae41e4649b934ca495991b7852b855,false,https://www.vonwobeser.com/images/PDF_news/PDF_articles/2015/North_American_Regional_Forum_News_Sept_2015.pdf,https://www.vonwobeser.com/index.php/abogado?l=141,legacy_id,19da683e-cc0c-4713-a7f3-ad0e6fcf4e36,luis-burgueno-andres-nieto-international-bar-association-north-american-regional-2,242,true,2015-09-01,match,match,match,similar,not_applicable,match,correcto,1,match,https://www.vonwobeser.com/news/luis-burgueno-andres-nieto-international-bar-association-north-american-regional-2,true,true,0,
es:244,es,244,243,https://www.vonwobeser.com/index.php/publicaciones/articulos?start=80,https://www.vonwobeser.com/index.php/publicacion?p_id=244,200,https://www.vonwobeser.com/index.php/publicacion?p_id=244,"Septiembre, 2015",2015-09,month,Von Wobeser y Sierra - Adrián Magallanes - PLC - Class Actions 1st Edition Global Guide.,"Von Wobeser y Sierra S.C. es una de las principales firmas de derecho mexicano que ofrece soluciones legales de servicio completo. Se compone de más de 30 diferentes áreas de práctica, incluyendo escritorios especializados con una lista fuerte de clientes internacionales y nacionales.",,,,,Adrián Magallanes - PLC - Class Actions 1st Edition Global Guide.,div,0d56e310c10661b711a34fc690d26c0bcf87fa9fd913471947e33007b5ca2043,e3b0c44298fc1c149afbf4c8996fb92427ae41e4649b934ca495991b7852b855,false,https://www.vonwobeser.com/images/PDF_news/PDF_articles/2015/classactions.pdf,https://www.vonwobeser.com/index.php/abogado?l=148,legacy_id,9fa56e25-2a92-478f-bce5-7ea3e1140470,adrian-magallanes-plc-class-actions-1st-edition-global-guide-2,244,true,2015-09-01,match,match,match,similar,not_applicable,match,correcto,1,match,https://www.vonwobeser.com/news/adrian-magallanes-plc-class-actions-1st-edition-global-guide-2,true,true,0,
es:248,es,248,247,https://www.vonwobeser.com/index.php/publicaciones/articulos?start=80,https://www.vonwobeser.com/index.php/publicacion?p_id=248,200,https://www.vonwobeser.com/index.php/publicacion?p_id=248,"Septiembre, 2015",2015-09,month,"Von Wobeser y Sierra - Fernando Carreño, Paloma Alcántara - Global Competition Review, The Antitrust Review of the Americas 2016, México.","Von Wobeser y Sierra S.C. es una de las principales firmas de derecho mexicano que ofrece soluciones legales de servicio completo. Se compone de más de 30 diferentes áreas de práctica, incluyendo escritorios especializados con una lista fuerte de clientes internacionales y nacionales.",,,,,"Fernando Carreño, Paloma Alcántara - Global Competition Review, The Antitrust Review of the Americas 2016, México.",div,1ac1b695a02de9fd3bd1a939951b626c0ffadb0fed48fe01d9c8bded0f79f845,e3b0c44298fc1c149afbf4c8996fb92427ae41e4649b934ca495991b7852b855,false,https://www.vonwobeser.com/images/PDF_news/PDF_articles/2015/Mexico_Overview.pdf,https://www.vonwobeser.com/index.php/abogado?l=145,legacy_id,766c7a97-103a-402e-ad0d-501dcf758039,fernando-carreno-paloma-alcantara-global-competition-review-the-antitrust-review-3,248,true,2015-09-01,match,match,match,similar,not_applicable,match,correcto,1,match,https://www.vonwobeser.com/news/fernando-carreno-paloma-alcantara-global-competition-review-the-antitrust-review-3,true,true,0,
es:250,es,250,249,https://www.vonwobeser.com/index.php/publicaciones/articulos?start=80,https://www.vonwobeser.com/index.php/publicacion?p_id=250,200,https://www.vonwobeser.com/index.php/publicacion?p_id=250,"Septiembre, 2015",2015-09,month,"Von Wobeser y Sierra - Luis Burgueño, Andrés Nieto - Law Business Research, Mergers & Acquisitions Review: México","Von Wobeser y Sierra S.C. es una de las principales firmas de derecho mexicano que ofrece soluciones legales de servicio completo. Se compone de más de 30 diferentes áreas de práctica, incluyendo escritorios especializados con una lista fuerte de clientes internacionales y nacionales.",,,,,"Luis Burgueño, Andrés Nieto - Law Business Research, Mergers & Acquisitions Review: México",div,23d46917608f855682d0efb7b10b68f24f37545dd3e411cf80f705d0413dcfea,e3b0c44298fc1c149afbf4c8996fb92427ae41e4649b934ca495991b7852b855,false,https://www.vonwobeser.com/images/PDF_news/PDF_articles/2015/Mexico.pdf,https://www.vonwobeser.com/index.php/abogado?l=141,legacy_id,57aa2df5-10db-4548-8bb2-6f1b2d2d5640,luis-burgueno-andres-nieto-law-business-research-mergers-acquisitions-review-mex-2,250,true,2015-09-01,match,match,match,similar,not_applicable,match,correcto,1,match,https://www.vonwobeser.com/news/luis-burgueno-andres-nieto-law-business-research-mergers-acquisitions-review-mex-2,true,true,0,
es:252,es,252,251,https://www.vonwobeser.com/index.php/publicaciones/articulos?start=80,https://www.vonwobeser.com/index.php/publicacion?p_id=252,200,https://www.vonwobeser.com/index.php/publicacion?p_id=252,"Septiembre, 2015",2015-09,month,"Von Wobeser y Sierra - Diego Sierra - Global Investigations Review, Reforma de anticorrupción en México.","Von Wobeser y Sierra S.C. es una de las principales firmas de derecho mexicano que ofrece soluciones legales de servicio completo. Se compone de más de 30 diferentes áreas de práctica, incluyendo escritorios especializados con una lista fuerte de clientes internacionales y nacionales.",,,,,"Diego Sierra - Global Investigations Review, Reforma de anticorrupción en México.",div,9667e8147f9c1d4a8403e7b995244853b15dd19a2e4662fb8afb7097441a2329,e3b0c44298fc1c149afbf4c8996fb92427ae41e4649b934ca495991b7852b855,false,https://www.vonwobeser.com/images/PDF_news/PDF_articles/2015/Mexico-Overviewsep15.pdf,https://www.vonwobeser.com/index.php/abogado?l=149,legacy_id,5a16386e-0b48-4f13-a2aa-d5b43fd4a28c,diego-sierra-global-investigations-review-reforma-de-anticorrupcion-en-mexico,252,true,2015-09-01,match,match,match,similar,not_applicable,match,correcto,1,match,https://www.vonwobeser.com/news/diego-sierra-global-investigations-review-reforma-de-anticorrupcion-en-mexico,true,true,0,
es:260,es,260,259,https://www.vonwobeser.com/index.php/publicaciones/articulos?start=80,https://www.vonwobeser.com/index.php/publicacion?p_id=260,200,https://www.vonwobeser.com/index.php/publicacion?p_id=260,"Junio, 2015",2015-06,month,"Von Wobeser y Sierra - Edmond Grieger - Financier Worldwide, Petróleo y Gas 2015","Von Wobeser y Sierra S.C. es una de las principales firmas de derecho mexicano que ofrece soluciones legales de servicio completo. Se compone de más de 30 diferentes áreas de práctica, incluyendo escritorios especializados con una lista fuerte de clientes internacionales y nacionales.",,,,,"Edmond Grieger - Financier Worldwide, Petróleo y Gas 2015",div,570b03512e8598fc23155e88fca817b35ace48261ec0f7a1abef861e1fa4e082,e3b0c44298fc1c149afbf4c8996fb92427ae41e4649b934ca495991b7852b855,false,https://www.vonwobeser.com/images/PDF_news/PDF_articles/2015/FINANCIER.pdf,https://www.vonwobeser.com/index.php/abogado?l=147,legacy_id,cbdc4a73-bbce-40de-8930-08f48168dcbd,edmond-grieger-financier-worldwide-petroleo-y-gas-2015,260,true,2015-06-01,match,match,match,similar,not_applicable,match,correcto,1,match,https://www.vonwobeser.com/news/edmond-grieger-financier-worldwide-petroleo-y-gas-2015,true,true,0,
es:262,es,262,261,https://www.vonwobeser.com/index.php/publicaciones/articulos?start=80,https://www.vonwobeser.com/index.php/publicacion?p_id=262,200,https://www.vonwobeser.com/index.php/publicacion?p_id=262,"Mayo, 2015",2015-05,month,"Von Wobeser y Sierra - Claus von Wobeser, Adrian Magallanes - Chambers- Global Practice Guides, Arbitraje Internacional: México- Aplicación de la Ley, Mayo 2015, México.","Von Wobeser y Sierra S.C. es una de las principales firmas de derecho mexicano que ofrece soluciones legales de servicio completo. Se compone de más de 30 diferentes áreas de práctica, incluyendo escritorios especializados con una lista fuerte de clientes internacionales y nacionales.",,,,,"Claus von Wobeser, Adrian Magallanes - Chambers- Global Practice Guides, Arbitraje Internacional: México- Aplicación de la Ley, Mayo 2015, México.",div,a3deccda718f63265515228a92cad181bb42617775ed1adbbac27ffdb3f0a325,e3b0c44298fc1c149afbf4c8996fb92427ae41e4649b934ca495991b7852b855,false,https://www.vonwobeser.com/images/PDF_news/PDF_articles/2015/MEXICO_LandP.PDF,https://www.vonwobeser.com/index.php/abogado?l=134 | https://www.vonwobeser.com/index.php/abogado?l=148,legacy_id,10791a99-f38f-4bf1-8dce-8e45d065111f,claus-von-wobeser-adrian-magallanes-chambers-global-practice-guides-arbitraje-in,262,true,2015-05-01,match,match,match,similar,not_applicable,match,correcto,1,match,https://www.vonwobeser.com/news/claus-von-wobeser-adrian-magallanes-chambers-global-practice-guides-arbitraje-in,true,true,0,
es:264,es,264,263,https://www.vonwobeser.com/index.php/publicaciones/articulos?start=80,https://www.vonwobeser.com/index.php/publicacion?p_id=264,200,https://www.vonwobeser.com/index.php/publicacion?p_id=264,"Mayo, 2015",2015-05,month,"Von Wobeser y Sierra - Claus von Wobeser, Adrian Magallanes - Chambers- Global Practice Guides, Arbitraje Internacional: México- Tendencias y Desarrollos, Mayo 2015, México.","Von Wobeser y Sierra S.C. es una de las principales firmas de derecho mexicano que ofrece soluciones legales de servicio completo. Se compone de más de 30 diferentes áreas de práctica, incluyendo escritorios especializados con una lista fuerte de clientes internacionales y nacionales.",,,,,"Claus von Wobeser, Adrian Magallanes - Chambers- Global Practice Guides, Arbitraje Internacional: México- Tendencias y Desarrollos, Mayo 2015, México.",div,60dab169c4dc9db89237f11baf8d157d25f43ccb58aba7753b32e417830197bb,e3b0c44298fc1c149afbf4c8996fb92427ae41e4649b934ca495991b7852b855,false,https://www.vonwobeser.com/images/PDF_news/PDF_articles/2015/MEXICO_TD.PDF,https://www.vonwobeser.com/index.php/abogado?l=134 | https://www.vonwobeser.com/index.php/abogado?l=148,legacy_id,5f5e060a-c7c6-4236-af71-90bf25cfcbae,claus-von-wobeser-adrian-magallanes-chambers-global-practice-guides-arbitraje-in-2,264,true,2015-05-01,match,match,match,similar,not_applicable,match,correcto,1,match,https://www.vonwobeser.com/news/claus-von-wobeser-adrian-magallanes-chambers-global-practice-guides-arbitraje-in-2,true,true,0,
es:270,es,270,269,https://www.vonwobeser.com/index.php/publicaciones/articulos?start=90,https://www.vonwobeser.com/index.php/publicacion?p_id=270,200,https://www.vonwobeser.com/index.php/publicacion?p_id=270,"Abril, 2015",2015-04,month,Von Wobeser y Sierra - Andrés Nieto - Getting the Deal Through: Financiamiento Estructurado y Bursatilización,"Von Wobeser y Sierra S.C. es una de las principales firmas de derecho mexicano que ofrece soluciones legales de servicio completo. Se compone de más de 30 diferentes áreas de práctica, incluyendo escritorios especializados con una lista fuerte de clientes internacionales y nacionales.",,,,,Andrés Nieto - Getting the Deal Through: Financiamiento Estructurado y Bursatilización,div,169d67ef1a283aa3335094211cc841c27c41ed473339a46159d26619917c0c81,e3b0c44298fc1c149afbf4c8996fb92427ae41e4649b934ca495991b7852b855,false,https://www.vonwobeser.com/images/PDF_news/PDF_articles/2015/VWYS-_5099-v1-Andres_Nieto__Getting_the_Deal_Throug__Structured_Finance_Securitisation__april_20151.pdf,,legacy_id,dc2b56c5-6e09-4f0e-b033-47c4e00841d5,andres-nieto-getting-the-deal-through-financiamiento-estructurado-y-bursatilizac,270,true,2015-04-01,match,match,match,similar,not_applicable,match,correcto,1,match,https://www.vonwobeser.com/news/andres-nieto-getting-the-deal-through-financiamiento-estructurado-y-bursatilizac,true,true,0,
es:272,es,272,300,https://www.vonwobeser.com/index.php/publicaciones/articulos?start=90,https://www.vonwobeser.com/index.php/publicacion?p_id=272,200,https://www.vonwobeser.com/index.php/publicacion?p_id=272,"Marzo, 2015",2015-03,month,"Von Wobeser y Sierra - Andrés Nieto - Getting The Deal Through, Regulación Bancaria en México","Von Wobeser y Sierra S.C. es una de las principales firmas de derecho mexicano que ofrece soluciones legales de servicio completo. Se compone de más de 30 diferentes áreas de práctica, incluyendo escritorios especializados con una lista fuerte de clientes internacionales y nacionales.",,,,,"Andrés Nieto - Getting The Deal Through, Regulación Bancaria en México",div,43adb831ec191593fa6b3ec070a6d98c218271ee897bffa3ec8e7498106d6300,e3b0c44298fc1c149afbf4c8996fb92427ae41e4649b934ca495991b7852b855,false,https://www.vonwobeser.com/images/PDF_news/PDF_articles/2015/VWYS_2603-v1-CHAMBERS_AND_PARTNERS_COMPETITION_ANTITRUST_MEXICO.PDF,,legacy_id,87305d2a-2d2a-44f6-acea-ec5730d17f45,andres-nieto-getting-the-deal-through-regulacion-bancaria-en-mexico,272,true,2015-03-01,match,match,match,similar,not_applicable,match,correcto,1,match,https://www.vonwobeser.com/news/andres-nieto-getting-the-deal-through-regulacion-bancaria-en-mexico,true,true,0,
es:297,es,297,271,https://www.vonwobeser.com/index.php/publicaciones/articulos?start=90,https://www.vonwobeser.com/index.php/publicacion?p_id=297,200,https://www.vonwobeser.com/index.php/publicacion?p_id=297,"Marzo, 2015",2015-03,month,"Von Wobeser y Sierra - Fernando Carreño - Chambers & Partners, Guía Práctica Legal; Competencia/ Carteles","Von Wobeser y Sierra S.C. es una de las principales firmas de derecho mexicano que ofrece soluciones legales de servicio completo. Se compone de más de 30 diferentes áreas de práctica, incluyendo escritorios especializados con una lista fuerte de clientes internacionales y nacionales.",,,,,"Fernando Carreño - Chambers & Partners, Guía Práctica Legal; Competencia/ Carteles",div,af20bafd0ca4b6ebd58efafa9d5faad9682ca4ed3694f5635eac4d8f6996a43a,af20bafd0ca4b6ebd58efafa9d5faad9682ca4ed3694f5635eac4d8f6996a43a,false,https://www.vonwobeser.com/images/PDF_news/PDF_articles/2015/VWYS_2603-v1-CHAMBERS_AND_PARTNERS_COMPETITION_ANTITRUST_MEXICO.PDF,https://www.vonwobeser.com/index.php/abogado?l=145,legacy_id,da86183f-5f92-462d-bd83-f27558341942,fernando-carreno-chambers-partners-guia-practica-legal-competencia-carteles,297,true,2015-03-01,match,match,similar,similar,not_applicable,match,correcto,1,match,https://www.vonwobeser.com/news/fernando-carreno-chambers-partners-guia-practica-legal-competencia-carteles,true,true,0,
es:303,es,303,302,https://www.vonwobeser.com/index.php/publicaciones/articulos?start=90,https://www.vonwobeser.com/index.php/publicacion?p_id=303,200,https://www.vonwobeser.com/index.php/publicacion?p_id=303,"Febrero, 2015",2015-02,month,"Von Wobeser y Sierra - Adrian Magallanes - Global Law and Business, Ejecución de laudos arbitrales relativos a arbitraje de inversión, México","Von Wobeser y Sierra S.C. es una de las principales firmas de derecho mexicano que ofrece soluciones legales de servicio completo. Se compone de más de 30 diferentes áreas de práctica, incluyendo escritorios especializados con una lista fuerte de clientes internacionales y nacionales.",,,,,"Adrian Magallanes - Global Law and Business, Ejecución de laudos arbitrales relativos a arbitraje de inversión, México",div,e4d817a0bf6872dc7044d54eb726c9d5a46efe07275d5786a88cf710a92d7b0d,e3b0c44298fc1c149afbf4c8996fb92427ae41e4649b934ca495991b7852b855,false,https://www.vonwobeser.com/images/PDF_news/PDF_articles/2015/Enforcement_of_Investment_Treaty_Arbitration_Awards_Mexico.pdf,https://www.vonwobeser.com/index.php/abogado?l=148,legacy_id,1fedc659-69d8-4b81-b4fd-4477e67bcd0e,adrian-magallanes-global-law-and-business-ejecucion-de-laudos-arbitrales-relativ,303,true,2015-02-01,match,match,match,similar,not_applicable,match,correcto,1,match,https://www.vonwobeser.com/news/adrian-magallanes-global-law-and-business-ejecucion-de-laudos-arbitrales-relativ,true,true,0,
es:307,es,307,306,https://www.vonwobeser.com/index.php/publicaciones/articulos?start=90,https://www.vonwobeser.com/index.php/publicacion?p_id=307,200,https://www.vonwobeser.com/index.php/publicacion?p_id=307,"Enero, 2015",2015-01,month,"Von Wobeser y Sierra - Edmond Grieger - Corporate Livewire, Mesa Redonda, Energía y Recursos Naturales","Von Wobeser y Sierra S.C. es una de las principales firmas de derecho mexicano que ofrece soluciones legales de servicio completo. Se compone de más de 30 diferentes áreas de práctica, incluyendo escritorios especializados con una lista fuerte de clientes internacionales y nacionales.",,,,,"Edmond Grieger - Corporate Livewire, Mesa Redonda, Energía y Recursos Naturales",div,535323e3eb124182502115d9633a7a013f49f204b68b49d00a337e55953e1ce0,535323e3eb124182502115d9633a7a013f49f204b68b49d00a337e55953e1ce0,false,https://www.vonwobeser.com/images/PDF_news/Virtual_Round_Table_Energy_Natural_Resources_2015.pdf,https://www.vonwobeser.com/index.php/abogado?l=147,legacy_id,c82b8d8d-89fd-46dd-a1bb-994e5974861d,edmond-grieger-corporate-livewire-mesa-redonda-energia-y-recursos-naturales,307,true,2015-01-01,match,match,similar,similar,not_applicable,match,correcto,1,match,https://www.vonwobeser.com/news/edmond-grieger-corporate-livewire-mesa-redonda-energia-y-recursos-naturales,true,true,0,
es:309,es,309,308,https://www.vonwobeser.com/index.php/publicaciones/articulos?start=90,https://www.vonwobeser.com/index.php/publicacion?p_id=309,200,https://www.vonwobeser.com/index.php/publicacion?p_id=309,"Enero, 2015",2015-01,month,"Von Wobeser y Sierra - Fernando Carreño, Paloma Alcántara - Global Competition Review, Resumen sobre Antimonopolios en América- México: vista general, Enero 2015.","Von Wobeser y Sierra S.C. es una de las principales firmas de derecho mexicano que ofrece soluciones legales de servicio completo. Se compone de más de 30 diferentes áreas de práctica, incluyendo escritorios especializados con una lista fuerte de clientes internacionales y nacionales.",,,,,"Fernando Carreño, Paloma Alcántara - Global Competition Review, Resumen sobre Antimonopolios en América- México: vista general, Enero 2015.",div,6f0ea6028358a208fdf539137e367320a28b156c94957f06197c0870aad60ad1,e3b0c44298fc1c149afbf4c8996fb92427ae41e4649b934ca495991b7852b855,false,https://www.vonwobeser.com/images/68-FernandoCarreoandPalomaAlcantaraTheAntitrustReviewoftheAmericas2015Overview.pdf,https://www.vonwobeser.com/index.php/abogado?l=145,legacy_id,9d909886-a79f-4550-be9a-3f795638f602,fernando-carreno-paloma-alcantara-global-competition-review-resumen-sobre-antimo,309,true,2015-01-01,match,match,similar,similar,not_applicable,match,correcto,1,match,https://www.vonwobeser.com/news/fernando-carreno-paloma-alcantara-global-competition-review-resumen-sobre-antimo,true,true,0,
es:311,es,311,310,https://www.vonwobeser.com/index.php/publicaciones/articulos?start=90,https://www.vonwobeser.com/index.php/publicacion?p_id=311,200,https://www.vonwobeser.com/index.php/publicacion?p_id=311,"Noviembre, 2014",2014-11,month,"Von Wobeser y Sierra - Claus von Wobeser, Adrián Magallanes - Getting The Deal Through, Arbitraje Inversionista-Estado","Von Wobeser y Sierra S.C. es una de las principales firmas de derecho mexicano que ofrece soluciones legales de servicio completo. Se compone de más de 30 diferentes áreas de práctica, incluyendo escritorios especializados con una lista fuerte de clientes internacionales y nacionales.",,,,,"Claus von Wobeser, Adrián Magallanes - Getting The Deal Through, Arbitraje Inversionista-Estado",div,dde1783ffb09ac5ee0312f41f2822bcc9d40fe1d1aab742e3e68a9c577e02c07,e3b0c44298fc1c149afbf4c8996fb92427ae41e4649b934ca495991b7852b855,false,https://www.vonwobeser.com/images/PDF_news/PDF_articles/2014/InvestmentTraetyArbitration2014.PDF,https://www.vonwobeser.com/index.php/abogado?l=134 | https://www.vonwobeser.com/index.php/abogado?l=148,legacy_id,e3c8f834-a1bc-4ca6-82d1-1df39fc8643c,claus-von-wobeser-adrian-magallanes-getting-the-deal-through-arbitraje-inversion-2,311,true,2014-11-01,match,match,match,similar,not_applicable,match,correcto,1,match,https://www.vonwobeser.com/news/claus-von-wobeser-adrian-magallanes-getting-the-deal-through-arbitraje-inversion-2,true,true,0,
es:315,es,315,314,https://www.vonwobeser.com/index.php/publicaciones/articulos?start=90,https://www.vonwobeser.com/index.php/publicacion?p_id=315,200,https://www.vonwobeser.com/index.php/publicacion?p_id=315,"Octubre, 2014",2014-10,month,"Von Wobeser y Sierra - Andrés Nieto, Luis Burgueño - Getting the Deal Through, Private Equity","Von Wobeser y Sierra S.C. es una de las principales firmas de derecho mexicano que ofrece soluciones legales de servicio completo. Se compone de más de 30 diferentes áreas de práctica, incluyendo escritorios especializados con una lista fuerte de clientes internacionales y nacionales.",,,,,"Andrés Nieto, Luis Burgueño - Getting the Deal Through, Private Equity",div,f9fde294d53ceaed14a1f188b3ff75ed64b7661dbbe7b3c4016e5c83c01eb6d6,e3b0c44298fc1c149afbf4c8996fb92427ae41e4649b934ca495991b7852b855,false,,https://www.vonwobeser.com/index.php/abogado?l=141,legacy_id,606686e4-c598-4b98-bdcd-96090e5768a2,andres-nieto-luis-burgueno-getting-the-deal-through-private-equity-2,315,true,2014-10-01,match,match,match,match,not_applicable,match,correcto,1,match,https://www.vonwobeser.com/news/andres-nieto-luis-burgueno-getting-the-deal-through-private-equity-2,true,true,0,
es:317,es,317,316,https://www.vonwobeser.com/index.php/publicaciones/articulos?start=90,https://www.vonwobeser.com/index.php/publicacion?p_id=317,200,https://www.vonwobeser.com/index.php/publicacion?p_id=317,"Octubre, 2014",2014-10,month,"Von Wobeser y Sierra - Diego Sierra - Global Investigations Review, The Investigations Review of the Americas","Von Wobeser y Sierra S.C. es una de las principales firmas de derecho mexicano que ofrece soluciones legales de servicio completo. Se compone de más de 30 diferentes áreas de práctica, incluyendo escritorios especializados con una lista fuerte de clientes internacionales y nacionales.",,,,,"Diego Sierra - Global Investigations Review, The Investigations Review of the Americas",div,4366a4634e722dacf97b442dc09e30bb04e32351b845df64723e08553688562e,e3b0c44298fc1c149afbf4c8996fb92427ae41e4649b934ca495991b7852b855,false,https://www.vonwobeser.com/images/PDF_news/PDF_articles/2014/201410GIRInvestigationsReviewoftheAmericas2015DS.pdf,https://www.vonwobeser.com/index.php/abogado?l=149,legacy_id,8157a73c-0594-45a2-96f9-06cf488ba530,diego-sierra-global-investigations-review-the-investigations-review-of-the-ameri-4,317,true,2014-10-01,match,match,match,similar,not_applicable,match,correcto,1,match,https://www.vonwobeser.com/news/diego-sierra-global-investigations-review-the-investigations-review-of-the-ameri-4,true,true,0,
es:319,es,319,318,https://www.vonwobeser.com/index.php/publicaciones/articulos?start=90,https://www.vonwobeser.com/index.php/publicacion?p_id=319,200,https://www.vonwobeser.com/index.php/publicacion?p_id=319,"Octubre, 2014",2014-10,month,"Von Wobeser y Sierra - Rodolfo Trampe, Jorge Díaz, Luis Alberto King , Fernando de Buen - Getting the Deal Through, Outsourcing México 2015","Von Wobeser y Sierra S.C. es una de las principales firmas de derecho mexicano que ofrece soluciones legales de servicio completo. Se compone de más de 30 diferentes áreas de práctica, incluyendo escritorios especializados con una lista fuerte de clientes internacionales y nacionales.",,,,,"Rodolfo Trampe, Jorge Díaz, Luis Alberto King , Fernando de Buen - Getting the Deal Through, Outsourcing México 2015",div,2f2844eda4d149a52be8881560848a7ab0f80dc23adb39e63ada7fb214190590,e3b0c44298fc1c149afbf4c8996fb92427ae41e4649b934ca495991b7852b855,false,https://www.vonwobeser.com/images/PDF_news/PDF_articles/2014/201410GTDTMexicoOutsourcing.pdf,,legacy_id,18f7ef4c-2837-481e-a39a-71a56aba4c83,rodolfo-trampe-jorge-diaz-luis-alberto-king-fernando-de-buen-getting-the-deal-th-4,319,true,2014-10-01,match,match,similar,similar,not_applicable,match,correcto,1,match,https://www.vonwobeser.com/news/rodolfo-trampe-jorge-diaz-luis-alberto-king-fernando-de-buen-getting-the-deal-th-4,true,true,0,
es:337,es,337,336,https://www.vonwobeser.com/index.php/publicaciones/articulos?start=100,https://www.vonwobeser.com/index.php/publicacion?p_id=337,200,https://www.vonwobeser.com/index.php/publicacion?p_id=337,"Julio, 2014",2014-07,month,Von Wobeser y Sierra - Edmond Grieger - Corporate Livewire: Guia de Expertos Energía y Recursos Naturales,"Von Wobeser y Sierra S.C. es una de las principales firmas de derecho mexicano que ofrece soluciones legales de servicio completo. Se compone de más de 30 diferentes áreas de práctica, incluyendo escritorios especializados con una lista fuerte de clientes internacionales y nacionales.",,,,,Edmond Grieger - Corporate Livewire: Guia de Expertos Energía y Recursos Naturales,div,2a74b332967240eee8f4982b9e531d6a1a8e5d9d524ab9d8209cba82b2b0bfab,2a74b332967240eee8f4982b9e531d6a1a8e5d9d524ab9d8209cba82b2b0bfab,false,https://www.vonwobeser.com/images/PDF_news/PDF_articles/2014/CorporateLivewireEnergyNaturalResourcesJuly2014EG.pdf,https://www.vonwobeser.com/index.php/abogado?l=147,legacy_id,39f820bf-ab9d-4968-815c-0f510bd583bc,edmond-grieger-corporate-livewire-guia-de-expertos-energia-y-recursos-naturales,337,true,2014-07-01,match,match,similar,similar,not_applicable,match,correcto,1,match,https://www.vonwobeser.com/news/edmond-grieger-corporate-livewire-guia-de-expertos-energia-y-recursos-naturales,true,true,0,
es:341,es,341,340,https://www.vonwobeser.com/index.php/publicaciones/articulos?start=100,https://www.vonwobeser.com/index.php/publicacion?p_id=341,200,https://www.vonwobeser.com/index.php/publicacion?p_id=341,"Mayo, 2014",2014-05,month,"Von Wobeser y Sierra - Fernando Carreño , José Palomar - Law Business Research, The Public Competition Enforcement Review, Sexta Edición.","Von Wobeser y Sierra S.C. es una de las principales firmas de derecho mexicano que ofrece soluciones legales de servicio completo. Se compone de más de 30 diferentes áreas de práctica, incluyendo escritorios especializados con una lista fuerte de clientes internacionales y nacionales.",,,,,"Fernando Carreño , José Palomar - Law Business Research, The Public Competition Enforcement Review, Sexta Edición.",div,e59502233e7dfc732a50a8d4c7a174e3bf134f55ad0ba3128b17b3d8f5ac75a5,e3b0c44298fc1c149afbf4c8996fb92427ae41e4649b934ca495991b7852b855,false,https://www.vonwobeser.com/images/PDF_news/PDF_articles/2014/THEPUBLICCOMPETITIONREVIEWEDITION6.pdf,https://www.vonwobeser.com/index.php/abogado?l=145,legacy_id,763d49ab-128e-4ac5-9360-fdfa5407e83a,fernando-carreno-jose-palomar-law-business-research-the-public-competition-enfor-2,341,true,2014-05-01,match,match,match,similar,not_applicable,match,correcto,1,match,https://www.vonwobeser.com/news/fernando-carreno-jose-palomar-law-business-research-the-public-competition-enfor-2,true,true,0,
es:345,es,345,344,https://www.vonwobeser.com/index.php/publicaciones/articulos?start=100,https://www.vonwobeser.com/index.php/publicacion?p_id=345,200,https://www.vonwobeser.com/index.php/publicacion?p_id=345,"Febrero, 2014",2014-02,month,"Von Wobeser y Sierra - Claus von Wobeser , Montserrat Manzano - Getting the Deal Through, Arbitraje 2014","Von Wobeser y Sierra S.C. es una de las principales firmas de derecho mexicano que ofrece soluciones legales de servicio completo. Se compone de más de 30 diferentes áreas de práctica, incluyendo escritorios especializados con una lista fuerte de clientes internacionales y nacionales.",,,,,"Claus von Wobeser , Montserrat Manzano - Getting the Deal Through, Arbitraje 2014",div,a4880fba29543f7ec5eeca4500f01fe2f19969aee90f05c35833cb434247ba68,e3b0c44298fc1c149afbf4c8996fb92427ae41e4649b934ca495991b7852b855,false,https://www.vonwobeser.com/images/PDF_news/201402GettingTheDealThroughArbitration.pdf,https://www.vonwobeser.com/index.php/abogado?l=134 | https://www.vonwobeser.com/index.php/abogado?l=175,legacy_id,cbcaeae0-ff36-4e17-ae43-1188c1be69f1,claus-von-wobeser-montserrat-manzano-getting-the-deal-through-arbitraje-2014,345,true,2014-02-01,match,match,match,similar,not_applicable,match,correcto,1,match,https://www.vonwobeser.com/news/claus-von-wobeser-montserrat-manzano-getting-the-deal-through-arbitraje-2014,true,true,0,
es:350,es,350,351,https://www.vonwobeser.com/index.php/publicaciones/articulos?start=100,https://www.vonwobeser.com/index.php/publicacion?p_id=350,200,https://www.vonwobeser.com/index.php/publicacion?p_id=350,"Enero, 2014",2014-01,month,"Von Wobeser y Sierra - Edmond Grieger - Corporate Livewire: Mesa Redonda, Energia & Recursos Naturales 2014","Von Wobeser y Sierra S.C. es una de las principales firmas de derecho mexicano que ofrece soluciones legales de servicio completo. Se compone de más de 30 diferentes áreas de práctica, incluyendo escritorios especializados con una lista fuerte de clientes internacionales y nacionales.",,,,,"Edmond Grieger - Corporate Livewire: Mesa Redonda, Energia & Recursos Naturales 2014",div,9dfd879372036d8dea4f1ddb6f219910652ec230485edcacc0ced4d4f46a8be3,e3b0c44298fc1c149afbf4c8996fb92427ae41e4649b934ca495991b7852b855,false,https://www.vonwobeser.com/images/PDF_news/PDF_articles/2014/LWVRTEnergyandNaturalResources2014.pdf,https://www.vonwobeser.com/index.php/abogado?l=147,legacy_id,effed0a2-5d3f-463f-8d8e-10c21a4531d7,edmond-grieger-corporate-livewire-mesa-redonda-energia-recursos-naturales-2014,350,true,2014-01-01,match,match,match,similar,not_applicable,match,correcto,1,match,https://www.vonwobeser.com/news/edmond-grieger-corporate-livewire-mesa-redonda-energia-recursos-naturales-2014,true,true,0,
es:373,es,373,372,https://www.vonwobeser.com/index.php/publicaciones/articulos?start=100,https://www.vonwobeser.com/index.php/publicacion?p_id=373,200,https://www.vonwobeser.com/index.php/publicacion?p_id=373,"Noviembre, 2013",2013-11,month,"Von Wobeser y Sierra - Rodolfo Trampe, Jorge Díaz, José Palomar - Getting the Deal Through Outsourcing Mexico 2014","Von Wobeser y Sierra S.C. es una de las principales firmas de derecho mexicano que ofrece soluciones legales de servicio completo. Se compone de más de 30 diferentes áreas de práctica, incluyendo escritorios especializados con una lista fuerte de clientes internacionales y nacionales.",,,,,"Rodolfo Trampe, Jorge Díaz, José Palomar - Getting the Deal Through Outsourcing Mexico 2014",div,e3b0c44298fc1c149afbf4c8996fb92427ae41e4649b934ca495991b7852b855,e3b0c44298fc1c149afbf4c8996fb92427ae41e4649b934ca495991b7852b855,false,https://www.vonwobeser.com/images/PDF_news/2015/MexicoOutsourcingNov2013.pdf,,legacy_id,7fe231ad-a9cd-44cc-95c1-f814d2bcb0eb,rodolfo-trampe-jorge-diaz-jose-palomar-getting-the-deal-through-outsourcing-mexi-2,373,true,2013-11-01,match,match,official_missing,official_missing,match,match,correcto,1,match,https://www.vonwobeser.com/news/rodolfo-trampe-jorge-diaz-jose-palomar-getting-the-deal-through-outsourcing-mexi-2,true,true,0,
es:374,es,374,375,https://www.vonwobeser.com/index.php/publicaciones/articulos?start=100,https://www.vonwobeser.com/index.php/publicacion?p_id=374,200,https://www.vonwobeser.com/index.php/publicacion?p_id=374,"Noviembre, 2013",2013-11,month,"Von Wobeser y Sierra - Claus von Wobeser, Adrián Magallanes - Getting the Deal Through Investment Treaty, México 2014","Von Wobeser y Sierra S.C. es una de las principales firmas de derecho mexicano que ofrece soluciones legales de servicio completo. Se compone de más de 30 diferentes áreas de práctica, incluyendo escritorios especializados con una lista fuerte de clientes internacionales y nacionales.",,,,,"Claus von Wobeser, Adrián Magallanes - Getting the Deal Through Investment Treaty, México 2014",div,e3b0c44298fc1c149afbf4c8996fb92427ae41e4649b934ca495991b7852b855,e3b0c44298fc1c149afbf4c8996fb92427ae41e4649b934ca495991b7852b855,false,https://www.vonwobeser.com/images/PDF_news/PDF_articles/2013/45-MexicoInvestmentTreaty.pdf,https://www.vonwobeser.com/index.php/abogado?l=134 | https://www.vonwobeser.com/index.php/abogado?l=148,legacy_id,657c135f-2dcf-4aba-b0b8-63a2154ff521,claus-von-wobeser-adrian-magallanes-getting-the-deal-through-investment-treaty-m-2,374,true,2013-11-01,match,match,official_missing,official_missing,match,match,correcto,1,match,https://www.vonwobeser.com/news/claus-von-wobeser-adrian-magallanes-getting-the-deal-through-investment-treaty-m-2,true,true,0,
es:376,es,376,377,https://www.vonwobeser.com/index.php/publicaciones/articulos?start=100,https://www.vonwobeser.com/index.php/publicacion?p_id=376,200,https://www.vonwobeser.com/index.php/publicacion?p_id=376,"Octubre, 2013",2013-10,month,Von Wobeser y Sierra - Claus von Wobeser - The Arbitration Review of the Americas 2014,"Von Wobeser y Sierra S.C. es una de las principales firmas de derecho mexicano que ofrece soluciones legales de servicio completo. Se compone de más de 30 diferentes áreas de práctica, incluyendo escritorios especializados con una lista fuerte de clientes internacionales y nacionales.",,,,,Claus von Wobeser - The Arbitration Review of the Americas 2014,div,293cae35d47edadf3b034137e3dbf6b5993133085a579f1edeb9577aff02d795,e3b0c44298fc1c149afbf4c8996fb92427ae41e4649b934ca495991b7852b855,false,https://www.vonwobeser.com/images/PDF_news/2015/TheArbitrationReviewoftheAmericas2014.pdf,https://www.vonwobeser.com/index.php/abogado?l=134,legacy_id,c700fb11-80ca-41f3-bd17-a223aa1f6edf,claus-von-wobeser-the-arbitration-review-of-the-americas-2014,376,true,2013-10-01,match,match,match,similar,not_applicable,match,correcto,1,match,https://www.vonwobeser.com/news/claus-von-wobeser-the-arbitration-review-of-the-americas-2014,true,true,0,
es:380,es,380,381,https://www.vonwobeser.com/index.php/publicaciones/articulos?start=100,https://www.vonwobeser.com/index.php/publicacion?p_id=380,200,https://www.vonwobeser.com/index.php/publicacion?p_id=380,"Septiembre, 2013",2013-09,month,"Von Wobeser y Sierra - Fernando Carreño , José Palomar - Global Competition Review, The Antitrust Review of the Americas, Mexico 2014","Von Wobeser y Sierra S.C. es una de las principales firmas de derecho mexicano que ofrece soluciones legales de servicio completo. Se compone de más de 30 diferentes áreas de práctica, incluyendo escritorios especializados con una lista fuerte de clientes internacionales y nacionales.",,,,,"Fernando Carreño , José Palomar - Global Competition Review, The Antitrust Review of the Americas, Mexico 2014",div,1c9a598b077310595c58c753332e9581f3bcc42e4bf0dbd8bd36e1e9b9d0cd04,e3b0c44298fc1c149afbf4c8996fb92427ae41e4649b934ca495991b7852b855,false,,https://www.vonwobeser.com/index.php/abogado?l=145,legacy_id,12f632ee-6ab1-4bfd-a583-cc8c16eb8577,fernando-carreno-jose-palomar-global-competition-review-the-antitrust-review-of--2,380,true,2013-09-01,match,match,match,match,not_applicable,match,correcto,1,match,https://www.vonwobeser.com/news/fernando-carreno-jose-palomar-global-competition-review-the-antitrust-review-of--2,true,true,0,
es:382,es,382,383,https://www.vonwobeser.com/index.php/publicaciones/articulos?start=100,https://www.vonwobeser.com/index.php/publicacion?p_id=382,200,https://www.vonwobeser.com/index.php/publicacion?p_id=382,"Agosto, 2013",2013-08,month,Von Wobeser y Sierra - Claus Von Wobeser - International Bar Association (IBA) - Guía de Arbitraje en Mexico,"Von Wobeser y Sierra S.C. es una de las principales firmas de derecho mexicano que ofrece soluciones legales de servicio completo. Se compone de más de 30 diferentes áreas de práctica, incluyendo escritorios especializados con una lista fuerte de clientes internacionales y nacionales.",,,,,Claus Von Wobeser - International Bar Association (IBA) - Guía de Arbitraje en Mexico,div,e3b0c44298fc1c149afbf4c8996fb92427ae41e4649b934ca495991b7852b855,e3b0c44298fc1c149afbf4c8996fb92427ae41e4649b934ca495991b7852b855,false,https://www.vonwobeser.com/images/PDF_news/2015/IBAMexicoChapterInternationalArbitrationGuide2013.pdf,https://www.vonwobeser.com/index.php/abogado?l=134,legacy_id,d2ae52f8-2ca6-4958-add2-1b094325a649,claus-von-wobeser-international-bar-association-iba-guia-de-arbitraje-en-mexico,382,true,2013-08-01,match,match,official_missing,official_missing,match,match,correcto,1,match,https://www.vonwobeser.com/news/claus-von-wobeser-international-bar-association-iba-guia-de-arbitraje-en-mexico,true,true,0,
es:384,es,384,385,https://www.vonwobeser.com/index.php/publicaciones/articulos?start=100,https://www.vonwobeser.com/index.php/publicacion?p_id=384,200,https://www.vonwobeser.com/index.php/publicacion?p_id=384,"Julio, 2013",2013-07,month,Von Wobeser y Sierra - Edmond Grieger - Corporate Livewire - Tendencias en la generación de energía renovable en México,"Von Wobeser y Sierra S.C. es una de las principales firmas de derecho mexicano que ofrece soluciones legales de servicio completo. Se compone de más de 30 diferentes áreas de práctica, incluyendo escritorios especializados con una lista fuerte de clientes internacionales y nacionales.",,,,,Edmond Grieger - Corporate Livewire - Tendencias en la generación de energía renovable en México,div,fab4588f985cf9cda1386cc554755541ce4e0a3d2a683d6f11e752d3907c0cab,e3b0c44298fc1c149afbf4c8996fb92427ae41e4649b934ca495991b7852b855,false,https://www.vonwobeser.com/images/PDF_news/2015/73CorporateLivewireEnergyNaturalResources2013.pdf,https://www.vonwobeser.com/index.php/abogado?l=147,legacy_id,7004c01c-9360-4aa5-b0c4-f7afee0e8918,edmond-grieger-corporate-livewire-tendencias-en-la-generacion-de-energia-renovab,384,true,2013-07-01,match,match,match,similar,not_applicable,match,correcto,1,match,https://www.vonwobeser.com/news/edmond-grieger-corporate-livewire-tendencias-en-la-generacion-de-energia-renovab,true,true,0,
es:386,es,386,387,https://www.vonwobeser.com/index.php/publicaciones/articulos?start=110,https://www.vonwobeser.com/index.php/publicacion?p_id=386,200,https://www.vonwobeser.com/index.php/publicacion?p_id=386,"Julio, 2013",2013-07,month,Von Wobeser y Sierra - Diego Sierra / Practical Law - Tribunal Colegiado Mexicano autoriza la ejecución de una medida cautelar otorgada por un Tribunal Arbitral ex parte,"Von Wobeser y Sierra S.C. es una de las principales firmas de derecho mexicano que ofrece soluciones legales de servicio completo. Se compone de más de 30 diferentes áreas de práctica, incluyendo escritorios especializados con una lista fuerte de clientes internacionales y nacionales.",,,,,Diego Sierra / Practical Law - Tribunal Colegiado Mexicano autoriza la ejecución de una medida cautelar otorgada por un Tribunal Arbitral ex parte,div,5dd9f49f36f6bdf45241eb28b5659fe4090da3e41ce0eb72678f8d0301709b41,e3b0c44298fc1c149afbf4c8996fb92427ae41e4649b934ca495991b7852b855,false,https://www.vonwobeser.com/images/PDF_news/2015/70Mexicancourtallowsenforcementofarbitraltribunal.pdf,https://www.vonwobeser.com/index.php/abogado?l=149,legacy_id,f806bef2-7755-46bb-ab21-31795e951a5b,diego-sierra-practical-law-tribunal-colegiado-mexicano-autoriza-la-ejecucion-de-,386,true,2013-07-01,match,match,match,similar,not_applicable,match,correcto,1,match,https://www.vonwobeser.com/news/diego-sierra-practical-law-tribunal-colegiado-mexicano-autoriza-la-ejecucion-de-,true,true,0,
es:388,es,388,389,https://www.vonwobeser.com/index.php/publicaciones/articulos?start=110,https://www.vonwobeser.com/index.php/publicacion?p_id=388,200,https://www.vonwobeser.com/index.php/publicacion?p_id=388,"Junio, 2013",2013-06,month,Von Wobeser y Sierra - Diego Sierra - Praxis - Mejores Prácticas Cumplimiento anticorrupción,"Von Wobeser y Sierra S.C. es una de las principales firmas de derecho mexicano que ofrece soluciones legales de servicio completo. Se compone de más de 30 diferentes áreas de práctica, incluyendo escritorios especializados con una lista fuerte de clientes internacionales y nacionales.",,,,,Diego Sierra - Praxis - Mejores Prácticas Cumplimiento anticorrupción,div,b438efef3261e459de6c4a07d4e5d1be6b935ade1f5ddcb330177261e091308c,0feb89fc8d46c174462c83e54838bb1cc9725de9887d8eec330124f7765d0cbb,false,https://www.vonwobeser.com/images/PDF_news/2015/69PraxisMejoresPracticasDiegoSierra.pdf,https://www.vonwobeser.com/index.php/abogado?l=149,legacy_id,c031c431-9398-49ec-abca-3c236f73e067,diego-sierra-praxis-mejores-practicas-cumplimiento-anticorrupcion,388,true,2013-06-01,match,match,similar,similar,not_applicable,match,correcto,1,match,https://www.vonwobeser.com/news/diego-sierra-praxis-mejores-practicas-cumplimiento-anticorrupcion,true,true,0,
es:390,es,390,391,https://www.vonwobeser.com/index.php/publicaciones/articulos?start=110,https://www.vonwobeser.com/index.php/publicacion?p_id=390,200,https://www.vonwobeser.com/index.php/publicacion?p_id=390,"Mayo, 2013",2013-05,month,"Von Wobeser y Sierra - Ivan J. Romo - ABI Young & New Members Committee Newsletter, May 2013; La insolvencia como un pre-requisito para solicitar un Concurso Mercantil en México","Von Wobeser y Sierra S.C. es una de las principales firmas de derecho mexicano que ofrece soluciones legales de servicio completo. Se compone de más de 30 diferentes áreas de práctica, incluyendo escritorios especializados con una lista fuerte de clientes internacionales y nacionales.",,,,,"Ivan J. Romo - ABI Young & New Members Committee Newsletter, May 2013; La insolvencia como un pre-requisito para solicitar un Concurso Mercantil en México",div,77704bf15eee7685fa6780645cb378a53a86b909d8f579319aa5ab6328845e01,e3b0c44298fc1c149afbf4c8996fb92427ae41e4649b934ca495991b7852b855,false,https://www.vonwobeser.com/images/PDF_news/2015/68InsolvencyasaPrerequisiteforfilingaBankruptcyProcedureinMexico.pdf,,legacy_id,9147f46d-62c9-42a5-8a5c-9c1beef3189a,ivan-j-romo-abi-young-new-members-committee-newsletter-may-2013-la-insolvencia-c,390,true,2013-05-01,match,match,match,similar,not_applicable,match,correcto,1,match,https://www.vonwobeser.com/news/ivan-j-romo-abi-young-new-members-committee-newsletter-may-2013-la-insolvencia-c,true,true,0,
es:392,es,392,393,https://www.vonwobeser.com/index.php/publicaciones/articulos?start=110,https://www.vonwobeser.com/index.php/publicacion?p_id=392,200,https://www.vonwobeser.com/index.php/publicacion?p_id=392,"Mayo, 2013",2013-05,month,Von Wobeser y Sierra - Victor Ruiz - ICC International Court of Arbitration Bulletin; Recepción de pruebas en Latinoamérica: Algunas observaciones sobre prácticas locales y uso de las reglas de la IBA,"Von Wobeser y Sierra S.C. es una de las principales firmas de derecho mexicano que ofrece soluciones legales de servicio completo. Se compone de más de 30 diferentes áreas de práctica, incluyendo escritorios especializados con una lista fuerte de clientes internacionales y nacionales.",,,,,Victor Ruiz - ICC International Court of Arbitration Bulletin; Recepción de pruebas en Latinoamérica: Algunas observaciones sobre prácticas locales y uso de las reglas de la IBA,div,761078b516b444abf3f4376e84be59441c38431dd3ff8030362bf1d1bb915994,e3b0c44298fc1c149afbf4c8996fb92427ae41e4649b934ca495991b7852b855,false,https://www.vonwobeser.com/images/PDF_news/2015/67_ICC_International_Court_of_Arbitration_Bulletin-Taking_Evidence_in_Latin_America.pdf,,legacy_id,fad134e4-e8f4-421f-aff1-6d8a804f68c6,victor-ruiz-icc-international-court-of-arbitration-bulletin-recepcion-de-pruebas,392,true,2013-05-01,match,match,match,similar,not_applicable,match,correcto,1,match,https://www.vonwobeser.com/news/victor-ruiz-icc-international-court-of-arbitration-bulletin-recepcion-de-pruebas,true,true,0,
es:394,es,394,395,https://www.vonwobeser.com/index.php/publicaciones/articulos?start=110,https://www.vonwobeser.com/index.php/publicacion?p_id=394,200,https://www.vonwobeser.com/index.php/publicacion?p_id=394,"Marzo, 2013",2013-03,month,"Von Wobeser y Sierra - Claus Von Wobeser - Expert Guides, Commercial Arbitration - La Evolución del Arbitraje Legal en México","Von Wobeser y Sierra S.C. es una de las principales firmas de derecho mexicano que ofrece soluciones legales de servicio completo. Se compone de más de 30 diferentes áreas de práctica, incluyendo escritorios especializados con una lista fuerte de clientes internacionales y nacionales.",,,,,"Claus Von Wobeser - Expert Guides, Commercial Arbitration - La Evolución del Arbitraje Legal en México",div,8f308c4527724d92d3b9f13a21cb180fe28cfe7aa5f780ad070ec1c65ec74db0,e3b0c44298fc1c149afbf4c8996fb92427ae41e4649b934ca495991b7852b855,false,https://www.vonwobeser.com/images/PDF_news/2015/65_Expert_Guides_-_Evolution_of_Mexican_Arbitration_Law.pdf,https://www.vonwobeser.com/index.php/abogado?l=134,legacy_id,901a9142-7435-4545-b4a8-badb8a371de2,claus-von-wobeser-expert-guides-commercial-arbitration-la-evolucion-del-arbitraj,394,true,2013-03-01,match,match,match,similar,not_applicable,match,correcto,1,match,https://www.vonwobeser.com/news/claus-von-wobeser-expert-guides-commercial-arbitration-la-evolucion-del-arbitraj,true,true,0,
es:396,es,396,397,https://www.vonwobeser.com/index.php/publicaciones/articulos?start=110,https://www.vonwobeser.com/index.php/publicacion?p_id=396,200,https://www.vonwobeser.com/index.php/publicacion?p_id=396,"Febrero, 2013",2013-02,month,"Von Wobeser y Sierra - Andrés Nieto , Maike Pröhl - International Law Office, Lanzamiento de ofertas públicas de adquisición forzosa","Von Wobeser y Sierra S.C. es una de las principales firmas de derecho mexicano que ofrece soluciones legales de servicio completo. Se compone de más de 30 diferentes áreas de práctica, incluyendo escritorios especializados con una lista fuerte de clientes internacionales y nacionales.",,,,,"Andrés Nieto , Maike Pröhl - International Law Office, Lanzamiento de ofertas públicas de adquisición forzosa",div,4b13ccad738c09d2561454af8e072f8a7db513287d5fb9849cb5c0b37d94a391,e3b0c44298fc1c149afbf4c8996fb92427ae41e4649b934ca495991b7852b855,false,https://www.vonwobeser.com/images/PDF_news/2015/63_ILO_-_Launching_mandatory_tender_offers.pdf,,legacy_id,a89689ab-74ec-4b7b-ac9f-1e20d6ed76e5,andres-nieto-maike-prohl-international-law-office-lanzamiento-de-ofertas-publica,396,true,2013-02-01,match,match,match,similar,not_applicable,match,correcto,1,match,https://www.vonwobeser.com/news/andres-nieto-maike-prohl-international-law-office-lanzamiento-de-ofertas-publica,true,true,0,
es:398,es,398,399,https://www.vonwobeser.com/index.php/publicaciones/articulos?start=110,https://www.vonwobeser.com/index.php/publicacion?p_id=398,200,https://www.vonwobeser.com/index.php/publicacion?p_id=398,"Enero, 2013",2013-01,month,"Von Wobeser y Sierra - Diego Sierra , Andrea Rivera - PLC Arbitration Multi-jurisdictional correo mensual: La Suprema Corte de Justicia de la Nación analiza “orden público” como causal para anular un laudo arbitral","Von Wobeser y Sierra S.C. es una de las principales firmas de derecho mexicano que ofrece soluciones legales de servicio completo. Se compone de más de 30 diferentes áreas de práctica, incluyendo escritorios especializados con una lista fuerte de clientes internacionales y nacionales.",,,,,"Diego Sierra , Andrea Rivera - PLC Arbitration Multi-jurisdictional correo mensual: La Suprema Corte de Justicia de la Nación analiza “orden público” como causal para anular un laudo arbitral",div,58cf3ac66b799ad8d9e951e8561c1796d23b208a8dccf258eea85a15302f5614,e3b0c44298fc1c149afbf4c8996fb92427ae41e4649b934ca495991b7852b855,false,https://www.vonwobeser.com/images/PDF_news/2015/62_PLC_Mexico_Supreme_Court_of_Justice_rules_on_Public_Policy_grounds_to_set_aside_award.pdf,https://www.vonwobeser.com/index.php/abogado?l=149,legacy_id,0d20b0ed-911d-4a9f-888d-04e39b04a1b3,diego-sierra-andrea-rivera-plc-arbitration-multi-jurisdictional-correo-mensual-l,398,true,2013-01-01,match,match,match,similar,not_applicable,match,correcto,1,match,https://www.vonwobeser.com/news/diego-sierra-andrea-rivera-plc-arbitration-multi-jurisdictional-correo-mensual-l,true,true,0,
es:400,es,400,401,https://www.vonwobeser.com/index.php/publicaciones/articulos?start=110,https://www.vonwobeser.com/index.php/publicacion?p_id=400,200,https://www.vonwobeser.com/index.php/publicacion?p_id=400,"Enero, 2013",2013-01,month,"Von Wobeser y Sierra - Edmond Grieger - Corporate Livewire, Mesa Redonda: Energía y Recursos Naturales","Von Wobeser y Sierra S.C. es una de las principales firmas de derecho mexicano que ofrece soluciones legales de servicio completo. Se compone de más de 30 diferentes áreas de práctica, incluyendo escritorios especializados con una lista fuerte de clientes internacionales y nacionales.",,,,,"Edmond Grieger - Corporate Livewire, Mesa Redonda: Energía y Recursos Naturales",div,413ebcd3684ac5e5a0b475fa913a6345c3e0662f40c4ec703caefb45e076176f,e3b0c44298fc1c149afbf4c8996fb92427ae41e4649b934ca495991b7852b855,false,https://www.vonwobeser.com/images/PDF_news/2015/61_CorporateLivewire_Energy_and_Natural_Rec.pdf,https://www.vonwobeser.com/index.php/abogado?l=147,legacy_id,a8427e0f-7f6f-4478-9e82-547ee62563d9,edmond-grieger-corporate-livewire-mesa-redonda-energia-y-recursos-naturales-2,400,true,2013-01-01,match,match,match,similar,not_applicable,match,correcto,1,match,https://www.vonwobeser.com/news/edmond-grieger-corporate-livewire-mesa-redonda-energia-y-recursos-naturales-2,true,true,0,
es:402,es,402,403,https://www.vonwobeser.com/index.php/publicaciones/articulos?start=110,https://www.vonwobeser.com/index.php/publicacion?p_id=402,200,https://www.vonwobeser.com/index.php/publicacion?p_id=402,"Enero, 2013",2013-01,month,"Von Wobeser y Sierra - Jorge Ricardo Díaz Carvajal - International Law Office, Consideraciones fiscales relacionadas a fusiones y adquisiciones en México","Von Wobeser y Sierra S.C. es una de las principales firmas de derecho mexicano que ofrece soluciones legales de servicio completo. Se compone de más de 30 diferentes áreas de práctica, incluyendo escritorios especializados con una lista fuerte de clientes internacionales y nacionales.",,,,,"Jorge Ricardo Díaz Carvajal - International Law Office, Consideraciones fiscales relacionadas a fusiones y adquisiciones en México",div,b3659c9f76971543f299fefc15e6f12b8e8f7d5da59317de2c7efb75fcbba888,e3b0c44298fc1c149afbf4c8996fb92427ae41e4649b934ca495991b7852b855,false,https://www.vonwobeser.com/images/PDF_news/2015/Tax_considerations_in_MA_transactions.pdf,,legacy_id,23189387-71f5-4830-a31b-3864f2dfa9aa,jorge-ricardo-diaz-carvajal-international-law-office-consideraciones-fiscales-re,402,true,2013-01-01,match,match,match,similar,not_applicable,match,correcto,1,match,https://www.vonwobeser.com/news/jorge-ricardo-diaz-carvajal-international-law-office-consideraciones-fiscales-re,true,true,0,
es:404,es,404,405,https://www.vonwobeser.com/index.php/publicaciones/articulos?start=110,https://www.vonwobeser.com/index.php/publicacion?p_id=404,200,https://www.vonwobeser.com/index.php/publicacion?p_id=404,"Enero, 2013",2013-01,month,"Von Wobeser y Sierra - Edmond Grieger, Virginia Cornett - World Financier, Referencia Global: Infraestructura y Financiamiento de Proyectos","Von Wobeser y Sierra S.C. es una de las principales firmas de derecho mexicano que ofrece soluciones legales de servicio completo. Se compone de más de 30 diferentes áreas de práctica, incluyendo escritorios especializados con una lista fuerte de clientes internacionales y nacionales.",,,,,"Edmond Grieger, Virginia Cornett - World Financier, Referencia Global: Infraestructura y Financiamiento de Proyectos",div,4485f00c0dad2b5471ded09e2221a8a9df315dc3226230ae4a10f9d86c781486,e3b0c44298fc1c149afbf4c8996fb92427ae41e4649b934ca495991b7852b855,false,https://www.vonwobeser.com/images/PDF_news/PDF_articles/2013/30_GRG_Infrastructure_rkd493_1.pdf,https://www.vonwobeser.com/index.php/abogado?l=147 | https://www.vonwobeser.com/index.php/abogado?l=161,legacy_id,33e605cc-b994-42a3-b05a-d2c6962e75a1,edmond-grieger-virginia-cornett-world-financier-referencia-global-infraestructur,404,true,2013-01-01,match,match,match,similar,not_applicable,match,correcto,1,match,https://www.vonwobeser.com/news/edmond-grieger-virginia-cornett-world-financier-referencia-global-infraestructur,true,true,0,
es:406,es,406,407,https://www.vonwobeser.com/index.php/publicaciones/articulos?start=120,https://www.vonwobeser.com/index.php/publicacion?p_id=406,200,https://www.vonwobeser.com/index.php/publicacion?p_id=406,"Enero, 2013",2013-01,month,"Von Wobeser y Sierra - Luis Miguel Jiménez , Lourdes Salazar - International Law Office, Implicaciones en materia de Comercio Exterior derivadas de Fusiones y Adquisiciones","Von Wobeser y Sierra S.C. es una de las principales firmas de derecho mexicano que ofrece soluciones legales de servicio completo. Se compone de más de 30 diferentes áreas de práctica, incluyendo escritorios especializados con una lista fuerte de clientes internacionales y nacionales.",,,,,"Luis Miguel Jiménez , Lourdes Salazar - International Law Office, Implicaciones en materia de Comercio Exterior derivadas de Fusiones y Adquisiciones",div,e551da8907bc1376bf26f2565f41b5346faed0a99df92c97ec863f12ff6ea5f3,e3b0c44298fc1c149afbf4c8996fb92427ae41e4649b934ca495991b7852b855,false,https://www.vonwobeser.com/images/PDF_news/2015/56_ILO_Foreign_trade_implications_of_MA_transactions.pdf,https://www.vonwobeser.com/index.php/abogado?l=143,verified_language_counterpart,c456eb8b-ee6c-4bb8-ad65-4636a649c8f2,luis-miguel-jimenez-lourdes-salazar-international-law-office-foreign-trade-impli,407,true,2013-01-01,match,similar,different,different,not_applicable,match,correcto,1,match,https://www.vonwobeser.com/news/luis-miguel-jimenez-lourdes-salazar-international-law-office-foreign-trade-impli,true,true,0,TITLE_SIMILAR | CONTENT_DIFFERENT
es:410,es,410,411,https://www.vonwobeser.com/index.php/publicaciones/articulos?start=120,https://www.vonwobeser.com/index.php/publicacion?p_id=410,200,https://www.vonwobeser.com/index.php/publicacion?p_id=410,"Diciembre, 2012",2012-12,month,"Von Wobeser y Sierra - Luis Miguel Jiménez , Iván Romo - Derecho Concursal, Obra Jurídica Enciclopédica, Escuela Libre de Derecho","Von Wobeser y Sierra S.C. es una de las principales firmas de derecho mexicano que ofrece soluciones legales de servicio completo. Se compone de más de 30 diferentes áreas de práctica, incluyendo escritorios especializados con una lista fuerte de clientes internacionales y nacionales.",,,,,"Luis Miguel Jiménez , Iván Romo - Derecho Concursal, Obra Jurídica Enciclopédica, Escuela Libre de Derecho",div,bb9b0c1d94a10b5ce64cd6ccd9dc1d1614ad081abfe60af371619236e246fd7f,e3b0c44298fc1c149afbf4c8996fb92427ae41e4649b934ca495991b7852b855,false,https://www.vonwobeser.com/images/PDF_news/2015/55-Derecho-Concursal-Escuela-Libre-de-Derecho.pdf,https://www.vonwobeser.com/index.php/abogado?l=143,legacy_id,414a0d8d-7d5f-488f-9bb0-bf909240533b,luis-miguel-jimenez-ivan-romo-derecho-concursal-obra-juridica-enciclopedica-escu,410,true,2012-12-01,match,match,match,similar,not_applicable,match,correcto,1,match,https://www.vonwobeser.com/news/luis-miguel-jimenez-ivan-romo-derecho-concursal-obra-juridica-enciclopedica-escu,true,true,0,
es:412,es,412,413,https://www.vonwobeser.com/index.php/publicaciones/articulos?start=120,https://www.vonwobeser.com/index.php/publicacion?p_id=412,200,https://www.vonwobeser.com/index.php/publicacion?p_id=412,"Diciembre, 2012",2012-12,month,"Von Wobeser y Sierra - Edmond Grieger - International Law Office, Responsabilidad ambiental en transacciones de fusiones y adquisiciones","Von Wobeser y Sierra S.C. es una de las principales firmas de derecho mexicano que ofrece soluciones legales de servicio completo. Se compone de más de 30 diferentes áreas de práctica, incluyendo escritorios especializados con una lista fuerte de clientes internacionales y nacionales.",,,,,"Edmond Grieger - International Law Office, Responsabilidad ambiental en transacciones de fusiones y adquisiciones",div,a205c9d0e52666572c41d11adca7a8207987069cebca64dbad9a1d95033b9519,e3b0c44298fc1c149afbf4c8996fb92427ae41e4649b934ca495991b7852b855,false,https://www.vonwobeser.com/images/PDF_news/2015/54_ConsideringenvironmentalliabilitesinMAtransactionsInternationalLawOffice1.pdf,https://www.vonwobeser.com/index.php/abogado?l=147,legacy_id,6bef4acd-d253-4768-abec-840eb962329e,edmond-grieger-international-law-office-responsabilidad-ambiental-en-transaccion,412,true,2012-12-01,match,match,match,similar,not_applicable,match,correcto,1,match,https://www.vonwobeser.com/news/edmond-grieger-international-law-office-responsabilidad-ambiental-en-transaccion,true,true,0,
es:414,es,414,415,https://www.vonwobeser.com/index.php/publicaciones/articulos?start=120,https://www.vonwobeser.com/index.php/publicacion?p_id=414,200,https://www.vonwobeser.com/index.php/publicacion?p_id=414,"Diciembre, 2012",2012-12,month,"Von Wobeser y Sierra - Victor Ruiz - Diego Sierra - PLC Arbitration Multi-Jurisdicitonal, La Suprema Corte de Justicia mexicana reconoce que los tribunales arbitrales tiene las más amplias facultades","Von Wobeser y Sierra S.C. es una de las principales firmas de derecho mexicano que ofrece soluciones legales de servicio completo. Se compone de más de 30 diferentes áreas de práctica, incluyendo escritorios especializados con una lista fuerte de clientes internacionales y nacionales.",,,,,"Victor Ruiz - Diego Sierra - PLC Arbitration Multi-Jurisdicitonal, La Suprema Corte de Justicia mexicana reconoce que los tribunales arbitrales tiene las más amplias facultades",div,843f507bf61e0ff042fbebace96861faf4aa065db5375e96f0220ad4fbc1513e,e3b0c44298fc1c149afbf4c8996fb92427ae41e4649b934ca495991b7852b855,false,https://www.vonwobeser.com/images/PDF_news/2015/52_PLC_Arbitration_Multi_Jurisdictional_mthly_email_Mexico_Superme_Courts_Shows_deference_towards_arbitral_tribunal_s.pdf,https://www.vonwobeser.com/index.php/abogado?l=149,legacy_id,b8d64884-a884-4fe5-a20b-b8518e4711c7,victor-ruiz-diego-sierra-plc-arbitration-multi-jurisdicitonal-la-suprema-corte-d,414,true,2012-12-01,match,match,match,similar,not_applicable,match,correcto,1,match,https://www.vonwobeser.com/news/victor-ruiz-diego-sierra-plc-arbitration-multi-jurisdicitonal-la-suprema-corte-d,true,true,0,
es:418,es,418,419,https://www.vonwobeser.com/index.php/publicaciones/articulos?start=120,https://www.vonwobeser.com/index.php/publicacion?p_id=418,200,https://www.vonwobeser.com/index.php/publicacion?p_id=418,"Noviembre, 2012",2012-11,month,"Von Wobeser y Sierra - Claus von Wobeser - Latin American Arbitration & Investment ,Protecciones de Inversión en Latinoamérica","Von Wobeser y Sierra S.C. es una de las principales firmas de derecho mexicano que ofrece soluciones legales de servicio completo. Se compone de más de 30 diferentes áreas de práctica, incluyendo escritorios especializados con una lista fuerte de clientes internacionales y nacionales.",,,,,"Claus von Wobeser - Latin American Arbitration & Investment ,Protecciones de Inversión en Latinoamérica",div,5705d2d1e30af215b5d91cb0e9cead4f63a662fa00dc29b508b7bccb227ca813,e3b0c44298fc1c149afbf4c8996fb92427ae41e4649b934ca495991b7852b855,false,,https://www.vonwobeser.com/index.php/abogado?l=134,legacy_id,e39dddeb-b6ff-4003-81ab-28246cc66b31,claus-von-wobeser-latin-american-arbitration-investment-protecciones-de-inversio,418,true,2012-11-01,match,match,match,match,not_applicable,match,correcto,1,match,https://www.vonwobeser.com/news/claus-von-wobeser-latin-american-arbitration-investment-protecciones-de-inversio,true,true,0,
es:420,es,420,421,https://www.vonwobeser.com/index.php/publicaciones/articulos?start=120,https://www.vonwobeser.com/index.php/publicacion?p_id=420,200,https://www.vonwobeser.com/index.php/publicacion?p_id=420,"Agosto, 2012",2012-08,month,"Von Wobeser y Sierra - Claus von Wobeser, Fernando Carreño, Andrés Nieto, José Palomar - The Law Review: International Investigations 2nda Edición","Von Wobeser y Sierra S.C. es una de las principales firmas de derecho mexicano que ofrece soluciones legales de servicio completo. Se compone de más de 30 diferentes áreas de práctica, incluyendo escritorios especializados con una lista fuerte de clientes internacionales y nacionales.",,,,,"Claus von Wobeser, Fernando Carreño, Andrés Nieto, José Palomar - The Law Review: International Investigations 2nda Edición",div,809039da164687ad1c3addc2b59661e5c64af2eb2d1feb9bda1847e37d57bf64,e3b0c44298fc1c149afbf4c8996fb92427ae41e4649b934ca495991b7852b855,false,https://www.vonwobeser.com/images/PDF_news/2015/9.2-The-International-Investigations-Review.pdf,https://www.vonwobeser.com/index.php/abogado?l=134 | https://www.vonwobeser.com/index.php/abogado?l=145,legacy_id,51d2a41c-dfee-435b-88b5-c559093d9980,claus-von-wobeser-fernando-carreno-andres-nieto-jose-palomar-the-law-review-inte-2,420,true,2012-08-01,match,match,match,similar,not_applicable,match,correcto,1,match,https://www.vonwobeser.com/news/claus-von-wobeser-fernando-carreno-andres-nieto-jose-palomar-the-law-review-inte-2,true,true,0,
es:423,es,423,424,https://www.vonwobeser.com/index.php/publicaciones/articulos?start=120,https://www.vonwobeser.com/index.php/publicacion?p_id=423,200,https://www.vonwobeser.com/index.php/publicacion?p_id=423,"Julio, 2012",2012-07,month,"Von Wobeser y Sierra - Fernando Carreño , José Palomar - The Antitrust Review of the Americas, Resumen de México en Competencia Económica","Von Wobeser y Sierra S.C. es una de las principales firmas de derecho mexicano que ofrece soluciones legales de servicio completo. Se compone de más de 30 diferentes áreas de práctica, incluyendo escritorios especializados con una lista fuerte de clientes internacionales y nacionales.",,,,,"Fernando Carreño , José Palomar - The Antitrust Review of the Americas, Resumen de México en Competencia Económica",div,f655abc09b737e1899f45669d72ed77b695e2bd4d5dafb07c5129f9ef7bead49,e3b0c44298fc1c149afbf4c8996fb92427ae41e4649b934ca495991b7852b855,false,https://www.vonwobeser.com/images/PDF_news/2015/8-The-Antitrust-Review-of-the-Americas.pdf,https://www.vonwobeser.com/index.php/abogado?l=145,legacy_id,a4d20ecf-585f-47f6-b42a-5c6c9a7d4b8d,fernando-carreno-jose-palomar-the-antitrust-review-of-the-americas-resumen-de-me,423,true,2012-07-01,match,match,match,similar,not_applicable,match,correcto,1,match,https://www.vonwobeser.com/news/fernando-carreno-jose-palomar-the-antitrust-review-of-the-americas-resumen-de-me,true,true,0,
es:425,es,425,426,https://www.vonwobeser.com/index.php/publicaciones/articulos?start=120,https://www.vonwobeser.com/index.php/publicacion?p_id=425,200,https://www.vonwobeser.com/index.php/publicacion?p_id=425,"Julio, 2012",2012-07,month,"Von Wobeser y Sierra - Andrés Nieto - Practical Law Company- Fondos de Inversión, México","Von Wobeser y Sierra S.C. es una de las principales firmas de derecho mexicano que ofrece soluciones legales de servicio completo. Se compone de más de 30 diferentes áreas de práctica, incluyendo escritorios especializados con una lista fuerte de clientes internacionales y nacionales.",,,,,"Andrés Nieto - Practical Law Company- Fondos de Inversión, México",div,af8ad3eb14778294318fc86288362dadede6663cb91f2bcf33e22a78f437790b,e3b0c44298fc1c149afbf4c8996fb92427ae41e4649b934ca495991b7852b855,false,https://www.vonwobeser.com/images/PDF_news/2015/7_PLC_Investment_Funds.pdf,,legacy_id,7e4cf758-0597-446d-b3af-4784cc2831c0,andres-nieto-practical-law-company-fondos-de-inversion-mexico,425,true,2012-07-01,match,match,match,similar,not_applicable,match,correcto,1,match,https://www.vonwobeser.com/news/andres-nieto-practical-law-company-fondos-de-inversion-mexico,true,true,0,
es:427,es,427,428,https://www.vonwobeser.com/index.php/publicaciones/articulos?start=120,https://www.vonwobeser.com/index.php/publicacion?p_id=427,200,https://www.vonwobeser.com/index.php/publicacion?p_id=427,"Julio, 2012",2012-07,month,"Von Wobeser y Sierra - Fernando Carreño - José Palomar. - Practical Law Company, Cartel Leniency, México","Von Wobeser y Sierra S.C. es una de las principales firmas de derecho mexicano que ofrece soluciones legales de servicio completo. Se compone de más de 30 diferentes áreas de práctica, incluyendo escritorios especializados con una lista fuerte de clientes internacionales y nacionales.",,,,,"Fernando Carreño - José Palomar. - Practical Law Company, Cartel Leniency, México",div,3f7fe0a137250f4b85a2cf3fd13a52d5433318389423e58c1cd43384f401233d,e3b0c44298fc1c149afbf4c8996fb92427ae41e4649b934ca495991b7852b855,false,https://www.vonwobeser.com/images/PDF_news/2015/6_PLC_Cartel_Leniency.pdf,https://www.vonwobeser.com/index.php/abogado?l=145,legacy_id,ec286eb9-8ebe-4532-948a-bfb78636e54a,fernando-carreno-jose-palomar-practical-law-company-cartel-leniency-mexico,427,true,2012-07-01,match,match,match,similar,not_applicable,match,correcto,1,match,https://www.vonwobeser.com/news/fernando-carreno-jose-palomar-practical-law-company-cartel-leniency-mexico,true,true,0,
es:429,es,429,430,https://www.vonwobeser.com/index.php/publicaciones/articulos?start=120,https://www.vonwobeser.com/index.php/publicacion?p_id=429,200,https://www.vonwobeser.com/index.php/publicacion?p_id=429,"Julio, 2012",2012-07,month,"Von Wobeser y Sierra - Javier Lizardi, Rodolfo Trampe, Jorge Díaz, Carlos López - Pratical Law Company,Outsourcing, México","Von Wobeser y Sierra S.C. es una de las principales firmas de derecho mexicano que ofrece soluciones legales de servicio completo. Se compone de más de 30 diferentes áreas de práctica, incluyendo escritorios especializados con una lista fuerte de clientes internacionales y nacionales.",,,,,"Javier Lizardi, Rodolfo Trampe, Jorge Díaz, Carlos López - Pratical Law Company,Outsourcing, México",div,d7cafbd74143631babb91e63aabf3a2b36b45c7ceb58af3f4bd975d352c371ed,e3b0c44298fc1c149afbf4c8996fb92427ae41e4649b934ca495991b7852b855,false,https://www.vonwobeser.com/images/PDF_news/2015/5-PLC-Outsourcing-Mexico.pdf,https://www.vonwobeser.com/index.php/abogado?l=135,legacy_id,1229a5c7-0220-4558-9233-e51564b13aed,javier-lizardi-rodolfo-trampe-jorge-diaz-carlos-lopez-pratical-law-company-outso,429,true,2012-07-01,match,match,match,similar,not_applicable,match,correcto,1,match,https://www.vonwobeser.com/news/javier-lizardi-rodolfo-trampe-jorge-diaz-carlos-lopez-pratical-law-company-outso,true,true,0,
es:431,es,431,432,https://www.vonwobeser.com/index.php/publicaciones/articulos?start=130,https://www.vonwobeser.com/index.php/publicacion?p_id=431,200,https://www.vonwobeser.com/index.php/publicacion?p_id=431,"Junio, 2012",2012-06,month,"Von Wobeser y Sierra - Edmond Grieger - Corporate Livewire, Tendencias y desarrollo en el mercado mexicano de Enegía Renovable","Von Wobeser y Sierra S.C. es una de las principales firmas de derecho mexicano que ofrece soluciones legales de servicio completo. Se compone de más de 30 diferentes áreas de práctica, incluyendo escritorios especializados con una lista fuerte de clientes internacionales y nacionales.",,,,,"Edmond Grieger - Corporate Livewire, Tendencias y desarrollo en el mercado mexicano de Enegía Renovable",div,27a43be1ffe36b8a53b89b418726d60e9ba5ba85cddf81216b61e43c0de56656,e3b0c44298fc1c149afbf4c8996fb92427ae41e4649b934ca495991b7852b855,false,https://www.vonwobeser.com/images/PDF_news/2015/3_3_Corporate_Livewire_Currents_Trends_y_Expected_Development_in_Mexican_Renewable_Energy_Mkt.pdf,https://www.vonwobeser.com/index.php/abogado?l=147,legacy_id,66804d92-c538-4a40-add9-f18a26e58f0a,edmond-grieger-corporate-livewire-tendencias-y-desarrollo-en-el-mercado-mexicano,431,true,2012-06-01,match,match,match,similar,not_applicable,match,correcto,1,match,https://www.vonwobeser.com/news/edmond-grieger-corporate-livewire-tendencias-y-desarrollo-en-el-mercado-mexicano,true,true,0,
es:437,es,437,383,https://www.vonwobeser.com/index.php/publicaciones/articulos?start=130,https://www.vonwobeser.com/index.php/publicacion?p_id=437,200,https://www.vonwobeser.com/index.php/publicacion?p_id=437,"Mayo, 2012",2012-05,month,"Von Wobeser y Sierra - Claus von Wobeser - International Bar Association, IBA Guía de Arbitraje Mexico","Von Wobeser y Sierra S.C. es una de las principales firmas de derecho mexicano que ofrece soluciones legales de servicio completo. Se compone de más de 30 diferentes áreas de práctica, incluyendo escritorios especializados con una lista fuerte de clientes internacionales y nacionales.",,,,,"Claus von Wobeser - International Bar Association, IBA Guía de Arbitraje Mexico",div,0e47277012bbc58ee6ecdaf973926a5dab42e501ba217e20d55b6f1ff8aefcba,e3b0c44298fc1c149afbf4c8996fb92427ae41e4649b934ca495991b7852b855,false,https://www.vonwobeser.com/images/PDF_news/2015/3-IBA-Arbitration-Guide-Mexico.pdf,https://www.vonwobeser.com/index.php/abogado?l=134,legacy_id,f1546dde-d4c9-4247-8ed0-43090f5851e0,claus-von-wobeser-international-bar-association-iba-guia-de-arbitraje-mexico,437,true,2012-05-01,match,match,match,similar,not_applicable,match,correcto,1,match,https://www.vonwobeser.com/news/claus-von-wobeser-international-bar-association-iba-guia-de-arbitraje-mexico,true,true,0,
es:444,es,444,445,https://www.vonwobeser.com/index.php/publicaciones/articulos?start=130,https://www.vonwobeser.com/index.php/publicacion?p_id=444,200,https://www.vonwobeser.com/index.php/publicacion?p_id=444,"Abril, 2012",2012-04,month,"Von Wobeser y Sierra - Luis Burgueño - Practical Law Company, Fusiones y Adquisiciones, México","Von Wobeser y Sierra S.C. es una de las principales firmas de derecho mexicano que ofrece soluciones legales de servicio completo. Se compone de más de 30 diferentes áreas de práctica, incluyendo escritorios especializados con una lista fuerte de clientes internacionales y nacionales.",,,,,"Luis Burgueño - Practical Law Company, Fusiones y Adquisiciones, México",div,405b0bca0c5d74f95d9c11f4dd0382f5027fa812236636a958cf2cef38dac695,e3b0c44298fc1c149afbf4c8996fb92427ae41e4649b934ca495991b7852b855,false,https://www.vonwobeser.com/images/PDF_news/2015/2_2-PLC-Mergers-and-acquisitions-Mexico.pdf,https://www.vonwobeser.com/index.php/abogado?l=141,legacy_id,080b28b7-c35c-49d5-97f0-42fbb7fc8524,luis-burgueno-practical-law-company-fusiones-y-adquisiciones-mexico,444,true,2012-04-01,match,match,match,similar,not_applicable,match,correcto,1,match,https://www.vonwobeser.com/news/luis-burgueno-practical-law-company-fusiones-y-adquisiciones-mexico,true,true,0,
es:446,es,446,447,https://www.vonwobeser.com/index.php/publicaciones/articulos?start=130,https://www.vonwobeser.com/index.php/publicacion?p_id=446,200,https://www.vonwobeser.com/index.php/publicacion?p_id=446,"Febrero, 2012",2012-02,month,Von Wobeser y Sierra - Claus von Wobeser - The European Lawyer Reference Series - Arbitration World 4th Edition Capítulo de México,"Von Wobeser y Sierra S.C. es una de las principales firmas de derecho mexicano que ofrece soluciones legales de servicio completo. Se compone de más de 30 diferentes áreas de práctica, incluyendo escritorios especializados con una lista fuerte de clientes internacionales y nacionales.",,,,,Claus von Wobeser - The European Lawyer Reference Series - Arbitration World 4th Edition Capítulo de México,div,683beeceaa61df0a870507c1a4a95c87b2d6730fdd5dc53296c8f1537242902d,e3b0c44298fc1c149afbf4c8996fb92427ae41e4649b934ca495991b7852b855,false,https://www.vonwobeser.com/images/PDF_news/2015/1.5-The-European-Lawyer-Ref-Series-Arbitration-World-4th-Ed--Mexico.pdf,https://www.vonwobeser.com/index.php/abogado?l=134,legacy_id,650272b6-88d8-43a4-84d5-3b2f8c5f1fcd,claus-von-wobeser-the-european-lawyer-reference-series-arbitration-world-4th-edi-2,446,true,2012-02-01,match,match,match,different,not_applicable,match,correcto,1,match,https://www.vonwobeser.com/news/claus-von-wobeser-the-european-lawyer-reference-series-arbitration-world-4th-edi-2,true,true,0,CONTENT_DIFFERENT
es:450,es,450,451,https://www.vonwobeser.com/index.php/publicaciones/articulos?start=130,https://www.vonwobeser.com/index.php/publicacion?p_id=450,200,https://www.vonwobeser.com/index.php/publicacion?p_id=450,"Enero, 2009",2009-01,month,Von Wobeser y Sierra - Claus Von Wobeser - La Incorporación por Referencia,"Von Wobeser y Sierra S.C. es una de las principales firmas de derecho mexicano que ofrece soluciones legales de servicio completo. Se compone de más de 30 diferentes áreas de práctica, incluyendo escritorios especializados con una lista fuerte de clientes internacionales y nacionales.",,,,,Claus Von Wobeser - La Incorporación por Referencia,div,658fb733b0c93162ab43f16dea5d7aa448373f65b21fb8ca074b0ac2588916b2,03a049dd5fe466cf917f8452776fe7437e9e1f2c0fee3e1a0a779edb30a23ef2,false,https://www.vonwobeser.com/images/PDF_news/2015/PAUTA-58-CVW.pdf,https://www.vonwobeser.com/index.php/abogado?l=134,legacy_id,3c635370-da04-45bd-932b-1bb9ba32c3a3,claus-von-wobeser-la-incorporacion-por-referencia,450,true,2009-01-01,match,match,similar,different,not_applicable,match,correcto,1,match,https://www.vonwobeser.com/news/claus-von-wobeser-la-incorporacion-por-referencia,true,true,0,CONTENT_DIFFERENT
es:458,es,458,457,https://www.vonwobeser.com/index.php/publicaciones/articulos?start=130,https://www.vonwobeser.com/index.php/publicacion?p_id=458,200,https://www.vonwobeser.com/index.php/publicacion?p_id=458,"Enero, 2008",2008-01,month,Von Wobeser y Sierra - Luis Burgueño - La Nueva Estructura Orgánica de la Sociedad Anónima Bursátil,"Von Wobeser y Sierra S.C. es una de las principales firmas de derecho mexicano que ofrece soluciones legales de servicio completo. Se compone de más de 30 diferentes áreas de práctica, incluyendo escritorios especializados con una lista fuerte de clientes internacionales y nacionales.",,,,,Luis Burgueño - La Nueva Estructura Orgánica de la Sociedad Anónima Bursátil,div,fbde7966fe1b3916b3297b5f4bac744cd883381269f931a57e9bc60fdabafe6d,a7ac401ce56e397731fcf0e6e5b77b5d7d9b32ecb0ed515599c4f632f3bddc13,false,,https://www.vonwobeser.com/index.php/abogado?l=141,legacy_id,60623344-906c-43c7-8e69-d2b8a2ba6788,luis-burgueno-la-nueva-estructura-organica-de-la-sociedad-anonima-bursatil,458,true,2008-01-01,match,match,similar,similar,not_applicable,match,correcto,1,match,https://www.vonwobeser.com/news/luis-burgueno-la-nueva-estructura-organica-de-la-sociedad-anonima-bursatil,true,true,0,
es:813,es,813,812,https://www.vonwobeser.com/index.php/publicaciones/articulos?start=130,https://www.vonwobeser.com/index.php/publicacion?p_id=813,200,https://www.vonwobeser.com/index.php/publicacion?p_id=813,"Diciembre, 2007",2007-12,month,"Von Wobeser y Sierra - Luis Burgueño, Patrick Meshoulam , Luis Alberto Pérez - Mexico Toma Dos Medidas Importantes Hacia la Convergencia en Telecomunicaciones","Von Wobeser y Sierra S.C. es una de las principales firmas de derecho mexicano que ofrece soluciones legales de servicio completo. Se compone de más de 30 diferentes áreas de práctica, incluyendo escritorios especializados con una lista fuerte de clientes internacionales y nacionales.",,,,,"Luis Burgueño, Patrick Meshoulam , Luis Alberto Pérez - Mexico Toma Dos Medidas Importantes Hacia la Convergencia en Telecomunicaciones",div,e8b7fe98ab4e0d79a7043b5cf4fa22d70677059f08aa903b5a4143c164733109,4728a7263bed77fd1d9214ef489da37bd84eab9bb65c30e8a0ec4189ecc79916,false,https://www.vonwobeser.com/images/PDF_news/PDF_articles/2017/5-GCR-LBC-Mexico-takes-2-major-steps-2007-37-Mexico-telecoms.pdf,https://www.vonwobeser.com/index.php/abogado?l=141,legacy_id,94c3a762-191d-4afe-8c4f-41c40427aac4,luis-burgueno-patrick-meshoulam-luis-alberto-perez-mexico-toma-dos-medidas-impor,813,true,2007-12-01,match,match,similar,different,not_applicable,match,correcto,1,match,https://www.vonwobeser.com/news/luis-burgueno-patrick-meshoulam-luis-alberto-perez-mexico-toma-dos-medidas-impor,true,true,0,CONTENT_DIFFERENT
es:459,es,459,460,https://www.vonwobeser.com/index.php/publicaciones/articulos?start=130,https://www.vonwobeser.com/index.php/publicacion?p_id=459,200,https://www.vonwobeser.com/index.php/publicacion?p_id=459,"Octubre, 2007",2007-10,month,Von Wobeser y Sierra - Claus Von Wobeser (Revisor) - Técnicas para controlar el tiempo y los costos en el arbitraje,"Von Wobeser y Sierra S.C. es una de las principales firmas de derecho mexicano que ofrece soluciones legales de servicio completo. Se compone de más de 30 diferentes áreas de práctica, incluyendo escritorios especializados con una lista fuerte de clientes internacionales y nacionales.",,,,,Claus Von Wobeser (Revisor) - Técnicas para controlar el tiempo y los costos en el arbitraje,div,5756ad3c0b9364b63072eff0ae7db893aa6e1f821498ef62bbbc8c04a3dfd98a,e3b0c44298fc1c149afbf4c8996fb92427ae41e4649b934ca495991b7852b855,false,https://www.vonwobeser.com/images/PDF_news/2015/pauta-54-CVW.pdf,,legacy_id,84f3600c-c787-4f7a-8eed-ec8512a692f3,claus-von-wobeser-revisor-tecnicas-para-controlar-el-tiempo-y-los-costos-en-el-a,459,true,2007-10-01,match,match,match,similar,not_applicable,match,correcto,1,match,https://www.vonwobeser.com/news/claus-von-wobeser-revisor-tecnicas-para-controlar-el-tiempo-y-los-costos-en-el-a,true,true,0,
es:1569,es,1569,1568,https://www.vonwobeser.com/index.php/publicaciones/articulos?start=130,https://www.vonwobeser.com/index.php/publicacion?p_id=1569,200,https://www.vonwobeser.com/index.php/publicacion?p_id=1569,"Marzo, 2007",2007-03,month,"Von Wobeser y Sierra - Pablo Jiménez, Manuel Galicia, Humberto Pérez-Rocha – Sheppard Mullin - Aspectos Jurídicos Sobre el Capital Privado en México, 2007","Von Wobeser y Sierra S.C. es una de las principales firmas de derecho mexicano que ofrece soluciones legales de servicio completo. Se compone de más de 30 diferentes áreas de práctica, incluyendo escritorios especializados con una lista fuerte de clientes internacionales y nacionales.",,,,,"Pablo Jiménez, Manuel Galicia, Humberto Pérez-Rocha – Sheppard Mullin - Aspectos Jurídicos Sobre el Capital Privado en México, 2007",div,8dff94a45420475c820a063c3337f23b570ce67c74666d7cc5978c6d3292ea4f,e3b0c44298fc1c149afbf4c8996fb92427ae41e4649b934ca495991b7852b855,false,https://www.vonwobeser.com/images/PDF_news/PDF_articles/2021/6-Sheppard-Mullin.pdf,https://www.vonwobeser.com/index.php/abogado?l=323,legacy_id,3d2f6fbf-6429-4077-bc59-1caf1a7537f7,pablo-jimenez-manuel-galicia-humberto-perez-rocha-sheppard-mullin-aspectos-jurid,1569,true,2007-03-01,match,match,match,similar,not_applicable,match,correcto,1,match,https://www.vonwobeser.com/news/pablo-jimenez-manuel-galicia-humberto-perez-rocha-sheppard-mullin-aspectos-jurid,true,true,0,
es:463,es,463,464,https://www.vonwobeser.com/index.php/publicaciones/articulos?start=130,https://www.vonwobeser.com/index.php/publicacion?p_id=463,200,https://www.vonwobeser.com/index.php/publicacion?p_id=463,"Noviembre, 2006",2006-11,month,Von Wobeser y Sierra - Alberto Muerza - Sobre los Problemas Constitucionales y Legales del Cumplimiento de las Sentencias de Amparo,"Von Wobeser y Sierra S.C. es una de las principales firmas de derecho mexicano que ofrece soluciones legales de servicio completo. Se compone de más de 30 diferentes áreas de práctica, incluyendo escritorios especializados con una lista fuerte de clientes internacionales y nacionales.",,,,,Alberto Muerza - Sobre los Problemas Constitucionales y Legales del Cumplimiento de las Sentencias de Amparo,div,7fb070e543cc6c1b0465007c9aaf330175e619a6316b06cbd445af71a5b436d4,1dd75abcc0ec65cd44a3785c58fd213f8e4a36741ed65657386704d34a131557,false,https://www.vonwobeser.com/images/PDF_news/2015/Muerza---cumplimiento-sentencias-amparo.pdf,,legacy_id,367a3660-8a53-42c2-9fa9-e4f6a49c14b1,alberto-muerza-sobre-los-problemas-constitucionales-y-legales-del-cumplimiento-d,463,true,2006-11-01,match,match,similar,similar,not_applicable,match,correcto,1,match,https://www.vonwobeser.com/news/alberto-muerza-sobre-los-problemas-constitucionales-y-legales-del-cumplimiento-d,true,true,0,
es:465,es,465,466,https://www.vonwobeser.com/index.php/publicaciones/articulos?start=140,https://www.vonwobeser.com/index.php/publicacion?p_id=465,200,https://www.vonwobeser.com/index.php/publicacion?p_id=465,"Junio, 2005",2005-06,month,Von Wobeser y Sierra - Luis Burgueño - Comercio Electrónico y la Ley Sobre Firmas Electrónicas,"Von Wobeser y Sierra S.C. es una de las principales firmas de derecho mexicano que ofrece soluciones legales de servicio completo. Se compone de más de 30 diferentes áreas de práctica, incluyendo escritorios especializados con una lista fuerte de clientes internacionales y nacionales.",,,,,Luis Burgueño - Comercio Electrónico y la Ley Sobre Firmas Electrónicas,div,a3eeb0ec2733cc03943ac828f3d5fc6a431edf491c253c512ddb715b7502dd6d,5c87232a9d0da52c49c888ef4a6804fca787908368923591acb19249b6c846d1,false,https://www.vonwobeser.com/images/PDF_news/2015/Chapter-16.pdf,https://www.vonwobeser.com/index.php/abogado?l=141,legacy_id,96e019db-09a3-480e-9f5d-7408d014ee8c,luis-burgueno-comercio-electronico-y-la-ley-sobre-firmas-electronicas,465,true,2005-06-01,match,match,similar,different,not_applicable,match,correcto,1,match,https://www.vonwobeser.com/news/luis-burgueno-comercio-electronico-y-la-ley-sobre-firmas-electronicas,true,true,0,CONTENT_DIFFERENT
es:1567,es,1567,1566,https://www.vonwobeser.com/index.php/publicaciones/articulos?start=140,https://www.vonwobeser.com/index.php/publicacion?p_id=1567,200,https://www.vonwobeser.com/index.php/publicacion?p_id=1567,"Mayo, 2005",2005-05,month,"Von Wobeser y Sierra - Pablo Jiménez - Stanford Law School - Reformulación de los deberes fiduciarios en México: Un paso hacia la funcionalidad, 2005","Von Wobeser y Sierra S.C. es una de las principales firmas de derecho mexicano que ofrece soluciones legales de servicio completo. Se compone de más de 30 diferentes áreas de práctica, incluyendo escritorios especializados con una lista fuerte de clientes internacionales y nacionales.",,,,,"Pablo Jiménez - Stanford Law School - Reformulación de los deberes fiduciarios en México: Un paso hacia la funcionalidad, 2005",div,ff98a613a4288359072684a4c79a349dd4b762ebce35a66e6e432fa4c08855a1,051d80abd028275f31d6382b66c85c141b61b3fd13c979cd59abcd2aa61e171b,false,https://www.vonwobeser.com/images/PDF_news/PDF_articles/2021/7-Stanford-Law-School.pdf,https://www.vonwobeser.com/index.php/abogado?l=323 | https://law.stanford.edu/publications/reshaping-fiduciary-duties-in-mexico-a-step-towards-functionality/,legacy_id,d1983526-22c6-4207-92ff-6277f1f6101c,pablo-jimenez-stanford-law-school-reformulacion-de-los-deberes-fiduciarios-en-me,1567,true,2005-05-01,match,match,match,different,not_applicable,match,correcto,1,match,https://www.vonwobeser.com/news/pablo-jimenez-stanford-law-school-reformulacion-de-los-deberes-fiduciarios-en-me,true,true,0,CONTENT_DIFFERENT
es:1561,es,1561,1560,https://www.vonwobeser.com/index.php/publicaciones/articulos?start=140,https://www.vonwobeser.com/index.php/publicacion?p_id=1561,200,https://www.vonwobeser.com/index.php/publicacion?p_id=1561,"Enero, 2004",2004-01,month,"Von Wobeser y Sierra - Pablo Jiménez – Editorial Porrúa - Ofertas Públicas de Adquisición, 2004","Von Wobeser y Sierra S.C. es una de las principales firmas de derecho mexicano que ofrece soluciones legales de servicio completo. Se compone de más de 30 diferentes áreas de práctica, incluyendo escritorios especializados con una lista fuerte de clientes internacionales y nacionales.",,,,,"Pablo Jiménez – Editorial Porrúa - Ofertas Públicas de Adquisición, 2004",div,99090c00314d6fe7602cfd9e1e0180819a53c63acf6e37b0578f1f78049bc965,d1ff87ce512739b7373f445a5fa6ae2c35ffa0db6220b901072bdadf2766a041,false,,https://www.vonwobeser.com/index.php/abogado?l=323 | https://www.amazon.com/OFERTAS-PUBLICAS-ADQUISICION-JIMENEZ-ZORRILLA/dp/9700751228,legacy_id,777983f6-de58-4fde-b862-a4afe13274d4,pablo-jimenez-editorial-porrua-ofertas-publicas-de-adquisicion-2004,1561,true,2004-01-01,match,match,match,different,not_applicable,match,correcto,1,match,https://www.vonwobeser.com/news/pablo-jimenez-editorial-porrua-ofertas-publicas-de-adquisicion-2004,true,true,0,CONTENT_DIFFERENT
en:1834,en,1834,1833,https://www.vonwobeser.com/index.php/publications/articles,https://www.vonwobeser.com/index.php/publication?p_id=1834,200,https://www.vonwobeser.com/index.php/publication?p_id=1834,"March, 2024",2024-03,month,Von Wobeser y Sierra - Daniela Pons - Nexos - Los empresarios son beneficiarios del combate a la corrupción privada - Mayo 2023.,"Von Wobeser y Sierra S.C. es una de las principales firmas de derecho mexicano que ofrece soluciones legales de servicio completo. Se compone de más de 30 diferentes áreas de práctica, incluyendo escritorios especializados con una lista fuerte de clientes internacionales y nacionales.",,,,,Daniela Pons - Nexos - Los empresarios son beneficiarios del combate a la corrupción privada - Mayo 2023.,div,1f703bf286b642eef15d45b3cba0cf75da34b36d4f62e2a713e0e00eb69b10a1,e3b0c44298fc1c149afbf4c8996fb92427ae41e4649b934ca495991b7852b855,true,,https://www.vonwobeser.com/index.php/lawyer?l=398 | https://anticorrupcion.nexos.com.mx/los-empresarios-son-beneficiarios-del-combate-a-la-corrupcion-privada/,legacy_id,6580f7b1-78af-4c2b-92f8-6db5b067d2d4,daniela-pons-nexos-los-empresarios-son-beneficiarios-del-combate-a-la-corrupcion,1834,true,2024-03-01,match,different,source_only,source_only,match,match,correcto,1,match,https://www.vonwobeser.com/news/daniela-pons-nexos-los-empresarios-son-beneficiarios-del-combate-a-la-corrupcion?lang=en,true,true,0,TITLE_DIFFERENT
en:1832,en,1832,1817,https://www.vonwobeser.com/index.php/publications/articles,https://www.vonwobeser.com/index.php/publication?p_id=1832,200,https://www.vonwobeser.com/index.php/publication?p_id=1832,"March, 2024",2024-03,month,"Von Wobeser y Sierra - Comentarios sobre el Delito de Defraudación Fiscal Equiparada relacionada con el IVA respecto a la consignación del Valor de Actos o Actividades, Thomson Reuters (2015)","Von Wobeser y Sierra S.C. es una de las principales firmas de derecho mexicano que ofrece soluciones legales de servicio completo. Se compone de más de 30 diferentes áreas de práctica, incluyendo escritorios especializados con una lista fuerte de clientes internacionales y nacionales.",,,,,"Comentarios sobre el Delito de Defraudación Fiscal Equiparada relacionada con el IVA respecto a la consignación del Valor de Actos o Actividades, Thomson Reuters (2015)",div,e3b0c44298fc1c149afbf4c8996fb92427ae41e4649b934ca495991b7852b855,e3b0c44298fc1c149afbf4c8996fb92427ae41e4649b934ca495991b7852b855,false,,https://www.vonwobeser.com/index.php/lawyer?l=396,legacy_id,7f630609-6ae8-484d-8fdc-841dd7f45859,comentarios-sobre-el-delito-de-defraudacion-fiscal-equiparada-relacionada-con-el,1832,true,2024-03-01,match,different,not_applicable,not_applicable,different,match,correcto,1,match,https://www.vonwobeser.com/news/comentarios-sobre-el-delito-de-defraudacion-fiscal-equiparada-relacionada-con-el?lang=en,true,true,0,TITLE_DIFFERENT
en:1831,en,1831,1816,https://www.vonwobeser.com/index.php/publications/articles,https://www.vonwobeser.com/index.php/publication?p_id=1831,200,https://www.vonwobeser.com/index.php/publication?p_id=1831,"March, 2024",2024-03,month,"Von Wobeser y Sierra - Prescripción Penal-Fiscal, Thomson Reuters (2015)","Von Wobeser y Sierra S.C. es una de las principales firmas de derecho mexicano que ofrece soluciones legales de servicio completo. Se compone de más de 30 diferentes áreas de práctica, incluyendo escritorios especializados con una lista fuerte de clientes internacionales y nacionales.",,,,,"Prescripción Penal-Fiscal, Thomson Reuters (2015)",div,e3b0c44298fc1c149afbf4c8996fb92427ae41e4649b934ca495991b7852b855,e3b0c44298fc1c149afbf4c8996fb92427ae41e4649b934ca495991b7852b855,false,,https://www.vonwobeser.com/index.php/lawyer?l=396,legacy_id,5c2705c0-34c6-4989-8d05-da918872008a,prescripcion-penal-fiscal-thomson-reuters-2015,1831,true,2024-03-01,match,different,not_applicable,not_applicable,different,match,correcto,1,match,https://www.vonwobeser.com/news/prescripcion-penal-fiscal-thomson-reuters-2015?lang=en,true,true,0,TITLE_DIFFERENT
en:1830,en,1830,1815,https://www.vonwobeser.com/index.php/publications/articles,https://www.vonwobeser.com/index.php/publication?p_id=1830,200,https://www.vonwobeser.com/index.php/publication?p_id=1830,"March, 2024",2024-03,month,"Von Wobeser y Sierra - Política Criminal Contemporánea de la Secretaría de Hacienda y Crédito Público, Thomson Reuters (2015)","Von Wobeser y Sierra S.C. es una de las principales firmas de derecho mexicano que ofrece soluciones legales de servicio completo. Se compone de más de 30 diferentes áreas de práctica, incluyendo escritorios especializados con una lista fuerte de clientes internacionales y nacionales.",,,,,"Política Criminal Contemporánea de la Secretaría de Hacienda y Crédito Público, Thomson Reuters (2015)",div,e3b0c44298fc1c149afbf4c8996fb92427ae41e4649b934ca495991b7852b855,e3b0c44298fc1c149afbf4c8996fb92427ae41e4649b934ca495991b7852b855,false,,https://www.vonwobeser.com/index.php/lawyer?l=396,legacy_id,9e27d552-ebf0-4064-a162-cd029acf4296,politica-criminal-contemporanea-de-la-secretaria-de-hacienda-y-credito-publico-t,1830,true,2024-03-01,match,different,not_applicable,not_applicable,different,match,correcto,1,match,https://www.vonwobeser.com/news/politica-criminal-contemporanea-de-la-secretaria-de-hacienda-y-credito-publico-t?lang=en,true,true,0,TITLE_DIFFERENT
en:1829,en,1829,1814,https://www.vonwobeser.com/index.php/publications/articles,https://www.vonwobeser.com/index.php/publication?p_id=1829,200,https://www.vonwobeser.com/index.php/publication?p_id=1829,"March, 2024",2024-03,month,"Von Wobeser y Sierra - Blockchain y Compliance, Mundo Ejecutivo (2023)","Von Wobeser y Sierra S.C. es una de las principales firmas de derecho mexicano que ofrece soluciones legales de servicio completo. Se compone de más de 30 diferentes áreas de práctica, incluyendo escritorios especializados con una lista fuerte de clientes internacionales y nacionales.",,,,,"Blockchain y Compliance, Mundo Ejecutivo (2023)",div,e3b0c44298fc1c149afbf4c8996fb92427ae41e4649b934ca495991b7852b855,e3b0c44298fc1c149afbf4c8996fb92427ae41e4649b934ca495991b7852b855,false,,https://www.vonwobeser.com/index.php/lawyer?l=396,legacy_id,699c4592-7dc8-4605-8a8a-5397d73752f3,blockchain-y-compliance-mundo-ejecutivo-2023,1829,true,2024-03-01,match,similar,official_missing,not_applicable,different,match,correcto,1,match,https://www.vonwobeser.com/news/blockchain-y-compliance-mundo-ejecutivo-2023?lang=en,true,true,0,TITLE_SIMILAR
en:1828,en,1828,1813,https://www.vonwobeser.com/index.php/publications/articles,https://www.vonwobeser.com/index.php/publication?p_id=1828,200,https://www.vonwobeser.com/index.php/publication?p_id=1828,"March, 2024",2024-03,month,"Von Wobeser y Sierra - La Tokenización de las Cosas, Revista del Ilustre y Nacional Colegio de Abogados de México (2024)","Von Wobeser y Sierra S.C. es una de las principales firmas de derecho mexicano que ofrece soluciones legales de servicio completo. Se compone de más de 30 diferentes áreas de práctica, incluyendo escritorios especializados con una lista fuerte de clientes internacionales y nacionales.",,,,,"La Tokenización de las Cosas, Revista del Ilustre y Nacional Colegio de Abogados de México (2024)",div,e3b0c44298fc1c149afbf4c8996fb92427ae41e4649b934ca495991b7852b855,e3b0c44298fc1c149afbf4c8996fb92427ae41e4649b934ca495991b7852b855,false,,https://www.vonwobeser.com/index.php/lawyer?l=396,legacy_id,8102ea66-237c-4b27-9c62-d1303c8e1a2e,la-tokenizacion-de-las-cosas-revista-del-ilustre-y-nacional-colegio-de-abogados-,1828,true,2024-03-01,match,different,not_applicable,not_applicable,different,match,correcto,1,match,https://www.vonwobeser.com/news/la-tokenizacion-de-las-cosas-revista-del-ilustre-y-nacional-colegio-de-abogados-?lang=en,true,true,0,TITLE_DIFFERENT
en:1827,en,1827,1812,https://www.vonwobeser.com/index.php/publications/articles,https://www.vonwobeser.com/index.php/publication?p_id=1827,200,https://www.vonwobeser.com/index.php/publication?p_id=1827,"March, 2024",2024-03,month,"Von Wobeser y Sierra - El Tratamiento Fiscal de las Criptomonedas, Thomson Reuters (2022)","Von Wobeser y Sierra S.C. es una de las principales firmas de derecho mexicano que ofrece soluciones legales de servicio completo. Se compone de más de 30 diferentes áreas de práctica, incluyendo escritorios especializados con una lista fuerte de clientes internacionales y nacionales.",,,,,"El Tratamiento Fiscal de las Criptomonedas, Thomson Reuters (2022)",div,e3b0c44298fc1c149afbf4c8996fb92427ae41e4649b934ca495991b7852b855,e3b0c44298fc1c149afbf4c8996fb92427ae41e4649b934ca495991b7852b855,false,,https://www.vonwobeser.com/index.php/lawyer?l=396,legacy_id,c3536dab-26fe-49db-9bb4-6dda61b42364,el-tratamiento-fiscal-de-las-criptomonedas-thomson-reuters-2022,1827,true,2024-03-01,match,different,not_applicable,not_applicable,different,match,correcto,1,match,https://www.vonwobeser.com/news/el-tratamiento-fiscal-de-las-criptomonedas-thomson-reuters-2022?lang=en,true,true,0,TITLE_DIFFERENT
en:1826,en,1826,1811,https://www.vonwobeser.com/index.php/publications/articles,https://www.vonwobeser.com/index.php/publication?p_id=1826,200,https://www.vonwobeser.com/index.php/publication?p_id=1826,"March, 2024",2024-03,month,"Von Wobeser y Sierra - Las Criptomonedas y los Esquemas Ponzi, MIT Sloan (2022)","Von Wobeser y Sierra S.C. es una de las principales firmas de derecho mexicano que ofrece soluciones legales de servicio completo. Se compone de más de 30 diferentes áreas de práctica, incluyendo escritorios especializados con una lista fuerte de clientes internacionales y nacionales.",,,,,"Las Criptomonedas y los Esquemas Ponzi, MIT Sloan (2022)",div,e3b0c44298fc1c149afbf4c8996fb92427ae41e4649b934ca495991b7852b855,e3b0c44298fc1c149afbf4c8996fb92427ae41e4649b934ca495991b7852b855,false,,https://www.vonwobeser.com/index.php/lawyer?l=396,legacy_id,7850c41f-7158-45be-8719-36af3a67e5a0,las-criptomonedas-y-los-esquemas-ponzi-mit-sloan-2022,1826,true,2024-03-01,match,different,official_missing,not_applicable,different,match,correcto,1,match,https://www.vonwobeser.com/news/las-criptomonedas-y-los-esquemas-ponzi-mit-sloan-2022?lang=en,true,true,0,TITLE_DIFFERENT
en:1825,en,1825,1810,https://www.vonwobeser.com/index.php/publications/articles,https://www.vonwobeser.com/index.php/publication?p_id=1825,200,https://www.vonwobeser.com/index.php/publication?p_id=1825,"March, 2024",2024-03,month,"Von Wobeser y Sierra - Las Criptomonedas y su Transparente Blockchain, Periódico Milenio (2021)","Von Wobeser y Sierra S.C. es una de las principales firmas de derecho mexicano que ofrece soluciones legales de servicio completo. Se compone de más de 30 diferentes áreas de práctica, incluyendo escritorios especializados con una lista fuerte de clientes internacionales y nacionales.",,,,,"Las Criptomonedas y su Transparente Blockchain, Periódico Milenio (2021)",div,e3b0c44298fc1c149afbf4c8996fb92427ae41e4649b934ca495991b7852b855,e3b0c44298fc1c149afbf4c8996fb92427ae41e4649b934ca495991b7852b855,false,,https://www.vonwobeser.com/index.php/lawyer?l=396,legacy_id,946ef260-8f06-42d3-a1eb-8ad07f99d12b,las-criptomonedas-y-su-transparente-blockchain-periodico-milenio-2021,1825,true,2024-03-01,match,different,official_missing,not_applicable,different,match,correcto,1,match,https://www.vonwobeser.com/news/las-criptomonedas-y-su-transparente-blockchain-periodico-milenio-2021?lang=en,true,true,0,TITLE_DIFFERENT
en:1824,en,1824,1809,https://www.vonwobeser.com/index.php/publications/articles,https://www.vonwobeser.com/index.php/publication?p_id=1824,200,https://www.vonwobeser.com/index.php/publication?p_id=1824,"March, 2024",2024-03,month,"Von Wobeser y Sierra - Responsabilidad Penal de la Empresa y del Abogado, Thomson Reuters (2020)","Von Wobeser y Sierra S.C. es una de las principales firmas de derecho mexicano que ofrece soluciones legales de servicio completo. Se compone de más de 30 diferentes áreas de práctica, incluyendo escritorios especializados con una lista fuerte de clientes internacionales y nacionales.",,,,,"Responsabilidad Penal de la Empresa y del Abogado, Thomson Reuters (2020)",div,e3b0c44298fc1c149afbf4c8996fb92427ae41e4649b934ca495991b7852b855,e3b0c44298fc1c149afbf4c8996fb92427ae41e4649b934ca495991b7852b855,false,,https://www.vonwobeser.com/index.php/lawyer?l=396,legacy_id,6fb84b65-ea03-4500-83c6-2300b3e4b8c8,responsabilidad-penal-de-la-empresa-y-del-abogado-thomson-reuters-2020,1824,true,2024-03-01,match,different,not_applicable,not_applicable,different,match,correcto,1,match,https://www.vonwobeser.com/news/responsabilidad-penal-de-la-empresa-y-del-abogado-thomson-reuters-2020?lang=en,true,true,0,TITLE_DIFFERENT
en:1823,en,1823,1808,https://www.vonwobeser.com/index.php/publications/articles?start=10,https://www.vonwobeser.com/index.php/publication?p_id=1823,200,https://www.vonwobeser.com/index.php/publication?p_id=1823,"March, 2024",2024-03,month,"Von Wobeser y Sierra - El Lavado de Dinero y las Criptomonedas (Segunda parte), Thomson Reuters (2021)","Von Wobeser y Sierra S.C. es una de las principales firmas de derecho mexicano que ofrece soluciones legales de servicio completo. Se compone de más de 30 diferentes áreas de práctica, incluyendo escritorios especializados con una lista fuerte de clientes internacionales y nacionales.",,,,,"El Lavado de Dinero y las Criptomonedas (Segunda parte), Thomson Reuters (2021)",div,e3b0c44298fc1c149afbf4c8996fb92427ae41e4649b934ca495991b7852b855,e3b0c44298fc1c149afbf4c8996fb92427ae41e4649b934ca495991b7852b855,false,,https://www.vonwobeser.com/index.php/lawyer?l=396,legacy_id,5af0619c-2969-4c22-9da9-c71e642e5aea,el-lavado-de-dinero-y-las-criptomonedas-segunda-parte-thomson-reuters-2021,1823,true,2024-03-01,match,different,not_applicable,not_applicable,different,match,correcto,1,match,https://www.vonwobeser.com/news/el-lavado-de-dinero-y-las-criptomonedas-segunda-parte-thomson-reuters-2021?lang=en,true,true,0,TITLE_DIFFERENT
en:1822,en,1822,1807,https://www.vonwobeser.com/index.php/publications/articles?start=10,https://www.vonwobeser.com/index.php/publication?p_id=1822,200,https://www.vonwobeser.com/index.php/publication?p_id=1822,"March, 2024",2024-03,month,"Von Wobeser y Sierra - El Lavado de Dinero y las Criptomonedas (Primera parte), Thomson Reuters (2020)","Von Wobeser y Sierra S.C. es una de las principales firmas de derecho mexicano que ofrece soluciones legales de servicio completo. Se compone de más de 30 diferentes áreas de práctica, incluyendo escritorios especializados con una lista fuerte de clientes internacionales y nacionales.",,,,,"El Lavado de Dinero y las Criptomonedas (Primera parte), Thomson Reuters (2020)",div,e3b0c44298fc1c149afbf4c8996fb92427ae41e4649b934ca495991b7852b855,e3b0c44298fc1c149afbf4c8996fb92427ae41e4649b934ca495991b7852b855,false,,https://www.vonwobeser.com/index.php/lawyer?l=396,legacy_id,1bbe4a2b-5b8c-4996-8005-972706a066b3,el-lavado-de-dinero-y-las-criptomonedas-primera-parte-thomson-reuters-2020,1822,true,2024-03-01,match,different,not_applicable,not_applicable,different,match,correcto,1,match,https://www.vonwobeser.com/news/el-lavado-de-dinero-y-las-criptomonedas-primera-parte-thomson-reuters-2020?lang=en,true,true,0,TITLE_DIFFERENT
en:1821,en,1821,1806,https://www.vonwobeser.com/index.php/publications/articles?start=10,https://www.vonwobeser.com/index.php/publication?p_id=1821,200,https://www.vonwobeser.com/index.php/publication?p_id=1821,"March, 2024",2024-03,month,"Von Wobeser y Sierra - El Concepto de Organización en Delincuencia Organizada y Crímenes de Lesa Humanidad, Todo Penal Internacional (2021)","Von Wobeser y Sierra S.C. es una de las principales firmas de derecho mexicano que ofrece soluciones legales de servicio completo. Se compone de más de 30 diferentes áreas de práctica, incluyendo escritorios especializados con una lista fuerte de clientes internacionales y nacionales.",,,,,"El Concepto de Organización en Delincuencia Organizada y Crímenes de Lesa Humanidad, Todo Penal Internacional (2021)",div,e3b0c44298fc1c149afbf4c8996fb92427ae41e4649b934ca495991b7852b855,e3b0c44298fc1c149afbf4c8996fb92427ae41e4649b934ca495991b7852b855,false,,https://www.vonwobeser.com/index.php/lawyer?l=396,legacy_id,3c16c8ce-56cc-409f-9d04-0fbbf0c82d8f,el-concepto-de-organizacion-en-delincuencia-organizada-y-crimenes-de-lesa-humani,1821,true,2024-03-01,match,different,not_applicable,not_applicable,different,match,correcto,1,match,https://www.vonwobeser.com/news/el-concepto-de-organizacion-en-delincuencia-organizada-y-crimenes-de-lesa-humani?lang=en,true,true,0,TITLE_DIFFERENT
en:1820,en,1820,1805,https://www.vonwobeser.com/index.php/publications/articles?start=10,https://www.vonwobeser.com/index.php/publication?p_id=1820,200,https://www.vonwobeser.com/index.php/publication?p_id=1820,"March, 2024",2024-03,month,"Von Wobeser y Sierra - La Evasión Fiscal: Una forma de Corrupción, Periódico Milenio (2020)","Von Wobeser y Sierra S.C. es una de las principales firmas de derecho mexicano que ofrece soluciones legales de servicio completo. Se compone de más de 30 diferentes áreas de práctica, incluyendo escritorios especializados con una lista fuerte de clientes internacionales y nacionales.",,,,,"La Evasión Fiscal: Una forma de Corrupción, Periódico Milenio (2020)",div,e3b0c44298fc1c149afbf4c8996fb92427ae41e4649b934ca495991b7852b855,e3b0c44298fc1c149afbf4c8996fb92427ae41e4649b934ca495991b7852b855,false,,https://www.vonwobeser.com/index.php/lawyer?l=396,legacy_id,1d21dfdc-915f-4f52-a3ba-cdd0b824cfb0,la-evasion-fiscal-una-forma-de-corrupcion-periodico-milenio-2020,1820,true,2024-03-01,match,different,official_missing,not_applicable,different,match,correcto,1,match,https://www.vonwobeser.com/news/la-evasion-fiscal-una-forma-de-corrupcion-periodico-milenio-2020?lang=en,true,true,0,TITLE_DIFFERENT
en:1819,en,1819,1804,https://www.vonwobeser.com/index.php/publications/articles?start=10,https://www.vonwobeser.com/index.php/publication?p_id=1819,200,https://www.vonwobeser.com/index.php/publication?p_id=1819,"March, 2024",2024-03,month,"Von Wobeser y Sierra - Los Jueces deben pensar en las Víctimas, Periódico Milenio (2020)","Von Wobeser y Sierra S.C. es una de las principales firmas de derecho mexicano que ofrece soluciones legales de servicio completo. Se compone de más de 30 diferentes áreas de práctica, incluyendo escritorios especializados con una lista fuerte de clientes internacionales y nacionales.",,,,,"Los Jueces deben pensar en las Víctimas, Periódico Milenio (2020)",div,e3b0c44298fc1c149afbf4c8996fb92427ae41e4649b934ca495991b7852b855,e3b0c44298fc1c149afbf4c8996fb92427ae41e4649b934ca495991b7852b855,false,,https://www.vonwobeser.com/index.php/lawyer?l=396,legacy_id,b913e9f6-0291-4f7c-8c1a-7f3fd2e92570,los-jueces-deben-pensar-en-las-victimas-periodico-milenio-2020,1819,true,2024-03-01,match,different,official_missing,not_applicable,different,match,correcto,1,match,https://www.vonwobeser.com/news/los-jueces-deben-pensar-en-las-victimas-periodico-milenio-2020?lang=en,true,true,0,TITLE_DIFFERENT
en:1818,en,1818,1803,https://www.vonwobeser.com/index.php/publications/articles?start=10,https://www.vonwobeser.com/index.php/publication?p_id=1818,200,https://www.vonwobeser.com/index.php/publication?p_id=1818,"March, 2024",2024-03,month,"Von Wobeser y Sierra - No hay Crimen Perfecto, Periódico Milenio (2020)","Von Wobeser y Sierra S.C. es una de las principales firmas de derecho mexicano que ofrece soluciones legales de servicio completo. Se compone de más de 30 diferentes áreas de práctica, incluyendo escritorios especializados con una lista fuerte de clientes internacionales y nacionales.",,,,,"No hay Crimen Perfecto, Periódico Milenio (2020)",div,e3b0c44298fc1c149afbf4c8996fb92427ae41e4649b934ca495991b7852b855,e3b0c44298fc1c149afbf4c8996fb92427ae41e4649b934ca495991b7852b855,false,,https://www.vonwobeser.com/index.php/lawyer?l=396,legacy_id,390f09db-d1e4-4bea-b00b-8c61fc4ee911,no-hay-crimen-perfecto-periodico-milenio-2020,1818,true,2024-03-01,match,different,official_missing,not_applicable,different,match,correcto,1,match,https://www.vonwobeser.com/news/no-hay-crimen-perfecto-periodico-milenio-2020?lang=en,true,true,0,TITLE_DIFFERENT
en:1900,en,1900,1899,https://www.vonwobeser.com/index.php/publications/articles?start=10,https://www.vonwobeser.com/index.php/publication?p_id=1900,200,https://www.vonwobeser.com/index.php/publication?p_id=1900,"June, 2023",2023-06,month,Von Wobeser y Sierra - The New Advertising Rules for Prepackaged Foods.,"Von Wobeser y Sierra S.C. es una de las principales firmas de derecho mexicano que ofrece soluciones legales de servicio completo. Se compone de más de 30 diferentes áreas de práctica, incluyendo escritorios especializados con una lista fuerte de clientes internacionales y nacionales.",,,,,The New Advertising Rules for Prepackaged Foods.,div,bec1b866b6371d1ec4b5bbb0c9d135fb3bb7c23172298e7e42873b652a6db7c4,e3b0c44298fc1c149afbf4c8996fb92427ae41e4649b934ca495991b7852b855,true,,https://www.vonwobeser.com/index.php/lawyer?l=344 | https://eljuegodelacorte.nexos.com.mx/que-culpa-tiene-el-tigre-tono-las-nuevas-reglas-de-publicidad-en-alimentos-preenvasados/,legacy_id,49b09cdc-af44-47f0-84d6-c600b61eaa61,the-new-advertising-rules-for-prepackaged-foods,1900,true,2023-06-01,match,match,source_only,source_only,match,match,correcto,1,match,https://www.vonwobeser.com/news/the-new-advertising-rules-for-prepackaged-foods?lang=en,true,true,0,
en:1783,en,1783,1784,https://www.vonwobeser.com/index.php/publications/articles?start=10,https://www.vonwobeser.com/index.php/publication?p_id=1783,200,https://www.vonwobeser.com/index.php/publication?p_id=1783,"May, 2023",2023-05,month,Von Wobeser y Sierra - ESG in the Mexican Mining Industry. Part Four,"Von Wobeser y Sierra S.C. es una de las principales firmas de derecho mexicano que ofrece soluciones legales de servicio completo. Se compone de más de 30 diferentes áreas de práctica, incluyendo escritorios especializados con una lista fuerte de clientes internacionales y nacionales.",,,,,ESG in the Mexican Mining Industry. Part Four,div,d3db5338aae140c5cc04ac37690aa4f98041e14a042bc6473d54ecda8d95f93e,9886b214a0f8b7f672307b26f168d756e5c7ba235bc24871b4f5341df8421e08,false,https://www.vonwobeser.com/images/PDF_news/2023/ESG4/23_05_22_MINERIA_ESG_ENG-Pt4-OK.pdf,,legacy_id,56adb058-d443-4073-a4a4-879b3bc8ec3f,esg-in-the-mexican-mining-industry-part-four,1783,true,2023-05-01,match,match,different,similar,match,match,correcto,1,match,https://www.vonwobeser.com/news/esg-in-the-mexican-mining-industry-part-four?lang=en,true,true,0,
en:1782,en,1782,1781,https://www.vonwobeser.com/index.php/publications/articles?start=10,https://www.vonwobeser.com/index.php/publication?p_id=1782,200,https://www.vonwobeser.com/index.php/publication?p_id=1782,"May, 2023",2023-05,month,Von Wobeser y Sierra - Una visión interdisciplinaria en el combate a la corrupción (2),"Von Wobeser y Sierra S.C. es una de las principales firmas de derecho mexicano que ofrece soluciones legales de servicio completo. Se compone de más de 30 diferentes áreas de práctica, incluyendo escritorios especializados con una lista fuerte de clientes internacionales y nacionales.",,,,,Una visión interdisciplinaria en el combate a la corrupción (2),div,e3b0c44298fc1c149afbf4c8996fb92427ae41e4649b934ca495991b7852b855,e3b0c44298fc1c149afbf4c8996fb92427ae41e4649b934ca495991b7852b855,false,https://www.vonwobeser.com/images/PDF_news/2023/vision_combate.pdf,https://www.vonwobeser.com/index.php/lawyer?l=195,legacy_id,a4871de1-85db-46e6-9e23-06f12d478081,una-vision-interdisciplinaria-en-el-combate-a-la-corrupcion-2,1782,true,2023-05-01,match,different,official_missing,official_missing,match,match,correcto,1,match,https://www.vonwobeser.com/news/una-vision-interdisciplinaria-en-el-combate-a-la-corrupcion-2?lang=en,true,true,0,TITLE_DIFFERENT
en:1763,en,1763,1764,https://www.vonwobeser.com/index.php/publications/articles?start=10,https://www.vonwobeser.com/index.php/publication?p_id=1763,200,https://www.vonwobeser.com/index.php/publication?p_id=1763,"January, 2023",2023-01,month,Von Wobeser y Sierra - Latin Lawyer’s M&A Guide: Indemnity Escrows and Other Payment Guarantees,"Von Wobeser y Sierra S.C. es una de las principales firmas de derecho mexicano que ofrece soluciones legales de servicio completo. Se compone de más de 30 diferentes áreas de práctica, incluyendo escritorios especializados con una lista fuerte de clientes internacionales y nacionales.",,,,,Latin Lawyer’s M&A Guide: Indemnity Escrows and Other Payment Guarantees,div,459004513b87130dc5987244b87fc61b96743579fdc5839c694d83a681d8828c,0dc29eda88d97b23011628f919e2e6d2cea07a62cbe02f6b5153e2dd276b6cbf,false,,https://www.vonwobeser.com/index.php/lawyer?l=141 | https://www.vonwobeser.com/index.php/lawyer?l=160 | https://www.vonwobeser.com/index.php/lawyer?l=246 | https://vonwobeserysierra.us5.list-manage.com/track/click?u=b054d1d8087ee1d7ab2807780&id=76fb70a373&e=235d3ee136,legacy_id,b57d9593-90c2-46b5-996a-e67f5630c16e,latin-lawyer-s-m-a-guide-indemnity-escrows-and-other-payment-guarantees,1763,true,2023-01-01,match,match,match,similar,not_applicable,match,correcto,1,match,https://www.vonwobeser.com/news/latin-lawyer-s-m-a-guide-indemnity-escrows-and-other-payment-guarantees?lang=en,true,true,0,
en:1755,en,1755,1756,https://www.vonwobeser.com/index.php/publications/articles?start=20,https://www.vonwobeser.com/index.php/publication?p_id=1755,200,https://www.vonwobeser.com/index.php/publication?p_id=1755,"October, 2022",2022-10,month,Von Wobeser y Sierra - Global Arbitration Review: Construction Arbitration Know-How Mexico Chapter,"Von Wobeser y Sierra S.C. es una de las principales firmas de derecho mexicano que ofrece soluciones legales de servicio completo. Se compone de más de 30 diferentes áreas de práctica, incluyendo escritorios especializados con una lista fuerte de clientes internacionales y nacionales.",,,,,Global Arbitration Review: Construction Arbitration Know-How Mexico Chapter,div,0bf90859f9d5c34a8f3a03113bd81c761b87413cc066cff0937c300613d90f33,016815836a54bfb888ae5f96f92ecf0aa7f4bf44e34690747bea9e3c488cea3f,false,,https://www.vonwobeser.com/index.php/lawyer?l=175 | https://vonwobeserysierra.us5.list-manage.com/track/click?u=b054d1d8087ee1d7ab2807780&id=03c8f69696&e=235d3ee136,legacy_id,4d2ea882-0ef8-4922-9e32-1fc93d59b42a,global-arbitration-review-construction-arbitration-know-how-mexico-chapter,1755,true,2022-10-01,match,match,match,different,not_applicable,match,correcto,1,match,https://www.vonwobeser.com/news/global-arbitration-review-construction-arbitration-know-how-mexico-chapter?lang=en,true,true,0,CONTENT_DIFFERENT
en:1747,en,1747,1748,https://www.vonwobeser.com/index.php/publications/articles?start=20,https://www.vonwobeser.com/index.php/publication?p_id=1747,200,https://www.vonwobeser.com/index.php/publication?p_id=1747,"August, 2022",2022-08,month,Von Wobeser y Sierra - ESG in the Mexican Mining Industry Part Three,"Von Wobeser y Sierra S.C. es una de las principales firmas de derecho mexicano que ofrece soluciones legales de servicio completo. Se compone de más de 30 diferentes áreas de práctica, incluyendo escritorios especializados con una lista fuerte de clientes internacionales y nacionales.",,,,,ESG in the Mexican Mining Industry Part Three,div,d3db5338aae140c5cc04ac37690aa4f98041e14a042bc6473d54ecda8d95f93e,a30031c97f0b38065c72588dd5ec2ae9f1c89aebdf028ce3d894a8b80ee67b9a,false,https://www.vonwobeser.com/images/PDF_news/2022/22_08_11_ESG_En-la-Industria-Minera-Mexicana-3_ENG.pdf,https://www.vonwobeser.com/index.php/lawyer?l=147 | https://www.vonwobeser.com/index.php/lawyer?l=224 | https://www.vonwobeser.com/index.php/practice?p=90 | https://www.vonwobeser.com/index.php/publication?p_id=1634 | https://www.vonwobeser.com/index.php/publication?p_id=1717,legacy_id,968c7bd4-9653-4e14-92b9-f4f848aeb696,esg-in-the-mexican-mining-industry-part-three,1747,true,2022-08-01,match,match,different,similar,match,match,correcto,1,match,https://www.vonwobeser.com/news/esg-in-the-mexican-mining-industry-part-three?lang=en,true,true,0,
en:1725,en,1725,1726,https://www.vonwobeser.com/index.php/publications/articles?start=20,https://www.vonwobeser.com/index.php/publication?p_id=1725,200,https://www.vonwobeser.com/index.php/publication?p_id=1725,"May, 2022",2022-05,month,Von Wobeser y Sierra - Prepárate para el próximo cisne,"Von Wobeser y Sierra S.C. es una de las principales firmas de derecho mexicano que ofrece soluciones legales de servicio completo. Se compone de más de 30 diferentes áreas de práctica, incluyendo escritorios especializados con una lista fuerte de clientes internacionales y nacionales.",,,,,Prepárate para el próximo cisne,div,e3b0c44298fc1c149afbf4c8996fb92427ae41e4649b934ca495991b7852b855,e3b0c44298fc1c149afbf4c8996fb92427ae41e4649b934ca495991b7852b855,false,https://www.vonwobeser.com/images/PDF/2022/Preparate_Para_el_Proximo_Cisne1.pdf,https://www.vonwobeser.com/index.php/lawyer?l=323,legacy_id,69245f61-db72-404c-81e1-ff610b984a0e,preparate-para-el-proximo-cisne,1725,true,2022-05-01,match,different,official_missing,official_missing,match,match,correcto,1,match,https://www.vonwobeser.com/news/preparate-para-el-proximo-cisne?lang=en,true,true,0,TITLE_DIFFERENT
en:1717,en,1717,1718,https://www.vonwobeser.com/index.php/publications/articles?start=20,https://www.vonwobeser.com/index.php/publication?p_id=1717,200,https://www.vonwobeser.com/index.php/publication?p_id=1717,"April, 2022",2022-04,month,Von Wobeser y Sierra - ESG in the Mexican Mining Industry. Part Two,"Von Wobeser y Sierra S.C. es una de las principales firmas de derecho mexicano que ofrece soluciones legales de servicio completo. Se compone de más de 30 diferentes áreas de práctica, incluyendo escritorios especializados con una lista fuerte de clientes internacionales y nacionales.",,,,,ESG in the Mexican Mining Industry. Part Two,div,d3db5338aae140c5cc04ac37690aa4f98041e14a042bc6473d54ecda8d95f93e,685de0aee1bb8fc597d8a8e5219ee3500400055c79f65e8695d47a1d734f3cf9,false,https://www.vonwobeser.com/images/PDF_news/2021/21_10_12_MINERIA_ESG_ING.pdf,https://www.vonwobeser.com/index.php/lawyer?l=147 | https://www.vonwobeser.com/index.php/lawyer?l=224 | https://www.vonwobeser.com/index.php/practice?p=90,legacy_id,74b48c08-f683-4f5d-afba-f5b60da7b3a5,esg-in-the-mexican-mining-industry-part-two,1717,true,2022-04-01,match,match,different,similar,match,match,correcto,1,match,https://www.vonwobeser.com/news/esg-in-the-mexican-mining-industry-part-two?lang=en,true,true,0,
en:1700,en,1700,1699,https://www.vonwobeser.com/index.php/publications/articles?start=20,https://www.vonwobeser.com/index.php/publication?p_id=1700,200,https://www.vonwobeser.com/index.php/publication?p_id=1700,"February, 2022",2022-02,month,Von Wobeser y Sierra - Does your business contribute to changing the world? Consider an ESG perspective.,"Von Wobeser y Sierra S.C. es una de las principales firmas de derecho mexicano que ofrece soluciones legales de servicio completo. Se compone de más de 30 diferentes áreas de práctica, incluyendo escritorios especializados con una lista fuerte de clientes internacionales y nacionales.",,,,,Does your business contribute to changing the world? Consider an ESG perspective.,div,49b5ade6978ade2ba12ed8a5d023dc322cf9fc57eb9d328a068bc9aa63650e80,aadb55d627220225b95aa66b18b91022907013565bb3ea57b176a2ae7d896416,false,https://www.vonwobeser.com/images/PDF_news/2022/Tu-negocio-contribuye-a-cambiar-el-mundo_-Considera-una-perspectiva-ESG.pdf,https://www.vonwobeser.com/index.php/lawyer?l=323 | https://www.vonwobeser.com/index.php/practice?p=90 | https://expansion.mx/opinion/2022/01/03/negocio-contribuya-cambiar-el-mundo,legacy_id,d5005a08-6677-407a-9944-86d7ffcc07f9,does-your-business-contribute-to-changing-the-world-consider-an-esg-perspective,1700,true,2022-02-01,match,match,match,different,match,match,correcto,1,match,https://www.vonwobeser.com/news/does-your-business-contribute-to-changing-the-world-consider-an-esg-perspective?lang=en,true,true,0,CONTENT_DIFFERENT
en:1692,en,1692,,https://www.vonwobeser.com/index.php/publications/articles?start=20,https://www.vonwobeser.com/index.php/publication?p_id=1692,200,https://www.vonwobeser.com/index.php/publication?p_id=1692,"January, 2022",2022-01,month,Von Wobeser y Sierra - Crisis Mode: Have Your ESG Team on Speed Dial,"Von Wobeser y Sierra S.C. es una de las principales firmas de derecho mexicano que ofrece soluciones legales de servicio completo. Se compone de más de 30 diferentes áreas de práctica, incluyendo escritorios especializados con una lista fuerte de clientes internacionales y nacionales.",,,,,Crisis Mode: Have Your ESG Team on Speed Dial,div,9ba8c70ca681fa684930f13f06a99d54450f3bc599cd6e54197c1c35c20656eb,c3ee57248a6fe643cbc4cf00c167386c2a0cc0d28bb34788707d339a39507d03,false,https://www.vonwobeser.com/images/PDF_news/2022/Have_Your_ESG_Team_on_Speed_Dial.pdf,https://www.vonwobeser.com/index.php/lawyer?l=141 | https://www.vonwobeser.com/index.php/lawyer?l=323 | https://www.vonwobeser.com/index.php/practice?p=90 | https://vonwobeserysierra.us5.list-manage.com/track/click?u=b054d1d8087ee1d7ab2807780&id=1898454c00&e=235d3ee136,legacy_id,f1fae103-8b93-45d2-ba51-ff63c9ef19d6,crisis-mode-have-your-esg-team-on-speed-dial,1692,true,2022-01-01,match,match,match,similar,not_applicable,match,correcto,1,match,https://www.vonwobeser.com/news/crisis-mode-have-your-esg-team-on-speed-dial?lang=en,true,true,0,
en:1693,en,1693,,https://www.vonwobeser.com/index.php/publications/articles?start=20,https://www.vonwobeser.com/index.php/publication?p_id=1693,200,https://www.vonwobeser.com/index.php/publication?p_id=1693,"January, 2022",2022-01,month,"Von Wobeser y Sierra - Fort Dearborn, Multi-Color Corporation merge to form world’s largest label supplier","Von Wobeser y Sierra S.C. es una de las principales firmas de derecho mexicano que ofrece soluciones legales de servicio completo. Se compone de más de 30 diferentes áreas de práctica, incluyendo escritorios especializados con una lista fuerte de clientes internacionales y nacionales.",,,,,"Fort Dearborn, Multi-Color Corporation merge to form world’s largest label supplier",div,6bde78c7901a28b3d55ef74eebe225d8dad6ecb95773cc74cb8c4696634c7010,e81f64aa1d188561f92ff0300bc2d200b643f390a2d3c924c5a7aad089e7c8f6,false,https://www.vonwobeser.com/images/PDF_news/2022/Fort-Dearborn-Multi-Color-Corporation-merge-to-form-worlds-largest-label-supplier---Leaders-League.pdf,https://www.vonwobeser.com/index.php/lawyer?l=141,legacy_id,37a4a56a-9a3e-4de5-ac7e-cb54fd5632ef,fort-dearborn-multi-color-corporation-merge-to-form-world-s-largest-label-suppli,1693,true,2022-01-01,match,match,match,similar,not_applicable,match,correcto,1,match,https://www.vonwobeser.com/news/fort-dearborn-multi-color-corporation-merge-to-form-world-s-largest-label-suppli?lang=en,true,true,0,
en:1682,en,1682,1683,https://www.vonwobeser.com/index.php/publications/articles?start=20,https://www.vonwobeser.com/index.php/publication?p_id=1682,200,https://www.vonwobeser.com/index.php/publication?p_id=1682,"December, 2021",2021-12,month,Von Wobeser y Sierra - Fundamental rights of legal entities: an unsettled topic,"Von Wobeser y Sierra S.C. es una de las principales firmas de derecho mexicano que ofrece soluciones legales de servicio completo. Se compone de más de 30 diferentes áreas de práctica, incluyendo escritorios especializados con una lista fuerte de clientes internacionales y nacionales.",,,,,Fundamental rights of legal entities: an unsettled topic,div,b967dafad31b15cb5e032f6920504cad4f590cea60647e237db55d3549afde72,90930c33f73c8a7f051e7737688a9c9ee2a77a2cf32c75389919949856618822,false,https://www.vonwobeser.com/images/PDF_news/2021/21_12_17_DERECHOS_FUNDAMENTALES_ESG_ING.pdf,https://www.vonwobeser.com/index.php/lawyer?l=148 | https://www.vonwobeser.com/index.php/lawyer?l=155 | https://www.vonwobeser.com/index.php/practice?p=90,legacy_id,4dcaa4c3-1422-45cb-9859-41b0409cc362,fundamental-rights-of-legal-entities-an-unsettled-topic,1682,true,2021-12-01,match,match,match,similar,not_applicable,match,correcto,1,match,https://www.vonwobeser.com/news/fundamental-rights-of-legal-entities-an-unsettled-topic?lang=en,true,true,0,
en:1678,en,1678,1679,https://www.vonwobeser.com/index.php/publications/articles?start=20,https://www.vonwobeser.com/index.php/publication?p_id=1678,200,https://www.vonwobeser.com/index.php/publication?p_id=1678,"December, 2021",2021-12,month,Von Wobeser y Sierra - Promoting energy autonomy while advancing environmental protection: a balancing act,"Von Wobeser y Sierra S.C. es una de las principales firmas de derecho mexicano que ofrece soluciones legales de servicio completo. Se compone de más de 30 diferentes áreas de práctica, incluyendo escritorios especializados con una lista fuerte de clientes internacionales y nacionales.",,,,,Promoting energy autonomy while advancing environmental protection: a balancing act,div,30cc3e2607caba8941b4c8946c73ab713baee3cb03ece92505ee953f3893fa77,fd82adfbd48255ef6001011e4a11541173f1715f65577b372f92037c68227e7b,false,https://www.vonwobeser.com/images/PDF_news/2021/21_12_10_AUTONOMIA_ENERGETICA_ESG_ING.pdf,https://www.vonwobeser.com/index.php/lawyer?l=148 | https://www.vonwobeser.com/index.php/lawyer?l=155 | https://www.vonwobeser.com/index.php/lawyer?l=296 | https://www.vonwobeser.com/index.php/practice?p=90,legacy_id,dc8f7154-4d75-4bbc-97f2-a839b92dfd82,promoting-energy-autonomy-while-advancing-environmental-protection-a-balancing-a,1678,true,2021-12-01,match,match,match,similar,not_applicable,match,correcto,1,match,https://www.vonwobeser.com/news/promoting-energy-autonomy-while-advancing-environmental-protection-a-balancing-a?lang=en,true,true,0,
en:1675,en,1675,,https://www.vonwobeser.com/index.php/publications/articles?start=20,https://www.vonwobeser.com/index.php/publication?p_id=1675,200,https://www.vonwobeser.com/index.php/publication?p_id=1675,"December, 2021",2021-12,month,Von Wobeser y Sierra - Economic competition: a potential trigger for sustainable initiatives.,"Von Wobeser y Sierra S.C. es una de las principales firmas de derecho mexicano que ofrece soluciones legales de servicio completo. Se compone de más de 30 diferentes áreas de práctica, incluyendo escritorios especializados con una lista fuerte de clientes internacionales y nacionales.",,,,,Economic competition: a potential trigger for sustainable initiatives.,div,2caf0de07e5d318629c136440f826606d8f27107a35b355752d9a0dfba95286a,6bee7618c4136f7d927289d310259092ad03f0fc2fe7ce844105998b2fd3e948,false,,https://www.vonwobeser.com/index.php/lawyer?l=323 | https://expansion.mx/opinion/2021/12/07/competencia-economica-detonante-iniciativas-sustentables,legacy_id,a4a98989-bd0c-4522-b2bd-d216a68aa687,economic-competition-a-potential-trigger-for-sustainable-initiatives,1675,true,2021-12-01,match,match,match,different,not_applicable,match,correcto,1,match,https://www.vonwobeser.com/news/economic-competition-a-potential-trigger-for-sustainable-initiatives?lang=en,true,true,0,CONTENT_DIFFERENT
en:1670,en,1670,1671,https://www.vonwobeser.com/index.php/publications/articles?start=30,https://www.vonwobeser.com/index.php/publication?p_id=1670,200,https://www.vonwobeser.com/index.php/publication?p_id=1670,"December, 2021",2021-12,month,Von Wobeser y Sierra - RRM as an effective mechanism to enforce collective labor standards,"Von Wobeser y Sierra S.C. es una de las principales firmas de derecho mexicano que ofrece soluciones legales de servicio completo. Se compone de más de 30 diferentes áreas de práctica, incluyendo escritorios especializados con una lista fuerte de clientes internacionales y nacionales.",,,,,RRM as an effective mechanism to enforce collective labor standards,div,b8f0daf18d1b3df5f5f4622b2c3ab602a63ff2403543bbcc9b549ac595f79683,c2070fce92bb451c0d436dc6e0b26a285e72cc01a6b3364a699fe5d1375b117e,false,https://www.vonwobeser.com/images/PDF_news/2021/21_12_02_MLRR_ESG_ING.pdf,https://www.vonwobeser.com/index.php/lawyer?l=143 | https://www.vonwobeser.com/index.php/practice?p=90,legacy_id,5b4c5af1-b1d6-4179-9ca7-9c3a57b7bcdf,rrm-as-an-effective-mechanism-to-enforce-collective-labor-standards,1670,true,2021-12-01,match,match,match,similar,not_applicable,match,correcto,1,match,https://www.vonwobeser.com/news/rrm-as-an-effective-mechanism-to-enforce-collective-labor-standards?lang=en,true,true,0,
en:1694,en,1694,,https://www.vonwobeser.com/index.php/publications/articles?start=30,https://www.vonwobeser.com/index.php/publication?p_id=1694,200,https://www.vonwobeser.com/index.php/publication?p_id=1694,"November, 2021",2021-11,month,Von Wobeser y Sierra - Competition partners foresee greater scrutiny of e-commerce and fintech deals.,"Von Wobeser y Sierra S.C. es una de las principales firmas de derecho mexicano que ofrece soluciones legales de servicio completo. Se compone de más de 30 diferentes áreas de práctica, incluyendo escritorios especializados con una lista fuerte de clientes internacionales y nacionales.",,,,,Competition partners foresee greater scrutiny of e-commerce and fintech deals.,div,73ca00d6bbe0f09118782ff0656445d1ab87006fe9160a5848f280debb3ba2e9,e3b0c44298fc1c149afbf4c8996fb92427ae41e4649b934ca495991b7852b855,false,,https://www.vonwobeser.com/index.php/lawyer?l=145,legacy_id,c00ad8d2-a344-499d-a76b-ad5c076586b2,competition-partners-foresee-greater-scrutiny-of-e-commerce-and-fintech-deals,1694,true,2021-11-01,match,match,match,match,not_applicable,match,correcto,1,match,https://www.vonwobeser.com/news/competition-partners-foresee-greater-scrutiny-of-e-commerce-and-fintech-deals?lang=en,true,true,0,
en:1662,en,1662,1663,https://www.vonwobeser.com/index.php/publications/articles?start=30,https://www.vonwobeser.com/index.php/publication?p_id=1662,200,https://www.vonwobeser.com/index.php/publication?p_id=1662,"November, 2021",2021-11,month,Von Wobeser y Sierra - Lieferkettensorgfaltspflichtengesetz: a mouthful of new supply chain regulations,"Von Wobeser y Sierra S.C. es una de las principales firmas de derecho mexicano que ofrece soluciones legales de servicio completo. Se compone de más de 30 diferentes áreas de práctica, incluyendo escritorios especializados con una lista fuerte de clientes internacionales y nacionales.",,,,,Lieferkettensorgfaltspflichtengesetz: a mouthful of new supply chain regulations,div,806eb1b4edb26bc848089033ff87f0ad5ea8063a9a0d631c4cea24e058f8aefe,79fb9b6628ec53f09d2893df4cd12e5769be53213aa72559879c9bd80d2b50ce,false,https://www.vonwobeser.com/images/PDF_news/2021/21_11_25_SUMINISTRO_ESG_ING.pdf,https://www.vonwobeser.com/index.php/lawyer?l=144 | https://www.vonwobeser.com/index.php/practice?p=90,legacy_id,eb529b71-8a07-4ef6-81f8-12075f31fa27,lieferkettensorgfaltspflichtengesetz-a-mouthful-of-new-supply-chain-regulations,1662,true,2021-11-01,match,match,match,similar,not_applicable,match,correcto,1,match,https://www.vonwobeser.com/news/lieferkettensorgfaltspflichtengesetz-a-mouthful-of-new-supply-chain-regulations?lang=en,true,true,0,
en:1654,en,1654,1655,https://www.vonwobeser.com/index.php/publications/articles?start=30,https://www.vonwobeser.com/index.php/publication?p_id=1654,200,https://www.vonwobeser.com/index.php/publication?p_id=1654,"November, 2021",2021-11,month,Von Wobeser y Sierra - Privacy and the protection of personal data: new ESG parameters.,"Von Wobeser y Sierra S.C. es una de las principales firmas de derecho mexicano que ofrece soluciones legales de servicio completo. Se compone de más de 30 diferentes áreas de práctica, incluyendo escritorios especializados con una lista fuerte de clientes internacionales y nacionales.",,,,,Privacy and the protection of personal data: new ESG parameters.,div,b680ddf60082cdd916691911427f0511e09c1dede1503f129b6e3ca4432d27b4,933cc781c79a8800669b8f962c619fc3ffe9f8c682556bec9ad69b001c559b2c,false,https://www.vonwobeser.com/images/PDF_news/2021/21_11_17_PRIVACIDAD_ESG_ING.pdf,https://www.vonwobeser.com/index.php/lawyer?l=141 | https://www.vonwobeser.com/index.php/lawyer?l=178 | https://www.vonwobeser.com/index.php/practice?p=90,legacy_id,2c6504b7-8410-4203-af06-0a9113f8b3d3,privacy-and-the-protection-of-personal-data-new-esg-parameters,1654,true,2021-11-01,match,match,match,similar,not_applicable,match,correcto,1,match,https://www.vonwobeser.com/news/privacy-and-the-protection-of-personal-data-new-esg-parameters?lang=en,true,true,0,
en:1650,en,1650,1651,https://www.vonwobeser.com/index.php/publications/articles?start=30,https://www.vonwobeser.com/index.php/publication?p_id=1650,200,https://www.vonwobeser.com/index.php/publication?p_id=1650,"November, 2021",2021-11,month,Von Wobeser y Sierra - The role of arbitration in ESG disputes,"Von Wobeser y Sierra S.C. es una de las principales firmas de derecho mexicano que ofrece soluciones legales de servicio completo. Se compone de más de 30 diferentes áreas de práctica, incluyendo escritorios especializados con una lista fuerte de clientes internacionales y nacionales.",,,,,The role of arbitration in ESG disputes,div,d3db5338aae140c5cc04ac37690aa4f98041e14a042bc6473d54ecda8d95f93e,7ec8e5d0a3ff48933150ee5dcc813229f2ecc7a89af4653a625d708fb835eaf6,false,https://www.vonwobeser.com/images/PDF_news/2021/21_11_12_ARBITRAJE_ESG_ING.pdf,https://www.vonwobeser.com/index.php/lawyer?l=175 | https://www.vonwobeser.com/index.php/practice?p=90,legacy_id,dac3cdd1-5528-43eb-91df-739dd83c6039,the-role-of-arbitration-in-esg-disputes,1650,true,2021-11-01,match,match,different,similar,match,match,correcto,1,match,https://www.vonwobeser.com/news/the-role-of-arbitration-in-esg-disputes?lang=en,true,true,0,
en:1648,en,1648,1649,https://www.vonwobeser.com/index.php/publications/articles?start=30,https://www.vonwobeser.com/index.php/publication?p_id=1648,200,https://www.vonwobeser.com/index.php/publication?p_id=1648,"November, 2021",2021-11,month,Von Wobeser y Sierra - Emissions Trading System: an instrument to promote the reduction of greenhouse gas emissions,"Von Wobeser y Sierra S.C. es una de las principales firmas de derecho mexicano que ofrece soluciones legales de servicio completo. Se compone de más de 30 diferentes áreas de práctica, incluyendo escritorios especializados con una lista fuerte de clientes internacionales y nacionales.",,,,,Emissions Trading System: an instrument to promote the reduction of greenhouse gas emissions,div,96a1ac1f28e2d27c646b9e4cfa982510490e2f81de34d33f1f243a21c06b11d7,8008eb8e7c4f369db54c4f504f1bc9d8560241a2c38e2f0670503c926ea39dd0,false,https://www.vonwobeser.com/images/PDF_news/2021/21_11_03_EMISIONES_ESG_ING.pdf,https://www.vonwobeser.com/index.php/lawyer?l=147 | https://www.vonwobeser.com/index.php/practice?p=90,legacy_id,da8fbd17-1477-4b37-bb8e-5367fa814a74,emissions-trading-system-an-instrument-to-promote-the-reduction-of-greenhouse-ga,1648,true,2021-11-01,match,match,match,similar,not_applicable,match,correcto,1,match,https://www.vonwobeser.com/news/emissions-trading-system-an-instrument-to-promote-the-reduction-of-greenhouse-ga?lang=en,true,true,0,
en:1646,en,1646,1647,https://www.vonwobeser.com/index.php/publications/articles?start=30,https://www.vonwobeser.com/index.php/publication?p_id=1646,200,https://www.vonwobeser.com/index.php/publication?p_id=1646,"October, 2021",2021-10,month,Von Wobeser y Sierra - The fight against corruption: a corporate social responsibility,"Von Wobeser y Sierra S.C. es una de las principales firmas de derecho mexicano que ofrece soluciones legales de servicio completo. Se compone de más de 30 diferentes áreas de práctica, incluyendo escritorios especializados con una lista fuerte de clientes internacionales y nacionales.",,,,,The fight against corruption: a corporate social responsibility,div,e34b2315f58e9c245c4176c35fd88d21b1525b0f7b9832cc09902105412cb472,99d5f313da0e94ab86bdb2eef8862b054051facf8ea4e5b64280bc8f0b2fa646,false,https://www.vonwobeser.com/images/PDF_news/2021/21_10_26_ANTI_CORRUPTION_ESG_ING.pdf,https://www.vonwobeser.com/index.php/lawyer?l=149 | https://www.vonwobeser.com/index.php/lawyer?l=195 | https://www.vonwobeser.com/index.php/practice?p=90,legacy_id,c3bc98b4-0a29-47b2-822d-69e5ecb13dbb,the-fight-against-corruption-a-corporate-social-responsibility,1646,true,2021-10-01,match,match,similar,similar,not_applicable,match,correcto,1,match,https://www.vonwobeser.com/news/the-fight-against-corruption-a-corporate-social-responsibility?lang=en,true,true,0,
en:1641,en,1641,1640,https://www.vonwobeser.com/index.php/publications/articles?start=30,https://www.vonwobeser.com/index.php/publication?p_id=1641,200,https://www.vonwobeser.com/index.php/publication?p_id=1641,"October, 2021",2021-10,month,"Von Wobeser y Sierra - Stress, burnout and other problems brought to light by the pandemic and telework","Von Wobeser y Sierra S.C. es una de las principales firmas de derecho mexicano que ofrece soluciones legales de servicio completo. Se compone de más de 30 diferentes áreas de práctica, incluyendo escritorios especializados con una lista fuerte de clientes internacionales y nacionales.",,,,,"Stress, burnout and other problems brought to light by the pandemic and telework",div,54c8e11847bbe0b3754e0edc13b8c27d723df46482b747ac4977163d95c4855a,80ab91885c0733ce9b5e1392fbb5bee2846b33ba2dde42a360d8285bc6715ece,false,https://www.vonwobeser.com/images/PDF_news/2021/21_10_19_STRESS_ESG_ING.pdf,https://www.vonwobeser.com/index.php/practice?p=90,legacy_id,c3f5fae1-495f-446d-be7b-80693784f6c0,stress-burnout-and-other-problems-brought-to-light-by-the-pandemic-and-telework,1641,true,2021-10-01,match,match,match,similar,not_applicable,match,correcto,1,match,https://www.vonwobeser.com/news/stress-burnout-and-other-problems-brought-to-light-by-the-pandemic-and-telework?lang=en,true,true,0,
en:1638,en,1638,1639,https://www.vonwobeser.com/index.php/publications/articles?start=30,https://www.vonwobeser.com/index.php/publication?p_id=1638,200,https://www.vonwobeser.com/index.php/publication?p_id=1638,"October, 2021",2021-10,month,Von Wobeser y Sierra - Competition regulation: a nonconventional tool for boosting ESG initiatives,"Von Wobeser y Sierra S.C. es una de las principales firmas de derecho mexicano que ofrece soluciones legales de servicio completo. Se compone de más de 30 diferentes áreas de práctica, incluyendo escritorios especializados con una lista fuerte de clientes internacionales y nacionales.",,,,,Competition regulation: a nonconventional tool for boosting ESG initiatives,div,f6d909d551bf98e41b1a22c7de758490b1e4cf53c84f80bdd2ad70bbf5247b55,703946e86222a2dffaf67ad398cc1a98b5d1f152def44992eacd724e9a9aadb5,false,https://www.vonwobeser.com/images/PDF_news/2021/21_10_14_REGULACION_ESG_ING.pdf,https://www.vonwobeser.com/index.php/lawyer?l=145 | https://www.vonwobeser.com/index.php/lawyer?l=179 | https://www.vonwobeser.com/index.php/lawyer?l=291 | https://www.vonwobeser.com/index.php/practice?p=90,legacy_id,d304a6cf-1dfc-4df8-98c9-ef9340a10b5f,competition-regulation-a-nonconventional-tool-for-boosting-esg-initiatives,1638,true,2021-10-01,match,match,similar,similar,not_applicable,match,correcto,1,match,https://www.vonwobeser.com/news/competition-regulation-a-nonconventional-tool-for-boosting-esg-initiatives?lang=en,true,true,0,
en:1634,en,1634,1635,https://www.vonwobeser.com/index.php/publications/articles?start=30,https://www.vonwobeser.com/index.php/publication?p_id=1634,200,https://www.vonwobeser.com/index.php/publication?p_id=1634,"October, 2021",2021-10,month,Von Wobeser y Sierra - ESG in the Mexican Mining Industry First Section,"Von Wobeser y Sierra S.C. es una de las principales firmas de derecho mexicano que ofrece soluciones legales de servicio completo. Se compone de más de 30 diferentes áreas de práctica, incluyendo escritorios especializados con una lista fuerte de clientes internacionales y nacionales.",,,,,ESG in the Mexican Mining Industry First Section,div,d3db5338aae140c5cc04ac37690aa4f98041e14a042bc6473d54ecda8d95f93e,e4f4f743bf2f88b4a60b00c837f4df0831830ab8a649473e766596805e6ac017,false,https://www.vonwobeser.com/images/PDF_news/2021/21_10_12_MINERIA_ESG_ING.pdf,https://www.vonwobeser.com/index.php/lawyer?l=147 | https://www.vonwobeser.com/index.php/lawyer?l=224 | https://www.vonwobeser.com/index.php/practice?p=90,legacy_id,05b8796c-043b-4d18-9483-f0515c4b5514,esg-in-the-mexican-mining-industry-first-section,1634,true,2021-10-01,match,match,different,similar,match,match,correcto,1,match,https://www.vonwobeser.com/news/esg-in-the-mexican-mining-industry-first-section?lang=en,true,true,0,
en:1632,en,1632,1633,https://www.vonwobeser.com/index.php/publications/articles?start=40,https://www.vonwobeser.com/index.php/publication?p_id=1632,200,https://www.vonwobeser.com/index.php/publication?p_id=1632,"October, 2021",2021-10,month,Von Wobeser y Sierra - ESG Implications for Corporate Governance,"Von Wobeser y Sierra S.C. es una de las principales firmas de derecho mexicano que ofrece soluciones legales de servicio completo. Se compone de más de 30 diferentes áreas de práctica, incluyendo escritorios especializados con una lista fuerte de clientes internacionales y nacionales.",,,,,ESG Implications for Corporate Governance,div,2ccccbe9c70390d361dbd77df3c3bcd2d8ccdb95eb2e2fc3a6df2f2e6cc47175,a00425034c0a26443743dd63b543b7671ce276cebc9e6a3a5e7b693e6d2b239e,false,https://www.vonwobeser.com/images/PDF_news/2021/21_10_08_IMPLICACIONES_ESG_ING.pdf,https://www.vonwobeser.com/index.php/lawyer?l=141 | https://www.vonwobeser.com/index.php/lawyer?l=178 | https://www.vonwobeser.com/index.php/lawyer?l=246 | https://www.vonwobeser.com/index.php/practice?p=90,legacy_id,f16d046f-8622-4970-aa69-ed3e19a4024e,esg-implications-for-corporate-governance,1632,true,2021-10-01,match,match,different,similar,not_applicable,match,correcto,1,match,https://www.vonwobeser.com/news/esg-implications-for-corporate-governance?lang=en,true,true,0,
en:1508,en,1508,,https://www.vonwobeser.com/index.php/publications/articles?start=40,https://www.vonwobeser.com/index.php/publication?p_id=1508,200,https://www.vonwobeser.com/index.php/publication?p_id=1508,"February, 2021",2021-02,month,Von Wobeser y Sierra - Fernando Carreño: GCR Insight - The Private Litigation Guide Mexico Overview,"Von Wobeser y Sierra S.C. es una de las principales firmas de derecho mexicano que ofrece soluciones legales de servicio completo. Se compone de más de 30 diferentes áreas de práctica, incluyendo escritorios especializados con una lista fuerte de clientes internacionales y nacionales.",,,,,Fernando Carreño: GCR Insight - The Private Litigation Guide Mexico Overview,div,53af3473ffc8bc8a249e9e62ba441243691b6948cf9f91612c6b5f5805cd9608,e3b0c44298fc1c149afbf4c8996fb92427ae41e4649b934ca495991b7852b855,false,https://www.vonwobeser.com/images/PDF_news/2021/20-Mexico-Overview.pdf,https://www.vonwobeser.com/index.php/lawyer?l=145 | https://www.vonwobeser.com/index.php/practice?p=47,legacy_id,77683142-8bb9-4adb-bc66-a7f0ffc9a07a,fernando-carreno-gcr-insight-the-private-litigation-guide-mexico-overview,1508,true,2021-02-01,match,match,match,similar,not_applicable,match,correcto,1,match,https://www.vonwobeser.com/news/fernando-carreno-gcr-insight-the-private-litigation-guide-mexico-overview?lang=en,true,true,0,
en:1506,en,1506,,https://www.vonwobeser.com/index.php/publications/articles?start=40,https://www.vonwobeser.com/index.php/publication?p_id=1506,200,https://www.vonwobeser.com/index.php/publication?p_id=1506,"February, 2021",2021-02,month,Von Wobeser y Sierra - Fernando Carreño: GCR Insight - The Private Litigation Guide Mexico Q&A,"Von Wobeser y Sierra S.C. es una de las principales firmas de derecho mexicano que ofrece soluciones legales de servicio completo. Se compone de más de 30 diferentes áreas de práctica, incluyendo escritorios especializados con una lista fuerte de clientes internacionales y nacionales.",,,,,Fernando Carreño: GCR Insight - The Private Litigation Guide Mexico Q&A,div,c7b8f12bafd6fd5c5316844c2575c33925851fdd6810da160b73446cfebf5ef2,e3b0c44298fc1c149afbf4c8996fb92427ae41e4649b934ca495991b7852b855,false,https://www.vonwobeser.com/images/PDF_news/2021/25-Mexico-QA.pdf,https://www.vonwobeser.com/index.php/lawyer?l=145 | https://www.vonwobeser.com/index.php/practice?p=47,legacy_id,c81951c2-ea46-491d-9bf9-836f9c7f4081,fernando-carreno-gcr-insight-the-private-litigation-guide-mexico-q-a,1506,true,2021-02-01,match,match,match,similar,not_applicable,match,correcto,1,match,https://www.vonwobeser.com/news/fernando-carreno-gcr-insight-the-private-litigation-guide-mexico-q-a?lang=en,true,true,0,
en:1504,en,1504,1505,https://www.vonwobeser.com/index.php/publications/articles?start=40,https://www.vonwobeser.com/index.php/publication?p_id=1504,200,https://www.vonwobeser.com/index.php/publication?p_id=1504,"January, 2021",2021-01,month,"Von Wobeser y Sierra - Luis Burgueño, Alberto Córdoba, Marisol Márquez and Elías Jalife: Latin Lawyer Insight - The Guide to Mergers and Acquisitions, First Edition","Von Wobeser y Sierra S.C. es una de las principales firmas de derecho mexicano que ofrece soluciones legales de servicio completo. Se compone de más de 30 diferentes áreas de práctica, incluyendo escritorios especializados con una lista fuerte de clientes internacionales y nacionales.",,,,,"Luis Burgueño, Alberto Córdoba, Marisol Márquez and Elías Jalife: Latin Lawyer Insight - The Guide to Mergers and Acquisitions, First Edition",div,6c745c7426e9cf2ea80b0c76cc2171569feec3cc7f2f4560d09f095a605d7198,e3b0c44298fc1c149afbf4c8996fb92427ae41e4649b934ca495991b7852b855,false,https://www.vonwobeser.com/images/PDF_news/2021/14-_-Indemnity-Escrows-and--Other-Payment-Guarantees.pdf,,legacy_id,b38c180e-62f5-4f74-b1cb-39b512f5e441,luis-burgueno-alberto-cordoba-marisol-marquez-and-elias-jalife-latin-lawyer-insi,1504,true,2021-01-01,match,match,match,similar,not_applicable,match,correcto,1,match,https://www.vonwobeser.com/news/luis-burgueno-alberto-cordoba-marisol-marquez-and-elias-jalife-latin-lawyer-insi?lang=en,true,true,0,
en:1478,en,1478,1479,https://www.vonwobeser.com/index.php/publications/articles?start=40,https://www.vonwobeser.com/index.php/publication?p_id=1478,200,https://www.vonwobeser.com/index.php/publication?p_id=1478,"January, 2021",2021-01,month,Von Wobeser y Sierra - Adrián Magallanes & Diego Sierra: Chambers Global Practice Guides Litigation 2021,"Von Wobeser y Sierra S.C. es una de las principales firmas de derecho mexicano que ofrece soluciones legales de servicio completo. Se compone de más de 30 diferentes áreas de práctica, incluyendo escritorios especializados con una lista fuerte de clientes internacionales y nacionales.",,,,,Adrián Magallanes & Diego Sierra: Chambers Global Practice Guides Litigation 2021,div,9eba5dcffb4594d17a5216cbdcf16e3bcdbc4ed03f7337a250bfef560cc12f1b,e3b0c44298fc1c149afbf4c8996fb92427ae41e4649b934ca495991b7852b855,false,https://www.vonwobeser.com/images/PDF_news/2021/035_MEXICO-LP.pdf,,legacy_id,216a9b59-d62e-49d1-83a3-e36064e6bee4,adrian-magallanes-diego-sierra-chambers-global-practice-guides-litigation-2021,1478,true,2021-01-01,match,match,match,similar,not_applicable,match,correcto,1,match,https://www.vonwobeser.com/news/adrian-magallanes-diego-sierra-chambers-global-practice-guides-litigation-2021?lang=en,true,true,0,
en:1462,en,1462,1463,https://www.vonwobeser.com/index.php/publications/articles?start=40,https://www.vonwobeser.com/index.php/publication?p_id=1462,200,https://www.vonwobeser.com/index.php/publication?p_id=1462,"December, 2020",2020-12,month,Von Wobeser y Sierra - Adrián Magallanes & Rodrigo Barradas: IBA - The times ahead for private investors in the renewable energy sector in Mexico,"Von Wobeser y Sierra S.C. es una de las principales firmas de derecho mexicano que ofrece soluciones legales de servicio completo. Se compone de más de 30 diferentes áreas de práctica, incluyendo escritorios especializados con una lista fuerte de clientes internacionales y nacionales.",,,,,Adrián Magallanes & Rodrigo Barradas: IBA - The times ahead for private investors in the renewable energy sector in Mexico,div,05fe5481c28f3d42d8798da8fa9d0b0f71605068366bfc774b24d67e32560437,e3b0c44298fc1c149afbf4c8996fb92427ae41e4649b934ca495991b7852b855,false,https://www.vonwobeser.com/images/PDF_news/2020_2/IBA---The-next-wave-of-ISDS-ca-ses-could-be-powered-by-recent-policy-changes-in-the-renewable-energy-sector-in-Mexico.pdf,,legacy_id,0445735b-768c-45a7-806f-2f8629073b7f,adrian-magallanes-rodrigo-barradas-iba-the-times-ahead-for-private-investors-in-,1462,true,2020-12-01,match,match,match,similar,not_applicable,match,correcto,1,match,https://www.vonwobeser.com/news/adrian-magallanes-rodrigo-barradas-iba-the-times-ahead-for-private-investors-in-?lang=en,true,true,0,
en:1460,en,1460,1461,https://www.vonwobeser.com/index.php/publications/articles?start=40,https://www.vonwobeser.com/index.php/publication?p_id=1460,200,https://www.vonwobeser.com/index.php/publication?p_id=1460,"December, 2020",2020-12,month,Von Wobeser y Sierra - Luis Burgueño & Santiago Barraza Lexology GTDT: Private Equity - Market Intelligence,"Von Wobeser y Sierra S.C. es una de las principales firmas de derecho mexicano que ofrece soluciones legales de servicio completo. Se compone de más de 30 diferentes áreas de práctica, incluyendo escritorios especializados con una lista fuerte de clientes internacionales y nacionales.",,,,,Luis Burgueño & Santiago Barraza Lexology GTDT: Private Equity - Market Intelligence,div,c396ba175326ce105fdfad3c4e518c9f258b4f2bf9a8f994212ecf342af6d9c8,e3b0c44298fc1c149afbf4c8996fb92427ae41e4649b934ca495991b7852b855,false,https://www.vonwobeser.com/images/PDF_news/2020_2/2020_MI-Private-Equity_Mexico.pdf,,legacy_id,a5764e3f-3a96-44ec-a047-912b406eaff6,luis-burgueno-santiago-barraza-lexology-gtdt-private-equity-market-intelligence,1460,true,2020-12-01,match,match,match,similar,not_applicable,match,correcto,1,match,https://www.vonwobeser.com/news/luis-burgueno-santiago-barraza-lexology-gtdt-private-equity-market-intelligence?lang=en,true,true,0,
en:1448,en,1448,1447,https://www.vonwobeser.com/index.php/publications/articles?start=40,https://www.vonwobeser.com/index.php/publication?p_id=1448,200,https://www.vonwobeser.com/index.php/publication?p_id=1448,"November, 2020",2020-11,month,"Von Wobeser y Sierra - Adrián Magallanes & Diego Sierra - Latin Lawyer: Litigio 2020, Mexico Reference","Von Wobeser y Sierra S.C. es una de las principales firmas de derecho mexicano que ofrece soluciones legales de servicio completo. Se compone de más de 30 diferentes áreas de práctica, incluyendo escritorios especializados con una lista fuerte de clientes internacionales y nacionales.",,,,,"Adrián Magallanes & Diego Sierra - Latin Lawyer: Litigio 2020, Mexico Reference",div,22ce57ede0b00c2d174ab7f0c08d23413aad9f7578b3127da7969c7813ed56b4,e3b0c44298fc1c149afbf4c8996fb92427ae41e4649b934ca495991b7852b855,false,https://www.vonwobeser.com/images/PDF_news/2020_2/LL_Litigation-2021_MX.pdf,,legacy_id,94cd5657-7795-4e1b-ba4f-d4a60ae26d84,adrian-magallanes-diego-sierra-latin-lawyer-litigio-2020-mexico-reference,1448,true,2020-11-01,match,match,match,similar,not_applicable,match,correcto,1,match,https://www.vonwobeser.com/news/adrian-magallanes-diego-sierra-latin-lawyer-litigio-2020-mexico-reference?lang=en,true,true,0,
en:1449,en,1449,1450,https://www.vonwobeser.com/index.php/publications/articles?start=40,https://www.vonwobeser.com/index.php/publication?p_id=1449,200,https://www.vonwobeser.com/index.php/publication?p_id=1449,"September, 2020",2020-09,month,"Von Wobeser y Sierra - International Bar Association, Mexico´s insolvency response to Covid-19","Von Wobeser y Sierra S.C. es una de las principales firmas de derecho mexicano que ofrece soluciones legales de servicio completo. Se compone de más de 30 diferentes áreas de práctica, incluyendo escritorios especializados con una lista fuerte de clientes internacionales y nacionales.",,,,,"International Bar Association, Mexico´s insolvency response to Covid-19",div,a6415f850884f16b82bdd51cf65963a2dabab6859011a25a906ecd00bd688cb5,e3b0c44298fc1c149afbf4c8996fb92427ae41e4649b934ca495991b7852b855,false,https://www.vonwobeser.com/images/PDF_news/2020_2/IRInov2020edit.pdf,,legacy_id,0eeb4c3d-74d4-4182-b65f-ea51e595bfe2,international-bar-association-mexico-s-insolvency-response-to-covid-19,1449,true,2020-09-01,match,match,match,similar,not_applicable,match,correcto,1,match,https://www.vonwobeser.com/news/international-bar-association-mexico-s-insolvency-response-to-covid-19?lang=en,true,true,0,
en:1458,en,1458,1459,https://www.vonwobeser.com/index.php/publications/articles?start=40,https://www.vonwobeser.com/index.php/publication?p_id=1458,200,https://www.vonwobeser.com/index.php/publication?p_id=1458,"August, 2020",2020-08,month,Von Wobeser y Sierra - GAR Know How - Commercial Arbitration 2020,"Von Wobeser y Sierra S.C. es una de las principales firmas de derecho mexicano que ofrece soluciones legales de servicio completo. Se compone de más de 30 diferentes áreas de práctica, incluyendo escritorios especializados con una lista fuerte de clientes internacionales y nacionales.",,,,,GAR Know How - Commercial Arbitration 2020,div,c4ac053624ed7cf23ec4b949e2439e03494b2213d649323ca2ae7db4551f9d2a,e3b0c44298fc1c149afbf4c8996fb92427ae41e4649b934ca495991b7852b855,false,https://www.vonwobeser.com/images/PDF_news/2020_2/ITA-2020---Mexico.pdf,,legacy_id,8ec86459-1caf-4f4e-a985-7150a60521c9,gar-know-how-commercial-arbitration-2020-2,1458,true,2020-08-01,match,match,match,similar,not_applicable,match,correcto,1,match,https://www.vonwobeser.com/news/gar-know-how-commercial-arbitration-2020-2?lang=en,true,true,0,
en:1338,en,1338,,https://www.vonwobeser.com/index.php/publications/articles?start=50,https://www.vonwobeser.com/index.php/publication?p_id=1338,200,https://www.vonwobeser.com/index.php/publication?p_id=1338,"June, 2020",2020-06,month,Von Wobeser y Sierra - GAR Know How Commercial Arbitration 2020,"Von Wobeser y Sierra S.C. es una de las principales firmas de derecho mexicano que ofrece soluciones legales de servicio completo. Se compone de más de 30 diferentes áreas de práctica, incluyendo escritorios especializados con una lista fuerte de clientes internacionales y nacionales.",,,,,GAR Know How Commercial Arbitration 2020,div,2272acc9818e7f9e3a2bd86e31f1379f3f142506740e337b7d726763c3f89fdf,e3b0c44298fc1c149afbf4c8996fb92427ae41e4649b934ca495991b7852b855,false,https://www.vonwobeser.com/images/PDF_news/2020_2/GAR_Commercial-Arbitration_2020_MX.pdf,,legacy_id,dd04c59c-2837-43b3-b8f9-29e98b6bd068,gar-know-how-commercial-arbitration-2020,1338,true,2020-06-01,match,match,match,similar,not_applicable,match,correcto,1,match,https://www.vonwobeser.com/news/gar-know-how-commercial-arbitration-2020?lang=en,true,true,0,
en:1325,en,1325,,https://www.vonwobeser.com/index.php/publications/articles?start=50,https://www.vonwobeser.com/index.php/publication?p_id=1325,200,https://www.vonwobeser.com/index.php/publication?p_id=1325,"June, 2020",2020-06,month,"Von Wobeser y Sierra - Latin Lawyer Insights, The Guide to Corporate Compliance, How to Conduct Internal Investigations of Alleged Wrongdoing","Von Wobeser y Sierra S.C. es una de las principales firmas de derecho mexicano que ofrece soluciones legales de servicio completo. Se compone de más de 30 diferentes áreas de práctica, incluyendo escritorios especializados con una lista fuerte de clientes internacionales y nacionales.",,,,,"Latin Lawyer Insights, The Guide to Corporate Compliance, How to Conduct Internal Investigations of Alleged Wrongdoing",div,2bb978a7db0340b026bac2196e115588b3a1910c3319db9ee74e3ece2054fceb,e3b0c44298fc1c149afbf4c8996fb92427ae41e4649b934ca495991b7852b855,false,https://www.vonwobeser.com/images/PDF/2020/8-How-to-Conduct-Internal-Investigations_v2020.pdf,,legacy_id,cc953777-ad79-4baf-828a-e4d0b840a928,latin-lawyer-insights-the-guide-to-corporate-compliance-how-to-conduct-internal-,1325,true,2020-06-01,match,match,match,similar,not_applicable,match,correcto,1,match,https://www.vonwobeser.com/news/latin-lawyer-insights-the-guide-to-corporate-compliance-how-to-conduct-internal-?lang=en,true,true,0,
en:1287,en,1287,1288,https://www.vonwobeser.com/index.php/publications/articles?start=50,https://www.vonwobeser.com/index.php/publication?p_id=1287,200,https://www.vonwobeser.com/index.php/publication?p_id=1287,"May, 2020",2020-05,month,Von Wobeser y Sierra - Legal Consequences For The Mexican Energy Sector Due To COVID-19,"Von Wobeser y Sierra S.C. es una de las principales firmas de derecho mexicano que ofrece soluciones legales de servicio completo. Se compone de más de 30 diferentes áreas de práctica, incluyendo escritorios especializados con una lista fuerte de clientes internacionales y nacionales.",,,,,Legal Consequences For The Mexican Energy Sector Due To COVID-19,div,bcdf6938dd51d70f0d523351ba2609a1ff01cbd265b2dcb453f1e9c489c982cb,59371338173f32582b233379fe881615663bb8541a3984ad01b722123f920a83,false,https://www.vonwobeser.com/images/PDF/2020/202005_ABA_Issue57vf_EG.pdf,,legacy_id,f81286f4-9f42-45e9-88e0-b4bf0eb0fe36,legal-consequences-for-the-mexican-energy-sector-due-to-covid-19,1287,true,2020-05-01,match,match,match,different,not_applicable,match,correcto,1,match,https://www.vonwobeser.com/news/legal-consequences-for-the-mexican-energy-sector-due-to-covid-19?lang=en,true,true,0,CONTENT_DIFFERENT
en:1150,en,1150,1151,https://www.vonwobeser.com/index.php/publications/articles?start=50,https://www.vonwobeser.com/index.php/publication?p_id=1150,200,https://www.vonwobeser.com/index.php/publication?p_id=1150,"February, 2020",2020-02,month,Von Wobeser y Sierra - GAR Investment Treaty Arbitration - Mexico,"Von Wobeser y Sierra S.C. es una de las principales firmas de derecho mexicano que ofrece soluciones legales de servicio completo. Se compone de más de 30 diferentes áreas de práctica, incluyendo escritorios especializados con una lista fuerte de clientes internacionales y nacionales.",,,,,GAR Investment Treaty Arbitration - Mexico,div,140b5b51ff17890773c442be09bce772fb186870a262e5d48cade868bafc4061,e3b0c44298fc1c149afbf4c8996fb92427ae41e4649b934ca495991b7852b855,false,https://www.vonwobeser.com/images/PDF_news/PDF_articles/2020/ITA---Mexico.pdf,,legacy_id,6fad7dce-a5db-4899-87a8-edc61b2deb33,gar-investment-treaty-arbitration-mexico,1150,true,2020-02-01,match,match,match,similar,not_applicable,match,correcto,1,match,https://www.vonwobeser.com/news/gar-investment-treaty-arbitration-mexico?lang=en,true,true,0,
en:1144,en,1144,1145,https://www.vonwobeser.com/index.php/publications/articles?start=50,https://www.vonwobeser.com/index.php/publication?p_id=1144,200,https://www.vonwobeser.com/index.php/publication?p_id=1144,"February, 2020",2020-02,month,Von Wobeser y Sierra - The Practitioner's Guide to Global Investigations,"Von Wobeser y Sierra S.C. es una de las principales firmas de derecho mexicano que ofrece soluciones legales de servicio completo. Se compone de más de 30 diferentes áreas de práctica, incluyendo escritorios especializados con una lista fuerte de clientes internacionales y nacionales.",,,,,The Practitioner's Guide to Global Investigations,div,12c9f3c9080b4b5d0d2dc039bad8cad98538e59e9bfb48bf22a34c41a8fe2446,e3b0c44298fc1c149afbf4c8996fb92427ae41e4649b934ca495991b7852b855,false,https://www.vonwobeser.com/images/PDF_news/2020/Mexico-1.pdf,,legacy_id,9f60f1cc-bb1c-41cb-b75a-80c23ac3e11a,the-practitioner-s-guide-to-global-investigations,1144,true,2020-02-01,match,match,match,similar,not_applicable,match,correcto,1,match,https://www.vonwobeser.com/news/the-practitioner-s-guide-to-global-investigations?lang=en,true,true,0,
en:1570,en,1570,1571,https://www.vonwobeser.com/index.php/publications/articles?start=50,https://www.vonwobeser.com/index.php/publication?p_id=1570,200,https://www.vonwobeser.com/index.php/publication?p_id=1570,"November, 2019",2019-11,month,"Von Wobeser y Sierra - Pablo Jiménez, Gregorio Lascano – Latin Lawyer -Never Let a Good Crisis Go to Waste: The Role of Culture, Perception and Common Sense in Crisis Management, 2019","Von Wobeser y Sierra S.C. es una de las principales firmas de derecho mexicano que ofrece soluciones legales de servicio completo. Se compone de más de 30 diferentes áreas de práctica, incluyendo escritorios especializados con una lista fuerte de clientes internacionales y nacionales.",,,,,"Pablo Jiménez, Gregorio Lascano – Latin Lawyer -Never Let a Good Crisis Go to Waste: The Role of Culture, Perception and Common Sense in Crisis Management, 2019",div,c36b6181c6536502a6f1787eb77ffd27840d622e42a0c6e4b967fc82c4cbcc1c,e3b0c44298fc1c149afbf4c8996fb92427ae41e4649b934ca495991b7852b855,false,https://www.vonwobeser.com/images/PDF_news/PDF_articles/2021/5-Latin-Lawyer.pdf,https://www.vonwobeser.com/index.php/lawyer?l=323,legacy_id,8a37476e-bcac-4994-a9d3-62538a40757c,pablo-jimenez-gregorio-lascano-latin-lawyer-never-let-a-good-crisis-go-to-waste-,1570,true,2019-11-01,match,match,match,similar,not_applicable,match,correcto,1,match,https://www.vonwobeser.com/news/pablo-jimenez-gregorio-lascano-latin-lawyer-never-let-a-good-crisis-go-to-waste-?lang=en,true,true,0,
en:1034,en,1034,1033,https://www.vonwobeser.com/index.php/publications/articles?start=50,https://www.vonwobeser.com/index.php/publication?p_id=1034,200,https://www.vonwobeser.com/index.php/publication?p_id=1034,"December, 2018",2018-12,month,Von Wobeser y Sierra - Diego Sierra- Global Restructuring Review- The Restructuring Review of the Americas 2019: Mexico Chapter,"Von Wobeser y Sierra S.C. es una de las principales firmas de derecho mexicano que ofrece soluciones legales de servicio completo. Se compone de más de 30 diferentes áreas de práctica, incluyendo escritorios especializados con una lista fuerte de clientes internacionales y nacionales.",,,,,Diego Sierra- Global Restructuring Review- The Restructuring Review of the Americas 2019: Mexico Chapter,div,7b4ccc4ee77a3c8933f83d4378eed1272cfccadc8da496eb08093bf7f7ec34e0,e3b0c44298fc1c149afbf4c8996fb92427ae41e4649b934ca495991b7852b855,false,https://www.vonwobeser.com/images/PDF_news/PDF_articles/2018/The-Restructuring-Review-of-the-Americas--Mexico-2019.pdf,https://www.vonwobeser.com/index.php/lawyer?l=149 | https://www.vonwobeser.com/index.php/practice?p=15,legacy_id,5b637e42-f93c-46c7-ac1c-7ea5636f3af2,diego-sierra-global-restructuring-review-the-restructuring-review-of-the-america,1034,true,2018-12-01,match,match,match,similar,not_applicable,match,correcto,1,match,https://www.vonwobeser.com/news/diego-sierra-global-restructuring-review-the-restructuring-review-of-the-america?lang=en,true,true,0,
en:1039,en,1039,1040,https://www.vonwobeser.com/index.php/publications/articles?start=50,https://www.vonwobeser.com/index.php/publication?p_id=1039,200,https://www.vonwobeser.com/index.php/publication?p_id=1039,"November, 2018",2018-11,month,Von Wobeser y Sierra - Luis Burgueño - Getting the Deal Through- Private Equity: Market Intelligence- Mexico Chapter 2018,"Von Wobeser y Sierra S.C. es una de las principales firmas de derecho mexicano que ofrece soluciones legales de servicio completo. Se compone de más de 30 diferentes áreas de práctica, incluyendo escritorios especializados con una lista fuerte de clientes internacionales y nacionales.",,,,,Luis Burgueño - Getting the Deal Through- Private Equity: Market Intelligence- Mexico Chapter 2018,div,4f204709f5eef2772a23f410314e30d17a36927a0dcbf43d37af4d9ddfba960c,e3b0c44298fc1c149afbf4c8996fb92427ae41e4649b934ca495991b7852b855,false,https://www.vonwobeser.com/images/PDF_news/PDF_articles/2018/Mexico-GTDT-Market-Intelligence--Private-Equity-2018.pdf,https://www.vonwobeser.com/index.php/lawyer?l=141,legacy_id,59b493a6-031d-404f-84f5-09a38eddf2de,luis-burgueno-getting-the-deal-through-private-equity-market-intelligence-mexico,1039,true,2018-11-01,match,match,match,similar,not_applicable,match,correcto,1,match,https://www.vonwobeser.com/news/luis-burgueno-getting-the-deal-through-private-equity-market-intelligence-mexico?lang=en,true,true,0,
en:1012,en,1012,,https://www.vonwobeser.com/index.php/publications/articles?start=50,https://www.vonwobeser.com/index.php/publication?p_id=1012,200,https://www.vonwobeser.com/index.php/publication?p_id=1012,"October, 2018",2018-10,month,"Von Wobeser y Sierra - Adrián Magallanes, Diego Sierra- Latin Lawyer: Litigation 2019, Mexico Reference","Von Wobeser y Sierra S.C. es una de las principales firmas de derecho mexicano que ofrece soluciones legales de servicio completo. Se compone de más de 30 diferentes áreas de práctica, incluyendo escritorios especializados con una lista fuerte de clientes internacionales y nacionales.",,,,,"Adrián Magallanes, Diego Sierra- Latin Lawyer: Litigation 2019, Mexico Reference",div,22ce57ede0b00c2d174ab7f0c08d23413aad9f7578b3127da7969c7813ed56b4,e3b0c44298fc1c149afbf4c8996fb92427ae41e4649b934ca495991b7852b855,false,https://www.vonwobeser.com/images/PDF_news/PDF_articles/2018/LL_Litigation-2019_MX.pdf,https://www.vonwobeser.com/index.php/lawyer?l=148 | https://www.vonwobeser.com/index.php/lawyer?l=149 | https://www.vonwobeser.com/index.php/practice?p=28,legacy_id,28f47dd6-1536-4f7d-ae48-80f4bf084f0c,adrian-magallanes-diego-sierra-latin-lawyer-litigation-2019-mexico-reference,1012,true,2018-10-01,match,match,match,similar,not_applicable,match,correcto,1,match,https://www.vonwobeser.com/news/adrian-magallanes-diego-sierra-latin-lawyer-litigation-2019-mexico-reference?lang=en,true,true,0,
en:987,en,987,,https://www.vonwobeser.com/index.php/publications/articles?start=50,https://www.vonwobeser.com/index.php/publication?p_id=987,200,https://www.vonwobeser.com/index.php/publication?p_id=987,"August, 2018",2018-08,month,Von Wobeser y Sierra - Fernando Carreño- Vlex Legal Jurídico y Fiscal: Compliance- Economic Competition in the Compliance Programme,"Von Wobeser y Sierra S.C. es una de las principales firmas de derecho mexicano que ofrece soluciones legales de servicio completo. Se compone de más de 30 diferentes áreas de práctica, incluyendo escritorios especializados con una lista fuerte de clientes internacionales y nacionales.",,,,,Fernando Carreño- Vlex Legal Jurídico y Fiscal: Compliance- Economic Competition in the Compliance Programme,div,7c05117a0259f9c6b177c000398fc54ff7a4202b406861a5a4bb994d3d078dd7,e3b0c44298fc1c149afbf4c8996fb92427ae41e4649b934ca495991b7852b855,false,https://www.vonwobeser.com/images/PDF_news/PDF_articles/2018/La-Competencia-Econmica-en-el-programa-de-Compliance-FC.pdf,https://www.vonwobeser.com/index.php/lawyer?l=145 | https://www.vonwobeser.com/index.php/practice?p=5 | https://www.vonwobeser.com/index.php/practice?p=14,legacy_id,c724a4cc-df79-414e-be7e-3f5d50874f78,fernando-carreno-vlex-legal-juridico-y-fiscal-compliance-economic-competition-in,987,true,2018-08-01,match,match,match,similar,not_applicable,match,correcto,1,match,https://www.vonwobeser.com/news/fernando-carreno-vlex-legal-juridico-y-fiscal-compliance-economic-competition-in?lang=en,true,true,0,
en:974,en,974,975,https://www.vonwobeser.com/index.php/publications/articles?start=60,https://www.vonwobeser.com/index.php/publication?p_id=974,200,https://www.vonwobeser.com/index.php/publication?p_id=974,"July, 2018",2018-07,month,Von Wobeser y Sierra - Diego Sierra & Pablo Fautsch- Getting the Deal Through- Legal Privilege & Professional Secrecy 2018: Mexico Chapter,"Von Wobeser y Sierra S.C. es una de las principales firmas de derecho mexicano que ofrece soluciones legales de servicio completo. Se compone de más de 30 diferentes áreas de práctica, incluyendo escritorios especializados con una lista fuerte de clientes internacionales y nacionales.",,,,,Diego Sierra & Pablo Fautsch- Getting the Deal Through- Legal Privilege & Professional Secrecy 2018: Mexico Chapter,div,24b2da19a7feae78ac5b2089691ed6e6d79e3ef7d0e36fa68fb3eee467f2390f,e3b0c44298fc1c149afbf4c8996fb92427ae41e4649b934ca495991b7852b855,false,https://www.vonwobeser.com/images/PDF_news/PDF_articles/2018/LPS2018Mexico.pdf,https://www.vonwobeser.com/index.php/lawyer?l=149 | https://www.vonwobeser.com/index.php/lawyer?l=165,legacy_id,5713bb35-7873-4829-9111-dcb5d209db58,diego-sierra-pablo-fautsch-getting-the-deal-through-legal-privilege-professional,974,true,2018-07-01,match,match,match,similar,not_applicable,match,correcto,1,match,https://www.vonwobeser.com/news/diego-sierra-pablo-fautsch-getting-the-deal-through-legal-privilege-professional?lang=en,true,true,0,
en:954,en,954,955,https://www.vonwobeser.com/index.php/publications/articles?start=60,https://www.vonwobeser.com/index.php/publication?p_id=954,200,https://www.vonwobeser.com/index.php/publication?p_id=954,"April, 2018",2018-04,month,Von Wobeser y Sierra - Silverio Sandate- Globe Law and Business- Educational Institutions: Mexico Chapter,"Von Wobeser y Sierra S.C. es una de las principales firmas de derecho mexicano que ofrece soluciones legales de servicio completo. Se compone de más de 30 diferentes áreas de práctica, incluyendo escritorios especializados con una lista fuerte de clientes internacionales y nacionales.",,,,,Silverio Sandate- Globe Law and Business- Educational Institutions: Mexico Chapter,div,8360a097abb3895ad0a4b9c589f95e4f0107580d6c55e86f48a13a7e1f553dd8,e3b0c44298fc1c149afbf4c8996fb92427ae41e4649b934ca495991b7852b855,false,https://www.vonwobeser.com/images/PDF_news/PDF_articles/2018/Educational-Institutions-Mexico-Chapter--Silverio-Sandate.pdf,,legacy_id,29beecc3-7190-4f93-87f7-709c062826ee,silverio-sandate-globe-law-and-business-educational-institutions-mexico-chapter,954,true,2018-04-01,match,match,match,similar,not_applicable,match,correcto,1,match,https://www.vonwobeser.com/news/silverio-sandate-globe-law-and-business-educational-institutions-mexico-chapter?lang=en,true,true,0,
en:915,en,915,916,https://www.vonwobeser.com/index.php/publications/articles?start=60,https://www.vonwobeser.com/index.php/publication?p_id=915,200,https://www.vonwobeser.com/index.php/publication?p_id=915,"April, 2018",2018-04,month,Von Wobeser y Sierra - Andrés Nieto- The Private Equity Review 7th Edition- Investing: Mexico Chapter,"Von Wobeser y Sierra S.C. es una de las principales firmas de derecho mexicano que ofrece soluciones legales de servicio completo. Se compone de más de 30 diferentes áreas de práctica, incluyendo escritorios especializados con una lista fuerte de clientes internacionales y nacionales.",,,,,Andrés Nieto- The Private Equity Review 7th Edition- Investing: Mexico Chapter,div,d7bba440b685dc34edf6d918625013a8be7666033b470f86ce39b0d2cef03a56,e3b0c44298fc1c149afbf4c8996fb92427ae41e4649b934ca495991b7852b855,false,https://www.vonwobeser.com/images/PDF_news/PDF_articles/2018/The-Private-Equity-Review-Mexico-Chapter--Investing.pdf,,legacy_id,395efad4-99b9-4f04-aea7-4a6888f246f3,andres-nieto-the-private-equity-review-7th-edition-investing-mexico-chapter,915,true,2018-04-01,match,match,match,similar,not_applicable,match,correcto,1,match,https://www.vonwobeser.com/news/andres-nieto-the-private-equity-review-7th-edition-investing-mexico-chapter?lang=en,true,true,0,
en:872,en,872,871,https://www.vonwobeser.com/index.php/publications/articles?start=60,https://www.vonwobeser.com/index.php/publication?p_id=872,200,https://www.vonwobeser.com/index.php/publication?p_id=872,"January, 2018",2018-01,month,"Von Wobeser y Sierra - Diego Sierra, Katarina Lundahl, Pablo Fautsch- Anti- Corruption Trends and Developments: Mexico Chapter","Von Wobeser y Sierra S.C. es una de las principales firmas de derecho mexicano que ofrece soluciones legales de servicio completo. Se compone de más de 30 diferentes áreas de práctica, incluyendo escritorios especializados con una lista fuerte de clientes internacionales y nacionales.",,,,,"Diego Sierra, Katarina Lundahl, Pablo Fautsch- Anti- Corruption Trends and Developments: Mexico Chapter",div,ba1c68ec6ab73f850defd061133f75cd60e978deb320051f3077aa2fd84fc096,e3b0c44298fc1c149afbf4c8996fb92427ae41e4649b934ca495991b7852b855,false,https://www.vonwobeser.com/images/PDF_news/PDF_articles/2018/017_MEXICO-TD.pdf,https://www.vonwobeser.com/index.php/lawyer?l=149 | https://www.vonwobeser.com/index.php/lawyer?l=165,legacy_id,ecd41fae-2b44-4790-908a-a2e16e3bc722,diego-sierra-katarina-lundahl-pablo-fautsch-anti-corruption-trends-and-developme,872,true,2018-01-01,match,match,match,similar,not_applicable,match,correcto,1,match,https://www.vonwobeser.com/news/diego-sierra-katarina-lundahl-pablo-fautsch-anti-corruption-trends-and-developme?lang=en,true,true,0,
en:863,en,863,864,https://www.vonwobeser.com/index.php/publications/articles?start=60,https://www.vonwobeser.com/index.php/publication?p_id=863,200,https://www.vonwobeser.com/index.php/publication?p_id=863,"December, 2017",2017-12,month,Von Wobeser y Sierra - Adrián Magallanes- Getting the Deal Through- Class Actions 2018: México Chapter,"Von Wobeser y Sierra S.C. es una de las principales firmas de derecho mexicano que ofrece soluciones legales de servicio completo. Se compone de más de 30 diferentes áreas de práctica, incluyendo escritorios especializados con una lista fuerte de clientes internacionales y nacionales.",,,,,Adrián Magallanes- Getting the Deal Through- Class Actions 2018: México Chapter,div,6e6bd717a2eceabdadadc76b009fac41959abce7b8e5757cb306765ccb8954f7,228ccc0bc6647733c7eaa70384e0f959e1cfcf2a518ca659ec9608fc58f6cc36,false,https://www.vonwobeser.com/images/PDF_news/PDF_articles/2017/Class-Actions-2018Mexico.pdf,https://www.vonwobeser.com/index.php/lawyer?l=148,legacy_id,74a116e1-fed5-4462-8d42-2e19f83df7e3,adrian-magallanes-getting-the-deal-through-class-actions-2018-mexico-chapter,863,true,2017-12-01,match,match,match,different,not_applicable,match,correcto,1,match,https://www.vonwobeser.com/news/adrian-magallanes-getting-the-deal-through-class-actions-2018-mexico-chapter?lang=en,true,true,0,CONTENT_DIFFERENT
en:847,en,847,848,https://www.vonwobeser.com/index.php/publications/articles?start=60,https://www.vonwobeser.com/index.php/publication?p_id=847,200,https://www.vonwobeser.com/index.php/publication?p_id=847,"December, 2017",2017-12,month,"Von Wobeser y Sierra - Luis Burgueño, Andrés Nieto- Getting the Deal Through- Private Equity: Market Inteligence- Mexico Chapter","Von Wobeser y Sierra S.C. es una de las principales firmas de derecho mexicano que ofrece soluciones legales de servicio completo. Se compone de más de 30 diferentes áreas de práctica, incluyendo escritorios especializados con una lista fuerte de clientes internacionales y nacionales.",,,,,"Luis Burgueño, Andrés Nieto- Getting the Deal Through- Private Equity: Market Inteligence- Mexico Chapter",div,4f204709f5eef2772a23f410314e30d17a36927a0dcbf43d37af4d9ddfba960c,e3b0c44298fc1c149afbf4c8996fb92427ae41e4649b934ca495991b7852b855,false,https://www.vonwobeser.com/images/PDF_news/PDF_articles/2017/GTDT-Market-Intelligence--Private-Equity--Volume-4-Issue-6.pdf,https://www.vonwobeser.com/index.php/lawyer?l=141,legacy_id,eece9e17-d241-4326-a741-491da5ee3032,luis-burgueno-andres-nieto-getting-the-deal-through-private-equity-market-inteli,847,true,2017-12-01,match,match,match,similar,not_applicable,match,correcto,1,match,https://www.vonwobeser.com/news/luis-burgueno-andres-nieto-getting-the-deal-through-private-equity-market-inteli?lang=en,true,true,0,
en:804,en,804,805,https://www.vonwobeser.com/index.php/publications/articles?start=60,https://www.vonwobeser.com/index.php/publication?p_id=804,200,https://www.vonwobeser.com/index.php/publication?p_id=804,"September, 2017",2017-09,month,Von Wobeser y Sierra - Fernando Carreño - Euromoney: Mexican M&A shrugs off the Trump slump,"Von Wobeser y Sierra S.C. es una de las principales firmas de derecho mexicano que ofrece soluciones legales de servicio completo. Se compone de más de 30 diferentes áreas de práctica, incluyendo escritorios especializados con una lista fuerte de clientes internacionales y nacionales.",,,,,Fernando Carreño - Euromoney: Mexican M&A shrugs off the Trump slump,div,5de727d87aa79c362e8014458748917a09f9ca544df0ebe7112796e3ab7537d6,06e38c842e70d734a040869611deea0e55ea9a51f64dc961bff1424da93d84bf,false,https://www.vonwobeser.com/images/PDF_news/2017/Mexican-MA-shrugs-off-the-Trump-slump-_-Euromoney.pdf,https://www.vonwobeser.com/index.php/lawyer?l=145 | https://www.euromoney.com/article/b14x1dch0gwn9v/mexican-mampa-shrugs-off-the-trump-slump,legacy_id,657a092c-94cc-4a60-9d39-43f3d4e551fc,fernando-carreno-euromoney-mexican-m-a-shrugs-off-the-trump-slump,804,true,2017-09-01,match,match,match,different,not_applicable,match,correcto,1,match,https://www.vonwobeser.com/news/fernando-carreno-euromoney-mexican-m-a-shrugs-off-the-trump-slump?lang=en,true,true,0,CONTENT_DIFFERENT
en:802,en,802,803,https://www.vonwobeser.com/index.php/publications/articles?start=60,https://www.vonwobeser.com/index.php/publication?p_id=802,200,https://www.vonwobeser.com/index.php/publication?p_id=802,"September, 2017",2017-09,month,Von Wobeser y Sierra - Adrián Magallanes Pérez & Rodrigo Barradas Muñiz- International Arbitration Review (8th edition)- Mexico Chapter,"Von Wobeser y Sierra S.C. es una de las principales firmas de derecho mexicano que ofrece soluciones legales de servicio completo. Se compone de más de 30 diferentes áreas de práctica, incluyendo escritorios especializados con una lista fuerte de clientes internacionales y nacionales.",,,,,Adrián Magallanes Pérez & Rodrigo Barradas Muñiz- International Arbitration Review (8th edition)- Mexico Chapter,div,dff2e141fa2b3dfb36644f0da4fb0c8f0715c4859e143f1cb243623af7515769,e3b0c44298fc1c149afbf4c8996fb92427ae41e4649b934ca495991b7852b855,false,https://www.vonwobeser.com/images/PDF_news/2017/IAR2017Mexico.pdf,https://www.vonwobeser.com/index.php/lawyer?l=148 | https://www.vonwobeser.com/index.php/lawyer?l=155,legacy_id,f763871e-d8a6-497a-bb06-9f739c7d58ce,adrian-magallanes-perez-rodrigo-barradas-muniz-international-arbitration-review-,802,true,2017-09-01,match,match,match,similar,not_applicable,match,correcto,1,match,https://www.vonwobeser.com/news/adrian-magallanes-perez-rodrigo-barradas-muniz-international-arbitration-review-?lang=en,true,true,0,
en:728,en,728,729,https://www.vonwobeser.com/index.php/publications/articles?start=60,https://www.vonwobeser.com/index.php/publication?p_id=728,200,https://www.vonwobeser.com/index.php/publication?p_id=728,"August, 2017",2017-08,month,"Von Wobeser y Sierra - Claus Von Wobeser & Adrian Magallanes- Chambers & Partners, Global Practice Guides, International Arbitration (Mexico)","Von Wobeser y Sierra S.C. es una de las principales firmas de derecho mexicano que ofrece soluciones legales de servicio completo. Se compone de más de 30 diferentes áreas de práctica, incluyendo escritorios especializados con una lista fuerte de clientes internacionales y nacionales.",,,,,"Claus Von Wobeser & Adrian Magallanes- Chambers & Partners, Global Practice Guides, International Arbitration (Mexico)",div,7965319fa9aa9c5afcfcd910fb264f9d254ac966fdb723189cefbaeb9b5806b7,e3b0c44298fc1c149afbf4c8996fb92427ae41e4649b934ca495991b7852b855,false,https://www.vonwobeser.com/images/PDF_news/PDF_articles/2017/Claus-Von-Wobeser-Adrian-Magallanes--Chambers-Partners-Global-Practice-Guides-International-Arbitration-Mexico.pdf,https://www.vonwobeser.com/index.php/lawyer?l=134 | https://www.vonwobeser.com/index.php/lawyer?l=148,legacy_id,b04d5875-d7ed-4c57-9876-d169dec113e9,claus-von-wobeser-adrian-magallanes-chambers-partners-global-practice-guides-int,728,true,2017-08-01,match,match,match,similar,not_applicable,match,correcto,1,match,https://www.vonwobeser.com/news/claus-von-wobeser-adrian-magallanes-chambers-partners-global-practice-guides-int?lang=en,true,true,0,
en:726,en,726,727,https://www.vonwobeser.com/index.php/publications/articles?start=60,https://www.vonwobeser.com/index.php/publication?p_id=726,200,https://www.vonwobeser.com/index.php/publication?p_id=726,"August, 2017",2017-08,month,Von Wobeser y Sierra - Diego Sierra- International Cooperation in Anticorruption Investigations in Mexico and its National System,"Von Wobeser y Sierra S.C. es una de las principales firmas de derecho mexicano que ofrece soluciones legales de servicio completo. Se compone de más de 30 diferentes áreas de práctica, incluyendo escritorios especializados con una lista fuerte de clientes internacionales y nacionales.",,,,,Diego Sierra- International Cooperation in Anticorruption Investigations in Mexico and its National System,div,a837031018db69e77e1014d0a23f21f6e480987bdb59851278c5cd9d8334cbb8,e3b0c44298fc1c149afbf4c8996fb92427ae41e4649b934ca495991b7852b855,false,https://www.vonwobeser.com/images/PDF_news/PDF_articles/2017/Cooperacin_Internacional_en_Investigaciones_Anticorrupcion_Diego-Sierra.pdf,https://www.vonwobeser.com/index.php/lawyer?l=149,legacy_id,56338ee4-3a5a-44bf-bacf-db3a8bacde0d,diego-sierra-international-cooperation-in-anticorruption-investigations-in-mexic,726,true,2017-08-01,match,match,match,similar,not_applicable,match,correcto,1,match,https://www.vonwobeser.com/news/diego-sierra-international-cooperation-in-anticorruption-investigations-in-mexic?lang=en,true,true,0,
en:224,en,224,223,https://www.vonwobeser.com/index.php/publications/articles?start=70,https://www.vonwobeser.com/index.php/publication?p_id=224,200,https://www.vonwobeser.com/index.php/publication?p_id=224,"June, 2017",2017-06,month,Von Wobeser y Sierra - Andres Nieto - Andres Nieto- Mexico Investing chapter in The Private Equity Review. April 2017,"Von Wobeser y Sierra S.C. es una de las principales firmas de derecho mexicano que ofrece soluciones legales de servicio completo. Se compone de más de 30 diferentes áreas de práctica, incluyendo escritorios especializados con una lista fuerte de clientes internacionales y nacionales.",,,,,Andres Nieto - Andres Nieto- Mexico Investing chapter in The Private Equity Review. April 2017,div,1dfe9dd7bcdf5b8fde9ab8ab146d7f18f670e0bd95750034db7ce50cb3c394ad,e3b0c44298fc1c149afbf4c8996fb92427ae41e4649b934ca495991b7852b855,false,https://www.vonwobeser.com/images/PDF_news/PDF_articles/2017/Private-Equity-Review-April-2017.pdf,,legacy_id,ce69d303-f318-4150-9d26-b34660286660,andres-nieto-andres-nieto-mexico-investing-chapter-in-the-private-equity-review-,224,true,2017-06-01,match,match,match,similar,not_applicable,match,correcto,1,match,https://www.vonwobeser.com/news/andres-nieto-andres-nieto-mexico-investing-chapter-in-the-private-equity-review-?lang=en,true,true,0,
en:193,en,193,194,https://www.vonwobeser.com/index.php/publications/articles?start=70,https://www.vonwobeser.com/index.php/publication?p_id=193,200,https://www.vonwobeser.com/index.php/publication?p_id=193,"March, 2017",2017-03,month,Von Wobeser y Sierra - Silverio Sandate - Silverio Sandate – Law Business Review: The Franchise Law Review,"Von Wobeser y Sierra S.C. es una de las principales firmas de derecho mexicano que ofrece soluciones legales de servicio completo. Se compone de más de 30 diferentes áreas de práctica, incluyendo escritorios especializados con una lista fuerte de clientes internacionales y nacionales.",,,,,Silverio Sandate - Silverio Sandate – Law Business Review: The Franchise Law Review,div,8ef748657a9cb11817554a87c77f61f7a90bf1e97bf5062df2d19c53eaa4b7bb,e3b0c44298fc1c149afbf4c8996fb92427ae41e4649b934ca495991b7852b855,false,https://www.vonwobeser.com/images/PDF_news/PDF_articles/2017/240317-The-Franchise-Law-Review-.pdf,,legacy_id,eb8b1c1b-6549-43e2-b937-33e7c42f61a3,silverio-sandate-silverio-sandate-law-business-review-the-franchise-law-review,193,true,2017-03-01,match,match,match,similar,not_applicable,match,correcto,1,match,https://www.vonwobeser.com/news/silverio-sandate-silverio-sandate-law-business-review-the-franchise-law-review?lang=en,true,true,0,
en:195,en,195,196,https://www.vonwobeser.com/index.php/publications/articles?start=70,https://www.vonwobeser.com/index.php/publication?p_id=195,200,https://www.vonwobeser.com/index.php/publication?p_id=195,"March, 2017",2017-03,month,"Von Wobeser y Sierra - Getting the Deal Through – Adrián Magallanes, Rodrigo Barradas – Arbitration 2017","Von Wobeser y Sierra S.C. es una de las principales firmas de derecho mexicano que ofrece soluciones legales de servicio completo. Se compone de más de 30 diferentes áreas de práctica, incluyendo escritorios especializados con una lista fuerte de clientes internacionales y nacionales.",,,,,"Getting the Deal Through – Adrián Magallanes, Rodrigo Barradas – Arbitration 2017",div,dd27a5bf1ccef66517ef8ead28eeb5b9ac37572c533d862b8759e35d6004f7e0,e3b0c44298fc1c149afbf4c8996fb92427ae41e4649b934ca495991b7852b855,false,https://www.vonwobeser.com/images/PDF_news/PDF_articles/2017/240317-GTDT-Arbitration-2017.pdf,https://www.vonwobeser.com/index.php/lawyer?l=148 | https://www.vonwobeser.com/index.php/lawyer?l=155,legacy_id,5f900aed-1c31-4ba2-93ca-f85c1e6a57b3,getting-the-deal-through-adrian-magallanes-rodrigo-barradas-arbitration-2017,195,true,2017-03-01,match,match,match,similar,not_applicable,match,correcto,1,match,https://www.vonwobeser.com/news/getting-the-deal-through-adrian-magallanes-rodrigo-barradas-arbitration-2017?lang=en,true,true,0,
en:227,en,227,228,https://www.vonwobeser.com/index.php/publications/articles?start=70,https://www.vonwobeser.com/index.php/publication?p_id=227,200,https://www.vonwobeser.com/index.php/publication?p_id=227,"December, 2016",2016-12,month,"Von Wobeser y Sierra - Luis Burgueño, Andrés Nieto - Luis Burgueño, Andrés Nieto - Getting The Deal Through, Market Intelligence, Private Equity in Mexico.","Von Wobeser y Sierra S.C. es una de las principales firmas de derecho mexicano que ofrece soluciones legales de servicio completo. Se compone de más de 30 diferentes áreas de práctica, incluyendo escritorios especializados con una lista fuerte de clientes internacionales y nacionales.",,,,,"Luis Burgueño, Andrés Nieto - Luis Burgueño, Andrés Nieto - Getting The Deal Through, Market Intelligence, Private Equity in Mexico.",div,ed4f53fe5d91f39298975d551672894343c2be85b2de70a494df6ed0ef86fd76,e3b0c44298fc1c149afbf4c8996fb92427ae41e4649b934ca495991b7852b855,false,https://www.vonwobeser.com/images/PDF_news/PDF_articles/2016/MI-3-5-PE-Mexico.pdf,https://www.vonwobeser.com/index.php/lawyer?l=141,legacy_id,4b5aa475-c671-4a98-8814-29ee3f4426b9,luis-burgueno-andres-nieto-luis-burgueno-andres-nieto-getting-the-deal-through-m,227,true,2016-12-01,match,match,match,similar,not_applicable,match,correcto,1,match,https://www.vonwobeser.com/news/luis-burgueno-andres-nieto-luis-burgueno-andres-nieto-getting-the-deal-through-m?lang=en,true,true,0,
en:197,en,197,198,https://www.vonwobeser.com/index.php/publications/articles?start=70,https://www.vonwobeser.com/index.php/publication?p_id=197,200,https://www.vonwobeser.com/index.php/publication?p_id=197,"August, 2016",2016-08,month,"Von Wobeser y Sierra - Adrián Magallanes, Diego Sierra – ICLG - The International Comparative Legal Guide: International Arbitration 2016.","Von Wobeser y Sierra S.C. es una de las principales firmas de derecho mexicano que ofrece soluciones legales de servicio completo. Se compone de más de 30 diferentes áreas de práctica, incluyendo escritorios especializados con una lista fuerte de clientes internacionales y nacionales.",,,,,"Adrián Magallanes, Diego Sierra – ICLG - The International Comparative Legal Guide: International Arbitration 2016.",div,2833bf5e0c560315ea28ea8b90d6df76927e18de4193fb0c30f0592a382af9db,e3b0c44298fc1c149afbf4c8996fb92427ae41e4649b934ca495991b7852b855,false,https://www.vonwobeser.com/images/PDF_news/PDF_articles/2016/IA16_Chapter-40_Mexico.pdf,https://www.vonwobeser.com/index.php/lawyer?l=148 | https://www.vonwobeser.com/index.php/lawyer?l=149,legacy_id,24e4f2cc-08ef-42ee-aec5-426cf6e5c4dc,adrian-magallanes-diego-sierra-iclg-the-international-comparative-legal-guide-in,197,true,2016-08-01,match,match,match,similar,not_applicable,match,correcto,1,match,https://www.vonwobeser.com/news/adrian-magallanes-diego-sierra-iclg-the-international-comparative-legal-guide-in?lang=en,true,true,0,
en:203,en,203,204,https://www.vonwobeser.com/index.php/publications/articles?start=70,https://www.vonwobeser.com/index.php/publication?p_id=203,200,https://www.vonwobeser.com/index.php/publication?p_id=203,"May, 2016",2016-05,month,Von Wobeser y Sierra - Edmond Grieger- Grupo Reforma; The energy issue – New Rules – Investing in the Mexican Renewables market.,"Von Wobeser y Sierra S.C. es una de las principales firmas de derecho mexicano que ofrece soluciones legales de servicio completo. Se compone de más de 30 diferentes áreas de práctica, incluyendo escritorios especializados con una lista fuerte de clientes internacionales y nacionales.",,,,,Edmond Grieger- Grupo Reforma; The energy issue – New Rules – Investing in the Mexican Renewables market.,div,ca44f488168e214605abbf8ad1212f6003bdd9dd04f1f54b631e3a276ceba8bf,e3b0c44298fc1c149afbf4c8996fb92427ae41e4649b934ca495991b7852b855,false,https://www.vonwobeser.com/images/PDF_news/PDF_articles/2016/New_Rules1.PDF,https://www.vonwobeser.com/index.php/lawyer?l=147,legacy_id,de46ca3a-47db-424f-942d-9433d3643b76,edmond-grieger-grupo-reforma-the-energy-issue-new-rules-investing-in-the-mexican,203,true,2016-05-01,match,match,match,similar,not_applicable,match,correcto,1,match,https://www.vonwobeser.com/news/edmond-grieger-grupo-reforma-the-energy-issue-new-rules-investing-in-the-mexican?lang=en,true,true,0,
en:207,en,207,208,https://www.vonwobeser.com/index.php/publications/articles?start=70,https://www.vonwobeser.com/index.php/publication?p_id=207,200,https://www.vonwobeser.com/index.php/publication?p_id=207,"April, 2016",2016-04,month,"Von Wobeser y Sierra - Daniel Huth - Daniel Huth, *Special Input from Edmond Grieger - OGEL - Oil, Gas & Energy Law - March 2016.","Von Wobeser y Sierra S.C. es una de las principales firmas de derecho mexicano que ofrece soluciones legales de servicio completo. Se compone de más de 30 diferentes áreas de práctica, incluyendo escritorios especializados con una lista fuerte de clientes internacionales y nacionales.",,,,,"Daniel Huth - Daniel Huth, *Special Input from Edmond Grieger - OGEL - Oil, Gas & Energy Law - March 2016.",div,a110470eac77cfdaa514a48bba8699be27a23d961ffcf75810a9539effb801d9,e3b0c44298fc1c149afbf4c8996fb92427ae41e4649b934ca495991b7852b855,false,https://www.vonwobeser.com/images/PDF_news/PDF_articles/2016/ov14-1-article08.pdf,https://www.vonwobeser.com/index.php/lawyer?l=147,legacy_id,bc109572-9e89-40ba-814e-294cd33596c7,daniel-huth-daniel-huth-special-input-from-edmond-grieger-ogel-oil-gas-energy-la,207,true,2016-04-01,match,match,match,similar,not_applicable,match,correcto,1,match,https://www.vonwobeser.com/news/daniel-huth-daniel-huth-special-input-from-edmond-grieger-ogel-oil-gas-energy-la?lang=en,true,true,0,
en:211,en,211,212,https://www.vonwobeser.com/index.php/publications/articles?start=70,https://www.vonwobeser.com/index.php/publication?p_id=211,200,https://www.vonwobeser.com/index.php/publication?p_id=211,"March, 2016",2016-03,month,"Von Wobeser y Sierra - Fernando Carreño, Paloma Alcántara - Fernando Carreño, Paloma Alcántara- Law Business Research, The Public Competition Enforcement Review - 8th Edition: Mexico","Von Wobeser y Sierra S.C. es una de las principales firmas de derecho mexicano que ofrece soluciones legales de servicio completo. Se compone de más de 30 diferentes áreas de práctica, incluyendo escritorios especializados con una lista fuerte de clientes internacionales y nacionales.",,,,,"Fernando Carreño, Paloma Alcántara - Fernando Carreño, Paloma Alcántara- Law Business Research, The Public Competition Enforcement Review - 8th Edition: Mexico",div,0e49044011bb93999f2c1845d9f24d7ae39d4fadcdc171be7a1c26cb6fa3404f,e3b0c44298fc1c149afbf4c8996fb92427ae41e4649b934ca495991b7852b855,false,https://www.vonwobeser.com/images/PDF_news/PDF_articles/2016/Mexico.pdf,https://www.vonwobeser.com/index.php/lawyer?l=145,legacy_id,6b98ab95-5616-46b2-aeac-aa7dd74188a9,fernando-carreno-paloma-alcantara-fernando-carreno-paloma-alcantara-law-business,211,true,2016-03-01,match,match,match,similar,not_applicable,match,correcto,1,match,https://www.vonwobeser.com/news/fernando-carreno-paloma-alcantara-fernando-carreno-paloma-alcantara-law-business?lang=en,true,true,0,
en:215,en,215,216,https://www.vonwobeser.com/index.php/publications/articles?start=70,https://www.vonwobeser.com/index.php/publication?p_id=215,200,https://www.vonwobeser.com/index.php/publication?p_id=215,"February, 2016",2016-02,month,"Von Wobeser y Sierra - Edmond Grieger with the colaboration of Daniel Huth (Foreign Associate) - Financier Worldwide, Energy & Utilities 2016, February 2016.","Von Wobeser y Sierra S.C. es una de las principales firmas de derecho mexicano que ofrece soluciones legales de servicio completo. Se compone de más de 30 diferentes áreas de práctica, incluyendo escritorios especializados con una lista fuerte de clientes internacionales y nacionales.",,,,,"Edmond Grieger with the colaboration of Daniel Huth (Foreign Associate) - Financier Worldwide, Energy & Utilities 2016, February 2016.",div,1ddbf2d32d60be60ac05193fb884e5e72df6d1c859f2128fad89b41e2bfbc902,e3b0c44298fc1c149afbf4c8996fb92427ae41e4649b934ca495991b7852b855,false,https://www.vonwobeser.com/images/PDF_news/PDF_articles/2016/vwys.pdf,https://www.vonwobeser.com/index.php/lawyer?l=147,legacy_id,b0b7e68f-5898-43a9-bf07-37f0b4fbf46b,edmond-grieger-with-the-colaboration-of-daniel-huth-foreign-associate-financier-,215,true,2016-02-01,match,match,match,similar,not_applicable,match,correcto,1,match,https://www.vonwobeser.com/news/edmond-grieger-with-the-colaboration-of-daniel-huth-foreign-associate-financier-?lang=en,true,true,0,
en:233,en,233,234,https://www.vonwobeser.com/index.php/publications/articles?start=70,https://www.vonwobeser.com/index.php/publication?p_id=233,200,https://www.vonwobeser.com/index.php/publication?p_id=233,"December, 2015",2015-12,month,Von Wobeser y Sierra - Andrés Nieto - PLC Leading and taking security in Mexico.,"Von Wobeser y Sierra S.C. es una de las principales firmas de derecho mexicano que ofrece soluciones legales de servicio completo. Se compone de más de 30 diferentes áreas de práctica, incluyendo escritorios especializados con una lista fuerte de clientes internacionales y nacionales.",,,,,Andrés Nieto - PLC Leading and taking security in Mexico.,div,f09b5cf344bb30a53b6d823d318d6d6b7e201f6be457f6773f0d470bb60779b7,e3b0c44298fc1c149afbf4c8996fb92427ae41e4649b934ca495991b7852b855,false,https://www.vonwobeser.com/images/PDF_news/PDF_articles/2015/vwys0412.pdf,,legacy_id,31ab1a16-47cd-40c3-8172-76ede649340d,andres-nieto-plc-leading-and-taking-security-in-mexico,233,true,2015-12-01,match,match,match,similar,not_applicable,match,correcto,1,match,https://www.vonwobeser.com/news/andres-nieto-plc-leading-and-taking-security-in-mexico?lang=en,true,true,0,
en:237,en,237,238,https://www.vonwobeser.com/index.php/publications/articles?start=80,https://www.vonwobeser.com/index.php/publication?p_id=237,200,https://www.vonwobeser.com/index.php/publication?p_id=237,"October, 2015",2015-10,month,Von Wobeser y Sierra - Rodolfo Trampe y Jorge Díaz - Getting the Deal Through-Outsourcing 2016.,"Von Wobeser y Sierra S.C. es una de las principales firmas de derecho mexicano que ofrece soluciones legales de servicio completo. Se compone de más de 30 diferentes áreas de práctica, incluyendo escritorios especializados con una lista fuerte de clientes internacionales y nacionales.",,,,,Rodolfo Trampe y Jorge Díaz - Getting the Deal Through-Outsourcing 2016.,div,e12a007c6f2fc4660ac7154c54d6b2b22eaa5433f54b31960a5254bce80de41c,e3b0c44298fc1c149afbf4c8996fb92427ae41e4649b934ca495991b7852b855,false,https://www.vonwobeser.com/images/PDF_news/PDF_articles/2015/OS2016_Mexico.pdf,,legacy_id,c03151e2-7c17-4ebc-8701-d9afea07dd81,rodolfo-trampe-y-jorge-diaz-getting-the-deal-through-outsourcing-2016,237,true,2015-10-01,match,match,match,similar,not_applicable,match,correcto,1,match,https://www.vonwobeser.com/news/rodolfo-trampe-y-jorge-diaz-getting-the-deal-through-outsourcing-2016?lang=en,true,true,0,
en:239,en,239,240,https://www.vonwobeser.com/index.php/publications/articles?start=80,https://www.vonwobeser.com/index.php/publication?p_id=239,200,https://www.vonwobeser.com/index.php/publication?p_id=239,"October, 2015",2015-10,month,"Von Wobeser y Sierra - Luis Burgueño, Andrés Nieto - Getting The Deal Through, Market Intelligence, Private Equity in Mexico","Von Wobeser y Sierra S.C. es una de las principales firmas de derecho mexicano que ofrece soluciones legales de servicio completo. Se compone de más de 30 diferentes áreas de práctica, incluyendo escritorios especializados con una lista fuerte de clientes internacionales y nacionales.",,,,,"Luis Burgueño, Andrés Nieto - Getting The Deal Through, Market Intelligence, Private Equity in Mexico",div,ed4f53fe5d91f39298975d551672894343c2be85b2de70a494df6ed0ef86fd76,e3b0c44298fc1c149afbf4c8996fb92427ae41e4649b934ca495991b7852b855,false,https://www.vonwobeser.com/images/PDF_news/PDF_articles/2015/marketintelligence.pdf,https://www.vonwobeser.com/index.php/lawyer?l=141,legacy_id,18c12062-007c-47fc-a036-96542ad08393,luis-burgueno-andres-nieto-getting-the-deal-through-market-intelligence-private-,239,true,2015-10-01,match,match,match,similar,not_applicable,match,correcto,1,match,https://www.vonwobeser.com/news/luis-burgueno-andres-nieto-getting-the-deal-through-market-intelligence-private-?lang=en,true,true,0,
en:241,en,241,242,https://www.vonwobeser.com/index.php/publications/articles?start=80,https://www.vonwobeser.com/index.php/publication?p_id=241,200,https://www.vonwobeser.com/index.php/publication?p_id=241,"September, 2015",2015-09,month,"Von Wobeser y Sierra - Luis Burgueño, Andrés Nieto - International Bar Association, North American Regional Forum News, Master limited partnerships: a new way to invest in Mexico.","Von Wobeser y Sierra S.C. es una de las principales firmas de derecho mexicano que ofrece soluciones legales de servicio completo. Se compone de más de 30 diferentes áreas de práctica, incluyendo escritorios especializados con una lista fuerte de clientes internacionales y nacionales.",,,,,"Luis Burgueño, Andrés Nieto - International Bar Association, North American Regional Forum News, Master limited partnerships: a new way to invest in Mexico.",div,9a10daa92f6e65ba01689d373defc5816b349774cab5ccbaf44bcc7670d2a07c,9a10daa92f6e65ba01689d373defc5816b349774cab5ccbaf44bcc7670d2a07c,false,https://www.vonwobeser.com/images/PDF_news/PDF_articles/2015/North_American_Regional_Forum_News_Sept_2015.pdf,https://www.vonwobeser.com/index.php/lawyer?l=141,legacy_id,8bcbe1b1-5288-4f35-8483-10a7a078bab1,luis-burgueno-andres-nieto-international-bar-association-north-american-regional,241,true,2015-09-01,match,match,similar,similar,not_applicable,match,correcto,1,match,https://www.vonwobeser.com/news/luis-burgueno-andres-nieto-international-bar-association-north-american-regional?lang=en,true,true,0,
en:243,en,243,244,https://www.vonwobeser.com/index.php/publications/articles?start=80,https://www.vonwobeser.com/index.php/publication?p_id=243,200,https://www.vonwobeser.com/index.php/publication?p_id=243,"September, 2015",2015-09,month,Von Wobeser y Sierra - Adrián Magallanes - PLC - Class Actions 1st Edition Global Guide.,"Von Wobeser y Sierra S.C. es una de las principales firmas de derecho mexicano que ofrece soluciones legales de servicio completo. Se compone de más de 30 diferentes áreas de práctica, incluyendo escritorios especializados con una lista fuerte de clientes internacionales y nacionales.",,,,,Adrián Magallanes - PLC - Class Actions 1st Edition Global Guide.,div,913bd8d56051c9b7b1d344caeb47aa65418de4bac561982c6717ba01960ed726,e3b0c44298fc1c149afbf4c8996fb92427ae41e4649b934ca495991b7852b855,false,https://www.vonwobeser.com/images/PDF_news/PDF_articles/2015/classactions.pdf,https://www.vonwobeser.com/index.php/lawyer?l=148,legacy_id,7217fb31-7afe-4cf3-a4ba-12e3c50398ae,adrian-magallanes-plc-class-actions-1st-edition-global-guide,243,true,2015-09-01,match,match,match,similar,not_applicable,match,correcto,1,match,https://www.vonwobeser.com/news/adrian-magallanes-plc-class-actions-1st-edition-global-guide?lang=en,true,true,0,
en:247,en,247,248,https://www.vonwobeser.com/index.php/publications/articles?start=80,https://www.vonwobeser.com/index.php/publication?p_id=247,200,https://www.vonwobeser.com/index.php/publication?p_id=247,"September, 2015",2015-09,month,"Von Wobeser y Sierra - Fernando Carreño, Paloma Alcántara - Global Competition Review, Mexico: Overview, The Antitrust Review of the Americas 2016.","Von Wobeser y Sierra S.C. es una de las principales firmas de derecho mexicano que ofrece soluciones legales de servicio completo. Se compone de más de 30 diferentes áreas de práctica, incluyendo escritorios especializados con una lista fuerte de clientes internacionales y nacionales.",,,,,"Fernando Carreño, Paloma Alcántara - Global Competition Review, Mexico: Overview, The Antitrust Review of the Americas 2016.",div,8b0217d1f561cc2f1b0cff8698c60903d3fa5b2fecda374a85122cda48173727,e3b0c44298fc1c149afbf4c8996fb92427ae41e4649b934ca495991b7852b855,false,https://www.vonwobeser.com/images/PDF_news/PDF_articles/2015/Mexico_Overview.pdf,https://www.vonwobeser.com/index.php/lawyer?l=145,legacy_id,94b7560c-11ed-42d4-be2c-11b62242c9f0,fernando-carreno-paloma-alcantara-global-competition-review-mexico-overview-the-,247,true,2015-09-01,match,match,match,similar,not_applicable,match,correcto,1,match,https://www.vonwobeser.com/news/fernando-carreno-paloma-alcantara-global-competition-review-mexico-overview-the-?lang=en,true,true,0,
en:249,en,249,250,https://www.vonwobeser.com/index.php/publications/articles?start=80,https://www.vonwobeser.com/index.php/publication?p_id=249,200,https://www.vonwobeser.com/index.php/publication?p_id=249,"September, 2015",2015-09,month,"Von Wobeser y Sierra - Luis Burgueño, Andrés Nieto - Law Business Research, Mergers & Acquisitions Review: Mexico.","Von Wobeser y Sierra S.C. es una de las principales firmas de derecho mexicano que ofrece soluciones legales de servicio completo. Se compone de más de 30 diferentes áreas de práctica, incluyendo escritorios especializados con una lista fuerte de clientes internacionales y nacionales.",,,,,"Luis Burgueño, Andrés Nieto - Law Business Research, Mergers & Acquisitions Review: Mexico.",div,214285cf2885ba80932f297c6faafb03a5b2c8d8e0beb44c971c1d8d1420961c,e3b0c44298fc1c149afbf4c8996fb92427ae41e4649b934ca495991b7852b855,false,https://www.vonwobeser.com/images/PDF_news/PDF_articles/2015/Mexico.pdf,https://www.vonwobeser.com/index.php/lawyer?l=141,legacy_id,d8742beb-cbcf-4d31-b590-2769d48d7270,luis-burgueno-andres-nieto-law-business-research-mergers-acquisitions-review-mex,249,true,2015-09-01,match,match,match,similar,not_applicable,match,correcto,1,match,https://www.vonwobeser.com/news/luis-burgueno-andres-nieto-law-business-research-mergers-acquisitions-review-mex?lang=en,true,true,0,
en:251,en,251,252,https://www.vonwobeser.com/index.php/publications/articles?start=80,https://www.vonwobeser.com/index.php/publication?p_id=251,200,https://www.vonwobeser.com/index.php/publication?p_id=251,"September, 2015",2015-09,month,"Von Wobeser y Sierra - Diego Sierra - Global Investigations Review, Anti-corruption reform in Mexico.","Von Wobeser y Sierra S.C. es una de las principales firmas de derecho mexicano que ofrece soluciones legales de servicio completo. Se compone de más de 30 diferentes áreas de práctica, incluyendo escritorios especializados con una lista fuerte de clientes internacionales y nacionales.",,,,,"Diego Sierra - Global Investigations Review, Anti-corruption reform in Mexico.",div,691453acd3b68bc07f74b33592cdf01364ba2f5d66c0de43432a3a239b724902,e3b0c44298fc1c149afbf4c8996fb92427ae41e4649b934ca495991b7852b855,false,https://www.vonwobeser.com/images/PDF_news/PDF_articles/2015/Mexico-Overviewsep15.pdf,https://www.vonwobeser.com/index.php/lawyer?l=149,legacy_id,a41078a1-9208-4ff0-9844-5a8a90e90f91,diego-sierra-global-investigations-review-anti-corruption-reform-in-mexico,251,true,2015-09-01,match,match,match,similar,not_applicable,match,correcto,1,match,https://www.vonwobeser.com/news/diego-sierra-global-investigations-review-anti-corruption-reform-in-mexico?lang=en,true,true,0,
en:259,en,259,260,https://www.vonwobeser.com/index.php/publications/articles?start=80,https://www.vonwobeser.com/index.php/publication?p_id=259,200,https://www.vonwobeser.com/index.php/publication?p_id=259,"June, 2015",2015-06,month,"Von Wobeser y Sierra - Edmond Grieger - Financier Worldwide, Oil & Gas 2015, June 2015.","Von Wobeser y Sierra S.C. es una de las principales firmas de derecho mexicano que ofrece soluciones legales de servicio completo. Se compone de más de 30 diferentes áreas de práctica, incluyendo escritorios especializados con una lista fuerte de clientes internacionales y nacionales.",,,,,"Edmond Grieger - Financier Worldwide, Oil & Gas 2015, June 2015.",div,f9fe53a66debb34ef1039e99d81131f7e8ae81ca92cd831f063b51f1fef43009,e3b0c44298fc1c149afbf4c8996fb92427ae41e4649b934ca495991b7852b855,false,https://www.vonwobeser.com/images/PDF_news/PDF_articles/2015/FINANCIER.pdf,https://www.vonwobeser.com/index.php/lawyer?l=147,legacy_id,9a069de8-913f-4074-bcf8-24548771918a,edmond-grieger-financier-worldwide-oil-gas-2015-june-2015,259,true,2015-06-01,match,match,match,similar,not_applicable,match,correcto,1,match,https://www.vonwobeser.com/news/edmond-grieger-financier-worldwide-oil-gas-2015-june-2015?lang=en,true,true,0,
en:261,en,261,262,https://www.vonwobeser.com/index.php/publications/articles?start=80,https://www.vonwobeser.com/index.php/publication?p_id=261,200,https://www.vonwobeser.com/index.php/publication?p_id=261,"May, 2015",2015-05,month,"Von Wobeser y Sierra - Claus von Wobeser, Adrian Magallanes – Chambers- Global Practice Guides, International Arbitration: Mexico-Law & Practice, May 2015, Mexico.","Von Wobeser y Sierra S.C. es una de las principales firmas de derecho mexicano que ofrece soluciones legales de servicio completo. Se compone de más de 30 diferentes áreas de práctica, incluyendo escritorios especializados con una lista fuerte de clientes internacionales y nacionales.",,,,,"Claus von Wobeser, Adrian Magallanes – Chambers- Global Practice Guides, International Arbitration: Mexico-Law & Practice, May 2015, Mexico.",div,8bbcd65784ce9566c116c8f410e05bb5aa91b074ccb90c6a74f8d3e19294f120,e3b0c44298fc1c149afbf4c8996fb92427ae41e4649b934ca495991b7852b855,false,https://www.vonwobeser.com/images/PDF_news/PDF_articles/2015/MEXICO_LandP.PDF,https://www.vonwobeser.com/index.php/lawyer?l=134 | https://www.vonwobeser.com/index.php/lawyer?l=148,legacy_id,6865c431-2d8e-4615-9818-11b53163ffb6,claus-von-wobeser-adrian-magallanes-chambers-global-practice-guides-internationa,261,true,2015-05-01,match,match,match,similar,not_applicable,match,correcto,1,match,https://www.vonwobeser.com/news/claus-von-wobeser-adrian-magallanes-chambers-global-practice-guides-internationa?lang=en,true,true,0,
en:263,en,263,264,https://www.vonwobeser.com/index.php/publications/articles?start=80,https://www.vonwobeser.com/index.php/publication?p_id=263,200,https://www.vonwobeser.com/index.php/publication?p_id=263,"May, 2015",2015-05,month,"Von Wobeser y Sierra - Claus Von Wobeser, Adrian Magallanes – Chambers- Global Practice Guides, International Arbitration: Mexico-Trends & Developments, May 2015.","Von Wobeser y Sierra S.C. es una de las principales firmas de derecho mexicano que ofrece soluciones legales de servicio completo. Se compone de más de 30 diferentes áreas de práctica, incluyendo escritorios especializados con una lista fuerte de clientes internacionales y nacionales.",,,,,"Claus Von Wobeser, Adrian Magallanes – Chambers- Global Practice Guides, International Arbitration: Mexico-Trends & Developments, May 2015.",div,4267384efde6fbe4332872c1a989eb7792fbd7c2a1c868c39877c01410cb70e5,e3b0c44298fc1c149afbf4c8996fb92427ae41e4649b934ca495991b7852b855,false,https://www.vonwobeser.com/images/PDF_news/PDF_articles/2015/MEXICO_TD.PDF,https://www.vonwobeser.com/index.php/lawyer?l=134 | https://www.vonwobeser.com/index.php/lawyer?l=148,legacy_id,2af3f55c-325f-4694-9e7a-0c090aae953e,claus-von-wobeser-adrian-magallanes-chambers-global-practice-guides-internationa-2,263,true,2015-05-01,match,match,match,similar,not_applicable,match,correcto,1,match,https://www.vonwobeser.com/news/claus-von-wobeser-adrian-magallanes-chambers-global-practice-guides-internationa-2?lang=en,true,true,0,
en:269,en,269,270,https://www.vonwobeser.com/index.php/publications/articles?start=90,https://www.vonwobeser.com/index.php/publication?p_id=269,200,https://www.vonwobeser.com/index.php/publication?p_id=269,"April, 2015",2015-04,month,"Von Wobeser y Sierra - Andrés Nieto - Getting the Deal Through: Structured Finance & Securitisation, April 2015.","Von Wobeser y Sierra S.C. es una de las principales firmas de derecho mexicano que ofrece soluciones legales de servicio completo. Se compone de más de 30 diferentes áreas de práctica, incluyendo escritorios especializados con una lista fuerte de clientes internacionales y nacionales.",,,,,"Andrés Nieto - Getting the Deal Through: Structured Finance & Securitisation, April 2015.",div,da7399c404cb1b2358e48d7cc21b55c2a0c9c4c0c80ebb0fc4629c644bcbff1e,e3b0c44298fc1c149afbf4c8996fb92427ae41e4649b934ca495991b7852b855,false,https://www.vonwobeser.com/images/PDF_news/PDF_articles/2015/VWYS-_5099-v1-Andres_Nieto__Getting_the_Deal_Throug__Structured_Finance_Securitisation__april_20151.pdf,https://www.vonwobeser.com/index.php/lawyer?l=141,legacy_id,a5bd0208-1fce-44d9-9dcd-18a8a1986bdc,andres-nieto-getting-the-deal-through-structured-finance-securitisation-april-20,269,true,2015-04-01,match,match,match,similar,not_applicable,match,correcto,1,match,https://www.vonwobeser.com/news/andres-nieto-getting-the-deal-through-structured-finance-securitisation-april-20?lang=en,true,true,0,
en:300,en,300,272,https://www.vonwobeser.com/index.php/publications/articles?start=90,https://www.vonwobeser.com/index.php/publication?p_id=300,200,https://www.vonwobeser.com/index.php/publication?p_id=300,"March, 2015",2015-03,month,"Von Wobeser y Sierra - Andrés Nieto - Getting The Deal Through, Banking Regulation in Mexico, March 2015.","Von Wobeser y Sierra S.C. es una de las principales firmas de derecho mexicano que ofrece soluciones legales de servicio completo. Se compone de más de 30 diferentes áreas de práctica, incluyendo escritorios especializados con una lista fuerte de clientes internacionales y nacionales.",,,,,"Andrés Nieto - Getting The Deal Through, Banking Regulation in Mexico, March 2015.",div,5a836652f7f0e7bc6c254f9951d116da04b816dad5872ae68998618ca9827390,e3b0c44298fc1c149afbf4c8996fb92427ae41e4649b934ca495991b7852b855,false,https://www.vonwobeser.com/images/PDF_news/PDF_articles/2015/BankingRegulation2015Mexico.PDF,,legacy_id,3d46789f-7d71-49b0-80ed-467975bff101,andres-nieto-getting-the-deal-through-banking-regulation-in-mexico-march-2015,300,true,2015-03-01,match,match,match,similar,not_applicable,match,correcto,1,match,https://www.vonwobeser.com/news/andres-nieto-getting-the-deal-through-banking-regulation-in-mexico-march-2015?lang=en,true,true,0,
en:271,en,271,297,https://www.vonwobeser.com/index.php/publications/articles?start=90,https://www.vonwobeser.com/index.php/publication?p_id=271,200,https://www.vonwobeser.com/index.php/publication?p_id=271,"March, 2015",2015-03,month,"Von Wobeser y Sierra - Fernando Carreño - Chambers & Partners, Legal Practice Guide; Competition/ Cartels, March, 2015","Von Wobeser y Sierra S.C. es una de las principales firmas de derecho mexicano que ofrece soluciones legales de servicio completo. Se compone de más de 30 diferentes áreas de práctica, incluyendo escritorios especializados con una lista fuerte de clientes internacionales y nacionales.",,,,,"Fernando Carreño - Chambers & Partners, Legal Practice Guide; Competition/ Cartels, March, 2015",div,b8e9f19bd6919c17571817304bfd2a37a66e13d43cad6f95f141ea750a18db6f,e3b0c44298fc1c149afbf4c8996fb92427ae41e4649b934ca495991b7852b855,false,https://www.vonwobeser.com/images/PDF_news/PDF_articles/2015/VWYS_2603-v1-CHAMBERS_AND_PARTNERS_COMPETITION_ANTITRUST_MEXICO.PDF,https://www.vonwobeser.com/index.php/lawyer?l=145,legacy_id,b0d6183b-6015-4d52-974f-df813b2fdc71,fernando-carreno-chambers-partners-legal-practice-guide-competition-cartels-marc,271,true,2015-03-01,match,match,match,similar,not_applicable,match,correcto,1,match,https://www.vonwobeser.com/news/fernando-carreno-chambers-partners-legal-practice-guide-competition-cartels-marc?lang=en,true,true,0,
en:302,en,302,303,https://www.vonwobeser.com/index.php/publications/articles?start=90,https://www.vonwobeser.com/index.php/publication?p_id=302,200,https://www.vonwobeser.com/index.php/publication?p_id=302,"February, 2015",2015-02,month,"Von Wobeser y Sierra - Adrian Magallanes - Global Law and Business, Enforcement of Investment Treaty Arbitration Awards Mexico, February 2015.","Von Wobeser y Sierra S.C. es una de las principales firmas de derecho mexicano que ofrece soluciones legales de servicio completo. Se compone de más de 30 diferentes áreas de práctica, incluyendo escritorios especializados con una lista fuerte de clientes internacionales y nacionales.",,,,,"Adrian Magallanes - Global Law and Business, Enforcement of Investment Treaty Arbitration Awards Mexico, February 2015.",div,363f3e642e83cc132312670ce71594fdf4e8a1e89b92011b5b84f3cf84fc7b1a,e3b0c44298fc1c149afbf4c8996fb92427ae41e4649b934ca495991b7852b855,false,https://www.vonwobeser.com/images/PDF_news/PDF_articles/2015/Enforcement_of_Investment_Treaty_Arbitration_Awards_Mexico.pdf,https://www.vonwobeser.com/index.php/lawyer?l=148,legacy_id,6d9c7fb7-4ede-498b-a8b5-4b3dd6e9cf41,adrian-magallanes-global-law-and-business-enforcement-of-investment-treaty-arbit,302,true,2015-02-01,match,match,match,similar,not_applicable,match,correcto,1,match,https://www.vonwobeser.com/news/adrian-magallanes-global-law-and-business-enforcement-of-investment-treaty-arbit?lang=en,true,true,0,
en:306,en,306,307,https://www.vonwobeser.com/index.php/publications/articles?start=90,https://www.vonwobeser.com/index.php/publication?p_id=306,200,https://www.vonwobeser.com/index.php/publication?p_id=306,"January, 2015",2015-01,month,"Von Wobeser y Sierra - Edmond Grieger - Corporate Livewire, Virtual Round Table, Energy Natural Resources, January 2015","Von Wobeser y Sierra S.C. es una de las principales firmas de derecho mexicano que ofrece soluciones legales de servicio completo. Se compone de más de 30 diferentes áreas de práctica, incluyendo escritorios especializados con una lista fuerte de clientes internacionales y nacionales.",,,,,"Edmond Grieger - Corporate Livewire, Virtual Round Table, Energy Natural Resources, January 2015",div,47bdae41f3675c7b17d992a3cd2d7b5de73fce9b2722943f42c79792bed64a61,e3b0c44298fc1c149afbf4c8996fb92427ae41e4649b934ca495991b7852b855,false,https://www.vonwobeser.com/images/PDF_news/Virtual_Round_Table_Energy_Natural_Resources_2015.pdf,https://www.vonwobeser.com/index.php/lawyer?l=147,legacy_id,2f17f7b2-29f9-4741-94c9-a447396c2f45,edmond-grieger-corporate-livewire-virtual-round-table-energy-natural-resources-j,306,true,2015-01-01,match,match,match,similar,not_applicable,match,correcto,1,match,https://www.vonwobeser.com/news/edmond-grieger-corporate-livewire-virtual-round-table-energy-natural-resources-j?lang=en,true,true,0,
en:308,en,308,309,https://www.vonwobeser.com/index.php/publications/articles?start=90,https://www.vonwobeser.com/index.php/publication?p_id=308,200,https://www.vonwobeser.com/index.php/publication?p_id=308,"January, 2015",2015-01,month,"Von Wobeser y Sierra - Fernando Carreño, Paloma Alcántara - Global Competition Review, The Antitrust Review of The Americas: Mexico: Overview, January 2015.","Von Wobeser y Sierra S.C. es una de las principales firmas de derecho mexicano que ofrece soluciones legales de servicio completo. Se compone de más de 30 diferentes áreas de práctica, incluyendo escritorios especializados con una lista fuerte de clientes internacionales y nacionales.",,,,,"Fernando Carreño, Paloma Alcántara - Global Competition Review, The Antitrust Review of The Americas: Mexico: Overview, January 2015.",div,1b0d25cefc6f8ba000ac6a1075a0d5c4f1f701c16fa74c33e30f2cdda2f98250,e3b0c44298fc1c149afbf4c8996fb92427ae41e4649b934ca495991b7852b855,false,https://www.vonwobeser.com/images/68-FernandoCarreoandPalomaAlcantaraTheAntitrustReviewoftheAmericas2015Overview.pdf,https://www.vonwobeser.com/index.php/lawyer?l=145,legacy_id,956a5317-6fab-4e3f-8ccf-09194a47e06e,fernando-carreno-paloma-alcantara-global-competition-review-the-antitrust-review-2,308,true,2015-01-01,match,match,similar,similar,not_applicable,match,correcto,1,match,https://www.vonwobeser.com/news/fernando-carreno-paloma-alcantara-global-competition-review-the-antitrust-review-2?lang=en,true,true,0,
en:310,en,310,311,https://www.vonwobeser.com/index.php/publications/articles?start=90,https://www.vonwobeser.com/index.php/publication?p_id=310,200,https://www.vonwobeser.com/index.php/publication?p_id=310,"November, 2014",2014-11,month,"Von Wobeser y Sierra - Claus von Wobeser, Adrián Magallanes - Getting The Deal Through, Investment Treaty Arbitration, November 2014","Von Wobeser y Sierra S.C. es una de las principales firmas de derecho mexicano que ofrece soluciones legales de servicio completo. Se compone de más de 30 diferentes áreas de práctica, incluyendo escritorios especializados con una lista fuerte de clientes internacionales y nacionales.",,,,,"Claus von Wobeser, Adrián Magallanes - Getting The Deal Through, Investment Treaty Arbitration, November 2014",div,8a5790784aad7720ddb8929e99c72ab58a3456559e290b21fb244fb92b038c7d,e3b0c44298fc1c149afbf4c8996fb92427ae41e4649b934ca495991b7852b855,false,https://www.vonwobeser.com/images/PDF_news/PDF_articles/2014/InvestmentTraetyArbitration2014.PDF,https://www.vonwobeser.com/index.php/lawyer?l=134 | https://www.vonwobeser.com/index.php/lawyer?l=148,legacy_id,e7ea0d77-a778-431a-a7be-282b92805bec,claus-von-wobeser-adrian-magallanes-getting-the-deal-through-investment-treaty-a-2,310,true,2014-11-01,match,match,match,similar,not_applicable,match,correcto,1,match,https://www.vonwobeser.com/news/claus-von-wobeser-adrian-magallanes-getting-the-deal-through-investment-treaty-a-2?lang=en,true,true,0,
en:314,en,314,315,https://www.vonwobeser.com/index.php/publications/articles?start=90,https://www.vonwobeser.com/index.php/publication?p_id=314,200,https://www.vonwobeser.com/index.php/publication?p_id=314,"October, 2014",2014-10,month,"Von Wobeser y Sierra - Andrés Nieto, Luis Burgueño - Getting the Deal Through, Private Equity, October 2014","Von Wobeser y Sierra S.C. es una de las principales firmas de derecho mexicano que ofrece soluciones legales de servicio completo. Se compone de más de 30 diferentes áreas de práctica, incluyendo escritorios especializados con una lista fuerte de clientes internacionales y nacionales.",,,,,"Andrés Nieto, Luis Burgueño - Getting the Deal Through, Private Equity, October 2014",div,fde73980049dd7167961f9afbc771baf4f0e00bae6f50edc2df00e1f6edc51cf,e3b0c44298fc1c149afbf4c8996fb92427ae41e4649b934ca495991b7852b855,false,,https://www.vonwobeser.com/index.php/lawyer?l=141,legacy_id,0f7f75b7-24b7-4c7c-b268-7e7261919684,andres-nieto-luis-burgueno-getting-the-deal-through-private-equity-october-2014-2,314,true,2014-10-01,match,match,match,match,not_applicable,match,correcto,1,match,https://www.vonwobeser.com/news/andres-nieto-luis-burgueno-getting-the-deal-through-private-equity-october-2014-2?lang=en,true,true,0,
en:316,en,316,317,https://www.vonwobeser.com/index.php/publications/articles?start=90,https://www.vonwobeser.com/index.php/publication?p_id=316,200,https://www.vonwobeser.com/index.php/publication?p_id=316,"October, 2014",2014-10,month,"Von Wobeser y Sierra - Diego Sierra - Global Investigations Review, The Investigations Review of the Americas, October 2014","Von Wobeser y Sierra S.C. es una de las principales firmas de derecho mexicano que ofrece soluciones legales de servicio completo. Se compone de más de 30 diferentes áreas de práctica, incluyendo escritorios especializados con una lista fuerte de clientes internacionales y nacionales.",,,,,"Diego Sierra - Global Investigations Review, The Investigations Review of the Americas, October 2014",div,9e047d610d2ada8fbac9cfc6b7016c614ef26f44634fecc3481f7e4ee93048b3,e3b0c44298fc1c149afbf4c8996fb92427ae41e4649b934ca495991b7852b855,false,https://www.vonwobeser.com/images/PDF_news/PDF_articles/2014/201410GIRInvestigationsReviewoftheAmericas2015DS.pdf,https://www.vonwobeser.com/index.php/lawyer?l=149,legacy_id,6cb333de-fea8-4f4f-bb48-426727cd852c,diego-sierra-global-investigations-review-the-investigations-review-of-the-ameri-2,316,true,2014-10-01,match,match,match,similar,not_applicable,match,correcto,1,match,https://www.vonwobeser.com/news/diego-sierra-global-investigations-review-the-investigations-review-of-the-ameri-2?lang=en,true,true,0,
en:318,en,318,319,https://www.vonwobeser.com/index.php/publications/articles?start=90,https://www.vonwobeser.com/index.php/publication?p_id=318,200,https://www.vonwobeser.com/index.php/publication?p_id=318,"October, 2014",2014-10,month,"Von Wobeser y Sierra - Rodolfo Trampe, Jorge Diaz, Luis Alberto King , Fernando de Buen - Getting the Deal Through, Outsourcing Mexico 2015, October 2014","Von Wobeser y Sierra S.C. es una de las principales firmas de derecho mexicano que ofrece soluciones legales de servicio completo. Se compone de más de 30 diferentes áreas de práctica, incluyendo escritorios especializados con una lista fuerte de clientes internacionales y nacionales.",,,,,"Rodolfo Trampe, Jorge Diaz, Luis Alberto King , Fernando de Buen - Getting the Deal Through, Outsourcing Mexico 2015, October 2014",div,4521ba315bdd63b9cf6b33a67e6ca15d8b0d48d1f7cdf53753fd4f67416981b3,e3b0c44298fc1c149afbf4c8996fb92427ae41e4649b934ca495991b7852b855,false,https://www.vonwobeser.com/images/PDF_news/PDF_articles/2014/201410GTDTMexicoOutsourcing.pdf,,verified_language_counterpart,18f7ef4c-2837-481e-a39a-71a56aba4c83,rodolfo-trampe-jorge-diaz-luis-alberto-king-fernando-de-buen-getting-the-deal-th-4,319,true,2014-10-01,match,similar,different,different,not_applicable,match,correcto,1,match,https://www.vonwobeser.com/news/rodolfo-trampe-jorge-diaz-luis-alberto-king-fernando-de-buen-getting-the-deal-th-4?lang=en,true,true,0,TITLE_SIMILAR | CONTENT_DIFFERENT
en:336,en,336,337,https://www.vonwobeser.com/index.php/publications/articles?start=100,https://www.vonwobeser.com/index.php/publication?p_id=336,200,https://www.vonwobeser.com/index.php/publication?p_id=336,"July, 2014",2014-07,month,Von Wobeser y Sierra - Edmond Grieger - Corporate Livewire: Expert Guide Energy & Natural Resources,"Von Wobeser y Sierra S.C. es una de las principales firmas de derecho mexicano que ofrece soluciones legales de servicio completo. Se compone de más de 30 diferentes áreas de práctica, incluyendo escritorios especializados con una lista fuerte de clientes internacionales y nacionales.",,,,,Edmond Grieger - Corporate Livewire: Expert Guide Energy & Natural Resources,div,2dc25a00c5e868fc00e478121cb95ef507374b74e03f3db43f0c5118962ad674,e3b0c44298fc1c149afbf4c8996fb92427ae41e4649b934ca495991b7852b855,false,https://www.vonwobeser.com/images/PDF_news/PDF_articles/2014/CorporateLivewireEnergyNaturalResourcesJuly2014EG.pdf,https://www.vonwobeser.com/index.php/lawyer?l=147,legacy_id,cc7dc8a4-4097-4554-99cc-aaad0c6914a8,edmond-grieger-corporate-livewire-expert-guide-energy-natural-resources,336,true,2014-07-01,match,match,match,similar,not_applicable,match,correcto,1,match,https://www.vonwobeser.com/news/edmond-grieger-corporate-livewire-expert-guide-energy-natural-resources?lang=en,true,true,0,
en:340,en,340,341,https://www.vonwobeser.com/index.php/publications/articles?start=100,https://www.vonwobeser.com/index.php/publication?p_id=340,200,https://www.vonwobeser.com/index.php/publication?p_id=340,"May, 2014",2014-05,month,"Von Wobeser y Sierra - Fernando Carreño , Jose Palomar - Law Business Research The Public Competition Enforcement Review, Sixth Edition","Von Wobeser y Sierra S.C. es una de las principales firmas de derecho mexicano que ofrece soluciones legales de servicio completo. Se compone de más de 30 diferentes áreas de práctica, incluyendo escritorios especializados con una lista fuerte de clientes internacionales y nacionales.",,,,,"Fernando Carreño , Jose Palomar - Law Business Research The Public Competition Enforcement Review, Sixth Edition",div,a079ceb302b802b05a7010246c1020fc3032ed7408fa4c309f3d0d5022fba1ca,a079ceb302b802b05a7010246c1020fc3032ed7408fa4c309f3d0d5022fba1ca,false,https://www.vonwobeser.com/images/PDF_news/PDF_articles/2014/THEPUBLICCOMPETITIONREVIEWEDITION6.pdf,https://www.vonwobeser.com/index.php/lawyer?l=145,legacy_id,c651e2f5-aea9-4c25-8a84-8e284cff2ca9,fernando-carreno-jose-palomar-law-business-research-the-public-competition-enfor,340,true,2014-05-01,match,match,similar,similar,not_applicable,match,correcto,1,match,https://www.vonwobeser.com/news/fernando-carreno-jose-palomar-law-business-research-the-public-competition-enfor?lang=en,true,true,0,
en:344,en,344,345,https://www.vonwobeser.com/index.php/publications/articles?start=100,https://www.vonwobeser.com/index.php/publication?p_id=344,200,https://www.vonwobeser.com/index.php/publication?p_id=344,"February, 2014",2014-02,month,"Von Wobeser y Sierra - Claus von Wobeser , Montserrat Manzano - Getting the Deal Through, Arbitration 2014","Von Wobeser y Sierra S.C. es una de las principales firmas de derecho mexicano que ofrece soluciones legales de servicio completo. Se compone de más de 30 diferentes áreas de práctica, incluyendo escritorios especializados con una lista fuerte de clientes internacionales y nacionales.",,,,,"Claus von Wobeser , Montserrat Manzano - Getting the Deal Through, Arbitration 2014",div,64e644e2430bb7f459fab994c46f721999441481a3b075bf4dae09f4c19e4842,e3b0c44298fc1c149afbf4c8996fb92427ae41e4649b934ca495991b7852b855,false,https://www.vonwobeser.com/images/PDF_news/201402GettingTheDealThroughArbitration.pdf,https://www.vonwobeser.com/index.php/lawyer?l=134 | https://www.vonwobeser.com/index.php/lawyer?l=175,legacy_id,d2a73c17-357c-4569-951f-765c0cf6a822,claus-von-wobeser-montserrat-manzano-getting-the-deal-through-arbitration-2014,344,true,2014-02-01,match,match,match,similar,not_applicable,match,correcto,1,match,https://www.vonwobeser.com/news/claus-von-wobeser-montserrat-manzano-getting-the-deal-through-arbitration-2014?lang=en,true,true,0,
en:351,en,351,350,https://www.vonwobeser.com/index.php/publications/articles?start=100,https://www.vonwobeser.com/index.php/publication?p_id=351,200,https://www.vonwobeser.com/index.php/publication?p_id=351,"January, 2014",2014-01,month,"Von Wobeser y Sierra - Edmond Grieger - Corporate Livewire, Virtual Round Table: Energy & Natural Resources 2014","Von Wobeser y Sierra S.C. es una de las principales firmas de derecho mexicano que ofrece soluciones legales de servicio completo. Se compone de más de 30 diferentes áreas de práctica, incluyendo escritorios especializados con una lista fuerte de clientes internacionales y nacionales.",,,,,"Edmond Grieger - Corporate Livewire, Virtual Round Table: Energy & Natural Resources 2014",div,810fc44d9fc4422508432031f81bb43fad96fd7a05c102aa8a9b7fae2972b8ba,e3b0c44298fc1c149afbf4c8996fb92427ae41e4649b934ca495991b7852b855,false,https://www.vonwobeser.com/images/PDF_news/PDF_articles/2014/LWVRTEnergyandNaturalResources2014.pdf,https://www.vonwobeser.com/index.php/lawyer?l=147,legacy_id,f7f25ec4-2987-4c1a-98fd-1117c8366a50,edmond-grieger-corporate-livewire-virtual-round-table-energy-natural-resources-2,351,true,2014-01-01,match,match,match,similar,not_applicable,match,correcto,1,match,https://www.vonwobeser.com/news/edmond-grieger-corporate-livewire-virtual-round-table-energy-natural-resources-2?lang=en,true,true,0,
en:372,en,372,373,https://www.vonwobeser.com/index.php/publications/articles?start=100,https://www.vonwobeser.com/index.php/publication?p_id=372,200,https://www.vonwobeser.com/index.php/publication?p_id=372,"November, 2013",2013-11,month,"Von Wobeser y Sierra - Rodolfo Trampe, Jorge Díaz, José Palomar - Getting the Deal Through Outsourcing Mexico 2014","Von Wobeser y Sierra S.C. es una de las principales firmas de derecho mexicano que ofrece soluciones legales de servicio completo. Se compone de más de 30 diferentes áreas de práctica, incluyendo escritorios especializados con una lista fuerte de clientes internacionales y nacionales.",,,,,"Rodolfo Trampe, Jorge Díaz, José Palomar - Getting the Deal Through Outsourcing Mexico 2014",div,e3b0c44298fc1c149afbf4c8996fb92427ae41e4649b934ca495991b7852b855,e3b0c44298fc1c149afbf4c8996fb92427ae41e4649b934ca495991b7852b855,false,https://www.vonwobeser.com/images/PDF_news/2015/MexicoOutsourcingNov2013.pdf,,legacy_id,b82ceae2-cf3a-4a41-b346-88d4af3a6f18,rodolfo-trampe-jorge-diaz-jose-palomar-getting-the-deal-through-outsourcing-mexi,372,true,2013-11-01,match,match,official_missing,official_missing,match,match,correcto,1,match,https://www.vonwobeser.com/news/rodolfo-trampe-jorge-diaz-jose-palomar-getting-the-deal-through-outsourcing-mexi?lang=en,true,true,0,
en:375,en,375,374,https://www.vonwobeser.com/index.php/publications/articles?start=100,https://www.vonwobeser.com/index.php/publication?p_id=375,200,https://www.vonwobeser.com/index.php/publication?p_id=375,"November, 2013",2013-11,month,"Von Wobeser y Sierra - Claus von Wobeser, Adrian Magallanes - Getting the Deal Through Investment Treaty Mexico 2014","Von Wobeser y Sierra S.C. es una de las principales firmas de derecho mexicano que ofrece soluciones legales de servicio completo. Se compone de más de 30 diferentes áreas de práctica, incluyendo escritorios especializados con una lista fuerte de clientes internacionales y nacionales.",,,,,"Claus von Wobeser, Adrian Magallanes - Getting the Deal Through Investment Treaty Mexico 2014",div,e3b0c44298fc1c149afbf4c8996fb92427ae41e4649b934ca495991b7852b855,e3b0c44298fc1c149afbf4c8996fb92427ae41e4649b934ca495991b7852b855,false,https://www.vonwobeser.com/images/PDF_news/PDF_articles/2013/45-MexicoInvestmentTreaty.pdf,https://www.vonwobeser.com/index.php/lawyer?l=134 | https://www.vonwobeser.com/index.php/lawyer?l=148,legacy_id,e36d5f69-b1de-436a-968c-eebc78399b60,claus-von-wobeser-adrian-magallanes-getting-the-deal-through-investment-treaty-m,375,true,2013-11-01,match,match,official_missing,official_missing,match,match,correcto,1,match,https://www.vonwobeser.com/news/claus-von-wobeser-adrian-magallanes-getting-the-deal-through-investment-treaty-m?lang=en,true,true,0,
en:377,en,377,376,https://www.vonwobeser.com/index.php/publications/articles?start=100,https://www.vonwobeser.com/index.php/publication?p_id=377,200,https://www.vonwobeser.com/index.php/publication?p_id=377,"October, 2013",2013-10,month,Von Wobeser y Sierra - Claus von Wobeser - The Arbitration Review of the Americas 2014; Decision on Anti-Enforcement Injunctions and Access to Justice,"Von Wobeser y Sierra S.C. es una de las principales firmas de derecho mexicano que ofrece soluciones legales de servicio completo. Se compone de más de 30 diferentes áreas de práctica, incluyendo escritorios especializados con una lista fuerte de clientes internacionales y nacionales.",,,,,Claus von Wobeser - The Arbitration Review of the Americas 2014; Decision on Anti-Enforcement Injunctions and Access to Justice,div,4602482e4ecac2deb7192cec4386c7472a363238ccc81fd7e1676bdd1f5616ca,e3b0c44298fc1c149afbf4c8996fb92427ae41e4649b934ca495991b7852b855,false,https://www.vonwobeser.com/images/PDF_news/2015/TheArbitrationReviewoftheAmericas2014.pdf,https://www.vonwobeser.com/index.php/lawyer?l=134,legacy_id,84f9bfcc-8798-48d5-a890-377665c14c83,claus-von-wobeser-the-arbitration-review-of-the-americas-2014-decision-on-anti-e,377,true,2013-10-01,match,match,match,similar,not_applicable,match,correcto,1,match,https://www.vonwobeser.com/news/claus-von-wobeser-the-arbitration-review-of-the-americas-2014-decision-on-anti-e?lang=en,true,true,0,
en:381,en,381,380,https://www.vonwobeser.com/index.php/publications/articles?start=100,https://www.vonwobeser.com/index.php/publication?p_id=381,200,https://www.vonwobeser.com/index.php/publication?p_id=381,"September, 2013",2013-09,month,"Von Wobeser y Sierra - Fernando Carreño , José Palomar - Global Competition Review, The Antitrust Review of the Americas, Mexico 2014","Von Wobeser y Sierra S.C. es una de las principales firmas de derecho mexicano que ofrece soluciones legales de servicio completo. Se compone de más de 30 diferentes áreas de práctica, incluyendo escritorios especializados con una lista fuerte de clientes internacionales y nacionales.",,,,,"Fernando Carreño , José Palomar - Global Competition Review, The Antitrust Review of the Americas, Mexico 2014",div,70475625a1f15738501a8a9b52c6c9b3f1855165ce62d0ee542cabaccaab50ce,e3b0c44298fc1c149afbf4c8996fb92427ae41e4649b934ca495991b7852b855,false,,https://www.vonwobeser.com/index.php/lawyer?l=145,legacy_id,a296ef7d-5e4d-4389-b4cb-ff3047f9b62e,fernando-carreno-jose-palomar-global-competition-review-the-antitrust-review-of-,381,true,2013-09-01,match,match,match,match,not_applicable,match,correcto,1,match,https://www.vonwobeser.com/news/fernando-carreno-jose-palomar-global-competition-review-the-antitrust-review-of-?lang=en,true,true,0,
en:383,en,383,382,https://www.vonwobeser.com/index.php/publications/articles?start=100,https://www.vonwobeser.com/index.php/publication?p_id=383,200,https://www.vonwobeser.com/index.php/publication?p_id=383,"August, 2013",2013-08,month,Von Wobeser y Sierra - Claus Von Wobeser - International Bar Association Guide (IBA) - Arbitration Guide Mexico,"Von Wobeser y Sierra S.C. es una de las principales firmas de derecho mexicano que ofrece soluciones legales de servicio completo. Se compone de más de 30 diferentes áreas de práctica, incluyendo escritorios especializados con una lista fuerte de clientes internacionales y nacionales.",,,,,Claus Von Wobeser - International Bar Association Guide (IBA) - Arbitration Guide Mexico,div,e3b0c44298fc1c149afbf4c8996fb92427ae41e4649b934ca495991b7852b855,e3b0c44298fc1c149afbf4c8996fb92427ae41e4649b934ca495991b7852b855,false,https://www.vonwobeser.com/images/PDF_news/2015/IBAMexicoChapterInternationalArbitrationGuide2013.pdf,https://www.vonwobeser.com/index.php/lawyer?l=134,legacy_id,ece800dd-9adc-4a8c-b673-25ea3c970fc0,claus-von-wobeser-international-bar-association-guide-iba-arbitration-guide-mexi,383,true,2013-08-01,match,match,official_missing,official_missing,match,match,correcto,1,match,https://www.vonwobeser.com/news/claus-von-wobeser-international-bar-association-guide-iba-arbitration-guide-mexi?lang=en,true,true,0,
en:385,en,385,384,https://www.vonwobeser.com/index.php/publications/articles?start=100,https://www.vonwobeser.com/index.php/publication?p_id=385,200,https://www.vonwobeser.com/index.php/publication?p_id=385,"July, 2013",2013-07,month,Von Wobeser y Sierra - Edmond Grieger - Corporate Livewire; Renewable Energy Generation Trends in Mexico,"Von Wobeser y Sierra S.C. es una de las principales firmas de derecho mexicano que ofrece soluciones legales de servicio completo. Se compone de más de 30 diferentes áreas de práctica, incluyendo escritorios especializados con una lista fuerte de clientes internacionales y nacionales.",,,,,Edmond Grieger - Corporate Livewire; Renewable Energy Generation Trends in Mexico,div,5f35b4c81b4e6f78c356142c522f64203ef06c94b1ae016f34e14457328d86c0,e3b0c44298fc1c149afbf4c8996fb92427ae41e4649b934ca495991b7852b855,false,https://www.vonwobeser.com/images/PDF_news/2015/73CorporateLivewireEnergyNaturalResources2013.pdf,https://www.vonwobeser.com/index.php/lawyer?l=147,legacy_id,ede58b36-3867-4e86-8824-1101b6d55e65,edmond-grieger-corporate-livewire-renewable-energy-generation-trends-in-mexico,385,true,2013-07-01,match,match,match,similar,not_applicable,match,correcto,1,match,https://www.vonwobeser.com/news/edmond-grieger-corporate-livewire-renewable-energy-generation-trends-in-mexico?lang=en,true,true,0,
en:387,en,387,386,https://www.vonwobeser.com/index.php/publications/articles?start=110,https://www.vonwobeser.com/index.php/publication?p_id=387,200,https://www.vonwobeser.com/index.php/publication?p_id=387,"July, 2013",2013-07,month,Von Wobeser y Sierra - Diego Sierra - Practical Law: Mexican court allows enforcement of arbitral tribunal´s provisional measure ex parte,"Von Wobeser y Sierra S.C. es una de las principales firmas de derecho mexicano que ofrece soluciones legales de servicio completo. Se compone de más de 30 diferentes áreas de práctica, incluyendo escritorios especializados con una lista fuerte de clientes internacionales y nacionales.",,,,,Diego Sierra - Practical Law: Mexican court allows enforcement of arbitral tribunal´s provisional measure ex parte,div,2354ef327c1ecfe5ba6335ff7d7fe1d2f9980e36c7134cbb4a5eb0c25fdb3887,e3b0c44298fc1c149afbf4c8996fb92427ae41e4649b934ca495991b7852b855,false,https://www.vonwobeser.com/images/PDF_news/2015/70Mexicancourtallowsenforcementofarbitraltribunal.pdf,https://www.vonwobeser.com/index.php/lawyer?l=149,legacy_id,68bbc77a-4eb1-4c85-b94a-4f4c2adfdde8,diego-sierra-practical-law-mexican-court-allows-enforcement-of-arbitral-tribunal,387,true,2013-07-01,match,match,match,similar,not_applicable,match,correcto,1,match,https://www.vonwobeser.com/news/diego-sierra-practical-law-mexican-court-allows-enforcement-of-arbitral-tribunal?lang=en,true,true,0,
en:389,en,389,388,https://www.vonwobeser.com/index.php/publications/articles?start=110,https://www.vonwobeser.com/index.php/publication?p_id=389,200,https://www.vonwobeser.com/index.php/publication?p_id=389,"June, 2013",2013-06,month,"Von Wobeser y Sierra - Diego Sierra - Better Practices, Praxis: Anti-corruption practice","Von Wobeser y Sierra S.C. es una de las principales firmas de derecho mexicano que ofrece soluciones legales de servicio completo. Se compone de más de 30 diferentes áreas de práctica, incluyendo escritorios especializados con una lista fuerte de clientes internacionales y nacionales.",,,,,"Diego Sierra - Better Practices, Praxis: Anti-corruption practice",div,ff43f05e7e5d5ddb0cb34d8bc2dd39df5c1aede063c5bd325f0495720a8f8b50,d267339b2a5fdfafa32ea617636f32c2ba41fe908be47bb85c1ec6734fa799b3,false,https://www.vonwobeser.com/images/PDF_news/2015/69PraxisMejoresPracticasDiegoSierra.pdf,https://www.vonwobeser.com/index.php/lawyer?l=149,legacy_id,838dfaf6-fbfb-4fef-bda7-f1728511b058,diego-sierra-better-practices-praxis-anti-corruption-practice,389,true,2013-06-01,match,match,similar,similar,not_applicable,match,correcto,1,match,https://www.vonwobeser.com/news/diego-sierra-better-practices-praxis-anti-corruption-practice?lang=en,true,true,0,
en:391,en,391,390,https://www.vonwobeser.com/index.php/publications/articles?start=110,https://www.vonwobeser.com/index.php/publication?p_id=391,200,https://www.vonwobeser.com/index.php/publication?p_id=391,"May, 2013",2013-05,month,"Von Wobeser y Sierra - Ivan J. Romo - ABI Young & New Members Committee Newsletter, May 2013; Insolvency as a Prerequisite for Filing a Bankruptcy Procedure in Mexico","Von Wobeser y Sierra S.C. es una de las principales firmas de derecho mexicano que ofrece soluciones legales de servicio completo. Se compone de más de 30 diferentes áreas de práctica, incluyendo escritorios especializados con una lista fuerte de clientes internacionales y nacionales.",,,,,"Ivan J. Romo - ABI Young & New Members Committee Newsletter, May 2013; Insolvency as a Prerequisite for Filing a Bankruptcy Procedure in Mexico",div,0f305be88772e0659c87dc8d4f325f415623c17287949abba91b7a35e06ee701,e3b0c44298fc1c149afbf4c8996fb92427ae41e4649b934ca495991b7852b855,false,https://www.vonwobeser.com/images/PDF_news/2015/68InsolvencyasaPrerequisiteforfilingaBankruptcyProcedureinMexico.pdf,,legacy_id,1e77206c-3fca-4ab5-b291-a90331709153,ivan-j-romo-abi-young-new-members-committee-newsletter-may-2013-insolvency-as-a-,391,true,2013-05-01,match,match,match,similar,not_applicable,match,correcto,1,match,https://www.vonwobeser.com/news/ivan-j-romo-abi-young-new-members-committee-newsletter-may-2013-insolvency-as-a-?lang=en,true,true,0,
en:393,en,393,392,https://www.vonwobeser.com/index.php/publications/articles?start=110,https://www.vonwobeser.com/index.php/publication?p_id=393,200,https://www.vonwobeser.com/index.php/publication?p_id=393,"May, 2013",2013-05,month,Von Wobeser y Sierra - Victor Ruiz - ICC International Court of Arbitration Bulletin; Taking Evidence in Latin America: Some Observations on Local Practices and Use of IBA Rules,"Von Wobeser y Sierra S.C. es una de las principales firmas de derecho mexicano que ofrece soluciones legales de servicio completo. Se compone de más de 30 diferentes áreas de práctica, incluyendo escritorios especializados con una lista fuerte de clientes internacionales y nacionales.",,,,,Victor Ruiz - ICC International Court of Arbitration Bulletin; Taking Evidence in Latin America: Some Observations on Local Practices and Use of IBA Rules,div,5515980024e9b5944cf8e64129f87289e2f1e5f59981cd42a7a7e01b7e1a3925,e3b0c44298fc1c149afbf4c8996fb92427ae41e4649b934ca495991b7852b855,false,https://www.vonwobeser.com/images/PDF_news/2015/67_ICC_International_Court_of_Arbitration_Bulletin-Taking_Evidence_in_Latin_America.pdf,,legacy_id,20cabc6b-f2d6-4c65-b4eb-9d05f773e7ef,victor-ruiz-icc-international-court-of-arbitration-bulletin-taking-evidence-in-l,393,true,2013-05-01,match,match,match,similar,not_applicable,match,correcto,1,match,https://www.vonwobeser.com/news/victor-ruiz-icc-international-court-of-arbitration-bulletin-taking-evidence-in-l?lang=en,true,true,0,
en:395,en,395,394,https://www.vonwobeser.com/index.php/publications/articles?start=110,https://www.vonwobeser.com/index.php/publication?p_id=395,200,https://www.vonwobeser.com/index.php/publication?p_id=395,"March, 2013",2013-03,month,"Von Wobeser y Sierra - Claus Von Wobeser - Expert Guides, Commercial Arbitration; Evolution of Mexican Arbitration Law","Von Wobeser y Sierra S.C. es una de las principales firmas de derecho mexicano que ofrece soluciones legales de servicio completo. Se compone de más de 30 diferentes áreas de práctica, incluyendo escritorios especializados con una lista fuerte de clientes internacionales y nacionales.",,,,,"Claus Von Wobeser - Expert Guides, Commercial Arbitration; Evolution of Mexican Arbitration Law",div,90615a900488bbb94dceb67b4648b2ad1546d924821cf32940b3a39ef4b5ecf5,e3b0c44298fc1c149afbf4c8996fb92427ae41e4649b934ca495991b7852b855,false,https://www.vonwobeser.com/images/PDF_news/2015/65_Expert_Guides_-_Evolution_of_Mexican_Arbitration_Law.pdf,,legacy_id,05867a1b-a60c-42c0-bf98-a75884cb6b6f,claus-von-wobeser-expert-guides-commercial-arbitration-evolution-of-mexican-arbi,395,true,2013-03-01,match,match,match,similar,not_applicable,match,correcto,1,match,https://www.vonwobeser.com/news/claus-von-wobeser-expert-guides-commercial-arbitration-evolution-of-mexican-arbi?lang=en,true,true,0,
en:397,en,397,396,https://www.vonwobeser.com/index.php/publications/articles?start=110,https://www.vonwobeser.com/index.php/publication?p_id=397,200,https://www.vonwobeser.com/index.php/publication?p_id=397,"February, 2013",2013-02,month,"Von Wobeser y Sierra - Andrés Nieto & Maike Pröhl - International Law Office, Launching mandatory tender offers","Von Wobeser y Sierra S.C. es una de las principales firmas de derecho mexicano que ofrece soluciones legales de servicio completo. Se compone de más de 30 diferentes áreas de práctica, incluyendo escritorios especializados con una lista fuerte de clientes internacionales y nacionales.",,,,,"Andrés Nieto & Maike Pröhl - International Law Office, Launching mandatory tender offers",div,5007a64eb9c61a7468425c08c453f81fe76f18c3d677e1e749b1cbe5499024e3,e3b0c44298fc1c149afbf4c8996fb92427ae41e4649b934ca495991b7852b855,false,https://www.vonwobeser.com/images/PDF_news/2015/63_ILO_-_Launching_mandatory_tender_offers.pdf,,legacy_id,cbfedf69-cb3d-4e1b-8d75-eb17e5665d77,andres-nieto-maike-prohl-international-law-office-launching-mandatory-tender-off,397,true,2013-02-01,match,match,match,similar,not_applicable,match,correcto,1,match,https://www.vonwobeser.com/news/andres-nieto-maike-prohl-international-law-office-launching-mandatory-tender-off?lang=en,true,true,0,
en:399,en,399,398,https://www.vonwobeser.com/index.php/publications/articles?start=110,https://www.vonwobeser.com/index.php/publication?p_id=399,200,https://www.vonwobeser.com/index.php/publication?p_id=399,"January, 2013",2013-01,month,"Von Wobeser y Sierra - Diego Sierra , Andrea Rivera - PLC Arbitration Multi-Jurisdictional monthly email, Mexico Supreme Court of Justice rules on public policy grounds to set aside award","Von Wobeser y Sierra S.C. es una de las principales firmas de derecho mexicano que ofrece soluciones legales de servicio completo. Se compone de más de 30 diferentes áreas de práctica, incluyendo escritorios especializados con una lista fuerte de clientes internacionales y nacionales.",,,,,"Diego Sierra , Andrea Rivera - PLC Arbitration Multi-Jurisdictional monthly email, Mexico Supreme Court of Justice rules on public policy grounds to set aside award",div,a5167beb6962d00208fa91ecd4d07f92efa6887ac669d7778b1d6cc4d61ac86b,e3b0c44298fc1c149afbf4c8996fb92427ae41e4649b934ca495991b7852b855,false,https://www.vonwobeser.com/images/PDF_news/2015/62_PLC_Mexico_Supreme_Court_of_Justice_rules_on_Public_Policy_grounds_to_set_aside_award.pdf,https://www.vonwobeser.com/index.php/lawyer?l=149,legacy_id,c922def3-e00e-4321-b6ca-d6ebb115707f,diego-sierra-andrea-rivera-plc-arbitration-multi-jurisdictional-monthly-email-me,399,true,2013-01-01,match,match,match,similar,not_applicable,match,correcto,1,match,https://www.vonwobeser.com/news/diego-sierra-andrea-rivera-plc-arbitration-multi-jurisdictional-monthly-email-me?lang=en,true,true,0,
en:401,en,401,400,https://www.vonwobeser.com/index.php/publications/articles?start=110,https://www.vonwobeser.com/index.php/publication?p_id=401,200,https://www.vonwobeser.com/index.php/publication?p_id=401,"January, 2013",2013-01,month,"Von Wobeser y Sierra - Edmond Grieger - Corporate Livewire, Round Table: Energy & Natural Resources","Von Wobeser y Sierra S.C. es una de las principales firmas de derecho mexicano que ofrece soluciones legales de servicio completo. Se compone de más de 30 diferentes áreas de práctica, incluyendo escritorios especializados con una lista fuerte de clientes internacionales y nacionales.",,,,,"Edmond Grieger - Corporate Livewire, Round Table: Energy & Natural Resources",div,4112f002330964215bb2e8a33acc2bd98d6258f6727a5d43650373468dc3051e,e3b0c44298fc1c149afbf4c8996fb92427ae41e4649b934ca495991b7852b855,false,https://www.vonwobeser.com/images/PDF_news/2015/61_CorporateLivewire_Energy_and_Natural_Rec.pdf,https://www.vonwobeser.com/index.php/lawyer?l=147,legacy_id,9f4193cf-d302-4f97-b5e0-38d8f87adf26,edmond-grieger-corporate-livewire-round-table-energy-natural-resources,401,true,2013-01-01,match,match,match,similar,not_applicable,match,correcto,1,match,https://www.vonwobeser.com/news/edmond-grieger-corporate-livewire-round-table-energy-natural-resources?lang=en,true,true,0,
en:403,en,403,402,https://www.vonwobeser.com/index.php/publications/articles?start=110,https://www.vonwobeser.com/index.php/publication?p_id=403,200,https://www.vonwobeser.com/index.php/publication?p_id=403,"January, 2013",2013-01,month,"Von Wobeser y Sierra - Jorge Ricardo Díaz Carvajal - International Law Office, Tax Considerations in M&A Transactions","Von Wobeser y Sierra S.C. es una de las principales firmas de derecho mexicano que ofrece soluciones legales de servicio completo. Se compone de más de 30 diferentes áreas de práctica, incluyendo escritorios especializados con una lista fuerte de clientes internacionales y nacionales.",,,,,"Jorge Ricardo Díaz Carvajal - International Law Office, Tax Considerations in M&A Transactions",div,a9ef3010bf759256dd52c2cc9b02824f6d21a901b9275d16318b5af3289059ed,e3b0c44298fc1c149afbf4c8996fb92427ae41e4649b934ca495991b7852b855,false,https://www.vonwobeser.com/images/PDF_news/2015/Tax_considerations_in_MA_transactions.pdf,,legacy_id,ed6e221d-89dc-41f7-add3-a409127ec810,jorge-ricardo-diaz-carvajal-international-law-office-tax-considerations-in-m-a-t,403,true,2013-01-01,match,match,match,similar,not_applicable,match,correcto,1,match,https://www.vonwobeser.com/news/jorge-ricardo-diaz-carvajal-international-law-office-tax-considerations-in-m-a-t?lang=en,true,true,0,
en:405,en,405,404,https://www.vonwobeser.com/index.php/publications/articles?start=110,https://www.vonwobeser.com/index.php/publication?p_id=405,200,https://www.vonwobeser.com/index.php/publication?p_id=405,"January, 2013",2013-01,month,"Von Wobeser y Sierra - Edmond Grieger & Virginia Cornett - World Financier, Global Reference Guide: Infrastructure & Project Finance","Von Wobeser y Sierra S.C. es una de las principales firmas de derecho mexicano que ofrece soluciones legales de servicio completo. Se compone de más de 30 diferentes áreas de práctica, incluyendo escritorios especializados con una lista fuerte de clientes internacionales y nacionales.",,,,,"Edmond Grieger & Virginia Cornett - World Financier, Global Reference Guide: Infrastructure & Project Finance",div,0fc077610c3ccd57fcee6d0b9bb677276a46285aab25bc8cfe4b3e340972f556,e3b0c44298fc1c149afbf4c8996fb92427ae41e4649b934ca495991b7852b855,false,https://www.vonwobeser.com/images/PDF_news/PDF_articles/2013/30_GRG_Infrastructure_rkd493_1.pdf,https://www.vonwobeser.com/index.php/lawyer?l=147 | https://www.vonwobeser.com/index.php/lawyer?l=161,legacy_id,c4205fb9-2da0-4c67-b2a8-7ccdad9f8e90,edmond-grieger-virginia-cornett-world-financier-global-reference-guide-infrastru,405,true,2013-01-01,match,match,match,similar,not_applicable,match,correcto,1,match,https://www.vonwobeser.com/news/edmond-grieger-virginia-cornett-world-financier-global-reference-guide-infrastru?lang=en,true,true,0,
en:407,en,407,406,https://www.vonwobeser.com/index.php/publications/articles?start=120,https://www.vonwobeser.com/index.php/publication?p_id=407,200,https://www.vonwobeser.com/index.php/publication?p_id=407,"January, 2013",2013-01,month,"Von Wobeser y Sierra - Luis Miguel Jiménez & Lourdes Salazar - International Law Office, Foreign Trade implications of M&A Transactions","Von Wobeser y Sierra S.C. es una de las principales firmas de derecho mexicano que ofrece soluciones legales de servicio completo. Se compone de más de 30 diferentes áreas de práctica, incluyendo escritorios especializados con una lista fuerte de clientes internacionales y nacionales.",,,,,"Luis Miguel Jiménez & Lourdes Salazar - International Law Office, Foreign Trade implications of M&A Transactions",div,b7b73f97721a3e2b896339db0565bea66e743691d9912146ab889aafba37b5d6,e3b0c44298fc1c149afbf4c8996fb92427ae41e4649b934ca495991b7852b855,false,https://www.vonwobeser.com/images/PDF_news/2015/56_ILO_Foreign_trade_implications_of_MA_transactions.pdf,https://www.vonwobeser.com/index.php/lawyer?l=143,legacy_id,c456eb8b-ee6c-4bb8-ad65-4636a649c8f2,luis-miguel-jimenez-lourdes-salazar-international-law-office-foreign-trade-impli,407,true,2013-01-01,match,match,match,similar,not_applicable,match,correcto,1,match,https://www.vonwobeser.com/news/luis-miguel-jimenez-lourdes-salazar-international-law-office-foreign-trade-impli?lang=en,true,true,0,
en:411,en,411,410,https://www.vonwobeser.com/index.php/publications/articles?start=120,https://www.vonwobeser.com/index.php/publication?p_id=411,200,https://www.vonwobeser.com/index.php/publication?p_id=411,"December, 2012",2012-12,month,"Von Wobeser y Sierra - Luis Miguel Jiménez & Iván Romo - Bankruptcy Law, Legal Encyclopedia, Escuela Libre de Derecho","Von Wobeser y Sierra S.C. es una de las principales firmas de derecho mexicano que ofrece soluciones legales de servicio completo. Se compone de más de 30 diferentes áreas de práctica, incluyendo escritorios especializados con una lista fuerte de clientes internacionales y nacionales.",,,,,"Luis Miguel Jiménez & Iván Romo - Bankruptcy Law, Legal Encyclopedia, Escuela Libre de Derecho",div,4f454c98dcc20484b0bc5b62877246df1e1a51f16ce2c9443e7d2705922ef977,e3b0c44298fc1c149afbf4c8996fb92427ae41e4649b934ca495991b7852b855,false,https://www.vonwobeser.com/images/PDF_news/2015/55-Derecho-Concursal-Escuela-Libre-de-Derecho.pdf,https://www.vonwobeser.com/index.php/lawyer?l=143,legacy_id,9a760a9d-c1f9-4163-a821-859066859a5d,luis-miguel-jimenez-ivan-romo-bankruptcy-law-legal-encyclopedia-escuela-libre-de,411,true,2012-12-01,match,match,match,similar,not_applicable,match,correcto,1,match,https://www.vonwobeser.com/news/luis-miguel-jimenez-ivan-romo-bankruptcy-law-legal-encyclopedia-escuela-libre-de?lang=en,true,true,0,
en:413,en,413,412,https://www.vonwobeser.com/index.php/publications/articles?start=120,https://www.vonwobeser.com/index.php/publication?p_id=413,200,https://www.vonwobeser.com/index.php/publication?p_id=413,"December, 2012",2012-12,month,"Von Wobeser y Sierra - Edmond Grieger - International Law Office, Environmental Liabilities in M&A Transactions","Von Wobeser y Sierra S.C. es una de las principales firmas de derecho mexicano que ofrece soluciones legales de servicio completo. Se compone de más de 30 diferentes áreas de práctica, incluyendo escritorios especializados con una lista fuerte de clientes internacionales y nacionales.",,,,,"Edmond Grieger - International Law Office, Environmental Liabilities in M&A Transactions",div,407a604c655c99a8f1dedea056739d6e44ee3ad613467c2d03d505f0e703400f,e3b0c44298fc1c149afbf4c8996fb92427ae41e4649b934ca495991b7852b855,false,https://www.vonwobeser.com/images/PDF_news/2015/54_ConsideringenvironmentalliabilitesinMAtransactionsInternationalLawOffice1.pdf,https://www.vonwobeser.com/index.php/lawyer?l=147,legacy_id,2847d502-4340-4007-91d8-4cda515c6267,edmond-grieger-international-law-office-environmental-liabilities-in-m-a-transac,413,true,2012-12-01,match,match,match,similar,not_applicable,match,correcto,1,match,https://www.vonwobeser.com/news/edmond-grieger-international-law-office-environmental-liabilities-in-m-a-transac?lang=en,true,true,0,
en:415,en,415,414,https://www.vonwobeser.com/index.php/publications/articles?start=120,https://www.vonwobeser.com/index.php/publication?p_id=415,200,https://www.vonwobeser.com/index.php/publication?p_id=415,"December, 2012",2012-12,month,"Von Wobeser y Sierra - Victor Ruiz , Diego Sierra - Practical Law Company, PLC Multi jurisditional,""Mexico Supreme Court shows deference towards arbitral tribunals absolute powers. ""","Von Wobeser y Sierra S.C. es una de las principales firmas de derecho mexicano que ofrece soluciones legales de servicio completo. Se compone de más de 30 diferentes áreas de práctica, incluyendo escritorios especializados con una lista fuerte de clientes internacionales y nacionales.",,,,,"Victor Ruiz , Diego Sierra - Practical Law Company, PLC Multi jurisditional,""Mexico Supreme Court shows deference towards arbitral tribunals absolute powers. """,div,c69665fa52fc8830e56707cd578b00844bee96d351f65dd699ac5bb1dcd4b1c9,e3b0c44298fc1c149afbf4c8996fb92427ae41e4649b934ca495991b7852b855,false,https://www.vonwobeser.com/images/PDF_news/2015/52_PLC_Arbitration_Multi_Jurisdictional_mthly_email_Mexico_Superme_Courts_Shows_deference_towards_arbitral_tribunal_s.pdf,https://www.vonwobeser.com/index.php/lawyer?l=149,legacy_id,daec166b-be7f-481f-98fb-b7a38eee5c73,victor-ruiz-diego-sierra-practical-law-company-plc-multi-jurisditional-mexico-su,415,true,2012-12-01,match,match,match,similar,not_applicable,match,correcto,1,match,https://www.vonwobeser.com/news/victor-ruiz-diego-sierra-practical-law-company-plc-multi-jurisditional-mexico-su?lang=en,true,true,0,
en:419,en,419,418,https://www.vonwobeser.com/index.php/publications/articles?start=120,https://www.vonwobeser.com/index.php/publication?p_id=419,200,https://www.vonwobeser.com/index.php/publication?p_id=419,"November, 2012",2012-11,month,"Von Wobeser y Sierra - Claus von Wobeser - Latin American Arbitration & Investment, Latin American Investment Protections","Von Wobeser y Sierra S.C. es una de las principales firmas de derecho mexicano que ofrece soluciones legales de servicio completo. Se compone de más de 30 diferentes áreas de práctica, incluyendo escritorios especializados con una lista fuerte de clientes internacionales y nacionales.",,,,,"Claus von Wobeser - Latin American Arbitration & Investment, Latin American Investment Protections",div,659f46d34d0af7e8f2f0ffd6b7b448b495a08f17d30025d88dab55bbdbbf1d27,e3b0c44298fc1c149afbf4c8996fb92427ae41e4649b934ca495991b7852b855,false,,https://www.vonwobeser.com/index.php/lawyer?l=134,legacy_id,67156055-9957-42bc-a3ae-6959fbf4c099,claus-von-wobeser-latin-american-arbitration-investment-latin-american-investmen,419,true,2012-11-01,match,match,similar,similar,not_applicable,match,correcto,1,match,https://www.vonwobeser.com/news/claus-von-wobeser-latin-american-arbitration-investment-latin-american-investmen?lang=en,true,true,0,
en:421,en,421,420,https://www.vonwobeser.com/index.php/publications/articles?start=120,https://www.vonwobeser.com/index.php/publication?p_id=421,200,https://www.vonwobeser.com/index.php/publication?p_id=421,"August, 2012",2012-08,month,"Von Wobeser y Sierra - Claus von Wobeser, Fernando Carreño, Andrés Nieto, José Palomar - The Law Review, International Investigations Review 2nd Editio, Mexico Chapter","Von Wobeser y Sierra S.C. es una de las principales firmas de derecho mexicano que ofrece soluciones legales de servicio completo. Se compone de más de 30 diferentes áreas de práctica, incluyendo escritorios especializados con una lista fuerte de clientes internacionales y nacionales.",,,,,"Claus von Wobeser, Fernando Carreño, Andrés Nieto, José Palomar - The Law Review, International Investigations Review 2nd Editio, Mexico Chapter",div,4ba87bcd7d6424b0922c82b5c9566400b957479539c07d791127a72db0a53ce1,e3b0c44298fc1c149afbf4c8996fb92427ae41e4649b934ca495991b7852b855,false,https://www.vonwobeser.com/images/PDF_news/2015/9.2-The-International-Investigations-Review.pdf,https://www.vonwobeser.com/index.php/lawyer?l=134 | https://www.vonwobeser.com/index.php/lawyer?l=145,legacy_id,d3fd90dc-36d1-4dd7-aa2f-f51cecffcda8,claus-von-wobeser-fernando-carreno-andres-nieto-jose-palomar-the-law-review-inte,421,true,2012-08-01,match,match,match,similar,not_applicable,match,correcto,1,match,https://www.vonwobeser.com/news/claus-von-wobeser-fernando-carreno-andres-nieto-jose-palomar-the-law-review-inte?lang=en,true,true,0,
en:424,en,424,423,https://www.vonwobeser.com/index.php/publications/articles?start=120,https://www.vonwobeser.com/index.php/publication?p_id=424,200,https://www.vonwobeser.com/index.php/publication?p_id=424,"July, 2012",2012-07,month,"Von Wobeser y Sierra - Fernando Carreño , José Palomar - The Antitrust Review of the Americas, Mexico:Antitrust Overview","Von Wobeser y Sierra S.C. es una de las principales firmas de derecho mexicano que ofrece soluciones legales de servicio completo. Se compone de más de 30 diferentes áreas de práctica, incluyendo escritorios especializados con una lista fuerte de clientes internacionales y nacionales.",,,,,"Fernando Carreño , José Palomar - The Antitrust Review of the Americas, Mexico:Antitrust Overview",div,edf0f140064cedc480bb3d239b7cb0eca7d3b96b13d42b6940f15a46e9f22f3b,e3b0c44298fc1c149afbf4c8996fb92427ae41e4649b934ca495991b7852b855,false,https://www.vonwobeser.com/images/PDF_news/2015/8-The-Antitrust-Review-of-the-Americas.pdf,https://www.vonwobeser.com/index.php/lawyer?l=145,legacy_id,30bdde53-9f94-4106-8209-c09a3c31cbca,fernando-carreno-jose-palomar-the-antitrust-review-of-the-americas-mexico-antitr,424,true,2012-07-01,match,match,match,similar,not_applicable,match,correcto,1,match,https://www.vonwobeser.com/news/fernando-carreno-jose-palomar-the-antitrust-review-of-the-americas-mexico-antitr?lang=en,true,true,0,
en:426,en,426,425,https://www.vonwobeser.com/index.php/publications/articles?start=120,https://www.vonwobeser.com/index.php/publication?p_id=426,200,https://www.vonwobeser.com/index.php/publication?p_id=426,"July, 2012",2012-07,month,"Von Wobeser y Sierra - Andrés Nieto - Practical Law Company, PLC:Reference Guide Mexico: Investment Funds","Von Wobeser y Sierra S.C. es una de las principales firmas de derecho mexicano que ofrece soluciones legales de servicio completo. Se compone de más de 30 diferentes áreas de práctica, incluyendo escritorios especializados con una lista fuerte de clientes internacionales y nacionales.",,,,,"Andrés Nieto - Practical Law Company, PLC:Reference Guide Mexico: Investment Funds",div,5cd4b9fca823a1aae47f481234e73773ebea4134ee1f2b64fff2128967eb38ca,e3b0c44298fc1c149afbf4c8996fb92427ae41e4649b934ca495991b7852b855,false,https://www.vonwobeser.com/images/PDF_news/2015/7_PLC_Investment_Funds.pdf,,legacy_id,1f685a2a-f7df-4e25-9f6d-d878e4649390,andres-nieto-practical-law-company-plc-reference-guide-mexico-investment-funds,426,true,2012-07-01,match,match,match,similar,not_applicable,match,correcto,1,match,https://www.vonwobeser.com/news/andres-nieto-practical-law-company-plc-reference-guide-mexico-investment-funds?lang=en,true,true,0,
en:428,en,428,427,https://www.vonwobeser.com/index.php/publications/articles?start=120,https://www.vonwobeser.com/index.php/publication?p_id=428,200,https://www.vonwobeser.com/index.php/publication?p_id=428,"July, 2012",2012-07,month,"Von Wobeser y Sierra - Fernando Carreño , José Palomar. - Practical Law Company, PLC:Reference Guide Mexico:Cartel Leniency","Von Wobeser y Sierra S.C. es una de las principales firmas de derecho mexicano que ofrece soluciones legales de servicio completo. Se compone de más de 30 diferentes áreas de práctica, incluyendo escritorios especializados con una lista fuerte de clientes internacionales y nacionales.",,,,,"Fernando Carreño , José Palomar. - Practical Law Company, PLC:Reference Guide Mexico:Cartel Leniency",div,0b03c40c8c8cb7d1cc87ec3aa81758017a9e5598c7a79d83a05bc7b529540ff5,e3b0c44298fc1c149afbf4c8996fb92427ae41e4649b934ca495991b7852b855,false,https://www.vonwobeser.com/images/PDF_news/2015/6_PLC_Cartel_Leniency.pdf,https://www.vonwobeser.com/index.php/lawyer?l=145,legacy_id,3099ef93-c82e-460a-a5ee-d9ad4c849faf,fernando-carreno-jose-palomar-practical-law-company-plc-reference-guide-mexico-c,428,true,2012-07-01,match,match,match,similar,not_applicable,match,correcto,1,match,https://www.vonwobeser.com/news/fernando-carreno-jose-palomar-practical-law-company-plc-reference-guide-mexico-c?lang=en,true,true,0,
en:430,en,430,429,https://www.vonwobeser.com/index.php/publications/articles?start=120,https://www.vonwobeser.com/index.php/publication?p_id=430,200,https://www.vonwobeser.com/index.php/publication?p_id=430,"July, 2012",2012-07,month,"Von Wobeser y Sierra - Javier Lizardi, Rodolfo Trampe, Jorge Díaz, Carlos López - Practival Law Company, PLC: Reference Guide Mexico: Outsourcing","Von Wobeser y Sierra S.C. es una de las principales firmas de derecho mexicano que ofrece soluciones legales de servicio completo. Se compone de más de 30 diferentes áreas de práctica, incluyendo escritorios especializados con una lista fuerte de clientes internacionales y nacionales.",,,,,"Javier Lizardi, Rodolfo Trampe, Jorge Díaz, Carlos López - Practival Law Company, PLC: Reference Guide Mexico: Outsourcing",div,5d83b8422ae183443ae5bfa6cab47257a120ebcc9ce87db5642dad4b067d8f55,e3b0c44298fc1c149afbf4c8996fb92427ae41e4649b934ca495991b7852b855,false,https://www.vonwobeser.com/images/PDF_news/2015/5-PLC-Outsourcing-Mexico.pdf,https://www.vonwobeser.com/index.php/lawyer?l=135,legacy_id,8c27fc0c-05d1-4b09-89b4-e7cd9b3fbe71,javier-lizardi-rodolfo-trampe-jorge-diaz-carlos-lopez-practival-law-company-plc-,430,true,2012-07-01,match,match,match,similar,not_applicable,match,correcto,1,match,https://www.vonwobeser.com/news/javier-lizardi-rodolfo-trampe-jorge-diaz-carlos-lopez-practival-law-company-plc-?lang=en,true,true,0,
en:432,en,432,431,https://www.vonwobeser.com/index.php/publications/articles?start=130,https://www.vonwobeser.com/index.php/publication?p_id=432,200,https://www.vonwobeser.com/index.php/publication?p_id=432,"June, 2012",2012-06,month,"Von Wobeser y Sierra - Edmond Grieger - Corporate Livewire, ""Current Trends & Expected Development"" in Mexican Renewable Energy Market","Von Wobeser y Sierra S.C. es una de las principales firmas de derecho mexicano que ofrece soluciones legales de servicio completo. Se compone de más de 30 diferentes áreas de práctica, incluyendo escritorios especializados con una lista fuerte de clientes internacionales y nacionales.",,,,,"Edmond Grieger - Corporate Livewire, ""Current Trends & Expected Development"" in Mexican Renewable Energy Market",div,ec98d809974a8cb2681a790eee9977499cd97284f53f691b71e8db1687cea94a,e3b0c44298fc1c149afbf4c8996fb92427ae41e4649b934ca495991b7852b855,false,https://www.vonwobeser.com/images/PDF_news/2015/3_3_Corporate_Livewire_Currents_Trends_y_Expected_Development_in_Mexican_Renewable_Energy_Mkt.pdf,https://www.vonwobeser.com/index.php/lawyer?l=147,legacy_id,a337265c-3f31-4188-bd68-4d966eb9bd1b,edmond-grieger-corporate-livewire-current-trends-expected-development-in-mexican,432,true,2012-06-01,match,match,match,similar,not_applicable,match,correcto,1,match,https://www.vonwobeser.com/news/edmond-grieger-corporate-livewire-current-trends-expected-development-in-mexican?lang=en,true,true,0,
en:438,en,438,,https://www.vonwobeser.com/index.php/publications/articles?start=130,https://www.vonwobeser.com/index.php/publication?p_id=438,200,https://www.vonwobeser.com/index.php/publication?p_id=438,"May, 2012",2012-05,month,"Von Wobeser y Sierra - Claus von Wobeser - International Bar Association, IBA, Arbitration Guide: Mexico","Von Wobeser y Sierra S.C. es una de las principales firmas de derecho mexicano que ofrece soluciones legales de servicio completo. Se compone de más de 30 diferentes áreas de práctica, incluyendo escritorios especializados con una lista fuerte de clientes internacionales y nacionales.",,,,,"Claus von Wobeser - International Bar Association, IBA, Arbitration Guide: Mexico",div,9a10daa92f6e65ba01689d373defc5816b349774cab5ccbaf44bcc7670d2a07c,e3b0c44298fc1c149afbf4c8996fb92427ae41e4649b934ca495991b7852b855,false,https://www.vonwobeser.com/images/PDF_news/2015/3-IBA-Arbitration-Guide-Mexico.pdf,https://www.vonwobeser.com/index.php/lawyer?l=134,legacy_id,034bf24d-bb12-4d40-915b-c4a86580fc49,claus-von-wobeser-international-bar-association-iba-arbitration-guide-mexico,438,true,2012-05-01,match,match,match,similar,not_applicable,match,correcto,1,match,https://www.vonwobeser.com/news/claus-von-wobeser-international-bar-association-iba-arbitration-guide-mexico?lang=en,true,true,0,
en:445,en,445,444,https://www.vonwobeser.com/index.php/publications/articles?start=130,https://www.vonwobeser.com/index.php/publication?p_id=445,200,https://www.vonwobeser.com/index.php/publication?p_id=445,"April, 2012",2012-04,month,"Von Wobeser y Sierra - Luis Burgueño - Practical Law Company, PLC:Reference Guide Mexico: Mergers & Acquisitions","Von Wobeser y Sierra S.C. es una de las principales firmas de derecho mexicano que ofrece soluciones legales de servicio completo. Se compone de más de 30 diferentes áreas de práctica, incluyendo escritorios especializados con una lista fuerte de clientes internacionales y nacionales.",,,,,"Luis Burgueño - Practical Law Company, PLC:Reference Guide Mexico: Mergers & Acquisitions",div,a8f2eb697829ddd2b22fc6f2f248d7e5eb8e7409c4ec050bdbabe925ae31f971,e3b0c44298fc1c149afbf4c8996fb92427ae41e4649b934ca495991b7852b855,false,https://www.vonwobeser.com/images/PDF_news/2015/2_2-PLC-Mergers-and-acquisitions-Mexico.pdf,https://www.vonwobeser.com/index.php/lawyer?l=141,legacy_id,7123c9cb-bbf4-4173-a1bd-d207f74f766f,luis-burgueno-practical-law-company-plc-reference-guide-mexico-mergers-acquisiti,445,true,2012-04-01,match,match,match,similar,not_applicable,match,correcto,1,match,https://www.vonwobeser.com/news/luis-burgueno-practical-law-company-plc-reference-guide-mexico-mergers-acquisiti?lang=en,true,true,0,
en:447,en,447,446,https://www.vonwobeser.com/index.php/publications/articles?start=130,https://www.vonwobeser.com/index.php/publication?p_id=447,200,https://www.vonwobeser.com/index.php/publication?p_id=447,"February, 2012",2012-02,month,"Von Wobeser y Sierra - Claus von Wobeser - The European Lawyer Reference Series - Arbitration World 4th Edition, Mexican Chapter","Von Wobeser y Sierra S.C. es una de las principales firmas de derecho mexicano que ofrece soluciones legales de servicio completo. Se compone de más de 30 diferentes áreas de práctica, incluyendo escritorios especializados con una lista fuerte de clientes internacionales y nacionales.",,,,,"Claus von Wobeser - The European Lawyer Reference Series - Arbitration World 4th Edition, Mexican Chapter",div,db10db7c18f28adc5108de5247e813758180b36e596e21b09355fab249ee4be1,e3b0c44298fc1c149afbf4c8996fb92427ae41e4649b934ca495991b7852b855,false,https://www.vonwobeser.com/images/PDF_news/2015/1.5-The-European-Lawyer-Ref-Series-Arbitration-World-4th-Ed--Mexico.pdf,https://www.vonwobeser.com/index.php/lawyer?l=134,legacy_id,ded2f993-d9d4-462b-8ce3-3c7e424af8e7,claus-von-wobeser-the-european-lawyer-reference-series-arbitration-world-4th-edi,447,true,2012-02-01,match,match,match,similar,not_applicable,match,correcto,1,match,https://www.vonwobeser.com/news/claus-von-wobeser-the-european-lawyer-reference-series-arbitration-world-4th-edi?lang=en,true,true,0,
en:451,en,451,450,https://www.vonwobeser.com/index.php/publications/articles?start=130,https://www.vonwobeser.com/index.php/publication?p_id=451,200,https://www.vonwobeser.com/index.php/publication?p_id=451,"January, 2009",2009-01,month,Von Wobeser y Sierra - Claus Von Wobeser - Incorporation by Reference,"Von Wobeser y Sierra S.C. es una de las principales firmas de derecho mexicano que ofrece soluciones legales de servicio completo. Se compone de más de 30 diferentes áreas de práctica, incluyendo escritorios especializados con una lista fuerte de clientes internacionales y nacionales.",,,,,Claus Von Wobeser - Incorporation by Reference,div,991f4c36caf7e27b58b8ca459d475baa12d72f924c486711f68ef1cf1a2eee40,bf0eb66cf22bd684e6cc6affcfea641edc585057745096f3e2a54c5607f9ba91,false,https://www.vonwobeser.com/images/PDF_news/2015/PAUTA-58-CVW.pdf,https://www.vonwobeser.com/index.php/lawyer?l=134,legacy_id,95f1a1f1-e816-4abe-968e-88b5e6c24036,claus-von-wobeser-incorporation-by-reference,451,true,2009-01-01,match,match,similar,different,not_applicable,match,correcto,1,match,https://www.vonwobeser.com/news/claus-von-wobeser-incorporation-by-reference?lang=en,true,true,0,CONTENT_DIFFERENT
en:457,en,457,458,https://www.vonwobeser.com/index.php/publications/articles?start=130,https://www.vonwobeser.com/index.php/publication?p_id=457,200,https://www.vonwobeser.com/index.php/publication?p_id=457,"January, 2008",2008-01,month,Von Wobeser y Sierra - Luis Burgueño - The New Organic Structure of the Public Corporation,"Von Wobeser y Sierra S.C. es una de las principales firmas de derecho mexicano que ofrece soluciones legales de servicio completo. Se compone de más de 30 diferentes áreas de práctica, incluyendo escritorios especializados con una lista fuerte de clientes internacionales y nacionales.",,,,,Luis Burgueño - The New Organic Structure of the Public Corporation,div,087f65be33d6f783a4c8c54b0ccd3d0d05bfd959fdc91f85dff01c927a5c546a,e3b0c44298fc1c149afbf4c8996fb92427ae41e4649b934ca495991b7852b855,false,,https://www.vonwobeser.com/index.php/lawyer?l=141,legacy_id,a4e34570-84a3-4ad4-8fb3-7bcd8195d67a,luis-burgueno-the-new-organic-structure-of-the-public-corporation,457,true,2008-01-01,match,match,match,match,not_applicable,match,correcto,1,match,https://www.vonwobeser.com/news/luis-burgueno-the-new-organic-structure-of-the-public-corporation?lang=en,true,true,0,
en:812,en,812,813,https://www.vonwobeser.com/index.php/publications/articles?start=130,https://www.vonwobeser.com/index.php/publication?p_id=812,200,https://www.vonwobeser.com/index.php/publication?p_id=812,"December, 2007",2007-12,month,"Von Wobeser y Sierra - Luis Burgueño , Patrick Meshoulam , Luis Alberto Pérez - Mexico Takes Two Major Steps Towards Telecommunications Convergence","Von Wobeser y Sierra S.C. es una de las principales firmas de derecho mexicano que ofrece soluciones legales de servicio completo. Se compone de más de 30 diferentes áreas de práctica, incluyendo escritorios especializados con una lista fuerte de clientes internacionales y nacionales.",,,,,"Luis Burgueño , Patrick Meshoulam , Luis Alberto Pérez - Mexico Takes Two Major Steps Towards Telecommunications Convergence",div,188168fa445ec3a6601e21e65fadfd922f0b694a4b71f2c1225713c6b82a292c,b180257461969dd00de8dfcfa7b511098c9bcfc1f2004bffb23df12653bdef96,false,https://www.vonwobeser.com/images/PDF_news/PDF_articles/2017/5-GCR-LBC-Mexico-takes-2-major-steps-2007-37-Mexico-telecoms.pdf,https://www.vonwobeser.com/index.php/lawyer?l=141,legacy_id,4ded4cdb-2c36-4fd7-a12b-1b5e21f40fdd,luis-burgueno-patrick-meshoulam-luis-alberto-perez-mexico-takes-two-major-steps-,812,true,2007-12-01,match,match,match,different,not_applicable,match,correcto,1,match,https://www.vonwobeser.com/news/luis-burgueno-patrick-meshoulam-luis-alberto-perez-mexico-takes-two-major-steps-?lang=en,true,true,0,CONTENT_DIFFERENT
en:460,en,460,459,https://www.vonwobeser.com/index.php/publications/articles?start=130,https://www.vonwobeser.com/index.php/publication?p_id=460,200,https://www.vonwobeser.com/index.php/publication?p_id=460,"October, 2007",2007-10,month,Von Wobeser y Sierra - Claus Von Wobeser - Techniques to control the time and costs in arbitration,"Von Wobeser y Sierra S.C. es una de las principales firmas de derecho mexicano que ofrece soluciones legales de servicio completo. Se compone de más de 30 diferentes áreas de práctica, incluyendo escritorios especializados con una lista fuerte de clientes internacionales y nacionales.",,,,,Claus Von Wobeser - Techniques to control the time and costs in arbitration,div,1963bbad87596e43f5374b5f59ae03f0ae777d676597573ac5c22a03b7e620e4,99b6d87270e0f86eeaac6bd7706231b17b1ebdf925b72f20e1b8ce694a4d17d4,false,https://www.vonwobeser.com/images/PDF_news/2015/pauta-54-CVW.pdf,https://www.vonwobeser.com/index.php/lawyer?l=134,legacy_id,b10da17f-d899-4856-b3d4-a41cfed59cf5,claus-von-wobeser-techniques-to-control-the-time-and-costs-in-arbitration,460,true,2007-10-01,match,match,similar,similar,not_applicable,match,correcto,1,match,https://www.vonwobeser.com/news/claus-von-wobeser-techniques-to-control-the-time-and-costs-in-arbitration?lang=en,true,true,0,
en:1568,en,1568,1569,https://www.vonwobeser.com/index.php/publications/articles?start=130,https://www.vonwobeser.com/index.php/publication?p_id=1568,200,https://www.vonwobeser.com/index.php/publication?p_id=1568,"March, 2007",2007-03,month,"Von Wobeser y Sierra - Pablo Jimenez, Manuel Galicia, Humberto Perez-Rocha - Sheppard Mullin - Legal Aspects of Private Equity in Mexico, 2007","Von Wobeser y Sierra S.C. es una de las principales firmas de derecho mexicano que ofrece soluciones legales de servicio completo. Se compone de más de 30 diferentes áreas de práctica, incluyendo escritorios especializados con una lista fuerte de clientes internacionales y nacionales.",,,,,"Pablo Jimenez, Manuel Galicia, Humberto Perez-Rocha - Sheppard Mullin - Legal Aspects of Private Equity in Mexico, 2007",div,e3ce0f6d987812243aa2bb10f9fc8fe190f857397d378a0df1848d61f52512a1,e3b0c44298fc1c149afbf4c8996fb92427ae41e4649b934ca495991b7852b855,false,https://www.vonwobeser.com/images/PDF_news/PDF_articles/2021/6-Sheppard-Mullin.pdf,https://www.vonwobeser.com/index.php/lawyer?l=323,verified_language_counterpart,3d2f6fbf-6429-4077-bc59-1caf1a7537f7,pablo-jimenez-manuel-galicia-humberto-perez-rocha-sheppard-mullin-aspectos-jurid,1569,true,2007-03-01,match,match,similar,similar,not_applicable,match,correcto,1,match,https://www.vonwobeser.com/news/pablo-jimenez-manuel-galicia-humberto-perez-rocha-sheppard-mullin-aspectos-jurid?lang=en,true,true,0,
en:464,en,464,463,https://www.vonwobeser.com/index.php/publications/articles?start=130,https://www.vonwobeser.com/index.php/publication?p_id=464,200,https://www.vonwobeser.com/index.php/publication?p_id=464,"November, 2006",2006-11,month,Von Wobeser y Sierra - Alberto Muerza - On the Constitutional and Legal Problems of Amparo Judgments Performance,"Von Wobeser y Sierra S.C. es una de las principales firmas de derecho mexicano que ofrece soluciones legales de servicio completo. Se compone de más de 30 diferentes áreas de práctica, incluyendo escritorios especializados con una lista fuerte de clientes internacionales y nacionales.",,,,,Alberto Muerza - On the Constitutional and Legal Problems of Amparo Judgments Performance,div,b795dda57eccda0611008a23dafb3f6b4217712d5ea7547b39a4bf2c3ec8fd69,88490049131b36358336a4d6bbe9a5675fd4ec47826cc487d842d5ceaf1cd7af,false,https://www.vonwobeser.com/images/PDF_news/2015/Muerza---cumplimiento-sentencias-amparo.pdf,,legacy_id,6b9d8f07-7768-47e3-9c82-6a0f5589a32d,alberto-muerza-on-the-constitutional-and-legal-problems-of-amparo-judgments-perf,464,true,2006-11-01,match,match,similar,different,not_applicable,match,correcto,1,match,https://www.vonwobeser.com/news/alberto-muerza-on-the-constitutional-and-legal-problems-of-amparo-judgments-perf?lang=en,true,true,0,CONTENT_DIFFERENT
en:466,en,466,465,https://www.vonwobeser.com/index.php/publications/articles?start=140,https://www.vonwobeser.com/index.php/publication?p_id=466,200,https://www.vonwobeser.com/index.php/publication?p_id=466,"June, 2005",2005-06,month,Von Wobeser y Sierra - Luis Burgueño - E-Commerce and the Law of Digital Signatures,"Von Wobeser y Sierra S.C. es una de las principales firmas de derecho mexicano que ofrece soluciones legales de servicio completo. Se compone de más de 30 diferentes áreas de práctica, incluyendo escritorios especializados con una lista fuerte de clientes internacionales y nacionales.",,,,,Luis Burgueño - E-Commerce and the Law of Digital Signatures,div,1d552c55a25e0ed3eb31c68db573698ace997cc8c7398f159b98a17f857391b7,384d33bb183dd25a4a561ea41ada2dca18094b35cf36a37cd240640e5f343b3f,false,https://www.vonwobeser.com/images/PDF_news/2015/Chapter-16.pdf,https://www.vonwobeser.com/index.php/lawyer?l=141,legacy_id,072557de-b34a-4255-8d99-4593cc18ef2a,luis-burgueno-e-commerce-and-the-law-of-digital-signatures,466,true,2005-06-01,match,match,similar,similar,not_applicable,match,correcto,1,match,https://www.vonwobeser.com/news/luis-burgueno-e-commerce-and-the-law-of-digital-signatures?lang=en,true,true,0,
en:1566,en,1566,1567,https://www.vonwobeser.com/index.php/publications/articles?start=140,https://www.vonwobeser.com/index.php/publication?p_id=1566,200,https://www.vonwobeser.com/index.php/publication?p_id=1566,"May, 2005",2005-05,month,"Von Wobeser y Sierra - Pablo Jiménez – Stanford Law School - Reshaping Fiduciary Duties in Mexico: A Step Towards Functionality, 2005","Von Wobeser y Sierra S.C. es una de las principales firmas de derecho mexicano que ofrece soluciones legales de servicio completo. Se compone de más de 30 diferentes áreas de práctica, incluyendo escritorios especializados con una lista fuerte de clientes internacionales y nacionales.",,,,,"Pablo Jiménez – Stanford Law School - Reshaping Fiduciary Duties in Mexico: A Step Towards Functionality, 2005",div,18be2e1b9443c0edb36a26c778eb30dc5564211156ca02dc7f68c02afd0442ad,fca727abf686fdf7bb35aceffeedd679a3f9cd23e8e71dd76a057b1ca3102dd7,false,https://www.vonwobeser.com/images/PDF_news/PDF_articles/2021/7-Stanford-Law-School.pdf,https://www.vonwobeser.com/index.php/lawyer?l=323 | https://law.stanford.edu/publications/reshaping-fiduciary-duties-in-mexico-a-step-towards-functionality/,legacy_id,5bcd3c8e-a38a-43a5-9e35-456fceea774c,pablo-jimenez-stanford-law-school-reshaping-fiduciary-duties-in-mexico-a-step-to,1566,true,2005-05-01,match,match,match,different,not_applicable,match,correcto,1,match,https://www.vonwobeser.com/news/pablo-jimenez-stanford-law-school-reshaping-fiduciary-duties-in-mexico-a-step-to?lang=en,true,true,0,CONTENT_DIFFERENT
en:1560,en,1560,1561,https://www.vonwobeser.com/index.php/publications/articles?start=140,https://www.vonwobeser.com/index.php/publication?p_id=1560,200,https://www.vonwobeser.com/index.php/publication?p_id=1560,"January, 2004",2004-01,month,"Von Wobeser y Sierra - Pablo Jiménez - Editorial Porrúa - Takeover Bids, 2004","Von Wobeser y Sierra S.C. es una de las principales firmas de derecho mexicano que ofrece soluciones legales de servicio completo. Se compone de más de 30 diferentes áreas de práctica, incluyendo escritorios especializados con una lista fuerte de clientes internacionales y nacionales.",,,,,"Pablo Jiménez - Editorial Porrúa - Takeover Bids, 2004",div,70d921db9c86c41844c23ef094aa408af78f26468dcf0c924d71994029f61421,0434d3bef0d32a5fe3ecf43812b92e452dff4106831cc7e6bbfa718c7748cda9,false,,https://www.vonwobeser.com/index.php/lawyer?l=323 | https://www.amazon.com/OFERTAS-PUBLICAS-ADQUISICION-JIMENEZ-ZORRILLA/dp/9700751228,legacy_id,a0700d66-e0fc-42ef-9b62-e13375240828,pablo-jimenez-editorial-porrua-takeover-bids-2004,1560,true,2004-01-01,match,match,match,different,not_applicable,match,correcto,1,match,https://www.vonwobeser.com/news/pablo-jimenez-editorial-porrua-takeover-bids-2004?lang=en,true,true,0,CONTENT_DIFFERENT
