owner,source,kind,language,url,status,classification,finalUrl,redirected,mime,error
d1442a98-28ad-44bb-9925-e6a8b65821da:es,project-public,public-source-cta,es,https://eljuegodelacorte.nexos.com.mx/la-batalla-por-la-independencia-judicial-lecciones-del-sistema-interamericano/,200,correcto,https://eljuegodelacorte.nexos.com.mx/la-batalla-por-la-independencia-judicial-lecciones-del-sistema-interamericano/,false,text/html; charset=UTF-8,
d1442a98-28ad-44bb-9925-e6a8b65821da:en,project-public,public-source-cta,en,https://eljuegodelacorte.nexos.com.mx/la-batalla-por-la-independencia-judicial-lecciones-del-sistema-interamericano/,200,correcto,https://eljuegodelacorte.nexos.com.mx/la-batalla-por-la-independencia-judicial-lecciones-del-sistema-interamericano/,false,text/html; charset=UTF-8,
f88f3e19-eeb7-4dcf-81bf-7419b292d426:es,project-public,public-source-cta,es,https://anticorrupcion.nexos.com.mx/los-empresarios-son-beneficiarios-del-combate-a-la-corrupcion-privada/,200,correcto,https://anticorrupcion.nexos.com.mx/los-empresarios-son-beneficiarios-del-combate-a-la-corrupcion-privada/,false,text/html; charset=UTF-8,
f88f3e19-eeb7-4dcf-81bf-7419b292d426:en,project-public,public-source-cta,en,https://anticorrupcion.nexos.com.mx/los-empresarios-son-beneficiarios-del-combate-a-la-corrupcion-privada/,200,correcto,https://anticorrupcion.nexos.com.mx/los-empresarios-son-beneficiarios-del-combate-a-la-corrupcion-privada/,false,text/html; charset=UTF-8,
dcf35485-3541-4cfc-8593-f9c62419505c:es,project-public,public-source-cta,es,https://www.vonwobeser.com/index.php/publicacion/p_id-1817.html,0,inaccesible,,false,,fetch failed
dcf35485-3541-4cfc-8593-f9c62419505c:en,project-public,public-source-cta,en,https://www.vonwobeser.com/index.php/publicacion/p_id-1817.html,0,inaccesible,,false,,fetch failed
51456133-d260-4f4f-9383-e559f960afaf:es,project-public,public-source-cta,es,https://www.vonwobeser.com/index.php/publicacion/p_id-1816.html,0,inaccesible,,false,,fetch failed
51456133-d260-4f4f-9383-e559f960afaf:en,project-public,public-source-cta,en,https://www.vonwobeser.com/index.php/publicacion/p_id-1816.html,0,inaccesible,,false,,fetch failed
dd355580-337a-4753-8c05-3376dfefa8a4:es,project-public,public-source-cta,es,https://www.vonwobeser.com/index.php/publicacion/p_id-1815.html,0,inaccesible,,false,,fetch failed
dd355580-337a-4753-8c05-3376dfefa8a4:en,project-public,public-source-cta,en,https://www.vonwobeser.com/index.php/publicacion/p_id-1815.html,0,inaccesible,,false,,fetch failed
e711701f-6b90-4193-b762-80b2533bdf83:es,project-public,public-source-cta,es,https://mundoejecutivo.com.mx/economia/blockchain-compliance-evolucion-cumplimiento/,200,correcto,https://mundoejecutivo.com.mx/economia/blockchain-compliance-evolucion-cumplimiento/,false,text/html; charset=UTF-8,
e711701f-6b90-4193-b762-80b2533bdf83:en,project-public,public-source-cta,en,https://mundoejecutivo.com.mx/economia/blockchain-compliance-evolucion-cumplimiento/,200,correcto,https://mundoejecutivo.com.mx/economia/blockchain-compliance-evolucion-cumplimiento/,false,text/html; charset=UTF-8,
cb5c1ee1-54f9-4689-a806-1eb274bc61ef:es,project-public,public-source-cta,es,https://www.vonwobeser.com/index.php/publicacion/p_id-1813.html,0,inaccesible,,false,,fetch failed
cb5c1ee1-54f9-4689-a806-1eb274bc61ef:en,project-public,public-source-cta,en,https://www.vonwobeser.com/index.php/publicacion/p_id-1813.html,0,inaccesible,,false,,fetch failed
83f05ea3-0a3c-40f4-ab82-d4a5224c97b7:es,project-public,public-source-cta,es,https://www.vonwobeser.com/index.php/publicacion/p_id-1812.html,0,inaccesible,,false,,fetch failed
83f05ea3-0a3c-40f4-ab82-d4a5224c97b7:en,project-public,public-source-cta,en,https://www.vonwobeser.com/index.php/publicacion/p_id-1812.html,0,inaccesible,,false,,fetch failed
e61cf1d4-c0c2-4d8d-b064-f1c32c3a101e:es,project-public,public-source-cta,es,https://mitsloanreview.mx/nft-bitcoin-crypto-blockchain/como-prevenir-fraudes-con-criptomonedas/,200,redireccion-valida,https://www.mitsloanreview.mx/nft-bitcoin-crypto-blockchain/como-prevenir-fraudes-con-criptomonedas/,true,text/html; charset=UTF-8,
e61cf1d4-c0c2-4d8d-b064-f1c32c3a101e:en,project-public,public-source-cta,en,https://mitsloanreview.mx/nft-bitcoin-crypto-blockchain/como-prevenir-fraudes-con-criptomonedas/,200,redireccion-valida,https://www.mitsloanreview.mx/nft-bitcoin-crypto-blockchain/como-prevenir-fraudes-con-criptomonedas/,true,text/html; charset=UTF-8,
c4499622-a209-4d59-b716-c9dff13f38c0:es,project-public,public-source-cta,es,https://www.milenio.com/opinion/ricardo-cacho/columna-ricardo-cacho/las-criptomonedas-y-su-transparente-blockchain,200,correcto,https://www.milenio.com/opinion/ricardo-cacho/columna-ricardo-cacho/las-criptomonedas-y-su-transparente-blockchain,false,text/html; charset=UTF-8,
c4499622-a209-4d59-b716-c9dff13f38c0:en,project-public,public-source-cta,en,https://www.milenio.com/opinion/ricardo-cacho/columna-ricardo-cacho/las-criptomonedas-y-su-transparente-blockchain,200,correcto,https://www.milenio.com/opinion/ricardo-cacho/columna-ricardo-cacho/las-criptomonedas-y-su-transparente-blockchain,false,text/html; charset=UTF-8,
4ffb1ef8-c8d0-41c9-a1b0-b900bcb61355:es,project-public,public-source-cta,es,https://www.vonwobeser.com/index.php/publicacion/p_id-1809.html,0,inaccesible,,false,,fetch failed
4ffb1ef8-c8d0-41c9-a1b0-b900bcb61355:en,project-public,public-source-cta,en,https://www.vonwobeser.com/index.php/publicacion/p_id-1809.html,0,inaccesible,,false,,fetch failed
59a1de11-dc6c-4fcf-b9ca-51fad251a9ea:es,project-public,public-source-cta,es,https://www.vonwobeser.com/index.php/publicacion/p_id-1808.html,0,inaccesible,,false,,fetch failed
59a1de11-dc6c-4fcf-b9ca-51fad251a9ea:en,project-public,public-source-cta,en,https://www.vonwobeser.com/index.php/publicacion/p_id-1808.html,0,inaccesible,,false,,fetch failed
ed6f3c93-30d1-46ea-a887-00990870a206:es,project-public,public-source-cta,es,https://www.vonwobeser.com/index.php/publicacion/p_id-1807.html,0,inaccesible,,false,,fetch failed
ed6f3c93-30d1-46ea-a887-00990870a206:en,project-public,public-source-cta,en,https://www.vonwobeser.com/index.php/publicacion/p_id-1807.html,0,inaccesible,,false,,fetch failed
b05e261e-8879-4144-8f29-8b7c504711c4:es,project-public,public-source-cta,es,https://www.aranzadilaley.es/tienda/todo-penal-internacional,200,correcto,https://www.aranzadilaley.es/tienda/todo-penal-internacional,false,text/html; charset=utf-8,
b05e261e-8879-4144-8f29-8b7c504711c4:en,project-public,public-source-cta,en,https://www.aranzadilaley.es/tienda/todo-penal-internacional,200,correcto,https://www.aranzadilaley.es/tienda/todo-penal-internacional,false,text/html; charset=utf-8,
b5bf8684-0e24-4c06-8762-70f8934740db:es,project-public,public-source-cta,es,https://www.milenio.com/opinion/ricardo-cacho/columna-ricardo-cacho/la-evasion-fiscal-una-forma-de-corrupcion,200,correcto,https://www.milenio.com/opinion/ricardo-cacho/columna-ricardo-cacho/la-evasion-fiscal-una-forma-de-corrupcion,false,text/html; charset=UTF-8,
b5bf8684-0e24-4c06-8762-70f8934740db:en,project-public,public-source-cta,en,https://www.milenio.com/opinion/ricardo-cacho/columna-ricardo-cacho/la-evasion-fiscal-una-forma-de-corrupcion,200,correcto,https://www.milenio.com/opinion/ricardo-cacho/columna-ricardo-cacho/la-evasion-fiscal-una-forma-de-corrupcion,false,text/html; charset=UTF-8,
6a802bb3-cd6f-4171-b903-2fbfc7b68ab0:es,project-public,public-source-cta,es,https://www.milenio.com/opinion/ricardo-cacho/columna-ricardo-cacho/los-jueces-deben-pensar-en-las-victimas,200,correcto,https://www.milenio.com/opinion/ricardo-cacho/columna-ricardo-cacho/los-jueces-deben-pensar-en-las-victimas,false,text/html; charset=UTF-8,
6a802bb3-cd6f-4171-b903-2fbfc7b68ab0:en,project-public,public-source-cta,en,https://www.milenio.com/opinion/ricardo-cacho/columna-ricardo-cacho/los-jueces-deben-pensar-en-las-victimas,200,correcto,https://www.milenio.com/opinion/ricardo-cacho/columna-ricardo-cacho/los-jueces-deben-pensar-en-las-victimas,false,text/html; charset=UTF-8,
2c75ee48-2c81-4d50-808e-e1359764b201:es,project-public,public-source-cta,es,https://www.milenio.com/politica/lee-firmas-milenio-jueves-16-julio,200,correcto,https://www.milenio.com/politica/lee-firmas-milenio-jueves-16-julio,false,text/html; charset=UTF-8,
2c75ee48-2c81-4d50-808e-e1359764b201:en,project-public,public-source-cta,en,https://www.milenio.com/politica/lee-firmas-milenio-jueves-16-julio,200,correcto,https://www.milenio.com/politica/lee-firmas-milenio-jueves-16-julio,false,text/html; charset=UTF-8,
9f2576b3-73af-4e76-8130-6d1182263332:es,project-public,public-source-cta,es,https://eljuegodelacorte.nexos.com.mx/que-culpa-tiene-el-tigre-tono-las-nuevas-reglas-de-publicidad-en-alimentos-preenvasados/,200,correcto,https://eljuegodelacorte.nexos.com.mx/que-culpa-tiene-el-tigre-tono-las-nuevas-reglas-de-publicidad-en-alimentos-preenvasados/,false,text/html; charset=UTF-8,
9f2576b3-73af-4e76-8130-6d1182263332:en,project-public,public-source-cta,en,https://eljuegodelacorte.nexos.com.mx/que-culpa-tiene-el-tigre-tono-las-nuevas-reglas-de-publicidad-en-alimentos-preenvasados/,200,correcto,https://eljuegodelacorte.nexos.com.mx/que-culpa-tiene-el-tigre-tono-las-nuevas-reglas-de-publicidad-en-alimentos-preenvasados/,false,text/html; charset=UTF-8,
948d9ed0-b5c0-4aa3-b2f9-46f2c3084d72:es,project-public,public-source-cta,es,https://www.vonwobeser.com/images/PDF_news/2023/ESG4/23_05_22_MINERIA_ESG_ENG-Pt4-OK.pdf,206,correcto,https://www.vonwobeser.com/images/PDF_news/2023/ESG4/23_05_22_MINERIA_ESG_ENG-Pt4-OK.pdf,false,application/pdf,
948d9ed0-b5c0-4aa3-b2f9-46f2c3084d72:es,project-public,public-content-link,es,http://localhost:5050/images/PDF_news/2023/ESG4/23_05_22_MINERIA_ESG_ESP-Pt4-OK.pdf,206,correcto,http://localhost:5050/images/PDF_news/2023/ESG4/23_05_22_MINERIA_ESG_ESP-Pt4-OK.pdf,false,application/pdf,
948d9ed0-b5c0-4aa3-b2f9-46f2c3084d72:en,project-public,public-source-cta,en,https://www.vonwobeser.com/images/PDF_news/2023/ESG4/23_05_22_MINERIA_ESG_ENG-Pt4-OK.pdf,206,correcto,https://www.vonwobeser.com/images/PDF_news/2023/ESG4/23_05_22_MINERIA_ESG_ENG-Pt4-OK.pdf,false,application/pdf,
948d9ed0-b5c0-4aa3-b2f9-46f2c3084d72:en,project-public,public-content-link,en,http://localhost:5050/images/PDF_news/2023/ESG4/23_05_22_MINERIA_ESG_ESP-Pt4-OK.pdf,206,correcto,http://localhost:5050/images/PDF_news/2023/ESG4/23_05_22_MINERIA_ESG_ESP-Pt4-OK.pdf,false,application/pdf,
058a4313-3a7c-415d-91f0-a79623555e3c:es,project-public,public-source-cta,es,https://www.vonwobeser.com/images/PDF_news/2023/vision_combate.pdf,206,correcto,https://www.vonwobeser.com/images/PDF_news/2023/vision_combate.pdf,false,application/pdf,
058a4313-3a7c-415d-91f0-a79623555e3c:en,project-public,public-source-cta,en,https://www.vonwobeser.com/images/PDF_news/2023/vision_combate.pdf,206,correcto,https://www.vonwobeser.com/images/PDF_news/2023/vision_combate.pdf,false,application/pdf,
b3da086e-1dd7-43c3-a148-a94bd75d44b9:es,project-public,public-source-cta,es,https://www.vonwobeser.com/images/PDF_news/2022/22_08_11_ESG_En-la-Industria-Minera-Mexicana-3_ENG.pdf,206,correcto,https://www.vonwobeser.com/images/PDF_news/2022/22_08_11_ESG_En-la-Industria-Minera-Mexicana-3_ENG.pdf,false,application/pdf,
b3da086e-1dd7-43c3-a148-a94bd75d44b9:es,project-public,public-content-link,es,http://localhost:5050/images/PDF_news/2022/22_08_11_ESG_En-la-Industria-Minera-Mexicana-3_ESP.pdf,206,correcto,http://localhost:5050/images/PDF_news/2022/22_08_11_ESG_En-la-Industria-Minera-Mexicana-3_ESP.pdf,false,application/pdf,
b3da086e-1dd7-43c3-a148-a94bd75d44b9:en,project-public,public-source-cta,en,https://www.vonwobeser.com/images/PDF_news/2022/22_08_11_ESG_En-la-Industria-Minera-Mexicana-3_ENG.pdf,206,correcto,https://www.vonwobeser.com/images/PDF_news/2022/22_08_11_ESG_En-la-Industria-Minera-Mexicana-3_ENG.pdf,false,application/pdf,
b3da086e-1dd7-43c3-a148-a94bd75d44b9:en,project-public,public-content-link,en,http://localhost:5050/images/PDF_news/2022/22_08_11_ESG_En-la-Industria-Minera-Mexicana-3_ESP.pdf,206,correcto,http://localhost:5050/images/PDF_news/2022/22_08_11_ESG_En-la-Industria-Minera-Mexicana-3_ESP.pdf,false,application/pdf,
0dddeaf9-ed0e-43f9-9419-2a437feefdbe:es,project-public,public-source-cta,es,https://www.vonwobeser.com/images/PDF/2022/Preparate_Para_el_Proximo_Cisne1.pdf,206,correcto,https://www.vonwobeser.com/images/PDF/2022/Preparate_Para_el_Proximo_Cisne1.pdf,false,application/pdf,
0dddeaf9-ed0e-43f9-9419-2a437feefdbe:en,project-public,public-source-cta,en,https://www.vonwobeser.com/images/PDF/2022/Preparate_Para_el_Proximo_Cisne1.pdf,206,correcto,https://www.vonwobeser.com/images/PDF/2022/Preparate_Para_el_Proximo_Cisne1.pdf,false,application/pdf,
33353440-ab57-4435-b33d-a3b479cd2f5e:es,project-public,public-source-cta,es,https://www.vonwobeser.com/images/PDF_news/2021/21_10_12_MINERIA_ESG_ING.pdf,206,correcto,https://www.vonwobeser.com/images/PDF_news/2021/21_10_12_MINERIA_ESG_ING.pdf,false,application/pdf,
33353440-ab57-4435-b33d-a3b479cd2f5e:es,project-public,public-content-link,es,http://localhost:5050/images/PDF_news/2022/22_04_01_MINERIA_ESG_ESP-Pt2.pdf,206,correcto,http://localhost:5050/images/PDF_news/2022/22_04_01_MINERIA_ESG_ESP-Pt2.pdf,false,application/pdf,
33353440-ab57-4435-b33d-a3b479cd2f5e:en,project-public,public-source-cta,en,https://www.vonwobeser.com/images/PDF_news/2021/21_10_12_MINERIA_ESG_ING.pdf,206,correcto,https://www.vonwobeser.com/images/PDF_news/2021/21_10_12_MINERIA_ESG_ING.pdf,false,application/pdf,
33353440-ab57-4435-b33d-a3b479cd2f5e:en,project-public,public-content-link,en,http://localhost:5050/images/PDF_news/2022/22_04_01_MINERIA_ESG_ESP-Pt2.pdf,206,correcto,http://localhost:5050/images/PDF_news/2022/22_04_01_MINERIA_ESG_ESP-Pt2.pdf,false,application/pdf,
13f214d4-71b3-4284-8e23-d7882ad83bd1:es,project-public,public-source-cta,es,https://expansion.mx/opinion/2022/01/03/negocio-contribuya-cambiar-el-mundo,200,correcto,https://expansion.mx/opinion/2022/01/03/negocio-contribuya-cambiar-el-mundo,false,text/html;charset=UTF-8,
13f214d4-71b3-4284-8e23-d7882ad83bd1:es,project-public,public-content-link,es,http://localhost:5050/images/PDF_news/2022/Tu-negocio-contribuye-a-cambiar-el-mundo_-Considera-una-perspectiva-ESG.pdf,206,correcto,http://localhost:5050/images/PDF_news/2022/Tu-negocio-contribuye-a-cambiar-el-mundo_-Considera-una-perspectiva-ESG.pdf,false,application/pdf,
13f214d4-71b3-4284-8e23-d7882ad83bd1:en,project-public,public-source-cta,en,https://expansion.mx/opinion/2022/01/03/negocio-contribuya-cambiar-el-mundo,200,correcto,https://expansion.mx/opinion/2022/01/03/negocio-contribuya-cambiar-el-mundo,false,text/html;charset=UTF-8,
13f214d4-71b3-4284-8e23-d7882ad83bd1:en,project-public,public-content-link,en,http://localhost:5050/images/PDF_news/2022/Tu-negocio-contribuye-a-cambiar-el-mundo_-Considera-una-perspectiva-ESG.pdf,206,correcto,http://localhost:5050/images/PDF_news/2022/Tu-negocio-contribuye-a-cambiar-el-mundo_-Considera-una-perspectiva-ESG.pdf,false,application/pdf,
26a2073b-ad34-41c5-88b2-052ab0402f86:es,project-public,public-content-link,es,http://localhost:5050/images/PDF_news/2021/21_12_17_DERECHOS_FUNDAMENTALES_ESG_ESP.pdf,206,correcto,http://localhost:5050/images/PDF_news/2021/21_12_17_DERECHOS_FUNDAMENTALES_ESG_ESP.pdf,false,application/pdf,
26a2073b-ad34-41c5-88b2-052ab0402f86:en,project-public,public-content-link,en,http://localhost:5050/images/PDF_news/2021/21_12_17_DERECHOS_FUNDAMENTALES_ESG_ESP.pdf,206,correcto,http://localhost:5050/images/PDF_news/2021/21_12_17_DERECHOS_FUNDAMENTALES_ESG_ESP.pdf,false,application/pdf,
e97d4b5c-a943-491e-b91a-81937feca1ca:es,project-public,public-content-link,es,http://localhost:5050/images/PDF_news/2021/21_12_10_AUTONOMIA_ENERGETICA_ESG_ESP.pdf,206,correcto,http://localhost:5050/images/PDF_news/2021/21_12_10_AUTONOMIA_ENERGETICA_ESG_ESP.pdf,false,application/pdf,
e97d4b5c-a943-491e-b91a-81937feca1ca:en,project-public,public-content-link,en,http://localhost:5050/images/PDF_news/2021/21_12_10_AUTONOMIA_ENERGETICA_ESG_ESP.pdf,206,correcto,http://localhost:5050/images/PDF_news/2021/21_12_10_AUTONOMIA_ENERGETICA_ESG_ESP.pdf,false,application/pdf,
14ed5556-4fdd-4da0-a134-93bb0fb73d5f:es,project-public,public-content-link,es,http://localhost:5050/images/PDF_news/2021/21_12_02_MLRR_ESG_ESP.pdf,206,correcto,http://localhost:5050/images/PDF_news/2021/21_12_02_MLRR_ESG_ESP.pdf,false,application/pdf,
14ed5556-4fdd-4da0-a134-93bb0fb73d5f:en,project-public,public-content-link,en,http://localhost:5050/images/PDF_news/2021/21_12_02_MLRR_ESG_ESP.pdf,206,correcto,http://localhost:5050/images/PDF_news/2021/21_12_02_MLRR_ESG_ESP.pdf,false,application/pdf,
2487d778-9d5b-4894-8561-989e8b7d8a88:es,project-public,public-content-link,es,http://localhost:5050/images/PDF_news/2021/21_11_25_SUMINISTRO_ESG_ESP.pdf,206,correcto,http://localhost:5050/images/PDF_news/2021/21_11_25_SUMINISTRO_ESG_ESP.pdf,false,application/pdf,
2487d778-9d5b-4894-8561-989e8b7d8a88:en,project-public,public-content-link,en,http://localhost:5050/images/PDF_news/2021/21_11_25_SUMINISTRO_ESG_ESP.pdf,206,correcto,http://localhost:5050/images/PDF_news/2021/21_11_25_SUMINISTRO_ESG_ESP.pdf,false,application/pdf,
37a69116-aad6-4f9c-bafc-e2b4d4fcd0a3:es,project-public,public-content-link,es,http://localhost:5050/images/PDF_news/2021/21_11_17_PRIVACIDAD_ESG_ESP.pdf,206,correcto,http://localhost:5050/images/PDF_news/2021/21_11_17_PRIVACIDAD_ESG_ESP.pdf,false,application/pdf,
37a69116-aad6-4f9c-bafc-e2b4d4fcd0a3:en,project-public,public-content-link,en,http://localhost:5050/images/PDF_news/2021/21_11_17_PRIVACIDAD_ESG_ESP.pdf,206,correcto,http://localhost:5050/images/PDF_news/2021/21_11_17_PRIVACIDAD_ESG_ESP.pdf,false,application/pdf,
391be58b-9ce9-4205-8c73-44d3a7893e18:es,project-public,public-source-cta,es,https://www.vonwobeser.com/images/PDF_news/2021/21_11_12_ARBITRAJE_ESG_ING.pdf,206,correcto,https://www.vonwobeser.com/images/PDF_news/2021/21_11_12_ARBITRAJE_ESG_ING.pdf,false,application/pdf,
391be58b-9ce9-4205-8c73-44d3a7893e18:es,project-public,public-content-link,es,http://localhost:5050/images/PDF_news/2021/21_11_12_ARBITRAJE_ESG_ESP.pdf,206,correcto,http://localhost:5050/images/PDF_news/2021/21_11_12_ARBITRAJE_ESG_ESP.pdf,false,application/pdf,
391be58b-9ce9-4205-8c73-44d3a7893e18:en,project-public,public-source-cta,en,https://www.vonwobeser.com/images/PDF_news/2021/21_11_12_ARBITRAJE_ESG_ING.pdf,206,correcto,https://www.vonwobeser.com/images/PDF_news/2021/21_11_12_ARBITRAJE_ESG_ING.pdf,false,application/pdf,
391be58b-9ce9-4205-8c73-44d3a7893e18:en,project-public,public-content-link,en,http://localhost:5050/images/PDF_news/2021/21_11_12_ARBITRAJE_ESG_ESP.pdf,206,correcto,http://localhost:5050/images/PDF_news/2021/21_11_12_ARBITRAJE_ESG_ESP.pdf,false,application/pdf,
b1b99ae9-7804-450f-ada9-ac42e3a74c8a:es,project-public,public-content-link,es,http://localhost:5050/images/PDF_news/2021/21_11_03_EMISIONES_ESG_ESP.pdf,206,correcto,http://localhost:5050/images/PDF_news/2021/21_11_03_EMISIONES_ESG_ESP.pdf,false,application/pdf,
b1b99ae9-7804-450f-ada9-ac42e3a74c8a:en,project-public,public-content-link,en,http://localhost:5050/images/PDF_news/2021/21_11_03_EMISIONES_ESG_ESP.pdf,206,correcto,http://localhost:5050/images/PDF_news/2021/21_11_03_EMISIONES_ESG_ESP.pdf,false,application/pdf,
16c8246c-7abe-4e87-b691-2eb6256e9f2f:es,project-public,public-content-link,es,http://localhost:5050/images/PDF_news/2021/21_10_26_ANTI_CORRUPTION_ESG_ESP.pdf,206,correcto,http://localhost:5050/images/PDF_news/2021/21_10_26_ANTI_CORRUPTION_ESG_ESP.pdf,false,application/pdf,
16c8246c-7abe-4e87-b691-2eb6256e9f2f:en,project-public,public-content-link,en,http://localhost:5050/images/PDF_news/2021/21_10_26_ANTI_CORRUPTION_ESG_ESP.pdf,206,correcto,http://localhost:5050/images/PDF_news/2021/21_10_26_ANTI_CORRUPTION_ESG_ESP.pdf,false,application/pdf,
7a0dbb66-77c4-41ba-aeaa-3d959bee9ce8:es,project-public,public-content-link,es,http://localhost:5050/images/PDF_news/2021/21_10_19_STRESS_ESG_ESP.pdf,206,correcto,http://localhost:5050/images/PDF_news/2021/21_10_19_STRESS_ESG_ESP.pdf,false,application/pdf,
7a0dbb66-77c4-41ba-aeaa-3d959bee9ce8:en,project-public,public-content-link,en,http://localhost:5050/images/PDF_news/2021/21_10_19_STRESS_ESG_ESP.pdf,206,correcto,http://localhost:5050/images/PDF_news/2021/21_10_19_STRESS_ESG_ESP.pdf,false,application/pdf,
722c7047-b361-4e55-86d1-7ae3cbc94a81:es,project-public,public-content-link,es,http://localhost:5050/images/PDF_news/2021/21_10_14_REGULACION_ESG_ESP.pdf,206,correcto,http://localhost:5050/images/PDF_news/2021/21_10_14_REGULACION_ESG_ESP.pdf,false,application/pdf,
722c7047-b361-4e55-86d1-7ae3cbc94a81:en,project-public,public-content-link,en,http://localhost:5050/images/PDF_news/2021/21_10_14_REGULACION_ESG_ESP.pdf,206,correcto,http://localhost:5050/images/PDF_news/2021/21_10_14_REGULACION_ESG_ESP.pdf,false,application/pdf,
70a6241f-048c-45e1-b058-1a7bfb1b902f:es,project-public,public-source-cta,es,https://www.vonwobeser.com/images/PDF_news/2021/21_10_12_MINERIA_ESG_ING.pdf,206,correcto,https://www.vonwobeser.com/images/PDF_news/2021/21_10_12_MINERIA_ESG_ING.pdf,false,application/pdf,
70a6241f-048c-45e1-b058-1a7bfb1b902f:es,project-public,public-content-link,es,http://localhost:5050/images/PDF_news/2021/21_10_12_MINERIA_ESG_ESP.pdf,206,correcto,http://localhost:5050/images/PDF_news/2021/21_10_12_MINERIA_ESG_ESP.pdf,false,application/pdf,
70a6241f-048c-45e1-b058-1a7bfb1b902f:en,project-public,public-source-cta,en,https://www.vonwobeser.com/images/PDF_news/2021/21_10_12_MINERIA_ESG_ING.pdf,206,correcto,https://www.vonwobeser.com/images/PDF_news/2021/21_10_12_MINERIA_ESG_ING.pdf,false,application/pdf,
70a6241f-048c-45e1-b058-1a7bfb1b902f:en,project-public,public-content-link,en,http://localhost:5050/images/PDF_news/2021/21_10_12_MINERIA_ESG_ESP.pdf,206,correcto,http://localhost:5050/images/PDF_news/2021/21_10_12_MINERIA_ESG_ESP.pdf,false,application/pdf,
bc778088-7cc0-4118-8780-2e2067fd5d0c:es,project-public,public-content-link,es,http://localhost:5050/images/PDF_news/2021/21_10_08_IMPLICACIONES_ESG_ESP.pdf,206,correcto,http://localhost:5050/images/PDF_news/2021/21_10_08_IMPLICACIONES_ESG_ESP.pdf,false,application/pdf,
bc778088-7cc0-4118-8780-2e2067fd5d0c:en,project-public,public-content-link,en,http://localhost:5050/images/PDF_news/2021/21_10_08_IMPLICACIONES_ESG_ESP.pdf,206,correcto,http://localhost:5050/images/PDF_news/2021/21_10_08_IMPLICACIONES_ESG_ESP.pdf,false,application/pdf,
2e20d19c-2537-4902-8093-b4020bf35db6:es,project-public,public-content-link,es,http://localhost:5050/images/PDF_news/2021/20-Mexico-Overview.pdf,206,correcto,http://localhost:5050/images/PDF_news/2021/20-Mexico-Overview.pdf,false,application/pdf,
2e20d19c-2537-4902-8093-b4020bf35db6:en,project-public,public-content-link,en,http://localhost:5050/images/PDF_news/2021/20-Mexico-Overview.pdf,206,correcto,http://localhost:5050/images/PDF_news/2021/20-Mexico-Overview.pdf,false,application/pdf,
e29beee6-60e0-4585-b11b-aa08636f4e60:es,project-public,public-content-link,es,http://localhost:5050/images/PDF_news/2021/25-Mexico-QA.pdf,206,correcto,http://localhost:5050/images/PDF_news/2021/25-Mexico-QA.pdf,false,application/pdf,
e29beee6-60e0-4585-b11b-aa08636f4e60:en,project-public,public-content-link,en,http://localhost:5050/images/PDF_news/2021/25-Mexico-QA.pdf,206,correcto,http://localhost:5050/images/PDF_news/2021/25-Mexico-QA.pdf,false,application/pdf,
3b2c0a08-904f-4d48-846b-516bb5a41975:es,project-public,public-content-link,es,http://localhost:5050/images/PDF_news/2021/14-_-Indemnity-Escrows-and--Other-Payment-Guarantees.pdf,206,correcto,http://localhost:5050/images/PDF_news/2021/14-_-Indemnity-Escrows-and--Other-Payment-Guarantees.pdf,false,application/pdf,
3b2c0a08-904f-4d48-846b-516bb5a41975:en,project-public,public-content-link,en,http://localhost:5050/images/PDF_news/2021/14-_-Indemnity-Escrows-and--Other-Payment-Guarantees.pdf,206,correcto,http://localhost:5050/images/PDF_news/2021/14-_-Indemnity-Escrows-and--Other-Payment-Guarantees.pdf,false,application/pdf,
267aa63a-5bf5-4881-bd68-5348e17001be:es,project-public,public-content-link,es,http://localhost:5050/images/PDF_news/2021/035_MEXICO-LP.pdf,206,correcto,http://localhost:5050/images/PDF_news/2021/035_MEXICO-LP.pdf,false,application/pdf,
267aa63a-5bf5-4881-bd68-5348e17001be:en,project-public,public-content-link,en,http://localhost:5050/images/PDF_news/2021/035_MEXICO-LP.pdf,206,correcto,http://localhost:5050/images/PDF_news/2021/035_MEXICO-LP.pdf,false,application/pdf,
f72097b6-257a-425e-aad9-1ca4e553b45e:es,project-public,public-content-link,es,http://localhost:5050/images/PDF_news/2020_2/IBA---The-next-wave-of-ISDS-ca-ses-could-be-powered-by-recent-policy-changes-in-the-renewable-energy-sector-in-Mexico.pdf,206,correcto,http://localhost:5050/images/PDF_news/2020_2/IBA---The-next-wave-of-ISDS-ca-ses-could-be-powered-by-recent-policy-changes-in-the-renewable-energy-sector-in-Mexico.pdf,false,application/pdf,
f72097b6-257a-425e-aad9-1ca4e553b45e:en,project-public,public-content-link,en,http://localhost:5050/images/PDF_news/2020_2/IBA---The-next-wave-of-ISDS-ca-ses-could-be-powered-by-recent-policy-changes-in-the-renewable-energy-sector-in-Mexico.pdf,206,correcto,http://localhost:5050/images/PDF_news/2020_2/IBA---The-next-wave-of-ISDS-ca-ses-could-be-powered-by-recent-policy-changes-in-the-renewable-energy-sector-in-Mexico.pdf,false,application/pdf,
4ef8dff1-6dec-4023-b3b0-2918235d88f2:es,project-public,public-content-link,es,http://localhost:5050/images/PDF_news/2020_2/2020_MI-Private-Equity_Mexico.pdf,206,correcto,http://localhost:5050/images/PDF_news/2020_2/2020_MI-Private-Equity_Mexico.pdf,false,application/pdf,
4ef8dff1-6dec-4023-b3b0-2918235d88f2:en,project-public,public-content-link,en,http://localhost:5050/images/PDF_news/2020_2/2020_MI-Private-Equity_Mexico.pdf,206,correcto,http://localhost:5050/images/PDF_news/2020_2/2020_MI-Private-Equity_Mexico.pdf,false,application/pdf,
08334fb7-627f-4f05-95fa-06ade51babdf:es,project-public,public-content-link,es,http://localhost:5050/images/PDF_news/2020_2/LL_Litigation-2021_MX.pdf,206,correcto,http://localhost:5050/images/PDF_news/2020_2/LL_Litigation-2021_MX.pdf,false,application/pdf,
08334fb7-627f-4f05-95fa-06ade51babdf:en,project-public,public-content-link,en,http://localhost:5050/images/PDF_news/2020_2/LL_Litigation-2021_MX.pdf,206,correcto,http://localhost:5050/images/PDF_news/2020_2/LL_Litigation-2021_MX.pdf,false,application/pdf,
0a6de07f-2621-40df-9d8c-65545b6ec41c:es,project-public,public-content-link,es,http://localhost:5050/images/PDF_news/2020_2/IRInov2020edit.pdf,206,correcto,http://localhost:5050/images/PDF_news/2020_2/IRInov2020edit.pdf,false,application/pdf,
0a6de07f-2621-40df-9d8c-65545b6ec41c:en,project-public,public-content-link,en,http://localhost:5050/images/PDF_news/2020_2/IRInov2020edit.pdf,206,correcto,http://localhost:5050/images/PDF_news/2020_2/IRInov2020edit.pdf,false,application/pdf,
dc7539e9-a2f4-4053-8a42-546fda9cc3f5:es,project-public,public-content-link,es,http://localhost:5050/images/PDF_news/2020_2/ITA-2020---Mexico.pdf,206,correcto,http://localhost:5050/images/PDF_news/2020_2/ITA-2020---Mexico.pdf,false,application/pdf,
dc7539e9-a2f4-4053-8a42-546fda9cc3f5:en,project-public,public-content-link,en,http://localhost:5050/images/PDF_news/2020_2/ITA-2020---Mexico.pdf,206,correcto,http://localhost:5050/images/PDF_news/2020_2/ITA-2020---Mexico.pdf,false,application/pdf,
9e7bfa12-3f0e-44a1-9bc8-e941662f3bde:es,project-public,public-content-link,es,http://localhost:5050/images/PDF_news/2020_2/GAR_Commercial-Arbitration_2020_MX.pdf,206,correcto,http://localhost:5050/images/PDF_news/2020_2/GAR_Commercial-Arbitration_2020_MX.pdf,false,application/pdf,
9e7bfa12-3f0e-44a1-9bc8-e941662f3bde:en,project-public,public-content-link,en,http://localhost:5050/images/PDF_news/2020_2/GAR_Commercial-Arbitration_2020_MX.pdf,206,correcto,http://localhost:5050/images/PDF_news/2020_2/GAR_Commercial-Arbitration_2020_MX.pdf,false,application/pdf,
cc6076d4-9bce-44d8-a8bb-f6615542410c:es,project-public,public-content-link,es,http://localhost:5050/images/PDF/2020/8-How-to-Conduct-Internal-Investigations_v2020.pdf,206,correcto,http://localhost:5050/images/PDF/2020/8-How-to-Conduct-Internal-Investigations_v2020.pdf,false,application/pdf,
cc6076d4-9bce-44d8-a8bb-f6615542410c:en,project-public,public-content-link,en,http://localhost:5050/images/PDF/2020/8-How-to-Conduct-Internal-Investigations_v2020.pdf,206,correcto,http://localhost:5050/images/PDF/2020/8-How-to-Conduct-Internal-Investigations_v2020.pdf,false,application/pdf,
c916d9f3-5029-449d-afdc-95af43e1041e:es,project-public,public-content-link,es,http://localhost:5050/images/PDF/2020/202005_ABA_Issue57vf_EG.pdf,206,correcto,http://localhost:5050/images/PDF/2020/202005_ABA_Issue57vf_EG.pdf,false,application/pdf,
c916d9f3-5029-449d-afdc-95af43e1041e:en,project-public,public-content-link,en,http://localhost:5050/images/PDF/2020/202005_ABA_Issue57vf_EG.pdf,206,correcto,http://localhost:5050/images/PDF/2020/202005_ABA_Issue57vf_EG.pdf,false,application/pdf,
d58d8e7f-dae6-4250-a04f-6590ec037caf:es,project-public,public-content-link,es,http://localhost:5050/images/PDF_news/PDF_articles/2020/ITA---Mexico.pdf,206,correcto,http://localhost:5050/images/PDF_news/PDF_articles/2020/ITA---Mexico.pdf,false,application/pdf,
d58d8e7f-dae6-4250-a04f-6590ec037caf:en,project-public,public-content-link,en,http://localhost:5050/images/PDF_news/PDF_articles/2020/ITA---Mexico.pdf,206,correcto,http://localhost:5050/images/PDF_news/PDF_articles/2020/ITA---Mexico.pdf,false,application/pdf,
04adbc1f-4394-4ac4-8d70-132a8f74ac1f:es,project-public,public-content-link,es,http://localhost:5050/images/PDF_news/2020/Mexico-1.pdf,206,correcto,http://localhost:5050/images/PDF_news/2020/Mexico-1.pdf,false,application/pdf,
04adbc1f-4394-4ac4-8d70-132a8f74ac1f:en,project-public,public-content-link,en,http://localhost:5050/images/PDF_news/2020/Mexico-1.pdf,206,correcto,http://localhost:5050/images/PDF_news/2020/Mexico-1.pdf,false,application/pdf,
fb5f279c-3f00-4a64-bc2e-98a4f5f086c7:es,project-public,public-content-link,es,http://localhost:5050/images/PDF_news/PDF_articles/2021/5-Latin-Lawyer.pdf,206,correcto,http://localhost:5050/images/PDF_news/PDF_articles/2021/5-Latin-Lawyer.pdf,false,application/pdf,
fb5f279c-3f00-4a64-bc2e-98a4f5f086c7:en,project-public,public-content-link,en,http://localhost:5050/images/PDF_news/PDF_articles/2021/5-Latin-Lawyer.pdf,206,correcto,http://localhost:5050/images/PDF_news/PDF_articles/2021/5-Latin-Lawyer.pdf,false,application/pdf,
d8fd6c85-05ae-40ed-9c43-c998fe2f4d1d:es,project-public,public-content-link,es,http://localhost:5050/images/PDF_news/PDF_articles/2018/The-Restructuring-Review-of-the-Americas--Mexico-2019.pdf,206,correcto,http://localhost:5050/images/PDF_news/PDF_articles/2018/The-Restructuring-Review-of-the-Americas--Mexico-2019.pdf,false,application/pdf,
d8fd6c85-05ae-40ed-9c43-c998fe2f4d1d:en,project-public,public-content-link,en,http://localhost:5050/images/PDF_news/PDF_articles/2018/The-Restructuring-Review-of-the-Americas--Mexico-2019.pdf,206,correcto,http://localhost:5050/images/PDF_news/PDF_articles/2018/The-Restructuring-Review-of-the-Americas--Mexico-2019.pdf,false,application/pdf,
6850b2e5-62ed-481e-a733-12dd89a07021:es,project-public,public-content-link,es,http://localhost:5050/images/PDF_news/PDF_articles/2018/Mexico-GTDT-Market-Intelligence--Private-Equity-2018.pdf,206,correcto,http://localhost:5050/images/PDF_news/PDF_articles/2018/Mexico-GTDT-Market-Intelligence--Private-Equity-2018.pdf,false,application/pdf,
6850b2e5-62ed-481e-a733-12dd89a07021:en,project-public,public-content-link,en,http://localhost:5050/images/PDF_news/PDF_articles/2018/Mexico-GTDT-Market-Intelligence--Private-Equity-2018.pdf,206,correcto,http://localhost:5050/images/PDF_news/PDF_articles/2018/Mexico-GTDT-Market-Intelligence--Private-Equity-2018.pdf,false,application/pdf,
ccff6015-3ce1-4650-889a-c1933ad3ac7c:es,project-public,public-content-link,es,http://localhost:5050/images/PDF_news/PDF_articles/2018/LL_Litigation-2019_MX.pdf,206,correcto,http://localhost:5050/images/PDF_news/PDF_articles/2018/LL_Litigation-2019_MX.pdf,false,application/pdf,
ccff6015-3ce1-4650-889a-c1933ad3ac7c:en,project-public,public-content-link,en,http://localhost:5050/images/PDF_news/PDF_articles/2018/LL_Litigation-2019_MX.pdf,206,correcto,http://localhost:5050/images/PDF_news/PDF_articles/2018/LL_Litigation-2019_MX.pdf,false,application/pdf,
63c14818-d5f2-40e0-a139-f751335967df:es,project-public,public-content-link,es,http://localhost:5050/images/PDF_news/PDF_articles/2018/La-Competencia-Econmica-en-el-programa-de-Compliance-FC.pdf,206,correcto,http://localhost:5050/images/PDF_news/PDF_articles/2018/La-Competencia-Econmica-en-el-programa-de-Compliance-FC.pdf,false,application/pdf,
63c14818-d5f2-40e0-a139-f751335967df:en,project-public,public-content-link,en,http://localhost:5050/images/PDF_news/PDF_articles/2018/La-Competencia-Econmica-en-el-programa-de-Compliance-FC.pdf,206,correcto,http://localhost:5050/images/PDF_news/PDF_articles/2018/La-Competencia-Econmica-en-el-programa-de-Compliance-FC.pdf,false,application/pdf,
b94fc65b-183c-42dc-bc0e-2b6cd2aa3a74:es,project-public,public-content-link,es,http://localhost:5050/images/PDF_news/PDF_articles/2018/LPS2018Mexico.pdf,206,correcto,http://localhost:5050/images/PDF_news/PDF_articles/2018/LPS2018Mexico.pdf,false,application/pdf,
b94fc65b-183c-42dc-bc0e-2b6cd2aa3a74:en,project-public,public-content-link,en,http://localhost:5050/images/PDF_news/PDF_articles/2018/LPS2018Mexico.pdf,206,correcto,http://localhost:5050/images/PDF_news/PDF_articles/2018/LPS2018Mexico.pdf,false,application/pdf,
6256f615-9808-4a8f-b616-3d324d29ad8c:es,project-public,public-content-link,es,http://localhost:5050/images/PDF_news/PDF_articles/2018/Educational-Institutions-Mexico-Chapter--Silverio-Sandate.pdf,206,correcto,http://localhost:5050/images/PDF_news/PDF_articles/2018/Educational-Institutions-Mexico-Chapter--Silverio-Sandate.pdf,false,application/pdf,
6256f615-9808-4a8f-b616-3d324d29ad8c:en,project-public,public-content-link,en,http://localhost:5050/images/PDF_news/PDF_articles/2018/Educational-Institutions-Mexico-Chapter--Silverio-Sandate.pdf,206,correcto,http://localhost:5050/images/PDF_news/PDF_articles/2018/Educational-Institutions-Mexico-Chapter--Silverio-Sandate.pdf,false,application/pdf,
6fbeb83b-1df4-4b5a-be09-358458ba5775:es,project-public,public-content-link,es,http://localhost:5050/images/PDF_news/PDF_articles/2018/The-Private-Equity-Review-Mexico-Chapter--Investing.pdf,206,correcto,http://localhost:5050/images/PDF_news/PDF_articles/2018/The-Private-Equity-Review-Mexico-Chapter--Investing.pdf,false,application/pdf,
6fbeb83b-1df4-4b5a-be09-358458ba5775:en,project-public,public-content-link,en,http://localhost:5050/images/PDF_news/PDF_articles/2018/The-Private-Equity-Review-Mexico-Chapter--Investing.pdf,206,correcto,http://localhost:5050/images/PDF_news/PDF_articles/2018/The-Private-Equity-Review-Mexico-Chapter--Investing.pdf,false,application/pdf,
333b6079-2667-4c3c-a56c-3c6ac2d0db18:es,project-public,public-content-link,es,http://localhost:5050/images/PDF_news/PDF_articles/2018/017_MEXICO-TD.pdf,206,correcto,http://localhost:5050/images/PDF_news/PDF_articles/2018/017_MEXICO-TD.pdf,false,application/pdf,
333b6079-2667-4c3c-a56c-3c6ac2d0db18:en,project-public,public-content-link,en,http://localhost:5050/images/PDF_news/PDF_articles/2018/017_MEXICO-TD.pdf,206,correcto,http://localhost:5050/images/PDF_news/PDF_articles/2018/017_MEXICO-TD.pdf,false,application/pdf,
c52ecedd-8ebb-4981-99b6-6c3d6ff67048:es,project-public,public-content-link,es,http://localhost:5050/images/PDF_news/PDF_articles/2017/Class-Actions-2018Mexico.pdf,206,correcto,http://localhost:5050/images/PDF_news/PDF_articles/2017/Class-Actions-2018Mexico.pdf,false,application/pdf,
c52ecedd-8ebb-4981-99b6-6c3d6ff67048:en,project-public,public-content-link,en,http://localhost:5050/images/PDF_news/PDF_articles/2017/Class-Actions-2018Mexico.pdf,206,correcto,http://localhost:5050/images/PDF_news/PDF_articles/2017/Class-Actions-2018Mexico.pdf,false,application/pdf,
a923597a-736a-48bd-b292-84ad3796d744:es,project-public,public-content-link,es,http://localhost:5050/images/PDF_news/PDF_articles/2017/GTDT-Market-Intelligence--Private-Equity--Volume-4-Issue-6.pdf,206,correcto,http://localhost:5050/images/PDF_news/PDF_articles/2017/GTDT-Market-Intelligence--Private-Equity--Volume-4-Issue-6.pdf,false,application/pdf,
a923597a-736a-48bd-b292-84ad3796d744:en,project-public,public-content-link,en,http://localhost:5050/images/PDF_news/PDF_articles/2017/GTDT-Market-Intelligence--Private-Equity--Volume-4-Issue-6.pdf,206,correcto,http://localhost:5050/images/PDF_news/PDF_articles/2017/GTDT-Market-Intelligence--Private-Equity--Volume-4-Issue-6.pdf,false,application/pdf,
b67dc8d2-a0ee-4454-8a56-f1cb906fd623:es,project-public,public-content-link,es,http://localhost:5050/images/PDF_news/2017/Mexican-MA-shrugs-off-the-Trump-slump-_-Euromoney.pdf,206,correcto,http://localhost:5050/images/PDF_news/2017/Mexican-MA-shrugs-off-the-Trump-slump-_-Euromoney.pdf,false,application/pdf,
b67dc8d2-a0ee-4454-8a56-f1cb906fd623:en,project-public,public-content-link,en,http://localhost:5050/images/PDF_news/2017/Mexican-MA-shrugs-off-the-Trump-slump-_-Euromoney.pdf,206,correcto,http://localhost:5050/images/PDF_news/2017/Mexican-MA-shrugs-off-the-Trump-slump-_-Euromoney.pdf,false,application/pdf,
0216531a-a170-48a0-8941-8f52c69464a4:es,project-public,public-content-link,es,http://localhost:5050/images/PDF_news/2017/IAR2017Mexico.pdf,206,correcto,http://localhost:5050/images/PDF_news/2017/IAR2017Mexico.pdf,false,application/pdf,
0216531a-a170-48a0-8941-8f52c69464a4:en,project-public,public-content-link,en,http://localhost:5050/images/PDF_news/2017/IAR2017Mexico.pdf,206,correcto,http://localhost:5050/images/PDF_news/2017/IAR2017Mexico.pdf,false,application/pdf,
665d0724-9b59-4a2d-b4e0-bfdbcf23681c:es,project-public,public-content-link,es,http://localhost:5050/images/PDF_news/PDF_articles/2017/Claus-Von-Wobeser-Adrian-Magallanes--Chambers-Partners-Global-Practice-Guides-International-Arbitration-Mexico.pdf,206,correcto,http://localhost:5050/images/PDF_news/PDF_articles/2017/Claus-Von-Wobeser-Adrian-Magallanes--Chambers-Partners-Global-Practice-Guides-International-Arbitration-Mexico.pdf,false,application/pdf,
665d0724-9b59-4a2d-b4e0-bfdbcf23681c:en,project-public,public-content-link,en,http://localhost:5050/images/PDF_news/PDF_articles/2017/Claus-Von-Wobeser-Adrian-Magallanes--Chambers-Partners-Global-Practice-Guides-International-Arbitration-Mexico.pdf,206,correcto,http://localhost:5050/images/PDF_news/PDF_articles/2017/Claus-Von-Wobeser-Adrian-Magallanes--Chambers-Partners-Global-Practice-Guides-International-Arbitration-Mexico.pdf,false,application/pdf,
b5cf3eb6-b656-4fb6-8d9a-9010c27baa24:es,project-public,public-content-link,es,http://localhost:5050/images/PDF_news/PDF_articles/2017/Cooperacin_Internacional_en_Investigaciones_Anticorrupcion_Diego-Sierra.pdf,206,correcto,http://localhost:5050/images/PDF_news/PDF_articles/2017/Cooperacin_Internacional_en_Investigaciones_Anticorrupcion_Diego-Sierra.pdf,false,application/pdf,
b5cf3eb6-b656-4fb6-8d9a-9010c27baa24:en,project-public,public-content-link,en,http://localhost:5050/images/PDF_news/PDF_articles/2017/Cooperacin_Internacional_en_Investigaciones_Anticorrupcion_Diego-Sierra.pdf,206,correcto,http://localhost:5050/images/PDF_news/PDF_articles/2017/Cooperacin_Internacional_en_Investigaciones_Anticorrupcion_Diego-Sierra.pdf,false,application/pdf,
f9950d63-a4db-4255-aed2-2dd3bb3a6a36:es,project-public,public-content-link,es,http://localhost:5050/images/PDF_news/PDF_articles/2017/Private-Equity-Review-April-2017.pdf,206,correcto,http://localhost:5050/images/PDF_news/PDF_articles/2017/Private-Equity-Review-April-2017.pdf,false,application/pdf,
f9950d63-a4db-4255-aed2-2dd3bb3a6a36:en,project-public,public-content-link,en,http://localhost:5050/images/PDF_news/PDF_articles/2017/Private-Equity-Review-April-2017.pdf,206,correcto,http://localhost:5050/images/PDF_news/PDF_articles/2017/Private-Equity-Review-April-2017.pdf,false,application/pdf,
fb5115cb-1acd-46a5-8cb8-dc0b9178aae3:es,project-public,public-content-link,es,http://localhost:5050/images/PDF_news/PDF_articles/2017/240317-The-Franchise-Law-Review-.pdf,206,correcto,http://localhost:5050/images/PDF_news/PDF_articles/2017/240317-The-Franchise-Law-Review-.pdf,false,application/pdf,
fb5115cb-1acd-46a5-8cb8-dc0b9178aae3:en,project-public,public-content-link,en,http://localhost:5050/images/PDF_news/PDF_articles/2017/240317-The-Franchise-Law-Review-.pdf,206,correcto,http://localhost:5050/images/PDF_news/PDF_articles/2017/240317-The-Franchise-Law-Review-.pdf,false,application/pdf,
ade16294-fac0-48ba-a236-88ab26202ba8:es,project-public,public-content-link,es,http://localhost:5050/images/PDF_news/PDF_articles/2017/240317-GTDT-Arbitration-2017.pdf,206,correcto,http://localhost:5050/images/PDF_news/PDF_articles/2017/240317-GTDT-Arbitration-2017.pdf,false,application/pdf,
ade16294-fac0-48ba-a236-88ab26202ba8:en,project-public,public-content-link,en,http://localhost:5050/images/PDF_news/PDF_articles/2017/240317-GTDT-Arbitration-2017.pdf,206,correcto,http://localhost:5050/images/PDF_news/PDF_articles/2017/240317-GTDT-Arbitration-2017.pdf,false,application/pdf,
76a8b3e1-d84b-4fa0-a3df-a177f4f23203:es,project-public,public-content-link,es,http://localhost:5050/images/PDF_news/PDF_articles/2016/MI-3-5-PE-Mexico.pdf,206,correcto,http://localhost:5050/images/PDF_news/PDF_articles/2016/MI-3-5-PE-Mexico.pdf,false,application/pdf,
76a8b3e1-d84b-4fa0-a3df-a177f4f23203:en,project-public,public-content-link,en,http://localhost:5050/images/PDF_news/PDF_articles/2016/MI-3-5-PE-Mexico.pdf,206,correcto,http://localhost:5050/images/PDF_news/PDF_articles/2016/MI-3-5-PE-Mexico.pdf,false,application/pdf,
df1c7d43-e293-4901-991f-ea584362deb0:es,project-public,public-content-link,es,http://localhost:5050/images/PDF_news/PDF_articles/2016/IA16_Chapter-40_Mexico.pdf,206,correcto,http://localhost:5050/images/PDF_news/PDF_articles/2016/IA16_Chapter-40_Mexico.pdf,false,application/pdf,
df1c7d43-e293-4901-991f-ea584362deb0:en,project-public,public-content-link,en,http://localhost:5050/images/PDF_news/PDF_articles/2016/IA16_Chapter-40_Mexico.pdf,206,correcto,http://localhost:5050/images/PDF_news/PDF_articles/2016/IA16_Chapter-40_Mexico.pdf,false,application/pdf,
638d33c0-180b-4708-9f10-d2806f26eeb2:es,project-public,public-content-link,es,http://localhost:5050/images/PDF_news/PDF_articles/2016/New_Rules1.PDF,206,correcto,http://localhost:5050/images/PDF_news/PDF_articles/2016/New_Rules1.PDF,false,application/pdf,
638d33c0-180b-4708-9f10-d2806f26eeb2:en,project-public,public-content-link,en,http://localhost:5050/images/PDF_news/PDF_articles/2016/New_Rules1.PDF,206,correcto,http://localhost:5050/images/PDF_news/PDF_articles/2016/New_Rules1.PDF,false,application/pdf,
848e5e2a-0b9c-4294-bc9e-de3f17919210:es,project-public,public-content-link,es,http://localhost:5050/images/PDF_news/PDF_articles/2016/ov14-1-article08.pdf,206,correcto,http://localhost:5050/images/PDF_news/PDF_articles/2016/ov14-1-article08.pdf,false,application/pdf,
848e5e2a-0b9c-4294-bc9e-de3f17919210:en,project-public,public-content-link,en,http://localhost:5050/images/PDF_news/PDF_articles/2016/ov14-1-article08.pdf,206,correcto,http://localhost:5050/images/PDF_news/PDF_articles/2016/ov14-1-article08.pdf,false,application/pdf,
ec5ed37d-1440-4c12-8860-5b807cd0a5a0:es,project-public,public-content-link,es,http://localhost:5050/images/PDF_news/PDF_articles/2016/Mexico.pdf,206,correcto,http://localhost:5050/images/PDF_news/PDF_articles/2016/Mexico.pdf,false,application/pdf,
ec5ed37d-1440-4c12-8860-5b807cd0a5a0:en,project-public,public-content-link,en,http://localhost:5050/images/PDF_news/PDF_articles/2016/Mexico.pdf,206,correcto,http://localhost:5050/images/PDF_news/PDF_articles/2016/Mexico.pdf,false,application/pdf,
adf8a290-bdf4-433f-976a-ec42e0165572:es,project-public,public-content-link,es,http://localhost:5050/images/PDF_news/PDF_articles/2016/vwys.pdf,206,correcto,http://localhost:5050/images/PDF_news/PDF_articles/2016/vwys.pdf,false,application/pdf,
adf8a290-bdf4-433f-976a-ec42e0165572:en,project-public,public-content-link,en,http://localhost:5050/images/PDF_news/PDF_articles/2016/vwys.pdf,206,correcto,http://localhost:5050/images/PDF_news/PDF_articles/2016/vwys.pdf,false,application/pdf,
4924241f-9975-4218-9956-4b9739a44843:es,project-public,public-content-link,es,http://localhost:5050/images/PDF_news/PDF_articles/2015/vwys0412.pdf,206,correcto,http://localhost:5050/images/PDF_news/PDF_articles/2015/vwys0412.pdf,false,application/pdf,
4924241f-9975-4218-9956-4b9739a44843:en,project-public,public-content-link,en,http://localhost:5050/images/PDF_news/PDF_articles/2015/vwys0412.pdf,206,correcto,http://localhost:5050/images/PDF_news/PDF_articles/2015/vwys0412.pdf,false,application/pdf,
92fab304-00a7-44c8-a0bc-23eeb2cb7096:es,project-public,public-content-link,es,http://localhost:5050/images/PDF_news/PDF_articles/2015/OS2016_Mexico.pdf,206,correcto,http://localhost:5050/images/PDF_news/PDF_articles/2015/OS2016_Mexico.pdf,false,application/pdf,
92fab304-00a7-44c8-a0bc-23eeb2cb7096:en,project-public,public-content-link,en,http://localhost:5050/images/PDF_news/PDF_articles/2015/OS2016_Mexico.pdf,206,correcto,http://localhost:5050/images/PDF_news/PDF_articles/2015/OS2016_Mexico.pdf,false,application/pdf,
f0f2685e-e88b-4c22-9567-0f9a84728396:es,project-public,public-content-link,es,http://localhost:5050/images/PDF_news/PDF_articles/2015/marketintelligence.pdf,206,correcto,http://localhost:5050/images/PDF_news/PDF_articles/2015/marketintelligence.pdf,false,application/pdf,
f0f2685e-e88b-4c22-9567-0f9a84728396:en,project-public,public-content-link,en,http://localhost:5050/images/PDF_news/PDF_articles/2015/marketintelligence.pdf,206,correcto,http://localhost:5050/images/PDF_news/PDF_articles/2015/marketintelligence.pdf,false,application/pdf,
19da683e-cc0c-4713-a7f3-ad0e6fcf4e36:es,project-public,public-content-link,es,http://localhost:5050/images/PDF_news/PDF_articles/2015/North_American_Regional_Forum_News_Sept_2015.pdf,206,correcto,http://localhost:5050/images/PDF_news/PDF_articles/2015/North_American_Regional_Forum_News_Sept_2015.pdf,false,application/pdf,
19da683e-cc0c-4713-a7f3-ad0e6fcf4e36:en,project-public,public-content-link,en,http://localhost:5050/images/PDF_news/PDF_articles/2015/North_American_Regional_Forum_News_Sept_2015.pdf,206,correcto,http://localhost:5050/images/PDF_news/PDF_articles/2015/North_American_Regional_Forum_News_Sept_2015.pdf,false,application/pdf,
9fa56e25-2a92-478f-bce5-7ea3e1140470:es,project-public,public-content-link,es,http://localhost:5050/images/PDF_news/PDF_articles/2015/classactions.pdf,206,correcto,http://localhost:5050/images/PDF_news/PDF_articles/2015/classactions.pdf,false,application/pdf,
9fa56e25-2a92-478f-bce5-7ea3e1140470:en,project-public,public-content-link,en,http://localhost:5050/images/PDF_news/PDF_articles/2015/classactions.pdf,206,correcto,http://localhost:5050/images/PDF_news/PDF_articles/2015/classactions.pdf,false,application/pdf,
766c7a97-103a-402e-ad0d-501dcf758039:es,project-public,public-content-link,es,http://localhost:5050/images/PDF_news/PDF_articles/2015/Mexico_Overview.pdf,206,correcto,http://localhost:5050/images/PDF_news/PDF_articles/2015/Mexico_Overview.pdf,false,application/pdf,
766c7a97-103a-402e-ad0d-501dcf758039:en,project-public,public-content-link,en,http://localhost:5050/images/PDF_news/PDF_articles/2015/Mexico_Overview.pdf,206,correcto,http://localhost:5050/images/PDF_news/PDF_articles/2015/Mexico_Overview.pdf,false,application/pdf,
57aa2df5-10db-4548-8bb2-6f1b2d2d5640:es,project-public,public-content-link,es,http://localhost:5050/images/PDF_news/PDF_articles/2015/Mexico.pdf,206,correcto,http://localhost:5050/images/PDF_news/PDF_articles/2015/Mexico.pdf,false,application/pdf,
57aa2df5-10db-4548-8bb2-6f1b2d2d5640:en,project-public,public-content-link,en,http://localhost:5050/images/PDF_news/PDF_articles/2015/Mexico.pdf,206,correcto,http://localhost:5050/images/PDF_news/PDF_articles/2015/Mexico.pdf,false,application/pdf,
5a16386e-0b48-4f13-a2aa-d5b43fd4a28c:es,project-public,public-content-link,es,http://localhost:5050/images/PDF_news/PDF_articles/2015/Mexico-Overviewsep15.pdf,206,correcto,http://localhost:5050/images/PDF_news/PDF_articles/2015/Mexico-Overviewsep15.pdf,false,application/pdf,
5a16386e-0b48-4f13-a2aa-d5b43fd4a28c:en,project-public,public-content-link,en,http://localhost:5050/images/PDF_news/PDF_articles/2015/Mexico-Overviewsep15.pdf,206,correcto,http://localhost:5050/images/PDF_news/PDF_articles/2015/Mexico-Overviewsep15.pdf,false,application/pdf,
cbdc4a73-bbce-40de-8930-08f48168dcbd:es,project-public,public-content-link,es,http://localhost:5050/images/PDF_news/PDF_articles/2015/FINANCIER.pdf,206,correcto,http://localhost:5050/images/PDF_news/PDF_articles/2015/FINANCIER.pdf,false,application/pdf,
cbdc4a73-bbce-40de-8930-08f48168dcbd:en,project-public,public-content-link,en,http://localhost:5050/images/PDF_news/PDF_articles/2015/FINANCIER.pdf,206,correcto,http://localhost:5050/images/PDF_news/PDF_articles/2015/FINANCIER.pdf,false,application/pdf,
10791a99-f38f-4bf1-8dce-8e45d065111f:es,project-public,public-content-link,es,http://localhost:5050/images/PDF_news/PDF_articles/2015/MEXICO_LandP.PDF,206,correcto,http://localhost:5050/images/PDF_news/PDF_articles/2015/MEXICO_LandP.PDF,false,application/pdf,
10791a99-f38f-4bf1-8dce-8e45d065111f:en,project-public,public-content-link,en,http://localhost:5050/images/PDF_news/PDF_articles/2015/MEXICO_LandP.PDF,206,correcto,http://localhost:5050/images/PDF_news/PDF_articles/2015/MEXICO_LandP.PDF,false,application/pdf,
5f5e060a-c7c6-4236-af71-90bf25cfcbae:es,project-public,public-content-link,es,http://localhost:5050/images/PDF_news/PDF_articles/2015/MEXICO_TD.PDF,206,correcto,http://localhost:5050/images/PDF_news/PDF_articles/2015/MEXICO_TD.PDF,false,application/pdf,
5f5e060a-c7c6-4236-af71-90bf25cfcbae:en,project-public,public-content-link,en,http://localhost:5050/images/PDF_news/PDF_articles/2015/MEXICO_TD.PDF,206,correcto,http://localhost:5050/images/PDF_news/PDF_articles/2015/MEXICO_TD.PDF,false,application/pdf,
dc2b56c5-6e09-4f0e-b033-47c4e00841d5:es,project-public,public-content-link,es,http://localhost:5050/images/PDF_news/PDF_articles/2015/VWYS-_5099-v1-Andres_Nieto__Getting_the_Deal_Throug__Structured_Finance_Securitisation__april_20151.pdf,206,correcto,http://localhost:5050/images/PDF_news/PDF_articles/2015/VWYS-_5099-v1-Andres_Nieto__Getting_the_Deal_Throug__Structured_Finance_Securitisation__april_20151.pdf,false,application/pdf,
dc2b56c5-6e09-4f0e-b033-47c4e00841d5:en,project-public,public-content-link,en,http://localhost:5050/images/PDF_news/PDF_articles/2015/VWYS-_5099-v1-Andres_Nieto__Getting_the_Deal_Throug__Structured_Finance_Securitisation__april_20151.pdf,206,correcto,http://localhost:5050/images/PDF_news/PDF_articles/2015/VWYS-_5099-v1-Andres_Nieto__Getting_the_Deal_Throug__Structured_Finance_Securitisation__april_20151.pdf,false,application/pdf,
87305d2a-2d2a-44f6-acea-ec5730d17f45:es,project-public,public-content-link,es,http://localhost:5050/images/PDF_news/PDF_articles/2015/VWYS_2603-v1-CHAMBERS_AND_PARTNERS_COMPETITION_ANTITRUST_MEXICO.PDF,206,correcto,http://localhost:5050/images/PDF_news/PDF_articles/2015/VWYS_2603-v1-CHAMBERS_AND_PARTNERS_COMPETITION_ANTITRUST_MEXICO.PDF,false,application/pdf,
87305d2a-2d2a-44f6-acea-ec5730d17f45:en,project-public,public-content-link,en,http://localhost:5050/images/PDF_news/PDF_articles/2015/VWYS_2603-v1-CHAMBERS_AND_PARTNERS_COMPETITION_ANTITRUST_MEXICO.PDF,206,correcto,http://localhost:5050/images/PDF_news/PDF_articles/2015/VWYS_2603-v1-CHAMBERS_AND_PARTNERS_COMPETITION_ANTITRUST_MEXICO.PDF,false,application/pdf,
da86183f-5f92-462d-bd83-f27558341942:es,project-public,public-content-link,es,http://localhost:5050/images/PDF_news/PDF_articles/2015/VWYS_2603-v1-CHAMBERS_AND_PARTNERS_COMPETITION_ANTITRUST_MEXICO.PDF,206,correcto,http://localhost:5050/images/PDF_news/PDF_articles/2015/VWYS_2603-v1-CHAMBERS_AND_PARTNERS_COMPETITION_ANTITRUST_MEXICO.PDF,false,application/pdf,
da86183f-5f92-462d-bd83-f27558341942:en,project-public,public-content-link,en,http://localhost:5050/images/PDF_news/PDF_articles/2015/VWYS_2603-v1-CHAMBERS_AND_PARTNERS_COMPETITION_ANTITRUST_MEXICO.PDF,206,correcto,http://localhost:5050/images/PDF_news/PDF_articles/2015/VWYS_2603-v1-CHAMBERS_AND_PARTNERS_COMPETITION_ANTITRUST_MEXICO.PDF,false,application/pdf,
1fedc659-69d8-4b81-b4fd-4477e67bcd0e:es,project-public,public-content-link,es,http://localhost:5050/images/PDF_news/PDF_articles/2015/Enforcement_of_Investment_Treaty_Arbitration_Awards_Mexico.pdf,206,correcto,http://localhost:5050/images/PDF_news/PDF_articles/2015/Enforcement_of_Investment_Treaty_Arbitration_Awards_Mexico.pdf,false,application/pdf,
1fedc659-69d8-4b81-b4fd-4477e67bcd0e:en,project-public,public-content-link,en,http://localhost:5050/images/PDF_news/PDF_articles/2015/Enforcement_of_Investment_Treaty_Arbitration_Awards_Mexico.pdf,206,correcto,http://localhost:5050/images/PDF_news/PDF_articles/2015/Enforcement_of_Investment_Treaty_Arbitration_Awards_Mexico.pdf,false,application/pdf,
c82b8d8d-89fd-46dd-a1bb-994e5974861d:es,project-public,public-content-link,es,http://localhost:5050/images/PDF_news/Virtual_Round_Table_Energy_Natural_Resources_2015.pdf,206,correcto,http://localhost:5050/images/PDF_news/Virtual_Round_Table_Energy_Natural_Resources_2015.pdf,false,application/pdf,
c82b8d8d-89fd-46dd-a1bb-994e5974861d:en,project-public,public-content-link,en,http://localhost:5050/images/PDF_news/Virtual_Round_Table_Energy_Natural_Resources_2015.pdf,206,correcto,http://localhost:5050/images/PDF_news/Virtual_Round_Table_Energy_Natural_Resources_2015.pdf,false,application/pdf,
9d909886-a79f-4550-be9a-3f795638f602:es,project-public,public-content-link,es,http://localhost:5050/images/68-FernandoCarreoandPalomaAlcantaraTheAntitrustReviewoftheAmericas2015Overview.pdf,206,correcto,http://localhost:5050/images/68-FernandoCarreoandPalomaAlcantaraTheAntitrustReviewoftheAmericas2015Overview.pdf,false,application/pdf,
9d909886-a79f-4550-be9a-3f795638f602:en,project-public,public-content-link,en,http://localhost:5050/images/68-FernandoCarreoandPalomaAlcantaraTheAntitrustReviewoftheAmericas2015Overview.pdf,206,correcto,http://localhost:5050/images/68-FernandoCarreoandPalomaAlcantaraTheAntitrustReviewoftheAmericas2015Overview.pdf,false,application/pdf,
e3c8f834-a1bc-4ca6-82d1-1df39fc8643c:es,project-public,public-content-link,es,http://localhost:5050/images/PDF_news/PDF_articles/2014/InvestmentTraetyArbitration2014.PDF,206,correcto,http://localhost:5050/images/PDF_news/PDF_articles/2014/InvestmentTraetyArbitration2014.PDF,false,application/pdf,
e3c8f834-a1bc-4ca6-82d1-1df39fc8643c:en,project-public,public-content-link,en,http://localhost:5050/images/PDF_news/PDF_articles/2014/InvestmentTraetyArbitration2014.PDF,206,correcto,http://localhost:5050/images/PDF_news/PDF_articles/2014/InvestmentTraetyArbitration2014.PDF,false,application/pdf,
8157a73c-0594-45a2-96f9-06cf488ba530:es,project-public,public-content-link,es,http://localhost:5050/images/PDF_news/PDF_articles/2014/201410GIRInvestigationsReviewoftheAmericas2015DS.pdf,206,correcto,http://localhost:5050/images/PDF_news/PDF_articles/2014/201410GIRInvestigationsReviewoftheAmericas2015DS.pdf,false,application/pdf,
8157a73c-0594-45a2-96f9-06cf488ba530:en,project-public,public-content-link,en,http://localhost:5050/images/PDF_news/PDF_articles/2014/201410GIRInvestigationsReviewoftheAmericas2015DS.pdf,206,correcto,http://localhost:5050/images/PDF_news/PDF_articles/2014/201410GIRInvestigationsReviewoftheAmericas2015DS.pdf,false,application/pdf,
18f7ef4c-2837-481e-a39a-71a56aba4c83:es,project-public,public-content-link,es,http://localhost:5050/images/PDF_news/PDF_articles/2014/201410GTDTMexicoOutsourcing.pdf,206,correcto,http://localhost:5050/images/PDF_news/PDF_articles/2014/201410GTDTMexicoOutsourcing.pdf,false,application/pdf,
18f7ef4c-2837-481e-a39a-71a56aba4c83:en,project-public,public-content-link,en,http://localhost:5050/images/PDF_news/PDF_articles/2014/201410GTDTMexicoOutsourcing.pdf,206,correcto,http://localhost:5050/images/PDF_news/PDF_articles/2014/201410GTDTMexicoOutsourcing.pdf,false,application/pdf,
39f820bf-ab9d-4968-815c-0f510bd583bc:es,project-public,public-content-link,es,http://localhost:5050/images/PDF_news/PDF_articles/2014/CorporateLivewireEnergyNaturalResourcesJuly2014EG.pdf,206,correcto,http://localhost:5050/images/PDF_news/PDF_articles/2014/CorporateLivewireEnergyNaturalResourcesJuly2014EG.pdf,false,application/pdf,
39f820bf-ab9d-4968-815c-0f510bd583bc:en,project-public,public-content-link,en,http://localhost:5050/images/PDF_news/PDF_articles/2014/CorporateLivewireEnergyNaturalResourcesJuly2014EG.pdf,206,correcto,http://localhost:5050/images/PDF_news/PDF_articles/2014/CorporateLivewireEnergyNaturalResourcesJuly2014EG.pdf,false,application/pdf,
763d49ab-128e-4ac5-9360-fdfa5407e83a:es,project-public,public-content-link,es,http://localhost:5050/images/PDF_news/PDF_articles/2014/THEPUBLICCOMPETITIONREVIEWEDITION6.pdf,206,correcto,http://localhost:5050/images/PDF_news/PDF_articles/2014/THEPUBLICCOMPETITIONREVIEWEDITION6.pdf,false,application/pdf,
763d49ab-128e-4ac5-9360-fdfa5407e83a:en,project-public,public-content-link,en,http://localhost:5050/images/PDF_news/PDF_articles/2014/THEPUBLICCOMPETITIONREVIEWEDITION6.pdf,206,correcto,http://localhost:5050/images/PDF_news/PDF_articles/2014/THEPUBLICCOMPETITIONREVIEWEDITION6.pdf,false,application/pdf,
cbcaeae0-ff36-4e17-ae43-1188c1be69f1:es,project-public,public-content-link,es,http://localhost:5050/images/PDF_news/201402GettingTheDealThroughArbitration.pdf,206,correcto,http://localhost:5050/images/PDF_news/201402GettingTheDealThroughArbitration.pdf,false,application/pdf,
cbcaeae0-ff36-4e17-ae43-1188c1be69f1:en,project-public,public-content-link,en,http://localhost:5050/images/PDF_news/201402GettingTheDealThroughArbitration.pdf,206,correcto,http://localhost:5050/images/PDF_news/201402GettingTheDealThroughArbitration.pdf,false,application/pdf,
effed0a2-5d3f-463f-8d8e-10c21a4531d7:es,project-public,public-content-link,es,http://localhost:5050/images/PDF_news/PDF_articles/2014/LWVRTEnergyandNaturalResources2014.pdf,206,correcto,http://localhost:5050/images/PDF_news/PDF_articles/2014/LWVRTEnergyandNaturalResources2014.pdf,false,application/pdf,
effed0a2-5d3f-463f-8d8e-10c21a4531d7:en,project-public,public-content-link,en,http://localhost:5050/images/PDF_news/PDF_articles/2014/LWVRTEnergyandNaturalResources2014.pdf,206,correcto,http://localhost:5050/images/PDF_news/PDF_articles/2014/LWVRTEnergyandNaturalResources2014.pdf,false,application/pdf,
7fe231ad-a9cd-44cc-95c1-f814d2bcb0eb:es,project-public,public-source-cta,es,https://www.vonwobeser.com/images/PDF_news/2015/MexicoOutsourcingNov2013.pdf,206,correcto,https://www.vonwobeser.com/images/PDF_news/2015/MexicoOutsourcingNov2013.pdf,false,application/pdf,
7fe231ad-a9cd-44cc-95c1-f814d2bcb0eb:en,project-public,public-source-cta,en,https://www.vonwobeser.com/images/PDF_news/2015/MexicoOutsourcingNov2013.pdf,206,correcto,https://www.vonwobeser.com/images/PDF_news/2015/MexicoOutsourcingNov2013.pdf,false,application/pdf,
657c135f-2dcf-4aba-b0b8-63a2154ff521:es,project-public,public-source-cta,es,https://www.vonwobeser.com/images/PDF_news/PDF_articles/2013/45-MexicoInvestmentTreaty.pdf,206,correcto,https://www.vonwobeser.com/images/PDF_news/PDF_articles/2013/45-MexicoInvestmentTreaty.pdf,false,application/pdf,
657c135f-2dcf-4aba-b0b8-63a2154ff521:en,project-public,public-source-cta,en,https://www.vonwobeser.com/images/PDF_news/PDF_articles/2013/45-MexicoInvestmentTreaty.pdf,206,correcto,https://www.vonwobeser.com/images/PDF_news/PDF_articles/2013/45-MexicoInvestmentTreaty.pdf,false,application/pdf,
c700fb11-80ca-41f3-bd17-a223aa1f6edf:es,project-public,public-content-link,es,http://localhost:5050/images/PDF_news/2015/TheArbitrationReviewoftheAmericas2014.pdf,206,correcto,http://localhost:5050/images/PDF_news/2015/TheArbitrationReviewoftheAmericas2014.pdf,false,application/pdf,
c700fb11-80ca-41f3-bd17-a223aa1f6edf:en,project-public,public-content-link,en,http://localhost:5050/images/PDF_news/2015/TheArbitrationReviewoftheAmericas2014.pdf,206,correcto,http://localhost:5050/images/PDF_news/2015/TheArbitrationReviewoftheAmericas2014.pdf,false,application/pdf,
d2ae52f8-2ca6-4958-add2-1b094325a649:es,project-public,public-source-cta,es,https://www.vonwobeser.com/images/PDF_news/2015/IBAMexicoChapterInternationalArbitrationGuide2013.pdf,206,correcto,https://www.vonwobeser.com/images/PDF_news/2015/IBAMexicoChapterInternationalArbitrationGuide2013.pdf,false,application/pdf,
d2ae52f8-2ca6-4958-add2-1b094325a649:en,project-public,public-source-cta,en,https://www.vonwobeser.com/images/PDF_news/2015/IBAMexicoChapterInternationalArbitrationGuide2013.pdf,206,correcto,https://www.vonwobeser.com/images/PDF_news/2015/IBAMexicoChapterInternationalArbitrationGuide2013.pdf,false,application/pdf,
7004c01c-9360-4aa5-b0c4-f7afee0e8918:es,project-public,public-content-link,es,http://localhost:5050/images/PDF_news/2015/73CorporateLivewireEnergyNaturalResources2013.pdf,206,correcto,http://localhost:5050/images/PDF_news/2015/73CorporateLivewireEnergyNaturalResources2013.pdf,false,application/pdf,
7004c01c-9360-4aa5-b0c4-f7afee0e8918:en,project-public,public-content-link,en,http://localhost:5050/images/PDF_news/2015/73CorporateLivewireEnergyNaturalResources2013.pdf,206,correcto,http://localhost:5050/images/PDF_news/2015/73CorporateLivewireEnergyNaturalResources2013.pdf,false,application/pdf,
f806bef2-7755-46bb-ab21-31795e951a5b:es,project-public,public-content-link,es,http://localhost:5050/images/PDF_news/2015/70Mexicancourtallowsenforcementofarbitraltribunal.pdf,206,correcto,http://localhost:5050/images/PDF_news/2015/70Mexicancourtallowsenforcementofarbitraltribunal.pdf,false,application/pdf,
f806bef2-7755-46bb-ab21-31795e951a5b:en,project-public,public-content-link,en,http://localhost:5050/images/PDF_news/2015/70Mexicancourtallowsenforcementofarbitraltribunal.pdf,206,correcto,http://localhost:5050/images/PDF_news/2015/70Mexicancourtallowsenforcementofarbitraltribunal.pdf,false,application/pdf,
c031c431-9398-49ec-abca-3c236f73e067:es,project-public,public-content-link,es,http://localhost:5050/images/PDF_news/2015/69PraxisMejoresPracticasDiegoSierra.pdf,206,correcto,http://localhost:5050/images/PDF_news/2015/69PraxisMejoresPracticasDiegoSierra.pdf,false,application/pdf,
c031c431-9398-49ec-abca-3c236f73e067:en,project-public,public-content-link,en,http://localhost:5050/images/PDF_news/2015/69PraxisMejoresPracticasDiegoSierra.pdf,206,correcto,http://localhost:5050/images/PDF_news/2015/69PraxisMejoresPracticasDiegoSierra.pdf,false,application/pdf,
9147f46d-62c9-42a5-8a5c-9c1beef3189a:es,project-public,public-content-link,es,http://localhost:5050/images/PDF_news/2015/68InsolvencyasaPrerequisiteforfilingaBankruptcyProcedureinMexico.pdf,206,correcto,http://localhost:5050/images/PDF_news/2015/68InsolvencyasaPrerequisiteforfilingaBankruptcyProcedureinMexico.pdf,false,application/pdf,
9147f46d-62c9-42a5-8a5c-9c1beef3189a:en,project-public,public-content-link,en,http://localhost:5050/images/PDF_news/2015/68InsolvencyasaPrerequisiteforfilingaBankruptcyProcedureinMexico.pdf,206,correcto,http://localhost:5050/images/PDF_news/2015/68InsolvencyasaPrerequisiteforfilingaBankruptcyProcedureinMexico.pdf,false,application/pdf,
fad134e4-e8f4-421f-aff1-6d8a804f68c6:es,project-public,public-content-link,es,http://localhost:5050/images/PDF_news/2015/67_ICC_International_Court_of_Arbitration_Bulletin-Taking_Evidence_in_Latin_America.pdf,206,correcto,http://localhost:5050/images/PDF_news/2015/67_ICC_International_Court_of_Arbitration_Bulletin-Taking_Evidence_in_Latin_America.pdf,false,application/pdf,
fad134e4-e8f4-421f-aff1-6d8a804f68c6:en,project-public,public-content-link,en,http://localhost:5050/images/PDF_news/2015/67_ICC_International_Court_of_Arbitration_Bulletin-Taking_Evidence_in_Latin_America.pdf,206,correcto,http://localhost:5050/images/PDF_news/2015/67_ICC_International_Court_of_Arbitration_Bulletin-Taking_Evidence_in_Latin_America.pdf,false,application/pdf,
901a9142-7435-4545-b4a8-badb8a371de2:es,project-public,public-content-link,es,http://localhost:5050/images/PDF_news/2015/65_Expert_Guides_-_Evolution_of_Mexican_Arbitration_Law.pdf,206,correcto,http://localhost:5050/images/PDF_news/2015/65_Expert_Guides_-_Evolution_of_Mexican_Arbitration_Law.pdf,false,application/pdf,
901a9142-7435-4545-b4a8-badb8a371de2:en,project-public,public-content-link,en,http://localhost:5050/images/PDF_news/2015/65_Expert_Guides_-_Evolution_of_Mexican_Arbitration_Law.pdf,206,correcto,http://localhost:5050/images/PDF_news/2015/65_Expert_Guides_-_Evolution_of_Mexican_Arbitration_Law.pdf,false,application/pdf,
a89689ab-74ec-4b7b-ac9f-1e20d6ed76e5:es,project-public,public-content-link,es,http://localhost:5050/images/PDF_news/2015/63_ILO_-_Launching_mandatory_tender_offers.pdf,206,correcto,http://localhost:5050/images/PDF_news/2015/63_ILO_-_Launching_mandatory_tender_offers.pdf,false,application/pdf,
a89689ab-74ec-4b7b-ac9f-1e20d6ed76e5:en,project-public,public-content-link,en,http://localhost:5050/images/PDF_news/2015/63_ILO_-_Launching_mandatory_tender_offers.pdf,206,correcto,http://localhost:5050/images/PDF_news/2015/63_ILO_-_Launching_mandatory_tender_offers.pdf,false,application/pdf,
0d20b0ed-911d-4a9f-888d-04e39b04a1b3:es,project-public,public-content-link,es,http://localhost:5050/images/PDF_news/2015/62_PLC_Mexico_Supreme_Court_of_Justice_rules_on_Public_Policy_grounds_to_set_aside_award.pdf,206,correcto,http://localhost:5050/images/PDF_news/2015/62_PLC_Mexico_Supreme_Court_of_Justice_rules_on_Public_Policy_grounds_to_set_aside_award.pdf,false,application/pdf,
0d20b0ed-911d-4a9f-888d-04e39b04a1b3:en,project-public,public-content-link,en,http://localhost:5050/images/PDF_news/2015/62_PLC_Mexico_Supreme_Court_of_Justice_rules_on_Public_Policy_grounds_to_set_aside_award.pdf,206,correcto,http://localhost:5050/images/PDF_news/2015/62_PLC_Mexico_Supreme_Court_of_Justice_rules_on_Public_Policy_grounds_to_set_aside_award.pdf,false,application/pdf,
a8427e0f-7f6f-4478-9e82-547ee62563d9:es,project-public,public-content-link,es,http://localhost:5050/images/PDF_news/2015/61_CorporateLivewire_Energy_and_Natural_Rec.pdf,206,correcto,http://localhost:5050/images/PDF_news/2015/61_CorporateLivewire_Energy_and_Natural_Rec.pdf,false,application/pdf,
a8427e0f-7f6f-4478-9e82-547ee62563d9:en,project-public,public-content-link,en,http://localhost:5050/images/PDF_news/2015/61_CorporateLivewire_Energy_and_Natural_Rec.pdf,206,correcto,http://localhost:5050/images/PDF_news/2015/61_CorporateLivewire_Energy_and_Natural_Rec.pdf,false,application/pdf,
23189387-71f5-4830-a31b-3864f2dfa9aa:es,project-public,public-content-link,es,http://localhost:5050/images/PDF_news/2015/Tax_considerations_in_MA_transactions.pdf,206,correcto,http://localhost:5050/images/PDF_news/2015/Tax_considerations_in_MA_transactions.pdf,false,application/pdf,
23189387-71f5-4830-a31b-3864f2dfa9aa:en,project-public,public-content-link,en,http://localhost:5050/images/PDF_news/2015/Tax_considerations_in_MA_transactions.pdf,206,correcto,http://localhost:5050/images/PDF_news/2015/Tax_considerations_in_MA_transactions.pdf,false,application/pdf,
33e605cc-b994-42a3-b05a-d2c6962e75a1:es,project-public,public-content-link,es,http://localhost:5050/images/PDF_news/PDF_articles/2013/30_GRG_Infrastructure_rkd493_1.pdf,206,correcto,http://localhost:5050/images/PDF_news/PDF_articles/2013/30_GRG_Infrastructure_rkd493_1.pdf,false,application/pdf,
33e605cc-b994-42a3-b05a-d2c6962e75a1:en,project-public,public-content-link,en,http://localhost:5050/images/PDF_news/PDF_articles/2013/30_GRG_Infrastructure_rkd493_1.pdf,206,correcto,http://localhost:5050/images/PDF_news/PDF_articles/2013/30_GRG_Infrastructure_rkd493_1.pdf,false,application/pdf,
c456eb8b-ee6c-4bb8-ad65-4636a649c8f2:en,project-public,public-content-link,en,http://localhost:5050/images/PDF_news/2015/56_ILO_Foreign_trade_implications_of_MA_transactions.pdf,206,correcto,http://localhost:5050/images/PDF_news/2015/56_ILO_Foreign_trade_implications_of_MA_transactions.pdf,false,application/pdf,
414a0d8d-7d5f-488f-9bb0-bf909240533b:es,project-public,public-content-link,es,http://localhost:5050/images/PDF_news/2015/55-Derecho-Concursal-Escuela-Libre-de-Derecho.pdf,206,correcto,http://localhost:5050/images/PDF_news/2015/55-Derecho-Concursal-Escuela-Libre-de-Derecho.pdf,false,application/pdf,
414a0d8d-7d5f-488f-9bb0-bf909240533b:en,project-public,public-content-link,en,http://localhost:5050/images/PDF_news/2015/55-Derecho-Concursal-Escuela-Libre-de-Derecho.pdf,206,correcto,http://localhost:5050/images/PDF_news/2015/55-Derecho-Concursal-Escuela-Libre-de-Derecho.pdf,false,application/pdf,
6bef4acd-d253-4768-abec-840eb962329e:es,project-public,public-content-link,es,http://localhost:5050/images/PDF_news/2015/54_ConsideringenvironmentalliabilitesinMAtransactionsInternationalLawOffice1.pdf,206,correcto,http://localhost:5050/images/PDF_news/2015/54_ConsideringenvironmentalliabilitesinMAtransactionsInternationalLawOffice1.pdf,false,application/pdf,
6bef4acd-d253-4768-abec-840eb962329e:en,project-public,public-content-link,en,http://localhost:5050/images/PDF_news/2015/54_ConsideringenvironmentalliabilitesinMAtransactionsInternationalLawOffice1.pdf,206,correcto,http://localhost:5050/images/PDF_news/2015/54_ConsideringenvironmentalliabilitesinMAtransactionsInternationalLawOffice1.pdf,false,application/pdf,
b8d64884-a884-4fe5-a20b-b8518e4711c7:es,project-public,public-content-link,es,http://localhost:5050/images/PDF_news/2015/52_PLC_Arbitration_Multi_Jurisdictional_mthly_email_Mexico_Superme_Courts_Shows_deference_towards_arbitral_tribunal_s.pdf,206,correcto,http://localhost:5050/images/PDF_news/2015/52_PLC_Arbitration_Multi_Jurisdictional_mthly_email_Mexico_Superme_Courts_Shows_deference_towards_arbitral_tribunal_s.pdf,false,application/pdf,
b8d64884-a884-4fe5-a20b-b8518e4711c7:en,project-public,public-content-link,en,http://localhost:5050/images/PDF_news/2015/52_PLC_Arbitration_Multi_Jurisdictional_mthly_email_Mexico_Superme_Courts_Shows_deference_towards_arbitral_tribunal_s.pdf,206,correcto,http://localhost:5050/images/PDF_news/2015/52_PLC_Arbitration_Multi_Jurisdictional_mthly_email_Mexico_Superme_Courts_Shows_deference_towards_arbitral_tribunal_s.pdf,false,application/pdf,
51d2a41c-dfee-435b-88b5-c559093d9980:es,project-public,public-content-link,es,http://localhost:5050/images/PDF_news/2015/9.2-The-International-Investigations-Review.pdf,206,correcto,http://localhost:5050/images/PDF_news/2015/9.2-The-International-Investigations-Review.pdf,false,application/pdf,
51d2a41c-dfee-435b-88b5-c559093d9980:en,project-public,public-content-link,en,http://localhost:5050/images/PDF_news/2015/9.2-The-International-Investigations-Review.pdf,206,correcto,http://localhost:5050/images/PDF_news/2015/9.2-The-International-Investigations-Review.pdf,false,application/pdf,
a4d20ecf-585f-47f6-b42a-5c6c9a7d4b8d:es,project-public,public-content-link,es,http://localhost:5050/images/PDF_news/2015/8-The-Antitrust-Review-of-the-Americas.pdf,206,correcto,http://localhost:5050/images/PDF_news/2015/8-The-Antitrust-Review-of-the-Americas.pdf,false,application/pdf,
a4d20ecf-585f-47f6-b42a-5c6c9a7d4b8d:en,project-public,public-content-link,en,http://localhost:5050/images/PDF_news/2015/8-The-Antitrust-Review-of-the-Americas.pdf,206,correcto,http://localhost:5050/images/PDF_news/2015/8-The-Antitrust-Review-of-the-Americas.pdf,false,application/pdf,
7e4cf758-0597-446d-b3af-4784cc2831c0:es,project-public,public-content-link,es,http://localhost:5050/images/PDF_news/2015/7_PLC_Investment_Funds.pdf,206,correcto,http://localhost:5050/images/PDF_news/2015/7_PLC_Investment_Funds.pdf,false,application/pdf,
7e4cf758-0597-446d-b3af-4784cc2831c0:en,project-public,public-content-link,en,http://localhost:5050/images/PDF_news/2015/7_PLC_Investment_Funds.pdf,206,correcto,http://localhost:5050/images/PDF_news/2015/7_PLC_Investment_Funds.pdf,false,application/pdf,
ec286eb9-8ebe-4532-948a-bfb78636e54a:es,project-public,public-content-link,es,http://localhost:5050/images/PDF_news/2015/6_PLC_Cartel_Leniency.pdf,206,correcto,http://localhost:5050/images/PDF_news/2015/6_PLC_Cartel_Leniency.pdf,false,application/pdf,
ec286eb9-8ebe-4532-948a-bfb78636e54a:en,project-public,public-content-link,en,http://localhost:5050/images/PDF_news/2015/6_PLC_Cartel_Leniency.pdf,206,correcto,http://localhost:5050/images/PDF_news/2015/6_PLC_Cartel_Leniency.pdf,false,application/pdf,
1229a5c7-0220-4558-9233-e51564b13aed:es,project-public,public-content-link,es,http://localhost:5050/images/PDF_news/2015/5-PLC-Outsourcing-Mexico.pdf,206,correcto,http://localhost:5050/images/PDF_news/2015/5-PLC-Outsourcing-Mexico.pdf,false,application/pdf,
1229a5c7-0220-4558-9233-e51564b13aed:en,project-public,public-content-link,en,http://localhost:5050/images/PDF_news/2015/5-PLC-Outsourcing-Mexico.pdf,206,correcto,http://localhost:5050/images/PDF_news/2015/5-PLC-Outsourcing-Mexico.pdf,false,application/pdf,
66804d92-c538-4a40-add9-f18a26e58f0a:es,project-public,public-content-link,es,http://localhost:5050/images/PDF_news/2015/3_3_Corporate_Livewire_Currents_Trends_y_Expected_Development_in_Mexican_Renewable_Energy_Mkt.pdf,206,correcto,http://localhost:5050/images/PDF_news/2015/3_3_Corporate_Livewire_Currents_Trends_y_Expected_Development_in_Mexican_Renewable_Energy_Mkt.pdf,false,application/pdf,
66804d92-c538-4a40-add9-f18a26e58f0a:en,project-public,public-content-link,en,http://localhost:5050/images/PDF_news/2015/3_3_Corporate_Livewire_Currents_Trends_y_Expected_Development_in_Mexican_Renewable_Energy_Mkt.pdf,206,correcto,http://localhost:5050/images/PDF_news/2015/3_3_Corporate_Livewire_Currents_Trends_y_Expected_Development_in_Mexican_Renewable_Energy_Mkt.pdf,false,application/pdf,
f1546dde-d4c9-4247-8ed0-43090f5851e0:es,project-public,public-content-link,es,http://localhost:5050/images/PDF_news/2015/3-IBA-Arbitration-Guide-Mexico.pdf,206,correcto,http://localhost:5050/images/PDF_news/2015/3-IBA-Arbitration-Guide-Mexico.pdf,false,application/pdf,
f1546dde-d4c9-4247-8ed0-43090f5851e0:en,project-public,public-content-link,en,http://localhost:5050/images/PDF_news/2015/3-IBA-Arbitration-Guide-Mexico.pdf,206,correcto,http://localhost:5050/images/PDF_news/2015/3-IBA-Arbitration-Guide-Mexico.pdf,false,application/pdf,
080b28b7-c35c-49d5-97f0-42fbb7fc8524:es,project-public,public-content-link,es,http://localhost:5050/images/PDF_news/2015/2_2-PLC-Mergers-and-acquisitions-Mexico.pdf,206,correcto,http://localhost:5050/images/PDF_news/2015/2_2-PLC-Mergers-and-acquisitions-Mexico.pdf,false,application/pdf,
080b28b7-c35c-49d5-97f0-42fbb7fc8524:en,project-public,public-content-link,en,http://localhost:5050/images/PDF_news/2015/2_2-PLC-Mergers-and-acquisitions-Mexico.pdf,206,correcto,http://localhost:5050/images/PDF_news/2015/2_2-PLC-Mergers-and-acquisitions-Mexico.pdf,false,application/pdf,
650272b6-88d8-43a4-84d5-3b2f8c5f1fcd:es,project-public,public-content-link,es,http://localhost:5050/images/PDF_news/2015/1.5-The-European-Lawyer-Ref-Series-Arbitration-World-4th-Ed--Mexico.pdf,206,correcto,http://localhost:5050/images/PDF_news/2015/1.5-The-European-Lawyer-Ref-Series-Arbitration-World-4th-Ed--Mexico.pdf,false,application/pdf,
650272b6-88d8-43a4-84d5-3b2f8c5f1fcd:en,project-public,public-content-link,en,http://localhost:5050/images/PDF_news/2015/1.5-The-European-Lawyer-Ref-Series-Arbitration-World-4th-Ed--Mexico.pdf,206,correcto,http://localhost:5050/images/PDF_news/2015/1.5-The-European-Lawyer-Ref-Series-Arbitration-World-4th-Ed--Mexico.pdf,false,application/pdf,
3c635370-da04-45bd-932b-1bb9ba32c3a3:es,project-public,public-content-link,es,http://localhost:5050/images/PDF_news/2015/PAUTA-58-CVW.pdf,206,correcto,http://localhost:5050/images/PDF_news/2015/PAUTA-58-CVW.pdf,false,application/pdf,
3c635370-da04-45bd-932b-1bb9ba32c3a3:en,project-public,public-content-link,en,http://localhost:5050/images/PDF_news/2015/PAUTA-58-CVW.pdf,206,correcto,http://localhost:5050/images/PDF_news/2015/PAUTA-58-CVW.pdf,false,application/pdf,
94c3a762-191d-4afe-8c4f-41c40427aac4:es,project-public,public-content-link,es,http://localhost:5050/images/PDF_news/PDF_articles/2017/5-GCR-LBC-Mexico-takes-2-major-steps-2007-37-Mexico-telecoms.pdf,206,correcto,http://localhost:5050/images/PDF_news/PDF_articles/2017/5-GCR-LBC-Mexico-takes-2-major-steps-2007-37-Mexico-telecoms.pdf,false,application/pdf,
94c3a762-191d-4afe-8c4f-41c40427aac4:en,project-public,public-content-link,en,http://localhost:5050/images/PDF_news/PDF_articles/2017/5-GCR-LBC-Mexico-takes-2-major-steps-2007-37-Mexico-telecoms.pdf,206,correcto,http://localhost:5050/images/PDF_news/PDF_articles/2017/5-GCR-LBC-Mexico-takes-2-major-steps-2007-37-Mexico-telecoms.pdf,false,application/pdf,
84f3600c-c787-4f7a-8eed-ec8512a692f3:es,project-public,public-content-link,es,http://localhost:5050/images/PDF_news/2015/pauta-54-CVW.pdf,206,correcto,http://localhost:5050/images/PDF_news/2015/pauta-54-CVW.pdf,false,application/pdf,
84f3600c-c787-4f7a-8eed-ec8512a692f3:en,project-public,public-content-link,en,http://localhost:5050/images/PDF_news/2015/pauta-54-CVW.pdf,206,correcto,http://localhost:5050/images/PDF_news/2015/pauta-54-CVW.pdf,false,application/pdf,
3d2f6fbf-6429-4077-bc59-1caf1a7537f7:es,project-public,public-content-link,es,http://localhost:5050/images/PDF_news/PDF_articles/2021/6-Sheppard-Mullin.pdf,206,correcto,http://localhost:5050/images/PDF_news/PDF_articles/2021/6-Sheppard-Mullin.pdf,false,application/pdf,
3d2f6fbf-6429-4077-bc59-1caf1a7537f7:en,project-public,public-content-link,en,http://localhost:5050/images/PDF_news/PDF_articles/2021/6-Sheppard-Mullin.pdf,206,correcto,http://localhost:5050/images/PDF_news/PDF_articles/2021/6-Sheppard-Mullin.pdf,false,application/pdf,
367a3660-8a53-42c2-9fa9-e4f6a49c14b1:es,project-public,public-content-link,es,http://localhost:5050/images/PDF_news/2015/Muerza---cumplimiento-sentencias-amparo.pdf,206,correcto,http://localhost:5050/images/PDF_news/2015/Muerza---cumplimiento-sentencias-amparo.pdf,false,application/pdf,
367a3660-8a53-42c2-9fa9-e4f6a49c14b1:en,project-public,public-content-link,en,http://localhost:5050/images/PDF_news/2015/Muerza---cumplimiento-sentencias-amparo.pdf,206,correcto,http://localhost:5050/images/PDF_news/2015/Muerza---cumplimiento-sentencias-amparo.pdf,false,application/pdf,
96e019db-09a3-480e-9f5d-7408d014ee8c:es,project-public,public-content-link,es,http://localhost:5050/images/PDF_news/2015/Chapter-16.pdf,206,correcto,http://localhost:5050/images/PDF_news/2015/Chapter-16.pdf,false,application/pdf,
96e019db-09a3-480e-9f5d-7408d014ee8c:en,project-public,public-content-link,en,http://localhost:5050/images/PDF_news/2015/Chapter-16.pdf,206,correcto,http://localhost:5050/images/PDF_news/2015/Chapter-16.pdf,false,application/pdf,
d1983526-22c6-4207-92ff-6277f1f6101c:es,project-public,public-content-link,es,http://localhost:5050/images/PDF_news/PDF_articles/2021/7-Stanford-Law-School.pdf,206,correcto,http://localhost:5050/images/PDF_news/PDF_articles/2021/7-Stanford-Law-School.pdf,false,application/pdf,
d1983526-22c6-4207-92ff-6277f1f6101c:en,project-public,public-content-link,en,http://localhost:5050/images/PDF_news/PDF_articles/2021/7-Stanford-Law-School.pdf,206,correcto,http://localhost:5050/images/PDF_news/PDF_articles/2021/7-Stanford-Law-School.pdf,false,application/pdf,
6580f7b1-78af-4c2b-92f8-6db5b067d2d4:es,project-public,public-source-cta,es,https://anticorrupcion.nexos.com.mx/los-empresarios-son-beneficiarios-del-combate-a-la-corrupcion-privada/,200,correcto,https://anticorrupcion.nexos.com.mx/los-empresarios-son-beneficiarios-del-combate-a-la-corrupcion-privada/,false,text/html; charset=UTF-8,
6580f7b1-78af-4c2b-92f8-6db5b067d2d4:en,project-public,public-source-cta,en,https://anticorrupcion.nexos.com.mx/los-empresarios-son-beneficiarios-del-combate-a-la-corrupcion-privada/,200,correcto,https://anticorrupcion.nexos.com.mx/los-empresarios-son-beneficiarios-del-combate-a-la-corrupcion-privada/,false,text/html; charset=UTF-8,
7f630609-6ae8-484d-8fdc-841dd7f45859:es,project-public,public-source-cta,es,https://www.vonwobeser.com/index.php/publication/p_id-1832.html,0,inaccesible,,false,,fetch failed
7f630609-6ae8-484d-8fdc-841dd7f45859:en,project-public,public-source-cta,en,https://www.vonwobeser.com/index.php/publication/p_id-1832.html,0,inaccesible,,false,,fetch failed
5c2705c0-34c6-4989-8d05-da918872008a:es,project-public,public-source-cta,es,https://www.vonwobeser.com/index.php/publication/p_id-1831.html,0,inaccesible,,false,,fetch failed
5c2705c0-34c6-4989-8d05-da918872008a:en,project-public,public-source-cta,en,https://www.vonwobeser.com/index.php/publication/p_id-1831.html,0,inaccesible,,false,,fetch failed
9e27d552-ebf0-4064-a162-cd029acf4296:es,project-public,public-source-cta,es,https://www.vonwobeser.com/index.php/publication/p_id-1830.html,0,inaccesible,,false,,fetch failed
9e27d552-ebf0-4064-a162-cd029acf4296:en,project-public,public-source-cta,en,https://www.vonwobeser.com/index.php/publication/p_id-1830.html,0,inaccesible,,false,,fetch failed
699c4592-7dc8-4605-8a8a-5397d73752f3:es,project-public,public-source-cta,es,https://mundoejecutivo.com.mx/economia/blockchain-compliance-evolucion-cumplimiento/,200,correcto,https://mundoejecutivo.com.mx/economia/blockchain-compliance-evolucion-cumplimiento/,false,text/html; charset=UTF-8,
699c4592-7dc8-4605-8a8a-5397d73752f3:en,project-public,public-source-cta,en,https://mundoejecutivo.com.mx/economia/blockchain-compliance-evolucion-cumplimiento/,200,correcto,https://mundoejecutivo.com.mx/economia/blockchain-compliance-evolucion-cumplimiento/,false,text/html; charset=UTF-8,
8102ea66-237c-4b27-9c62-d1303c8e1a2e:es,project-public,public-source-cta,es,https://www.vonwobeser.com/index.php/publication/p_id-1828.html,0,inaccesible,,false,,fetch failed
8102ea66-237c-4b27-9c62-d1303c8e1a2e:en,project-public,public-source-cta,en,https://www.vonwobeser.com/index.php/publication/p_id-1828.html,0,inaccesible,,false,,fetch failed
c3536dab-26fe-49db-9bb4-6dda61b42364:es,project-public,public-source-cta,es,https://www.vonwobeser.com/index.php/publication/p_id-1827.html,0,inaccesible,,false,,fetch failed
c3536dab-26fe-49db-9bb4-6dda61b42364:en,project-public,public-source-cta,en,https://www.vonwobeser.com/index.php/publication/p_id-1827.html,0,inaccesible,,false,,fetch failed
7850c41f-7158-45be-8719-36af3a67e5a0:es,project-public,public-source-cta,es,https://mitsloanreview.mx/nft-bitcoin-crypto-blockchain/como-prevenir-fraudes-con-criptomonedas/,200,redireccion-valida,https://www.mitsloanreview.mx/nft-bitcoin-crypto-blockchain/como-prevenir-fraudes-con-criptomonedas/,true,text/html; charset=UTF-8,
7850c41f-7158-45be-8719-36af3a67e5a0:en,project-public,public-source-cta,en,https://mitsloanreview.mx/nft-bitcoin-crypto-blockchain/como-prevenir-fraudes-con-criptomonedas/,200,redireccion-valida,https://www.mitsloanreview.mx/nft-bitcoin-crypto-blockchain/como-prevenir-fraudes-con-criptomonedas/,true,text/html; charset=UTF-8,
946ef260-8f06-42d3-a1eb-8ad07f99d12b:es,project-public,public-source-cta,es,https://www.milenio.com/opinion/ricardo-cacho/columna-ricardo-cacho/las-criptomonedas-y-su-transparente-blockchain,200,correcto,https://www.milenio.com/opinion/ricardo-cacho/columna-ricardo-cacho/las-criptomonedas-y-su-transparente-blockchain,false,text/html; charset=UTF-8,
946ef260-8f06-42d3-a1eb-8ad07f99d12b:en,project-public,public-source-cta,en,https://www.milenio.com/opinion/ricardo-cacho/columna-ricardo-cacho/las-criptomonedas-y-su-transparente-blockchain,200,correcto,https://www.milenio.com/opinion/ricardo-cacho/columna-ricardo-cacho/las-criptomonedas-y-su-transparente-blockchain,false,text/html; charset=UTF-8,
6fb84b65-ea03-4500-83c6-2300b3e4b8c8:es,project-public,public-source-cta,es,https://www.vonwobeser.com/index.php/publication/p_id-1824.html,0,inaccesible,,false,,fetch failed
6fb84b65-ea03-4500-83c6-2300b3e4b8c8:en,project-public,public-source-cta,en,https://www.vonwobeser.com/index.php/publication/p_id-1824.html,0,inaccesible,,false,,fetch failed
5af0619c-2969-4c22-9da9-c71e642e5aea:es,project-public,public-source-cta,es,https://www.vonwobeser.com/index.php/publication/p_id-1823.html,0,inaccesible,,false,,fetch failed
5af0619c-2969-4c22-9da9-c71e642e5aea:en,project-public,public-source-cta,en,https://www.vonwobeser.com/index.php/publication/p_id-1823.html,0,inaccesible,,false,,fetch failed
1bbe4a2b-5b8c-4996-8005-972706a066b3:es,project-public,public-source-cta,es,https://www.vonwobeser.com/index.php/publication/p_id-1822.html,0,inaccesible,,false,,fetch failed
1bbe4a2b-5b8c-4996-8005-972706a066b3:en,project-public,public-source-cta,en,https://www.vonwobeser.com/index.php/publication/p_id-1822.html,0,inaccesible,,false,,fetch failed
3c16c8ce-56cc-409f-9d04-0fbbf0c82d8f:es,project-public,public-source-cta,es,https://www.aranzadilaley.es/tienda/todo-penal-internacional,200,correcto,https://www.aranzadilaley.es/tienda/todo-penal-internacional,false,text/html; charset=utf-8,
3c16c8ce-56cc-409f-9d04-0fbbf0c82d8f:en,project-public,public-source-cta,en,https://www.aranzadilaley.es/tienda/todo-penal-internacional,200,correcto,https://www.aranzadilaley.es/tienda/todo-penal-internacional,false,text/html; charset=utf-8,
1d21dfdc-915f-4f52-a3ba-cdd0b824cfb0:es,project-public,public-source-cta,es,https://www.milenio.com/opinion/ricardo-cacho/columna-ricardo-cacho/la-evasion-fiscal-una-forma-de-corrupcion,200,correcto,https://www.milenio.com/opinion/ricardo-cacho/columna-ricardo-cacho/la-evasion-fiscal-una-forma-de-corrupcion,false,text/html; charset=UTF-8,
1d21dfdc-915f-4f52-a3ba-cdd0b824cfb0:en,project-public,public-source-cta,en,https://www.milenio.com/opinion/ricardo-cacho/columna-ricardo-cacho/la-evasion-fiscal-una-forma-de-corrupcion,200,correcto,https://www.milenio.com/opinion/ricardo-cacho/columna-ricardo-cacho/la-evasion-fiscal-una-forma-de-corrupcion,false,text/html; charset=UTF-8,
b913e9f6-0291-4f7c-8c1a-7f3fd2e92570:es,project-public,public-source-cta,es,https://www.milenio.com/opinion/ricardo-cacho/columna-ricardo-cacho/los-jueces-deben-pensar-en-las-victimas,200,correcto,https://www.milenio.com/opinion/ricardo-cacho/columna-ricardo-cacho/los-jueces-deben-pensar-en-las-victimas,false,text/html; charset=UTF-8,
b913e9f6-0291-4f7c-8c1a-7f3fd2e92570:en,project-public,public-source-cta,en,https://www.milenio.com/opinion/ricardo-cacho/columna-ricardo-cacho/los-jueces-deben-pensar-en-las-victimas,200,correcto,https://www.milenio.com/opinion/ricardo-cacho/columna-ricardo-cacho/los-jueces-deben-pensar-en-las-victimas,false,text/html; charset=UTF-8,
390f09db-d1e4-4bea-b00b-8c61fc4ee911:es,project-public,public-source-cta,es,https://www.milenio.com/politica/lee-firmas-milenio-jueves-16-julio,200,correcto,https://www.milenio.com/politica/lee-firmas-milenio-jueves-16-julio,false,text/html; charset=UTF-8,
390f09db-d1e4-4bea-b00b-8c61fc4ee911:en,project-public,public-source-cta,en,https://www.milenio.com/politica/lee-firmas-milenio-jueves-16-julio,200,correcto,https://www.milenio.com/politica/lee-firmas-milenio-jueves-16-julio,false,text/html; charset=UTF-8,
49b09cdc-af44-47f0-84d6-c600b61eaa61:es,project-public,public-source-cta,es,https://eljuegodelacorte.nexos.com.mx/que-culpa-tiene-el-tigre-tono-las-nuevas-reglas-de-publicidad-en-alimentos-preenvasados/,200,correcto,https://eljuegodelacorte.nexos.com.mx/que-culpa-tiene-el-tigre-tono-las-nuevas-reglas-de-publicidad-en-alimentos-preenvasados/,false,text/html; charset=UTF-8,
49b09cdc-af44-47f0-84d6-c600b61eaa61:en,project-public,public-source-cta,en,https://eljuegodelacorte.nexos.com.mx/que-culpa-tiene-el-tigre-tono-las-nuevas-reglas-de-publicidad-en-alimentos-preenvasados/,200,correcto,https://eljuegodelacorte.nexos.com.mx/que-culpa-tiene-el-tigre-tono-las-nuevas-reglas-de-publicidad-en-alimentos-preenvasados/,false,text/html; charset=UTF-8,
56adb058-d443-4073-a4a4-879b3bc8ec3f:es,project-public,public-source-cta,es,https://www.vonwobeser.com/images/PDF_news/2023/ESG4/23_05_22_MINERIA_ESG_ENG-Pt4-OK.pdf,206,correcto,https://www.vonwobeser.com/images/PDF_news/2023/ESG4/23_05_22_MINERIA_ESG_ENG-Pt4-OK.pdf,false,application/pdf,
56adb058-d443-4073-a4a4-879b3bc8ec3f:en,project-public,public-source-cta,en,https://www.vonwobeser.com/images/PDF_news/2023/ESG4/23_05_22_MINERIA_ESG_ENG-Pt4-OK.pdf,206,correcto,https://www.vonwobeser.com/images/PDF_news/2023/ESG4/23_05_22_MINERIA_ESG_ENG-Pt4-OK.pdf,false,application/pdf,
56adb058-d443-4073-a4a4-879b3bc8ec3f:en,project-public,public-content-link,en,http://localhost:5050/images/PDF_news/2023/ESG4/23_05_22_MINERIA_ESG_ENG-Pt4-OK.pdf,206,correcto,http://localhost:5050/images/PDF_news/2023/ESG4/23_05_22_MINERIA_ESG_ENG-Pt4-OK.pdf,false,application/pdf,
a4871de1-85db-46e6-9e23-06f12d478081:es,project-public,public-source-cta,es,https://www.vonwobeser.com/images/PDF_news/2023/vision_combate.pdf,206,correcto,https://www.vonwobeser.com/images/PDF_news/2023/vision_combate.pdf,false,application/pdf,
a4871de1-85db-46e6-9e23-06f12d478081:en,project-public,public-source-cta,en,https://www.vonwobeser.com/images/PDF_news/2023/vision_combate.pdf,206,correcto,https://www.vonwobeser.com/images/PDF_news/2023/vision_combate.pdf,false,application/pdf,
968c7bd4-9653-4e14-92b9-f4f848aeb696:es,project-public,public-source-cta,es,https://www.vonwobeser.com/images/PDF_news/2022/22_08_11_ESG_En-la-Industria-Minera-Mexicana-3_ENG.pdf,206,correcto,https://www.vonwobeser.com/images/PDF_news/2022/22_08_11_ESG_En-la-Industria-Minera-Mexicana-3_ENG.pdf,false,application/pdf,
968c7bd4-9653-4e14-92b9-f4f848aeb696:en,project-public,public-source-cta,en,https://www.vonwobeser.com/images/PDF_news/2022/22_08_11_ESG_En-la-Industria-Minera-Mexicana-3_ENG.pdf,206,correcto,https://www.vonwobeser.com/images/PDF_news/2022/22_08_11_ESG_En-la-Industria-Minera-Mexicana-3_ENG.pdf,false,application/pdf,
968c7bd4-9653-4e14-92b9-f4f848aeb696:en,project-public,public-content-link,en,http://localhost:5050/images/PDF_news/2022/22_08_11_ESG_En-la-Industria-Minera-Mexicana-3_ENG.pdf,206,correcto,http://localhost:5050/images/PDF_news/2022/22_08_11_ESG_En-la-Industria-Minera-Mexicana-3_ENG.pdf,false,application/pdf,
69245f61-db72-404c-81e1-ff610b984a0e:es,project-public,public-source-cta,es,https://www.vonwobeser.com/images/PDF/2022/Preparate_Para_el_Proximo_Cisne1.pdf,206,correcto,https://www.vonwobeser.com/images/PDF/2022/Preparate_Para_el_Proximo_Cisne1.pdf,false,application/pdf,
69245f61-db72-404c-81e1-ff610b984a0e:en,project-public,public-source-cta,en,https://www.vonwobeser.com/images/PDF/2022/Preparate_Para_el_Proximo_Cisne1.pdf,206,correcto,https://www.vonwobeser.com/images/PDF/2022/Preparate_Para_el_Proximo_Cisne1.pdf,false,application/pdf,
74b48c08-f683-4f5d-afba-f5b60da7b3a5:es,project-public,public-source-cta,es,https://www.vonwobeser.com/images/PDF_news/2021/21_10_12_MINERIA_ESG_ING.pdf,206,correcto,https://www.vonwobeser.com/images/PDF_news/2021/21_10_12_MINERIA_ESG_ING.pdf,false,application/pdf,
74b48c08-f683-4f5d-afba-f5b60da7b3a5:en,project-public,public-source-cta,en,https://www.vonwobeser.com/images/PDF_news/2021/21_10_12_MINERIA_ESG_ING.pdf,206,correcto,https://www.vonwobeser.com/images/PDF_news/2021/21_10_12_MINERIA_ESG_ING.pdf,false,application/pdf,
74b48c08-f683-4f5d-afba-f5b60da7b3a5:en,project-public,public-content-link,en,http://localhost:5050/images/PDF_news/2021/21_10_12_MINERIA_ESG_ING.pdf,206,correcto,http://localhost:5050/images/PDF_news/2021/21_10_12_MINERIA_ESG_ING.pdf,false,application/pdf,
d5005a08-6677-407a-9944-86d7ffcc07f9:es,project-public,public-source-cta,es,https://expansion.mx/opinion/2022/01/03/negocio-contribuya-cambiar-el-mundo,200,correcto,https://expansion.mx/opinion/2022/01/03/negocio-contribuya-cambiar-el-mundo,false,text/html;charset=UTF-8,
d5005a08-6677-407a-9944-86d7ffcc07f9:en,project-public,public-source-cta,en,https://expansion.mx/opinion/2022/01/03/negocio-contribuya-cambiar-el-mundo,200,correcto,https://expansion.mx/opinion/2022/01/03/negocio-contribuya-cambiar-el-mundo,false,text/html;charset=UTF-8,
d5005a08-6677-407a-9944-86d7ffcc07f9:en,project-public,public-content-link,en,http://localhost:5050/images/PDF_news/2022/Tu-negocio-contribuye-a-cambiar-el-mundo_-Considera-una-perspectiva-ESG.pdf,206,correcto,http://localhost:5050/images/PDF_news/2022/Tu-negocio-contribuye-a-cambiar-el-mundo_-Considera-una-perspectiva-ESG.pdf,false,application/pdf,
f1fae103-8b93-45d2-ba51-ff63c9ef19d6:en,project-public,public-content-link,en,http://localhost:5050/images/PDF_news/2022/Have_Your_ESG_Team_on_Speed_Dial.pdf,206,correcto,http://localhost:5050/images/PDF_news/2022/Have_Your_ESG_Team_on_Speed_Dial.pdf,false,application/pdf,
37a4a56a-9a3e-4de5-ac7e-cb54fd5632ef:en,project-public,public-content-link,en,http://localhost:5050/images/PDF_news/2022/Fort-Dearborn-Multi-Color-Corporation-merge-to-form-worlds-largest-label-supplier---Leaders-League.pdf,206,correcto,http://localhost:5050/images/PDF_news/2022/Fort-Dearborn-Multi-Color-Corporation-merge-to-form-worlds-largest-label-supplier---Leaders-League.pdf,false,application/pdf,
4dcaa4c3-1422-45cb-9859-41b0409cc362:en,project-public,public-content-link,en,http://localhost:5050/images/PDF_news/2021/21_12_17_DERECHOS_FUNDAMENTALES_ESG_ING.pdf,206,correcto,http://localhost:5050/images/PDF_news/2021/21_12_17_DERECHOS_FUNDAMENTALES_ESG_ING.pdf,false,application/pdf,
dc8f7154-4d75-4bbc-97f2-a839b92dfd82:en,project-public,public-content-link,en,http://localhost:5050/images/PDF_news/2021/21_12_10_AUTONOMIA_ENERGETICA_ESG_ING.pdf,206,correcto,http://localhost:5050/images/PDF_news/2021/21_12_10_AUTONOMIA_ENERGETICA_ESG_ING.pdf,false,application/pdf,
5b4c5af1-b1d6-4179-9ca7-9c3a57b7bcdf:en,project-public,public-content-link,en,http://localhost:5050/images/PDF_news/2021/21_12_02_MLRR_ESG_ING.pdf,206,correcto,http://localhost:5050/images/PDF_news/2021/21_12_02_MLRR_ESG_ING.pdf,false,application/pdf,
eb529b71-8a07-4ef6-81f8-12075f31fa27:en,project-public,public-content-link,en,http://localhost:5050/images/PDF_news/2021/21_11_25_SUMINISTRO_ESG_ING.pdf,206,correcto,http://localhost:5050/images/PDF_news/2021/21_11_25_SUMINISTRO_ESG_ING.pdf,false,application/pdf,
2c6504b7-8410-4203-af06-0a9113f8b3d3:en,project-public,public-content-link,en,http://localhost:5050/images/PDF_news/2021/21_11_17_PRIVACIDAD_ESG_ING.pdf,206,correcto,http://localhost:5050/images/PDF_news/2021/21_11_17_PRIVACIDAD_ESG_ING.pdf,false,application/pdf,
dac3cdd1-5528-43eb-91df-739dd83c6039:es,project-public,public-source-cta,es,https://www.vonwobeser.com/images/PDF_news/2021/21_11_12_ARBITRAJE_ESG_ING.pdf,206,correcto,https://www.vonwobeser.com/images/PDF_news/2021/21_11_12_ARBITRAJE_ESG_ING.pdf,false,application/pdf,
dac3cdd1-5528-43eb-91df-739dd83c6039:en,project-public,public-source-cta,en,https://www.vonwobeser.com/images/PDF_news/2021/21_11_12_ARBITRAJE_ESG_ING.pdf,206,correcto,https://www.vonwobeser.com/images/PDF_news/2021/21_11_12_ARBITRAJE_ESG_ING.pdf,false,application/pdf,
dac3cdd1-5528-43eb-91df-739dd83c6039:en,project-public,public-content-link,en,http://localhost:5050/images/PDF_news/2021/21_11_12_ARBITRAJE_ESG_ING.pdf,206,correcto,http://localhost:5050/images/PDF_news/2021/21_11_12_ARBITRAJE_ESG_ING.pdf,false,application/pdf,
da8fbd17-1477-4b37-bb8e-5367fa814a74:en,project-public,public-content-link,en,http://localhost:5050/images/PDF_news/2021/21_11_03_EMISIONES_ESG_ING.pdf,206,correcto,http://localhost:5050/images/PDF_news/2021/21_11_03_EMISIONES_ESG_ING.pdf,false,application/pdf,
c3bc98b4-0a29-47b2-822d-69e5ecb13dbb:en,project-public,public-content-link,en,http://localhost:5050/images/PDF_news/2021/21_10_26_ANTI_CORRUPTION_ESG_ING.pdf,206,correcto,http://localhost:5050/images/PDF_news/2021/21_10_26_ANTI_CORRUPTION_ESG_ING.pdf,false,application/pdf,
c3f5fae1-495f-446d-be7b-80693784f6c0:en,project-public,public-content-link,en,http://localhost:5050/images/PDF_news/2021/21_10_19_STRESS_ESG_ING.pdf,206,correcto,http://localhost:5050/images/PDF_news/2021/21_10_19_STRESS_ESG_ING.pdf,false,application/pdf,
d304a6cf-1dfc-4df8-98c9-ef9340a10b5f:en,project-public,public-content-link,en,http://localhost:5050/images/PDF_news/2021/21_10_14_REGULACION_ESG_ING.pdf,206,correcto,http://localhost:5050/images/PDF_news/2021/21_10_14_REGULACION_ESG_ING.pdf,false,application/pdf,
05b8796c-043b-4d18-9483-f0515c4b5514:es,project-public,public-source-cta,es,https://www.vonwobeser.com/images/PDF_news/2021/21_10_12_MINERIA_ESG_ING.pdf,206,correcto,https://www.vonwobeser.com/images/PDF_news/2021/21_10_12_MINERIA_ESG_ING.pdf,false,application/pdf,
05b8796c-043b-4d18-9483-f0515c4b5514:en,project-public,public-source-cta,en,https://www.vonwobeser.com/images/PDF_news/2021/21_10_12_MINERIA_ESG_ING.pdf,206,correcto,https://www.vonwobeser.com/images/PDF_news/2021/21_10_12_MINERIA_ESG_ING.pdf,false,application/pdf,
05b8796c-043b-4d18-9483-f0515c4b5514:en,project-public,public-content-link,en,http://localhost:5050/images/PDF_news/2021/21_10_12_MINERIA_ESG_ING.pdf,206,correcto,http://localhost:5050/images/PDF_news/2021/21_10_12_MINERIA_ESG_ING.pdf,false,application/pdf,
f16d046f-8622-4970-aa69-ed3e19a4024e:en,project-public,public-content-link,en,http://localhost:5050/images/PDF_news/2021/21_10_08_IMPLICACIONES_ESG_ING.pdf,206,correcto,http://localhost:5050/images/PDF_news/2021/21_10_08_IMPLICACIONES_ESG_ING.pdf,false,application/pdf,
77683142-8bb9-4adb-bc66-a7f0ffc9a07a:en,project-public,public-content-link,en,http://localhost:5050/images/PDF_news/2021/20-Mexico-Overview.pdf,206,correcto,http://localhost:5050/images/PDF_news/2021/20-Mexico-Overview.pdf,false,application/pdf,
c81951c2-ea46-491d-9bf9-836f9c7f4081:en,project-public,public-content-link,en,http://localhost:5050/images/PDF_news/2021/25-Mexico-QA.pdf,206,correcto,http://localhost:5050/images/PDF_news/2021/25-Mexico-QA.pdf,false,application/pdf,
b38c180e-62f5-4f74-b1cb-39b512f5e441:en,project-public,public-content-link,en,http://localhost:5050/images/PDF_news/2021/14-_-Indemnity-Escrows-and--Other-Payment-Guarantees.pdf,206,correcto,http://localhost:5050/images/PDF_news/2021/14-_-Indemnity-Escrows-and--Other-Payment-Guarantees.pdf,false,application/pdf,
216a9b59-d62e-49d1-83a3-e36064e6bee4:en,project-public,public-content-link,en,http://localhost:5050/images/PDF_news/2021/035_MEXICO-LP.pdf,206,correcto,http://localhost:5050/images/PDF_news/2021/035_MEXICO-LP.pdf,false,application/pdf,
0445735b-768c-45a7-806f-2f8629073b7f:en,project-public,public-content-link,en,http://localhost:5050/images/PDF_news/2020_2/IBA---The-next-wave-of-ISDS-ca-ses-could-be-powered-by-recent-policy-changes-in-the-renewable-energy-sector-in-Mexico.pdf,206,correcto,http://localhost:5050/images/PDF_news/2020_2/IBA---The-next-wave-of-ISDS-ca-ses-could-be-powered-by-recent-policy-changes-in-the-renewable-energy-sector-in-Mexico.pdf,false,application/pdf,
a5764e3f-3a96-44ec-a047-912b406eaff6:en,project-public,public-content-link,en,http://localhost:5050/images/PDF_news/2020_2/2020_MI-Private-Equity_Mexico.pdf,206,correcto,http://localhost:5050/images/PDF_news/2020_2/2020_MI-Private-Equity_Mexico.pdf,false,application/pdf,
94cd5657-7795-4e1b-ba4f-d4a60ae26d84:en,project-public,public-content-link,en,http://localhost:5050/images/PDF_news/2020_2/LL_Litigation-2021_MX.pdf,206,correcto,http://localhost:5050/images/PDF_news/2020_2/LL_Litigation-2021_MX.pdf,false,application/pdf,
0eeb4c3d-74d4-4182-b65f-ea51e595bfe2:en,project-public,public-content-link,en,http://localhost:5050/images/PDF_news/2020_2/IRInov2020edit.pdf,206,correcto,http://localhost:5050/images/PDF_news/2020_2/IRInov2020edit.pdf,false,application/pdf,
8ec86459-1caf-4f4e-a985-7150a60521c9:en,project-public,public-content-link,en,http://localhost:5050/images/PDF_news/2020_2/ITA-2020---Mexico.pdf,206,correcto,http://localhost:5050/images/PDF_news/2020_2/ITA-2020---Mexico.pdf,false,application/pdf,
dd04c59c-2837-43b3-b8f9-29e98b6bd068:en,project-public,public-content-link,en,http://localhost:5050/images/PDF_news/2020_2/GAR_Commercial-Arbitration_2020_MX.pdf,206,correcto,http://localhost:5050/images/PDF_news/2020_2/GAR_Commercial-Arbitration_2020_MX.pdf,false,application/pdf,
cc953777-ad79-4baf-828a-e4d0b840a928:en,project-public,public-content-link,en,http://localhost:5050/images/PDF/2020/8-How-to-Conduct-Internal-Investigations_v2020.pdf,206,correcto,http://localhost:5050/images/PDF/2020/8-How-to-Conduct-Internal-Investigations_v2020.pdf,false,application/pdf,
f81286f4-9f42-45e9-88e0-b4bf0eb0fe36:en,project-public,public-content-link,en,http://localhost:5050/images/PDF/2020/202005_ABA_Issue57vf_EG.pdf,206,correcto,http://localhost:5050/images/PDF/2020/202005_ABA_Issue57vf_EG.pdf,false,application/pdf,
6fad7dce-a5db-4899-87a8-edc61b2deb33:en,project-public,public-content-link,en,http://localhost:5050/images/PDF_news/PDF_articles/2020/ITA---Mexico.pdf,206,correcto,http://localhost:5050/images/PDF_news/PDF_articles/2020/ITA---Mexico.pdf,false,application/pdf,
9f60f1cc-bb1c-41cb-b75a-80c23ac3e11a:en,project-public,public-content-link,en,http://localhost:5050/images/PDF_news/2020/Mexico-1.pdf,206,correcto,http://localhost:5050/images/PDF_news/2020/Mexico-1.pdf,false,application/pdf,
8a37476e-bcac-4994-a9d3-62538a40757c:en,project-public,public-content-link,en,http://localhost:5050/images/PDF_news/PDF_articles/2021/5-Latin-Lawyer.pdf,206,correcto,http://localhost:5050/images/PDF_news/PDF_articles/2021/5-Latin-Lawyer.pdf,false,application/pdf,
5b637e42-f93c-46c7-ac1c-7ea5636f3af2:en,project-public,public-content-link,en,http://localhost:5050/images/PDF_news/PDF_articles/2018/The-Restructuring-Review-of-the-Americas--Mexico-2019.pdf,206,correcto,http://localhost:5050/images/PDF_news/PDF_articles/2018/The-Restructuring-Review-of-the-Americas--Mexico-2019.pdf,false,application/pdf,
59b493a6-031d-404f-84f5-09a38eddf2de:en,project-public,public-content-link,en,http://localhost:5050/images/PDF_news/PDF_articles/2018/Mexico-GTDT-Market-Intelligence--Private-Equity-2018.pdf,206,correcto,http://localhost:5050/images/PDF_news/PDF_articles/2018/Mexico-GTDT-Market-Intelligence--Private-Equity-2018.pdf,false,application/pdf,
28f47dd6-1536-4f7d-ae48-80f4bf084f0c:en,project-public,public-content-link,en,http://localhost:5050/images/PDF_news/PDF_articles/2018/LL_Litigation-2019_MX.pdf,206,correcto,http://localhost:5050/images/PDF_news/PDF_articles/2018/LL_Litigation-2019_MX.pdf,false,application/pdf,
c724a4cc-df79-414e-be7e-3f5d50874f78:en,project-public,public-content-link,en,http://localhost:5050/images/PDF_news/PDF_articles/2018/La-Competencia-Econmica-en-el-programa-de-Compliance-FC.pdf,206,correcto,http://localhost:5050/images/PDF_news/PDF_articles/2018/La-Competencia-Econmica-en-el-programa-de-Compliance-FC.pdf,false,application/pdf,
5713bb35-7873-4829-9111-dcb5d209db58:en,project-public,public-content-link,en,http://localhost:5050/images/PDF_news/PDF_articles/2018/LPS2018Mexico.pdf,206,correcto,http://localhost:5050/images/PDF_news/PDF_articles/2018/LPS2018Mexico.pdf,false,application/pdf,
29beecc3-7190-4f93-87f7-709c062826ee:en,project-public,public-content-link,en,http://localhost:5050/images/PDF_news/PDF_articles/2018/Educational-Institutions-Mexico-Chapter--Silverio-Sandate.pdf,206,correcto,http://localhost:5050/images/PDF_news/PDF_articles/2018/Educational-Institutions-Mexico-Chapter--Silverio-Sandate.pdf,false,application/pdf,
395efad4-99b9-4f04-aea7-4a6888f246f3:en,project-public,public-content-link,en,http://localhost:5050/images/PDF_news/PDF_articles/2018/The-Private-Equity-Review-Mexico-Chapter--Investing.pdf,206,correcto,http://localhost:5050/images/PDF_news/PDF_articles/2018/The-Private-Equity-Review-Mexico-Chapter--Investing.pdf,false,application/pdf,
ecd41fae-2b44-4790-908a-a2e16e3bc722:en,project-public,public-content-link,en,http://localhost:5050/images/PDF_news/PDF_articles/2018/017_MEXICO-TD.pdf,206,correcto,http://localhost:5050/images/PDF_news/PDF_articles/2018/017_MEXICO-TD.pdf,false,application/pdf,
74a116e1-fed5-4462-8d42-2e19f83df7e3:en,project-public,public-content-link,en,http://localhost:5050/images/PDF_news/PDF_articles/2017/Class-Actions-2018Mexico.pdf,206,correcto,http://localhost:5050/images/PDF_news/PDF_articles/2017/Class-Actions-2018Mexico.pdf,false,application/pdf,
eece9e17-d241-4326-a741-491da5ee3032:en,project-public,public-content-link,en,http://localhost:5050/images/PDF_news/PDF_articles/2017/GTDT-Market-Intelligence--Private-Equity--Volume-4-Issue-6.pdf,206,correcto,http://localhost:5050/images/PDF_news/PDF_articles/2017/GTDT-Market-Intelligence--Private-Equity--Volume-4-Issue-6.pdf,false,application/pdf,
657a092c-94cc-4a60-9d39-43f3d4e551fc:en,project-public,public-content-link,en,http://localhost:5050/images/PDF_news/2017/Mexican-MA-shrugs-off-the-Trump-slump-_-Euromoney.pdf,206,correcto,http://localhost:5050/images/PDF_news/2017/Mexican-MA-shrugs-off-the-Trump-slump-_-Euromoney.pdf,false,application/pdf,
f763871e-d8a6-497a-bb06-9f739c7d58ce:en,project-public,public-content-link,en,http://localhost:5050/images/PDF_news/2017/IAR2017Mexico.pdf,206,correcto,http://localhost:5050/images/PDF_news/2017/IAR2017Mexico.pdf,false,application/pdf,
b04d5875-d7ed-4c57-9876-d169dec113e9:en,project-public,public-content-link,en,http://localhost:5050/images/PDF_news/PDF_articles/2017/Claus-Von-Wobeser-Adrian-Magallanes--Chambers-Partners-Global-Practice-Guides-International-Arbitration-Mexico.pdf,206,correcto,http://localhost:5050/images/PDF_news/PDF_articles/2017/Claus-Von-Wobeser-Adrian-Magallanes--Chambers-Partners-Global-Practice-Guides-International-Arbitration-Mexico.pdf,false,application/pdf,
56338ee4-3a5a-44bf-bacf-db3a8bacde0d:en,project-public,public-content-link,en,http://localhost:5050/images/PDF_news/PDF_articles/2017/Cooperacin_Internacional_en_Investigaciones_Anticorrupcion_Diego-Sierra.pdf,206,correcto,http://localhost:5050/images/PDF_news/PDF_articles/2017/Cooperacin_Internacional_en_Investigaciones_Anticorrupcion_Diego-Sierra.pdf,false,application/pdf,
ce69d303-f318-4150-9d26-b34660286660:en,project-public,public-content-link,en,http://localhost:5050/images/PDF_news/PDF_articles/2017/Private-Equity-Review-April-2017.pdf,206,correcto,http://localhost:5050/images/PDF_news/PDF_articles/2017/Private-Equity-Review-April-2017.pdf,false,application/pdf,
eb8b1c1b-6549-43e2-b937-33e7c42f61a3:en,project-public,public-content-link,en,http://localhost:5050/images/PDF_news/PDF_articles/2017/240317-The-Franchise-Law-Review-.pdf,206,correcto,http://localhost:5050/images/PDF_news/PDF_articles/2017/240317-The-Franchise-Law-Review-.pdf,false,application/pdf,
5f900aed-1c31-4ba2-93ca-f85c1e6a57b3:en,project-public,public-content-link,en,http://localhost:5050/images/PDF_news/PDF_articles/2017/240317-GTDT-Arbitration-2017.pdf,206,correcto,http://localhost:5050/images/PDF_news/PDF_articles/2017/240317-GTDT-Arbitration-2017.pdf,false,application/pdf,
4b5aa475-c671-4a98-8814-29ee3f4426b9:en,project-public,public-content-link,en,http://localhost:5050/images/PDF_news/PDF_articles/2016/MI-3-5-PE-Mexico.pdf,206,correcto,http://localhost:5050/images/PDF_news/PDF_articles/2016/MI-3-5-PE-Mexico.pdf,false,application/pdf,
24e4f2cc-08ef-42ee-aec5-426cf6e5c4dc:en,project-public,public-content-link,en,http://localhost:5050/images/PDF_news/PDF_articles/2016/IA16_Chapter-40_Mexico.pdf,206,correcto,http://localhost:5050/images/PDF_news/PDF_articles/2016/IA16_Chapter-40_Mexico.pdf,false,application/pdf,
de46ca3a-47db-424f-942d-9433d3643b76:en,project-public,public-content-link,en,http://localhost:5050/images/PDF_news/PDF_articles/2016/New_Rules1.PDF,206,correcto,http://localhost:5050/images/PDF_news/PDF_articles/2016/New_Rules1.PDF,false,application/pdf,
bc109572-9e89-40ba-814e-294cd33596c7:en,project-public,public-content-link,en,http://localhost:5050/images/PDF_news/PDF_articles/2016/ov14-1-article08.pdf,206,correcto,http://localhost:5050/images/PDF_news/PDF_articles/2016/ov14-1-article08.pdf,false,application/pdf,
6b98ab95-5616-46b2-aeac-aa7dd74188a9:en,project-public,public-content-link,en,http://localhost:5050/images/PDF_news/PDF_articles/2016/Mexico.pdf,206,correcto,http://localhost:5050/images/PDF_news/PDF_articles/2016/Mexico.pdf,false,application/pdf,
b0b7e68f-5898-43a9-bf07-37f0b4fbf46b:en,project-public,public-content-link,en,http://localhost:5050/images/PDF_news/PDF_articles/2016/vwys.pdf,206,correcto,http://localhost:5050/images/PDF_news/PDF_articles/2016/vwys.pdf,false,application/pdf,
31ab1a16-47cd-40c3-8172-76ede649340d:en,project-public,public-content-link,en,http://localhost:5050/images/PDF_news/PDF_articles/2015/vwys0412.pdf,206,correcto,http://localhost:5050/images/PDF_news/PDF_articles/2015/vwys0412.pdf,false,application/pdf,
c03151e2-7c17-4ebc-8701-d9afea07dd81:en,project-public,public-content-link,en,http://localhost:5050/images/PDF_news/PDF_articles/2015/OS2016_Mexico.pdf,206,correcto,http://localhost:5050/images/PDF_news/PDF_articles/2015/OS2016_Mexico.pdf,false,application/pdf,
18c12062-007c-47fc-a036-96542ad08393:en,project-public,public-content-link,en,http://localhost:5050/images/PDF_news/PDF_articles/2015/marketintelligence.pdf,206,correcto,http://localhost:5050/images/PDF_news/PDF_articles/2015/marketintelligence.pdf,false,application/pdf,
8bcbe1b1-5288-4f35-8483-10a7a078bab1:en,project-public,public-content-link,en,http://localhost:5050/images/PDF_news/PDF_articles/2015/North_American_Regional_Forum_News_Sept_2015.pdf,206,correcto,http://localhost:5050/images/PDF_news/PDF_articles/2015/North_American_Regional_Forum_News_Sept_2015.pdf,false,application/pdf,
7217fb31-7afe-4cf3-a4ba-12e3c50398ae:en,project-public,public-content-link,en,http://localhost:5050/images/PDF_news/PDF_articles/2015/classactions.pdf,206,correcto,http://localhost:5050/images/PDF_news/PDF_articles/2015/classactions.pdf,false,application/pdf,
94b7560c-11ed-42d4-be2c-11b62242c9f0:en,project-public,public-content-link,en,http://localhost:5050/images/PDF_news/PDF_articles/2015/Mexico_Overview.pdf,206,correcto,http://localhost:5050/images/PDF_news/PDF_articles/2015/Mexico_Overview.pdf,false,application/pdf,
d8742beb-cbcf-4d31-b590-2769d48d7270:en,project-public,public-content-link,en,http://localhost:5050/images/PDF_news/PDF_articles/2015/Mexico.pdf,206,correcto,http://localhost:5050/images/PDF_news/PDF_articles/2015/Mexico.pdf,false,application/pdf,
a41078a1-9208-4ff0-9844-5a8a90e90f91:en,project-public,public-content-link,en,http://localhost:5050/images/PDF_news/PDF_articles/2015/Mexico-Overviewsep15.pdf,206,correcto,http://localhost:5050/images/PDF_news/PDF_articles/2015/Mexico-Overviewsep15.pdf,false,application/pdf,
9a069de8-913f-4074-bcf8-24548771918a:en,project-public,public-content-link,en,http://localhost:5050/images/PDF_news/PDF_articles/2015/FINANCIER.pdf,206,correcto,http://localhost:5050/images/PDF_news/PDF_articles/2015/FINANCIER.pdf,false,application/pdf,
6865c431-2d8e-4615-9818-11b53163ffb6:en,project-public,public-content-link,en,http://localhost:5050/images/PDF_news/PDF_articles/2015/MEXICO_LandP.PDF,206,correcto,http://localhost:5050/images/PDF_news/PDF_articles/2015/MEXICO_LandP.PDF,false,application/pdf,
2af3f55c-325f-4694-9e7a-0c090aae953e:en,project-public,public-content-link,en,http://localhost:5050/images/PDF_news/PDF_articles/2015/MEXICO_TD.PDF,206,correcto,http://localhost:5050/images/PDF_news/PDF_articles/2015/MEXICO_TD.PDF,false,application/pdf,
a5bd0208-1fce-44d9-9dcd-18a8a1986bdc:en,project-public,public-content-link,en,http://localhost:5050/images/PDF_news/PDF_articles/2015/VWYS-_5099-v1-Andres_Nieto__Getting_the_Deal_Throug__Structured_Finance_Securitisation__april_20151.pdf,206,correcto,http://localhost:5050/images/PDF_news/PDF_articles/2015/VWYS-_5099-v1-Andres_Nieto__Getting_the_Deal_Throug__Structured_Finance_Securitisation__april_20151.pdf,false,application/pdf,
3d46789f-7d71-49b0-80ed-467975bff101:en,project-public,public-content-link,en,http://localhost:5050/images/PDF_news/PDF_articles/2015/BankingRegulation2015Mexico.PDF,206,correcto,http://localhost:5050/images/PDF_news/PDF_articles/2015/BankingRegulation2015Mexico.PDF,false,application/pdf,
b0d6183b-6015-4d52-974f-df813b2fdc71:en,project-public,public-content-link,en,http://localhost:5050/images/PDF_news/PDF_articles/2015/VWYS_2603-v1-CHAMBERS_AND_PARTNERS_COMPETITION_ANTITRUST_MEXICO.PDF,206,correcto,http://localhost:5050/images/PDF_news/PDF_articles/2015/VWYS_2603-v1-CHAMBERS_AND_PARTNERS_COMPETITION_ANTITRUST_MEXICO.PDF,false,application/pdf,
6d9c7fb7-4ede-498b-a8b5-4b3dd6e9cf41:en,project-public,public-content-link,en,http://localhost:5050/images/PDF_news/PDF_articles/2015/Enforcement_of_Investment_Treaty_Arbitration_Awards_Mexico.pdf,206,correcto,http://localhost:5050/images/PDF_news/PDF_articles/2015/Enforcement_of_Investment_Treaty_Arbitration_Awards_Mexico.pdf,false,application/pdf,
2f17f7b2-29f9-4741-94c9-a447396c2f45:en,project-public,public-content-link,en,http://localhost:5050/images/PDF_news/Virtual_Round_Table_Energy_Natural_Resources_2015.pdf,206,correcto,http://localhost:5050/images/PDF_news/Virtual_Round_Table_Energy_Natural_Resources_2015.pdf,false,application/pdf,
956a5317-6fab-4e3f-8ccf-09194a47e06e:en,project-public,public-content-link,en,http://localhost:5050/images/68-FernandoCarreoandPalomaAlcantaraTheAntitrustReviewoftheAmericas2015Overview.pdf,206,correcto,http://localhost:5050/images/68-FernandoCarreoandPalomaAlcantaraTheAntitrustReviewoftheAmericas2015Overview.pdf,false,application/pdf,
e7ea0d77-a778-431a-a7be-282b92805bec:en,project-public,public-content-link,en,http://localhost:5050/images/PDF_news/PDF_articles/2014/InvestmentTraetyArbitration2014.PDF,206,correcto,http://localhost:5050/images/PDF_news/PDF_articles/2014/InvestmentTraetyArbitration2014.PDF,false,application/pdf,
6cb333de-fea8-4f4f-bb48-426727cd852c:en,project-public,public-content-link,en,http://localhost:5050/images/PDF_news/PDF_articles/2014/201410GIRInvestigationsReviewoftheAmericas2015DS.pdf,206,correcto,http://localhost:5050/images/PDF_news/PDF_articles/2014/201410GIRInvestigationsReviewoftheAmericas2015DS.pdf,false,application/pdf,
cc7dc8a4-4097-4554-99cc-aaad0c6914a8:en,project-public,public-content-link,en,http://localhost:5050/images/PDF_news/PDF_articles/2014/CorporateLivewireEnergyNaturalResourcesJuly2014EG.pdf,206,correcto,http://localhost:5050/images/PDF_news/PDF_articles/2014/CorporateLivewireEnergyNaturalResourcesJuly2014EG.pdf,false,application/pdf,
c651e2f5-aea9-4c25-8a84-8e284cff2ca9:en,project-public,public-content-link,en,http://localhost:5050/images/PDF_news/PDF_articles/2014/THEPUBLICCOMPETITIONREVIEWEDITION6.pdf,206,correcto,http://localhost:5050/images/PDF_news/PDF_articles/2014/THEPUBLICCOMPETITIONREVIEWEDITION6.pdf,false,application/pdf,
d2a73c17-357c-4569-951f-765c0cf6a822:en,project-public,public-content-link,en,http://localhost:5050/images/PDF_news/201402GettingTheDealThroughArbitration.pdf,206,correcto,http://localhost:5050/images/PDF_news/201402GettingTheDealThroughArbitration.pdf,false,application/pdf,
f7f25ec4-2987-4c1a-98fd-1117c8366a50:en,project-public,public-content-link,en,http://localhost:5050/images/PDF_news/PDF_articles/2014/LWVRTEnergyandNaturalResources2014.pdf,206,correcto,http://localhost:5050/images/PDF_news/PDF_articles/2014/LWVRTEnergyandNaturalResources2014.pdf,false,application/pdf,
b82ceae2-cf3a-4a41-b346-88d4af3a6f18:es,project-public,public-source-cta,es,https://www.vonwobeser.com/images/PDF_news/2015/MexicoOutsourcingNov2013.pdf,206,correcto,https://www.vonwobeser.com/images/PDF_news/2015/MexicoOutsourcingNov2013.pdf,false,application/pdf,
b82ceae2-cf3a-4a41-b346-88d4af3a6f18:en,project-public,public-source-cta,en,https://www.vonwobeser.com/images/PDF_news/2015/MexicoOutsourcingNov2013.pdf,206,correcto,https://www.vonwobeser.com/images/PDF_news/2015/MexicoOutsourcingNov2013.pdf,false,application/pdf,
e36d5f69-b1de-436a-968c-eebc78399b60:es,project-public,public-source-cta,es,https://www.vonwobeser.com/images/PDF_news/PDF_articles/2013/45-MexicoInvestmentTreaty.pdf,206,correcto,https://www.vonwobeser.com/images/PDF_news/PDF_articles/2013/45-MexicoInvestmentTreaty.pdf,false,application/pdf,
e36d5f69-b1de-436a-968c-eebc78399b60:en,project-public,public-source-cta,en,https://www.vonwobeser.com/images/PDF_news/PDF_articles/2013/45-MexicoInvestmentTreaty.pdf,206,correcto,https://www.vonwobeser.com/images/PDF_news/PDF_articles/2013/45-MexicoInvestmentTreaty.pdf,false,application/pdf,
84f9bfcc-8798-48d5-a890-377665c14c83:en,project-public,public-content-link,en,http://localhost:5050/images/PDF_news/2015/TheArbitrationReviewoftheAmericas2014.pdf,206,correcto,http://localhost:5050/images/PDF_news/2015/TheArbitrationReviewoftheAmericas2014.pdf,false,application/pdf,
ece800dd-9adc-4a8c-b673-25ea3c970fc0:es,project-public,public-source-cta,es,https://www.vonwobeser.com/images/PDF_news/2015/IBAMexicoChapterInternationalArbitrationGuide2013.pdf,206,correcto,https://www.vonwobeser.com/images/PDF_news/2015/IBAMexicoChapterInternationalArbitrationGuide2013.pdf,false,application/pdf,
ece800dd-9adc-4a8c-b673-25ea3c970fc0:en,project-public,public-source-cta,en,https://www.vonwobeser.com/images/PDF_news/2015/IBAMexicoChapterInternationalArbitrationGuide2013.pdf,206,correcto,https://www.vonwobeser.com/images/PDF_news/2015/IBAMexicoChapterInternationalArbitrationGuide2013.pdf,false,application/pdf,
ede58b36-3867-4e86-8824-1101b6d55e65:en,project-public,public-content-link,en,http://localhost:5050/images/PDF_news/2015/73CorporateLivewireEnergyNaturalResources2013.pdf,206,correcto,http://localhost:5050/images/PDF_news/2015/73CorporateLivewireEnergyNaturalResources2013.pdf,false,application/pdf,
68bbc77a-4eb1-4c85-b94a-4f4c2adfdde8:en,project-public,public-content-link,en,http://localhost:5050/images/PDF_news/2015/70Mexicancourtallowsenforcementofarbitraltribunal.pdf,206,correcto,http://localhost:5050/images/PDF_news/2015/70Mexicancourtallowsenforcementofarbitraltribunal.pdf,false,application/pdf,
838dfaf6-fbfb-4fef-bda7-f1728511b058:en,project-public,public-content-link,en,http://localhost:5050/images/PDF_news/2015/69PraxisMejoresPracticasDiegoSierra.pdf,206,correcto,http://localhost:5050/images/PDF_news/2015/69PraxisMejoresPracticasDiegoSierra.pdf,false,application/pdf,
1e77206c-3fca-4ab5-b291-a90331709153:en,project-public,public-content-link,en,http://localhost:5050/images/PDF_news/2015/68InsolvencyasaPrerequisiteforfilingaBankruptcyProcedureinMexico.pdf,206,correcto,http://localhost:5050/images/PDF_news/2015/68InsolvencyasaPrerequisiteforfilingaBankruptcyProcedureinMexico.pdf,false,application/pdf,
20cabc6b-f2d6-4c65-b4eb-9d05f773e7ef:en,project-public,public-content-link,en,http://localhost:5050/images/PDF_news/2015/67_ICC_International_Court_of_Arbitration_Bulletin-Taking_Evidence_in_Latin_America.pdf,206,correcto,http://localhost:5050/images/PDF_news/2015/67_ICC_International_Court_of_Arbitration_Bulletin-Taking_Evidence_in_Latin_America.pdf,false,application/pdf,
05867a1b-a60c-42c0-bf98-a75884cb6b6f:en,project-public,public-content-link,en,http://localhost:5050/images/PDF_news/2015/65_Expert_Guides_-_Evolution_of_Mexican_Arbitration_Law.pdf,206,correcto,http://localhost:5050/images/PDF_news/2015/65_Expert_Guides_-_Evolution_of_Mexican_Arbitration_Law.pdf,false,application/pdf,
cbfedf69-cb3d-4e1b-8d75-eb17e5665d77:en,project-public,public-content-link,en,http://localhost:5050/images/PDF_news/2015/63_ILO_-_Launching_mandatory_tender_offers.pdf,206,correcto,http://localhost:5050/images/PDF_news/2015/63_ILO_-_Launching_mandatory_tender_offers.pdf,false,application/pdf,
c922def3-e00e-4321-b6ca-d6ebb115707f:en,project-public,public-content-link,en,http://localhost:5050/images/PDF_news/2015/62_PLC_Mexico_Supreme_Court_of_Justice_rules_on_Public_Policy_grounds_to_set_aside_award.pdf,206,correcto,http://localhost:5050/images/PDF_news/2015/62_PLC_Mexico_Supreme_Court_of_Justice_rules_on_Public_Policy_grounds_to_set_aside_award.pdf,false,application/pdf,
9f4193cf-d302-4f97-b5e0-38d8f87adf26:en,project-public,public-content-link,en,http://localhost:5050/images/PDF_news/2015/61_CorporateLivewire_Energy_and_Natural_Rec.pdf,206,correcto,http://localhost:5050/images/PDF_news/2015/61_CorporateLivewire_Energy_and_Natural_Rec.pdf,false,application/pdf,
ed6e221d-89dc-41f7-add3-a409127ec810:en,project-public,public-content-link,en,http://localhost:5050/images/PDF_news/2015/Tax_considerations_in_MA_transactions.pdf,206,correcto,http://localhost:5050/images/PDF_news/2015/Tax_considerations_in_MA_transactions.pdf,false,application/pdf,
c4205fb9-2da0-4c67-b2a8-7ccdad9f8e90:en,project-public,public-content-link,en,http://localhost:5050/images/PDF_news/PDF_articles/2013/30_GRG_Infrastructure_rkd493_1.pdf,206,correcto,http://localhost:5050/images/PDF_news/PDF_articles/2013/30_GRG_Infrastructure_rkd493_1.pdf,false,application/pdf,
9a760a9d-c1f9-4163-a821-859066859a5d:en,project-public,public-content-link,en,http://localhost:5050/images/PDF_news/2015/55-Derecho-Concursal-Escuela-Libre-de-Derecho.pdf,206,correcto,http://localhost:5050/images/PDF_news/2015/55-Derecho-Concursal-Escuela-Libre-de-Derecho.pdf,false,application/pdf,
2847d502-4340-4007-91d8-4cda515c6267:en,project-public,public-content-link,en,http://localhost:5050/images/PDF_news/2015/54_ConsideringenvironmentalliabilitesinMAtransactionsInternationalLawOffice1.pdf,206,correcto,http://localhost:5050/images/PDF_news/2015/54_ConsideringenvironmentalliabilitesinMAtransactionsInternationalLawOffice1.pdf,false,application/pdf,
daec166b-be7f-481f-98fb-b7a38eee5c73:en,project-public,public-content-link,en,http://localhost:5050/images/PDF_news/2015/52_PLC_Arbitration_Multi_Jurisdictional_mthly_email_Mexico_Superme_Courts_Shows_deference_towards_arbitral_tribunal_s.pdf,206,correcto,http://localhost:5050/images/PDF_news/2015/52_PLC_Arbitration_Multi_Jurisdictional_mthly_email_Mexico_Superme_Courts_Shows_deference_towards_arbitral_tribunal_s.pdf,false,application/pdf,
d3fd90dc-36d1-4dd7-aa2f-f51cecffcda8:en,project-public,public-content-link,en,http://localhost:5050/images/PDF_news/2015/9.2-The-International-Investigations-Review.pdf,206,correcto,http://localhost:5050/images/PDF_news/2015/9.2-The-International-Investigations-Review.pdf,false,application/pdf,
30bdde53-9f94-4106-8209-c09a3c31cbca:en,project-public,public-content-link,en,http://localhost:5050/images/PDF_news/2015/8-The-Antitrust-Review-of-the-Americas.pdf,206,correcto,http://localhost:5050/images/PDF_news/2015/8-The-Antitrust-Review-of-the-Americas.pdf,false,application/pdf,
1f685a2a-f7df-4e25-9f6d-d878e4649390:en,project-public,public-content-link,en,http://localhost:5050/images/PDF_news/2015/7_PLC_Investment_Funds.pdf,206,correcto,http://localhost:5050/images/PDF_news/2015/7_PLC_Investment_Funds.pdf,false,application/pdf,
3099ef93-c82e-460a-a5ee-d9ad4c849faf:en,project-public,public-content-link,en,http://localhost:5050/images/PDF_news/2015/6_PLC_Cartel_Leniency.pdf,206,correcto,http://localhost:5050/images/PDF_news/2015/6_PLC_Cartel_Leniency.pdf,false,application/pdf,
8c27fc0c-05d1-4b09-89b4-e7cd9b3fbe71:en,project-public,public-content-link,en,http://localhost:5050/images/PDF_news/2015/5-PLC-Outsourcing-Mexico.pdf,206,correcto,http://localhost:5050/images/PDF_news/2015/5-PLC-Outsourcing-Mexico.pdf,false,application/pdf,
a337265c-3f31-4188-bd68-4d966eb9bd1b:en,project-public,public-content-link,en,http://localhost:5050/images/PDF_news/2015/3_3_Corporate_Livewire_Currents_Trends_y_Expected_Development_in_Mexican_Renewable_Energy_Mkt.pdf,206,correcto,http://localhost:5050/images/PDF_news/2015/3_3_Corporate_Livewire_Currents_Trends_y_Expected_Development_in_Mexican_Renewable_Energy_Mkt.pdf,false,application/pdf,
034bf24d-bb12-4d40-915b-c4a86580fc49:en,project-public,public-content-link,en,http://localhost:5050/images/PDF_news/2015/3-IBA-Arbitration-Guide-Mexico.pdf,206,correcto,http://localhost:5050/images/PDF_news/2015/3-IBA-Arbitration-Guide-Mexico.pdf,false,application/pdf,
7123c9cb-bbf4-4173-a1bd-d207f74f766f:en,project-public,public-content-link,en,http://localhost:5050/images/PDF_news/2015/2_2-PLC-Mergers-and-acquisitions-Mexico.pdf,206,correcto,http://localhost:5050/images/PDF_news/2015/2_2-PLC-Mergers-and-acquisitions-Mexico.pdf,false,application/pdf,
ded2f993-d9d4-462b-8ce3-3c7e424af8e7:en,project-public,public-content-link,en,http://localhost:5050/images/PDF_news/2015/1.5-The-European-Lawyer-Ref-Series-Arbitration-World-4th-Ed--Mexico.pdf,206,correcto,http://localhost:5050/images/PDF_news/2015/1.5-The-European-Lawyer-Ref-Series-Arbitration-World-4th-Ed--Mexico.pdf,false,application/pdf,
95f1a1f1-e816-4abe-968e-88b5e6c24036:en,project-public,public-content-link,en,http://localhost:5050/images/PDF_news/2015/PAUTA-58-CVW.pdf,206,correcto,http://localhost:5050/images/PDF_news/2015/PAUTA-58-CVW.pdf,false,application/pdf,
4ded4cdb-2c36-4fd7-a12b-1b5e21f40fdd:en,project-public,public-content-link,en,http://localhost:5050/images/PDF_news/PDF_articles/2017/5-GCR-LBC-Mexico-takes-2-major-steps-2007-37-Mexico-telecoms.pdf,206,correcto,http://localhost:5050/images/PDF_news/PDF_articles/2017/5-GCR-LBC-Mexico-takes-2-major-steps-2007-37-Mexico-telecoms.pdf,false,application/pdf,
b10da17f-d899-4856-b3d4-a41cfed59cf5:en,project-public,public-content-link,en,http://localhost:5050/images/PDF_news/2015/pauta-54-CVW.pdf,206,correcto,http://localhost:5050/images/PDF_news/2015/pauta-54-CVW.pdf,false,application/pdf,
6b9d8f07-7768-47e3-9c82-6a0f5589a32d:en,project-public,public-content-link,en,http://localhost:5050/images/PDF_news/2015/Muerza---cumplimiento-sentencias-amparo.pdf,206,correcto,http://localhost:5050/images/PDF_news/2015/Muerza---cumplimiento-sentencias-amparo.pdf,false,application/pdf,
072557de-b34a-4255-8d99-4593cc18ef2a:en,project-public,public-content-link,en,http://localhost:5050/images/PDF_news/2015/Chapter-16.pdf,206,correcto,http://localhost:5050/images/PDF_news/2015/Chapter-16.pdf,false,application/pdf,
5bcd3c8e-a38a-43a5-9e35-456fceea774c:en,project-public,public-content-link,en,http://localhost:5050/images/PDF_news/PDF_articles/2021/7-Stanford-Law-School.pdf,206,correcto,http://localhost:5050/images/PDF_news/PDF_articles/2021/7-Stanford-Law-School.pdf,false,application/pdf,
