Abogado,Fuente,Idioma,URL,URL final,HTTP,Clasificación,Content-Type,Bytes,Error
Luis Burgueño,Oficial,ES,https://www.vonwobeser.com/index.php/abogado?l=141,https://www.vonwobeser.com/index.php/abogado?l=141,200,Correcto,text/html; charset=utf-8,33843,
Luis Burgueño,Oficial,EN,https://www.vonwobeser.com/index.php/lawyer?l=141,https://www.vonwobeser.com/index.php/lawyer?l=141,200,Correcto,text/html; charset=utf-8,33279,
Luis Burgueño,Replit,ES,https://webpage-von-wobeser-2026.replit.app/abogado/luis-burgueno,https://webpage-von-wobeser-2026.replit.app/abogado/luis-burgueno,200,Correcto,text/html; charset=utf-8,89409,
Luis Burgueño,Replit,EN,https://webpage-von-wobeser-2026.replit.app/lawyer/luis-burgueno?lang=en,https://webpage-von-wobeser-2026.replit.app/lawyer/luis-burgueno?lang=en,200,Correcto,text/html; charset=utf-8,90276,
Luis Miguel Jiménez,Oficial,ES,https://www.vonwobeser.com/index.php/abogado?l=143,https://www.vonwobeser.com/index.php/abogado?l=143,200,Correcto,text/html; charset=utf-8,33676,
Luis Miguel Jiménez,Oficial,EN,https://www.vonwobeser.com/index.php/lawyer?l=143,https://www.vonwobeser.com/index.php/lawyer?l=143,200,Correcto,text/html; charset=utf-8,32996,
Luis Miguel Jiménez,Replit,ES,https://webpage-von-wobeser-2026.replit.app/abogado/luis-miguel-jimenez,https://webpage-von-wobeser-2026.replit.app/abogado/luis-miguel-jimenez,200,Correcto,text/html; charset=utf-8,88810,
Luis Miguel Jiménez,Replit,EN,https://webpage-von-wobeser-2026.replit.app/lawyer/luis-miguel-jimenez?lang=en,https://webpage-von-wobeser-2026.replit.app/lawyer/luis-miguel-jimenez?lang=en,200,Correcto,text/html; charset=utf-8,88129,
Rupert Hüttler,Oficial,ES,https://www.vonwobeser.com/index.php/abogado?l=144,https://www.vonwobeser.com/index.php/abogado?l=144,200,Correcto,text/html; charset=utf-8,32549,
Rupert Hüttler,Oficial,EN,https://www.vonwobeser.com/index.php/lawyer?l=144,https://www.vonwobeser.com/index.php/lawyer?l=144,200,Correcto,text/html; charset=utf-8,31971,
Rupert Hüttler,Replit,ES,https://webpage-von-wobeser-2026.replit.app/abogado/rupert-huttler,https://webpage-von-wobeser-2026.replit.app/abogado/rupert-huttler,200,Correcto,text/html; charset=utf-8,83770,
Rupert Hüttler,Replit,EN,https://webpage-von-wobeser-2026.replit.app/lawyer/rupert-huttler?lang=en,https://webpage-von-wobeser-2026.replit.app/lawyer/rupert-huttler?lang=en,200,Correcto,text/html; charset=utf-8,83427,
Fernando Carreño,Oficial,ES,https://www.vonwobeser.com/index.php/abogado?l=145,https://www.vonwobeser.com/index.php/abogado?l=145,200,Correcto,text/html; charset=utf-8,35031,
Fernando Carreño,Oficial,EN,https://www.vonwobeser.com/index.php/lawyer?l=145,https://www.vonwobeser.com/index.php/lawyer?l=145,200,Correcto,text/html; charset=utf-8,34177,
Fernando Carreño,Replit,ES,https://webpage-von-wobeser-2026.replit.app/abogado/fernando-carreno,https://webpage-von-wobeser-2026.replit.app/abogado/fernando-carreno,200,Correcto,text/html; charset=utf-8,89721,
Fernando Carreño,Replit,EN,https://webpage-von-wobeser-2026.replit.app/lawyer/fernando-carreno?lang=en,https://webpage-von-wobeser-2026.replit.app/lawyer/fernando-carreno?lang=en,200,Correcto,text/html; charset=utf-8,88996,
Edmond Frederic Grieger,Oficial,ES,https://www.vonwobeser.com/index.php/abogado?l=147,https://www.vonwobeser.com/index.php/abogado?l=147,200,Correcto,text/html; charset=utf-8,33683,
Edmond Frederic Grieger,Oficial,EN,https://www.vonwobeser.com/index.php/lawyer?l=147,https://www.vonwobeser.com/index.php/lawyer?l=147,200,Correcto,text/html; charset=utf-8,33095,
Edmond Frederic Grieger,Replit,ES,https://webpage-von-wobeser-2026.replit.app/abogado/edmond-grieger,https://webpage-von-wobeser-2026.replit.app/abogado/edmond-grieger,200,Correcto,text/html; charset=utf-8,90941,
Edmond Frederic Grieger,Replit,EN,https://webpage-von-wobeser-2026.replit.app/lawyer/edmond-grieger?lang=en,https://webpage-von-wobeser-2026.replit.app/lawyer/edmond-grieger?lang=en,200,Correcto,text/html; charset=utf-8,89526,
Adrián Magallanes,Oficial,ES,https://www.vonwobeser.com/index.php/abogado?l=148,https://www.vonwobeser.com/index.php/abogado?l=148,200,Correcto,text/html; charset=utf-8,36436,
Adrián Magallanes,Oficial,EN,https://www.vonwobeser.com/index.php/lawyer?l=148,https://www.vonwobeser.com/index.php/lawyer?l=148,200,Correcto,text/html; charset=utf-8,35468,
Adrián Magallanes,Replit,ES,https://webpage-von-wobeser-2026.replit.app/abogado/adrian-magallanes,https://webpage-von-wobeser-2026.replit.app/abogado/adrian-magallanes,200,Correcto,text/html; charset=utf-8,87032,
Adrián Magallanes,Replit,EN,https://webpage-von-wobeser-2026.replit.app/lawyer/adrian-magallanes?lang=en,https://webpage-von-wobeser-2026.replit.app/lawyer/adrian-magallanes?lang=en,200,Correcto,text/html; charset=utf-8,86335,
Diego Sierra,Oficial,ES,https://www.vonwobeser.com/index.php/abogado?l=149,https://www.vonwobeser.com/index.php/abogado?l=149,200,Correcto,text/html; charset=utf-8,33800,
Diego Sierra,Oficial,EN,https://www.vonwobeser.com/index.php/lawyer?l=149,https://www.vonwobeser.com/index.php/lawyer?l=149,200,Correcto,text/html; charset=utf-8,33248,
Diego Sierra,Replit,ES,https://webpage-von-wobeser-2026.replit.app/abogado/diego-sierra,https://webpage-von-wobeser-2026.replit.app/abogado/diego-sierra,200,Correcto,text/html; charset=utf-8,90742,
Diego Sierra,Replit,EN,https://webpage-von-wobeser-2026.replit.app/lawyer/diego-sierra?lang=en,https://webpage-von-wobeser-2026.replit.app/lawyer/diego-sierra?lang=en,200,Correcto,text/html; charset=utf-8,89911,
Montserrat Manzano,Oficial,ES,https://www.vonwobeser.com/index.php/abogado?l=175,https://www.vonwobeser.com/index.php/abogado?l=175,200,Correcto,text/html; charset=utf-8,35016,
Montserrat Manzano,Oficial,EN,https://www.vonwobeser.com/index.php/lawyer?l=175,https://www.vonwobeser.com/index.php/lawyer?l=175,200,Correcto,text/html; charset=utf-8,33874,
Montserrat Manzano,Replit,ES,https://webpage-von-wobeser-2026.replit.app/abogado/montserrat-manzano,https://webpage-von-wobeser-2026.replit.app/abogado/montserrat-manzano,200,Correcto,text/html; charset=utf-8,87277,
Montserrat Manzano,Replit,EN,https://webpage-von-wobeser-2026.replit.app/lawyer/montserrat-manzano?lang=en,https://webpage-von-wobeser-2026.replit.app/lawyer/montserrat-manzano?lang=en,200,Correcto,text/html; charset=utf-8,86357,
Pablo Saez Williams,Oficial,ES,https://www.vonwobeser.com/index.php/abogado?l=189,https://www.vonwobeser.com/index.php/abogado?l=189,200,Correcto,text/html; charset=utf-8,31350,
Pablo Saez Williams,Oficial,EN,https://www.vonwobeser.com/index.php/lawyer?l=189,https://www.vonwobeser.com/index.php/lawyer?l=189,200,Correcto,text/html; charset=utf-8,30900,
Pablo Saez Williams,Replit,ES,https://webpage-von-wobeser-2026.replit.app/abogado/pablo-saez-williams,https://webpage-von-wobeser-2026.replit.app/abogado/pablo-saez-williams,200,Correcto,text/html; charset=utf-8,82852,
Pablo Saez Williams,Replit,EN,https://webpage-von-wobeser-2026.replit.app/lawyer/pablo-saez-williams?lang=en,https://webpage-von-wobeser-2026.replit.app/lawyer/pablo-saez-williams?lang=en,200,Correcto,text/html; charset=utf-8,82641,
Patricia Kaim,Oficial,ES,https://www.vonwobeser.com/index.php/abogado?l=168,https://www.vonwobeser.com/index.php/abogado?l=168,200,Correcto,text/html; charset=utf-8,31416,
Patricia Kaim,Oficial,EN,https://www.vonwobeser.com/index.php/lawyer?l=168,https://www.vonwobeser.com/index.php/lawyer?l=168,200,Correcto,text/html; charset=utf-8,31235,
Patricia Kaim,Replit,ES,https://webpage-von-wobeser-2026.replit.app/abogado/patricia-kaim,https://webpage-von-wobeser-2026.replit.app/abogado/patricia-kaim,200,Correcto,text/html; charset=utf-8,84890,
Patricia Kaim,Replit,EN,https://webpage-von-wobeser-2026.replit.app/lawyer/patricia-kaim?lang=en,https://webpage-von-wobeser-2026.replit.app/lawyer/patricia-kaim?lang=en,200,Correcto,text/html; charset=utf-8,84564,
Alberto Córdoba,Oficial,ES,https://www.vonwobeser.com/index.php/abogado?l=160,https://www.vonwobeser.com/index.php/abogado?l=160,200,Correcto,text/html; charset=utf-8,32576,
Alberto Córdoba,Oficial,EN,https://www.vonwobeser.com/index.php/lawyer?l=160,https://www.vonwobeser.com/index.php/lawyer?l=160,200,Correcto,text/html; charset=utf-8,31950,
Alberto Córdoba,Replit,ES,https://webpage-von-wobeser-2026.replit.app/abogado/alberto-cordoba,https://webpage-von-wobeser-2026.replit.app/abogado/alberto-cordoba,200,Correcto,text/html; charset=utf-8,89786,
Alberto Córdoba,Replit,EN,https://webpage-von-wobeser-2026.replit.app/lawyer/alberto-cordoba?lang=en,https://webpage-von-wobeser-2026.replit.app/lawyer/alberto-cordoba?lang=en,200,Correcto,text/html; charset=utf-8,89043,
Raymundo Soberanis,Oficial,ES,https://www.vonwobeser.com/index.php/abogado?l=195,https://www.vonwobeser.com/index.php/abogado?l=195,200,Correcto,text/html; charset=utf-8,35054,
Raymundo Soberanis,Oficial,EN,https://www.vonwobeser.com/index.php/lawyer?l=195,https://www.vonwobeser.com/index.php/lawyer?l=195,200,Correcto,text/html; charset=utf-8,34379,
Raymundo Soberanis,Replit,ES,https://webpage-von-wobeser-2026.replit.app/abogado/raymundo-soberanis,https://webpage-von-wobeser-2026.replit.app/abogado/raymundo-soberanis,200,Correcto,text/html; charset=utf-8,90201,
Raymundo Soberanis,Replit,EN,https://webpage-von-wobeser-2026.replit.app/lawyer/raymundo-soberanis?lang=en,https://webpage-von-wobeser-2026.replit.app/lawyer/raymundo-soberanis?lang=en,200,Correcto,text/html; charset=utf-8,90417,
Pablo Jiménez,Oficial,ES,https://www.vonwobeser.com/index.php/abogado?l=323,https://www.vonwobeser.com/index.php/abogado?l=323,200,Correcto,text/html; charset=utf-8,32420,
Pablo Jiménez,Oficial,EN,https://www.vonwobeser.com/index.php/lawyer?l=323,https://www.vonwobeser.com/index.php/lawyer?l=323,200,Correcto,text/html; charset=utf-8,31878,
Pablo Jiménez,Replit,ES,https://webpage-von-wobeser-2026.replit.app/abogado/pablo-jimenez,https://webpage-von-wobeser-2026.replit.app/abogado/pablo-jimenez,200,Correcto,text/html; charset=utf-8,84337,
Pablo Jiménez,Replit,EN,https://webpage-von-wobeser-2026.replit.app/lawyer/pablo-jimenez?lang=en,https://webpage-von-wobeser-2026.replit.app/lawyer/pablo-jimenez?lang=en,200,Correcto,text/html; charset=utf-8,84020,
Pablo Fautsch,Oficial,ES,https://www.vonwobeser.com/index.php/abogado?l=165,https://www.vonwobeser.com/index.php/abogado?l=165,200,Correcto,text/html; charset=utf-8,30938,
Pablo Fautsch,Oficial,EN,https://www.vonwobeser.com/index.php/lawyer?l=165,https://www.vonwobeser.com/index.php/lawyer?l=165,200,Correcto,text/html; charset=utf-8,30555,
Pablo Fautsch,Replit,ES,https://webpage-von-wobeser-2026.replit.app/abogado/pablo-fautsch,https://webpage-von-wobeser-2026.replit.app/abogado/pablo-fautsch,200,Correcto,text/html; charset=utf-8,83782,
Pablo Fautsch,Replit,EN,https://webpage-von-wobeser-2026.replit.app/lawyer/pablo-fautsch?lang=en,https://webpage-von-wobeser-2026.replit.app/lawyer/pablo-fautsch?lang=en,200,Correcto,text/html; charset=utf-8,83423,
Jessika Rocha,Oficial,ES,https://www.vonwobeser.com/index.php/abogado?l=186,https://www.vonwobeser.com/index.php/abogado?l=186,200,Correcto,text/html; charset=utf-8,32842,
Jessika Rocha,Oficial,EN,https://www.vonwobeser.com/index.php/lawyer?l=186,https://www.vonwobeser.com/index.php/lawyer?l=186,200,Correcto,text/html; charset=utf-8,32264,
Jessika Rocha,Replit,ES,https://webpage-von-wobeser-2026.replit.app/abogado/jessika-rocha,https://webpage-von-wobeser-2026.replit.app/abogado/jessika-rocha,200,Correcto,text/html; charset=utf-8,85306,
Jessika Rocha,Replit,EN,https://webpage-von-wobeser-2026.replit.app/lawyer/jessika-rocha?lang=en,https://webpage-von-wobeser-2026.replit.app/lawyer/jessika-rocha?lang=en,200,Correcto,text/html; charset=utf-8,85027,
Ariel Garfio,Oficial,ES,https://www.vonwobeser.com/index.php/abogado?l=224,https://www.vonwobeser.com/index.php/abogado?l=224,200,Correcto,text/html; charset=utf-8,31807,
Ariel Garfio,Oficial,EN,https://www.vonwobeser.com/index.php/lawyer?l=224,https://www.vonwobeser.com/index.php/lawyer?l=224,200,Correcto,text/html; charset=utf-8,31431,
Ariel Garfio,Replit,ES,https://webpage-von-wobeser-2026.replit.app/abogado/ariel-garfio,https://webpage-von-wobeser-2026.replit.app/abogado/ariel-garfio,200,Correcto,text/html; charset=utf-8,89623,
Ariel Garfio,Replit,EN,https://webpage-von-wobeser-2026.replit.app/lawyer/ariel-garfio?lang=en,https://webpage-von-wobeser-2026.replit.app/lawyer/ariel-garfio?lang=en,200,Correcto,text/html; charset=utf-8,88656,
Rafael Vallejo,Oficial,ES,https://www.vonwobeser.com/index.php/abogado?l=355,https://www.vonwobeser.com/index.php/abogado?l=355,200,Correcto,text/html; charset=utf-8,30265,
Rafael Vallejo,Oficial,EN,https://www.vonwobeser.com/index.php/lawyer?l=355,https://www.vonwobeser.com/index.php/lawyer?l=355,200,Correcto,text/html; charset=utf-8,29915,
Rafael Vallejo,Replit,ES,https://webpage-von-wobeser-2026.replit.app/abogado/rafael-vallejo,https://webpage-von-wobeser-2026.replit.app/abogado/rafael-vallejo,200,Correcto,text/html; charset=utf-8,87668,
Rafael Vallejo,Replit,EN,https://webpage-von-wobeser-2026.replit.app/lawyer/rafael-vallejo?lang=en,https://webpage-von-wobeser-2026.replit.app/lawyer/rafael-vallejo?lang=en,200,Correcto,text/html; charset=utf-8,87621,
Katharina Roehr,Oficial,ES,https://www.vonwobeser.com/index.php/abogado?l=187,https://www.vonwobeser.com/index.php/abogado?l=187,200,Correcto,text/html; charset=utf-8,29924,
Katharina Roehr,Oficial,EN,https://www.vonwobeser.com/index.php/lawyer?l=187,https://www.vonwobeser.com/index.php/lawyer?l=187,200,Correcto,text/html; charset=utf-8,29595,
Katharina Roehr,Replit,ES,https://webpage-von-wobeser-2026.replit.app/abogado/katharina-roehr,https://webpage-von-wobeser-2026.replit.app/abogado/katharina-roehr,200,Correcto,text/html; charset=utf-8,81524,
Katharina Roehr,Replit,EN,https://webpage-von-wobeser-2026.replit.app/lawyer/katharina-roehr?lang=en,https://webpage-von-wobeser-2026.replit.app/lawyer/katharina-roehr?lang=en,200,Correcto,text/html; charset=utf-8,81372,
Sergio López,Oficial,ES,https://www.vonwobeser.com/index.php/abogado?l=366,https://www.vonwobeser.com/index.php/abogado?l=366,200,Correcto,text/html; charset=utf-8,30683,
Sergio López,Oficial,EN,https://www.vonwobeser.com/index.php/lawyer?l=366,https://www.vonwobeser.com/index.php/lawyer?l=366,200,Correcto,text/html; charset=utf-8,30431,
Sergio López,Replit,ES,https://webpage-von-wobeser-2026.replit.app/abogado/sergio-lopez,https://webpage-von-wobeser-2026.replit.app/abogado/sergio-lopez,200,Correcto,text/html; charset=utf-8,85247,
Sergio López,Replit,EN,https://webpage-von-wobeser-2026.replit.app/lawyer/sergio-lopez?lang=en,https://webpage-von-wobeser-2026.replit.app/lawyer/sergio-lopez?lang=en,200,Correcto,text/html; charset=utf-8,85000,
Alejandro Torres,Oficial,ES,https://www.vonwobeser.com/index.php/abogado?l=367,https://www.vonwobeser.com/index.php/abogado?l=367,200,Correcto,text/html; charset=utf-8,29336,
Alejandro Torres,Oficial,EN,https://www.vonwobeser.com/index.php/lawyer?l=367,https://www.vonwobeser.com/index.php/lawyer?l=367,200,Correcto,text/html; charset=utf-8,29193,
Alejandro Torres,Replit,ES,https://webpage-von-wobeser-2026.replit.app/abogado/alejandro-torres,https://webpage-von-wobeser-2026.replit.app/abogado/alejandro-torres,200,Correcto,text/html; charset=utf-8,87436,
Alejandro Torres,Replit,EN,https://webpage-von-wobeser-2026.replit.app/lawyer/alejandro-torres?lang=en,https://webpage-von-wobeser-2026.replit.app/lawyer/alejandro-torres?lang=en,200,Correcto,text/html; charset=utf-8,87481,
Javier Betancourt,Oficial,ES,https://www.vonwobeser.com/index.php/abogado?l=253,https://www.vonwobeser.com/index.php/abogado?l=253,200,Correcto,text/html; charset=utf-8,29356,
Javier Betancourt,Oficial,EN,https://www.vonwobeser.com/index.php/lawyer?l=253,https://www.vonwobeser.com/index.php/lawyer?l=253,200,Correcto,text/html; charset=utf-8,29031,
Javier Betancourt,Replit,ES,https://webpage-von-wobeser-2026.replit.app/abogado/javier-betancourt,https://webpage-von-wobeser-2026.replit.app/abogado/javier-betancourt,200,Correcto,text/html; charset=utf-8,81199,
Javier Betancourt,Replit,EN,https://webpage-von-wobeser-2026.replit.app/lawyer/javier-betancourt?lang=en,https://webpage-von-wobeser-2026.replit.app/lawyer/javier-betancourt?lang=en,200,Correcto,text/html; charset=utf-8,81052,
Adrián Castillo,Oficial,ES,https://www.vonwobeser.com/index.php/abogado?l=356,https://www.vonwobeser.com/index.php/abogado?l=356,200,Correcto,text/html; charset=utf-8,30301,
Adrián Castillo,Oficial,EN,https://www.vonwobeser.com/index.php/lawyer?l=356,https://www.vonwobeser.com/index.php/lawyer?l=356,200,Correcto,text/html; charset=utf-8,29852,
Adrián Castillo,Replit,ES,https://webpage-von-wobeser-2026.replit.app/abogado/adrian-castillo,https://webpage-von-wobeser-2026.replit.app/abogado/adrian-castillo,200,Correcto,text/html; charset=utf-8,87528,
Adrián Castillo,Replit,EN,https://webpage-von-wobeser-2026.replit.app/lawyer/adrian-castillo?lang=en,https://webpage-von-wobeser-2026.replit.app/lawyer/adrian-castillo?lang=en,200,Correcto,text/html; charset=utf-8,87201,
Rodrigo Barradas,Oficial,ES,https://www.vonwobeser.com/index.php/abogado?l=155,https://www.vonwobeser.com/index.php/abogado?l=155,200,Correcto,text/html; charset=utf-8,35935,
Rodrigo Barradas,Oficial,EN,https://www.vonwobeser.com/index.php/lawyer?l=155,https://www.vonwobeser.com/index.php/lawyer?l=155,200,Correcto,text/html; charset=utf-8,34701,
Rodrigo Barradas,Replit,ES,https://webpage-von-wobeser-2026.replit.app/abogado/rodrigo-barradas,https://webpage-von-wobeser-2026.replit.app/abogado/rodrigo-barradas,200,Correcto,text/html; charset=utf-8,87357,
Rodrigo Barradas,Replit,EN,https://webpage-von-wobeser-2026.replit.app/lawyer/rodrigo-barradas?lang=en,https://webpage-von-wobeser-2026.replit.app/lawyer/rodrigo-barradas?lang=en,200,Correcto,text/html; charset=utf-8,86377,
Michel Llorens,Oficial,ES,https://www.vonwobeser.com/index.php/abogado?l=291,https://www.vonwobeser.com/index.php/abogado?l=291,200,Correcto,text/html; charset=utf-8,28672,
Michel Llorens,Oficial,EN,https://www.vonwobeser.com/index.php/lawyer?l=291,https://www.vonwobeser.com/index.php/lawyer?l=291,200,Correcto,text/html; charset=utf-8,28354,
Michel Llorens,Replit,ES,https://webpage-von-wobeser-2026.replit.app/abogado/michel-llorens,https://webpage-von-wobeser-2026.replit.app/abogado/michel-llorens,200,Correcto,text/html; charset=utf-8,81028,
Michel Llorens,Replit,EN,https://webpage-von-wobeser-2026.replit.app/lawyer/michel-llorens?lang=en,https://webpage-von-wobeser-2026.replit.app/lawyer/michel-llorens?lang=en,200,Correcto,text/html; charset=utf-8,80838,
Luis Enrique Torres,Oficial,ES,https://www.vonwobeser.com/index.php/abogado?l=368,https://www.vonwobeser.com/index.php/abogado?l=368,200,Correcto,text/html; charset=utf-8,30432,
Luis Enrique Torres,Oficial,EN,https://www.vonwobeser.com/index.php/lawyer?l=368,https://www.vonwobeser.com/index.php/lawyer?l=368,200,Correcto,text/html; charset=utf-8,29890,
Luis Enrique Torres,Replit,ES,https://webpage-von-wobeser-2026.replit.app/abogado/luis-enrique-torres,https://webpage-von-wobeser-2026.replit.app/abogado/luis-enrique-torres,200,Correcto,text/html; charset=utf-8,83426,
Luis Enrique Torres,Replit,EN,https://webpage-von-wobeser-2026.replit.app/lawyer/luis-enrique-torres?lang=en,https://webpage-von-wobeser-2026.replit.app/lawyer/luis-enrique-torres?lang=en,200,Correcto,text/html; charset=utf-8,83171,
Ricardo Cacho,Oficial,ES,https://www.vonwobeser.com/index.php/abogado?l=396,https://www.vonwobeser.com/index.php/abogado?l=396,200,Correcto,text/html; charset=utf-8,32176,
Ricardo Cacho,Oficial,EN,https://www.vonwobeser.com/index.php/lawyer?l=396,https://www.vonwobeser.com/index.php/lawyer?l=396,200,Correcto,text/html; charset=utf-8,32036,
Ricardo Cacho,Replit,ES,https://webpage-von-wobeser-2026.replit.app/abogado/ricardo-cacho,https://webpage-von-wobeser-2026.replit.app/abogado/ricardo-cacho,200,Correcto,text/html; charset=utf-8,86691,
Ricardo Cacho,Replit,EN,https://webpage-von-wobeser-2026.replit.app/lawyer/ricardo-cacho?lang=en,https://webpage-von-wobeser-2026.replit.app/lawyer/ricardo-cacho?lang=en,200,Correcto,text/html; charset=utf-8,86741,
Claus von Wobeser,Oficial,ES,https://www.vonwobeser.com/index.php/abogado?l=134,https://www.vonwobeser.com/index.php/abogado?l=134,200,Correcto,text/html; charset=utf-8,36130,
Claus von Wobeser,Oficial,EN,https://www.vonwobeser.com/index.php/lawyer?l=134,https://www.vonwobeser.com/index.php/lawyer?l=134,200,Correcto,text/html; charset=utf-8,34777,
Claus von Wobeser,Replit,ES,https://webpage-von-wobeser-2026.replit.app/abogado/claus-von-wobeser,https://webpage-von-wobeser-2026.replit.app/abogado/claus-von-wobeser,200,Correcto,text/html; charset=utf-8,87233,
Claus von Wobeser,Replit,EN,https://webpage-von-wobeser-2026.replit.app/lawyer/claus-von-wobeser?lang=en,https://webpage-von-wobeser-2026.replit.app/lawyer/claus-von-wobeser?lang=en,200,Correcto,text/html; charset=utf-8,86147,
Edmund Duckwitz,Oficial,ES,https://www.vonwobeser.com/index.php/abogado?l=152,https://www.vonwobeser.com/index.php/abogado?l=152,200,Correcto,text/html; charset=utf-8,31112,
Edmund Duckwitz,Oficial,EN,https://www.vonwobeser.com/index.php/lawyer?l=152,https://www.vonwobeser.com/index.php/lawyer?l=152,200,Correcto,text/html; charset=utf-8,30705,
Edmund Duckwitz,Replit,ES,https://webpage-von-wobeser-2026.replit.app/abogado/edmund-duckwitz,https://webpage-von-wobeser-2026.replit.app/abogado/edmund-duckwitz,200,Correcto,text/html; charset=utf-8,83035,
Edmund Duckwitz,Replit,EN,https://webpage-von-wobeser-2026.replit.app/lawyer/edmund-duckwitz?lang=en,https://webpage-von-wobeser-2026.replit.app/lawyer/edmund-duckwitz?lang=en,200,Correcto,text/html; charset=utf-8,82963,
Javier Lizardi,Oficial,ES,https://www.vonwobeser.com/index.php/abogado?l=135,https://www.vonwobeser.com/index.php/abogado?l=135,200,Correcto,text/html; charset=utf-8,31066,
Javier Lizardi,Oficial,EN,https://www.vonwobeser.com/index.php/lawyer?l=135,https://www.vonwobeser.com/index.php/lawyer?l=135,200,Correcto,text/html; charset=utf-8,30645,
Javier Lizardi,Replit,ES,https://webpage-von-wobeser-2026.replit.app/abogado/javier-lizardi,https://webpage-von-wobeser-2026.replit.app/abogado/javier-lizardi,200,Correcto,text/html; charset=utf-8,82707,
Javier Lizardi,Replit,EN,https://webpage-von-wobeser-2026.replit.app/lawyer/javier-lizardi?lang=en,https://webpage-von-wobeser-2026.replit.app/lawyer/javier-lizardi?lang=en,200,Correcto,text/html; charset=utf-8,82585,
Margarita Beatriz Luna Ramos,Oficial,ES,https://www.vonwobeser.com/index.php/abogado?l=304,https://www.vonwobeser.com/index.php/abogado?l=304,200,Correcto,text/html; charset=utf-8,30742,
Margarita Beatriz Luna Ramos,Oficial,EN,https://www.vonwobeser.com/index.php/lawyer?l=304,https://www.vonwobeser.com/index.php/lawyer?l=304,200,Correcto,text/html; charset=utf-8,30220,
Margarita Beatriz Luna Ramos,Replit,ES,https://webpage-von-wobeser-2026.replit.app/abogado/margarita-beatriz-luna-ramos,https://webpage-von-wobeser-2026.replit.app/abogado/margarita-beatriz-luna-ramos,200,Correcto,text/html; charset=utf-8,82977,
Margarita Beatriz Luna Ramos,Replit,EN,https://webpage-von-wobeser-2026.replit.app/lawyer/margarita-beatriz-luna-ramos?lang=en,https://webpage-von-wobeser-2026.replit.app/lawyer/margarita-beatriz-luna-ramos?lang=en,200,Correcto,text/html; charset=utf-8,82715,
Fernando Moreno,Oficial,ES,https://www.vonwobeser.com/index.php/abogado?l=140,https://www.vonwobeser.com/index.php/abogado?l=140,200,Correcto,text/html; charset=utf-8,31511,
Fernando Moreno,Oficial,EN,https://www.vonwobeser.com/index.php/lawyer?l=140,https://www.vonwobeser.com/index.php/lawyer?l=140,200,Correcto,text/html; charset=utf-8,31175,
Fernando Moreno,Replit,ES,https://webpage-von-wobeser-2026.replit.app/abogado/fernando-moreno,https://webpage-von-wobeser-2026.replit.app/abogado/fernando-moreno,200,Correcto,text/html; charset=utf-8,82718,
Fernando Moreno,Replit,EN,https://webpage-von-wobeser-2026.replit.app/lawyer/fernando-moreno?lang=en,https://webpage-von-wobeser-2026.replit.app/lawyer/fernando-moreno?lang=en,200,Correcto,text/html; charset=utf-8,82585,
Guillermo I. Ortiz Mayagoitia,Oficial,ES,https://www.vonwobeser.com/index.php/abogado?l=151,https://www.vonwobeser.com/index.php/abogado?l=151,200,Correcto,text/html; charset=utf-8,30287,
Guillermo I. Ortiz Mayagoitia,Oficial,EN,https://www.vonwobeser.com/index.php/lawyer?l=151,https://www.vonwobeser.com/index.php/lawyer?l=151,200,Correcto,text/html; charset=utf-8,30039,
Guillermo I. Ortiz Mayagoitia,Replit,ES,https://webpage-von-wobeser-2026.replit.app/abogado/guillermo-i-ortiz-mayagoitia,https://webpage-von-wobeser-2026.replit.app/abogado/guillermo-i-ortiz-mayagoitia,200,Correcto,text/html; charset=utf-8,82736,
Guillermo I. Ortiz Mayagoitia,Replit,EN,https://webpage-von-wobeser-2026.replit.app/lawyer/guillermo-i-ortiz-mayagoitia?lang=en,https://webpage-von-wobeser-2026.replit.app/lawyer/guillermo-i-ortiz-mayagoitia?lang=en,200,Correcto,text/html; charset=utf-8,82657,
Marcela Calderón,Oficial,ES,https://www.vonwobeser.com/index.php/abogado?l=444,https://www.vonwobeser.com/index.php/abogado?l=444,200,Correcto,text/html; charset=utf-8,29139,
Marcela Calderón,Oficial,EN,https://www.vonwobeser.com/index.php/lawyer?l=444,https://www.vonwobeser.com/index.php/lawyer?l=444,200,Correcto,text/html; charset=utf-8,28911,
Marcela Calderón,Replit,ES,https://webpage-von-wobeser-2026.replit.app/abogado/marcela-calderon,https://webpage-von-wobeser-2026.replit.app/abogado/marcela-calderon,200,Correcto,text/html; charset=utf-8,81195,
Marcela Calderón,Replit,EN,https://webpage-von-wobeser-2026.replit.app/lawyer/marcela-calderon?lang=en,https://webpage-von-wobeser-2026.replit.app/lawyer/marcela-calderon?lang=en,200,Correcto,text/html; charset=utf-8,81170,
Carlos López Córdova,Oficial,ES,https://www.vonwobeser.com/index.php/abogado?l=348,https://www.vonwobeser.com/index.php/abogado?l=348,200,Correcto,text/html; charset=utf-8,30330,
Carlos López Córdova,Oficial,EN,https://www.vonwobeser.com/index.php/lawyer?l=348,https://www.vonwobeser.com/index.php/lawyer?l=348,200,Correcto,text/html; charset=utf-8,29974,
Carlos López Córdova,Replit,ES,https://webpage-von-wobeser-2026.replit.app/abogado/carlos-lopez-cordova,https://webpage-von-wobeser-2026.replit.app/abogado/carlos-lopez-cordova,200,Correcto,text/html; charset=utf-8,82402,
Carlos López Córdova,Replit,EN,https://webpage-von-wobeser-2026.replit.app/lawyer/carlos-lopez-cordova?lang=en,https://webpage-von-wobeser-2026.replit.app/lawyer/carlos-lopez-cordova?lang=en,200,Correcto,text/html; charset=utf-8,82220,
César Martínez,Oficial,ES,https://www.vonwobeser.com/index.php/abogado?l=179,https://www.vonwobeser.com/index.php/abogado?l=179,200,Correcto,text/html; charset=utf-8,29902,
César Martínez,Oficial,EN,https://www.vonwobeser.com/index.php/lawyer?l=179,https://www.vonwobeser.com/index.php/lawyer?l=179,200,Correcto,text/html; charset=utf-8,29382,
César Martínez,Replit,ES,https://webpage-von-wobeser-2026.replit.app/abogado/cesar-martinez,https://webpage-von-wobeser-2026.replit.app/abogado/cesar-martinez,200,Correcto,text/html; charset=utf-8,81951,
César Martínez,Replit,EN,https://webpage-von-wobeser-2026.replit.app/lawyer/cesar-martinez?lang=en,https://webpage-von-wobeser-2026.replit.app/lawyer/cesar-martinez?lang=en,200,Correcto,text/html; charset=utf-8,81622,
Gloria Martínez,Oficial,ES,https://www.vonwobeser.com/index.php/abogado?l=178,https://www.vonwobeser.com/index.php/abogado?l=178,200,Correcto,text/html; charset=utf-8,30336,
Gloria Martínez,Oficial,EN,https://www.vonwobeser.com/index.php/lawyer?l=178,https://www.vonwobeser.com/index.php/lawyer?l=178,200,Correcto,text/html; charset=utf-8,29970,
Gloria Martínez,Replit,ES,https://webpage-von-wobeser-2026.replit.app/abogado/gloria-martinez,https://webpage-von-wobeser-2026.replit.app/abogado/gloria-martinez,200,Correcto,text/html; charset=utf-8,82104,
Gloria Martínez,Replit,EN,https://webpage-von-wobeser-2026.replit.app/lawyer/gloria-martinez?lang=en,https://webpage-von-wobeser-2026.replit.app/lawyer/gloria-martinez?lang=en,200,Correcto,text/html; charset=utf-8,81920,
Manuel Martínez,Oficial,ES,https://www.vonwobeser.com/index.php/abogado?l=218,https://www.vonwobeser.com/index.php/abogado?l=218,200,Correcto,text/html; charset=utf-8,31338,
Manuel Martínez,Oficial,EN,https://www.vonwobeser.com/index.php/lawyer?l=218,https://www.vonwobeser.com/index.php/lawyer?l=218,200,Correcto,text/html; charset=utf-8,30916,
Manuel Martínez,Replit,ES,https://webpage-von-wobeser-2026.replit.app/abogado/manuel-martinez,https://webpage-von-wobeser-2026.replit.app/abogado/manuel-martinez,200,Correcto,text/html; charset=utf-8,83253,
Manuel Martínez,Replit,EN,https://webpage-von-wobeser-2026.replit.app/lawyer/manuel-martinez?lang=en,https://webpage-von-wobeser-2026.replit.app/lawyer/manuel-martinez?lang=en,200,Correcto,text/html; charset=utf-8,83086,
Jaime Ostos,Oficial,ES,https://www.vonwobeser.com/index.php/abogado?l=321,https://www.vonwobeser.com/index.php/abogado?l=321,200,Correcto,text/html; charset=utf-8,30352,
Jaime Ostos,Oficial,EN,https://www.vonwobeser.com/index.php/lawyer?l=321,https://www.vonwobeser.com/index.php/lawyer?l=321,200,Correcto,text/html; charset=utf-8,29818,
Jaime Ostos,Replit,ES,https://webpage-von-wobeser-2026.replit.app/abogado/jaime-ostos,https://webpage-von-wobeser-2026.replit.app/abogado/jaime-ostos,200,Correcto,text/html; charset=utf-8,81787,
Jaime Ostos,Replit,EN,https://webpage-von-wobeser-2026.replit.app/lawyer/jaime-ostos?lang=en,https://webpage-von-wobeser-2026.replit.app/lawyer/jaime-ostos?lang=en,200,Correcto,text/html; charset=utf-8,81531,
Eric Palacios,Oficial,ES,https://www.vonwobeser.com/index.php/abogado?l=417,https://www.vonwobeser.com/index.php/abogado?l=417,200,Correcto,text/html; charset=utf-8,29190,
Eric Palacios,Oficial,EN,https://www.vonwobeser.com/index.php/lawyer?l=417,https://www.vonwobeser.com/index.php/lawyer?l=417,200,Correcto,text/html; charset=utf-8,28951,
Eric Palacios,Replit,ES,https://webpage-von-wobeser-2026.replit.app/abogado/eric-palacios,https://webpage-von-wobeser-2026.replit.app/abogado/eric-palacios,200,Correcto,text/html; charset=utf-8,81550,
Eric Palacios,Replit,EN,https://webpage-von-wobeser-2026.replit.app/lawyer/eric-palacios?lang=en,https://webpage-von-wobeser-2026.replit.app/lawyer/eric-palacios?lang=en,200,Correcto,text/html; charset=utf-8,81427,
Enrique Riquelme,Oficial,ES,https://www.vonwobeser.com/index.php/abogado?l=330,https://www.vonwobeser.com/index.php/abogado?l=330,200,Correcto,text/html; charset=utf-8,30260,
Enrique Riquelme,Oficial,EN,https://www.vonwobeser.com/index.php/lawyer?l=330,https://www.vonwobeser.com/index.php/lawyer?l=330,200,Correcto,text/html; charset=utf-8,29904,
Enrique Riquelme,Replit,ES,https://webpage-von-wobeser-2026.replit.app/abogado/enrique-riquelme,https://webpage-von-wobeser-2026.replit.app/abogado/enrique-riquelme,200,Correcto,text/html; charset=utf-8,84018,
Enrique Riquelme,Replit,EN,https://webpage-von-wobeser-2026.replit.app/lawyer/enrique-riquelme?lang=en,https://webpage-von-wobeser-2026.replit.app/lawyer/enrique-riquelme?lang=en,200,Correcto,text/html; charset=utf-8,83759,
Lourdes Salazar y Vera,Oficial,ES,https://www.vonwobeser.com/index.php/abogado?l=190,https://www.vonwobeser.com/index.php/abogado?l=190,200,Correcto,text/html; charset=utf-8,31660,
Lourdes Salazar y Vera,Oficial,EN,https://www.vonwobeser.com/index.php/lawyer?l=190,https://www.vonwobeser.com/index.php/lawyer?l=190,200,Correcto,text/html; charset=utf-8,31196,
Lourdes Salazar y Vera,Replit,ES,https://webpage-von-wobeser-2026.replit.app/abogado/lourdes-salazar-y-vera,https://webpage-von-wobeser-2026.replit.app/abogado/lourdes-salazar-y-vera,200,Correcto,text/html; charset=utf-8,84187,
Lourdes Salazar y Vera,Replit,EN,https://webpage-von-wobeser-2026.replit.app/lawyer/lourdes-salazar-y-vera?lang=en,https://webpage-von-wobeser-2026.replit.app/lawyer/lourdes-salazar-y-vera?lang=en,200,Correcto,text/html; charset=utf-8,83901,
Pablo Aceves,Oficial,ES,https://www.vonwobeser.com/index.php/abogado?l=410,https://www.vonwobeser.com/index.php/abogado?l=410,200,Correcto,text/html; charset=utf-8,28793,
Pablo Aceves,Oficial,EN,https://www.vonwobeser.com/index.php/lawyer?l=410,https://www.vonwobeser.com/index.php/lawyer?l=410,200,Correcto,text/html; charset=utf-8,28456,
Pablo Aceves,Replit,ES,https://webpage-von-wobeser-2026.replit.app/abogado/pablo-aceves,https://webpage-von-wobeser-2026.replit.app/abogado/pablo-aceves,200,Correcto,text/html; charset=utf-8,80762,
Pablo Aceves,Replit,EN,https://webpage-von-wobeser-2026.replit.app/lawyer/pablo-aceves?lang=en,https://webpage-von-wobeser-2026.replit.app/lawyer/pablo-aceves?lang=en,200,Correcto,text/html; charset=utf-8,80626,
Sofía Alcántara,Oficial,ES,https://www.vonwobeser.com/index.php/abogado?l=415,https://www.vonwobeser.com/index.php/abogado?l=415,200,Correcto,text/html; charset=utf-8,29760,
Sofía Alcántara,Oficial,EN,https://www.vonwobeser.com/index.php/lawyer?l=415,https://www.vonwobeser.com/index.php/lawyer?l=415,200,Correcto,text/html; charset=utf-8,29410,
Sofía Alcántara,Replit,ES,https://webpage-von-wobeser-2026.replit.app/abogado/sofia-alcantara,https://webpage-von-wobeser-2026.replit.app/abogado/sofia-alcantara,200,Correcto,text/html; charset=utf-8,81703,
Sofía Alcántara,Replit,EN,https://webpage-von-wobeser-2026.replit.app/lawyer/sofia-alcantara?lang=en,https://webpage-von-wobeser-2026.replit.app/lawyer/sofia-alcantara?lang=en,200,Correcto,text/html; charset=utf-8,81504,
Ana Alpízar,Oficial,ES,https://www.vonwobeser.com/index.php/abogado?l=405,https://www.vonwobeser.com/index.php/abogado?l=405,200,Correcto,text/html; charset=utf-8,27535,
Ana Alpízar,Oficial,EN,https://www.vonwobeser.com/index.php/lawyer?l=405,https://www.vonwobeser.com/index.php/lawyer?l=405,200,Correcto,text/html; charset=utf-8,27409,
Ana Alpízar,Replit,ES,https://webpage-von-wobeser-2026.replit.app/abogado/ana-alpizar,https://webpage-von-wobeser-2026.replit.app/abogado/ana-alpizar,200,Correcto,text/html; charset=utf-8,79904,
Ana Alpízar,Replit,EN,https://webpage-von-wobeser-2026.replit.app/lawyer/ana-alpizar?lang=en,https://webpage-von-wobeser-2026.replit.app/lawyer/ana-alpizar?lang=en,200,Correcto,text/html; charset=utf-8,79933,
Diego Altamirano,Oficial,ES,https://www.vonwobeser.com/index.php/abogado?l=432,https://www.vonwobeser.com/index.php/abogado?l=432,200,Correcto,text/html; charset=utf-8,28739,
Diego Altamirano,Oficial,EN,https://www.vonwobeser.com/index.php/lawyer?l=432,https://www.vonwobeser.com/index.php/lawyer?l=432,200,Correcto,text/html; charset=utf-8,28537,
Diego Altamirano,Replit,ES,https://webpage-von-wobeser-2026.replit.app/abogado/diego-altamirano,https://webpage-von-wobeser-2026.replit.app/abogado/diego-altamirano,200,Correcto,text/html; charset=utf-8,80590,
Diego Altamirano,Replit,EN,https://webpage-von-wobeser-2026.replit.app/lawyer/diego-altamirano?lang=en,https://webpage-von-wobeser-2026.replit.app/lawyer/diego-altamirano?lang=en,200,Correcto,text/html; charset=utf-8,80600,
Daniel Araujo,Oficial,ES,https://www.vonwobeser.com/index.php/abogado?l=350,https://www.vonwobeser.com/index.php/abogado?l=350,200,Correcto,text/html; charset=utf-8,28876,
Daniel Araujo,Oficial,EN,https://www.vonwobeser.com/index.php/lawyer?l=350,https://www.vonwobeser.com/index.php/lawyer?l=350,200,Correcto,text/html; charset=utf-8,28532,
Daniel Araujo,Replit,ES,https://webpage-von-wobeser-2026.replit.app/abogado/daniel-araujo,https://webpage-von-wobeser-2026.replit.app/abogado/daniel-araujo,200,Correcto,text/html; charset=utf-8,80816,
Daniel Araujo,Replit,EN,https://webpage-von-wobeser-2026.replit.app/lawyer/daniel-araujo?lang=en,https://webpage-von-wobeser-2026.replit.app/lawyer/daniel-araujo?lang=en,200,Correcto,text/html; charset=utf-8,80664,
Alejandra Arizpe,Oficial,ES,https://www.vonwobeser.com/index.php/abogado?l=349,https://www.vonwobeser.com/index.php/abogado?l=349,200,Correcto,text/html; charset=utf-8,30137,
Alejandra Arizpe,Oficial,EN,https://www.vonwobeser.com/index.php/lawyer?l=349,https://www.vonwobeser.com/index.php/lawyer?l=349,200,Correcto,text/html; charset=utf-8,29879,
Alejandra Arizpe,Replit,ES,https://webpage-von-wobeser-2026.replit.app/abogado/alejandra-arizpe,https://webpage-von-wobeser-2026.replit.app/abogado/alejandra-arizpe,200,Correcto,text/html; charset=utf-8,84260,
Alejandra Arizpe,Replit,EN,https://webpage-von-wobeser-2026.replit.app/lawyer/alejandra-arizpe?lang=en,https://webpage-von-wobeser-2026.replit.app/lawyer/alejandra-arizpe?lang=en,200,Correcto,text/html; charset=utf-8,84150,
Alejandro Avila,Oficial,ES,https://www.vonwobeser.com/index.php/abogado?l=452,https://www.vonwobeser.com/index.php/abogado?l=452,200,Correcto,text/html; charset=utf-8,30026,
Alejandro Avila,Oficial,EN,https://www.vonwobeser.com/index.php/lawyer?l=452,https://www.vonwobeser.com/index.php/lawyer?l=452,200,Correcto,text/html; charset=utf-8,29693,
Alejandro Avila,Replit,ES,https://webpage-von-wobeser-2026.replit.app/abogado/alejandro-avila,https://webpage-von-wobeser-2026.replit.app/abogado/alejandro-avila,200,Correcto,text/html; charset=utf-8,81648,
Alejandro Avila,Replit,EN,https://webpage-von-wobeser-2026.replit.app/lawyer/alejandro-avila?lang=en,https://webpage-von-wobeser-2026.replit.app/lawyer/alejandro-avila?lang=en,200,Correcto,text/html; charset=utf-8,81572,
Alexander Barnes,Oficial,ES,https://www.vonwobeser.com/index.php/abogado?l=251,https://www.vonwobeser.com/index.php/abogado?l=251,200,Correcto,text/html; charset=utf-8,29259,
Alexander Barnes,Oficial,EN,https://www.vonwobeser.com/index.php/lawyer?l=251,https://www.vonwobeser.com/index.php/lawyer?l=251,200,Correcto,text/html; charset=utf-8,28788,
Alexander Barnes,Replit,ES,https://webpage-von-wobeser-2026.replit.app/abogado/alexander-barnes,https://webpage-von-wobeser-2026.replit.app/abogado/alexander-barnes,200,Correcto,text/html; charset=utf-8,81434,
Alexander Barnes,Replit,EN,https://webpage-von-wobeser-2026.replit.app/lawyer/alexander-barnes?lang=en,https://webpage-von-wobeser-2026.replit.app/lawyer/alexander-barnes?lang=en,200,Correcto,text/html; charset=utf-8,81127,
Juan Francisco Barrera,Oficial,ES,https://www.vonwobeser.com/index.php/abogado?l=156,https://www.vonwobeser.com/index.php/abogado?l=156,200,Correcto,text/html; charset=utf-8,30208,
Juan Francisco Barrera,Oficial,EN,https://www.vonwobeser.com/index.php/lawyer?l=156,https://www.vonwobeser.com/index.php/lawyer?l=156,200,Correcto,text/html; charset=utf-8,29944,
Juan Francisco Barrera,Replit,ES,https://webpage-von-wobeser-2026.replit.app/abogado/juan-francisco-barrera,https://webpage-von-wobeser-2026.replit.app/abogado/juan-francisco-barrera,200,Correcto,text/html; charset=utf-8,82059,
Juan Francisco Barrera,Replit,EN,https://webpage-von-wobeser-2026.replit.app/lawyer/juan-francisco-barrera?lang=en,https://webpage-von-wobeser-2026.replit.app/lawyer/juan-francisco-barrera?lang=en,200,Correcto,text/html; charset=utf-8,81968,
Julieta Béjar,Oficial,ES,https://www.vonwobeser.com/index.php/abogado?l=394,https://www.vonwobeser.com/index.php/abogado?l=394,200,Correcto,text/html; charset=utf-8,28885,
Julieta Béjar,Oficial,EN,https://www.vonwobeser.com/index.php/lawyer?l=394,https://www.vonwobeser.com/index.php/lawyer?l=394,200,Correcto,text/html; charset=utf-8,28714,
Julieta Béjar,Replit,ES,https://webpage-von-wobeser-2026.replit.app/abogado/julieta-bejar,https://webpage-von-wobeser-2026.replit.app/abogado/julieta-bejar,200,Correcto,text/html; charset=utf-8,81002,
Julieta Béjar,Replit,EN,https://webpage-von-wobeser-2026.replit.app/lawyer/julieta-bejar?lang=en,https://webpage-von-wobeser-2026.replit.app/lawyer/julieta-bejar?lang=en,200,Correcto,text/html; charset=utf-8,81002,
Diego Benítez,Oficial,ES,https://www.vonwobeser.com/index.php/abogado?l=232,https://www.vonwobeser.com/index.php/abogado?l=232,200,Correcto,text/html; charset=utf-8,30508,
Diego Benítez,Oficial,EN,https://www.vonwobeser.com/index.php/lawyer?l=232,https://www.vonwobeser.com/index.php/lawyer?l=232,200,Correcto,text/html; charset=utf-8,30139,
Diego Benítez,Replit,ES,https://webpage-von-wobeser-2026.replit.app/abogado/diego-benitez,https://webpage-von-wobeser-2026.replit.app/abogado/diego-benitez,200,Correcto,text/html; charset=utf-8,82899,
Diego Benítez,Replit,EN,https://webpage-von-wobeser-2026.replit.app/lawyer/diego-benitez?lang=en,https://webpage-von-wobeser-2026.replit.app/lawyer/diego-benitez?lang=en,200,Correcto,text/html; charset=utf-8,83132,
Edmundo Berumen,Oficial,ES,https://www.vonwobeser.com/index.php/abogado?l=420,https://www.vonwobeser.com/index.php/abogado?l=420,200,Correcto,text/html; charset=utf-8,28896,
Edmundo Berumen,Oficial,EN,https://www.vonwobeser.com/index.php/lawyer?l=420,https://www.vonwobeser.com/index.php/lawyer?l=420,200,Correcto,text/html; charset=utf-8,28471,
Edmundo Berumen,Replit,ES,https://webpage-von-wobeser-2026.replit.app/abogado/edmundo-berumen,https://webpage-von-wobeser-2026.replit.app/abogado/edmundo-berumen,200,Correcto,text/html; charset=utf-8,87461,
Edmundo Berumen,Replit,EN,https://webpage-von-wobeser-2026.replit.app/lawyer/edmundo-berumen?lang=en,https://webpage-von-wobeser-2026.replit.app/lawyer/edmundo-berumen?lang=en,200,Correcto,text/html; charset=utf-8,86443,
Anna-Maria Brandstädter,Oficial,ES,https://www.vonwobeser.com/index.php/abogado?l=157,https://www.vonwobeser.com/index.php/abogado?l=157,200,Correcto,text/html; charset=utf-8,30044,
Anna-Maria Brandstädter,Oficial,EN,https://www.vonwobeser.com/index.php/lawyer?l=157,https://www.vonwobeser.com/index.php/lawyer?l=157,200,Correcto,text/html; charset=utf-8,29703,
Anna-Maria Brandstädter,Replit,ES,https://webpage-von-wobeser-2026.replit.app/abogado/anna-maria-brandstadter,https://webpage-von-wobeser-2026.replit.app/abogado/anna-maria-brandstadter,200,Correcto,text/html; charset=utf-8,81562,
Anna-Maria Brandstädter,Replit,EN,https://webpage-von-wobeser-2026.replit.app/lawyer/anna-maria-brandstadter?lang=en,https://webpage-von-wobeser-2026.replit.app/lawyer/anna-maria-brandstadter?lang=en,200,Correcto,text/html; charset=utf-8,81495,
Carolina Camacho,Oficial,ES,https://www.vonwobeser.com/index.php/abogado?l=235,https://www.vonwobeser.com/index.php/abogado?l=235,200,Correcto,text/html; charset=utf-8,29970,
Carolina Camacho,Oficial,EN,https://www.vonwobeser.com/index.php/lawyer?l=235,https://www.vonwobeser.com/index.php/lawyer?l=235,200,Correcto,text/html; charset=utf-8,29596,
Carolina Camacho,Replit,ES,https://webpage-von-wobeser-2026.replit.app/abogado/carolina-camacho,https://webpage-von-wobeser-2026.replit.app/abogado/carolina-camacho,200,Correcto,text/html; charset=utf-8,81655,
Carolina Camacho,Replit,EN,https://webpage-von-wobeser-2026.replit.app/lawyer/carolina-camacho?lang=en,https://webpage-von-wobeser-2026.replit.app/lawyer/carolina-camacho?lang=en,200,Correcto,text/html; charset=utf-8,81509,
Regina Castillo,Oficial,ES,https://www.vonwobeser.com/index.php/abogado?l=401,https://www.vonwobeser.com/index.php/abogado?l=401,200,Correcto,text/html; charset=utf-8,28356,
Regina Castillo,Oficial,EN,https://www.vonwobeser.com/index.php/lawyer?l=401,https://www.vonwobeser.com/index.php/lawyer?l=401,200,Correcto,text/html; charset=utf-8,28105,
Regina Castillo,Replit,ES,https://webpage-von-wobeser-2026.replit.app/abogado/regina-castillo,https://webpage-von-wobeser-2026.replit.app/abogado/regina-castillo,200,Correcto,text/html; charset=utf-8,80543,
Regina Castillo,Replit,EN,https://webpage-von-wobeser-2026.replit.app/lawyer/regina-castillo?lang=en,https://webpage-von-wobeser-2026.replit.app/lawyer/regina-castillo?lang=en,200,Correcto,text/html; charset=utf-8,80434,
Carlos Cázares,Oficial,ES,https://www.vonwobeser.com/index.php/abogado?l=439,https://www.vonwobeser.com/index.php/abogado?l=439,200,Correcto,text/html; charset=utf-8,28463,
Carlos Cázares,Oficial,EN,https://www.vonwobeser.com/index.php/lawyer?l=439,https://www.vonwobeser.com/index.php/lawyer?l=439,200,Correcto,text/html; charset=utf-8,28218,
Carlos Cázares,Replit,ES,https://webpage-von-wobeser-2026.replit.app/abogado/carlos-cazares,https://webpage-von-wobeser-2026.replit.app/abogado/carlos-cazares,200,Correcto,text/html; charset=utf-8,80348,
Carlos Cázares,Replit,EN,https://webpage-von-wobeser-2026.replit.app/lawyer/carlos-cazares?lang=en,https://webpage-von-wobeser-2026.replit.app/lawyer/carlos-cazares?lang=en,200,Correcto,text/html; charset=utf-8,80297,
Carlos Cevallos,Oficial,ES,https://www.vonwobeser.com/index.php/abogado?l=404,https://www.vonwobeser.com/index.php/abogado?l=404,200,Correcto,text/html; charset=utf-8,28199,
Carlos Cevallos,Oficial,EN,https://www.vonwobeser.com/index.php/lawyer?l=404,https://www.vonwobeser.com/index.php/lawyer?l=404,200,Correcto,text/html; charset=utf-8,27979,
Carlos Cevallos,Replit,ES,https://webpage-von-wobeser-2026.replit.app/abogado/carlos-cevallos,https://webpage-von-wobeser-2026.replit.app/abogado/carlos-cevallos,200,Correcto,text/html; charset=utf-8,80486,
Carlos Cevallos,Replit,EN,https://webpage-von-wobeser-2026.replit.app/lawyer/carlos-cevallos?lang=en,https://webpage-von-wobeser-2026.replit.app/lawyer/carlos-cevallos?lang=en,200,Correcto,text/html; charset=utf-8,80412,
Raúl Chaidez,Oficial,ES,https://www.vonwobeser.com/index.php/abogado?l=435,https://www.vonwobeser.com/index.php/abogado?l=435,200,Correcto,text/html; charset=utf-8,29270,
Raúl Chaidez,Oficial,EN,https://www.vonwobeser.com/index.php/lawyer?l=435,https://www.vonwobeser.com/index.php/lawyer?l=435,200,Correcto,text/html; charset=utf-8,29035,
Raúl Chaidez,Replit,ES,https://webpage-von-wobeser-2026.replit.app/abogado/raul-chaidez,https://webpage-von-wobeser-2026.replit.app/abogado/raul-chaidez,200,Correcto,text/html; charset=utf-8,80970,
Raúl Chaidez,Replit,EN,https://webpage-von-wobeser-2026.replit.app/lawyer/raul-chaidez?lang=en,https://webpage-von-wobeser-2026.replit.app/lawyer/raul-chaidez?lang=en,200,Correcto,text/html; charset=utf-8,80897,
Miguel Ángel Chinchilla,Oficial,ES,https://www.vonwobeser.com/index.php/abogado?l=454,https://www.vonwobeser.com/index.php/abogado?l=454,200,Correcto,text/html; charset=utf-8,29139,
Miguel Ángel Chinchilla,Oficial,EN,https://www.vonwobeser.com/index.php/lawyer?l=454,https://www.vonwobeser.com/index.php/lawyer?l=454,200,Correcto,text/html; charset=utf-8,28710,
Miguel Ángel Chinchilla,Replit,ES,https://webpage-von-wobeser-2026.replit.app/abogado/miguel-angel-chinchilla,https://webpage-von-wobeser-2026.replit.app/abogado/miguel-angel-chinchilla,200,Correcto,text/html; charset=utf-8,80827,
Miguel Ángel Chinchilla,Replit,EN,https://webpage-von-wobeser-2026.replit.app/lawyer/miguel-angel-chinchilla?lang=en,https://webpage-von-wobeser-2026.replit.app/lawyer/miguel-angel-chinchilla?lang=en,200,Correcto,text/html; charset=utf-8,80759,
Eugenio Chinchillas,Oficial,ES,https://www.vonwobeser.com/index.php/abogado?l=249,https://www.vonwobeser.com/index.php/abogado?l=249,200,Correcto,text/html; charset=utf-8,29478,
Eugenio Chinchillas,Oficial,EN,https://www.vonwobeser.com/index.php/lawyer?l=249,https://www.vonwobeser.com/index.php/lawyer?l=249,200,Correcto,text/html; charset=utf-8,29094,
Eugenio Chinchillas,Replit,ES,https://webpage-von-wobeser-2026.replit.app/abogado/eugenio-chinchillas,https://webpage-von-wobeser-2026.replit.app/abogado/eugenio-chinchillas,200,Correcto,text/html; charset=utf-8,81271,
Eugenio Chinchillas,Replit,EN,https://webpage-von-wobeser-2026.replit.app/lawyer/eugenio-chinchillas?lang=en,https://webpage-von-wobeser-2026.replit.app/lawyer/eugenio-chinchillas?lang=en,200,Correcto,text/html; charset=utf-8,81159,
Virginia Cornett,Oficial,ES,https://www.vonwobeser.com/index.php/abogado?l=161,https://www.vonwobeser.com/index.php/abogado?l=161,200,Correcto,text/html; charset=utf-8,28798,
Virginia Cornett,Oficial,EN,https://www.vonwobeser.com/index.php/lawyer?l=161,https://www.vonwobeser.com/index.php/lawyer?l=161,200,Correcto,text/html; charset=utf-8,28589,
Virginia Cornett,Replit,ES,https://webpage-von-wobeser-2026.replit.app/abogado/virginia-cornett,https://webpage-von-wobeser-2026.replit.app/abogado/virginia-cornett,200,Correcto,text/html; charset=utf-8,81031,
Virginia Cornett,Replit,EN,https://webpage-von-wobeser-2026.replit.app/lawyer/virginia-cornett?lang=en,https://webpage-von-wobeser-2026.replit.app/lawyer/virginia-cornett?lang=en,200,Correcto,text/html; charset=utf-8,80969,
Patricio Cortina,Oficial,ES,https://www.vonwobeser.com/index.php/abogado?l=453,https://www.vonwobeser.com/index.php/abogado?l=453,200,Correcto,text/html; charset=utf-8,29241,
Patricio Cortina,Oficial,EN,https://www.vonwobeser.com/index.php/lawyer?l=453,https://www.vonwobeser.com/index.php/lawyer?l=453,200,Correcto,text/html; charset=utf-8,29017,
Patricio Cortina,Replit,ES,https://webpage-von-wobeser-2026.replit.app/abogado/patricio-cortina,https://webpage-von-wobeser-2026.replit.app/abogado/patricio-cortina,200,Correcto,text/html; charset=utf-8,81216,
Patricio Cortina,Replit,EN,https://webpage-von-wobeser-2026.replit.app/lawyer/patricio-cortina?lang=en,https://webpage-von-wobeser-2026.replit.app/lawyer/patricio-cortina?lang=en,200,Correcto,text/html; charset=utf-8,81177,
Melissa Cruz,Oficial,ES,https://www.vonwobeser.com/index.php/abogado?l=381,https://www.vonwobeser.com/index.php/abogado?l=381,200,Correcto,text/html; charset=utf-8,29109,
Melissa Cruz,Oficial,EN,https://www.vonwobeser.com/index.php/lawyer?l=381,https://www.vonwobeser.com/index.php/lawyer?l=381,200,Correcto,text/html; charset=utf-8,28811,
Melissa Cruz,Replit,ES,https://webpage-von-wobeser-2026.replit.app/abogado/melissa-cruz,https://webpage-von-wobeser-2026.replit.app/abogado/melissa-cruz,200,Correcto,text/html; charset=utf-8,82282,
Melissa Cruz,Replit,EN,https://webpage-von-wobeser-2026.replit.app/lawyer/melissa-cruz?lang=en,https://webpage-von-wobeser-2026.replit.app/lawyer/melissa-cruz?lang=en,200,Correcto,text/html; charset=utf-8,82124,
Víctor Delgado,Oficial,ES,https://www.vonwobeser.com/index.php/abogado?l=363,https://www.vonwobeser.com/index.php/abogado?l=363,200,Correcto,text/html; charset=utf-8,29500,
Víctor Delgado,Oficial,EN,https://www.vonwobeser.com/index.php/lawyer?l=363,https://www.vonwobeser.com/index.php/lawyer?l=363,200,Correcto,text/html; charset=utf-8,29166,
Víctor Delgado,Replit,ES,https://webpage-von-wobeser-2026.replit.app/abogado/victor-delgado,https://webpage-von-wobeser-2026.replit.app/abogado/victor-delgado,200,Correcto,text/html; charset=utf-8,81464,
Víctor Delgado,Replit,EN,https://webpage-von-wobeser-2026.replit.app/lawyer/victor-delgado?lang=en,https://webpage-von-wobeser-2026.replit.app/lawyer/victor-delgado?lang=en,200,Correcto,text/html; charset=utf-8,81295,
Joel Domínguez,Oficial,ES,https://www.vonwobeser.com/index.php/abogado?l=378,https://www.vonwobeser.com/index.php/abogado?l=378,200,Correcto,text/html; charset=utf-8,29147,
Joel Domínguez,Oficial,EN,https://www.vonwobeser.com/index.php/lawyer?l=378,https://www.vonwobeser.com/index.php/lawyer?l=378,200,Correcto,text/html; charset=utf-8,28836,
Joel Domínguez,Replit,ES,https://webpage-von-wobeser-2026.replit.app/abogado/joel-dominguez,https://webpage-von-wobeser-2026.replit.app/abogado/joel-dominguez,200,Correcto,text/html; charset=utf-8,83285,
Joel Domínguez,Replit,EN,https://webpage-von-wobeser-2026.replit.app/lawyer/joel-dominguez?lang=en,https://webpage-von-wobeser-2026.replit.app/lawyer/joel-dominguez?lang=en,200,Correcto,text/html; charset=utf-8,83028,
Eduardo Estrada,Oficial,ES,https://www.vonwobeser.com/index.php/abogado?l=393,https://www.vonwobeser.com/index.php/abogado?l=393,200,Correcto,text/html; charset=utf-8,29259,
Eduardo Estrada,Oficial,EN,https://www.vonwobeser.com/index.php/lawyer?l=393,https://www.vonwobeser.com/index.php/lawyer?l=393,200,Correcto,text/html; charset=utf-8,28959,
Eduardo Estrada,Replit,ES,https://webpage-von-wobeser-2026.replit.app/abogado/eduardo-estrada,https://webpage-von-wobeser-2026.replit.app/abogado/eduardo-estrada,200,Correcto,text/html; charset=utf-8,81097,
Eduardo Estrada,Replit,EN,https://webpage-von-wobeser-2026.replit.app/lawyer/eduardo-estrada?lang=en,https://webpage-von-wobeser-2026.replit.app/lawyer/eduardo-estrada?lang=en,200,Correcto,text/html; charset=utf-8,80995,
David Fainsod,Oficial,ES,https://www.vonwobeser.com/index.php/abogado?l=440,https://www.vonwobeser.com/index.php/abogado?l=440,200,Correcto,text/html; charset=utf-8,29556,
David Fainsod,Oficial,EN,https://www.vonwobeser.com/index.php/lawyer?l=440,https://www.vonwobeser.com/index.php/lawyer?l=440,200,Correcto,text/html; charset=utf-8,29325,
David Fainsod,Replit,ES,https://webpage-von-wobeser-2026.replit.app/abogado/david-fainsod,https://webpage-von-wobeser-2026.replit.app/abogado/david-fainsod,200,Correcto,text/html; charset=utf-8,81199,
David Fainsod,Replit,EN,https://webpage-von-wobeser-2026.replit.app/lawyer/david-fainsod?lang=en,https://webpage-von-wobeser-2026.replit.app/lawyer/david-fainsod?lang=en,200,Correcto,text/html; charset=utf-8,81187,
Darío Figueroa,Oficial,ES,https://www.vonwobeser.com/index.php/abogado?l=441,https://www.vonwobeser.com/index.php/abogado?l=441,200,Correcto,text/html; charset=utf-8,29403,
Darío Figueroa,Oficial,EN,https://www.vonwobeser.com/index.php/lawyer?l=441,https://www.vonwobeser.com/index.php/lawyer?l=441,200,Correcto,text/html; charset=utf-8,29178,
Darío Figueroa,Replit,ES,https://webpage-von-wobeser-2026.replit.app/abogado/dario-figueroa,https://webpage-von-wobeser-2026.replit.app/abogado/dario-figueroa,200,Correcto,text/html; charset=utf-8,80741,
Darío Figueroa,Replit,EN,https://webpage-von-wobeser-2026.replit.app/lawyer/dario-figueroa?lang=en,https://webpage-von-wobeser-2026.replit.app/lawyer/dario-figueroa?lang=en,200,Correcto,text/html; charset=utf-8,80785,
Roberto Flores,Oficial,ES,https://www.vonwobeser.com/index.php/abogado?l=248,https://www.vonwobeser.com/index.php/abogado?l=248,200,Correcto,text/html; charset=utf-8,30271,
Roberto Flores,Oficial,EN,https://www.vonwobeser.com/index.php/lawyer?l=248,https://www.vonwobeser.com/index.php/lawyer?l=248,200,Correcto,text/html; charset=utf-8,30026,
Roberto Flores,Replit,ES,https://webpage-von-wobeser-2026.replit.app/abogado/roberto-flores,https://webpage-von-wobeser-2026.replit.app/abogado/roberto-flores,200,Correcto,text/html; charset=utf-8,86681,
Roberto Flores,Replit,EN,https://webpage-von-wobeser-2026.replit.app/lawyer/roberto-flores?lang=en,https://webpage-von-wobeser-2026.replit.app/lawyer/roberto-flores?lang=en,200,Correcto,text/html; charset=utf-8,85949,
María García,Oficial,ES,https://www.vonwobeser.com/index.php/abogado?l=392,https://www.vonwobeser.com/index.php/abogado?l=392,200,Correcto,text/html; charset=utf-8,27791,
María García,Oficial,EN,https://www.vonwobeser.com/index.php/lawyer?l=392,https://www.vonwobeser.com/index.php/lawyer?l=392,200,Correcto,text/html; charset=utf-8,27591,
María García,Replit,ES,https://webpage-von-wobeser-2026.replit.app/abogado/maria-garcia,https://webpage-von-wobeser-2026.replit.app/abogado/maria-garcia,200,Correcto,text/html; charset=utf-8,80117,
María García,Replit,EN,https://webpage-von-wobeser-2026.replit.app/lawyer/maria-garcia?lang=en,https://webpage-von-wobeser-2026.replit.app/lawyer/maria-garcia?lang=en,200,Correcto,text/html; charset=utf-8,80043,
Montserrat García,Oficial,ES,https://www.vonwobeser.com/index.php/abogado?l=413,https://www.vonwobeser.com/index.php/abogado?l=413,200,Correcto,text/html; charset=utf-8,28630,
Montserrat García,Oficial,EN,https://www.vonwobeser.com/index.php/lawyer?l=413,https://www.vonwobeser.com/index.php/lawyer?l=413,200,Correcto,text/html; charset=utf-8,28381,
Montserrat García,Replit,ES,https://webpage-von-wobeser-2026.replit.app/abogado/montserrat-garcia,https://webpage-von-wobeser-2026.replit.app/abogado/montserrat-garcia,200,Correcto,text/html; charset=utf-8,80985,
Montserrat García,Replit,EN,https://webpage-von-wobeser-2026.replit.app/lawyer/montserrat-garcia?lang=en,https://webpage-von-wobeser-2026.replit.app/lawyer/montserrat-garcia?lang=en,200,Correcto,text/html; charset=utf-8,80877,
Rodrigo García,Oficial,ES,https://www.vonwobeser.com/index.php/abogado?l=289,https://www.vonwobeser.com/index.php/abogado?l=289,200,Correcto,text/html; charset=utf-8,29223,
Rodrigo García,Oficial,EN,https://www.vonwobeser.com/index.php/lawyer?l=289,https://www.vonwobeser.com/index.php/lawyer?l=289,200,Correcto,text/html; charset=utf-8,28804,
Rodrigo García,Replit,ES,https://webpage-von-wobeser-2026.replit.app/abogado/rodrigo-garcia,https://webpage-von-wobeser-2026.replit.app/abogado/rodrigo-garcia,200,Correcto,text/html; charset=utf-8,80924,
Rodrigo García,Replit,EN,https://webpage-von-wobeser-2026.replit.app/lawyer/rodrigo-garcia?lang=en,https://webpage-von-wobeser-2026.replit.app/lawyer/rodrigo-garcia?lang=en,200,Correcto,text/html; charset=utf-8,80752,
Andoni Garza,Oficial,ES,https://www.vonwobeser.com/index.php/abogado?l=387,https://www.vonwobeser.com/index.php/abogado?l=387,200,Correcto,text/html; charset=utf-8,28356,
Andoni Garza,Oficial,EN,https://www.vonwobeser.com/index.php/lawyer?l=387,https://www.vonwobeser.com/index.php/lawyer?l=387,200,Correcto,text/html; charset=utf-8,28106,
Andoni Garza,Replit,ES,https://webpage-von-wobeser-2026.replit.app/abogado/andoni-garza,https://webpage-von-wobeser-2026.replit.app/abogado/andoni-garza,200,Correcto,text/html; charset=utf-8,80571,
Andoni Garza,Replit,EN,https://webpage-von-wobeser-2026.replit.app/lawyer/andoni-garza?lang=en,https://webpage-von-wobeser-2026.replit.app/lawyer/andoni-garza?lang=en,200,Correcto,text/html; charset=utf-8,80483,
Sarah Gibert,Oficial,ES,https://www.vonwobeser.com/index.php/abogado?l=357,https://www.vonwobeser.com/index.php/abogado?l=357,200,Correcto,text/html; charset=utf-8,29980,
Sarah Gibert,Oficial,EN,https://www.vonwobeser.com/index.php/lawyer?l=357,https://www.vonwobeser.com/index.php/lawyer?l=357,200,Correcto,text/html; charset=utf-8,29626,
Sarah Gibert,Replit,ES,https://webpage-von-wobeser-2026.replit.app/abogado/sarah-gibert,https://webpage-von-wobeser-2026.replit.app/abogado/sarah-gibert,200,Correcto,text/html; charset=utf-8,84847,
Sarah Gibert,Replit,EN,https://webpage-von-wobeser-2026.replit.app/lawyer/sarah-gibert?lang=en,https://webpage-von-wobeser-2026.replit.app/lawyer/sarah-gibert?lang=en,200,Correcto,text/html; charset=utf-8,84710,
Regina Godínez,Oficial,ES,https://www.vonwobeser.com/index.php/abogado?l=319,https://www.vonwobeser.com/index.php/abogado?l=319,200,Correcto,text/html; charset=utf-8,29627,
Regina Godínez,Oficial,EN,https://www.vonwobeser.com/index.php/lawyer?l=319,https://www.vonwobeser.com/index.php/lawyer?l=319,200,Correcto,text/html; charset=utf-8,29279,
Regina Godínez,Replit,ES,https://webpage-von-wobeser-2026.replit.app/abogado/regina-godinez,https://webpage-von-wobeser-2026.replit.app/abogado/regina-godinez,200,Correcto,text/html; charset=utf-8,80975,
Regina Godínez,Replit,EN,https://webpage-von-wobeser-2026.replit.app/lawyer/regina-godinez?lang=en,https://webpage-von-wobeser-2026.replit.app/lawyer/regina-godinez?lang=en,200,Correcto,text/html; charset=utf-8,80939,
José Antonio Gómez,Oficial,ES,https://www.vonwobeser.com/index.php/abogado?l=288,https://www.vonwobeser.com/index.php/abogado?l=288,200,Correcto,text/html; charset=utf-8,29573,
José Antonio Gómez,Oficial,EN,https://www.vonwobeser.com/index.php/lawyer?l=288,https://www.vonwobeser.com/index.php/lawyer?l=288,200,Correcto,text/html; charset=utf-8,29266,
José Antonio Gómez,Replit,ES,https://webpage-von-wobeser-2026.replit.app/abogado/jose-antonio-gomez,https://webpage-von-wobeser-2026.replit.app/abogado/jose-antonio-gomez,200,Correcto,text/html; charset=utf-8,81050,
José Antonio Gómez,Replit,EN,https://webpage-von-wobeser-2026.replit.app/lawyer/jose-antonio-gomez?lang=en,https://webpage-von-wobeser-2026.replit.app/lawyer/jose-antonio-gomez?lang=en,200,Correcto,text/html; charset=utf-8,80984,
Mariana Gómez-Vallin,Oficial,ES,https://www.vonwobeser.com/index.php/abogado?l=354,https://www.vonwobeser.com/index.php/abogado?l=354,200,Correcto,text/html; charset=utf-8,32337,
Mariana Gómez-Vallin,Oficial,EN,https://www.vonwobeser.com/index.php/lawyer?l=354,https://www.vonwobeser.com/index.php/lawyer?l=354,200,Correcto,text/html; charset=utf-8,31466,
Mariana Gómez-Vallin,Replit,ES,https://webpage-von-wobeser-2026.replit.app/abogado/mariana-gomez-vallin,https://webpage-von-wobeser-2026.replit.app/abogado/mariana-gomez-vallin,200,Correcto,text/html; charset=utf-8,83173,
Mariana Gómez-Vallin,Replit,EN,https://webpage-von-wobeser-2026.replit.app/lawyer/mariana-gomez-vallin?lang=en,https://webpage-von-wobeser-2026.replit.app/lawyer/mariana-gomez-vallin?lang=en,200,Correcto,text/html; charset=utf-8,82666,
Cinthya González,Oficial,ES,https://www.vonwobeser.com/index.php/abogado?l=217,https://www.vonwobeser.com/index.php/abogado?l=217,200,Correcto,text/html; charset=utf-8,30381,
Cinthya González,Oficial,EN,https://www.vonwobeser.com/index.php/lawyer?l=217,https://www.vonwobeser.com/index.php/lawyer?l=217,200,Correcto,text/html; charset=utf-8,30063,
Cinthya González,Replit,ES,https://webpage-von-wobeser-2026.replit.app/abogado/cinthya-gonzalez,https://webpage-von-wobeser-2026.replit.app/abogado/cinthya-gonzalez,200,Correcto,text/html; charset=utf-8,82225,
Cinthya González,Replit,EN,https://webpage-von-wobeser-2026.replit.app/lawyer/cinthya-gonzalez?lang=en,https://webpage-von-wobeser-2026.replit.app/lawyer/cinthya-gonzalez?lang=en,200,Correcto,text/html; charset=utf-8,82128,
Eliana González,Oficial,ES,https://www.vonwobeser.com/index.php/abogado?l=427,https://www.vonwobeser.com/index.php/abogado?l=427,200,Correcto,text/html; charset=utf-8,28691,
Eliana González,Oficial,EN,https://www.vonwobeser.com/index.php/lawyer?l=427,https://www.vonwobeser.com/index.php/lawyer?l=427,200,Correcto,text/html; charset=utf-8,28502,
Eliana González,Replit,ES,https://webpage-von-wobeser-2026.replit.app/abogado/eliana-gonzalez,https://webpage-von-wobeser-2026.replit.app/abogado/eliana-gonzalez,200,Correcto,text/html; charset=utf-8,80822,
Eliana González,Replit,EN,https://webpage-von-wobeser-2026.replit.app/lawyer/eliana-gonzalez?lang=en,https://webpage-von-wobeser-2026.replit.app/lawyer/eliana-gonzalez?lang=en,200,Correcto,text/html; charset=utf-8,80793,
Regina González,Oficial,ES,https://www.vonwobeser.com/index.php/abogado?l=437,https://www.vonwobeser.com/index.php/abogado?l=437,200,Correcto,text/html; charset=utf-8,29445,
Regina González,Oficial,EN,https://www.vonwobeser.com/index.php/lawyer?l=437,https://www.vonwobeser.com/index.php/lawyer?l=437,200,Correcto,text/html; charset=utf-8,29216,
Regina González,Replit,ES,https://webpage-von-wobeser-2026.replit.app/abogado/regina-gonzalez,https://webpage-von-wobeser-2026.replit.app/abogado/regina-gonzalez,200,Correcto,text/html; charset=utf-8,83521,
Regina González,Replit,EN,https://webpage-von-wobeser-2026.replit.app/lawyer/regina-gonzalez?lang=en,https://webpage-von-wobeser-2026.replit.app/lawyer/regina-gonzalez?lang=en,200,Correcto,text/html; charset=utf-8,83470,
Ana Victoria Guevara,Oficial,ES,https://www.vonwobeser.com/index.php/abogado?l=403,https://www.vonwobeser.com/index.php/abogado?l=403,200,Correcto,text/html; charset=utf-8,28972,
Ana Victoria Guevara,Oficial,EN,https://www.vonwobeser.com/index.php/lawyer?l=403,https://www.vonwobeser.com/index.php/lawyer?l=403,200,Correcto,text/html; charset=utf-8,28883,
Ana Victoria Guevara,Replit,ES,https://webpage-von-wobeser-2026.replit.app/abogado/ana-victoria-guevara,https://webpage-von-wobeser-2026.replit.app/abogado/ana-victoria-guevara,200,Correcto,text/html; charset=utf-8,82417,
Ana Victoria Guevara,Replit,EN,https://webpage-von-wobeser-2026.replit.app/lawyer/ana-victoria-guevara?lang=en,https://webpage-von-wobeser-2026.replit.app/lawyer/ana-victoria-guevara?lang=en,200,Correcto,text/html; charset=utf-8,82469,
Arturo Hernández,Oficial,ES,https://www.vonwobeser.com/index.php/abogado?l=436,https://www.vonwobeser.com/index.php/abogado?l=436,200,Correcto,text/html; charset=utf-8,30070,
Arturo Hernández,Oficial,EN,https://www.vonwobeser.com/index.php/lawyer?l=436,https://www.vonwobeser.com/index.php/lawyer?l=436,200,Correcto,text/html; charset=utf-8,29804,
Arturo Hernández,Replit,ES,https://webpage-von-wobeser-2026.replit.app/abogado/arturo-hernandez,https://webpage-von-wobeser-2026.replit.app/abogado/arturo-hernandez,200,Correcto,text/html; charset=utf-8,84220,
Arturo Hernández,Replit,EN,https://webpage-von-wobeser-2026.replit.app/lawyer/arturo-hernandez?lang=en,https://webpage-von-wobeser-2026.replit.app/lawyer/arturo-hernandez?lang=en,200,Correcto,text/html; charset=utf-8,83868,
Gastón Hinojosa,Oficial,ES,https://www.vonwobeser.com/index.php/abogado?l=346,https://www.vonwobeser.com/index.php/abogado?l=346,200,Correcto,text/html; charset=utf-8,31201,
Gastón Hinojosa,Oficial,EN,https://www.vonwobeser.com/index.php/lawyer?l=346,https://www.vonwobeser.com/index.php/lawyer?l=346,200,Correcto,text/html; charset=utf-8,30831,
Gastón Hinojosa,Replit,ES,https://webpage-von-wobeser-2026.replit.app/abogado/gaston-hinojosa,https://webpage-von-wobeser-2026.replit.app/abogado/gaston-hinojosa,200,Correcto,text/html; charset=utf-8,82513,
Gastón Hinojosa,Replit,EN,https://webpage-von-wobeser-2026.replit.app/lawyer/gaston-hinojosa?lang=en,https://webpage-von-wobeser-2026.replit.app/lawyer/gaston-hinojosa?lang=en,200,Correcto,text/html; charset=utf-8,82325,
Amanda Ibáñez,Oficial,ES,https://www.vonwobeser.com/index.php/abogado?l=430,https://www.vonwobeser.com/index.php/abogado?l=430,200,Correcto,text/html; charset=utf-8,30206,
Amanda Ibáñez,Oficial,EN,https://www.vonwobeser.com/index.php/lawyer?l=430,https://www.vonwobeser.com/index.php/lawyer?l=430,200,Correcto,text/html; charset=utf-8,30003,
Amanda Ibáñez,Replit,ES,https://webpage-von-wobeser-2026.replit.app/abogado/amanda-ibanez,https://webpage-von-wobeser-2026.replit.app/abogado/amanda-ibanez,200,Correcto,text/html; charset=utf-8,81958,
Amanda Ibáñez,Replit,EN,https://webpage-von-wobeser-2026.replit.app/lawyer/amanda-ibanez?lang=en,https://webpage-von-wobeser-2026.replit.app/lawyer/amanda-ibanez?lang=en,200,Correcto,text/html; charset=utf-8,81912,
Elías Jalife,Oficial,ES,https://www.vonwobeser.com/index.php/abogado?l=246,https://www.vonwobeser.com/index.php/abogado?l=246,200,Correcto,text/html; charset=utf-8,29613,
Elías Jalife,Oficial,EN,https://www.vonwobeser.com/index.php/lawyer?l=246,https://www.vonwobeser.com/index.php/lawyer?l=246,200,Correcto,text/html; charset=utf-8,29273,
Elías Jalife,Replit,ES,https://webpage-von-wobeser-2026.replit.app/abogado/elias-jalife,https://webpage-von-wobeser-2026.replit.app/abogado/elias-jalife,200,Correcto,text/html; charset=utf-8,81162,
Elías Jalife,Replit,EN,https://webpage-von-wobeser-2026.replit.app/lawyer/elias-jalife?lang=en,https://webpage-von-wobeser-2026.replit.app/lawyer/elias-jalife?lang=en,200,Correcto,text/html; charset=utf-8,81051,
Andrés Jiménez,Oficial,ES,https://www.vonwobeser.com/index.php/abogado?l=416,https://www.vonwobeser.com/index.php/abogado?l=416,200,Correcto,text/html; charset=utf-8,28574,
Andrés Jiménez,Oficial,EN,https://www.vonwobeser.com/index.php/lawyer?l=416,https://www.vonwobeser.com/index.php/lawyer?l=416,200,Correcto,text/html; charset=utf-8,28365,
Andrés Jiménez,Replit,ES,https://webpage-von-wobeser-2026.replit.app/abogado/andres-jimenez,https://webpage-von-wobeser-2026.replit.app/abogado/andres-jimenez,200,Correcto,text/html; charset=utf-8,80409,
Andrés Jiménez,Replit,EN,https://webpage-von-wobeser-2026.replit.app/lawyer/andres-jimenez?lang=en,https://webpage-von-wobeser-2026.replit.app/lawyer/andres-jimenez?lang=en,200,Correcto,text/html; charset=utf-8,80417,
Dolores Jiménez,Oficial,ES,https://www.vonwobeser.com/index.php/abogado?l=383,https://www.vonwobeser.com/index.php/abogado?l=383,200,Correcto,text/html; charset=utf-8,28488,
Dolores Jiménez,Oficial,EN,https://www.vonwobeser.com/index.php/lawyer?l=383,https://www.vonwobeser.com/index.php/lawyer?l=383,200,Correcto,text/html; charset=utf-8,28347,
Dolores Jiménez,Replit,ES,https://webpage-von-wobeser-2026.replit.app/abogado/dolores-jimenez,https://webpage-von-wobeser-2026.replit.app/abogado/dolores-jimenez,200,Correcto,text/html; charset=utf-8,80727,
Dolores Jiménez,Replit,EN,https://webpage-von-wobeser-2026.replit.app/lawyer/dolores-jimenez?lang=en,https://webpage-von-wobeser-2026.replit.app/lawyer/dolores-jimenez?lang=en,200,Correcto,text/html; charset=utf-8,80764,
Mercedes Jiménez Roel,Oficial,ES,https://www.vonwobeser.com/index.php/abogado?l=412,https://www.vonwobeser.com/index.php/abogado?l=412,200,Correcto,text/html; charset=utf-8,28722,
Mercedes Jiménez Roel,Oficial,EN,https://www.vonwobeser.com/index.php/lawyer?l=412,https://www.vonwobeser.com/index.php/lawyer?l=412,200,Correcto,text/html; charset=utf-8,28543,
Mercedes Jiménez Roel,Replit,ES,https://webpage-von-wobeser-2026.replit.app/abogado/mercedes-jimenez-roel,https://webpage-von-wobeser-2026.replit.app/abogado/mercedes-jimenez-roel,200,Correcto,text/html; charset=utf-8,80436,
Mercedes Jiménez Roel,Replit,EN,https://webpage-von-wobeser-2026.replit.app/lawyer/mercedes-jimenez-roel?lang=en,https://webpage-von-wobeser-2026.replit.app/lawyer/mercedes-jimenez-roel?lang=en,200,Correcto,text/html; charset=utf-8,80510,
Alfonso Leñero,Oficial,ES,https://www.vonwobeser.com/index.php/abogado?l=360,https://www.vonwobeser.com/index.php/abogado?l=360,200,Correcto,text/html; charset=utf-8,29967,
Alfonso Leñero,Oficial,EN,https://www.vonwobeser.com/index.php/lawyer?l=360,https://www.vonwobeser.com/index.php/lawyer?l=360,200,Correcto,text/html; charset=utf-8,29664,
Alfonso Leñero,Replit,ES,https://webpage-von-wobeser-2026.replit.app/abogado/alfonso-lenero,https://webpage-von-wobeser-2026.replit.app/abogado/alfonso-lenero,200,Correcto,text/html; charset=utf-8,81259,
Alfonso Leñero,Replit,EN,https://webpage-von-wobeser-2026.replit.app/lawyer/alfonso-lenero?lang=en,https://webpage-von-wobeser-2026.replit.app/lawyer/alfonso-lenero?lang=en,200,Correcto,text/html; charset=utf-8,81232,
Margarita Lima,Oficial,ES,https://www.vonwobeser.com/index.php/abogado?l=451,https://www.vonwobeser.com/index.php/abogado?l=451,200,Correcto,text/html; charset=utf-8,28940,
Margarita Lima,Oficial,EN,https://www.vonwobeser.com/index.php/lawyer?l=451,https://www.vonwobeser.com/index.php/lawyer?l=451,200,Correcto,text/html; charset=utf-8,28702,
Margarita Lima,Replit,ES,https://webpage-von-wobeser-2026.replit.app/abogado/margarita-lima,https://webpage-von-wobeser-2026.replit.app/abogado/margarita-lima,200,Correcto,text/html; charset=utf-8,80709,
Margarita Lima,Replit,EN,https://webpage-von-wobeser-2026.replit.app/lawyer/margarita-lima?lang=en,https://webpage-von-wobeser-2026.replit.app/lawyer/margarita-lima?lang=en,200,Correcto,text/html; charset=utf-8,80659,
Stefania Lopardo,Oficial,ES,https://www.vonwobeser.com/index.php/abogado?l=408,https://www.vonwobeser.com/index.php/abogado?l=408,200,Correcto,text/html; charset=utf-8,28413,
Stefania Lopardo,Oficial,EN,https://www.vonwobeser.com/index.php/lawyer?l=408,https://www.vonwobeser.com/index.php/lawyer?l=408,200,Correcto,text/html; charset=utf-8,28233,
Stefania Lopardo,Replit,ES,https://webpage-von-wobeser-2026.replit.app/abogado/stefania-lopardo,https://webpage-von-wobeser-2026.replit.app/abogado/stefania-lopardo,200,Correcto,text/html; charset=utf-8,80509,
Stefania Lopardo,Replit,EN,https://webpage-von-wobeser-2026.replit.app/lawyer/stefania-lopardo?lang=en,https://webpage-von-wobeser-2026.replit.app/lawyer/stefania-lopardo?lang=en,200,Correcto,text/html; charset=utf-8,80455,
Diego Lozada,Oficial,ES,https://www.vonwobeser.com/index.php/abogado?l=438,https://www.vonwobeser.com/index.php/abogado?l=438,200,Correcto,text/html; charset=utf-8,30464,
Diego Lozada,Oficial,EN,https://www.vonwobeser.com/index.php/lawyer?l=438,https://www.vonwobeser.com/index.php/lawyer?l=438,200,Correcto,text/html; charset=utf-8,30131,
Diego Lozada,Replit,ES,https://webpage-von-wobeser-2026.replit.app/abogado/diego-lozada,https://webpage-von-wobeser-2026.replit.app/abogado/diego-lozada,200,Correcto,text/html; charset=utf-8,82484,
Diego Lozada,Replit,EN,https://webpage-von-wobeser-2026.replit.app/lawyer/diego-lozada?lang=en,https://webpage-von-wobeser-2026.replit.app/lawyer/diego-lozada?lang=en,200,Correcto,text/html; charset=utf-8,82304,
Déborah Luengo,Oficial,ES,https://www.vonwobeser.com/index.php/abogado?l=334,https://www.vonwobeser.com/index.php/abogado?l=334,200,Correcto,text/html; charset=utf-8,28752,
Déborah Luengo,Oficial,EN,https://www.vonwobeser.com/index.php/lawyer?l=334,https://www.vonwobeser.com/index.php/lawyer?l=334,200,Correcto,text/html; charset=utf-8,28499,
Déborah Luengo,Replit,ES,https://webpage-von-wobeser-2026.replit.app/abogado/deborah-luengo,https://webpage-von-wobeser-2026.replit.app/abogado/deborah-luengo,200,Correcto,text/html; charset=utf-8,80958,
Déborah Luengo,Replit,EN,https://webpage-von-wobeser-2026.replit.app/lawyer/deborah-luengo?lang=en,https://webpage-von-wobeser-2026.replit.app/lawyer/deborah-luengo?lang=en,200,Correcto,text/html; charset=utf-8,80840,
Mario Lugo,Oficial,ES,https://www.vonwobeser.com/index.php/abogado?l=344,https://www.vonwobeser.com/index.php/abogado?l=344,200,Correcto,text/html; charset=utf-8,30567,
Mario Lugo,Oficial,EN,https://www.vonwobeser.com/index.php/lawyer?l=344,https://www.vonwobeser.com/index.php/lawyer?l=344,200,Correcto,text/html; charset=utf-8,30021,
Mario Lugo,Replit,ES,https://webpage-von-wobeser-2026.replit.app/abogado/mario-lugo,https://webpage-von-wobeser-2026.replit.app/abogado/mario-lugo,200,Correcto,text/html; charset=utf-8,82312,
Mario Lugo,Replit,EN,https://webpage-von-wobeser-2026.replit.app/lawyer/mario-lugo?lang=en,https://webpage-von-wobeser-2026.replit.app/lawyer/mario-lugo?lang=en,200,Correcto,text/html; charset=utf-8,82138,
Julián Luna,Oficial,ES,https://www.vonwobeser.com/index.php/abogado?l=449,https://www.vonwobeser.com/index.php/abogado?l=449,200,Correcto,text/html; charset=utf-8,29573,
Julián Luna,Oficial,EN,https://www.vonwobeser.com/index.php/lawyer?l=449,https://www.vonwobeser.com/index.php/lawyer?l=449,200,Correcto,text/html; charset=utf-8,29352,
Julián Luna,Replit,ES,https://webpage-von-wobeser-2026.replit.app/abogado/julian-luna,https://webpage-von-wobeser-2026.replit.app/abogado/julian-luna,200,Correcto,text/html; charset=utf-8,81667,
Julián Luna,Replit,EN,https://webpage-von-wobeser-2026.replit.app/lawyer/julian-luna?lang=en,https://webpage-von-wobeser-2026.replit.app/lawyer/julian-luna?lang=en,200,Correcto,text/html; charset=utf-8,81575,
Libna Macías,Oficial,ES,https://www.vonwobeser.com/index.php/abogado?l=300,https://www.vonwobeser.com/index.php/abogado?l=300,200,Correcto,text/html; charset=utf-8,29383,
Libna Macías,Oficial,EN,https://www.vonwobeser.com/index.php/lawyer?l=300,https://www.vonwobeser.com/index.php/lawyer?l=300,200,Correcto,text/html; charset=utf-8,29054,
Libna Macías,Replit,ES,https://webpage-von-wobeser-2026.replit.app/abogado/libna-macias,https://webpage-von-wobeser-2026.replit.app/abogado/libna-macias,200,Correcto,text/html; charset=utf-8,81161,
Libna Macías,Replit,EN,https://webpage-von-wobeser-2026.replit.app/lawyer/libna-macias?lang=en,https://webpage-von-wobeser-2026.replit.app/lawyer/libna-macias?lang=en,200,Correcto,text/html; charset=utf-8,81061,
Laura Maldonado,Oficial,ES,https://www.vonwobeser.com/index.php/abogado?l=173,https://www.vonwobeser.com/index.php/abogado?l=173,200,Correcto,text/html; charset=utf-8,30117,
Laura Maldonado,Oficial,EN,https://www.vonwobeser.com/index.php/lawyer?l=173,https://www.vonwobeser.com/index.php/lawyer?l=173,200,Correcto,text/html; charset=utf-8,29837,
Laura Maldonado,Replit,ES,https://webpage-von-wobeser-2026.replit.app/abogado/laura-maldonado,https://webpage-von-wobeser-2026.replit.app/abogado/laura-maldonado,200,Correcto,text/html; charset=utf-8,82109,
Laura Maldonado,Replit,EN,https://webpage-von-wobeser-2026.replit.app/lawyer/laura-maldonado?lang=en,https://webpage-von-wobeser-2026.replit.app/lawyer/laura-maldonado?lang=en,200,Correcto,text/html; charset=utf-8,82015,
Gabriela Mancha,Oficial,ES,https://www.vonwobeser.com/index.php/abogado?l=445,https://www.vonwobeser.com/index.php/abogado?l=445,200,Correcto,text/html; charset=utf-8,29118,
Gabriela Mancha,Oficial,EN,https://www.vonwobeser.com/index.php/lawyer?l=445,https://www.vonwobeser.com/index.php/lawyer?l=445,200,Correcto,text/html; charset=utf-8,28910,
Gabriela Mancha,Replit,ES,https://webpage-von-wobeser-2026.replit.app/abogado/gabriela-mancha,https://webpage-von-wobeser-2026.replit.app/abogado/gabriela-mancha,200,Correcto,text/html; charset=utf-8,81094,
Gabriela Mancha,Replit,EN,https://webpage-von-wobeser-2026.replit.app/lawyer/gabriela-mancha?lang=en,https://webpage-von-wobeser-2026.replit.app/lawyer/gabriela-mancha?lang=en,200,Correcto,text/html; charset=utf-8,81039,
Fernando Mancilla,Oficial,ES,https://www.vonwobeser.com/index.php/abogado?l=376,https://www.vonwobeser.com/index.php/abogado?l=376,200,Correcto,text/html; charset=utf-8,28472,
Fernando Mancilla,Oficial,EN,https://www.vonwobeser.com/index.php/lawyer?l=376,https://www.vonwobeser.com/index.php/lawyer?l=376,200,Correcto,text/html; charset=utf-8,28304,
Fernando Mancilla,Replit,ES,https://webpage-von-wobeser-2026.replit.app/abogado/fernando-mancilla,https://webpage-von-wobeser-2026.replit.app/abogado/fernando-mancilla,200,Correcto,text/html; charset=utf-8,83078,
Fernando Mancilla,Replit,EN,https://webpage-von-wobeser-2026.replit.app/lawyer/fernando-mancilla?lang=en,https://webpage-von-wobeser-2026.replit.app/lawyer/fernando-mancilla?lang=en,200,Correcto,text/html; charset=utf-8,82874,
Alondra Marín,Oficial,ES,https://www.vonwobeser.com/index.php/abogado?l=407,https://www.vonwobeser.com/index.php/abogado?l=407,200,Correcto,text/html; charset=utf-8,29366,
Alondra Marín,Oficial,EN,https://www.vonwobeser.com/index.php/lawyer?l=407,https://www.vonwobeser.com/index.php/lawyer?l=407,200,Correcto,text/html; charset=utf-8,29121,
Alondra Marín,Replit,ES,https://webpage-von-wobeser-2026.replit.app/abogado/alondra-marin,https://webpage-von-wobeser-2026.replit.app/abogado/alondra-marin,200,Correcto,text/html; charset=utf-8,80809,
Alondra Marín,Replit,EN,https://webpage-von-wobeser-2026.replit.app/lawyer/alondra-marin?lang=en,https://webpage-von-wobeser-2026.replit.app/lawyer/alondra-marin?lang=en,200,Correcto,text/html; charset=utf-8,80809,
Adrián Martínez,Oficial,ES,https://www.vonwobeser.com/index.php/abogado?l=443,https://www.vonwobeser.com/index.php/abogado?l=443,200,Correcto,text/html; charset=utf-8,29611,
Adrián Martínez,Oficial,EN,https://www.vonwobeser.com/index.php/lawyer?l=443,https://www.vonwobeser.com/index.php/lawyer?l=443,200,Correcto,text/html; charset=utf-8,29350,
Adrián Martínez,Replit,ES,https://webpage-von-wobeser-2026.replit.app/abogado/adrian-martinez,https://webpage-von-wobeser-2026.replit.app/abogado/adrian-martinez,200,Correcto,text/html; charset=utf-8,81378,
Adrián Martínez,Replit,EN,https://webpage-von-wobeser-2026.replit.app/lawyer/adrian-martinez?lang=en,https://webpage-von-wobeser-2026.replit.app/lawyer/adrian-martinez?lang=en,200,Correcto,text/html; charset=utf-8,81319,
Alexa Mendivil,Oficial,ES,https://www.vonwobeser.com/index.php/abogado?l=418,https://www.vonwobeser.com/index.php/abogado?l=418,200,Correcto,text/html; charset=utf-8,29134,
Alexa Mendivil,Oficial,EN,https://www.vonwobeser.com/index.php/lawyer?l=418,https://www.vonwobeser.com/index.php/lawyer?l=418,200,Correcto,text/html; charset=utf-8,28975,
Alexa Mendivil,Replit,ES,https://webpage-von-wobeser-2026.replit.app/abogado/alexa-mendivil,https://webpage-von-wobeser-2026.replit.app/abogado/alexa-mendivil,200,Correcto,text/html; charset=utf-8,81334,
Alexa Mendivil,Replit,EN,https://webpage-von-wobeser-2026.replit.app/lawyer/alexa-mendivil?lang=en,https://webpage-von-wobeser-2026.replit.app/lawyer/alexa-mendivil?lang=en,200,Correcto,text/html; charset=utf-8,81319,
Max Morales,Oficial,ES,https://www.vonwobeser.com/index.php/abogado?l=298,https://www.vonwobeser.com/index.php/abogado?l=298,200,Correcto,text/html; charset=utf-8,30853,
Max Morales,Oficial,EN,https://www.vonwobeser.com/index.php/lawyer?l=298,https://www.vonwobeser.com/index.php/lawyer?l=298,200,Correcto,text/html; charset=utf-8,30291,
Max Morales,Replit,ES,https://webpage-von-wobeser-2026.replit.app/abogado/max-morales,https://webpage-von-wobeser-2026.replit.app/abogado/max-morales,200,Correcto,text/html; charset=utf-8,86732,
Max Morales,Replit,EN,https://webpage-von-wobeser-2026.replit.app/lawyer/max-morales?lang=en,https://webpage-von-wobeser-2026.replit.app/lawyer/max-morales?lang=en,200,Correcto,text/html; charset=utf-8,87417,
Gabriela Negrete,Oficial,ES,https://www.vonwobeser.com/index.php/abogado?l=181,https://www.vonwobeser.com/index.php/abogado?l=181,200,Correcto,text/html; charset=utf-8,30430,
Gabriela Negrete,Oficial,EN,https://www.vonwobeser.com/index.php/lawyer?l=181,https://www.vonwobeser.com/index.php/lawyer?l=181,200,Correcto,text/html; charset=utf-8,30206,
Gabriela Negrete,Replit,ES,https://webpage-von-wobeser-2026.replit.app/abogado/gabriela-negrete,https://webpage-von-wobeser-2026.replit.app/abogado/gabriela-negrete,200,Correcto,text/html; charset=utf-8,81820,
Gabriela Negrete,Replit,EN,https://webpage-von-wobeser-2026.replit.app/lawyer/gabriela-negrete?lang=en,https://webpage-von-wobeser-2026.replit.app/lawyer/gabriela-negrete?lang=en,200,Correcto,text/html; charset=utf-8,81781,
Sara Ortiz,Oficial,ES,https://www.vonwobeser.com/index.php/abogado?l=322,https://www.vonwobeser.com/index.php/abogado?l=322,200,Correcto,text/html; charset=utf-8,29372,
Sara Ortiz,Oficial,EN,https://www.vonwobeser.com/index.php/lawyer?l=322,https://www.vonwobeser.com/index.php/lawyer?l=322,200,Correcto,text/html; charset=utf-8,29039,
Sara Ortiz,Replit,ES,https://webpage-von-wobeser-2026.replit.app/abogado/sara-ortiz,https://webpage-von-wobeser-2026.replit.app/abogado/sara-ortiz,200,Correcto,text/html; charset=utf-8,81232,
Sara Ortiz,Replit,EN,https://webpage-von-wobeser-2026.replit.app/lawyer/sara-ortiz?lang=en,https://webpage-von-wobeser-2026.replit.app/lawyer/sara-ortiz?lang=en,200,Correcto,text/html; charset=utf-8,81061,
Cynthia Osio,Oficial,ES,https://www.vonwobeser.com/index.php/abogado?l=342,https://www.vonwobeser.com/index.php/abogado?l=342,200,Correcto,text/html; charset=utf-8,29142,
Cynthia Osio,Oficial,EN,https://www.vonwobeser.com/index.php/lawyer?l=342,https://www.vonwobeser.com/index.php/lawyer?l=342,200,Correcto,text/html; charset=utf-8,28897,
Cynthia Osio,Replit,ES,https://webpage-von-wobeser-2026.replit.app/abogado/cynthia-osio,https://webpage-von-wobeser-2026.replit.app/abogado/cynthia-osio,200,Correcto,text/html; charset=utf-8,80722,
Cynthia Osio,Replit,EN,https://webpage-von-wobeser-2026.replit.app/lawyer/cynthia-osio?lang=en,https://webpage-von-wobeser-2026.replit.app/lawyer/cynthia-osio?lang=en,200,Correcto,text/html; charset=utf-8,80714,
Gustavo Padilla,Oficial,ES,https://www.vonwobeser.com/index.php/abogado?l=428,https://www.vonwobeser.com/index.php/abogado?l=428,200,Correcto,text/html; charset=utf-8,28975,
Gustavo Padilla,Oficial,EN,https://www.vonwobeser.com/index.php/lawyer?l=428,https://www.vonwobeser.com/index.php/lawyer?l=428,200,Correcto,text/html; charset=utf-8,28738,
Gustavo Padilla,Replit,ES,https://webpage-von-wobeser-2026.replit.app/abogado/gustavo-padilla,https://webpage-von-wobeser-2026.replit.app/abogado/gustavo-padilla,200,Correcto,text/html; charset=utf-8,81047,
Gustavo Padilla,Replit,EN,https://webpage-von-wobeser-2026.replit.app/lawyer/gustavo-padilla?lang=en,https://webpage-von-wobeser-2026.replit.app/lawyer/gustavo-padilla?lang=en,200,Correcto,text/html; charset=utf-8,80944,
Ernesto Palomares,Oficial,ES,https://www.vonwobeser.com/index.php/abogado?l=216,https://www.vonwobeser.com/index.php/abogado?l=216,200,Correcto,text/html; charset=utf-8,31525,
Ernesto Palomares,Oficial,EN,https://www.vonwobeser.com/index.php/lawyer?l=216,https://www.vonwobeser.com/index.php/lawyer?l=216,200,Correcto,text/html; charset=utf-8,30829,
Ernesto Palomares,Replit,ES,https://webpage-von-wobeser-2026.replit.app/abogado/ernesto-palomares,https://webpage-von-wobeser-2026.replit.app/abogado/ernesto-palomares,200,Correcto,text/html; charset=utf-8,83151,
Ernesto Palomares,Replit,EN,https://webpage-von-wobeser-2026.replit.app/lawyer/ernesto-palomares?lang=en,https://webpage-von-wobeser-2026.replit.app/lawyer/ernesto-palomares?lang=en,200,Correcto,text/html; charset=utf-8,82698,
Ileana Pantiga,Oficial,ES,https://www.vonwobeser.com/index.php/abogado?l=351,https://www.vonwobeser.com/index.php/abogado?l=351,200,Correcto,text/html; charset=utf-8,28450,
Ileana Pantiga,Oficial,EN,https://www.vonwobeser.com/index.php/lawyer?l=351,https://www.vonwobeser.com/index.php/lawyer?l=351,200,Correcto,text/html; charset=utf-8,28213,
Ileana Pantiga,Replit,ES,https://webpage-von-wobeser-2026.replit.app/abogado/ileana-pantiga,https://webpage-von-wobeser-2026.replit.app/abogado/ileana-pantiga,200,Correcto,text/html; charset=utf-8,80707,
Ileana Pantiga,Replit,EN,https://webpage-von-wobeser-2026.replit.app/lawyer/ileana-pantiga?lang=en,https://webpage-von-wobeser-2026.replit.app/lawyer/ileana-pantiga?lang=en,200,Correcto,text/html; charset=utf-8,80626,
Alejandro Pérez,Oficial,ES,https://www.vonwobeser.com/index.php/abogado?l=297,https://www.vonwobeser.com/index.php/abogado?l=297,200,Correcto,text/html; charset=utf-8,29803,
Alejandro Pérez,Oficial,EN,https://www.vonwobeser.com/index.php/lawyer?l=297,https://www.vonwobeser.com/index.php/lawyer?l=297,200,Correcto,text/html; charset=utf-8,29422,
Alejandro Pérez,Replit,ES,https://webpage-von-wobeser-2026.replit.app/abogado/alejandro-perez,https://webpage-von-wobeser-2026.replit.app/abogado/alejandro-perez,200,Correcto,text/html; charset=utf-8,83613,
Alejandro Pérez,Replit,EN,https://webpage-von-wobeser-2026.replit.app/lawyer/alejandro-perez?lang=en,https://webpage-von-wobeser-2026.replit.app/lawyer/alejandro-perez?lang=en,200,Correcto,text/html; charset=utf-8,83467,
Liliana Pérez,Oficial,ES,https://www.vonwobeser.com/index.php/abogado?l=362,https://www.vonwobeser.com/index.php/abogado?l=362,200,Correcto,text/html; charset=utf-8,29546,
Liliana Pérez,Oficial,EN,https://www.vonwobeser.com/index.php/lawyer?l=362,https://www.vonwobeser.com/index.php/lawyer?l=362,200,Correcto,text/html; charset=utf-8,29114,
Liliana Pérez,Replit,ES,https://webpage-von-wobeser-2026.replit.app/abogado/liliana-perez,https://webpage-von-wobeser-2026.replit.app/abogado/liliana-perez,200,Correcto,text/html; charset=utf-8,81633,
Liliana Pérez,Replit,EN,https://webpage-von-wobeser-2026.replit.app/lawyer/liliana-perez?lang=en,https://webpage-von-wobeser-2026.replit.app/lawyer/liliana-perez?lang=en,200,Correcto,text/html; charset=utf-8,81297,
Daniela Pons,Oficial,ES,https://www.vonwobeser.com/index.php/abogado?l=398,https://www.vonwobeser.com/index.php/abogado?l=398,200,Correcto,text/html; charset=utf-8,29006,
Daniela Pons,Oficial,EN,https://www.vonwobeser.com/index.php/lawyer?l=398,https://www.vonwobeser.com/index.php/lawyer?l=398,200,Correcto,text/html; charset=utf-8,28785,
Daniela Pons,Replit,ES,https://webpage-von-wobeser-2026.replit.app/abogado/daniela-pons,https://webpage-von-wobeser-2026.replit.app/abogado/daniela-pons,200,Correcto,text/html; charset=utf-8,80975,
Daniela Pons,Replit,EN,https://webpage-von-wobeser-2026.replit.app/lawyer/daniela-pons?lang=en,https://webpage-von-wobeser-2026.replit.app/lawyer/daniela-pons?lang=en,200,Correcto,text/html; charset=utf-8,80878,
Christian Ramírez,Oficial,ES,https://www.vonwobeser.com/index.php/abogado?l=384,https://www.vonwobeser.com/index.php/abogado?l=384,200,Correcto,text/html; charset=utf-8,28455,
Christian Ramírez,Oficial,EN,https://www.vonwobeser.com/index.php/lawyer?l=384,https://www.vonwobeser.com/index.php/lawyer?l=384,200,Correcto,text/html; charset=utf-8,28263,
Christian Ramírez,Replit,ES,https://webpage-von-wobeser-2026.replit.app/abogado/christian-ramirez,https://webpage-von-wobeser-2026.replit.app/abogado/christian-ramirez,200,Correcto,text/html; charset=utf-8,80550,
Christian Ramírez,Replit,EN,https://webpage-von-wobeser-2026.replit.app/lawyer/christian-ramirez?lang=en,https://webpage-von-wobeser-2026.replit.app/lawyer/christian-ramirez?lang=en,200,Correcto,text/html; charset=utf-8,80495,
Juan Arturo Ramos Robles,Oficial,ES,https://www.vonwobeser.com/index.php/abogado?l=450,https://www.vonwobeser.com/index.php/abogado?l=450,200,Correcto,text/html; charset=utf-8,29155,
Juan Arturo Ramos Robles,Oficial,EN,https://www.vonwobeser.com/index.php/lawyer?l=450,https://www.vonwobeser.com/index.php/lawyer?l=450,200,Correcto,text/html; charset=utf-8,28921,
Juan Arturo Ramos Robles,Replit,ES,https://webpage-von-wobeser-2026.replit.app/abogado/juan-arturo-ramos-robles,https://webpage-von-wobeser-2026.replit.app/abogado/juan-arturo-ramos-robles,200,Correcto,text/html; charset=utf-8,81255,
Juan Arturo Ramos Robles,Replit,EN,https://webpage-von-wobeser-2026.replit.app/lawyer/juan-arturo-ramos-robles?lang=en,https://webpage-von-wobeser-2026.replit.app/lawyer/juan-arturo-ramos-robles?lang=en,200,Correcto,text/html; charset=utf-8,81210,
Sofía Reyes,Oficial,ES,https://www.vonwobeser.com/index.php/abogado?l=402,https://www.vonwobeser.com/index.php/abogado?l=402,200,Correcto,text/html; charset=utf-8,28948,
Sofía Reyes,Oficial,EN,https://www.vonwobeser.com/index.php/lawyer?l=402,https://www.vonwobeser.com/index.php/lawyer?l=402,200,Correcto,text/html; charset=utf-8,28700,
Sofía Reyes,Replit,ES,https://webpage-von-wobeser-2026.replit.app/abogado/sofia-reyes,https://webpage-von-wobeser-2026.replit.app/abogado/sofia-reyes,200,Correcto,text/html; charset=utf-8,80834,
Sofía Reyes,Replit,EN,https://webpage-von-wobeser-2026.replit.app/lawyer/sofia-reyes?lang=en,https://webpage-von-wobeser-2026.replit.app/lawyer/sofia-reyes?lang=en,200,Correcto,text/html; charset=utf-8,80766,
Patricio Reyes Retana,Oficial,ES,https://www.vonwobeser.com/index.php/abogado?l=395,https://www.vonwobeser.com/index.php/abogado?l=395,200,Correcto,text/html; charset=utf-8,28285,
Patricio Reyes Retana,Oficial,EN,https://www.vonwobeser.com/index.php/lawyer?l=395,https://www.vonwobeser.com/index.php/lawyer?l=395,200,Correcto,text/html; charset=utf-8,28103,
Patricio Reyes Retana,Replit,ES,https://webpage-von-wobeser-2026.replit.app/abogado/patricio-reyes-retana,https://webpage-von-wobeser-2026.replit.app/abogado/patricio-reyes-retana,200,Correcto,text/html; charset=utf-8,80213,
Patricio Reyes Retana,Replit,EN,https://webpage-von-wobeser-2026.replit.app/lawyer/patricio-reyes-retana?lang=en,https://webpage-von-wobeser-2026.replit.app/lawyer/patricio-reyes-retana?lang=en,200,Correcto,text/html; charset=utf-8,80193,
Ricardo Rosas,Oficial,ES,https://www.vonwobeser.com/index.php/abogado?l=326,https://www.vonwobeser.com/index.php/abogado?l=326,200,Correcto,text/html; charset=utf-8,29764,
Ricardo Rosas,Oficial,EN,https://www.vonwobeser.com/index.php/lawyer?l=326,https://www.vonwobeser.com/index.php/lawyer?l=326,200,Correcto,text/html; charset=utf-8,29386,
Ricardo Rosas,Replit,ES,https://webpage-von-wobeser-2026.replit.app/abogado/ricardo-rosas,https://webpage-von-wobeser-2026.replit.app/abogado/ricardo-rosas,200,Correcto,text/html; charset=utf-8,83546,
Ricardo Rosas,Replit,EN,https://webpage-von-wobeser-2026.replit.app/lawyer/ricardo-rosas?lang=en,https://webpage-von-wobeser-2026.replit.app/lawyer/ricardo-rosas?lang=en,200,Correcto,text/html; charset=utf-8,83423,
Ana Ruiz,Oficial,ES,https://www.vonwobeser.com/index.php/abogado?l=359,https://www.vonwobeser.com/index.php/abogado?l=359,200,Correcto,text/html; charset=utf-8,29041,
Ana Ruiz,Oficial,EN,https://www.vonwobeser.com/index.php/lawyer?l=359,https://www.vonwobeser.com/index.php/lawyer?l=359,200,Correcto,text/html; charset=utf-8,28742,
Ana Ruiz,Replit,ES,https://webpage-von-wobeser-2026.replit.app/abogado/ana-ruiz,https://webpage-von-wobeser-2026.replit.app/abogado/ana-ruiz,200,Correcto,text/html; charset=utf-8,83162,
Ana Ruiz,Replit,EN,https://webpage-von-wobeser-2026.replit.app/lawyer/ana-ruiz?lang=en,https://webpage-von-wobeser-2026.replit.app/lawyer/ana-ruiz?lang=en,200,Correcto,text/html; charset=utf-8,82995,
Mariana Salcedo,Oficial,ES,https://www.vonwobeser.com/index.php/abogado?l=446,https://www.vonwobeser.com/index.php/abogado?l=446,200,Correcto,text/html; charset=utf-8,28322,
Mariana Salcedo,Oficial,EN,https://www.vonwobeser.com/index.php/lawyer?l=446,https://www.vonwobeser.com/index.php/lawyer?l=446,200,Correcto,text/html; charset=utf-8,28142,
Mariana Salcedo,Replit,ES,https://webpage-von-wobeser-2026.replit.app/abogado/mariana-salcedo,https://webpage-von-wobeser-2026.replit.app/abogado/mariana-salcedo,200,Correcto,text/html; charset=utf-8,80601,
Mariana Salcedo,Replit,EN,https://webpage-von-wobeser-2026.replit.app/lawyer/mariana-salcedo?lang=en,https://webpage-von-wobeser-2026.replit.app/lawyer/mariana-salcedo?lang=en,200,Correcto,text/html; charset=utf-8,80609,
Efrén Sánchez,Oficial,ES,https://www.vonwobeser.com/index.php/abogado?l=192,https://www.vonwobeser.com/index.php/abogado?l=192,200,Correcto,text/html; charset=utf-8,30441,
Efrén Sánchez,Oficial,EN,https://www.vonwobeser.com/index.php/lawyer?l=192,https://www.vonwobeser.com/index.php/lawyer?l=192,200,Correcto,text/html; charset=utf-8,29944,
Efrén Sánchez,Replit,ES,https://webpage-von-wobeser-2026.replit.app/abogado/efren-sanchez,https://webpage-von-wobeser-2026.replit.app/abogado/efren-sanchez,200,Correcto,text/html; charset=utf-8,83580,
Efrén Sánchez,Replit,EN,https://webpage-von-wobeser-2026.replit.app/lawyer/efren-sanchez?lang=en,https://webpage-von-wobeser-2026.replit.app/lawyer/efren-sanchez?lang=en,200,Correcto,text/html; charset=utf-8,83282,
Héctor Sánchez,Oficial,ES,https://www.vonwobeser.com/index.php/abogado?l=419,https://www.vonwobeser.com/index.php/abogado?l=419,200,Correcto,text/html; charset=utf-8,29384,
Héctor Sánchez,Oficial,EN,https://www.vonwobeser.com/index.php/lawyer?l=419,https://www.vonwobeser.com/index.php/lawyer?l=419,200,Correcto,text/html; charset=utf-8,29170,
Héctor Sánchez,Replit,ES,https://webpage-von-wobeser-2026.replit.app/abogado/hector-sanchez,https://webpage-von-wobeser-2026.replit.app/abogado/hector-sanchez,200,Correcto,text/html; charset=utf-8,86287,
Héctor Sánchez,Replit,EN,https://webpage-von-wobeser-2026.replit.app/lawyer/hector-sanchez?lang=en,https://webpage-von-wobeser-2026.replit.app/lawyer/hector-sanchez?lang=en,200,Correcto,text/html; charset=utf-8,85486,
Jaime Antonio Sánchez,Oficial,ES,https://www.vonwobeser.com/index.php/abogado?l=422,https://www.vonwobeser.com/index.php/abogado?l=422,200,Correcto,text/html; charset=utf-8,28398,
Jaime Antonio Sánchez,Oficial,EN,https://www.vonwobeser.com/index.php/lawyer?l=422,https://www.vonwobeser.com/index.php/lawyer?l=422,200,Correcto,text/html; charset=utf-8,28134,
Jaime Antonio Sánchez,Replit,ES,https://webpage-von-wobeser-2026.replit.app/abogado/jaime-antonio-sanchez,https://webpage-von-wobeser-2026.replit.app/abogado/jaime-antonio-sanchez,200,Correcto,text/html; charset=utf-8,80640,
Jaime Antonio Sánchez,Replit,EN,https://webpage-von-wobeser-2026.replit.app/lawyer/jaime-antonio-sanchez?lang=en,https://webpage-von-wobeser-2026.replit.app/lawyer/jaime-antonio-sanchez?lang=en,200,Correcto,text/html; charset=utf-8,80510,
Michael Schreiber,Oficial,ES,https://www.vonwobeser.com/index.php/abogado?l=400,https://www.vonwobeser.com/index.php/abogado?l=400,200,Correcto,text/html; charset=utf-8,28419,
Michael Schreiber,Oficial,EN,https://www.vonwobeser.com/index.php/lawyer?l=400,https://www.vonwobeser.com/index.php/lawyer?l=400,200,Correcto,text/html; charset=utf-8,28223,
Michael Schreiber,Replit,ES,https://webpage-von-wobeser-2026.replit.app/abogado/michael-schreiber,https://webpage-von-wobeser-2026.replit.app/abogado/michael-schreiber,200,Correcto,text/html; charset=utf-8,80402,
Michael Schreiber,Replit,EN,https://webpage-von-wobeser-2026.replit.app/lawyer/michael-schreiber?lang=en,https://webpage-von-wobeser-2026.replit.app/lawyer/michael-schreiber?lang=en,200,Correcto,text/html; charset=utf-8,80351,
Santiago Torres,Oficial,ES,https://www.vonwobeser.com/index.php/abogado?l=429,https://www.vonwobeser.com/index.php/abogado?l=429,200,Correcto,text/html; charset=utf-8,28796,
Santiago Torres,Oficial,EN,https://www.vonwobeser.com/index.php/lawyer?l=429,https://www.vonwobeser.com/index.php/lawyer?l=429,200,Correcto,text/html; charset=utf-8,28608,
Santiago Torres,Replit,ES,https://webpage-von-wobeser-2026.replit.app/abogado/santiago-torres,https://webpage-von-wobeser-2026.replit.app/abogado/santiago-torres,200,Correcto,text/html; charset=utf-8,86223,
Santiago Torres,Replit,EN,https://webpage-von-wobeser-2026.replit.app/lawyer/santiago-torres?lang=en,https://webpage-von-wobeser-2026.replit.app/lawyer/santiago-torres?lang=en,200,Correcto,text/html; charset=utf-8,86166,
Alejandro Torres,Oficial,ES,https://www.vonwobeser.com/index.php/abogado?l=333,https://www.vonwobeser.com/index.php/abogado?l=333,200,Correcto,text/html; charset=utf-8,30164,
Alejandro Torres,Oficial,EN,https://www.vonwobeser.com/index.php/lawyer?l=333,https://www.vonwobeser.com/index.php/lawyer?l=333,200,Correcto,text/html; charset=utf-8,29931,
Alejandro Torres,Replit,ES,https://webpage-von-wobeser-2026.replit.app/abogado/alejandro-torres-associate,https://webpage-von-wobeser-2026.replit.app/abogado/alejandro-torres-associate,200,Correcto,text/html; charset=utf-8,88096,
Alejandro Torres,Replit,EN,https://webpage-von-wobeser-2026.replit.app/lawyer/alejandro-torres-associate?lang=en,https://webpage-von-wobeser-2026.replit.app/lawyer/alejandro-torres-associate?lang=en,200,Correcto,text/html; charset=utf-8,88443,
Carlos Ugalde,Oficial,ES,https://www.vonwobeser.com/index.php/abogado?l=364,https://www.vonwobeser.com/index.php/abogado?l=364,200,Correcto,text/html; charset=utf-8,30501,
Carlos Ugalde,Oficial,EN,https://www.vonwobeser.com/index.php/lawyer?l=364,https://www.vonwobeser.com/index.php/lawyer?l=364,200,Correcto,text/html; charset=utf-8,30005,
Carlos Ugalde,Replit,ES,https://webpage-von-wobeser-2026.replit.app/abogado/carlos-ugalde,https://webpage-von-wobeser-2026.replit.app/abogado/carlos-ugalde,200,Correcto,text/html; charset=utf-8,81315,
Carlos Ugalde,Replit,EN,https://webpage-von-wobeser-2026.replit.app/lawyer/carlos-ugalde?lang=en,https://webpage-von-wobeser-2026.replit.app/lawyer/carlos-ugalde?lang=en,200,Correcto,text/html; charset=utf-8,81167,
Gustavo Vaca,Oficial,ES,https://www.vonwobeser.com/index.php/abogado?l=425,https://www.vonwobeser.com/index.php/abogado?l=425,200,Correcto,text/html; charset=utf-8,29308,
Gustavo Vaca,Oficial,EN,https://www.vonwobeser.com/index.php/lawyer?l=425,https://www.vonwobeser.com/index.php/lawyer?l=425,200,Correcto,text/html; charset=utf-8,29063,
Gustavo Vaca,Replit,ES,https://webpage-von-wobeser-2026.replit.app/abogado/gustavo-vaca,https://webpage-von-wobeser-2026.replit.app/abogado/gustavo-vaca,200,Correcto,text/html; charset=utf-8,81259,
Gustavo Vaca,Replit,EN,https://webpage-von-wobeser-2026.replit.app/lawyer/gustavo-vaca?lang=en,https://webpage-von-wobeser-2026.replit.app/lawyer/gustavo-vaca?lang=en,200,Correcto,text/html; charset=utf-8,81163,
Jorge Vázquez,Oficial,ES,https://www.vonwobeser.com/index.php/abogado?l=296,https://www.vonwobeser.com/index.php/abogado?l=296,200,Correcto,text/html; charset=utf-8,30563,
Jorge Vázquez,Oficial,EN,https://www.vonwobeser.com/index.php/lawyer?l=296,https://www.vonwobeser.com/index.php/lawyer?l=296,200,Correcto,text/html; charset=utf-8,30131,
Jorge Vázquez,Replit,ES,https://webpage-von-wobeser-2026.replit.app/abogado/jorge-vazquez,https://webpage-von-wobeser-2026.replit.app/abogado/jorge-vazquez,200,Correcto,text/html; charset=utf-8,82046,
Jorge Vázquez,Replit,EN,https://webpage-von-wobeser-2026.replit.app/lawyer/jorge-vazquez?lang=en,https://webpage-von-wobeser-2026.replit.app/lawyer/jorge-vazquez?lang=en,200,Correcto,text/html; charset=utf-8,81856,
Rocío Vega,Oficial,ES,https://www.vonwobeser.com/index.php/abogado?l=200,https://www.vonwobeser.com/index.php/abogado?l=200,200,Correcto,text/html; charset=utf-8,29384,
Rocío Vega,Oficial,EN,https://www.vonwobeser.com/index.php/lawyer?l=200,https://www.vonwobeser.com/index.php/lawyer?l=200,200,Correcto,text/html; charset=utf-8,29052,
Rocío Vega,Replit,ES,https://webpage-von-wobeser-2026.replit.app/abogado/rocio-vega,https://webpage-von-wobeser-2026.replit.app/abogado/rocio-vega,200,Correcto,text/html; charset=utf-8,80937,
Rocío Vega,Replit,EN,https://webpage-von-wobeser-2026.replit.app/lawyer/rocio-vega?lang=en,https://webpage-von-wobeser-2026.replit.app/lawyer/rocio-vega?lang=en,200,Correcto,text/html; charset=utf-8,80873,
María Elisa Vera Madrigal,Oficial,ES,https://www.vonwobeser.com/index.php/abogado?l=455,https://www.vonwobeser.com/index.php/abogado?l=455,200,Correcto,text/html; charset=utf-8,29846,
María Elisa Vera Madrigal,Oficial,EN,https://www.vonwobeser.com/index.php/lawyer?l=455,https://www.vonwobeser.com/index.php/lawyer?l=455,200,Correcto,text/html; charset=utf-8,29579,
María Elisa Vera Madrigal,Replit,ES,https://webpage-von-wobeser-2026.replit.app/abogado/maria-elisa-vera-madrigal,https://webpage-von-wobeser-2026.replit.app/abogado/maria-elisa-vera-madrigal,200,Correcto,text/html; charset=utf-8,84405,
María Elisa Vera Madrigal,Replit,EN,https://webpage-von-wobeser-2026.replit.app/lawyer/maria-elisa-vera-madrigal?lang=en,https://webpage-von-wobeser-2026.replit.app/lawyer/maria-elisa-vera-madrigal?lang=en,200,Correcto,text/html; charset=utf-8,84433,
Gabriela Zambrano,Oficial,ES,https://www.vonwobeser.com/index.php/abogado?l=456,https://www.vonwobeser.com/index.php/abogado?l=456,200,Correcto,text/html; charset=utf-8,28625,
Gabriela Zambrano,Oficial,EN,https://www.vonwobeser.com/index.php/lawyer?l=456,https://www.vonwobeser.com/index.php/lawyer?l=456,200,Correcto,text/html; charset=utf-8,28388,
Gabriela Zambrano,Replit,ES,https://webpage-von-wobeser-2026.replit.app/abogado/gabriela-zambrano,https://webpage-von-wobeser-2026.replit.app/abogado/gabriela-zambrano,200,Correcto,text/html; charset=utf-8,82099,
Gabriela Zambrano,Replit,EN,https://webpage-von-wobeser-2026.replit.app/lawyer/gabriela-zambrano?lang=en,https://webpage-von-wobeser-2026.replit.app/lawyer/gabriela-zambrano?lang=en,200,Correcto,text/html; charset=utf-8,81994,
Bernardo Zatarain,Oficial,ES,https://www.vonwobeser.com/index.php/abogado?l=457,https://www.vonwobeser.com/index.php/abogado?l=457,200,Correcto,text/html; charset=utf-8,29838,
Bernardo Zatarain,Oficial,EN,https://www.vonwobeser.com/index.php/lawyer?l=457,https://www.vonwobeser.com/index.php/lawyer?l=457,200,Correcto,text/html; charset=utf-8,29602,
Bernardo Zatarain,Replit,ES,https://webpage-von-wobeser-2026.replit.app/abogado/bernardo-zatarain,https://webpage-von-wobeser-2026.replit.app/abogado/bernardo-zatarain,200,Correcto,text/html; charset=utf-8,81651,
Bernardo Zatarain,Replit,EN,https://webpage-von-wobeser-2026.replit.app/lawyer/bernardo-zatarain?lang=en,https://webpage-von-wobeser-2026.replit.app/lawyer/bernardo-zatarain?lang=en,200,Correcto,text/html; charset=utf-8,81587,
Adrian Rodriguez,Replit,ES,https://webpage-von-wobeser-2026.replit.app/abogado/adrian-rodriguez,https://webpage-von-wobeser-2026.replit.app/abogado/adrian-rodriguez,200,Correcto,text/html; charset=utf-8,79682,
Adrian Rodriguez,Replit,EN,https://webpage-von-wobeser-2026.replit.app/lawyer/adrian-rodriguez?lang=en,https://webpage-von-wobeser-2026.replit.app/lawyer/adrian-rodriguez?lang=en,200,Correcto,text/html; charset=utf-8,79695,
Christopher Wilkerson,Replit,ES,https://webpage-von-wobeser-2026.replit.app/abogado/christopher-wilkerson,https://webpage-von-wobeser-2026.replit.app/abogado/christopher-wilkerson,200,Correcto,text/html; charset=utf-8,81123,
Christopher Wilkerson,Replit,EN,https://webpage-von-wobeser-2026.replit.app/lawyer/christopher-wilkerson?lang=en,https://webpage-von-wobeser-2026.replit.app/lawyer/christopher-wilkerson?lang=en,200,Correcto,text/html; charset=utf-8,81143,
Jose Carlos Aguilar,Replit,ES,https://webpage-von-wobeser-2026.replit.app/abogado/jose-carlos-aguilar,https://webpage-von-wobeser-2026.replit.app/abogado/jose-carlos-aguilar,200,Correcto,text/html; charset=utf-8,79711,
Jose Carlos Aguilar,Replit,EN,https://webpage-von-wobeser-2026.replit.app/lawyer/jose-carlos-aguilar?lang=en,https://webpage-von-wobeser-2026.replit.app/lawyer/jose-carlos-aguilar?lang=en,200,Correcto,text/html; charset=utf-8,79743,
Jose Luis Ortega,Replit,ES,https://webpage-von-wobeser-2026.replit.app/abogado/jose-luis-ortega,https://webpage-von-wobeser-2026.replit.app/abogado/jose-luis-ortega,200,Correcto,text/html; charset=utf-8,79759,
Jose Luis Ortega,Replit,EN,https://webpage-von-wobeser-2026.replit.app/lawyer/jose-luis-ortega?lang=en,https://webpage-von-wobeser-2026.replit.app/lawyer/jose-luis-ortega?lang=en,200,Correcto,text/html; charset=utf-8,79734,
Juan Manuel Moran,Replit,ES,https://webpage-von-wobeser-2026.replit.app/abogado/juan-manuel-moran,https://webpage-von-wobeser-2026.replit.app/abogado/juan-manuel-moran,200,Correcto,text/html; charset=utf-8,83655,
Juan Manuel Moran,Replit,EN,https://webpage-von-wobeser-2026.replit.app/lawyer/juan-manuel-moran?lang=en,https://webpage-von-wobeser-2026.replit.app/lawyer/juan-manuel-moran?lang=en,200,Correcto,text/html; charset=utf-8,83801,
Paola Hernandez,Replit,ES,https://webpage-von-wobeser-2026.replit.app/abogado/paola-hernandez,https://webpage-von-wobeser-2026.replit.app/abogado/paola-hernandez,200,Correcto,text/html; charset=utf-8,79872,
Paola Hernandez,Replit,EN,https://webpage-von-wobeser-2026.replit.app/lawyer/paola-hernandez?lang=en,https://webpage-von-wobeser-2026.replit.app/lawyer/paola-hernandez?lang=en,200,Correcto,text/html; charset=utf-8,79863,
Raul Quintero,Replit,ES,https://webpage-von-wobeser-2026.replit.app/abogado/raul-quintero,https://webpage-von-wobeser-2026.replit.app/abogado/raul-quintero,200,Correcto,text/html; charset=utf-8,79584,
Raul Quintero,Replit,EN,https://webpage-von-wobeser-2026.replit.app/lawyer/raul-quintero?lang=en,https://webpage-von-wobeser-2026.replit.app/lawyer/raul-quintero?lang=en,200,Correcto,text/html; charset=utf-8,79617,
Regina Forte,Replit,ES,https://webpage-von-wobeser-2026.replit.app/abogado/regina-forte,https://webpage-von-wobeser-2026.replit.app/abogado/regina-forte,200,Correcto,text/html; charset=utf-8,79714,
Regina Forte,Replit,EN,https://webpage-von-wobeser-2026.replit.app/lawyer/regina-forte?lang=en,https://webpage-von-wobeser-2026.replit.app/lawyer/regina-forte?lang=en,200,Correcto,text/html; charset=utf-8,79745,
Ruben Villegas,Replit,ES,https://webpage-von-wobeser-2026.replit.app/abogado/ruben-villegas,https://webpage-von-wobeser-2026.replit.app/abogado/ruben-villegas,200,Correcto,text/html; charset=utf-8,79608,
Ruben Villegas,Replit,EN,https://webpage-von-wobeser-2026.replit.app/lawyer/ruben-villegas?lang=en,https://webpage-von-wobeser-2026.replit.app/lawyer/ruben-villegas?lang=en,200,Correcto,text/html; charset=utf-8,79659,
