sourceKey,language,legacyId,titleOfficial,officialDateRaw,officialDateNormalized,counterpartLegacyId,projectId,projectLegacyId,projectSlug,projectDate,matchMethod,coverage,dateComparison
en:2053,en,2053,"Administrative Measures – Events Related to the FIFA World Cup 2026 in Mexico City and the Metropolitan Area of Guadalajara, Jalisco.","June, 2026",2026-06,,614cd5ef-3dbb-4537-a46c-b5285453a106,2053,administrative-measures-events-related-to-the-fifa-world-cup-2026-in-mexico-city,2026-06-01,legacy_id,covered,date_match
en:2051,en,2051,"CFE Awards Projects Under The Mixed Development Scheme, And Sener Extends Deadlines For The Second Call For Generation Permits","June, 2026",2026-06,,dc59e9ef-7061-428c-8294-c36923bb70da,2051,cfe-awards-projects-under-the-mixed-development-scheme-and-sener-extends-deadlin,2026-06-01,legacy_id,covered,date_match
en:2050,en,2050,Administrative Measures – FIFA World Cup 2026 Opening Match in Mexico City.,"June, 2026",2026-06,,566fec09-2cf0-454f-9797-52e5f26c91c2,2050,administrative-measures-fifa-world-cup-2026-opening-match-in-mexico-city,2026-06-01,legacy_id,covered,date_match
en:2048,en,2048,"New UMA Values Effective as of February 1st, 2026","January, 2026",2026-01,,e9c0f9e1-e8ba-4cf4-977c-2757e3d318f0,2048,new-uma-values-effective-as-of-february-1st-2026,2026-01-01,legacy_id,covered,date_match
en:2046,en,2046,New Obligations for Employers: Gender Equality and the Prevention and Eradication of Discrimination and Violence,"January, 2026",2026-01,,cb8edf5a-8656-4655-8a17-fd0eb5104cb7,2046,new-obligations-for-employers-gender-equality-and-the-prevention-and-eradication,2026-01-01,legacy_id,covered,date_match
en:2044,en,2044,Mexico’s New Legal Framework for Promoting a Circular Economy,"January, 2026",2026-01,,dcc6dcad-eded-49e2-b72a-4df734c3fb23,2044,mexico-s-new-legal-framework-for-promoting-a-circular-economy,2026-01-01,legacy_id,covered,date_match
en:2042,en,2042,"The Federal Electricity Commission Issues the “Guidelines for Mixed-Development Schemes of the State-Owned Public Enterprise, Federal Electricity Commission”","February, 2026",2026-02,,a4398c0a-4891-4d0e-9b74-f934ae3daa19,2042,the-federal-electricity-commission-issues-the-guidelines-for-mixed-development-s,2026-02-01,legacy_id,covered,date_match
en:2040,en,2040,A tax incentive is granted through a transferable tax credit to film and audiovisual production in Mexico,"February, 2026",2026-02,,2aae22a0-0e17-4c28-aac8-2af79f018176,2040,a-tax-incentive-is-granted-through-a-transferable-tax-credit-to-film-and-audiovi,2026-02-01,legacy_id,covered,date_match
en:2037,en,2037,Constitutional reform to reduce the workweek,"March, 2026",2026-03,,23f5d61a-8218-49a2-801d-8b2db8f8ffaa,2037,constitutional-reform-to-reduce-the-workweek,2026-03-01,legacy_id,covered,date_match
en:2036,en,2036,New interconnection and connection contract model: structural changes enabling new schemes in the power sector,"March, 2026",2026-03,,b3464078-7dc4-4b18-a0b5-9a796b9d6eca,2036,new-interconnection-and-connection-contract-model-structural-changes-enabling-ne,2026-03-01,legacy_id,covered,date_match
en:2033,en,2033,Investment opportunities in the Electricity sector. Transmission and Transformation Projects – Joint Development Schemes,"April, 2026",2026-04,,e772d8b4-4806-46a9-9988-77d5a9794cb0,2033,investment-opportunities-in-the-electricity-sector-transmission-and-transformati,2026-04-01,legacy_id,covered,date_match
en:2032,en,2032,A Collegiate Court Declared that Pemex’s Policy Restricting Contracts with Companies Involved in Litigation is Unconstitutional,"March, 2026",2026-03,,80443f4d-3363-40bc-8eaf-abe50d382e7d,2032,a-collegiate-court-declared-that-pemex-s-policy-restricting-contracts-with-compa,2026-03-01,legacy_id,covered,date_match
en:2030,en,2030,Client Alert: Amendment to the Regulations of the Anti-Money Laundering Law (AML Law),"March, 2026",2026-03,,05cbba32-3416-4d46-99ae-569d16fb94da,2030,client-alert-amendment-to-the-regulations-of-the-anti-money-laundering-law-aml-l,2026-03-01,legacy_id,covered,date_match
en:2028,en,2028,"Mexico Issues New Administrative Provisions for CENACE Competitive Procurement Mechanisms for Electricity, Capacity, Ancillary Services and Related Products and CENACE publishes the first Call","April, 2026",2026-04,,f1ee026c-8f8f-48bd-bd72-77d001989ddd,2028,mexico-issues-new-administrative-provisions-for-cenace-competitive-procurement-m,2026-04-01,legacy_id,covered,date_match
en:2026,en,2026,Freezing of Accounts by the UIF is Constitutional:The SCJN ruling reminds business owners that their compliance programs are key to avoiding UIF measures,"April, 2026",2026-04,,d1c173ef-b1f9-4d11-827c-ea4daef95210,2026,freezing-of-accounts-by-the-uif-is-constitutional-the-scjn-ruling-reminds-busine,2026-04-01,legacy_id,covered,date_match
en:2024,en,2024,The Ministry of Energy issues guidelines for the Voluntary Migration of Independent Power Production Permits,"April, 2026",2026-04,,13f2213d-9434-4ea5-a848-cad67be030c3,2024,the-ministry-of-energy-issues-guidelines-for-the-voluntary-migration-of-independ,2026-04-01,legacy_id,covered,date_match
en:2023,en,2023,Decree Amending Article 141 of the Federal Tax Code,"April, 2026",2026-04,,8482e1e0-32fe-47b8-a8fe-1d273f2d3dbc,2023,decree-amending-article-141-of-the-federal-tax-code,2026-04-01,legacy_id,covered,date_match
en:2020,en,2020,Amendments to the Federal Law for the Protection of Industrial Property,"April, 2026",2026-04,,b0635ba2-faac-472a-a210-665667f6b1b8,2020,amendments-to-the-federal-law-for-the-protection-of-industrial-property,2026-04-01,legacy_id,covered,date_match
en:2017,en,2017,"Client Alert: Amendment to the General Law on Forced Disappearance of Persons, Disappearance Committed by Private Parties, and the National Missing Persons System (“LDP”); obligation to Interconnect with the Single Identity Platform (“PUI”)","April, 2026",2026-04,,c9a9562b-c3a5-4f02-94b7-38b2db2d4c02,2017,client-alert-amendment-to-the-general-law-on-forced-disappearance-of-persons-dis,2026-04-01,legacy_id,covered,date_match
en:2015,en,2015,Sener Issues the Second Call for the Priority Processing of Applications for Electricity Generation Permits and Interconnection to the SEN,"May, 2026",2026-05,,f132b29d-e331-42b1-825e-74dd8b261652,2015,sener-issues-the-second-call-for-the-priority-processing-of-applications-for-ele,2026-05-01,legacy_id,covered,date_match
en:2014,en,2014,The law to promote investment in strategic infrastructure for development with well-being is enacted,"April, 2026",2026-04,,a79520a6-1073-4563-911f-d582487ad6c1,2014,the-law-to-promote-investment-in-strategic-infrastructure-for-development-with-w,2026-04-01,legacy_id,covered,date_match
en:2012,en,2012,Amendment to the General Guidelines for the Issuance of Visas.,"June, 2026",2026-06,,d959f14b-72e4-4f88-bb15-5e3c769cb604,2012,amendment-to-the-general-guidelines-for-the-issuance-of-visas,2026-06-01,legacy_id,covered,date_match
en:2010,en,2010,New CNE provisions regulate the integration of electric energy storage systems into the National Electric System,"April, 2026",2026-04,,8026fc54-fcb9-44b9-93c7-915512fac10d,2010,new-cne-provisions-regulate-the-integration-of-electric-energy-storage-systems-i,2026-04-01,legacy_id,covered,date_match
en:2008,en,2008,Publication of the Regulations of the Federal Law on the Protection of Industrial Property,"April, 2026",2026-04,,d2676eb2-b0c2-4b5d-978f-bd77af5b7b98,2008,publication-of-the-regulations-of-the-federal-law-on-the-protection-of-industria,2026-04-01,legacy_id,covered,date_match
en:2006,en,2006,Amendment to the Regulations for Health Supplies,"May, 2026",2026-05,,3590d2ef-714c-40f2-9719-39e2ac6b8439,2006,amendment-to-the-regulations-for-health-supplies,2026-05-01,legacy_id,covered,date_match
en:2004,en,2004,Plan Mexico — Immediate Actions for Investment:,"May, 2026",2026-05,,2db9a9d4-e247-4190-bdda-d1e041da323c,2004,plan-mexico-immediate-actions-for-investment,2026-05-01,legacy_id,covered,date_match
en:2002,en,2002,Impact in Mexico of the U.S. 2026 Anti-Drug Strategy and the New Trade and Financial Compliance Paradigm Linked to National Security,"May, 2026",2026-05,,8b80fd68-8e4e-46ca-9a99-466806a65f27,2002,impact-in-mexico-of-the-u-s-2026-anti-drug-strategy-and-the-new-trade-and-financ,2026-05-01,legacy_id,covered,date_match
en:2000,en,2000,SENER Issues the Amendment to the Second Call for the Priority Processing of Applications for Electricity Generation Permits and Interconnection to the SEN,"May, 2026",2026-05,,b0170c54-102f-4159-a528-a86667ed08a9,2000,sener-issues-the-amendment-to-the-second-call-for-the-priority-processing-of-app,2026-05-01,legacy_id,covered,date_match
en:1997,en,1997,Amendment to the Federal Labor Law Regarding the Reduction of the Workweek (48 to 40 hours),"May, 2026",2026-05,,acd9dcae-95bd-4b50-8df1-bfd4f95dc0a6,1997,amendment-to-the-federal-labor-law-regarding-the-reduction-of-the-workweek-48-to,2026-05-01,legacy_id,covered,date_match
en:1995,en,1995,Mexico and the European Union Sign the Modernized Global Agreement: New Investment Protection Regime and Next Steps for Entry into Force,"June, 2026",2026-06,,6b4f97d7-f89e-4981-a560-c919dc37aa25,1995,mexico-and-the-european-union-sign-the-modernized-global-agreement-new-investmen,2026-06-01,legacy_id,covered,date_match
en:1994,en,1994,"Von Wobeser bolsters its dispute resolution, antitrust, tax and compliance practices with the promotion of four new partners","December, 2025",2025-12,,05efd902-003d-4130-9c90-2655a87f5b53,1994,von-wobeser-bolsters-its-dispute-resolution-antitrust-tax-and-compliance-practic,2025-12-01,legacy_id,covered,date_match
en:1992,en,1992,Von Wobeser y Sierra completes transition to new offices: a strategic investment in the firm’s future,"November, 2025",2025-11,,c3bb7085-07ae-4fcd-9477-f6170b837d70,1992,von-wobeser-y-sierra-completes-transition-to-new-offices-a-strategic-investment-,2025-11-01,legacy_id,covered,date_match
en:1988,en,1988,"New Public Procurement, Leasing and Service Law.","May, 2025",2025-05,,54869734-017e-4e91-9d3c-d955688e9813,1988,new-public-procurement-leasing-and-service-law,2025-05-01,legacy_id,covered,date_match
en:1986,en,1986,Regulatory Updates in the Hydrocarbons Sector,"July, 2025",2025-07,,eb225870-9313-4f31-9184-d349dd4ac349,1986,regulatory-updates-in-the-hydrocarbons-sector-1986,2025-07-01,legacy_id,covered,date_match
en:1984,en,1984,Chair Law Provisions in Occupational Risk Factors,"July, 2025",2025-07,,d86859dd-700e-4aca-a34c-960b4f7c8413,1984,chair-law-provisions-in-occupational-risk-factors,2025-07-01,legacy_id,covered,date_match
en:1982,en,1982,Flash News: Reform to Mexico’s Anti-Money Laundering Law (LFPIORPI) and the Federal Criminal Code,"July, 2025",2025-07,,f2becef7-9b35-4d0b-a296-7e59e893e102,1982,flash-news-reform-to-mexico-s-anti-money-laundering-law-lfpiorpi-and-the-federal,2025-07-01,legacy_id,covered,date_match
en:1980,en,1980,National Energy Commission Resumes Activities: Official Deadlines and Timeframes Announced,"June, 2025",2025-06,,e1605d94-02fa-4f79-b8b1-004237ccb417,1980,national-energy-commission-resumes-activities-official-deadlines-and-timeframes-,2025-06-01,legacy_id,covered,date_match
en:1978,en,1978,Regulatory Simplification of AML Filings and Procedures,"June, 2025",2025-06,,0d6c4c94-5ec5-4fe9-bace-76999fb827d8,1978,regulatory-simplification-of-aml-filings-and-procedures,2025-06-01,legacy_id,covered,date_match
en:1976,en,1976,Bill to amend the Federal Economic Competition Law is introduced,"April, 2025",2025-04,,2b79729b-359c-4401-be87-a9cbb1ad7893,1976,bill-to-amend-the-federal-economic-competition-law-is-introduced,2025-04-01,legacy_id,covered,date_match
en:1974,en,1974,New Informative Return on the Occupancy Status of Residential Properties in Mexico City,"April, 2025",2025-04,,bbb31549-fae1-42f7-a2cb-410bff84f39b,1974,new-informative-return-on-the-occupancy-status-of-residential-properties-in-mexi,2025-04-01,legacy_id,covered,date_match
en:1972,en,1972,New Laws on Transparency and Protection of Personal Data in Mexico,"March, 2025",2025-03,,c54c10dc-2bb9-489f-b6c5-52bf860e27b1,1972,new-laws-on-transparency-and-protection-of-personal-data-in-mexico,2025-03-01,legacy_id,covered,date_match
en:1970,en,1970,Criterion Issued by the Instituto del Fondo Nacional de la Vivienda para los Trabajadores Regarding the Amendment to Article 29 of the INFONAVIT Law,"March, 2025",2025-03,,97c59e33-0043-49f6-87d8-2ca5fad7d84f,1970,criterio-emitido-por-el-instituto-del,2025-03-01,legacy_id,covered,date_match
en:1968,en,1968,New Secondary Laws for the Electricity Sector (Part Two),"March, 2025",2025-03,,c8f837ce-04a4-44d2-b964-b4123f8041c7,1968,new-secondary-laws-for-the-electricity-sector-part-two,2025-03-01,legacy_id,covered,date_match
en:1966,en,1966,Tax Implications of Recent SAT Invitations on Subcontracting and REPSE,"March, 2025",2025-03,,ba575748-0d94-400a-aa84-3352a5befb68,1966,tax-implications-of-recent-sat-invitations-on-subcontracting-and-repse-1966,2025-03-01,legacy_id,covered,date_match
en:1964,en,1964,New Provisions for the integration of Electric Energy Storage Systems into the National Electric System.,"March, 2025",2025-03,,1d1c0cd5-5a6c-45de-a899-530089639bfc,1964,new-provisions-for-the-integration-of-electric-energy-storage-systems-into-the-n,2025-03-01,legacy_id,covered,date_match
en:1961,en,1961,New Reform to the Public Works and Related Services Law,"May, 2025",2025-05,,c9a6b206-fb08-49a8-9366-45140bac0197,1961,new-reform-to-the-public-works-and-related-services-law,2025-05-01,legacy_id,covered,date_match
en:1959,en,1959,Tax Incentives Granted to Taxpayers Operating within the Economic Development Hubs for Well-Being,"May, 2025",2025-05,,1fee1bd7-0e6f-4ca3-b081-68dec64581f0,1959,tax-incentives-granted-to-taxpayers-operating-within-the-economic-development-hu,2025-05-01,legacy_id,covered,date_match
en:1958,en,1958,New Secondary Laws Overhaul Mexico’s Energy Sector,"March, 2025",2025-03,,d29c3150-a3c3-49b6-bece-4c853e07ab88,1958,new-secondary-laws-overhaul-mexico-s-energy-sector,2025-03-01,legacy_id,covered,date_match
en:1956,en,1956,Initiative of Secondary Legislation for the Hydrocarbons Sector,"February, 2025",2025-02,,0c53d669-01fd-4efe-8640-22a67906eeb8,1956,initiative-of-secondary-legislation-for-the-hydrocarbons-sector,2025-02-01,legacy_id,covered,date_match
en:1954,en,1954,Issuance of a Ruling on Criminal Liability of Legal Entities.,"February, 2025",2025-02,,5d7e8049-d56f-4635-8d5d-42c4c92d5160,1954,issuance-of-a-ruling-on-criminal-liability-of-legal-entities,2025-02-01,legacy_id,covered,date_match
en:1952,en,1952,Bill on the Federal Antitrust and Economic Competition Law is Introduced,"February, 2025",2025-02,,d7c41261-0c96-4ffa-a630-e485a804271f,1952,bill-on-the-federal-antitrust-and-economic-competition-law-is-introduced,2025-02-01,legacy_id,covered,date_match
en:1949,en,1949,SAT increases address verifications that can lead to restriction of digital certificates,"August, 2024",2024-08,,5a39636a-3c27-4625-a58d-6ab148e44c8b,1949,sat-increases-address-verifications-that-can-lead-to-restriction-of-digital-cert,2024-08-01,legacy_id,covered,date_match
en:1947,en,1947,In memory of Rodolfo Trampe,"November, 2024",2024-11,,2741aa52-8aa7-4f7f-b1c9-9d3601b458a6,1947,in-memory-of-rodolfo-trampe,2024-11-01,legacy_id,covered,date_match
en:1946,en,1946,Reform to Expand Crimes with Mandatory Pretrial Detention,"November, 2024",2024-11,,4fcec068-484e-4cd6-9972-a90c3bc12812,1946,reform-to-expand-crimes-with-mandatory-pretrial-detention-2,2024-11-01,legacy_id,covered,date_match
en:1943,en,1943,Von Wobeser y Sierra recognized in GIR 100 2024,"December, 2024",2024-12,,add36531-64a9-4e5a-a521-4b1ba24e38c2,1943,von-wobeser-y-sierra-recognized-in-gir-100-2024,2024-12-01,legacy_id,covered,date_match
en:1942,en,1942,"Tax incentives decree published on January 21, 2025","January, 2025",2025-01,,f1fc36b4-fa61-4305-98c0-0070daad0ef0,1942,tax-incentives-decree-published-on-january-21-2025,2025-01-01,legacy_id,covered,date_match
en:1940,en,1940,Flexibility in the Prohibition on Temporary Importation of Textiles and Clothing under IMMEX Programmes,"January, 2025",2025-01,,1d51645b-c9d2-4656-b43f-2225cbf07399,1940,flexibility-in-the-prohibition-on-temporary-importation-of-textiles-and-clothing,2025-01-01,legacy_id,covered,date_match
en:1938,en,1938,Labor Reform on Digital Platform Work,"January, 2025",2025-01,,93f1e32a-39ca-4ec1-bcef-8574274b7b84,1938,labor-reform-on-digital-platform-work,2025-01-01,legacy_id,covered,date_match
en:1936,en,1936,Legal and Compliance Services Proposal: Preparedness for OFAC Regulations and Designation of Cartels as Terrorist Organizations,"January, 2025",2025-01,,2ceac715-8d58-4e00-85de-cae3ec4ebf21,1936,legal-and-compliance-services-proposal-preparedness-for-ofac-regulations-and-des,2025-01-01,legacy_id,covered,date_match
en:1934,en,1934,"New UMA Values Effective as of February 1st, 2025","January, 2025",2025-01,,620e0552-cdea-4dec-b08c-bea8d19f9be8,1934,new-uma-values-effective-as-of-february-1st-2025,2025-01-01,legacy_id,covered,date_match
en:1931,en,1931,Von Wobeser y Sierra announces leadership transition and changes to its Executive Committee,"February, 2025",2025-02,,4078458f-8695-4d32-9ec8-d71ea25c1e71,1931,von-wobeser-y-sierra-announces-leadership-transition-and-changes-to-its-executiv,2025-02-01,legacy_id,covered,date_match
en:1929,en,1929,Mexico Expresses Restrictive Position at the UN on the Use of Force in Foreign Territory,"February, 2025",2025-02,,43ac2c39-0fdb-41e7-afef-88a3ac50c8c8,1929,mexico-expresses-restrictive-position-at-the-un-on-the-use-of-force-in-foreign-t,2025-02-01,legacy_id,covered,date_match
en:1928,en,1928,"New Minimum Wages Effective January 1, 2025","January, 2025",2025-01,,4eb6f47f-1c12-4549-a5ae-38f72c61d593,1928,new-minimum-wages-effective-january-1-2025,2025-01-01,legacy_id,covered,date_match
en:1926,en,1926,Economic Package for fiscal year 2025,"November, 2024",2024-11,,7e2013fc-832a-4b61-8c52-9bfb50d437b3,1926,economic-package-for-fiscal-year-2025,2024-11-01,legacy_id,covered,date_match
en:1924,en,1924,Von Wobeser y Sierra bolsters its Tax practice with the addition of counsel Eric Palacios,"August, 2024",2024-08,,5aa5869d-81a7-4598-9bfa-fb53f994ed4e,1924,von-wobeser-y-sierra-bolsters-its-tax-practice-with-the-addition-of-counsel-eric,2024-08-01,legacy_id,covered,date_match
en:1922,en,1922,TD Bank: Lessons on the Importance of Effective Controls in Money Laundering Prevention,"October, 2024",2024-10,,13fd80e9-dd0a-44a2-9a1f-eca6ec6431ee,1922,td-bank-lessons-on-the-importance-of-effective-controls-in-money-laundering-prev,2024-10-01,legacy_id,covered,date_match
en:1920,en,1920,Constitutional Reform on the Rights of Indigenous and Afro-Mexican Communities,"October, 2024",2024-10,,dca1656f-3b88-48b8-8324-0f5a9a026391,1920,constitutional-reform-on-the-rights-of-indigenous-and-afro-mexican-communities,2024-10-01,legacy_id,covered,date_match
en:1918,en,1918,Reform to Expand Crimes with Mandatory Pretrial Detention,"November, 2024",2024-11,,c17265e1-aada-446a-9d3d-20b86598919f,1918,reform-to-expand-crimes-with-mandatory-pretrial-detention,2024-11-01,legacy_id,covered,date_match
en:1916,en,1916,U.S. Introduces New Open Banking Regulations,"November, 2024",2024-11,,c7333213-ff81-4ec1-a82f-178e7d7917f5,1916,u-s-introduces-new-open-banking-regulations,2024-11-01,legacy_id,covered,date_match
en:1914,en,1914,"New Constitutional Reform in Strategic Areas and Companies (Energy, Railroads, Telecommunications and Natural Resources)","October, 2024",2024-10,,029620d3-f79b-4435-bbb7-24698d07420d,1914,new-constitutional-reform-in-strategic-areas-and-companies-energy-railroads-tele,2024-10-01,legacy_id,covered,date_match
en:1912,en,1912,Proposal for Reform of the LFPIORPI and CPF to Enhance Anti-Money Laundering and Combating Financing Terrorism Efforts,"October, 2024",2024-10,,fb0057ff-99f2-4ea8-93ba-35b3aa4fc184,1912,proposal-for-reform-of-the-lfpiorpi-and-cpf-to-enhance-anti-money-laundering-and,2024-10-01,legacy_id,covered,date_match
en:1910,en,1910,New Provisions for Electric Vehicle Charging Infrastructure in Mexico,"October, 2024",2024-10,,7569560a-841c-4dea-810b-62ef4a8911ba,1910,new-provisions-for-electric-vehicle-charging-infrastructure-in-mexico,2024-10-01,legacy_id,covered,date_match
en:1908,en,1908,Important precedent regarding the deduction of expenditures for urbanization and infrastructure as operating expenses and not as cost of sales,"September, 2024",2024-09,,c0b40bfe-9f9d-43d5-a342-9ba8132c447c,1908,important-precedent-regarding-the-deduction-of-expenditures-for-urbanization-and,2024-09-01,legacy_id,covered,date_match
en:1906,en,1906,October 1st: Mandatory day off,"September, 2024",2024-09,,111e5734-7806-4072-83a8-d641e4bc8921,1906,october-1st-mandatory-day-off,2024-09-01,legacy_id,covered,date_match
en:1904,en,1904,Important precedent to prevent the cancellation of digital seals,"September, 2024",2024-09,,95a1f153-ca40-4431-97bd-c84960a75438,1904,important-precedent-to-prevent-the-cancellation-of-digital-seals,2024-09-01,legacy_id,covered,date_match
en:1902,en,1902,General guidelines of the Mexican Social Security Institute mailbox,"August, 2024",2024-08,,e54def57-8989-4641-bf49-bead12a908bd,1902,general-guidelines-of-the-mexican-social-security-institute-mailbox,2024-08-01,legacy_id,covered,date_match
en:1890,en,1890,Mexico’s Grupak acquires Igsapak for electricity self-supply,"October, 2023",2023-10,,2fa6a410-c6f9-489e-9b87-b2e8caa2bc4b,1890,mexico-s-grupak-acquires-igsapak-for-electricity-self-supply,2023-10-01,legacy_id,covered,date_match
en:1889,en,1889,IMSS: Integration of the base salary for contribution purposes due to the payment of food and housing,"July, 2024",2024-07,,eafb13fa-d63c-4544-a04f-dc4fe0076f37,1889,imss-integration-of-the-base-salary-for-contribution-purposes-due-to-the-payment,2024-07-01,legacy_id,covered,date_match
en:1887,en,1887,COFECE publishes guidelines for the use of electronic means in its proceedings,"March, 2023",2023-03,,69fdcff2-fac9-438e-9389-4baae7a1b08c,1887,cofece-publishes-guidelines-for-the-use-of-electronic-means-in-its-proceedings,2023-03-01,legacy_id,covered,date_match
en:1885,en,1885,The restriction on the sale of products containing trans fats is now in effect,"September, 2023",2023-09,,f09d32bd-1ba6-4c02-a87c-722e64b66b53,1885,the-restriction-on-the-sale-of-products-containing-trans-fats-is-now-in-effect,2023-09-01,legacy_id,covered,date_match
en:1883,en,1883,Use of Electronic Means for the Holding of Partners and Shareholders’ Meetings,"September, 2023",2023-09,,a44a5c11-2882-4996-815d-95316988ac60,1883,use-of-electronic-means-for-the-holding-of-partners-and-shareholders-meetings,2023-09-01,legacy_id,covered,date_match
en:1879,en,1879,Investigation on Antitrust Matters in the Market for Commercialization of Real Estates Classified Advertisements,"October, 2023",2023-10,,f4c17cff-a9ab-496a-b475-35a3eeb5759b,1879,investigation-on-antitrust-matters-in-the-market-for-commercialization-of-real-e,2023-10-01,legacy_id,covered,date_match
en:1877,en,1877,Significant tax incentives granted to key sectors of the manufacturing industry for export,"October, 2023",2023-10,,dee26923-1f14-4168-bdef-b7e0e2b0f457,1877,significant-tax-incentives-granted-to-key-sectors-of-the-manufacturing-industry-,2023-10-01,legacy_id,covered,date_match
en:1874,en,1874,Decree - Tax benefits to taxpayers of the affected areas of the state of Guerrero,"October, 2023",2023-10,,9f1f9706-ae64-4165-8042-8dcbaae8f13c,1874,decree-tax-benefits-to-taxpayers-of-the-affected-areas-of-the-state-of-guerrero,2023-10-01,legacy_id,covered,date_match
en:1872,en,1872,NOM-037 enters into force soon,"November, 2023",2023-11,,3242626b-a693-4f14-82c7-c77075b63884,1872,nom-037-enters-into-force-soon,2023-11-01,legacy_id,covered,date_match
en:1870,en,1870,Report on BEPS Action 14 “Making Dispute Resolution Mechanisms More Effective”,"November, 2023",2023-11,,4bda3979-f08a-439b-95b4-46c67363501d,1870,report-on-beps-action-14-making-dispute-resolution-mechanisms-more-effective,2023-11-01,legacy_id,covered,date_match
en:1868,en,1868,Relevant modifications in tax and budget laws for 2024,"November, 2023",2023-11,,3538c25c-4927-4837-a580-4393d030ba1d,1868,relevant-modifications-in-tax-and-budget-laws-for-2024,2023-11-01,legacy_id,covered,date_match
en:1866,en,1866,Gambling and Raffles reform,"November, 2023",2023-11,,f5025d61-8ddb-4252-af69-8ef24513e66a,1866,gambling-and-raffles-reform,2023-11-01,legacy_id,covered,date_match
en:1864,en,1864,"New minimum wages as of January 1, 2024","December, 2023",2023-12,,7cdface0-d314-4191-ba6f-93999b9b7360,1864,new-minimum-wages-as-of-january-1-2024,2023-12-01,legacy_id,covered,date_match
en:1862,en,1862,Ex officio investigation for barriers to competition and free market and/or essential inputs in the Public Railroad Freight Transportation Service Market,"January, 2024",2024-01,,41480454-9096-4c9e-ad34-ea4b891d583d,1862,ex-officio-investigation-for-barriers-to-competition-and-free-market-and-or-esse,2024-01-01,legacy_id,covered,date_match
en:1860,en,1860,Amendment to the Federal Court of Administrative Justice Bylaws,"February, 2024",2024-02,,c9f5392d-2d3e-4461-8aac-67ea20a471a2,1860,amendment-to-the-federal-court-of-administrative-justice-bylaws,2024-02-01,legacy_id,covered,date_match
en:1858,en,1858,Mexico’s Supreme Court of Justice confirms ruling against the recent reform of the Electricity Industry Law,"February, 2024",2024-02,,5beabc11-0aa9-4974-8549-d45714412b57,1858,mexico-s-supreme-court-of-justice-confirms-ruling-against-the-recent-reform-of-t,2024-02-01,legacy_id,covered,date_match
en:1856,en,1856,Property Tax - Unconstitutionality of section IV of Article 282 of the Mexico City Tax Code,"February, 2024",2024-02,,924c5853-3f39-47fb-86a8-347da41092fe,1856,property-tax-unconstitutionality-of-section-iv-of-article-282-of-the-mexico-city,2024-02-01,legacy_id,covered,date_match
en:1854,en,1854,2024 REPSE renewals,"February, 2024",2024-02,,3231d3e1-7c01-4114-abe4-9c4cc1a9d250,1854,2024-repse-renewals,2024-02-01,legacy_id,covered,date_match
en:1852,en,1852,Official Letter on the territorial competence of the Administrative Units of the Taxpayers’ Ombudsman regarding conclusive agreements,"March, 2024",2024-03,,ed772eb2-aa4a-41dd-a99f-7e88cfd11b06,1852,official-letter-on-the-territorial-competence-of-the-administrative-units-of-the,2024-03-01,legacy_id,covered,date_match
en:1850,en,1850,Amendment to the Credit Instruments and Operations General Law and the Law of Credit Organizations and Auxiliary Activities,"April, 2024",2024-04,,4f851c6a-9996-437c-a0a6-42c56579f716,1850,amendment-to-the-credit-instruments-and-operations-general-law-and-the-law-of-cr,2024-04-01,legacy_id,covered,date_match
en:1848,en,1848,The First Chamber holds that restricting the cancellation of digital tax invoices via the internet exclusively to the fiscal year of their issuance is unconstitutional,"April, 2024",2024-04,,45032755-c632-47e0-acdd-25bb0b8589ce,1848,the-first-chamber-holds-that-restricting-the-cancellation-of-digital-tax-invoice,2024-04-01,legacy_id,covered,date_match
en:1846,en,1846,Von Wobeser y Sierra receives accolades at The Legal 500 Mexico Awards 2024,"April, 2024",2024-04,,99c0a1e0-f7c5-4d6b-8b82-af59a41c1232,1846,von-wobeser-y-sierra-receives-accolades-at-the-legal-500-mexico-awards-2024,2024-04-01,legacy_id,covered,date_match
en:1844,en,1844,Establishment of the National Council for Alternative Dispute Resolution Mechanisms,"June, 2024",2024-06,,f7f30439-47c6-4d68-8dec-b14b518dc71e,1844,establishment-of-the-national-council-for-alternative-dispute-resolution-mechani,2024-06-01,legacy_id,covered,date_match
en:1842,en,1842,Antitrust investigation on cartel conducts in neonatal screening services contracted by public health institutions in Mexico.,"June, 2024",2024-06,,135f98d9-4847-4221-9cc6-1b4830b2a69e,1842,antitrust-investigation-on-cartel-conducts-in-neonatal-screening-services-contra,2024-06-01,legacy_id,covered,date_match
en:1840,en,1840,Reform on human trafficking: Focus on labor exploitation,"June, 2024",2024-06,,6e430f89-0ad7-41ac-8371-575b87809d78,1840,reform-on-human-trafficking-focus-on-labor-exploitation,2024-06-01,legacy_id,covered,date_match
en:1838,en,1838,"Unconstitutionality of article 130, section I of the Tax Code of Mexico City in force for the fiscal year 2023.","June, 2024",2024-06,,088473df-7259-44b7-a38c-fafe760c0700,1838,unconstitutionality-of-article-130-section-i-of-the-tax-code-of-mexico-city-in-f,2024-06-01,legacy_id,covered,date_match
en:1836,en,1836,Important tax incentives in Yucatán,"July, 2024",2024-07,,e34a7e6b-8a4a-4f39-aaa3-8bdf9eae5c2f,1836,important-tax-incentives-in-yucatan,2024-07-01,legacy_id,covered,date_match
en:1801,en,1801,Deadline to file legacy claims under NAFTA’s sunset period approaches. Investors must evaluate their options quickly,"January, 2023",2023-01,,106896ef-8d1e-4c42-82c2-896ed53b59a3,1801,deadline-to-file-legacy-claims-under-nafta-s-sunset-period-approaches-investors-,2023-01-01,legacy_id,covered,date_match
en:1799,en,1799,"Von Wobeser y Sierra Collaborates with Datasaur to Launch AI-powered chatbot, VonBot","October, 2023",2023-10,,e621c909-7786-4ab2-bb9a-c4ff66027e0f,1799,von-wobeser-y-sierra-collaborates-with-datasaur-to-launch-ai-powered-chatbot-von,2023-10-01,legacy_id,covered,date_match
en:1797,en,1797,The Electronic Bidding and Opinion Request System (SISELO) of the Federal Economic Competition Commission (COFECE) starts operations,"September, 2023",2023-09,,441bcea3-820b-4f1a-9970-d838d8b0e65e,1797,the-electronic-bidding-and-opinion-request-system-siselo-of-the-federal-economic,2023-09-01,legacy_id,covered,date_match
en:1795,en,1795,The end of the Covid-19 health emergency is declared,"May, 2023",2023-05,,3271d850-f9f6-45b5-bae0-a4e69f3b3f3e,1795,the-end-of-the-covid-19-health-emergency-is-declared,2023-05-01,legacy_id,covered,date_match
en:1793,en,1793,Nearshoring: benefits and facilities for investments in the Isthmus of Tehuantepec,"June, 2023",2023-06,,25417e73-16af-4ade-897a-923544554d62,1793,nearshoring-benefits-and-facilities-for-investments-in-the-isthmus-of-tehuantepe,2023-06-01,legacy_id,covered,date_match
en:1791,en,1791,The Energy Regulatory Commission rolls back the energy transition,"June, 2023",2023-06,,fe0db0ca-b82f-46fb-9ac4-fcecf2e62db0,1791,the-energy-regulatory-commission-rolls-back-the-energy-transition,2023-06-01,legacy_id,covered,date_match
en:1789,en,1789,"Invalidity of the Law for the Transparency, Prevention and Combat of Improper Practices in Advertising Contracting","June, 2023",2023-06,,c3d62e7d-b0db-4426-962b-c7664a76a505,1789,invalidity-of-the-law-for-the-transparency-prevention-and-combat-of-improper-pra,2023-06-01,legacy_id,covered,date_match
en:1787,en,1787,"NOM-037, on Telework - Safety and Health Conditions at Work","June, 2023",2023-06,,1ed3911a-faa5-48e5-b4bd-c68448f92c0b,1787,nom-037-on-telework-safety-and-health-conditions-at-work,2023-06-01,legacy_id,covered,date_match
en:1785,en,1785,Prohibition on importing goods produced with Forced Labor,"May, 2023",2023-05,,ecd1da0a-31b7-46d5-ba23-8790782a6d2d,1785,prohibition-on-importing-goods-produced-with-forced-labor,2023-05-01,legacy_id,covered,date_match
en:1779,en,1779,Comprehensive law reform initiative to impact the Mexican Mining Industry,"March, 2023",2023-03,,cab0de31-a7bb-4b85-897d-50d5dfc43aeb,1779,comprehensive-law-reform-initiative-to-impact-the-mexican-mining-industry,2023-03-01,legacy_id,covered,date_match
en:1777,en,1777,Energy Regulatory Commission’s legal deadlines and terms resume,"March, 2023",2023-03,,7795634f-04d8-4077-87ac-bf5accf575e7,1777,energy-regulatory-commission-s-legal-deadlines-and-terms-resume,2023-03-01,legacy_id,covered,date_match
en:1775,en,1775,Coming into effect of the Amendment to the Regulations of the General Law for Tobacco Control,"January, 2023",2023-01,,d12b1392-a68a-448b-a8ac-7ec1de8aa397,1775,coming-into-effect-of-the-amendment-to-the-regulations-of-the-general-law-for-to,2023-01-01,legacy_id,covered,date_match
en:1773,en,1773,Modifications to the REPSE provisions,"February, 2023",2023-02,,daab354d-aceb-472f-a7ea-77adcd385694,1773,modifications-to-the-repse-provisions,2023-02-01,legacy_id,covered,date_match
en:1771,en,1771,Von Wobeser y Sierra has been ranked by Chambers and Partners Global 2023,"February, 2023",2023-02,,7c888bd1-ef86-4fa7-84bb-fb7a85e7da0f,1771,von-wobeser-y-sierra-has-been-ranked-by-chambers-and-partners-global-2023,2023-02-01,legacy_id,covered,date_match
en:1769,en,1769,Chambers: Litigation 2023 Mexico Guide,"January, 2023",2023-01,,c481b6a9-e613-41df-a311-47f067f75619,1769,chambers-litigation-2023-mexico-guide,2023-01-01,legacy_id,covered,date_match
en:1767,en,1767,Von Wobeser y Sierra recognized as a Pro Bono Leading Light 2022,"January, 2023",2023-01,,fa0a0f6a-9c49-4942-a27b-bcb3a9fe3685,1767,von-wobeser-y-sierra-recognized-as-a-pro-bono-leading-light-2022,2023-01-01,legacy_id,covered,date_match
en:1765,en,1765,"New values of the UMA in effect as of February 1st, 2023","January, 2023",2023-01,,e1b5ddfe-dd9b-4f8e-88f3-e97fafa7b9e7,1765,new-values-of-the-uma-in-effect-as-of-february-1st-2023,2023-01-01,legacy_id,covered,date_match
en:1761,en,1761,"New minimum wages as of January 1, 2023","December, 2022",2022-12,,398687b4-38e3-44fb-bb9e-067c20cbbc11,1761,new-minimum-wages-as-of-january-1-2023,2022-12-01,legacy_id,covered,date_match
en:1759,en,1759,EU Markets in Crypto Assets Regulation (MiCA),"November, 2022",2022-11,,ca67942f-a276-4e9e-9387-b0eaf5ec97b1,1759,eu-markets-in-crypto-assets-regulation-mica,2022-11-01,legacy_id,covered,date_match
en:1757,en,1757,New Covid-19 Guidelines,"October, 2022",2022-10,,0877d5b0-5150-4a8b-b7df-5ce8d5372ec9,1757,new-covid-19-guidelines,2022-10-01,legacy_id,covered,date_match
en:1753,en,1753,Modifications to the tax provisions for Fiscal Year 2023,"September, 2022",2022-09,,4a234e6f-a6d5-4f4b-9fd2-dc27eadec939,1753,modifications-to-the-tax-provisions-for-fiscal-year-2023,2022-09-01,legacy_id,covered,date_match
en:1751,en,1751,Mexico: New District Courts in bankruptcy matters,"September, 2022",2022-09,,aec2d8ec-e390-43f4-b8bd-f1e6c4ac368d,1751,mexico-new-district-courts-in-bankruptcy-matters,2022-09-01,legacy_id,covered,date_match
en:1749,en,1749,"“Lithium for Mexico”, the new decentralized public agency","August, 2022",2022-08,,a189c839-cbcb-4fac-b54f-4d7a112ab485,1749,lithium-for-mexico-the-new-decentralized-public-agency,2022-08-01,legacy_id,covered,date_match
en:1745,en,1745,Draft regulation regarding Home Office - Safety and Health Conditions,"July, 2022",2022-07,,cf4e05fd-5f3c-4b53-bbcb-dd5e7d4b6409,1745,draft-regulation-regarding-home-office-safety-and-health-conditions,2022-07-01,legacy_id,covered,date_match
en:1743,en,1743,Temporary measures to mitigate severe droughts in Mexico,"July, 2022",2022-07,,ae6dff3c-fd8d-40f0-b9d6-5a1ca8c8459d,1743,temporary-measures-to-mitigate-severe-droughts-in-mexico,2022-07-01,legacy_id,covered,date_match
en:1741,en,1741,Labor reform is postponed,"May, 2022",2022-05,,c0f2836b-178d-4f54-a868-ef07b21eba76,1741,labor-reform-is-postponed,2022-05-01,legacy_id,covered,date_match
en:1739,en,1739,Informe Energía 360 | El riesgo de no ser sostenible,"April, 2022",2022-04,,98fd3eab-b374-41ee-8246-d665436a90b8,1739,informe-energia-360-el-riesgo-de-no-ser-sostenible,2022-04-01,legacy_id,covered,date_match
en:1737,en,1737,"Después de cuatro años, Monex compra participación restante en Arrendadora Avance","May, 2022",2022-05,,cb08df04-f794-4b56-9675-685a63f6cc9f,1737,despues-de-cuatro-anos-monex-compra-participacion-restante-en-arrendadora-avance,2022-05-01,legacy_id,covered,date_match
en:1736,en,1736,"Con sus recientes adquisiciones, Clayton, Dubilier & Rice se convierte en el fabricante de etiquetas más grande del mundo","May, 2022",2022-05,,483cf0b2-8687-4218-a268-239492c5b7bb,1736,con-sus-recientes-adquisiciones-clayton-dubilier-rice-se-convierte-en-el-fabrica,2022-05-01,legacy_id,covered,date_match
en:1734,en,1734,Criterios ESG en los arbitrajes: ¿Cómo funcionan los Dispute Boards?,"May, 2022",2022-05,,0df946e4-9956-4b77-8add-4f56785955dd,1734,criterios-esg-en-los-arbitrajes-como-funcionan-los-dispute-boards,2022-05-01,legacy_id,covered,date_match
en:1732,en,1732,US private equity group buys Mexican label maker assets,"April, 2022",2022-04,,c8116b93-5211-4036-81aa-6dfa7d6468dd,1732,us-private-equity-group-buys-mexican-label-maker-assets,2022-04-01,legacy_id,covered,date_match
en:1730,en,1730,"Limitarían, aún más, a generadores de IP","May, 2022",2022-05,,84b9526e-ce20-45cb-b3e9-3ecc14da6686,1730,limitarian-aun-mas-a-generadores-de-ip,2022-05-01,legacy_id,covered,date_match
en:1728,en,1728,Tienen empresas opciones de suministro eléctrico barato,"April, 2022",2022-04,,166b61a9-817a-41e8-beb1-0c6edcbf582d,1728,tienen-empresas-opciones-de-suministro-electrico-barato,2022-04-01,legacy_id,covered,date_match
en:1724,en,1724,The Guide to Corporate Compliance; Edition 3 - Specialist Chapter How to Conduct Internal Investigations of Alleged Wrongdoing,"May, 2022",2022-05,,653030c3-f1b6-4d6f-9f21-5c7ea3625c99,1724,the-guide-to-corporate-compliance-edition-3-specialist-chapter-how-to-conduct-in,2022-05-01,legacy_id,covered,date_match
en:1722,en,1722,New rules impacting the operation of companies with IMMEX and PROSEC programs,"May, 2022",2022-05,,68c4f01e-cec1-4d9a-b6a2-666fa2dff127,1722,new-rules-impacting-the-operation-of-companies-with-immex-and-prosec-programs,2022-05-01,legacy_id,covered,date_match
en:1721,en,1721,"Von Wobeser y Sierra, S.C. - WWL 2022 Mexico Report","May, 2022",2022-05,,ddbdbad6-c7e9-4bb9-9026-94ac0933c9a8,1721,von-wobeser-y-sierra-s-c-wwl-2022-mexico-report,2022-05-01,legacy_id,covered,date_match
en:1719,en,1719,Long term restriction for public officers to work in private sector declared unconstitutional,"April, 2022",2022-04,,8f9f9ee1-cbcc-409d-8828-5e7d2b8e8811,1719,long-term-restriction-for-public-officers-to-work-in-private-sector-declared-unc,2022-04-01,legacy_id,covered,date_match
en:1715,en,1715,Guidelines for Conducting the Procedure of Administrative Sanctioning of Insolvency Specialists,"March, 2022",2022-03,,4df2cf27-fe9b-4f1d-b8f3-ca3fb10172bb,1715,guidelines-for-conducting-the-procedure-of-administrative-sanctioning-of-insolve,2022-03-01,legacy_id,covered,date_match
en:1714,en,1714,Lexology GTDT Acquisition Finance 2022 - Mexico,"March, 2022",2022-03,,7c0546ce-885f-48c3-a531-b98ed02d7432,1714,lexology-gtdt-acquisition-finance-2022-mexico,2022-03-01,legacy_id,covered,date_match
en:1712,en,1712,Mexican official standard establishes new permissible limits for pollutants in discharges to waters of national jurisdiction,"March, 2022",2022-03,,1973452f-066e-4727-b8d0-360101ddf637,1712,mexican-official-standard-establishes-new-permissible-limits-for-pollutants-in-d,2022-03-01,legacy_id,covered,date_match
en:1710,en,1710,Establishment of District Courts for Bankruptcy Proceedings,"March, 2022",2022-03,,074ab68f-291c-476a-a99b-a36cc9190291,1710,establishment-of-district-courts-for-bankruptcy-proceedings,2022-03-01,legacy_id,covered,date_match
en:1708,en,1708,Von Wobeser y Sierra celebrates International Women’s Day (IWD),"March, 2022",2022-03,,5fca743b-d042-4eff-8bd5-e0ace16271fa,1708,von-wobeser-y-sierra-celebrates-international-women-s-day-iwd,2022-03-01,legacy_id,covered,date_match
en:1707,en,1707,Latin Lawyer: The Guide to Mergers and Acquisitions: Indemnity Escrows and Other Payment Guarantees,"March, 2022",2022-03,,70d77360-4d13-4cba-84e8-8b1a376f6f34,1707,latin-lawyer-the-guide-to-mergers-and-acquisitions-indemnity-escrows-and-other-p,2022-03-01,legacy_id,covered,date_match
en:1705,en,1705,Adhesion to the UN Women Women's Empowerment Principles,"February, 2022",2022-02,,5f5c2b0c-755f-4742-9890-9236f1012826,1705,adhesion-to-the-un-women-women-s-empowerment-principles,2022-02-01,legacy_id,covered,date_match
en:1704,en,1704,"Global Practice Guide 2022: Investing in… 2022, Chambers and Partners","February, 2022",2022-02,,706f9a49-bc6f-48e5-985f-d7392394ed35,1704,global-practice-guide-2022-investing-in-2022-chambers-and-partners-2,2022-02-01,legacy_id,covered,date_match
en:1702,en,1702,Biden administration releases the firstever United States Strategy on Countering Corruption,"December, 2021",2021-12,,8c20f34b-c0a8-4185-a72f-beeef1e74a8a,1702,biden-administration-releases-the-firstever-united-states-strategy-on-countering,2021-12-01,legacy_id,covered,date_match
en:1701,en,1701,"Global Practice Guide 2022: Investing in… 2022, Chambers and Partners","February, 2022",2022-02,,4929519b-b529-4841-8b56-34b485cec534,1701,global-practice-guide-2022-investing-in-2022-chambers-and-partners,2022-02-01,legacy_id,covered,date_match
en:1697,en,1697,Von Wobeser y Sierra recognized as a Pro Bono Leading Light,"February, 2022",2022-02,,7566c2cf-0461-455b-a5f6-b227920e92e6,1697,von-wobeser-y-sierra-recognized-as-a-pro-bono-leading-light,2022-02-01,legacy_id,covered,date_match
en:1690,en,1690,The regularization of foreign vehicles illegally located in Mexico is “formalized”,"January, 2022",2022-01,,9d63d9b7-5475-4cfe-8516-473007e3ba6a,1690,the-regularization-of-foreign-vehicles-illegally-located-in-mexico-is-formalized,2022-01-01,legacy_id,covered,date_match
en:1688,en,1688,The Energy Regulatory Commission issues the new Grid Code for the National Electric System,"January, 2022",2022-01,,16ab0993-9108-4795-a490-92ef39f2662e,1688,the-energy-regulatory-commission-issues-the-new-grid-code-for-the-national-elect,2022-01-01,legacy_id,covered,date_match
en:1687,en,1687,"Fort Dearborn Company, Multi-Color Corporation merge to form world's largest label supplier.","January, 2022",2022-01,,7ee1cc2b-b5df-42ad-a389-e59b1590aa9b,1687,fort-dearborn-company-multi-color-corporation-merge-to-form-world-s-largest-labe,2022-01-01,legacy_id,covered,date_match
en:1684,en,1684,The Energy Regulatory Commission modifies the energy generation/supply schemes (Isolated Supply and Local Generation),"January, 2022",2022-01,,8f5cf39a-fd54-4a87-8252-505f37292d3c,1684,the-energy-regulatory-commission-modifies-the-energy-generation-supply-schemes-i,2022-01-01,legacy_id,covered,date_match
en:1680,en,1680,Von Wobeser y Sierra strengthens team and fullservice offering with new partners and counsel,"December, 2021",2021-12,,999a17ee-ccb7-4bff-8770-9653aef570e6,1680,von-wobeser-y-sierra-strengthens-team-and-fullservice-offering-with-new-partners,2021-12-01,legacy_id,covered,date_match
en:1676,en,1676,"New minimum wages as of January 1, 2022","December, 2021",2021-12,,590b3bc4-9cb1-4a08-9b47-a65d3d4e9e7f,1676,new-minimum-wages-as-of-january-1-2022,2021-12-01,legacy_id,covered,date_match
en:1672,en,1672,"Von Wobeser y Sierra, S.C. Best Places to Work LGBTQ+ 2022","December, 2021",2021-12,,b7c9455a-a1a8-4955-a513-504a77e91264,1672,von-wobeser-y-sierra-s-c-best-places-to-work-lgbtq-2022,2021-12-01,legacy_id,covered,date_match
en:1668,en,1668,Another judicial precedent towards liberalization of cannabis use,"December, 2021",2021-12,,d87caffe-98c4-434a-8411-90c841a74600,1668,another-judicial-precedent-towards-liberalization-of-cannabis-use,2021-12-01,legacy_id,covered,date_match
en:1666,en,1666,Minimum wages 2022,"December, 2021",2021-12,,5dee0260-9103-4ad4-abc7-b49956d1e580,1666,minimum-wages-2022,2021-12-01,legacy_id,covered,date_match
en:1664,en,1664,Modifications to the tax provisions for 2022,"November, 2021",2021-11,,595a6d95-854c-4e10-8f22-a10639564296,1664,modifications-to-the-tax-provisions-for-2022,2021-11-01,legacy_id,covered,date_match
en:1661,en,1661,"Alberto Aguilar: Names, names and... names | Sustainability challenge to resources, Mexico long haul and Von Wobeser new group.","November, 2021",2021-11,,a5c63545-06c9-419a-aa28-78940d7bf529,1661,alberto-aguilar-names-names-and-names-sustainability-challenge-to-resources-mexi,2021-11-01,legacy_id,covered,date_match
en:1658,en,1658,Von Wobeser y Sierra Announces Creation of ESG Practice Group,"August, 2021",2021-08,,41862c0f-21e8-4755-97be-474b11507473,1658,von-wobeser-y-sierra-announces-creation-of-esg-practice-group,2021-08-01,legacy_id,covered,date_match
en:1656,en,1656,ESG management: novelty or necessity?,"November, 2021",2021-11,,b2a91aca-b0ec-4f03-a544-334251b2102a,1656,esg-management-novelty-or-necessity,2021-11-01,legacy_id,covered,date_match
en:1652,en,1652,Auto parts companies could pay more income tax for their maquila operation in Mexico,"November, 2021",2021-11,,99c1ee48-f7be-4561-ae96-443ad74f0ce7,1652,auto-parts-companies-could-pay-more-income-tax-for-their-maquila-operation-in-me,2021-11-01,legacy_id,covered,date_match
en:1644,en,1644,Bases for the import and regularization of used vehicles of foreign origin,"October, 2021",2021-10,,cddb5447-f643-4eb4-8a79-25f8b1420183,1644,bases-for-the-import-and-regularization-of-used-vehicles-of-foreign-origin,2021-10-01,legacy_id,covered,date_match
en:1642,en,1642,New Specialized Antitrust and Telecom Court,"October, 2021",2021-10,,e778debe-7725-462b-bba1-3fdd4094ab31,1642,new-specialized-antitrust-and-telecom-court,2021-10-01,legacy_id,covered,date_match
en:1636,en,1636,Integrating effective ESG strategies for renewal energy projects in Mexico,"October, 2021",2021-10,,6dfef2b8-cd38-45d4-a193-5a82893a1065,1636,integrating-effective-esg-strategies-for-renewal-energy-projects-in-mexico,2021-10-01,legacy_id,covered,date_match
en:1630,en,1630,Constitutional Reform Initiative on Energy Matters,"October, 2021",2021-10,,42d79c5e-4d06-4481-97ba-928c19afc03c,1630,constitutional-reform-initiative-on-energy-matters,2021-10-01,legacy_id,covered,date_match
en:1628,en,1628,COFECE publishes provisions for complaints under the new Law on Advertising Contracts,"September, 2021",2021-09,,f2f4b768-cbce-470c-add6-2a7a677d0b17,1628,cofece-publishes-provisions-for-complaints-under-the-new-law-on-advertising-cont,2021-09-01,legacy_id,covered,date_match
en:1626,en,1626,"Líderes Mexicanos: interview with our founding partner Claus Von Wobeser, ""Doing things with passion"".","August, 2021",2021-08,,df9578b0-d2c6-4c9f-b9fb-e92171325ab9,1626,lideres-mexicanos-interview-with-our-founding-partner-claus-von-wobeser-doing-th,2021-08-01,legacy_id,covered,date_match
en:1601,en,1601,Von Wobeser y Sierra launches ESG practice group,"August, 2021",2021-08,,d6405182-51d8-4010-b46b-c68718af7118,1601,von-wobeser-y-sierra-launches-esg-practice-group,2021-08-01,legacy_id,covered,date_match
en:1599,en,1599,Extension granted for the implementation of the subcontracting Reform,"August, 2021",2021-08,,a643eda9-b7b3-4737-b259-845c2bb0f14d,1599,extension-granted-for-the-implementation-of-the-subcontracting-reform,2021-08-01,legacy_id,covered,date_match
en:1597,en,1597,Arbitral Women: Munia El Harti Alonso Joins Von Wobeser y Sierra as Associate.,"April, 2021",2021-04,,a6b7f7cd-2904-4392-913e-3be1306651ab,1597,arbitral-women-munia-el-harti-alonso-joins-von-wobeser-y-sierra-as-associate,2021-04-01,legacy_id,covered,date_match
en:1595,en,1595,The National Customs Agency of Mexico is created as a new authority in customs and tax matters,"July, 2021",2021-07,,98f5b534-8824-40ea-adf8-bb29cd638eed,1595,the-national-customs-agency-of-mexico-is-created-as-a-new-authority-in-customs-a,2021-07-01,legacy_id,covered,date_match
en:1593,en,1593,"The restrictive measures imposed on private parties in hydrocarbon matters continue, and there are unconstitutionality arguments against them","July, 2021",2021-07,,c434849f-a440-4133-bbfc-fdd688d24099,1593,the-restrictive-measures-imposed-on-private-parties-in-hydrocarbon-matters-conti,2021-07-01,legacy_id,covered,date_match
en:1591,en,1591,Von Wobeser helps Grupo Modelo enter software JV,"July, 2021",2021-07,,b0e06dba-fe29-4229-83ce-d4a2e9b57c54,1591,von-wobeser-helps-grupo-modelo-enter-software-jv,2021-07-01,legacy_id,covered,date_match
en:1589,en,1589,The Federal Ministry of Energy issues the new Program for the Development of the National Electricity System,"July, 2021",2021-07,,2bb30bc2-2b25-477b-95f0-cff2968fc6e2,1589,the-federal-ministry-of-energy-issues-the-new-program-for-the-development-of-the,2021-07-01,legacy_id,covered,date_match
en:1587,en,1587,Von Wobeser hires former AB InBev executive,"June, 2021",2021-06,,391c0408-d497-4187-ad8b-fc45eaa254ba,1587,von-wobeser-hires-former-ab-inbev-executive,2021-06-01,legacy_id,covered,date_match
en:1585,en,1585,Brief Comments on the new Law on Advertising Contracts,"June, 2021",2021-06,,fbdb4bdc-1a22-4541-91aa-ccd69a92d9d4,1585,brief-comments-on-the-new-law-on-advertising-contracts,2021-06-01,legacy_id,covered,date_match
en:1583,en,1583,Ex-Grupo Modelo counsel joins Von Wobeser y Sierra as partner,"June, 2021",2021-06,,9af7c901-2e63-4d83-9fde-1dac5e4123ed,1583,ex-grupo-modelo-counsel-joins-von-wobeser-y-sierra-as-partner,2021-06-01,legacy_id,covered,date_match
en:1582,en,1582,Pablo Jiménez joins VWyS as a partner,"June, 2021",2021-06,,0373f7d1-6435-4c57-baa8-453c05a13196,1582,pablo-jimenez-joins-vwys-as-a-partner,2021-06-01,legacy_id,covered,date_match
en:1580,en,1580,"Page Knowledge Base – Pablo Jiménez: How a beer company can bring us together while we’re staying apart, 2020","June, 2020",2020-06,,9cb9c2da-a052-411b-8206-e81a0e0c1964,1580,page-knowledge-base-pablo-jimenez-how-a-beer-company-can-bring-us-together-while,2020-06-01,legacy_id,covered,date_match
en:1578,en,1578,"Purpose 360 – Pablo Jiménez: Brewing a Purpose with AB InBev, 2020","May, 2020",2020-05,,390d5fd7-213c-4453-8f3b-35c7be877a85,1578,purpose-360-pablo-jimenez-brewing-a-purpose-with-ab-inbev-2020,2020-05-01,legacy_id,covered,date_match
en:1576,en,1576,Pablo Jiménez - Reforma - Agua Capital: for a Mexico with Water,"April, 2018",2018-04,,22ce3895-808f-4be9-9b10-40fa063ba7a8,1576,pablo-jimenez-reforma-agua-capital-for-a-mexico-with-water,2018-04-01,legacy_id,covered,date_match
en:1574,en,1574,"ACC Docket - Pablo Jiménez: Drinking from a Fountain: How Pablo Jimenez-Zorrilla Became VP Legal & Corporate Affairs at AB InBev Middle Americas, 2017","April, 2017",2017-04,,51146e8e-61ea-4cc2-a860-72e94e51d419,1574,acc-docket-pablo-jimenez-drinking-from-a-fountain-how-pablo-jimenez-zorrilla-bec,2017-04-01,legacy_id,covered,date_match
en:1572,en,1572,"Expansión – Pablo Jiménez: Pablo Jiménez, the man that ‘advocates’ for Grupo Modelo","April, 2017",2017-04,,cf53533c-40e6-4d20-830c-ddc3638e710e,1572,expansion-pablo-jimenez-pablo-jimenez-the-man-that-advocates-for-grupo-modelo,2017-04-01,legacy_id,covered,date_match
en:1544,en,1544,The suspension of article 57 of the Hydrocarbons Act is published in the Federal Official Gazette,"May, 2021",2021-05,,f87630a6-1f87-43f3-98fa-ce5eb9dfb2f9,1544,the-suspension-of-article-57-of-the-hydrocarbons-act-is-published-in-the-federal,2021-05-01,legacy_id,covered,date_match
en:1542,en,1542,Outsourcing reform. Guidelines for the registration of individuals or entities that provide specialized services or execute specialized works,"May, 2021",2021-05,,472b0419-b783-4a85-b171-1588174f2f68,1542,outsourcing-reform-guidelines-for-the-registration-of-individuals-or-entities-th,2021-05-01,legacy_id,covered,date_match
en:1540,en,1540,Hydrocarbons reform is published in the Federal Official Gazette,"May, 2021",2021-05,,be3104dc-3cbf-477d-bf8a-9c6b84ffd38d,1540,hydrocarbons-reform-is-published-in-the-federal-official-gazette,2021-05-01,legacy_id,covered,date_match
en:1538,en,1538,The Federal Electricity Commission launches four international public bids for the construction of combined cycle power plants in Mexico,"May, 2021",2021-05,,cf8e6b28-746c-418f-a622-5a032ec68814,1538,the-federal-electricity-commission-launches-four-international-public-bids-for-t,2021-05-01,legacy_id,covered,date_match
en:1536,en,1536,Subcontracting reform brings significant changes to Mexican labor market,"April, 2021",2021-04,,937f7ea1-401e-4dfb-b410-f8e560391c98,1536,subcontracting-reform-brings-significant-changes-to-mexican-labor-market,2021-04-01,legacy_id,covered,date_match
en:1534,en,1534,Publication in the Federal Official Gazette of the National Registry of Mobile Phone Users,"April, 2021",2021-04,,1a5f77c1-3b16-4809-9104-9b5e7ba35067,1534,publication-in-the-federal-official-gazette-of-the-national-registry-of-mobile-p,2021-04-01,legacy_id,covered,date_match
en:1532,en,1532,Approval in Chamber of Senators of the bill reforming subcontracting,"April, 2021",2021-04,,39035406-ce60-42f3-9ee8-0c0667a0bec7,1532,approval-in-chamber-of-senators-of-the-bill-reforming-subcontracting,2021-04-01,legacy_id,covered,date_match
en:1530,en,1530,Approval in Chamber of Deputies of the bill reforming subcontracting,"April, 2021",2021-04,,e1f2f242-0e84-4c44-9fc3-2301ef026a00,1530,approval-in-chamber-of-deputies-of-the-bill-reforming-subcontracting,2021-04-01,legacy_id,covered,date_match
en:1528,en,1528,COFECE Issues Modifications on Concentration Notification Guidelines,"April, 2021",2021-04,,c2573c68-c54c-4ae6-af1b-3ad79d4b9cde,1528,cofece-issues-modifications-on-concentration-notification-guidelines,2021-04-01,legacy_id,covered,date_match
en:1526,en,1526,Agreement on the Bill reforming subcontracting in the Federal Labor Law,"April, 2021",2021-04,,166c0ac8-37e6-4830-a91a-2e0f0e0295de,1526,agreement-on-the-bill-reforming-subcontracting-in-the-federal-labor-law,2021-04-01,legacy_id,covered,date_match
en:1524,en,1524,Executive Branch sends Hydrocarbons Bill to the Chamber of Deputies,"March, 2021",2021-03,,fbd303de-61cb-4340-ac64-b8a3c6749510,1524,executive-branch-sends-hydrocarbons-bill-to-the-chamber-of-deputies,2021-03-01,legacy_id,covered,date_match
en:1522,en,1522,Changes to the Protocol for the Legitimation of Collective Bargaining Agreements,"February, 2021",2021-02,,96f275dc-170c-476e-86ef-119679730dc3,1522,changes-to-the-protocol-for-the-legitimation-of-collective-bargaining-agreements,2021-02-01,legacy_id,covered,date_match
en:1520,en,1520,Decree Reforming the Electricity Industry Law and Directive withdrawing the Reliability Policy issued by SENER,"March, 2021",2021-03,,1df8059b-5725-4da5-806d-bd2738d79a27,1520,decree-reforming-the-electricity-industry-law-and-directive-withdrawing-the-reli,2021-03-01,legacy_id,covered,date_match
en:1518,en,1518,The Chamber of Deputies takes up the approval of the Federal Law for the Regulation of Cannabis again,"March, 2021",2021-03,,acf25734-f95e-490f-b3c6-5dba5485286d,1518,the-chamber-of-deputies-takes-up-the-approval-of-the-federal-law-for-the-regulat,2021-03-01,legacy_id,covered,date_match
en:1516,en,1516,Latin Lawyer: Promotions at LatAm firms spiked at year-end,"February, 2021",2021-02,,fa35a923-f07f-4f81-9a74-70b8e774da23,1516,latin-lawyer-promotions-at-latam-firms-spiked-at-year-end,2021-02-01,legacy_id,covered,date_match
en:1514,en,1514,Lex Latin: Von Wobeser y Sierra strengthens its staff with promotions,"February, 2021",2021-02,,41e660ec-d884-493b-95e8-534500aef904,1514,lex-latin-von-wobeser-y-sierra-strengthens-its-staff-with-promotions,2021-02-01,legacy_id,covered,date_match
en:1512,en,1512,"Leaders League: Mexico´s Von Wobeser adds two partners, five counsel","February, 2021",2021-02,,6db26144-81f9-456e-ac36-3b4d90349dc6,1512,leaders-league-mexico-s-von-wobeser-adds-two-partners-five-counsel,2021-02-01,legacy_id,covered,date_match
en:1510,en,1510,Chambers and Partners 2021 Rankings,"February, 2021",2021-02,,3b30317f-4911-47cb-be3c-fbeb4bf5c62a,1510,chambers-and-partners-2021-rankings,2021-02-01,legacy_id,covered,date_match
en:1502,en,1502,Relevant events in the electricity sector: Initiative to reform the Power Industry Law and the Supreme Court’s decision of the Constitutional Controversy,"February, 2021",2021-02,,c7ab3a8f-a9ab-463b-8c2a-c13d7bf25dd4,1502,relevant-events-in-the-electricity-sector-initiative-to-reform-the-power-industr,2021-02-01,legacy_id,covered,date_match
en:1500,en,1500,"IMMEX, ALTEX and ECEX companies are exempt from compliance with the minimum levels of exports necessary to maintain their programs","February, 2021",2021-02,,d21860ce-8fb8-44dd-9aba-67ab17710b22,1500,immex-altex-and-ecex-companies-are-exempt-from-compliance-with-the-minimum-level,2021-02-01,legacy_id,covered,date_match
en:1498,en,1498,Third suspension in the activities of the Mexican Antitrust Commission and its procedures,"January, 2021",2021-01,,74fa6213-b79b-4e66-bc56-7c17de090821,1498,third-suspension-in-the-activities-of-the-mexican-antitrust-commission-and-its-p,2021-01-01,legacy_id,covered,date_match
en:1496,en,1496,The acquisition of vaccines against COVID-19 by the state governments and entities of the National Health System is regulated,"January, 2021",2021-01,,1046eea4-a5c6-4237-a8d8-901f42fc52a0,1496,the-acquisition-of-vaccines-against-covid-19-by-the-state-governments-and-entiti,2021-01-01,legacy_id,covered,date_match
en:1494,en,1494,Von Wobeser boosts team with new partners and counsel,"January, 2021",2021-01,,035f3dba-5eaf-4d3e-9a4f-deaecace931a,1494,von-wobeser-boosts-team-with-new-partners-and-counsel,2021-01-01,legacy_id,covered,date_match
en:1492,en,1492,The National Trade Facilitation Committee is created,"January, 2021",2021-01,,749d0929-4dbd-485f-aa55-7782091a3991,1492,the-national-trade-facilitation-committee-is-created,2021-01-01,legacy_id,covered,date_match
en:1490,en,1490,WhatsApp announces changes to its terms and conditions,"January, 2021",2021-01,,429f2ed5-aabd-45fc-9933-86e20849670c,1490,whatsapp-announces-changes-to-its-terms-and-conditions,2021-01-01,legacy_id,covered,date_match
en:1488,en,1488,Suspension of legal terms for the Energy Regulatory Commission,"January, 2021",2021-01,,36ddd4b6-60dd-49ce-8cee-aa8c1668ba92,1488,suspension-of-legal-terms-for-the-energy-regulatory-commission,2021-01-01,legacy_id,covered,date_match
en:1486,en,1486,Non-essential activities are suspended in Mexico City and the State of Mexico,"December, 2020",2020-12,,17faa567-6186-48cb-8314-5dae0ea3c3dc,1486,non-essential-activities-are-suspended-in-mexico-city-and-the-state-of-mexico,2020-12-01,legacy_id,covered,date_match
en:1484,en,1484,Second suspension in the activities of the Mexican Antitrust Commission and its procedures,"January, 2021",2021-01,,08f8c89b-0aa2-4fc1-a4ac-efc786e0a691,1484,second-suspension-in-the-activities-of-the-mexican-antitrust-commission-and-its-,2021-01-01,legacy_id,covered,date_match
en:1482,en,1482,The regulation governing the medical use of cannabis and its pharmacological derivatives is issued,"January, 2021",2021-01,,6e2e1571-c581-481a-8043-e76edece9376,1482,the-regulation-governing-the-medical-use-of-cannabis-and-its-pharmacological-der,2021-01-01,legacy_id,covered,date_match
en:1480,en,1480,New rules and obligations in relation to home office,"January, 2021",2021-01,,83fb4183-eb27-4e8f-a61a-bfcd337f4eb7,1480,new-rules-and-obligations-in-relation-to-home-office,2021-01-01,legacy_id,covered,date_match
en:1476,en,1476,"Values of the Unit of Measurement and Indexing in effect as of February 1, 2021","January, 2021",2021-01,,d1dcb2f8-d05d-4e12-b2b8-05183994f426,1476,values-of-the-unit-of-measurement-and-indexing-in-effect-as-of-february-1-2021,2021-01-01,legacy_id,covered,date_match
en:1474,en,1474,"Tax incentives in force beginning on January 1, 2021","January, 2021",2021-01,,c9bc4b6c-b53b-4591-9667-ce188a3bca20,1474,tax-incentives-in-force-beginning-on-january-1-2021,2021-01-01,legacy_id,covered,date_match
en:1472,en,1472,New Payroll Tax obligation in Mexico City,"January, 2021",2021-01,,f4df7cc9-8924-41a1-855a-8e91a193ee5e,1472,new-payroll-tax-obligation-in-mexico-city,2021-01-01,legacy_id,covered,date_match
en:1470,en,1470,Restrictions for the use of products made with single-use plastics enter into force in Mexico City,"January, 2021",2021-01,,033031e1-cc83-4a9c-94c4-beec58ffd4c6,1470,restrictions-for-the-use-of-products-made-with-single-use-plastics-enter-into-fo,2021-01-01,legacy_id,covered,date_match
en:1468,en,1468,"New minimum wages as of January 1, 2021","December, 2020",2020-12,,2486b58a-07a7-4460-9a8f-e6797ff4f405,1468,new-minimum-wages-as-of-january-1-2021,2020-12-01,legacy_id,covered,date_match
en:1466,en,1466,Minimum Wages 2021,"December, 2020",2020-12,,1fb22c96-25b0-4b55-a1fd-70d03f1734c4,1466,minimum-wages-2021,2020-12-01,legacy_id,covered,date_match
en:1464,en,1464,Reform of the Pensions System,"December, 2020",2020-12,,c0cd2418-6873-4ccc-8fe8-6c6d91fd515c,1464,reform-of-the-pensions-system,2020-12-01,legacy_id,covered,date_match
en:1455,en,1455,Suspension in the activities of the Mexican Antitrust Commission and its procedures,"December, 2020",2020-12,,5cc81e3c-2001-4622-a339-9a10f309262e,1455,suspension-in-the-activities-of-the-mexican-antitrust-commission-and-its-procedu,2020-12-01,legacy_id,covered,date_match
en:1453,en,1453,The deadline for Congress to regulate various uses of cannabis extended again,"December, 2020",2020-12,,d13f235c-97cb-485f-a9f0-b82af0f17965,1453,the-deadline-for-congress-to-regulate-various-uses-of-cannabis-extended-again,2020-12-01,legacy_id,covered,date_match
en:1451,en,1451,Home Office reform bill approved,"December, 2020",2020-12,,351fce31-bab5-4c14-be11-3c7b2f1bd621,1451,home-office-reform-bill-approved,2020-12-01,legacy_id,covered,date_match
en:1445,en,1445,Third Resolution of Modifications to the Omnibus Tax Bill for 2020,"November, 2020",2020-11,,b4097b9b-7410-4592-b6e0-bf50ea04589c,1445,third-resolution-of-modifications-to-the-omnibus-tax-bill-for-2020,2020-11-01,legacy_id,covered,date_match
en:1443,en,1443,The Senate approves the regulation of cannabis,"November, 2020",2020-11,,a1ee0c0f-ddf6-4c42-a5d3-9164a98251e9,1443,the-senate-approves-the-regulation-of-cannabis,2020-11-01,legacy_id,covered,date_match
en:1441,en,1441,The times are reduced for the sanitary registration in Mexico of certain medicines and health products,"November, 2020",2020-11,,17fd2f89-c481-4585-9fad-889cdb720497,1441,the-times-are-reduced-for-the-sanitary-registration-in-mexico-of-certain-medicin,2020-11-01,legacy_id,covered,date_match
en:1439,en,1439,Tax implications of the subcontracting reform bill,"November, 2020",2020-11,,bc3b9408-e7a0-479e-83fb-50a1ebc86a61,1439,tax-implications-of-the-subcontracting-reform-bill,2020-11-01,legacy_id,covered,date_match
en:1437,en,1437,Imminent regulation of the various uses of cannabis in Mexico,"November, 2020",2020-11,,ecd1c71a-c0d0-4f77-be2d-3ffbcecb6582,1437,imminent-regulation-of-the-various-uses-of-cannabis-in-mexico,2020-11-01,legacy_id,covered,date_match
en:1435,en,1435,Implementation of the labor reform,"November, 2020",2020-11,,99035667-c5cd-4041-87e5-93f718d844fe,1435,implementation-of-the-labor-reform,2020-11-01,legacy_id,covered,date_match
en:1433,en,1433,Bill Reforming the Federal Labor Act regarding subcontracting,"November, 2020",2020-11,,02836dda-db1a-4cc2-8452-b207ebdee1e7,1433,bill-reforming-the-federal-labor-act-regarding-subcontracting,2020-11-01,legacy_id,covered,date_match
en:1431,en,1431,"Decree reforming certain articles of the Immigration and the Refugees, Complementary Protection and Political Asylum Acts regarding child migrants","November, 2020",2020-11,,8fb4c70a-b572-4401-a6c8-606c81deb75c,1431,decree-reforming-certain-articles-of-the-immigration-and-the-refugees-complement,2020-11-01,legacy_id,covered,date_match
en:1429,en,1429,Congress approves the Economic Package for 2021,"November, 2020",2020-11,,dd736072-604b-411d-b9cd-bb0dfe473ea0,1429,congress-approves-the-economic-package-for-2021,2020-11-01,legacy_id,covered,date_match
en:1427,en,1427,New Federal Industrial Property Protection Law,"November, 2020",2020-11,,12612adb-f270-4d06-8201-b493d8469ea3,1427,new-federal-industrial-property-protection-law,2020-11-01,legacy_id,covered,date_match
en:1425,en,1425,Issuance of the Protocol to Protect Corruption Whistleblowers,"October, 2020",2020-10,,dca2daaf-20c5-46b7-ad79-0e55a5cd0215,1425,issuance-of-the-protocol-to-protect-corruption-whistleblowers,2020-10-01,legacy_id,covered,date_match
en:1423,en,1423,The Chamber of Deputies approved the amendments to the tax provisions for 2021,"October, 2020",2020-10,,867f0f84-a7cc-424b-ba05-0b4b98a45c83,1423,the-chamber-of-deputies-approved-the-amendments-to-the-tax-provisions-for-2021,2020-10-01,legacy_id,covered,date_match
en:1421,en,1421,Entrance into force of certain obligations of the NOM-035-STPS-2018,"October, 2020",2020-10,,afe86f54-c72c-43e1-9d8f-c02d61df1728,1421,entrance-into-force-of-certain-obligations-of-the-nom-035-stps-2018,2020-10-01,legacy_id,covered,date_match
en:1419,en,1419,The CRE imposes restrictions on modifying Self-Supply and Cogeneration Permits,"October, 2020",2020-10,,ad62f598-5303-4041-a0f6-8974e1c12d07,1419,the-cre-imposes-restrictions-on-modifying-self-supply-and-cogeneration-permits,2020-10-01,legacy_id,covered,date_match
en:1417,en,1417,Issuance of recommendations by the COFECE in energy matters,"October, 2020",2020-10,,f9955ab9-bda8-4b8e-82b0-0768244d518e,1417,issuance-of-recommendations-by-the-cofece-in-energy-matters,2020-10-01,legacy_id,covered,date_match
en:1415,en,1415,Elimination of No commercialization letters and other changes to the NOMs Annex,"October, 2020",2020-10,,a2e74521-92a6-4f57-bfcd-5ffa301319b2,1415,elimination-of-no-commercialization-letters-and-other-changes-to-the-noms-annex,2020-10-01,legacy_id,covered,date_match
en:1413,en,1413,América Móvil divests US prepaid wireless business for US$6.9 billion,"September, 2020",2020-09,,45f73968-1849-4633-98c1-237fbb1b9f93,1413,america-movil-divests-us-prepaid-wireless-business-for-us-6-9-billion,2020-09-01,legacy_id,covered,date_match
en:1411,en,1411,América Móvil sells subsidiary in United States to Verizon,"September, 2020",2020-09,,07b62dde-f949-4ea7-a84f-d5758f8c0a59,1411,america-movil-sells-subsidiary-in-united-states-to-verizon,2020-09-01,legacy_id,covered,date_match
en:1409,en,1409,ICC calls for strengthening anti-corruption institutions in Mexico,"August, 2020",2020-08,,bffd70b6-09c1-4ae9-b15b-66f3cbf65ebb,1409,icc-calls-for-strengthening-anti-corruption-institutions-in-mexico,2020-08-01,legacy_id,covered,date_match
en:1407,en,1407,Modification of the Guidelines for the Execution of the Gradual Plan toward the New Normality in Mexico City,"September, 2020",2020-09,,489a49b1-f112-4e6f-bc72-a8e9d0a07a4b,1407,modification-of-the-guidelines-for-the-execution-of-the-gradual-plan-toward-the-,2020-09-01,legacy_id,covered,date_match
en:1405,en,1405,Labor Compliance under the USMCA. The breach of labor obligations in Mexico can result in sanctions,"September, 2020",2020-09,,f693f494-dd00-4d00-a1f6-09f613e0801b,1405,labor-compliance-under-the-usmca-the-breach-of-labor-obligations-in-mexico-can-r,2020-09-01,legacy_id,covered,date_match
en:1403,en,1403,Von Wobeser seals Merck-Iberdrola renewables PPA in Mexico,"September, 2020",2020-09,,cf241898-0754-485f-b190-58f881f5c48f,1403,von-wobeser-seals-merck-iberdrola-renewables-ppa-in-mexico,2020-09-01,legacy_id,covered,date_match
en:1401,en,1401,Merck Signs PPA with Iberdrola in Mexico,"August, 2020",2020-08,,7e63756d-4448-4484-a921-303d0afaac2e,1401,merck-signs-ppa-with-iberdrola-in-mexico,2020-08-01,legacy_id,covered,date_match
en:1399,en,1399,Modifications to the tax provisions for 2021,"September, 2020",2020-09,,6d5d354f-fedb-40a1-86dd-4937dee4ddb4,1399,modifications-to-the-tax-provisions-for-2021,2020-09-01,legacy_id,covered,date_match
en:1397,en,1397,Santander Sevelops a New Payment Strategy in Mexico,"March, 2020",2020-03,,bbb58930-f730-4f30-848a-6e3f23a6c99e,1397,santander-sevelops-a-new-payment-strategy-in-mexico,2020-03-01,legacy_id,covered,date_match
en:1395,en,1395,Mexico Probes Digital Ad Market,"September, 2020",2020-09,,e703300d-bbcc-4ca1-bc74-93eb526b06b0,1395,mexico-probes-digital-ad-market,2020-09-01,legacy_id,covered,date_match
en:1393,en,1393,12 Years of Struggle and Latin America Maintains the Same Level of Corruption,"August, 2020",2020-08,,e8a59890-02d5-43a0-ac8a-fb1d42138550,1393,12-years-of-struggle-and-latin-america-maintains-the-same-level-of-corruption,2020-08-01,legacy_id,covered,date_match
en:1391,en,1391,Relevant Labor law issues (Labor Compliance),"August, 2020",2020-08,,521f945b-c2a2-4b55-8919-5a45e228824e,1391,relevant-labor-law-issues-labor-compliance,2020-08-01,legacy_id,covered,date_match
en:1389,en,1389,Suspension of legal terms and time periods of the Ministry of Environment and Natural Resources is lifted,"August, 2020",2020-08,,af087a69-6299-4243-9e00-dc6c71ae79bd,1389,suspension-of-legal-terms-and-time-periods-of-the-ministry-of-environment-and-na,2020-08-01,legacy_id,covered,date_match
en:1387,en,1387,Von Wobeser partner to chair Americas arbitration group,"August, 2020",2020-08,,993bca01-cd7e-424b-b1f2-81ffac981405,1387,von-wobeser-partner-to-chair-americas-arbitration-group-2,2020-08-01,legacy_id,covered,date_match
en:1385,en,1385,Update: The suspension of legal terms for the Energy Regulatory Commission concludes,"August, 2020",2020-08,,fa8f4f7a-742a-4f37-92fb-2045f26652ab,1385,update-the-suspension-of-legal-terms-for-the-energy-regulatory-commission-conclu,2020-08-01,legacy_id,covered,date_match
en:1384,en,1384,Mexico’s ex-President Peña Nieto investigated for corruption,"August, 2020",2020-08,,3afa7b3f-fcbc-4157-bc32-501de7cab18a,1384,mexico-s-ex-president-pena-nieto-investigated-for-corruption,2020-08-01,legacy_id,covered,date_match
en:1381,en,1381,Opportunities for companies in the technology sector with the health crisis,"August, 2020",2020-08,,e8d389e5-a699-4036-ab91-4aedf48ce439,1381,opportunities-for-companies-in-the-technology-sector-with-the-health-crisis,2020-08-01,legacy_id,covered,date_match
en:1379,en,1379,"Decree amending the Public Sector Acquisitions, Leases and Services Act entered into force","August, 2020",2020-08,,bf6f82a5-1d56-433e-89fb-f65ee61d3372,1379,decree-amending-the-public-sector-acquisitions-leases-and-services-act-entered-i,2020-08-01,legacy_id,covered,date_match
en:1377,en,1377,Ruling by the National Hydrocarbons Commission to establish various measures to promote the development of oil activities,"August, 2020",2020-08,,a22ad531-4c8a-40f6-9014-d03bc4e31798,1377,ruling-by-the-national-hydrocarbons-commission-to-establish-various-measures-to-,2020-08-01,legacy_id,covered,date_match
en:1375,en,1375,Companies Certified under VAT and IEPS category are charged with new fees,"August, 2020",2020-08,,e816f1be-360a-4876-bbc4-ea791ed0419b,1375,companies-certified-under-vat-and-ieps-category-are-charged-with-new-fees,2020-08-01,legacy_id,covered,date_match
en:1373,en,1373,Ruling establishing new essential activities,"August, 2020",2020-08,,ef802394-4112-4039-8ab9-95d4a9f7c0d9,1373,ruling-establishing-new-essential-activities,2020-08-01,legacy_id,covered,date_match
en:1372,en,1372,Von Wobeser Partner Appointed Chair of ITA Americas Initiative,"August, 2020",2020-08,,92f0902e-51a2-400a-aca2-367328da9749,1372,von-wobeser-partner-appointed-chair-of-ita-americas-initiative,2020-08-01,legacy_id,covered,date_match
en:1370,en,1370,Von Wobeser partner to chair Americas arbitration group,"July, 2020",2020-07,,21859e78-5d05-4b43-83c8-230a8a74cf19,1370,von-wobeser-partner-to-chair-americas-arbitration-group,2020-07-01,legacy_id,covered,date_match
en:1367,en,1367,Modification of the standards for testing employees to detect COVID-19 in Mexico City,"July, 2020",2020-07,,4e94cca6-6d93-4d0c-82eb-5caef24b4d3a,1367,modification-of-the-standards-for-testing-employees-to-detect-covid-19-in-mexico,2020-07-01,legacy_id,covered,date_match
en:1365,en,1365,Ruling announcing the method for disseminating the standards for vulnerable populations,"July, 2020",2020-07,,f6da06c7-d884-41b9-bc6b-0005f4022126,1365,ruling-announcing-the-method-for-disseminating-the-standards-for-vulnerable-popu,2020-07-01,legacy_id,covered,date_match
en:1363,en,1363,Draft regulation of cannabis for medical use,"July, 2020",2020-07,,4f3e7215-a7c6-4b26-8caf-edfdd81f7716,1363,draft-regulation-of-cannabis-for-medical-use,2020-07-01,legacy_id,covered,date_match
en:1361,en,1361,Update: The suspension of time periods for the National Hydrocarbons Commission is concluded,"July, 2020",2020-07,,3f985ca1-6e45-4b85-a22e-27fa1670dbce,1361,update-the-suspension-of-time-periods-for-the-national-hydrocarbons-commission-i,2020-07-01,legacy_id,covered,date_match
en:1359,en,1359,Extension of the suspension in the activities and terms of the Mexican Court of Administrative Justice,"July, 2020",2020-07,,ef30a975-f149-4884-8c3a-018da5963078,1359,extension-of-the-suspension-in-the-activities-and-terms-of-the-mexican-court-of-,2020-07-01,legacy_id,covered,date_match
en:1357,en,1357,Possible extension of the implementation of the new front warning label system under the NOM-051-SCFI/ SSA1-2010,"July, 2020",2020-07,,79163c06-c638-4f2c-854c-0dc06177f664,1357,possible-extension-of-the-implementation-of-the-new-front-warning-label-system-u,2020-07-01,legacy_id,covered,date_match
en:1355,en,1355,Bill reforming the Social Security Law with respect to the Pension System,"July, 2020",2020-07,,56a20003-1920-4735-a952-cf137a837e30,1355,bill-reforming-the-social-security-law-with-respect-to-the-pension-system,2020-07-01,legacy_id,covered,date_match
en:1353,en,1353,Bill reforming the Federal Labor Law regarding Telework,"July, 2020",2020-07,,e2e0bf97-8291-4c43-bbb3-b1cc439183ed,1353,bill-reforming-the-federal-labor-law-regarding-telework,2020-07-01,legacy_id,covered,date_match
en:1351,en,1351,Update: Fifth extension of the suspension of time periods for the National Energy Control Center,"July, 2020",2020-07,,b9372013-dbae-4b57-bccf-c67c47337e01,1351,update-fifth-extension-of-the-suspension-of-time-periods-for-the-national-energy,2020-07-01,legacy_id,covered,date_match
en:1349,en,1349,The Mexican Institute of Industrial Property restarts activities,"July, 2020",2020-07,,f096c47d-2b0f-4d1e-a697-e21d13480852,1349,the-mexican-institute-of-industrial-property-restarts-activities,2020-07-01,legacy_id,covered,date_match
en:1347,en,1347,"Possible criteria for verifying compliance with the NOM-051-SCFI/SSA1-2010 in the point of sale of products, beginning on October 1, 2020","July, 2020",2020-07,,01ee1d8e-e03d-4051-9001-87aca25e47f2,1347,possible-criteria-for-verifying-compliance-with-the-nom-051-scfi-ssa1-2010-in-th,2020-07-01,legacy_id,covered,date_match
en:1345,en,1345,New laws are issued that impact the import and export of merchandise,"July, 2020",2020-07,,abcc8920-3343-4d1f-9fbe-dbac0f2d983d,1345,new-laws-are-issued-that-impact-the-import-and-export-of-merchandise,2020-07-01,legacy_id,covered,date_match
en:1343,en,1343,"CONAGUA establishes temporary measures to guarantee the supply of water for population centers, during the contingency generated by the SARS-CoV-2 (COVID-19)","July, 2020",2020-07,,82f2beb0-9f87-4b42-8090-7a67ded62b61,1343,conagua-establishes-temporary-measures-to-guarantee-the-supply-of-water-for-popu,2020-07-01,legacy_id,covered,date_match
en:1341,en,1341,Sixth extension of the suspension in the activities of the Mexican Antitrust Commission and its procedures,"June, 2020",2020-06,,a3cad12e-8f40-462c-8016-c2a5e285869a,1341,sixth-extension-of-the-suspension-in-the-activities-of-the-mexican-antitrust-com,2020-06-01,legacy_id,covered,date_match
en:1339,en,1339,Publication of legal provisions in preparation for the entrance into force of the USMCA,"June, 2020",2020-06,,966a501a-a9b7-4176-88c7-05c01c2f0f23,1339,publication-of-legal-provisions-in-preparation-for-the-entrance-into-force-of-th,2020-06-01,legacy_id,covered,date_match
en:1335,en,1335,Notice to update partners or shareholders before the Federal Taxpayer Registry,"June, 2020",2020-06,,569e17ed-cd5a-4359-bcf4-46d8b4e3d3da,1335,notice-to-update-partners-or-shareholders-before-the-federal-taxpayer-registry,2020-06-01,legacy_id,covered,date_match
en:1333,en,1333,Extension of the suspension in the activities and deadlines of the Mexican Court of Administrative Justice,"June, 2020",2020-06,,394c619d-7790-4369-85e4-81bc744f8998,1333,extension-of-the-suspension-in-the-activities-and-deadlines-of-the-mexican-court-2,2020-06-01,legacy_id,covered,date_match
en:1331,en,1331,Update: Fourth extension of the suspension of legal terms for the National Energy Control Center,"June, 2020",2020-06,,19c166d7-2f98-4b3b-8f30-ad449f34da61,1331,update-fourth-extension-of-the-suspension-of-legal-terms-for-the-national-energy,2020-06-01,legacy_id,covered,date_match
en:1329,en,1329,Fifth extension of the suspension in the activities of the Mexican Antitrust Commission and its procedures,"June, 2020",2020-06,,4cfb060a-f827-45db-bf15-002c3e7aa235,1329,fifth-extension-of-the-suspension-in-the-activities-of-the-mexican-antitrust-com,2020-06-01,legacy_id,covered,date_match
en:1327,en,1327,New extension of the suspension in the activities and deadlines of the Mexican Copyright Institute,"June, 2020",2020-06,,3e905d60-bc95-4c61-8bdb-10f8661f091e,1327,new-extension-of-the-suspension-in-the-activities-and-deadlines-of-the-mexican-c,2020-06-01,legacy_id,covered,date_match
en:1323,en,1323,Bankruptcy and commercial electronic proceedings,"June, 2020",2020-06,,281f14bd-f8a9-4e22-b7a0-11577b9ce85c,1323,bankruptcy-and-commercial-electronic-proceedings,2020-06-01,legacy_id,covered,date_match
en:1321,en,1321,Industrial Designs – Mexico joins the Hague System,"June, 2020",2020-06,,823ed396-a946-4303-ab47-a8edc179c742,1321,industrial-designs-mexico-joins-the-hague-system,2020-06-01,legacy_id,covered,date_match
en:1319,en,1319,Fourth extension of the suspension in the activities of the Mexican Antitrust Commission and its procedures,"May, 2020",2020-05,,f9286dd9-741a-4d9d-8e76-8e009e56d9e5,1319,fourth-extension-of-the-suspension-in-the-activities-of-the-mexican-antitrust-co,2020-05-01,legacy_id,covered,date_match
en:1317,en,1317,"Head Partner of our Energy Practice, Edmond Grieger was interviewed by Mexico Business' Energy publication in a special article, Mexico’s Electric Grid: Matter of Contention.","June, 2020",2020-06,,8e6914e3-3aa6-4c75-97c4-2b3d6bd30a97,1317,head-partner-of-our-energy-practice-edmond-grieger-was-interviewed-by-mexico-bus,2020-06-01,legacy_id,covered,date_match
en:1315,en,1315,Update: General Provisions regarding the standardized computer application programming interfaces referred to under the Law for the Regulation of Financial Technology Institutions,"June, 2020",2020-06,,e9728ac7-3742-4d71-80d1-01677bbc1b9c,1315,update-general-provisions-regarding-the-standardized-computer-application-progra,2020-06-01,legacy_id,covered,date_match
en:1313,en,1313,Possible restrictions on the advertising of food and non-alcoholic beverages that contain warning stamps and captions,"June, 2020",2020-06,,4de266e8-7d0b-4fbb-a97b-7231eb3ca999,1313,possible-restrictions-on-the-advertising-of-food-and-non-alcoholic-beverages-tha,2020-06-01,legacy_id,covered,date_match
en:1311,en,1311,Update: Third extension of the suspension of time periods for the National Hydrocarbons Commission,"June, 2020",2020-06,,9b245e4f-b859-4185-bc11-79b713cfbaef,1311,update-third-extension-of-the-suspension-of-time-periods-for-the-national-hydroc,2020-06-01,legacy_id,covered,date_match
en:1309,en,1309,Update: Third extension of the suspension of time periods for the National Energy Control Center,"June, 2020",2020-06,,8de9df00-fbab-4467-9449-7a4ae01e58ce,1309,update-third-extension-of-the-suspension-of-time-periods-for-the-national-energy,2020-06-01,legacy_id,covered,date_match
en:1307,en,1307,The preliminary version of the “Uniform Regulations” of the USMCA published,"June, 2020",2020-06,,d6672821-f694-4b89-941b-56101cbfa5e2,1307,the-preliminary-version-of-the-uniform-regulations-of-the-usmca-published,2020-06-01,legacy_id,covered,date_match
en:1305,en,1305,Extension of the suspension in the activities and deadlines of the Mexican Court of Administrative Justice,"June, 2020",2020-06,,e456c751-5a5f-4bb5-9f4e-c255ffa956f6,1305,extension-of-the-suspension-in-the-activities-and-deadlines-of-the-mexican-court,2020-06-01,legacy_id,covered,date_match
en:1303,en,1303,Extension of the suspension of the terms periods of the CNBV,"May, 2020",2020-05,,b52c2f6c-ee95-4da4-9eba-1d3065451f85,1303,extension-of-the-suspension-of-the-terms-periods-of-the-cnbv,2020-05-01,legacy_id,covered,date_match
en:1301,en,1301,Extension of the suspension in the activities and terms of the Federal Court of Administrative Justice,"April, 2020",2020-04,,b9948671-9fe2-4d58-9476-1731d29d1d2b,1301,extension-of-the-suspension-in-the-activities-and-terms-of-the-federal-court-of-,2020-04-01,legacy_id,covered,date_match
en:1299,en,1299,Update: Suspension of legal terms for the SEMARNAT and enabling of business days and hours for the ASEA and CONAGUA,"June, 2020",2020-06,,de76050c-3f1d-4610-9f59-90525522a0e4,1299,update-suspension-of-legal-terms-for-the-semarnat-and-enabling-of-business-days--2,2020-06-01,legacy_id,covered,date_match
en:1297,en,1297,Update: Suspension of legal terms for the Federal Ministry of Energy and the Energy Regulatory Commission,"June, 2020",2020-06,,96a7af61-be88-4ab9-8e3d-5a6a4fcf3462,1297,update-suspension-of-legal-terms-for-the-federal-ministry-of-energy-and-the-ener,2020-06-01,legacy_id,covered,date_match
en:1295,en,1295,Extension of the suspension of the activities and terms of the Mexican Institute of Industrial Property,"June, 2020",2020-06,,54e4d141-3e62-4132-8130-4d16f6b76f79,1295,extension-of-the-suspension-of-the-activities-and-terms-of-the-mexican-institute,2020-06-01,legacy_id,covered,date_match
en:1293,en,1293,Publication of the Specific Technical Guidelines for the Reopening of Economic Activities,"May, 2020",2020-05,,e3af9dd5-51d0-4f26-8291-3c8d03138d02,1293,publication-of-the-specific-technical-guidelines-for-the-reopening-of-economic-a,2020-05-01,legacy_id,covered,date_match
en:1291,en,1291,Business days and hours are established for obtaining and renewing the Environmental Certificate and Certification of New Vehicles or new vehicles in plant,"May, 2020",2020-05,,92bf4e95-7b03-4c95-ab38-4de425e73f79,1291,business-days-and-hours-are-established-for-obtaining-and-renewing-the-environme,2020-05-01,legacy_id,covered,date_match
en:1289,en,1289,Update: Suspension of legal terms and deadlines for the Mexican Energy Control Center,"April, 2020",2020-04,,841e1b7f-eb58-4ad6-b999-c23bfb6234cc,1289,update-suspension-of-legal-terms-and-deadlines-for-the-mexican-energy-control-ce,2020-04-01,legacy_id,covered,date_match
en:1285,en,1285,Landmark PPA transaction in Mexico’s developing Wholesale Electrical Market,"May, 2020",2020-05,,e1ab7a99-e4d8-42fc-966f-4c3ede8de663,1285,landmark-ppa-transaction-in-mexico-s-developing-wholesale-electrical-market,2020-05-01,legacy_id,covered,date_match
en:1283,en,1283,Update: Resolution regarding the information and the electronic means required to comply with antimoney laundering obligations,"May, 2020",2020-05,,969aa35d-4e44-4cf6-84af-52626b226af9,1283,update-resolution-regarding-the-information-and-the-electronic-means-required-to,2020-05-01,legacy_id,covered,date_match
en:1281,en,1281,Virtual Arbitration Hearings: A View Across Institutional Rules,"May, 2020",2020-05,,d67265f2-d54d-4260-9241-22e3d67bf060,1281,virtual-arbitration-hearings-a-view-across-institutional-rules,2020-05-01,legacy_id,covered,date_match
en:1279,en,1279,Technical Guidelines on Health Safety in the Work Environment,"May, 2020",2020-05,,eb2926ed-5f0a-4f37-80e6-c51ab1426907,1279,technical-guidelines-on-health-safety-in-the-work-environment,2020-05-01,legacy_id,covered,date_match
en:1277,en,1277,Ministry of Energy imposes limits on the development of renewable energies and opens the possibility of filing defense mechanisms,"May, 2020",2020-05,,eaec2e39-e62c-46f8-bed5-c78cea5f2c0c,1277,ministry-of-energy-imposes-limits-on-the-development-of-renewable-energies-and-o,2020-05-01,legacy_id,covered,date_match
en:1275,en,1275,"The resumption of essential activities consisting of the manufacturing of trasportation equipment, mining and construction is clarified","May, 2020",2020-05,,021090e7-0ca9-4cd1-8264-2684f91c24f9,1275,the-resumption-of-essential-activities-consisting-of-the-manufacturing-of-traspo,2020-05-01,legacy_id,covered,date_match
en:1273,en,1273,Normative criterion on the withholding of 6% of the Value Added Tax in the case of certain services,"May, 2020",2020-05,,d8996d4d-b16f-4251-8cdd-ce353e0b79be,1273,normative-criterion-on-the-withholding-of-6-of-the-value-added-tax-in-the-case-o,2020-05-01,legacy_id,covered,date_match
en:1271,en,1271,"The manufacturing of transportation equipment, mining and construction are included as essential activities","May, 2020",2020-05,,e71456bb-60d2-485f-9723-deb43f85c579,1271,the-manufacturing-of-transportation-equipment-mining-and-construction-are-includ,2020-05-01,legacy_id,covered,date_match
en:1269,en,1269,Publication of the First Resolution of Modifications to the Omnibus Tax Bill for 2020,"May, 2020",2020-05,,2a1f47e5-5e70-4470-a19e-32f8609341ad,1269,publication-of-the-first-resolution-of-modifications-to-the-omnibus-tax-bill-for,2020-05-01,legacy_id,covered,date_match
en:1267,en,1267,Making use of Commercial Arbitration in COVID-19 Times,"May, 2020",2020-05,,b65fb9f5-aa06-4cb2-aee9-b1d0ccc54bd9,1267,making-use-of-commercial-arbitration-in-covid-19-times,2020-05-01,legacy_id,covered,date_match
en:1266,en,1266,"CENACE suspends preoperative tests and imposes limits to the transmission of solar and wind power plants, opening the door for the affected companies to initiate defense mechanisms","May, 2020",2020-05,,058aa8d0-003a-4f25-abea-feb0feeac644,1266,cenace-suspends-preoperative-tests-and-imposes-limits-to-the-transmission-of-sol,2020-05-01,legacy_id,covered,date_match
en:1263,en,1263,Suspension of time periods and legal terms of the Tax Administration Service,"May, 2020",2020-05,,0f29ff45-8fcd-4bb7-b087-cc5923a194e9,1263,suspension-of-time-periods-and-legal-terms-of-the-tax-administration-service,2020-05-01,legacy_id,covered,date_match
en:1261,en,1261,"Update: Suspension of legal terms and deadlines for the Federal Ministry of Energy, the Federal Energy Regulatory Commission and the Mexican Energy Control Center","April, 2020",2020-04,,45d87e8d-d83c-4b53-8fef-ad769ba3babe,1261,update-suspension-of-legal-terms-and-deadlines-for-the-federal-ministry-of-energ-2,2020-04-01,legacy_id,covered,date_match
en:1259,en,1259,Update: Second extension of the suspension of time periods for the National Hydrocarbons Commission,"May, 2020",2020-05,,14302ada-e490-4154-8f37-0e3a6b6eab6f,1259,update-second-extension-of-the-suspension-of-time-periods-for-the-national-hydro,2020-05-01,legacy_id,covered,date_match
en:1257,en,1257,Update: Suspension of legal terms for the SEMARNAT and enabling of business days and hours for the ASEA,"May, 2020",2020-05,,36964be4-a117-4598-9293-55b82f8ed7cd,1257,update-suspension-of-legal-terms-for-the-semarnat-and-enabling-of-business-days-,2020-05-01,legacy_id,covered,date_match
en:1255,en,1255,Criteria for qualifying COVID-19 as an occupational illness,"May, 2020",2020-05,,9b696017-1d44-4589-aa39-86432bbd37e3,1255,criteria-for-qualifying-covid-19-as-an-occupational-illness,2020-05-01,legacy_id,covered,date_match
en:1253,en,1253,Extension of the suspension in the activities and terms of the Mexican Copyright Institute,"May, 2020",2020-05,,56121afe-b739-452a-977d-9da3cb17afa3,1253,extension-of-the-suspension-in-the-activities-and-terms-of-the-mexican-copyright,2020-05-01,legacy_id,covered,date_match
en:1251,en,1251,Surviving COVID-19 A Guide for Directors and Corporate Managers,"April, 2020",2020-04,,de40a52d-f17a-4b5f-8554-2cab54a7f7ff,1251,surviving-covid-19-a-guide-for-directors-and-corporate-managers,2020-04-01,legacy_id,covered,date_match
en:1249,en,1249,The CJF considers commercial insolvency injunctions as “urgent matters”,"April, 2020",2020-04,,df3f3580-3daf-4d44-ab3e-25aaa8af4bf5,1249,the-cjf-considers-commercial-insolvency-injunctions-as-urgent-matters,2020-04-01,legacy_id,covered,date_match
en:1247,en,1247,Third extension of the suspension in the activities of the Mexican Antitrust Commission and its procedures,"April, 2020",2020-04,,19f47284-c72a-4106-9041-3cbb396d75b3,1247,third-extension-of-the-suspension-in-the-activities-of-the-mexican-antitrust-com,2020-04-01,legacy_id,covered,date_match
en:1245,en,1245,Mexican Central Bank´s Measures to Promote Liquidity in the Financial Market in the context of the COVID-19 Pandemic,"April, 2020",2020-04,,86f2eae5-634e-4a56-9e7c-4cfead9e9148,1245,mexican-central-bank-s-measures-to-promote-liquidity-in-the-financial-market-in-,2020-04-01,legacy_id,covered,date_match
en:1243,en,1243,"The USMCA will enter into force on July 1, 2020","April, 2020",2020-04,,6195ddf6-cbc8-49ff-b378-50c2eb7e236b,1243,the-usmca-will-enter-into-force-on-july-1-2020,2020-04-01,legacy_id,covered,date_match
en:1241,en,1241,Labor inspections and alternatives from a labor perspective for confronting the health emergency generated by the SARS-CoV2 (COVID-19) virus,"April, 2020",2020-04,,15f55b80-9d78-42f3-84aa-15bd01da3395,1241,labor-inspections-and-alternatives-from-a-labor-perspective-for-confronting-the-,2020-04-01,legacy_id,covered,date_match
en:1239,en,1239,The application of the extraordinary actions adopted against the SARS-CoV2 virus (COVID-19) is modified,"April, 2020",2020-04,,4ac0de2d-3b19-4553-b66d-cccef1b24035,1239,the-application-of-the-extraordinary-actions-adopted-against-the-sars-cov2-virus,2020-04-01,legacy_id,covered,date_match
en:1237,en,1237,Decree granting tax benefits,"April, 2020",2020-04,,dafced76-14be-47c6-988a-9f5d9fc5b5a4,1237,decree-granting-tax-benefits,2020-04-01,legacy_id,covered,date_match
en:1235,en,1235,New official communications regarding the extension of the suspension of terms and activities of authorities related to Intellectual Property matters,"April, 2020",2020-04,,58db349f-5478-4ab6-b9ed-85d493d3157d,1235,new-official-communications-regarding-the-extension-of-the-suspension-of-terms-a,2020-04-01,legacy_id,covered,date_match
en:1233,en,1233,Update: Suspension of legal terms and deadlines for the Federal Ministry of Energy,"April, 2020",2020-04,,7b91a9e5-3944-4738-8922-6bf89445deb4,1233,update-suspension-of-legal-terms-and-deadlines-for-the-federal-ministry-of-energ,2020-04-01,legacy_id,covered,date_match
en:1231,en,1231,Update: Extension of the suspension of time periods for the National Hydrocarbons Commission,"April, 2020",2020-04,,5bc11ab0-abdc-4345-a966-baa3386e9407,1231,update-extension-of-the-suspension-of-time-periods-for-the-national-hydrocarbons,2020-04-01,legacy_id,covered,date_match
en:1229,en,1229,The period for issuing legislation on Cannabis is extended,"April, 2020",2020-04,,e60ddc92-fb6f-4b90-a263-9e3032a04efc,1229,the-period-for-issuing-legislation-on-cannabis-is-extended,2020-04-01,legacy_id,covered,date_match
en:1227,en,1227,"Update: Suspension of legal terms and time periods, as well as enabling of business days and hours for the Federal Ministry of Environment and Natural Resources","April, 2020",2020-04,,c7aca5a7-90aa-49f3-9455-27a8e4b81460,1227,update-suspension-of-legal-terms-and-time-periods-as-well-as-enabling-of-busines,2020-04-01,legacy_id,covered,date_match
en:1225,en,1225,The impact of COVID-19 on leases,"April, 2020",2020-04,,8cd65686-0d45-4f03-aa51-31e095dfea34,1225,the-impact-of-covid-19-on-leases,2020-04-01,legacy_id,covered,date_match
en:1223,en,1223,Extension of the suspension in the activities of the Mexican Antitrust Commission and its procedures,"April, 2020",2020-04,,9a539cb9-47c7-428c-9ad1-95ce86bfe4d7,1223,extension-of-the-suspension-in-the-activities-of-the-mexican-antitrust-commissio,2020-04-01,legacy_id,covered,date_match
en:1221,en,1221,The Mexican Social Security Institute informs the legal and administrative instruments available to ease the payment of social security dues,"April, 2020",2020-04,,6c6e2084-821e-4b28-b4ed-161303d5d307,1221,the-mexican-social-security-institute-informs-the-legal-and-administrative-instr,2020-04-01,legacy_id,covered,date_match
en:1218,en,1218,Analysis of the administrative eases and tax incentives granted by several States of the Republic,"April, 2020",2020-04,,43fe2fa9-3434-4f72-ab9c-333e13d1c16f,1218,analysis-of-the-administrative-eases-and-tax-incentives-granted-by-several-state,2020-04-01,legacy_id,covered,date_match
en:1216,en,1216,Economic aid and/or federal and state tax relief in response to COVID-19,"April, 2020",2020-04,,5896efd9-6c12-4d86-a97d-36369eee5547,1216,economic-aid-and-or-federal-and-state-tax-relief-in-response-to-covid-19,2020-04-01,legacy_id,covered,date_match
en:1215,en,1215,Legal Guide Regarding the Impacts of COVID-19.,"April, 2020",2020-04,,70e34593-535f-456e-8bbd-015d8616652e,1215,legal-guide-regarding-the-impacts-of-covid-19,2020-04-01,legacy_id,covered,date_match
en:1212,en,1212,Injunction granted in the amparo proceeding in relation to the powers of the Federal Executive contemplated by article 39 of the Federal Tax Code,"April, 2020",2020-04,,1a5c5c49-9f39-420b-8c67-2b5d67d5b572,1212,injunction-granted-in-the-amparo-proceeding-in-relation-to-the-powers-of-the-fed,2020-04-01,legacy_id,covered,date_match
en:1210,en,1210,Essential activities regulated and supervised by the Ministry of Communications and Transportation are identified,"April, 2020",2020-04,,a355d018-ea01-44c6-80d3-7086ef67c1d9,1210,essential-activities-regulated-and-supervised-by-the-ministry-of-communications-,2020-04-01,legacy_id,covered,date_match
en:1208,en,1208,Business days and hours are enabled for acts and procedures of the Federal Ministry of Environment and Natural Resources,"April, 2020",2020-04,,47b56fc2-b76c-4d18-856c-e516d8d1c5fb,1208,business-days-and-hours-are-enabled-for-acts-and-procedures-of-the-federal-minis,2020-04-01,legacy_id,covered,date_match
en:1206,en,1206,Criteria applicable for labor extraordinary inspections during the contingency provoked by the presence of the COVID-19 virus,"April, 2020",2020-04,,0a404fb4-3577-4020-bece-ca532597252a,1206,criteria-applicable-for-labor-extraordinary-inspections-during-the-contingency-p,2020-04-01,legacy_id,covered,date_match
en:1204,en,1204,Update: Suspension of legal terms for the Energy Regulatory Commission,"April, 2020",2020-04,,32347784-9f1b-4fe8-977a-920ddc06f7ec,1204,update-suspension-of-legal-terms-for-the-energy-regulatory-commission,2020-04-01,legacy_id,covered,date_match
en:1202,en,1202,The scope of certain activities not subject to suspension is specified,"April, 2020",2020-04,,538eec2a-0132-4b51-bc98-6f5f6c1b3fe8,1202,the-scope-of-certain-activities-not-subject-to-suspension-is-specified,2020-04-01,legacy_id,covered,date_match
en:1200,en,1200,Restructuring in COVID-19 times,"April, 2020",2020-04,,8c0628f2-35db-48e7-8717-a97f19d80634,1200,restructuring-in-covid-19-times,2020-04-01,legacy_id,covered,date_match
en:1198,en,1198,"Regulations are eased in the public sector purchase and import of medicines, equipment and medical products necessary to fight COVID-19","April, 2020",2020-04,,4b33a232-388d-4b72-841e-08c515c481e3,1198,regulations-are-eased-in-the-public-sector-purchase-and-import-of-medicines-equi,2020-04-01,legacy_id,covered,date_match
en:1194,en,1194,Suspension of terms and deadlines for the Mexican Energy Control Center,"April, 2020",2020-04,,88a32d14-2c01-458e-8c20-20ca61150136,1194,suspension-of-terms-and-deadlines-for-the-mexican-energy-control-center,2020-04-01,legacy_id,covered,date_match
en:1192,en,1192,Additional extraordinary measures are adopted by the Health Ministry to confront the COVID-19 disease,"April, 2020",2020-04,,b5d045e1-be80-461f-9446-dbfd388e09de,1192,additional-extraordinary-measures-are-adopted-by-the-health-ministry-to-confront,2020-04-01,legacy_id,covered,date_match
en:1190,en,1190,Regulatory impact in food and beverages,"April, 2020",2020-04,,542ab1d1-6bf2-4737-8523-72d19c17cdad,1190,regulatory-impact-in-food-and-beverages,2020-04-01,legacy_id,covered,date_match
en:1188,en,1188,The IMPI issued a new statement announcing the suspension of activities,"April, 2020",2020-04,,28f04e2a-2d53-47ee-a0e7-066ccbe9be71,1188,the-impi-issued-a-new-statement-announcing-the-suspension-of-activities,2020-04-01,legacy_id,covered,date_match
en:1186,en,1186,Additional extraordinary measures are adopted to confront the COVID-19 disease,"March, 2020",2020-03,,e58b5baf-667a-42a4-af18-fe1bfe1f32b8,1186,additional-extraordinary-measures-are-adopted-to-confront-the-covid-19-disease,2020-03-01,legacy_id,covered,date_match
en:1184,en,1184,New Standard Provision for Labeling food and non-alcoholic beverages (NOM-051-SCFI/SSA1-2010),"March, 2020",2020-03,,49866f61-7379-4fad-9825-d246b6ccd4e9,1184,new-standard-provision-for-labeling-food-and-non-alcoholic-beverages-nom-051-scf,2020-03-01,legacy_id,covered,date_match
en:1182,en,1182,Measures to maintain Foreign Trade procedures operating,"March, 2020",2020-03,,dede8b18-0ace-472f-afda-094f64905c85,1182,measures-to-maintain-foreign-trade-procedures-operating,2020-03-01,legacy_id,covered,date_match
en:1180,en,1180,Update: Suspension of legal terms for the Federal Ministry of Energy,"March, 2020",2020-03,,d5a18fb4-5205-4bc0-97f8-3377f23c2ba9,1180,update-suspension-of-legal-terms-for-the-federal-ministry-of-energy,2020-03-01,legacy_id,covered,date_match
en:1178,en,1178,Suspension of legal terms for federal energy and environmental authorities,"March, 2020",2020-03,,e440ea5d-41ab-48a8-bf6c-bfba3c37e47a,1178,suspension-of-legal-terms-for-federal-energy-and-environmental-authorities,2020-03-01,legacy_id,covered,date_match
en:1176,en,1176,The Ministry of Health announces measures to confront the COVID-19 contingency,"March, 2020",2020-03,,965d2f07-d696-45c1-824c-5f757d2a993a,1176,the-ministry-of-health-announces-measures-to-confront-the-covid-19-contingency,2020-03-01,legacy_id,covered,date_match
en:1174,en,1174,"IMPI’s decree dated March 23, 2020","March, 2020",2020-03,,f8e86375-cdde-4d38-9fad-7dcdaf040ddd,1174,impi-s-decree-dated-march-23-2020,2020-03-01,legacy_id,covered,date_match
en:1172,en,1172,Declaration of the COVID-19 pandemic as a serious illness and advanced response measures,"March, 2020",2020-03,,8973b37c-4f7d-4a6f-a733-908b04bc902d,1172,declaration-of-the-covid-19-pandemic-as-a-serious-illness-and-advanced-response-,2020-03-01,legacy_id,covered,date_match
en:1170,en,1170,"COVID-19 impact on companies, performance of contracts and other obligations in Mexico","March, 2020",2020-03,,32cb3f31-02a8-4a86-a895-7c59f112211c,1170,covid-19-impact-on-companies-performance-of-contracts-and-other-obligations-in-m,2020-03-01,legacy_id,covered,date_match
en:1168,en,1168,Revised Notice. Impact of the COVID-19 in the activities of the Mexican Antitrust Commission and its procedures,"March, 2020",2020-03,,fc510b73-7953-4c33-b63a-9b0feb2abc97,1168,revised-notice-impact-of-the-covid-19-in-the-activities-of-the-mexican-antitrust,2020-03-01,legacy_id,covered,date_match
en:1166,en,1166,Suspension of terms and deadlines for Mexico City’s Public Administration,"March, 2020",2020-03,,347cfebf-4ebe-4d54-9c8c-dfd5e89fd57c,1166,suspension-of-terms-and-deadlines-for-mexico-city-s-public-administration,2020-03-01,legacy_id,covered,date_match
en:1164,en,1164,COVID-19: IP Mexican authorities suspension of procedural terms,"March, 2020",2020-03,,a4ee2565-fea3-439a-ac50-f5f0ed0a072d,1164,covid-19-ip-mexican-authorities-suspension-of-procedural-terms,2020-03-01,legacy_id,covered,date_match
en:1162,en,1162,Impacts of the COVID-19 in the activities of the Mexican Antitrust Commission and its procedures,"March, 2020",2020-03,,0b14e8c3-b2f6-4706-b4a4-fd9d65167f4f,1162,impacts-of-the-covid-19-in-the-activities-of-the-mexican-antitrust-commission-an,2020-03-01,legacy_id,covered,date_match
en:1160,en,1160,Entry into force of the USMCA is drawing nearer,"March, 2020",2020-03,,e9f96f27-c13e-47e3-a53e-a111e0b23e5d,1160,entry-into-force-of-the-usmca-is-drawing-nearer,2020-03-01,legacy_id,covered,date_match
en:1158,en,1158,VWyS’s response to COVID-19,"March, 2020",2020-03,,def8dd86-7dbb-4d46-8d60-6c5e98a2a6b0,1158,vwys-s-response-to-covid-19,2020-03-01,legacy_id,covered,date_match
en:1157,en,1157,Note on the Regulatory Provisions of the Immunity and Reduction of Sanctions Program,"March, 2020",2020-03,,8d07f9f3-f0d5-4b76-9583-3806ac0726c7,1157,note-on-the-regulatory-provisions-of-the-immunity-and-reduction-of-sanctions-pro,2020-03-01,legacy_id,covered,date_match
en:1154,en,1154,Possible labor implications of the COVID-19,"March, 2020",2020-03,,d1ea0665-e8aa-4974-86dd-7a2b77cf4707,1154,possible-labor-implications-of-the-covid-19,2020-03-01,legacy_id,covered,date_match
en:1152,en,1152,"Von Wobeser y Sierra, S.C. announces two new Partners and new Of Counsel.","February, 2020",2020-02,,da3a39ec-1080-4a0c-bdd9-09ffc5482cd6,1152,von-wobeser-y-sierra-s-c-announces-two-new-partners-and-new-of-counsel,2020-02-01,legacy_id,covered,date_match
en:1148,en,1148,"Von Wobeser y Sierra, S.C. awarded with “Leading Lights 2019” Accolade","February, 2020",2020-02,,68dfa256-dcd6-4dbd-a9cc-2a816bb12c9c,1148,von-wobeser-y-sierra-s-c-awarded-with-leading-lights-2019-accolade,2020-02-01,legacy_id,covered,date_match
en:1146,en,1146,Amendment proposed to the terms for requesting a change to permits for generation of electricity,"February, 2020",2020-02,,0e64e851-8151-4075-a85c-2c554173e454,1146,amendment-proposed-to-the-terms-for-requesting-a-change-to-permits-for-generatio,2020-02-01,legacy_id,covered,date_match
en:1142,en,1142,The Ministry of Energy updates the Transition Strategy to promote the use of cleaner technologies and fuels,"February, 2020",2020-02,,2d7c3484-fc0c-4cc6-a704-f1cdd25f31bb,1142,the-ministry-of-energy-updates-the-transition-strategy-to-promote-the-use-of-cle,2020-02-01,legacy_id,covered,date_match
en:1141,en,1141,Senate of the United States of America approves TMEC,"February, 2020",2020-02,,7de3eb84-3b74-4727-8d5f-a10a40f56f96,1141,senate-of-the-united-states-of-america-approves-tmec,2020-02-01,legacy_id,covered,date_match
en:1138,en,1138,"Values of the Unit of Measurement and Indexing (UMA for its initials in Spanish) in effect as of February 1, 2020","January, 2020",2020-01,,50043fce-9c0a-4ab6-9049-37b6db3294fc,1138,values-of-the-unit-of-measurement-and-indexing-uma-for-its-initials-in-spanish-i,2020-01-01,legacy_id,covered,date_match
en:1136,en,1136,Federal Conciliation and Labor Registry Center,"January, 2020",2020-01,,e6a26473-6066-4dcb-8833-3bf082e50b19,1136,federal-conciliation-and-labor-registry-center,2020-01-01,legacy_id,covered,date_match
en:1135,en,1135,Amendments to tax provisions for 2020,"January, 2020",2020-01,,a2314380-44b1-4174-ac3a-db86e53d7cf8,1135,amendments-to-tax-provisions-for-2020-2,2020-01-01,legacy_id,covered,date_match
en:1132,en,1132,Diego Sierra - GRR - Restructuring of the Americas 2020 - Mexico,"January, 2020",2020-01,,77d09c8f-b4e7-4177-a6b6-f90cb28a6d91,1132,diego-sierra-grr-restructuring-of-the-americas-2020-mexico,2020-01-01,legacy_id,covered,date_match
en:1130,en,1130,Adrián Magallanes & Diego Sierra - Latin Lawyer Reference Litigation 2020 - Mexico,"December, 2019",2019-12,,51a5a83d-93c4-4190-b01f-5863a4e18afe,1130,adrian-magallanes-diego-sierra-latin-lawyer-reference-litigation-2020-mexico,2019-12-01,legacy_id,covered,date_match
en:1128,en,1128,"New minimum wage as of January 1, 2020","December, 2019",2019-12,,4bd9ee95-85d9-4039-97dd-bfa715f020f7,1128,new-minimum-wage-as-of-january-1-2020,2019-12-01,legacy_id,covered,date_match
en:1126,en,1126,Labor dispute settlement mechanism introduced in the T-MEC/USMCA,"December, 2019",2019-12,,d6e0cedb-4337-4d20-8c70-25560041afff,1126,labor-dispute-settlement-mechanism-introduced-in-the-t-mec-usmca,2019-12-01,legacy_id,covered,date_match
en:1124,en,1124,Amendments to the USMCA,"December, 2019",2019-12,,154a3216-59ff-4137-a958-1aa3c419eee5,1124,amendments-to-the-usmca,2019-12-01,legacy_id,covered,date_match
en:1122,en,1122,Amendments to tax provisions for 2020,"December, 2019",2019-12,,8e483af6-f444-482b-a73b-0a445ec967cd,1122,amendments-to-tax-provisions-for-2020,2019-12-01,legacy_id,covered,date_match
en:1120,en,1120,Changes to the Foreign Trade Rules issued by the Ministry of Economy,"December, 2019",2019-12,,5ed6e0a1-a8d8-4a96-99a7-9b768f40e2a3,1120,changes-to-the-foreign-trade-rules-issued-by-the-ministry-of-economy,2019-12-01,legacy_id,covered,date_match
en:1118,en,1118,Approval by the Congress of the Union of the Economic Package 2020,"November, 2019",2019-11,,a3bc7bd4-797b-48bd-aadc-00c072ff2371,1118,approval-by-the-congress-of-the-union-of-the-economic-package-2020,2019-11-01,legacy_id,covered,date_match
en:1116,en,1116,The guidelines and criteria for granting clean energy certificates were modified by the Ministry of Energy,"October, 2019",2019-10,,e162431b-3e27-476c-b0a1-b67a77c352a1,1116,the-guidelines-and-criteria-for-granting-clean-energy-certificates-were-modified,2019-10-01,legacy_id,covered,date_match
en:1115,en,1115,"NOM-035-STPS-2018, psychosocial risk factors at work; identification, analysis and prevention","October, 2019",2019-10,,7b58916b-dfd5-477f-9330-34d2b90f3a36,1115,nom-035-stps-2018-psychosocial-risk-factors-at-work-identification-analysis-and-,2019-10-01,legacy_id,covered,date_match
en:1113,en,1113,New front warning labeling,"October, 2019",2019-10,,7762143f-d8ee-4fb5-b634-10b0cd649f34,1113,new-front-warning-labeling,2019-10-01,legacy_id,covered,date_match
en:1110,en,1110,Electronic Payments [Cobro Digital] (CoDi),"September, 2019",2019-09,,d9d32f28-15f4-4432-9be1-10b3e70b9ad9,1110,electronic-payments-cobro-digital-codi,2019-09-01,legacy_id,covered,date_match
en:1108,en,1108,PEP issues the Exploration and Production Integral Services Contract,"August, 2019",2019-08,,aa68c055-e03f-42b5-a96c-83cb2c8c3f53,1108,pep-issues-the-exploration-and-production-integral-services-contract,2019-08-01,legacy_id,covered,date_match
en:1106,en,1106,First Resolution of Amendments to the Omnibus Tax Bill for 2019 and its Annexes 1 and 1-A,"August, 2019",2019-08,,62056bdf-b192-4d51-be6e-8addf5a0418d,1106,first-resolution-of-amendments-to-the-omnibus-tax-bill-for-2019-and-its-annexes-,2019-08-01,legacy_id,covered,date_match
en:1104,en,1104,National Law Asset Forfeiture,"August, 2019",2019-08,,0e96b217-93e3-4a7f-93bf-38dad1b10414,1104,national-law-asset-forfeiture,2019-08-01,legacy_id,covered,date_match
en:1102,en,1102,Protocol for the Legitimation of Collective Bargaining Agreements,"August, 2019",2019-08,,3823fcee-3a4d-444e-810f-3c2e29935dae,1102,protocol-for-the-legitimation-of-collective-bargaining-agreements,2019-08-01,legacy_id,covered,date_match
en:1101,en,1101,General Transparency and Healthy Practices Provisions issued by the CONDUSEF applicable to the FTI,"July, 2019",2019-07,,61a39dc7-5cfc-4a16-82b0-441bf9c11374,1101,general-transparency-and-healthy-practices-provisions-issued-by-the-condusef-app,2019-07-01,legacy_id,covered,date_match
en:1099,en,1099,Reform of the Federal Labor and Social Security Laws in relation to domestic workers,"July, 2019",2019-07,,c662f27c-fd89-4d15-8b4f-99ac0d537a99,1099,reform-of-the-federal-labor-and-social-security-laws-in-relation-to-domestic-wor,2019-07-01,legacy_id,covered,date_match
en:1097,en,1097,Reform in relation to the granting of leave for parents whose children have been diagnosed with cancer,"June, 2019",2019-06,,86015d69-303e-4e25-bc3c-f709ac344643,1097,reform-in-relation-to-the-granting-of-leave-for-parents-whose-children-have-been,2019-06-01,legacy_id,covered,date_match
en:1094,en,1094,Latin Lawyer- Catching El Peje: what lawyers expect from AMLO's presidency,"May, 2019",2019-05,,430a602b-42d2-4c7c-8f3d-15d2ffb29a1f,1094,latin-lawyer-catching-el-peje-what-lawyers-expect-from-amlo-s-presidency,2019-05-01,legacy_id,covered,date_match
en:1091,en,1091,Approval of the Mexican Labor Reform,"May, 2019",2019-05,,2c583b6d-db0e-4051-8fd2-5dc3e5afd49b,1091,approval-of-the-mexican-labor-reform,2019-05-01,legacy_id,covered,date_match
en:1089,en,1089,General Provisions Regulating the AML Self-Regularization Programs,"April, 2019",2019-04,,e048a535-9704-4c0c-b859-fa0dc954b005,1089,general-provisions-regulating-the-aml-self-regularization-programs,2019-04-01,legacy_id,covered,date_match
en:1087,en,1087,"Ruling waiving the payment of debts, fiscal fines, surcharges and enforcement expenditures as well as the granting of administrative benefits","April, 2019",2019-04,,86f273b0-6350-4c26-beac-7756e1d4caa3,1087,ruling-waiving-the-payment-of-debts-fiscal-fines-surcharges-and-enforcement-expe,2019-04-01,legacy_id,covered,date_match
en:1084,en,1084,Latin Lawyer- COFECE probes Mexico corn flour market,"April, 2019",2019-04,,9caf736b-f8e8-4409-b3ff-6ddb0747f3c2,1084,latin-lawyer-cofece-probes-mexico-corn-flour-market,2019-04-01,legacy_id,covered,date_match
en:1083,en,1083,The Chamber of Deputies passes bill reforming Federal Labor Law,"April, 2019",2019-04,,cca16ad7-2a04-473b-918e-2f63291df857,1083,the-chamber-of-deputies-passes-bill-reforming-federal-labor-law,2019-04-01,legacy_id,covered,date_match
en:1081,en,1081,"Centralized acquisition of medicines and healing material, for the federal entities, for year 2019","April, 2019",2019-04,,2112291c-4d2e-4a20-97bd-dc94186e17f9,1081,centralized-acquisition-of-medicines-and-healing-material-for-the-federal-entiti,2019-04-01,legacy_id,covered,date_match
en:1079,en,1079,Provisions applicable to Sandboxes issued by the SHCP & CNBV,"April, 2019",2019-04,,248dc35b-76a5-4e80-84f8-2da5aaa37683,1079,provisions-applicable-to-sandboxes-issued-by-the-shcp-cnbv,2019-04-01,legacy_id,covered,date_match
en:1076,en,1076,Mandatory compliance with the Network Code initiates for all medium and high voltage users connected to the grid,"April, 2019",2019-04,,52be7068-cb17-45a7-872a-1ee5f9146662,1076,mandatory-compliance-with-the-network-code-initiates-for-all-medium-and-high-vol,2019-04-01,legacy_id,covered,date_match
en:1074,en,1074,Latin Lawyer- Von Wobeser helps oil services provider win Pemex contracts,"April, 2019",2019-04,,0e4b2fea-7f3a-4148-a67f-72f4eae88870,1074,latin-lawyer-von-wobeser-helps-oil-services-provider-win-pemex-contracts,2019-04-01,legacy_id,covered,date_match
en:1072,en,1072,Lex Latin- Borr Drilling is awarded a services contract by Pemex,"April, 2019",2019-04,,979a33df-2b43-44de-a1ce-e42f2bd9af6e,1072,lex-latin-borr-drilling-is-awarded-a-services-contract-by-pemex,2019-04-01,legacy_id,covered,date_match
en:1071,en,1071,Lex Latin- Grupo Modelo invests USD 726 million in production plant in Mexico,"April, 2019",2019-04,,84183127-00d7-480b-85d4-08c4610c12bf,1071,lex-latin-grupo-modelo-invests-usd-726-million-in-production-plant-in-mexico,2019-04-01,legacy_id,covered,date_match
en:1069,en,1069,The Ministry of Energy modifies the terms for the strict legal separation of the Federal Electricity Commission,"April, 2019",2019-04,,40dc42b8-1321-4cea-8d59-380487a61d93,1069,the-ministry-of-energy-modifies-the-terms-for-the-strict-legal-separation-of-the,2019-04-01,legacy_id,covered,date_match
en:1066,en,1066,"Von Wobeser Antitrust practice, led by Fernando Carreño, recognized with the “Behavioral matter of the year – Americas” award by Global Competition Review (GCR)","April, 2019",2019-04,,509328ab-36b4-448d-902d-4300254814cf,1066,von-wobeser-antitrust-practice-led-by-fernando-carreno-recognized-with-the-behav,2019-04-01,legacy_id,covered,date_match
en:1064,en,1064,Resolution amending the General Provisions applicable to Financial Technology Institutions,"March, 2019",2019-03,,c5eef88d-8a71-47ed-8719-d718f662b909,1064,resolution-amending-the-general-provisions-applicable-to-financial-technology-in,2019-03-01,legacy_id,covered,date_match
en:1063,en,1063,Circulars issued by the Bank of Mexico in relation to Risk Mitigation; Operations with Virtual Assets; Innovative Models and Operations in Foreign Currency,"March, 2019",2019-03,,62174eb1-5ec6-4f75-9ce9-327f63a761e0,1063,circulars-issued-by-the-bank-of-mexico-in-relation-to-risk-mitigation-operations,2019-03-01,legacy_id,covered,date_match
en:1060,en,1060,Latin Lawyer- Fernando Carreño- Antitrust regulator fines credit data company for refusal to deal in Mexico,"March, 2019",2019-03,,5cc45d8f-f166-4f59-8060-9701eb7fc23d,1060,latin-lawyer-fernando-carreno-antitrust-regulator-fines-credit-data-company-for-,2019-03-01,legacy_id,covered,date_match
en:1058,en,1058,Global Competition Review- Fernando Carreño- Credit data company fined for refusal to deal in Mexico,"March, 2019",2019-03,,630e2a4d-55bb-476f-b77d-b0f5b1ebd44b,1058,global-competition-review-fernando-carreno-credit-data-company-fined-for-refusal,2019-03-01,legacy_id,covered,date_match
en:1057,en,1057,Chambers and Partners Global Rankings 2019- Von Wobeser y Sierra,"February, 2019",2019-02,,aafc9505-3ac8-46a9-ab49-50c3b8bc4f13,1057,chambers-and-partners-global-rankings-2019-von-wobeser-y-sierra,2019-02-01,legacy_id,covered,date_match
en:1054,en,1054,New mechanisms to establish maximum sale prices to the public of patented medicines,"February, 2019",2019-02,,9c590755-d2de-4ff4-80b5-5f340eb21450,1054,new-mechanisms-to-establish-maximum-sale-prices-to-the-public-of-patented-medici,2019-02-01,legacy_id,covered,date_match
en:1052,en,1052,Latin Lawyer-Von Wobeser & Sierra recognized as Leading Light 2018 in regards to pro bono,"February, 2019",2019-02,,f66a46a4-02df-4187-8da9-1d912e0fe655,1052,latin-lawyer-von-wobeser-sierra-recognized-as-leading-light-2018-in-regards-to-p,2019-02-01,legacy_id,covered,date_match
en:1049,en,1049,AML Criteria and Procedures applicable to Money Transmitters,"February, 2019",2019-02,,1eba24a2-6e44-4281-9bd2-6779d7968292,1049,aml-criteria-and-procedures-applicable-to-money-transmitters,2019-02-01,legacy_id,covered,date_match
en:1047,en,1047,Bill Reforming the Federal Labor Law,"January, 2019",2019-01,,f99a47e5-bf8a-466a-892f-2d46d170c3a1,1047,bill-reforming-the-federal-labor-law,2019-01-01,legacy_id,covered,date_match
en:1044,en,1044,Global Competition Review (GCR 100) once again recognizes Von Wobeser as an Elite Firm,"January, 2019",2019-01,,a63a8b8d-23df-4377-b0c8-91e4af51a77e,1044,global-competition-review-gcr-100-once-again-recognizes-von-wobeser-as-an-elite-,2019-01-01,legacy_id,covered,date_match
en:1042,en,1042,"Values of the Unit of Measurement and Indexing in effect as of February 1, 2019","January, 2019",2019-01,,c6150865-0636-437b-9431-4bd4f0145d17,1042,values-of-the-unit-of-measurement-and-indexing-in-effect-as-of-february-1-2019,2019-01-01,legacy_id,covered,date_match
en:1037,en,1037,Latin Lawyer- Claus von Wobeser- Panama Canal consortium ordered to pay,"January, 2019",2019-01,,4ff29808-dedd-4387-87f7-e2907a047190,1037,latin-lawyer-claus-von-wobeser-panama-canal-consortium-ordered-to-pay,2019-01-01,legacy_id,covered,date_match
en:1035,en,1035,Global Arbitration Review- Claus von Wobeser- Panama Canal consortium ordered to pay,"December, 2018",2018-12,,89c91db7-9730-4d3f-a5d2-da41778484ec,1035,global-arbitration-review-claus-von-wobeser-panama-canal-consortium-ordered-to-p,2018-12-01,legacy_id,covered,date_match
en:1031,en,1031,"New minimum wage as of January 1st, 2019","December, 2018",2018-12,,455b9e3c-d61f-4848-8ac7-7e028a567856,1031,new-minimum-wage-as-of-january-1st-2019,2018-12-01,legacy_id,covered,date_match
en:1030,en,1030,Supreme Court of Justice of the Nation declares the exclusion of domestic workers from the mandatory regime of the Mexican Social Security Institute to be unconstitutional,"December, 2018",2018-12,,88ec28cc-8a23-4062-969f-cc70db14e8d0,1030,supreme-court-of-justice-of-the-nation-declares-the-exclusion-of-domestic-worker,2018-12-01,legacy_id,covered,date_match
en:1027,en,1027,"New minimum wage beginning January 1, 2019 and creation of a Border General Minimum Wage","December, 2018",2018-12,,d54b9345-a7c6-41ac-b0f4-29dbafc56806,1027,new-minimum-wage-beginning-january-1-2019-and-creation-of-a-border-general-minim,2018-12-01,legacy_id,covered,date_match
en:1020,en,1020,Latin Lawyer- Andrés Nieto- State interventionism may spur policy advice work for law firms,"November, 2018",2018-11,,0b74217c-11d3-475c-a9e2-43d3347e04b5,1020,latin-lawyer-andres-nieto-state-interventionism-may-spur-policy-advice-work-for-,2018-11-01,legacy_id,covered,date_match
en:1016,en,1016,Latin Lawyer- Fernando Carreño- Mexican antitrust regulator probes market for card payment systems,"November, 2018",2018-11,,d1671aeb-2012-47b3-921c-7b2c7ba8841a,1016,latin-lawyer-fernando-carreno-mexican-antitrust-regulator-probes-market-for-card,2018-11-01,legacy_id,covered,date_match
en:1014,en,1014,Event: Legal Implications of the Termination of the project for the construction of the new Mexico City Airport,"October, 2018",2018-10,,afa8c9b9-a43f-47f5-8003-c22a94f1a3fb,1014,event-legal-implications-of-the-termination-of-the-project-for-the-construction-,2018-10-01,legacy_id,covered,date_match
en:1011,en,1011,Event: Planning Past Unconscious Bias: The ArbitralWomen Diversity Toolkit,"October, 2018",2018-10,,02a53e68-d2fb-4959-ad9d-9e8879391294,1011,event-planning-past-unconscious-bias-the-arbitralwomen-diversity-toolkit,2018-10-01,legacy_id,covered,date_match
en:1008,en,1008,Global Arbitration Review- Adrián Magallanes- IBA unveils new slate of officers,"October, 2018",2018-10,,e8ff66a0-cb74-4a13-b343-77ed0e2bf4f6,1008,global-arbitration-review-adrian-magallanes-iba-unveils-new-slate-of-officers,2018-10-01,legacy_id,covered,date_match
en:1006,en,1006,Latin Lawyer- Fernando Carreño- Steel manufacturer fined in Mexico for antitrust commitments breach,"October, 2018",2018-10,,3311a02d-5207-411e-b253-a94f0115d092,1006,latin-lawyer-fernando-carreno-steel-manufacturer-fined-in-mexico-for-antitrust-c,2018-10-01,legacy_id,covered,date_match
en:1004,en,1004,"United States, Mexico, Canada Agreement and the steel tariffs","October, 2018",2018-10,,e88372be-a39d-46bd-9980-f379aefe1198,1004,united-states-mexico-canada-agreement-and-the-steel-tariffs,2018-10-01,legacy_id,covered,date_match
en:1002,en,1002,Organizational Law of the Attorney General’s Office,"October, 2018",2018-10,,18fe1877-0190-4dae-b6b5-3f693a0d5ded,1002,organizational-law-of-the-attorney-general-s-office,2018-10-01,legacy_id,covered,date_match
en:1000,en,1000,"Lex Latin- Andrés Nieto, Rodolfo Trampe, Santiago Barraza & Alix Trimmer- Creation Investments Fund invests MXN 250 million in fincancial Pluscorp","September, 2018",2018-09,,c1f036f0-2d12-44af-acca-dfd31ffb541a,1000,lex-latin-andres-nieto-rodolfo-trampe-santiago-barraza-alix-trimmer-creation-inv,2018-09-01,legacy_id,covered,date_match
en:999,en,999,Ratification of ILO´s Convention 98 and main proposals of the elected Government to the labor model,"September, 2018",2018-09,,f22c47b9-e061-4dd5-9dac-78a9ca972e7d,999,ratification-of-ilo-s-convention-98-and-main-proposals-of-the-elected-government,2018-09-01,legacy_id,covered,date_match
en:997,en,997,Amendments to the Statutory Charter of the National Commission for the Protection and Defense of Users of Financial Services,"September, 2018",2018-09,,547cee97-ebf9-4b0d-9885-89e25d4af504,997,amendments-to-the-statutory-charter-of-the-national-commission-for-the-protectio,2018-09-01,legacy_id,covered,date_match
en:994,en,994,"Secondary legislation to the Law Regulating Financial Technology Institutions, in relation to money-laundering and applicable to the Electronic Funds Transfer Institutions","September, 2018",2018-09,,27bb5e5c-d1a3-4de9-8cfa-f29e536ec441,994,secondary-legislation-to-the-law-regulating-financial-technology-institutions-in,2018-09-01,legacy_id,covered,date_match
en:992,en,992,Resolutions on credit matters and information required by authorities from Financial Technology Institutions (FTI),"September, 2018",2018-09,,e1590102-165b-42f0-add4-48b27d47b72c,992,resolutions-on-credit-matters-and-information-required-by-authorities-from-finan,2018-09-01,legacy_id,covered,date_match
en:990,en,990,Global Arbitration Review- Claus von Wobeser- Award against Tanzanian state-run company upheld,"September, 2018",2018-09,,b0e6d5cc-c07a-4c36-96e9-a42ed50b2504,990,global-arbitration-review-claus-von-wobeser-award-against-tanzanian-state-run-co,2018-09-01,legacy_id,covered,date_match
en:989,en,989,CENAGAS issues the preliminary bidding guidelines for strategic storage of natural gas in Veracruz,"August, 2018",2018-08,,8f811e5b-cb54-449a-a95e-7d89d16a5d7d,989,cenagas-issues-the-preliminary-bidding-guidelines-for-strategic-storage-of-natur,2018-08-01,legacy_id,covered,date_match
en:982,en,982,Latin Lawyer- Fernando Carreño- Pemex fined US$22 million for tardy audit report,"August, 2018",2018-08,,b94c432f-3781-4f6c-b366-d99b3212cee3,982,latin-lawyer-fernando-carreno-pemex-fined-us-22-million-for-tardy-audit-report,2018-08-01,legacy_id,covered,date_match
en:978,en,978,Professor Andrea K. Bjorkland interviews Claus von Wobeser,"August, 2018",2018-08,,1507eaca-29f2-408b-8230-e4f836e4a68b,978,professor-andrea-k-bjorkland-interviews-claus-von-wobeser,2018-08-01,legacy_id,covered,date_match
en:976,en,976,Secondary rules to the Law Regulating Financial Technology Institutions in relation to money laundering and in general,"August, 2018",2018-08,,867c14ae-4c86-4fb7-b264-e591a3b15849,976,secondary-rules-to-the-law-regulating-financial-technology-institutions-in-relat,2018-08-01,legacy_id,covered,date_match
en:973,en,973,Lex Latin- Luis Burgueño & Marisol Márquez- Monex acquires majority stake in Arrendadora Avance in Mexico,"July, 2018",2018-07,,1f0fc112-dd58-4504-832f-803306f4d028,973,lex-latin-luis-burgueno-marisol-marquez-monex-acquires-majority-stake-in-arrenda,2018-07-01,legacy_id,covered,date_match
en:968,en,968,Latin Lawyer- Fernando Carreño- Mexican antitrust commissioners felt guidelines were redundant,"July, 2018",2018-07,,a834caca-d3f6-42cf-be9f-7c7d5d185205,968,latin-lawyer-fernando-carreno-mexican-antitrust-commissioners-felt-guidelines-we,2018-07-01,legacy_id,covered,date_match
en:966,en,966,LACCA- Claus von Wobeser- Lawyers call on AMLO to outline anti-corruption strategy,"July, 2018",2018-07,,da58a4ed-9964-4b09-ba45-6ab9edba65bd,966,lacca-claus-von-wobeser-lawyers-call-on-amlo-to-outline-anti-corruption-strategy,2018-07-01,legacy_id,covered,date_match
en:964,en,964,The first general provisions of the Fintech Law will be published in September,"July, 2018",2018-07,,fc3a2a87-2de7-4190-9209-b448fb6c57d5,964,the-first-general-provisions-of-the-fintech-law-will-be-published-in-september,2018-07-01,legacy_id,covered,date_match
en:962,en,962,"""Eradicating corruption and impunity will be the principal mission of the new government”: Andrés Manuel López Obrador","July, 2018",2018-07,,1f6cdbd9-a6de-45f8-9cd7-036ef59300ae,962,eradicating-corruption-and-impunity-will-be-the-principal-mission-of-the-new-gov,2018-07-01,legacy_id,covered,date_match
en:960,en,960,Latin Lawyer- Luis Burgueño- López Obrador’s landslide victory leaves Mexican lawyers unfazed,"July, 2018",2018-07,,183c2249-16c5-4382-99f2-238434cb5b97,960,latin-lawyer-luis-burgueno-lopez-obrador-s-landslide-victory-leaves-mexican-lawy,2018-07-01,legacy_id,covered,date_match
en:958,en,958,Forbes- Diego Sierra- Lawyers' Special: How to Combat Corruption,"July, 2018",2018-07,,72f3f22c-560d-4d01-a34e-de390386bbc1,958,forbes-diego-sierra-lawyers-special-how-to-combat-corruption,2018-07-01,legacy_id,covered,date_match
en:956,en,956,Amendments to the Customs Law and creation of the “Customs Agency”,"June, 2018",2018-06,,67e038cf-2305-41e8-9b7c-6171b75d5047,956,amendments-to-the-customs-law-and-creation-of-the-customs-agency,2018-06-01,legacy_id,covered,date_match
en:952,en,952,Amendment requires publication of partners and shareholders of limited liability companies and stock corporations in Mexico,"June, 2018",2018-06,,09eedc3a-ed8b-49cf-a2f8-5fa0cee67893,952,amendment-requires-publication-of-partners-and-shareholders-of-limited-liability,2018-06-01,legacy_id,covered,date_match
en:949,en,949,"Latin Lawyer- Fernando Carreño- Mexico could scrap JV competition guidelines, observers say","June, 2018",2018-06,,9cdfc53f-5685-4d4f-91b2-90b8f015623e,949,latin-lawyer-fernando-carreno-mexico-could-scrap-jv-competition-guidelines-obser,2018-06-01,legacy_id,covered,date_match
en:946,en,946,Lex Latin- Edmond Grieger & Ariel Garfio- Von Wobeser advised Faurecia regarding a clean energy supply contract,"June, 2018",2018-06,,d17f4d67-49d8-4ac7-9493-75a87a4c841e,946,lex-latin-edmond-grieger-ariel-garfio-von-wobeser-advised-faurecia-regarding-a-c,2018-06-01,legacy_id,covered,date_match
en:943,en,943,"Fernando Carreño, awarded “Lawyer of the year – under 40” by Global Competition Review (GCR)","April, 2018",2018-04,,1308e4f5-def7-4986-8cef-be40b8bdbf05,943,fernando-carreno-awarded-lawyer-of-the-year-under-40-by-global-competition-revie,2018-04-01,legacy_id,covered,date_match
en:942,en,942,Lex Latin- Edmond Grieger & Ariel Garfio- Invenergy sells electricity to the Mexican Energy Control Center (Cenace) with advise of Von Wobeser y Sierra,"June, 2018",2018-06,,91acaa7b-8393-4607-a48b-e2e68f94286c,942,lex-latin-edmond-grieger-ariel-garfio-invenergy-sells-electricity-to-the-mexican,2018-06-01,legacy_id,covered,date_match
en:937,en,937,The SEMARNAT issues the new General Sustainable Forestry Development Law,"June, 2018",2018-06,,cdbdea18-226c-4c35-8d21-d59184cdc9b5,937,the-semarnat-issues-the-new-general-sustainable-forestry-development-law,2018-06-01,legacy_id,covered,date_match
en:935,en,935,Global Competition Review- Fernando Carreño- Bayer/Monsanto given final greenlight,"June, 2018",2018-06,,c64258b1-891a-4b8a-8f53-e28e468ab89c,935,global-competition-review-fernando-carreno-bayer-monsanto-given-final-greenlight,2018-06-01,legacy_id,covered,date_match
en:933,en,933,Mexico eliminates certain tariff preferences under NAFTA and increases tariffs on various products,"June, 2018",2018-06,,ca1ff656-dc4a-44ed-9d00-835ad7e57d1a,933,mexico-eliminates-certain-tariff-preferences-under-nafta-and-increases-tariffs-o,2018-06-01,legacy_id,covered,date_match
en:929,en,929,Mexico announces imposition of retaliatory tariffs on various products originating from the USA,"June, 2018",2018-06,,9baeca4d-fc22-4bd7-9dc4-b7e4996732f6,929,mexico-announces-imposition-of-retaliatory-tariffs-on-various-products-originati,2018-06-01,legacy_id,covered,date_match
en:927,en,927,Latin Lawyer- Fernando Carreño- Mexico anticorruption leniency programme could threaten antitrust efforts,"May, 2018",2018-05,,75509796-67e1-4116-b243-1954562059d3,927,latin-lawyer-fernando-carreno-mexico-anticorruption-leniency-programme-could-thr,2018-05-01,legacy_id,covered,date_match
en:923,en,923,Event: LCIA in Mexico - Introduction and Discussion Panel,"May, 2018",2018-05,,2e00c8dd-9f05-482c-b9ef-5eaeddc70b1c,923,event-lcia-in-mexico-introduction-and-discussion-panel,2018-05-01,legacy_id,covered,date_match
en:914,en,914,General Data Protection Regulation (GDPR),"May, 2018",2018-05,,1a7435e4-12be-4c69-9baa-3678106fdd29,914,general-data-protection-regulation-gdpr,2018-05-01,legacy_id,covered,date_match
en:911,en,911,Mexico approves the “Comprehensive and Progressive Agreement for Trans Pacific Partnership”,"May, 2018",2018-05,,3ad14e5d-1024-4263-8ec1-cac37921ac4b,911,mexico-approves-the-comprehensive-and-progressive-agreement-for-trans-pacific-pa,2018-05-01,legacy_id,covered,date_match
en:907,en,907,Signing of the “Comprehensive and Progressive Agreement for Trans-Pacific Partnership”,"March, 2018",2018-03,,b0c5e6c6-8a55-499e-bb13-766f4169a30e,907,signing-of-the-comprehensive-and-progressive-agreement-for-trans-pacific-partner,2018-03-01,legacy_id,covered,date_match
en:903,en,903,Approval of the Mexican Fintech Act,"March, 2018",2018-03,,8289d981-d73f-485c-bc1d-f19f06ec0fc3,903,approval-of-the-mexican-fintech-act,2018-03-01,legacy_id,covered,date_match
en:901,en,901,The Federal Electricity Commission published the bidding terms for the first direct current transmission line.,"March, 2018",2018-03,,9f03f311-d8f2-48f2-b812-0ed913d5d44c,901,the-federal-electricity-commission-published-the-bidding-terms-for-the-first-dir,2018-03-01,legacy_id,covered,date_match
en:899,en,899,Companies in Mexico should enhance their compliance programs in light of the criminal reform.,"February, 2018",2018-02,,b77ef219-24e8-468f-a0ab-b8054aa5e0ac,899,companies-in-mexico-should-enhance-their-compliance-programs-in-light-of-the-cri,2018-02-01,legacy_id,covered,date_match
en:898,en,898,The Ministry of Energy calls for The International Public Bid for the interconnection of the Mexican Electric Systems.,"February, 2018",2018-02,,95580675-47c7-4c5b-8174-42fe84879582,898,the-ministry-of-energy-calls-for-the-international-public-bid-for-the-interconne,2018-02-01,legacy_id,covered,date_match
en:895,en,895,"Citizens' initiative to amend: Section ""A"" of Article 102 of the Mexican Constitution in relation to criminal liability of companies.","February, 2018",2018-02,,223b7bb1-3cfe-4c2c-8d1e-de80446c1a8f,895,citizens-initiative-to-amend-section-a-of-article-102-of-the-mexican-constitutio,2018-02-01,legacy_id,covered,date_match
en:894,en,894,The Ministry of Energy issues the manual for the Interconnection of Power Plants and Connection of Load Centers.,"February, 2018",2018-02,,aef793f8-7165-4281-9b51-a5ed0cf377cd,894,the-ministry-of-energy-issues-the-manual-for-the-interconnection-of-power-plants,2018-02-01,legacy_id,covered,date_match
en:892,en,892,"Fernando Carreño, nominated as “Lawyer of the year – under 40” by Global Competition Review (GCR)","February, 2018",2018-02,,a05d238c-d6ac-49c8-9359-974d9c46e20f,892,fernando-carreno-nominated-as-lawyer-of-the-year-under-40-by-global-competition-,2018-02-01,legacy_id,covered,date_match
en:890,en,890,The National Hydrocarbons Commission issues call and rules for the second tender of round 3 for onshore oil fields.,"February, 2018",2018-02,,eaa20888-6300-4db9-93bf-793caa274872,890,the-national-hydrocarbons-commission-issues-call-and-rules-for-the-second-tender,2018-02-01,legacy_id,covered,date_match
en:885,en,885,Latin Lawyer- Mexican firms make new partners,"February, 2018",2018-02,,d5882e93-b65f-4836-b220-49d9aa66061f,885,latin-lawyer-mexican-firms-make-new-partners,2018-02-01,legacy_id,covered,date_match
en:884,en,884,Leaders League- Von Wobeser y Sierra appoints two new Partners,"January, 2018",2018-01,,c4f17332-35ed-43d2-9c67-ec6b0d29b542,884,leaders-league-von-wobeser-y-sierra-appoints-two-new-partners,2018-01-01,legacy_id,covered,date_match
en:882,en,882,Von Wobeser y Sierra new partner announcements for 2018,"January, 2018",2018-01,,83d48c7e-f7e9-4781-853a-c76848ad1bbb,882,von-wobeser-y-sierra-new-partner-announcements-for-2018,2018-01-01,legacy_id,covered,date_match
en:880,en,880,GCR 100 recognizes Von Wobeser & Sierra as one of the top 100 firms in regards to the Competition Practice.,"January, 2018",2018-01,,8d049ca5-345c-451b-a42a-5f811aa49a55,880,gcr-100-recognizes-von-wobeser-sierra-as-one-of-the-top-100-firms-in-regards-to-,2018-01-01,legacy_id,covered,date_match
en:877,en,877,Law360- Mexico looks to woo investors even as trade talks drag on,"January, 2018",2018-01,,adb5ee43-4a0a-437e-a9c4-123b20cc3079,877,law360-mexico-looks-to-woo-investors-even-as-trade-talks-drag-on,2018-01-01,legacy_id,covered,date_match
en:875,en,875,Latin Lawyer- Grupo Modelo purchases property to invest in new plant,"January, 2018",2018-01,,64e37ad4-6b28-4cab-be60-81d6ace5808d,875,latin-lawyer-grupo-modelo-purchases-property-to-invest-in-new-plant,2018-01-01,legacy_id,covered,date_match
en:873,en,873,Von Wobeser & Sierra received the Leading Lights Award 2017,"January, 2018",2018-01,,087c20e5-c66e-4445-8cc8-e3f580281d21,873,von-wobeser-sierra-received-the-leading-lights-award-2017,2018-01-01,legacy_id,covered,date_match
en:869,en,869,Montserrat Manzano recognized in Who’s Who Legal list of Future Leaders Under 45 in Arbitration,"December, 2017",2017-12,,62a18e81-cecc-447a-a859-34e1ead9babf,869,montserrat-manzano-recognized-in-who-s-who-legal-list-of-future-leaders-under-45,2017-12-01,legacy_id,covered,date_match
en:861,en,861,Lex Latin- Key Safety Systems acquires Takata,"December, 2017",2017-12,,f5f6472b-5b35-490a-b0d2-dcb9d0e5fd3c,861,lex-latin-key-safety-systems-acquires-takata,2017-12-01,legacy_id,covered,date_match
en:859,en,859,Lex Latin- Von Wobeser counsels Grupo Modelo for the building of a brewery plant in Mexico,"December, 2017",2017-12,,cd8a56c7-5826-4f00-a645-b4d0fcf965d2,859,lex-latin-von-wobeser-counsels-grupo-modelo-for-the-building-of-a-brewery-plant-,2017-12-01,legacy_id,covered,date_match
en:857,en,857,Latin Lawyer- Takata changes hands following bankruptcy,"December, 2017",2017-12,,d93057e9-32ca-464a-b408-db5df6dc90f5,857,latin-lawyer-takata-changes-hands-following-bankruptcy,2017-12-01,legacy_id,covered,date_match
en:855,en,855,Official Statement from the Energy Regulatory Commission and the National Energy Control Center,"September, 2017",2017-09,,5915d4ca-89f3-476f-8d64-99ead79d8b5b,855,official-statement-from-the-energy-regulatory-commission-and-the-national-energy,2017-09-01,legacy_id,covered,date_match
en:853,en,853,Von Wobeser y Sierra Partners’ recognized by Best Lawyers,"December, 2017",2017-12,,d4067f77-514e-4d9b-9a83-fa8f43ab5f81,853,von-wobeser-y-sierra-partners-recognized-by-best-lawyers,2017-12-01,legacy_id,covered,date_match
en:851,en,851,"New minimum wage as of December 1st, 2017","November, 2017",2017-11,,2983fc30-74d6-40c5-aaad-944aaeb269d0,851,new-minimum-wage-as-of-december-1st-2017,2017-11-01,legacy_id,covered,date_match
en:849,en,849,The Energy Regulatory Commission issues the resolution describing the relevant aspects of the isolated supply and local power generation scheme,"November, 2017",2017-11,,20808caf-b48e-4edb-b0ab-c92356d75fcd,849,the-energy-regulatory-commission-issues-the-resolution-describing-the-relevant-a,2017-11-01,legacy_id,covered,date_match
en:846,en,846,Claus von Wobeser is honored with the Lifetime Achievement Award by Chambers & Partners,"November, 2017",2017-11,,9787c26a-6b3c-4c8f-94b7-10a2f2815215,846,claus-von-wobeser-is-honored-with-the-lifetime-achievement-award-by-chambers-par,2017-11-01,legacy_id,covered,date_match
en:829,en,829,Lex Latin- Motherson Sumi raises EUR 300 million in public offer,"November, 2017",2017-11,,e91b83b1-d51d-4d13-ae73-ad5f5fb1e12b,829,lex-latin-motherson-sumi-raises-eur-300-million-in-public-offer,2017-11-01,legacy_id,covered,date_match
en:827,en,827,Four Von Wobeser y Sierra Partners approved by LACCA for 2018,"November, 2017",2017-11,,3a7a5b4a-9f7d-4359-9ab6-4b84d2cd28af,827,four-von-wobeser-y-sierra-partners-approved-by-lacca-for-2018,2017-11-01,legacy_id,covered,date_match
en:825,en,825,Global Investigation Review (GIR)- Von Wobeser & Sierra selected firm in 2017,"November, 2017",2017-11,,98cfb5c0-8ddc-44fb-9826-4db1236b8f7b,825,global-investigation-review-gir-von-wobeser-sierra-selected-firm-in-2017,2017-11-01,legacy_id,covered,date_match
en:823,en,823,"Latin Lawyer- Rupert Hüttler, Luis Burgueño & Alberto Córdoba- Von Wobeser steers Mexican leg of Motherson Sumi debt tap","October, 2017",2017-10,,78388b91-d74a-4e7c-be02-6564b0239814,823,latin-lawyer-rupert-huttler-luis-burgueno-alberto-cordoba-von-wobeser-steers-mex,2017-10-01,legacy_id,covered,date_match
en:822,en,822,Andrés Nieto- Panelist in the first edition of the TrustLaw Training for Latin America,"October, 2017",2017-10,,a87bf1de-cfe0-4b00-be85-eb6a00e0a55a,822,andres-nieto-panelist-in-the-first-edition-of-the-trustlaw-training-for-latin-am,2017-10-01,legacy_id,covered,date_match
en:817,en,817,The National Hydrocarbons Commission issued the call and rules of the first tender of Round 3,"September, 2017",2017-09,,fd867df8-3f85-4035-b4d8-977b9dcf9331,817,the-national-hydrocarbons-commission-issued-the-call-and-rules-of-the-first-tend,2017-09-01,legacy_id,covered,date_match
en:806,en,806,Official Announcement from the Mexican Institute of the Industrial Property and Important Notice from the National Copyrights Institute,"September, 2017",2017-09,,e8903180-f541-4637-a37b-8a301d7b68bd,806,official-announcement-from-the-mexican-institute-of-the-industrial-property-and-,2017-09-01,legacy_id,covered,date_match
en:800,en,800,Special session: “International perspective on the fight against corruption from organized civil society”,"September, 2017",2017-09,,12f76aef-493e-489f-9def-f04f448d4dfa,800,special-session-international-perspective-on-the-fight-against-corruption-from-o,2017-09-01,legacy_id,covered,date_match
en:798,en,798,Round One Bids for the Oil & Gas Sector,"January, 2015",2015-01,,482da481-74f5-42d5-a6f2-ff198088ba50,798,round-one-bids-for-the-oil-gas-sector,2015-01-01,legacy_id,covered,date_match
en:796,en,796,"Montserrat Manzano, Senior Associate of Von Wobeser y Sierra, S.C. has been named as member and representative of The Center for American & International Law´s Editorial Board of News & Notes","January, 2015",2015-01,,f0f1a912-f2c5-4aaa-b647-e4c888b28b4a,796,montserrat-manzano-senior-associate-of-von-wobeser-y-sierra-s-c-has-been-named-a,2015-01-01,legacy_id,covered,date_match
en:794,en,794,Global Competition Review- Mexico looks at airport slots in first “barriers to competition” investigation,"February, 2015",2015-02,,4da8d0ee-52c2-4f7d-90ac-d52762daf3d1,794,global-competition-review-mexico-looks-at-airport-slots-in-first-barriers-to-com,2015-02-01,legacy_id,covered,date_match
en:792,en,792,Latin American Corporate Counsel Association (LACCA) - Top100: Mexico.,"February, 2015",2015-02,,17424970-759e-4351-b842-b5a109d2d3e2,792,latin-american-corporate-counsel-association-lacca-top100-mexico,2015-02-01,legacy_id,covered,date_match
en:790,en,790,"Von Wobeser y Sierra´s Of Counsel, Guillermo Ortíz Mayagoitia, Retired Presiding Justice of Mexico and our Partner Diego Sierra participated in the International Bar Association´s Judicial Integrity Initiative in London","February, 2015",2015-02,,43d8ad0d-ae8d-4eec-87c9-e6be29225898,790,von-wobeser-y-sierra-s-of-counsel-guillermo-ortiz-mayagoitia-retired-presiding-j,2015-02-01,legacy_id,covered,date_match
en:788,en,788,Latin Lawyer- Von Wobeser in US electrical component deal,"February, 2015",2015-02,,560e8c0f-9e87-4b2b-830c-0846f0d77b1d,788,latin-lawyer-von-wobeser-in-us-electrical-component-deal,2015-02-01,legacy_id,covered,date_match
en:786,en,786,"Global Arbitration Review - The GAR 100, The Guide to Specialist Arbitration Firms","February, 2015",2015-02,,75bf4714-76d9-4dee-8abe-4d250f1e9b01,786,global-arbitration-review-the-gar-100-the-guide-to-specialist-arbitration-firms,2015-02-01,legacy_id,covered,date_match
en:784,en,784,Von Wobeser helps Grupo Modelo invest in eighth Mexican brewery,"February, 2015",2015-02,,d5afe5b9-3ba1-4e56-93d1-f256e978e8ea,784,von-wobeser-helps-grupo-modelo-invest-in-eighth-mexican-brewery,2015-02-01,legacy_id,covered,date_match
en:782,en,782,Latin Lawyer - Costa Rica sparks debate with compulsory bar exam,"March, 2015",2015-03,,238e7151-02e1-4913-b710-23423ba847d4,782,latin-lawyer-costa-rica-sparks-debate-with-compulsory-bar-exam,2015-03-01,legacy_id,covered,date_match
en:780,en,780,Latin Lawyer – Mexico looks to crack soaring egg prices,"March, 2015",2015-03,,09f0e6c9-5b77-4748-aabe-0d9036c34a97,780,latin-lawyer-mexico-looks-to-crack-soaring-egg-prices,2015-03-01,legacy_id,covered,date_match
en:778,en,778,Chamber of Deputies approves reforms to the Federal Labor Law,"April, 2015",2015-04,,0d344473-82bc-4745-84aa-0186133e03b2,778,chamber-of-deputies-approves-reforms-to-the-federal-labor-law,2015-04-01,legacy_id,covered,date_match
en:776,en,776,Reform in the Field to Combat Corruption,"April, 2015",2015-04,,ba8c1b7d-c0b7-434c-b57f-82a1bf0c9a15,776,reform-in-the-field-to-combat-corruption,2015-04-01,legacy_id,covered,date_match
en:774,en,774,"Andres Nieto, Partner, speaker at Latin Lawyer's ""4th Annual Corporate Finance"", in NYC","June, 2015",2015-06,,e20eff52-e255-4726-9b14-505c761a240d,774,andres-nieto-partner-speaker-at-latin-lawyer-s-4th-annual-corporate-finance-in-n,2015-06-01,legacy_id,covered,date_match
en:772,en,772,The New “Transparency and Access to Public Information Act” enters into effect,"June, 2015",2015-06,,f66ff482-4700-4f9a-b132-9cf257a759a0,772,the-new-transparency-and-access-to-public-information-act-enters-into-effect,2015-06-01,legacy_id,covered,date_match
en:770,en,770,Regulation of The Workers Food Assistance Law is Published,"June, 2015",2015-06,,82a659fc-8e98-4c41-acaa-793ead29ed47,770,regulation-of-the-workers-food-assistance-law-is-published,2015-06-01,legacy_id,covered,date_match
en:768,en,768,Definitive Bidding Guidelines and Production Sharing Contract First Call to Bid–Round One-Shallow Waters,"June, 2015",2015-06,,fded988c-3718-4c72-9336-66a731b8b936,768,definitive-bidding-guidelines-and-production-sharing-contract-first-call-to-bid-,2015-06-01,legacy_id,covered,date_match
en:766,en,766,Article 29 Bis is added to the National Workers Housing Fund Institute Law in relation to Subcontracting,"June, 2015",2015-06,,a5058e43-f87a-4328-afe4-90d741a98d36,766,article-29-bis-is-added-to-the-national-workers-housing-fund-institute-law-in-re,2015-06-01,legacy_id,covered,date_match
en:764,en,764,Von Wobeser y Sierra recognized by Thompson Reuters in their TrustLaw Index 2015 of Pro Bono,"June, 2015",2015-06,,06011e36-4042-4f49-86aa-390e7c758705,764,von-wobeser-y-sierra-recognized-by-thompson-reuters-in-their-trustlaw-index-2015,2015-06-01,legacy_id,covered,date_match
en:762,en,762,Latin Lawyer – Mexico Investigates pensions market,"July, 2015",2015-07,,3bd638d2-54c8-4417-8519-2f9f72fc2fe4,762,latin-lawyer-mexico-investigates-pensions-market,2015-07-01,legacy_id,covered,date_match
en:760,en,760,Round One Contracts; Environmental Obligations Overview,"July, 2015",2015-07,,47002bcb-4199-4017-aaf7-2ff11df2ae05,760,round-one-contracts-environmental-obligations-overview,2015-07-01,legacy_id,covered,date_match
en:758,en,758,Modifications to the bidding rules and the model contract of the Bid No. CNH-R01-L02/2015,"August, 2015",2015-08,,858d9019-b847-451d-9edf-4a8602d99ab3,758,modifications-to-the-bidding-rules-and-the-model-contract-of-the-bid-no-cnh-r01-,2015-08-01,legacy_id,covered,date_match
en:756,en,756,Round One – Relevant Legal Aspects,"September, 2015",2015-09,,693c13cf-ea97-4b5c-a462-0fadf764fdac,756,round-one-relevant-legal-aspects,2015-09-01,legacy_id,covered,date_match
en:754,en,754,Executive actions of the Ministry of Public Administration in the fight against corruption,"September, 2015",2015-09,,c2547cb2-eee0-439d-91c9-694f5636e392,754,executive-actions-of-the-ministry-of-public-administration-in-the-fight-against-,2015-09-01,legacy_id,covered,date_match
en:752,en,752,Homologation of the minimum wage throughout the country,"September, 2015",2015-09,,b9dd3fe6-1b4a-4d97-841d-232cdd99339b,752,homologation-of-the-minimum-wage-throughout-the-country,2015-09-01,legacy_id,covered,date_match
en:750,en,750,Chambers Latin America 2016,"September, 2015",2015-09,,b398f10f-b606-4f19-9b18-9a97a175b97c,750,chambers-latin-america-2016,2015-09-01,legacy_id,covered,date_match
en:748,en,748,The Legal 500 Latin America,"September, 2015",2015-09,,b402da6e-2c09-4b32-b0e3-b05943a6a9f3,748,the-legal-500-latin-america,2015-09-01,legacy_id,covered,date_match
en:746,en,746,GIR 100 Selected firm 2015,"September, 2015",2015-09,,88abf946-dc5d-4d0c-9162-7bb10807bf6d,746,gir-100-selected-firm-2015,2015-09-01,legacy_id,covered,date_match
en:744,en,744,New investment instruments in energy and infrastructure projects: Fibras E,"October, 2015",2015-10,,17c5ffb5-6d46-441a-990f-762ad423e906,744,new-investment-instruments-in-energy-and-infrastructure-projects-fibras-e,2015-10-01,legacy_id,covered,date_match
en:742,en,742,Von Wobeser y Sierra at USMBA Annual Conference 2015: Energizing the US-Mexico,"October, 2015",2015-10,,32aee898-97ca-4645-8abe-bf771bfff391,742,von-wobeser-y-sierra-at-usmba-annual-conference-2015-energizing-the-us-mexico,2015-10-01,legacy_id,covered,date_match
en:740,en,740,Amendments to the Bidding Guidelines and the Model Contract of the Third Invitation to bid of round one,"November, 2015",2015-11,,837ae323-6289-4fc3-a274-3a1664abdfaa,740,amendments-to-the-bidding-guidelines-and-the-model-contract-of-the-third-invitat,2015-11-01,legacy_id,covered,date_match
en:738,en,738,Latin Lawyer- Pro Bono 2015: Leading Lights,"December, 2015",2015-12,,a96d8d22-18cc-4d41-acb2-41113a45ecf0,738,latin-lawyer-pro-bono-2015-leading-lights,2015-12-01,legacy_id,covered,date_match
en:736,en,736,"Dr. Edmund Duckwitz, Of Counsel of Von Wobeser y Sierra, S.C. has received the highest honor from the Mexican government “La Orden Mexicana del Águila Azteca en grado de banda”","December, 2015",2015-12,,8b0e88e4-b0d3-4da5-ab01-e666ff4abe26,736,dr-edmund-duckwitz-of-counsel-of-von-wobeser-y-sierra-s-c-has-received-the-highe,2015-12-01,legacy_id,covered,date_match
en:734,en,734,GCR- Global Competition Review recognizes Fernando Carreño,"December, 2015",2015-12,,2e8fe9e2-6cc2-4450-b77d-5d724dd751dd,734,gcr-global-competition-review-recognizes-fernando-carreno,2015-12-01,legacy_id,covered,date_match
en:732,en,732,Von Wobeser y Sierra supports and celebrates the International Bar Association’s Judicial Integrity Initiative (JII) by presenting the JII’s preliminary results,"December, 2015",2015-12,,9468f035-d16a-45e3-9a81-74e7be8be6bf,732,von-wobeser-y-sierra-supports-and-celebrates-the-international-bar-association-s,2015-12-01,legacy_id,covered,date_match
en:730,en,730,Resolution creating the Work Accidents Notice System is published and the forms for reporting worker accidents and deaths are released,"December, 2015",2015-12,,ed1d1135-e5c3-43b0-97f7-4a79ad2b039f,730,resolution-creating-the-work-accidents-notice-system-is-published-and-the-forms-,2015-12-01,legacy_id,covered,date_match
en:725,en,725,International Chamber of Commerce (ICC) – Andrés Nieto – Financial Arbitration,"March, 2017",2017-03,,0a95bae0-b64d-452e-a367-fef0d1106767,725,international-chamber-of-commerce-icc-andres-nieto-financial-arbitration,2017-03-01,legacy_id,covered,date_match
en:722,en,722,"Claus von Wobeser is Elected as President of CAMEXA, July 2009.","July, 2009",2009-07,,80a2247f-ee4b-4804-b234-70e35497c420,722,claus-von-wobeser-is-elected-as-president-of-camexa-july-2009,2009-07-01,legacy_id,covered,date_match
en:720,en,720,"Von Wobeser y Sierra is Selected to Be Among Top 100 Firms of the World, October 2009.","October, 2009",2009-10,,2cd4252e-529f-4009-b279-67c58b7cf667,720,von-wobeser-y-sierra-is-selected-to-be-among-top-100-firms-of-the-world-october-,2009-10-01,legacy_id,covered,date_match
en:718,en,718,"Von Wobeser y Sierra is Recognized as Top Leading Firm, October 2009.","October, 2009",2009-10,,b7c0a397-7342-4ac8-aeae-b5b4d283aff9,718,von-wobeser-y-sierra-is-recognized-as-top-leading-firm-october-2009,2009-10-01,legacy_id,covered,date_match
en:716,en,716,"New Website of Von Wobeser y Sierra, January 2010.","January, 2010",2010-01,,c5b52dc9-938e-4eec-b77e-51e9e628e3be,716,new-website-of-von-wobeser-y-sierra-january-2010,2010-01-01,legacy_id,covered,date_match
en:714,en,714,Von Wobeser y Sierra Promotes New Partner January 2010,"January, 2010",2010-01,,d4a24a9d-4778-443c-85f9-2c4f182495a3,714,von-wobeser-y-sierra-promotes-new-partner-january-2010,2010-01-01,legacy_id,covered,date_match
en:712,en,712,Von Wobeser y Sierra Wins Arbitration Case Representing Chemicals Company,"July, 2010",2010-07,,97e1e826-5592-4d5d-9f55-bc719954d39b,712,von-wobeser-y-sierra-wins-arbitration-case-representing-chemicals-company,2010-07-01,legacy_id,covered,date_match
en:710,en,710,Mr. Manuel Lizardi is named Professor Emeritus of the Escuela Libre de Derecho and Publishes New Book,"July, 2010",2010-07,,eb53e8b0-ad65-4cc8-aefd-00ceff338a28,710,mr-manuel-lizardi-is-named-professor-emeritus-of-the-escuela-libre-de-derecho-an,2010-07-01,legacy_id,covered,date_match
en:708,en,708,Von Wobeser y Sierra Obtains Favorable Award for Anheuser-Busch InBev,"July, 2010",2010-07,,2718e391-376d-4b05-8928-a05f62f5776a,708,von-wobeser-y-sierra-obtains-favorable-award-for-anheuser-busch-inbev,2010-07-01,legacy_id,covered,date_match
en:706,en,706,Latin Lawyer - ICC Deputy Counsel heads for Mexico´s Von Wobeser y Sierra S.C.,"December, 2011",2011-12,,0ed1ae45-c170-42a5-8d15-8bd6ecee96d6,706,latin-lawyer-icc-deputy-counsel-heads-for-mexico-s-von-wobeser-y-sierra-s-c,2011-12-01,legacy_id,covered,date_match
en:704,en,704,Von Wobeser y Sierra Promotes Andrés Nieto as New Partner,"January, 2012",2012-01,,51e2ff00-c6b9-4156-b131-2b5fb1df6fae,704,von-wobeser-y-sierra-promotes-andres-nieto-as-new-partner,2012-01-01,legacy_id,covered,date_match
en:702,en,702,Corporate Livewire - Von Wobeser y Sierra S.C. wins as Arbitration & Energy Law Firm of Corporate Livewire - Von Wobeser y Sierra S.C. wins as Arbitration & Energy Law Firm of the Year,"February, 2012",2012-02,,270946f3-7ea9-452a-8e2f-8ba46fe242a3,702,corporate-livewire-von-wobeser-y-sierra-s-c-wins-as-arbitration-energy-law-firm-,2012-02-01,legacy_id,covered,date_match
en:700,en,700,Von Wobeser y Sierra S.C. welcomes Victor M. Ruiz to our Arbitration practice.,"February, 2012",2012-02,,acfe4cef-eb50-4d74-978e-32e70b67593d,700,von-wobeser-y-sierra-s-c-welcomes-victor-m-ruiz-to-our-arbitration-practice,2012-02-01,legacy_id,covered,date_match
en:698,en,698,Global Arbitration Review - Mexico’s leading arbitration firm added an ex-ICC deputy counsel to the team,"March, 2012",2012-03,,309b98ae-177f-4706-af8c-05d89d8fb1b6,698,global-arbitration-review-mexico-s-leading-arbitration-firm-added-an-ex-icc-depu,2012-03-01,legacy_id,covered,date_match
en:696,en,696,Von Wobeser y Sierra S.C. is a key player during The American Bar Association Conference on June 14th-16th 2012.,"May, 2012",2012-05,,81f10bfa-2e07-4fe1-9777-e91010b57305,696,von-wobeser-y-sierra-s-c-is-a-key-player-during-the-american-bar-association-con,2012-05-01,legacy_id,covered,date_match
en:694,en,694,Latin Lawyer - Mexico´s Von Wobeser helps miner New Gold,"May, 2012",2012-05,,80a909d6-19b5-4264-8336-2241b87637ac,694,latin-lawyer-mexico-s-von-wobeser-helps-miner-new-gold,2012-05-01,legacy_id,covered,date_match
en:692,en,692,Von Wobeser y Sierra S.C. counsel to Anheuser Busch InBev in the acquisition of Grupo Modelo,"July, 2012",2012-07,,f32742cc-291d-4923-8742-67dabcb53249,692,von-wobeser-y-sierra-s-c-counsel-to-anheuser-busch-inbev-in-the-acquisition-of-g,2012-07-01,legacy_id,covered,date_match
en:690,en,690,Latin Lawyer - Eight firms in AB Inbev Grupo Modelo,"July, 2012",2012-07,,911a32a7-03c5-4adb-a089-61aaf268b6c4,690,latin-lawyer-eight-firms-in-ab-inbev-grupo-modelo,2012-07-01,legacy_id,covered,date_match
en:688,en,688,Global Arbitration Review - Von Wobeser in driver´s seat for Costa Rica claim,"August, 2012",2012-08,,97a56e52-4089-4704-a4af-0ef1c0bf4ebb,688,global-arbitration-review-von-wobeser-in-driver-s-seat-for-costa-rica-claim,2012-08-01,legacy_id,covered,date_match
en:686,en,686,Von Wobeser y Sierra S.C. recognized by Chambers Latin America.,"September, 2012",2012-09,,80b7c205-f660-4554-b7f0-00360f5962f8,686,von-wobeser-y-sierra-s-c-recognized-by-chambers-latin-america,2012-09-01,legacy_id,covered,date_match
en:684,en,684,Von Wobeser y Sierra S.C. recognized by Legal 500.,"September, 2012",2012-09,,9bd63c50-d9bf-4185-9963-a870b6010091,684,von-wobeser-y-sierra-s-c-recognized-by-legal-500,2012-09-01,legacy_id,covered,date_match
en:681,en,681,"Von Wobeser y Sierra S.C. participated in the workshop “Enhancing Global Cartel Enforcement, Building on Solid Foundations” of the ICN.","October, 2012",2012-10,,6259c3f3-a5ad-4944-a571-b516c6a40e42,681,von-wobeser-y-sierra-s-c-participated-in-the-workshop-enhancing-global-cartel-en,2012-10-01,legacy_id,covered,date_match
en:679,en,679,"Von Wobeser y Sierra S.C. participates in the ICC Seminar, “Controversial Financial Solutions”.","October, 2012",2012-10,,75d3bde1-e211-4646-888f-4adf19e2afcd,679,von-wobeser-y-sierra-s-c-participates-in-the-icc-seminar-controversial-financial,2012-10-01,legacy_id,covered,date_match
en:677,en,677,Global Competition Review - AB InBev/ Grupo Modelo approved in Mexico,"November, 2012",2012-11,,50e25d8d-208b-4285-896f-d30ac18d5097,677,global-competition-review-ab-inbev-grupo-modelo-approved-in-mexico,2012-11-01,legacy_id,covered,date_match
en:675,en,675,Latin Lawyer - AB InBev/ Grupo Modelo approved in Mexico,"November, 2012",2012-11,,703bc4e2-e4eb-4953-80fd-24e03926c3bc,675,latin-lawyer-ab-inbev-grupo-modelo-approved-in-mexico,2012-11-01,legacy_id,covered,date_match
en:673,en,673,Latin Lawyer - New Gold returns to familiar firms for US$500 million issuance,"November, 2012",2012-11,,5a9f8aaa-3b6d-4823-97ed-3b5df469905c,673,latin-lawyer-new-gold-returns-to-familiar-firms-for-us-500-million-issuance,2012-11-01,legacy_id,covered,date_match
en:671,en,671,Federal Labor Law Reforms,"December, 2012",2012-12,,cee8c7b7-dfc6-4506-96e1-759984424c25,671,federal-labor-law-reforms,2012-12-01,legacy_id,covered,date_match
en:669,en,669,New Immigration Law in Mexico,"December, 2012",2012-12,,6692cb8d-c01f-453f-84d6-b5ce713c7855,669,new-immigration-law-in-mexico,2012-12-01,legacy_id,covered,date_match
en:667,en,667,Federal Act to Prevent and Identify Transactions Involving Illicit Funds,"January, 2013",2013-01,,8e721323-5669-45ed-bd0d-b0d81db74553,667,federal-act-to-prevent-and-identify-transactions-involving-illicit-funds-6,2013-01-01,legacy_id,covered,date_match
en:665,en,665,Reforms to the Federal Labor Law,"January, 2013",2013-01,,c00d7078-980e-4a2a-82df-2ccf57e2a922,665,reforms-to-the-federal-labor-law,2013-01-01,legacy_id,covered,date_match
en:663,en,663,Von Wobeser y Sierra S.C. promotes Adrián Magallanes to Partner,"January, 2013",2013-01,,0e83e999-d176-4a42-adc0-63bdbf72f82a,663,von-wobeser-y-sierra-s-c-promotes-adrian-magallanes-to-partner,2013-01-01,legacy_id,covered,date_match
en:661,en,661,Von Wobeser y Sierra S.C. promotes Edmond Grieger to Partner,"January, 2013",2013-01,,b03c0bb4-f37c-4109-bf21-3164f9bf398c,661,von-wobeser-y-sierra-s-c-promotes-edmond-grieger-to-partner,2013-01-01,legacy_id,covered,date_match
en:659,en,659,Von Wobeser y Sierra S.C. will participate in the Organization of American State’s (OAS) Summit on International Commercial Arbitration.,"January, 2013",2013-01,,9232b127-6bc6-4aa0-91ae-43a0f1d44b6b,659,von-wobeser-y-sierra-s-c-will-participate-in-the-organization-of-american-state-,2013-01-01,legacy_id,covered,date_match
en:657,en,657,Latin Lawyer -More firms announce new partners,"January, 2013",2013-01,,7dc24a32-7beb-4059-9fea-83b974905c1e,657,latin-lawyer-more-firms-announce-new-partners,2013-01-01,legacy_id,covered,date_match
en:655,en,655,Global Arbitration Review - Von Wobeser adds to partnership,"January, 2013",2013-01,,54d2660b-3266-40fd-bb29-4c7f9e346f96,655,global-arbitration-review-von-wobeser-adds-to-partnership,2013-01-01,legacy_id,covered,date_match
en:653,en,653,Latin Lawyer - AB InBev offers DoJ more remedies,"February, 2013",2013-02,,2357a322-0585-4c9e-beef-722503ac83bf,653,latin-lawyer-ab-inbev-offers-doj-more-remedies,2013-02-01,legacy_id,covered,date_match
en:651,en,651,New Amparo Law,"March, 2013",2013-03,,b4c8af7b-9a97-4b9b-a8a3-7d751cd1486b,651,new-amparo-law,2013-03-01,legacy_id,covered,date_match
en:649,en,649,"Von Wobeser y Sierra, S.C. active in the ANADE","April, 2013",2013-04,,12fa5897-6948-4962-901c-00d712641d3d,649,von-wobeser-y-sierra-s-c-active-in-the-anade,2013-04-01,legacy_id,covered,date_match
en:647,en,647,New Amparo Law Enters Into Force,"April, 2013",2013-04,,ebef437c-1eb6-47ac-953f-d69f176e1c1d,647,new-amparo-law-enters-into-force,2013-04-01,legacy_id,covered,date_match
en:645,en,645,The Privacy Notice and Protection of Personal Data,"April, 2013",2013-04,,7d159930-5331-45f2-b467-6eeb4efe768f,645,the-privacy-notice-and-protection-of-personal-data,2013-04-01,legacy_id,covered,date_match
en:643,en,643,"Fernando Carreño of Von Wobeser y Sierra, S.C. key speaker in the First Workshop on Competition and Antitrust which was offered in conjunction with ICC Mexico, The Competition & Antitrust Comission and Ibero University","April, 2013",2013-04,,6ef45992-c359-48e2-b2d0-fe14ec84c7ab,643,fernando-carreno-of-von-wobeser-y-sierra-s-c-key-speaker-in-the-first-workshop-o,2013-04-01,legacy_id,covered,date_match
en:641,en,641,"Von Wobeser y Sierra, S.C. actively participates in INTA 2013","April, 2013",2013-04,,4d1f231f-d7d7-4209-8931-f01cace8e275,641,von-wobeser-y-sierra-s-c-actively-participates-in-inta-2013,2013-04-01,legacy_id,covered,date_match
en:639,en,639,"Von Wobeser y Sierra, S.C. will attend the INTA Annual INTA Meeting 2013","April, 2013",2013-04,,ca990492-2557-47a6-be30-09c52c2055df,639,von-wobeser-y-sierra-s-c-will-attend-the-inta-annual-inta-meeting-2013,2013-04-01,legacy_id,covered,date_match
en:637,en,637,Proposal of Constitutional Reform on Acquisition of Property by Foreigners,"April, 2013",2013-04,,b664c872-d247-4262-b910-998ef051125b,637,proposal-of-constitutional-reform-on-acquisition-of-property-by-foreigners,2013-04-01,legacy_id,covered,date_match
en:635,en,635,Von Wobeser y Sierra S.C. is recognized for its Pro Bono work,"May, 2013",2013-05,,09718700-194c-4ff4-bd7d-81ae587de646,635,von-wobeser-y-sierra-s-c-is-recognized-for-its-pro-bono-work,2013-05-01,legacy_id,covered,date_match
en:633,en,633,Von Wobeser y Sierra S.C. is recognized by Latin Lawyer 250 as one of the top firms in Latin America,"May, 2013",2013-05,,c307720a-de4e-43e3-b7e1-ea1a659761f8,633,von-wobeser-y-sierra-s-c-is-recognized-by-latin-lawyer-250-as-one-of-the-top-fir,2013-05-01,legacy_id,covered,date_match
en:631,en,631,Von Wobeser y Sierra S.C. is recognized by Chambers & Partners Global,"May, 2013",2013-05,,03313922-59a3-4e7b-bedf-c2851af6fd3d,631,von-wobeser-y-sierra-s-c-is-recognized-by-chambers-partners-global,2013-05-01,legacy_id,covered,date_match
en:629,en,629,Von Wobeser y Sierra S.C. is recognized by IFLR 1000,"May, 2013",2013-05,,3cedca02-a29b-44d6-8ee5-d9028db1cd83,629,von-wobeser-y-sierra-s-c-is-recognized-by-iflr-1000,2013-05-01,legacy_id,covered,date_match
en:627,en,627,Von Wobeser y Sierra S.C. is recognized by IFLR 1000 Latin America Energy & Infrastructure Guide,"May, 2013",2013-05,,78f3d48a-2748-4a28-a44a-71a245691d1f,627,von-wobeser-y-sierra-s-c-is-recognized-by-iflr-1000-latin-america-energy-infrast,2013-05-01,legacy_id,covered,date_match
en:625,en,625,Latin Lawyer - DoJ reaches deal to end AB-Inbev/Modelo challenge,"May, 2013",2013-05,,8c5f8f34-913c-42af-814e-928b72d7e006,625,latin-lawyer-doj-reaches-deal-to-end-ab-inbev-modelo-challenge,2013-05-01,legacy_id,covered,date_match
en:623,en,623,Latin Lawyer - Alsea acquires Burger King franchise in Mexico,"May, 2013",2013-05,,b2ca2e64-b61a-4987-a4bb-303f0c2ccd7f,623,latin-lawyer-alsea-acquires-burger-king-franchise-in-mexico,2013-05-01,legacy_id,covered,date_match
en:620,en,620,"Von Wobeser y Sierra, S.C. called to train Dominican Republic Judges on the UNCITRAL Model Law on International Commercial Arbitration","May, 2013",2013-05,,6b91b192-eb0a-4a51-b56a-fb988f1c0b9d,620,von-wobeser-y-sierra-s-c-called-to-train-dominican-republic-judges-on-the-uncitr,2013-05-01,legacy_id,covered,date_match
en:618,en,618,"Von Wobeser y Sierra, S.C. congratulates Silverio Sandate for receiving his specialty in Authors Rights from the Instituto de Propiedad Intelectual y Derecho de la Competencia (IPIDEC)","May, 2013",2013-05,,4735fbfd-7397-445e-a334-ed9ef6eabfce,618,von-wobeser-y-sierra-s-c-congratulates-silverio-sandate-for-receiving-his-specia,2013-05-01,legacy_id,covered,date_match
en:616,en,616,"Von Wobeser y Sierra, S.C. will participate in the ICC Course: Dispute Boards in Latin America","May, 2013",2013-05,,06fe6aa1-0f61-4ba3-aa4b-4cdd49b8207c,616,von-wobeser-y-sierra-s-c-will-participate-in-the-icc-course-dispute-boards-in-la,2013-05-01,legacy_id,covered,date_match
en:614,en,614,"Von Wobeser y Sierra, S.C. advised AB InBev in tender offer USD 20.1 billion","June, 2013",2013-06,,444bfeb7-ca7e-424f-b46d-c9251a1be734,614,von-wobeser-y-sierra-s-c-advised-ab-inbev-in-tender-offer-usd-20-1-billion,2013-06-01,legacy_id,covered,date_match
en:612,en,612,New Environmental Liability Act,"June, 2013",2013-06,,9d551fcb-cea5-45a0-9767-6f0b3244c5c7,612,new-environmental-liability-act,2013-06-01,legacy_id,covered,date_match
en:610,en,610,"Adrián Magallanes, Partner of VWyS at 11TH Annual Miami International Arbitration Conference","June, 2013",2013-06,,89405e2b-190a-467e-8993-cd958870d4bb,610,adrian-magallanes-partner-of-vwys-at-11th-annual-miami-international-arbitration,2013-06-01,legacy_id,covered,date_match
en:608,en,608,"Von Wobeser y Sierra, S.C. participates with Mexican Congress in regards to the Financial Reform","June, 2013",2013-06,,54ca2aae-524c-4a29-980f-aa14426de831,608,von-wobeser-y-sierra-s-c-participates-with-mexican-congress-in-regards-to-the-fi,2013-06-01,legacy_id,covered,date_match
en:606,en,606,Federal Act to Prevent and Identify Transactions Involving Illicit Funds,"July, 2013",2013-07,,2e54516b-ae04-4631-88a6-abc52188aaae,606,federal-act-to-prevent-and-identify-transactions-involving-illicit-funds-5,2013-07-01,legacy_id,covered,date_match
en:604,en,604,Latin Lawyer - SAB ruling expected in coming days,"July, 2013",2013-07,,ce5b3e41-b7be-4abe-ae89-358dba8c7993,604,latin-lawyer-sab-ruling-expected-in-coming-days,2013-07-01,legacy_id,covered,date_match
en:602,en,602,Latin Lawyer - Mexico restricts brewer´s exclusive contracts,"July, 2013",2013-07,,fe5e8e1e-e22b-45b0-9421-f341db3d55af,602,latin-lawyer-mexico-restricts-brewer-s-exclusive-contracts,2013-07-01,legacy_id,covered,date_match
en:600,en,600,Latin Lawyer - 3G wins unconditional Mexican approval for Heinz,"July, 2013",2013-07,,5ab0a2c5-5b06-4831-a0ac-5b4e3afbba6b,600,latin-lawyer-3g-wins-unconditional-mexican-approval-for-heinz,2013-07-01,legacy_id,covered,date_match
en:598,en,598,"Creation of the specialized courts and tribunals in antitrust, broadcasting and telecommunications","August, 2013",2013-08,,54b3aa92-14b3-403d-b2d9-51b5c64aa9ef,598,creation-of-the-specialized-courts-and-tribunals-in-antitrust-broadcasting-and-t,2013-08-01,legacy_id,covered,date_match
en:596,en,596,Energy Reform Bill,"August, 2013",2013-08,,85c1cbb5-fafb-4e3d-882d-2d505e075e5a,596,energy-reform-bill,2013-08-01,legacy_id,covered,date_match
en:594,en,594,Latin Lawyer - Von Wobeser helps Modelo bid farewell to football team,"August, 2013",2013-08,,03e13b53-fbe2-4b80-b5ef-2be2a7a2a5d4,594,latin-lawyer-von-wobeser-helps-modelo-bid-farewell-to-football-team,2013-08-01,legacy_id,covered,date_match
en:592,en,592,3rd IAP North American & Caribbean Regional Conference,"August, 2013",2013-08,,1b4f53e3-66a0-441e-86b5-68a35409a17f,592,3rd-iap-north-american-caribbean-regional-conference,2013-08-01,legacy_id,covered,date_match
en:590,en,590,Federal Act to Prevent and Identify Transactions Involving Illicit Funds,"August, 2013",2013-08,,c824b550-45aa-43fc-9763-006640a1f458,590,federal-act-to-prevent-and-identify-transactions-involving-illicit-funds-4,2013-08-01,legacy_id,covered,date_match
en:588,en,588,Global Arbitration Review - Pemex award upheld in US despite set-aside in Mexico,"September, 2013",2013-09,,ffecaafd-e105-4d54-a9fa-69382739f533,588,global-arbitration-review-pemex-award-upheld-in-us-despite-set-aside-in-mexico,2013-09-01,legacy_id,covered,date_match
en:586,en,586,Federal Act to Prevent and Identify Transactions Involving Illicit Funds,"September, 2013",2013-09,,c74061a1-a9bc-4411-a5af-8592355c8c50,586,federal-act-to-prevent-and-identify-transactions-involving-illicit-funds-3,2013-09-01,legacy_id,covered,date_match
en:583,en,583,"Von Wobeser y Sierra, S.C. wins “Mexico Tax Firm of the Year 2013” from International Tax Review","September, 2013",2013-09,,310465a9-f85e-424c-8688-9e8356003153,583,von-wobeser-y-sierra-s-c-wins-mexico-tax-firm-of-the-year-2013-from-internationa,2013-09-01,legacy_id,covered,date_match
en:581,en,581,ICDR / CANACO ARBITRATION,"October, 2013",2013-10,,ed3b6521-c2be-459a-ac9d-d778a42fa008,581,icdr-canaco-arbitration,2013-10-01,legacy_id,covered,date_match
en:579,en,579,Global Arbitration Review - Latin seats go mano-a-mano at GAR Live,"October, 2013",2013-10,,4d345d2a-c476-41de-85ff-5fccfe2f0f20,579,global-arbitration-review-latin-seats-go-mano-a-mano-at-gar-live,2013-10-01,legacy_id,covered,date_match
en:576,en,576,"Who´s Who Legal – Von Wobeser y Sierra, S.C. among top 10 Firms as a leader in Pro bono on an international level","October, 2013",2013-10,,2f610faa-1574-44aa-ba7d-f1d6afff5c9b,576,who-s-who-legal-von-wobeser-y-sierra-s-c-among-top-10-firms-as-a-leader-in-pro-b,2013-10-01,legacy_id,covered,date_match
en:574,en,574,Main modifications to tax provisions for the year 2014,"November, 2013",2013-11,,e8ff75ae-58fe-4b87-b24c-788d99e0bfce,574,main-modifications-to-tax-provisions-for-the-year-2014-2,2013-11-01,legacy_id,covered,date_match
en:572,en,572,Pro Bono Leading Firms,"November, 2013",2013-11,,8c4ec8b0-5068-41dd-b462-19fd80cf08cd,572,pro-bono-leading-firms,2013-11-01,legacy_id,covered,date_match
en:570,en,570,Von Wobeser y Sierra S.C. successfully advised and represented Pierburg Pump Technology,"November, 2013",2013-11,,a8c8bbd9-b765-46cd-b1f0-70396f6689e2,570,von-wobeser-y-sierra-s-c-successfully-advised-and-represented-pierburg-pump-tech,2013-11-01,legacy_id,covered,date_match
en:568,en,568,Federal Act to Prevent and Identify Transactions Involving Illicit Funds,"November, 2013",2013-11,,ec9ca508-a18c-49a5-ac3d-f03a7b7828a0,568,federal-act-to-prevent-and-identify-transactions-involving-illicit-funds-2,2013-11-01,legacy_id,covered,date_match
en:566,en,566,Latin Lawyer - Mexico’s Supreme Court rules in two year maquila claim,"December, 2013",2013-12,,4dc2efc8-b531-4d54-a0fb-37ac6e8eb0bc,566,latin-lawyer-mexico-s-supreme-court-rules-in-two-year-maquila-claim,2013-12-01,legacy_id,covered,date_match
en:564,en,564,Main modifications to tax provisions for the year 2014,"December, 2013",2013-12,,514db61f-2259-480e-926d-420d39d9ad59,564,main-modifications-to-tax-provisions-for-the-year-2014,2013-12-01,legacy_id,covered,date_match
en:562,en,562,Energy Bill opens the Mexican energy market for foreign and national private entities,"December, 2013",2013-12,,195285bd-00cd-4544-a381-53c9583fcd06,562,energy-bill-opens-the-mexican-energy-market-for-foreign-and-national-private-ent,2013-12-01,legacy_id,covered,date_match
en:560,en,560,Federal Act to Prevent and Identify Transactions Involving Illicit Funds,"December, 2013",2013-12,,a2ef6639-4308-4134-abb1-f667c0840ec6,560,federal-act-to-prevent-and-identify-transactions-involving-illicit-funds,2013-12-01,legacy_id,covered,date_match
en:558,en,558,"Von Wobeser y Sierra, S.C. is shortlisted in “M&A Deal of the Year” by IFLR in the 9th Annual Americas Awards","January, 2014",2014-01,,fb3dff6a-63c3-44d4-9555-b8eff6955f76,558,von-wobeser-y-sierra-s-c-is-shortlisted-in-m-a-deal-of-the-year-by-iflr-in-the-9,2014-01-01,legacy_id,covered,date_match
en:556,en,556,"Von Wobeser y Sierra, S.C. is shortlisted in “Matter of the Year” by Global Competition Review","January, 2014",2014-01,,bcf39491-5d0b-4da2-a41c-faee62e2f020,556,von-wobeser-y-sierra-s-c-is-shortlisted-in-matter-of-the-year-by-global-competit,2014-01-01,legacy_id,covered,date_match
en:554,en,554,Compliance with employer obligations regarding labor and tax reforms,"January, 2014",2014-01,,07292e22-d391-4216-b942-441da7901da1,554,compliance-with-employer-obligations-regarding-labor-and-tax-reforms,2014-01-01,legacy_id,covered,date_match
en:552,en,552,Latin Lawyer - Leading Lights: Von Wobeser y Sierra S.C. Latin American Pro Bono Leader,"January, 2014",2014-01,,56df2965-b4a5-4503-883b-db56503efb91,552,latin-lawyer-leading-lights-von-wobeser-y-sierra-s-c-latin-american-pro-bono-lea-2,2014-01-01,legacy_id,covered,date_match
en:550,en,550,Diego Sierra becomes Partner in Von Wobeser y Sierra S.C.,"January, 2014",2014-01,,955c3286-6c43-4632-8369-5b5c9d57a12a,550,diego-sierra-becomes-partner-in-von-wobeser-y-sierra-s-c,2014-01-01,legacy_id,covered,date_match
en:548,en,548,"Diego Sierra Partner, of Mexico´s Von Wobeser y Sierra SC will participate in the IBA/ICC Conference","February, 2014",2014-02,,ff03c772-3296-4f38-8cfa-247b96ae6c97,548,diego-sierra-partner-of-mexico-s-von-wobeser-y-sierra-sc-will-participate-in-the,2014-02-01,legacy_id,covered,date_match
en:546,en,546,Latin Lawyer - New Partners Promoted at Colombian and Mexican firms,"February, 2014",2014-02,,2019565a-c10a-4c04-a7ad-3b1de5c913e3,546,latin-lawyer-new-partners-promoted-at-colombian-and-mexican-firms,2014-02-01,legacy_id,covered,date_match
en:544,en,544,Executive Branch Initiative for the New Federal Law on Economic Competition,"February, 2014",2014-02,,e5b2c0b7-c097-43df-aec4-01caa2cb2516,544,executive-branch-initiative-for-the-new-federal-law-on-economic-competition,2014-02-01,legacy_id,covered,date_match
en:542,en,542,"Global Arbitration Review 100 (GAR 100) - Review & Analysis of Von Wobeser y Sierra S.C., One of the Top firms in the World","February, 2014",2014-02,,27d5f08d-a244-4f1c-86df-909078f464d0,542,global-arbitration-review-100-gar-100-review-analysis-of-von-wobeser-y-sierra-s-,2014-02-01,legacy_id,covered,date_match
en:540,en,540,Latin Lawyer - Mexican president sends new competition bill to parliament,"February, 2014",2014-02,,57a877f3-e2e5-43d2-ac04-147771cf40bf,540,latin-lawyer-mexican-president-sends-new-competition-bill-to-parliament,2014-02-01,legacy_id,covered,date_match
en:538,en,538,"IFLR 1000 - Partner Moves, Von Wobeser Expands Partnership","February, 2014",2014-02,,8a5cffba-75b3-4a60-8a44-13eb57cbc825,538,iflr-1000-partner-moves-von-wobeser-expands-partnership,2014-02-01,legacy_id,covered,date_match
en:536,en,536,"Latin Lawyer – Von Wobeser y Sierra, S.C. wins “M&A Deal of the Year 2013”","March, 2014",2014-03,,e2848e4b-1466-40be-a5ce-d25d44f8495d,536,latin-lawyer-von-wobeser-y-sierra-s-c-wins-m-a-deal-of-the-year-2013,2014-03-01,legacy_id,covered,date_match
en:534,en,534,"Seminar, ""New Alternatives for Dispute Resolution in a Changing Global Market""","April, 2014",2014-04,,ea44f379-1505-4e78-b8a5-97ecfa08807a,534,seminar-new-alternatives-for-dispute-resolution-in-a-changing-global-market,2014-04-01,legacy_id,covered,date_match
en:532,en,532,Von Wobeser y Sierra S.C. wins Latin Lawyer’s “M&A Deal of the Year”,"April, 2014",2014-04,,0ce55775-5484-4253-bc93-582706dd788e,532,von-wobeser-y-sierra-s-c-wins-latin-lawyer-s-m-a-deal-of-the-year,2014-04-01,legacy_id,covered,date_match
en:530,en,530,Von Wobeser y Sierra S.C. actively participates alongside the CWAG,"April, 2014",2014-04,,f8d7a8fb-476d-42ed-abfb-a270ebebd0b4,530,von-wobeser-y-sierra-s-c-actively-participates-alongside-the-cwag,2014-04-01,legacy_id,covered,date_match
en:528,en,528,New Federal Antitrust Law,"May, 2014",2014-05,,16ed77a3-834a-4f51-b128-abddf0345811,528,new-federal-antitrust-law,2014-05-01,legacy_id,covered,date_match
en:526,en,526,"Latin Lawyer– Von Wobeser y Sierra, S.C. wins Latin Lawyer´s M&A Deal of the Year Award.","May, 2014",2014-05,,9cc3dabc-cc1e-46de-819c-c5d82d7dc6ea,526,latin-lawyer-von-wobeser-y-sierra-s-c-wins-latin-lawyer-s-m-a-deal-of-the-year-a,2014-05-01,legacy_id,covered,date_match
en:524,en,524,IFLR Energy & Infrastructure Latam - Edmond Grieger recognized as leading lawyer.,"May, 2014",2014-05,,1a3080f5-771c-4b8a-9af3-eeba030b38c5,524,iflr-energy-infrastructure-latam-edmond-grieger-recognized-as-leading-lawyer,2014-05-01,legacy_id,covered,date_match
en:522,en,522,"Von Wobeser y Sierra, S.C. will attend the INTA Conference 2014","May, 2014",2014-05,,d5dd48b0-c229-4e3e-ba45-ecfb2dad9a2a,522,von-wobeser-y-sierra-s-c-will-attend-the-inta-conference-2014,2014-05-01,legacy_id,covered,date_match
en:520,en,520,Latin Lawyer - Arca and Coca-Cola close Ecuador buy,"May, 2014",2014-05,,6d06ddd9-ac81-402c-b4c0-47ed75cb3ef7,520,latin-lawyer-arca-and-coca-cola-close-ecuador-buy,2014-05-01,legacy_id,covered,date_match
en:518,en,518,Latin Lawyer - Von Wobeser steers Palladium Mexico acquisition,"June, 2014",2014-06,,debce822-4837-4a24-9a61-973e5217fa75,518,latin-lawyer-von-wobeser-steers-palladium-mexico-acquisition,2014-06-01,legacy_id,covered,date_match
en:516,en,516,"Von Wobeser y Sierra, S.C. wins Global Awards 2014: Arbitration Mexican Law Firm of 2014","June, 2014",2014-06,,7a55b859-9d6e-417f-9361-dec3f0a61b96,516,von-wobeser-y-sierra-s-c-wins-global-awards-2014-arbitration-mexican-law-firm-of,2014-06-01,legacy_id,covered,date_match
en:514,en,514,"Partner, Andrés Nieto is appointed as Vice-Chair of the International Ethics Committee of the American Bar Association (ABA), Section of International Law","June, 2014",2014-06,,1ca7e8f1-0ca3-4261-966b-a66eeca42e60,514,partner-andres-nieto-is-appointed-as-vice-chair-of-the-international-ethics-comm,2014-06-01,legacy_id,covered,date_match
en:512,en,512,"Von Wobeser y Sierra, S.C. participated in conference coordinated by ALARB & ICC-Mexico","June, 2014",2014-06,,4caea6cf-b348-479c-8974-6bbd60a35bb1,512,von-wobeser-y-sierra-s-c-participated-in-conference-coordinated-by-alarb-icc-mex,2014-06-01,legacy_id,covered,date_match
en:510,en,510,"Von Wobeser y Sierra, S.C. advises BMW in USD $ 1 billion investment in Mexico","July, 2014",2014-07,,e2dafb86-f9ac-4d14-b12d-8d0d68434bb7,510,von-wobeser-y-sierra-s-c-advises-bmw-in-usd-1-billion-investment-in-mexico,2014-07-01,legacy_id,covered,date_match
en:508,en,508,"Von Wobeser y Sierra, S.C. incorporates Dr. Edmund Duckwitz, Former German Ambassador to Mexico to its team","July, 2014",2014-07,,3dc92866-9240-4099-be13-a72cc5d3a46b,508,von-wobeser-y-sierra-s-c-incorporates-dr-edmund-duckwitz-former-german-ambassado,2014-07-01,legacy_id,covered,date_match
en:506,en,506,Latin Lawyer - Von Wobeser unveils US$1 billion BMW factory in Mexico,"July, 2014",2014-07,,be2ffc5b-5c8e-4971-9fe7-4f56502bc39a,506,latin-lawyer-von-wobeser-unveils-us-1-billion-bmw-factory-in-mexico,2014-07-01,legacy_id,covered,date_match
en:504,en,504,Global Competition Review - America Movil to slim down in anticipation of law changes,"July, 2014",2014-07,,4374ea0a-b9dc-410d-96c7-b58237c99179,504,global-competition-review-america-movil-to-slim-down-in-anticipation-of-law-chan,2014-07-01,legacy_id,covered,date_match
en:502,en,502,"IFLR 1000 – Von Wobeser y Sierra, S.C. advises Germany´s BMW on $ 1 billion investment","July, 2014",2014-07,,f7b4a619-b34e-4a4f-a4d9-2995916da334,502,iflr-1000-von-wobeser-y-sierra-s-c-advises-germany-s-bmw-on-1-billion-investment,2014-07-01,legacy_id,covered,date_match
en:500,en,500,Latin Lawyer – The mystery of our profession,"July, 2014",2014-07,,9c753837-3645-4177-b436-ea8c584ca8ca,500,latin-lawyer-the-mystery-of-our-profession,2014-07-01,legacy_id,covered,date_match
en:498,en,498,"Von Wobeser y Sierra, S.C. advised Enerflex in the strategic acquisition of international contract compression, processing and after-market services business for US$430 Million.","July, 2014",2014-07,,a44f2669-a61a-4f97-9a10-5bc74f23bffb,498,von-wobeser-y-sierra-s-c-advised-enerflex-in-the-strategic-acquisition-of-intern,2014-07-01,legacy_id,covered,date_match
en:496,en,496,Latin Lawyer - Mexico telecoms overhaul poised for enactment,"July, 2014",2014-07,,54b26e2b-9de3-4e40-9cf8-91eacb16225a,496,latin-lawyer-mexico-telecoms-overhaul-poised-for-enactment,2014-07-01,legacy_id,covered,date_match
en:494,en,494,"Latin Lawyer -Von Wobeser y Sierra, S.C. hires former German ambassador in advisory role","July, 2014",2014-07,,24452714-0362-4fba-bec1-62beb9bbbafb,494,latin-lawyer-von-wobeser-y-sierra-s-c-hires-former-german-ambassador-in-advisory,2014-07-01,legacy_id,covered,date_match
en:492,en,492,Latin Lawyer - VWyS & Creel in Mexican leg of Enerflex-Axip deal,"July, 2014",2014-07,,342b5654-b8c6-419e-b250-2ab3559ee12f,492,latin-lawyer-vwys-creel-in-mexican-leg-of-enerflex-axip-deal,2014-07-01,legacy_id,covered,date_match
en:490,en,490,Antitrust Investigation of the Financial Sector in Mexico,"July, 2014",2014-07,,e59fac39-60c4-493f-a843-e6e74f1ce038,490,antitrust-investigation-of-the-financial-sector-in-mexico,2014-07-01,legacy_id,covered,date_match
en:488,en,488,Regulatory Laws to the Constitutional Reform in Telecommunications,"July, 2014",2014-07,,c45dd83a-3ae3-49df-9c18-fc8f3f147557,488,regulatory-laws-to-the-constitutional-reform-in-telecommunications,2014-07-01,legacy_id,covered,date_match
en:486,en,486,Latin Lawyer - Von Wobeser steers Mexican wind PPA,"July, 2014",2014-07,,80fcb8aa-5d47-4262-bb6c-e6c7d7595793,486,latin-lawyer-von-wobeser-steers-mexican-wind-ppa,2014-07-01,legacy_id,covered,date_match
en:484,en,484,"""Amparo"" proceedings against various current tax provisions in force in 2014","August, 2014",2014-08,,e320f23e-5bd3-44f5-afbb-1ae0ccb10ba4,484,amparo-proceedings-against-various-current-tax-provisions-in-force-in-2014,2014-08-01,legacy_id,covered,date_match
en:482,en,482,Energy Reform - Implementing Laws,"August, 2014",2014-08,,2a612606-baa7-4f7d-bbe4-e4d8361805e0,482,energy-reform-implementing-laws,2014-08-01,legacy_id,covered,date_match
en:480,en,480,"Periódico am, Encourage Energy to Manufacture","August, 2014",2014-08,,0e02ee80-21e7-4e82-b197-466ca9c66767,480,periodico-am-encourage-energy-to-manufacture,2014-08-01,legacy_id,covered,date_match
en:478,en,478,VWyS ranked by Global Investigations Review,"August, 2014",2014-08,,c5a41a89-85fb-4d47-947b-140c18620f9b,478,vwys-ranked-by-global-investigations-review,2014-08-01,legacy_id,covered,date_match
en:476,en,476,"Conagua's resolution authorizes water concessions for ""environmental use""","August, 2014",2014-08,,2d973021-7386-4e83-a780-d641c47a8274,476,conagua-s-resolution-authorizes-water-concessions-for-environmental-use,2014-08-01,legacy_id,covered,date_match
en:474,en,474,Latin Lawyer - Von Wobeser does pro bono to help Pro Natura preserve water,"August, 2014",2014-08,,bc8d6691-d4a3-49ab-9c9a-5d01ba3c3cdf,474,latin-lawyer-von-wobeser-does-pro-bono-to-help-pro-natura-preserve-water,2014-08-01,legacy_id,covered,date_match
en:472,en,472,Dispute Resolution Methods in the Energy Reform,"August, 2014",2014-08,,a938e270-9d31-404e-8fd1-3eb120ad35a5,472,dispute-resolution-methods-in-the-energy-reform,2014-08-01,legacy_id,covered,date_match
en:470,en,470,Canadian miner credit facility draws on Mexican counsel,"August, 2014",2014-08,,ddf72ced-5b38-4e0d-a226-6dade89fb320,470,canadian-miner-credit-facility-draws-on-mexican-counsel,2014-08-01,legacy_id,covered,date_match
en:468,en,468,Implementation of legal provisions regarding the National Anti-Corruption System,"July, 2017",2017-07,,e2c7506c-a753-497a-acea-22f13e3edb82,468,implementation-of-legal-provisions-regarding-the-national-anti-corruption-system,2017-07-01,legacy_id,covered,date_match
en:422,en,422,Von Wobeser y Sierra recognized by GCR 100 as one of the best 100 firms in Competition in the world,"January, 2017",2017-01,,20b57df0-ca79-4bd2-9a67-9cca470b588d,422,von-wobeser-y-sierra-recognized-by-gcr-100-as-one-of-the-best-100-firms-in-compe,2017-01-01,legacy_id,covered,date_match
en:408,en,408,Von Wobeser y Sierra wins Matter of the Year at GCR Awards 2017,"March, 2017",2017-03,,a9d7a2d3-c934-49f2-b9fb-89f77788f399,408,von-wobeser-y-sierra-wins-matter-of-the-year-at-gcr-awards-2017,2017-03-01,legacy_id,covered,date_match
en:371,en,371,"New Minimum Wages as of January 1st, 2015","December, 2014",2014-12,,3d1f605e-2cbd-435e-a4d2-3c7af328ca16,371,new-minimum-wages-as-of-january-1st-2015,2014-12-01,legacy_id,covered,date_match
en:369,en,369,"Latin Lawyer – Businesses still weary of CADE, says panel","December, 2014",2014-12,,643908d7-0252-4af3-9abd-f117b55e23a8,369,latin-lawyer-businesses-still-weary-of-cade-says-panel,2014-12-01,legacy_id,covered,date_match
en:367,en,367,Latin Lawyer - Pro bono survey 2014: Leading lights,"November, 2014",2014-11,,b26be493-cc60-454b-b011-e73d456927ac,367,latin-lawyer-pro-bono-survey-2014-leading-lights,2014-11-01,legacy_id,covered,date_match
en:365,en,365,Global Investigations Review; Mexico: at a crossroads.,"November, 2014",2014-11,,05546a77-afaa-4d22-8fef-bcc378b95767,365,global-investigations-review-mexico-at-a-crossroads,2014-11-01,legacy_id,covered,date_match
en:363,en,363,Global Competition Review - Mexico Publishes controversial antitrust regulations,"November, 2014",2014-11,,cf7eb571-3e62-4688-900e-3c731ca360c7,363,global-competition-review-mexico-publishes-controversial-antitrust-regulations,2014-11-01,legacy_id,covered,date_match
en:361,en,361,Latin Lawyer - Mexico publishes controversial antitrust regulations,"November, 2014",2014-11,,6a675266-bdff-4a12-9ddc-29d719a64fb7,361,latin-lawyer-mexico-publishes-controversial-antitrust-regulations,2014-11-01,legacy_id,covered,date_match
en:359,en,359,Latin American Corporate Counsel Association (LACCA),"October, 2014",2014-10,,45ab8499-bede-4108-b878-fc4e525f0ede,359,latin-american-corporate-counsel-association-lacca,2014-10-01,legacy_id,covered,date_match
en:357,en,357,"Latin Lawyer - Von Wobeser helps extend port contract, settles dispute","October, 2014",2014-10,,fda94a48-836a-416b-b819-6ecc509bb990,357,latin-lawyer-von-wobeser-helps-extend-port-contract-settles-dispute,2014-10-01,legacy_id,covered,date_match
en:355,en,355,Latin Lawyer - Getting Ahead,"September, 2014",2014-09,,f7b95681-d8e7-4034-a4f7-bc1c68b803b9,355,latin-lawyer-getting-ahead,2014-09-01,legacy_id,covered,date_match
en:353,en,353,IFLR 1000 - New Gold finalizes $ 300 million financing,"September, 2014",2014-09,,05fbb3b0-3e04-4a1c-868a-f8ae90970a8c,353,iflr-1000-new-gold-finalizes-300-million-financing,2014-09-01,legacy_id,covered,date_match
en:299,en,299,"Fernando Carreño, Paloma Alcántara - Global Competition Review - The Antitrust Review, of the Americas 2015 Mexico, September 2014.","September, 2014",2014-09,,84e785a2-7487-47e5-92fa-39804439958b,299,fernando-carreno-paloma-alcantara-global-competition-review-the-antitrust-review,2014-09-01,legacy_id,covered,date_match
en:285,en,285,"Rodolfo Trampe, Jorge Diaz, Luis Alberto King , Fernando de Buen - Getting the Deal Through, Outsourcing Mexico 2015, October 2014","October, 2014",2014-10,,5af4df39-0245-470b-98ba-f3b05dbb781d,285,rodolfo-trampe-jorge-diaz-luis-alberto-king-fernando-de-buen-getting-the-deal-th,2014-10-01,legacy_id,covered,date_match
en:284,en,284,"Diego Sierra - Global Investigations Review, The Investigations Review of the Americas, October 2014","October, 2014",2014-10,,e3f3791e-e5f2-44ce-9972-cf8189517395,284,diego-sierra-global-investigations-review-the-investigations-review-of-the-ameri,2014-10-01,legacy_id,covered,date_match
en:281,en,281,"Andrés Nieto, Luis Burgueño - Getting the Deal Through, Private Equity, October 2014","October, 2014",2014-10,,c1880589-2b3b-4759-9a86-00abcbeeee1e,281,andres-nieto-luis-burgueno-getting-the-deal-through-private-equity-october-2014,2014-10-01,legacy_id,covered,date_match
en:277,en,277,"Claus von Wobeser, Adrián Magallanes - Getting The Deal Through, Investment Treaty Arbitration, November 2014","November, 2014",2014-11,,de1d71c2-8e82-4b22-9fb7-6d06582994cb,277,claus-von-wobeser-adrian-magallanes-getting-the-deal-through-investment-treaty-a,2014-11-01,legacy_id,covered,date_match
en:275,en,275,"New minimum wage as of January 1st, 2016","December, 2015",2015-12,,4a58c594-6b5b-4f1a-b8a5-1826836b4bdc,275,new-minimum-wage-as-of-january-1st-2016,2015-12-01,legacy_id,covered,date_match
en:235,en,235,"Dr. Edmund Duckwitz - Dr. Edmund Duckwitz, Of Counsel of Von Wobeser y Sierra, S.C. has received the highest honor from the Mexican government “La Orden Mexicana del Águila Azteca en grado de banda”.","December, 2015",2015-12,,ccda09db-6719-4020-bc7f-e0faf4b06515,235,dr-edmund-duckwitz-dr-edmund-duckwitz-of-counsel-of-von-wobeser-y-sierra-s-c-has,2015-12-01,legacy_id,covered,date_match
en:221,en,221,Repatriation of Capital- Decree granting administrative incentives in Income Tax,"May, 2017",2017-05,,c991c54a-f5b7-4060-bb97-4f1fe2c39c23,221,repatriation-of-capital-decree-granting-administrative-incentives-in-income-tax,2017-05-01,legacy_id,covered,date_match
en:187,en,187,Executive Order amending articles 29 and 35; and adding articles 29 Ter and Quáter of INFONAVIT Law,"January, 2016",2016-01,,3a5fd171-6a3a-4e8d-b50f-139fbf510c26,187,executive-order-amending-articles-29-and-35-and-adding-articles-29-ter-and-quate,2016-01-01,legacy_id,covered,date_match
en:185,en,185,Rodolfo Trampe becomes Partner in Von Wobeser y Sierra S.C.,"January, 2016",2016-01,,f11c85ed-a64e-4072-9070-75c5eb2f886d,185,rodolfo-trampe-becomes-partner-in-von-wobeser-y-sierra-s-c,2016-01-01,legacy_id,covered,date_match
en:183,en,183,Tax Package 2016,"January, 2016",2016-01,,75a30a51-e550-4254-887b-42880ffc0724,183,tax-package-2016,2016-01-01,legacy_id,covered,date_match
en:179,en,179,Latin Lawyer - New Partners Promoted at Mexican firms,"January, 2016",2016-01,,4350ee84-f60e-47ce-83e3-e28fa58dfc54,179,latin-lawyer-new-partners-promoted-at-mexican-firms,2016-01-01,legacy_id,covered,date_match
en:177,en,177,Constitutionality of the limit on back wages introduced in the 2012 reform of the Federal Labor Lawsee,"February, 2016",2016-02,,7a396206-0757-41ea-8bba-896e2c2a1d30,177,constitutionality-of-the-limit-on-back-wages-introduced-in-the-2012-reform-of-th,2016-02-01,legacy_id,covered,date_match
en:175,en,175,Overview of the Model-Licensing Contract for the deep water exploration bid – 2016,"February, 2016",2016-02,,6f9ed7d6-e701-4a21-929c-d0cf4f0bb490,175,overview-of-the-model-licensing-contract-for-the-deep-water-exploration-bid-2016,2016-02-01,legacy_id,covered,date_match
en:173,en,173,Amendment to the Protocol of conduct in public procurement,"February, 2016",2016-02,,326d2b14-84aa-4a7f-aa15-968cfda040c7,173,amendment-to-the-protocol-of-conduct-in-public-procurement,2016-02-01,legacy_id,covered,date_match
en:171,en,171,Simplified Stock Companies: The new promise for businesses in Mexico,"March, 2016",2016-03,,72773b9e-5f3d-46bd-b57a-ba2aaebaa479,171,simplified-stock-companies-the-new-promise-for-businesses-in-mexico,2016-03-01,legacy_id,covered,date_match
en:169,en,169,"Latin Lawyer- Claus von Wobeser, Diego Sierra: ICC panel resolves Mexican drinks dispute","March, 2016",2016-03,,5eafa708-4eab-4337-8360-89404a60656d,169,latin-lawyer-claus-von-wobeser-diego-sierra-icc-panel-resolves-mexican-drinks-di,2016-03-01,legacy_id,covered,date_match
en:167,en,167,"Global Arbitration Review 100 (GAR 100) - Claus von Wobeser, Diego Sierra: ICC panel resolves Mexican drinks dispute","April, 2016",2016-04,,1da31e0f-56e6-4468-a704-78493cbb045d,167,global-arbitration-review-100-gar-100-claus-von-wobeser-diego-sierra-icc-panel-r,2016-04-01,legacy_id,covered,date_match
en:165,en,165,The opposition system in trademark law is implemented in Mexico,"April, 2016",2016-04,,70fa823c-6557-41e3-8075-cebc99b97370,165,the-opposition-system-in-trademark-law-is-implemented-in-mexico,2016-04-01,legacy_id,covered,date_match
en:163,en,163,LACCA: Who represents Latin America´s biggest companies 2015,"April, 2016",2016-04,,4a131140-5fc4-4b20-bfe9-aed9cbff8905,163,lacca-who-represents-latin-america-s-biggest-companies-2015,2016-04-01,legacy_id,covered,date_match
en:161,en,161,Mars buys Mexico´s Conejos chocolate maker,"April, 2016",2016-04,,e1822c75-760e-4a38-b98b-fb6813445bf6,161,mars-buys-mexico-s-conejos-chocolate-maker,2016-04-01,legacy_id,covered,date_match
en:159,en,159,Rodolfo Trampe - International Bar Association (IBA): IBA Annual Employment and Discrimation Law Conference 2016,"April, 2016",2016-04,,5e0a4541-4c37-4769-9fc0-6de5369ebd68,159,rodolfo-trampe-international-bar-association-iba-iba-annual-employment-and-discr,2016-04-01,legacy_id,covered,date_match
en:157,en,157,Global Competition Review – GCR - AB InBev/SABMiller clears Latin American hurdles,"May, 2016",2016-05,,d5eac825-80a3-4d92-9730-6c08fbf37685,157,global-competition-review-gcr-ab-inbev-sabmiller-clears-latin-american-hurdles,2016-05-01,legacy_id,covered,date_match
en:155,en,155,Latin Lawyer – 2016 - AB InBev/SABMiller clears Latin American hurdles,"May, 2016",2016-05,,0aa970b2-6cc7-451b-b010-901a683a4c3b,155,latin-lawyer-2016-ab-inbev-sabmiller-clears-latin-american-hurdles,2016-05-01,legacy_id,covered,date_match
en:153,en,153,Latin Lawyer: COFECE keeps focus on Mexico City airport – Fernando Carreño,"May, 2016",2016-05,,33b0c062-5a9a-44e0-a43c-9a29e256599d,153,latin-lawyer-cofece-keeps-focus-on-mexico-city-airport-fernando-carreno,2016-05-01,legacy_id,covered,date_match
en:151,en,151,"CENACE publishes the Second Long Term Auction for Energy, CELs and Capacity","May, 2016",2016-05,,d74f1804-d213-4813-a71b-d333efbaaf43,151,cenace-publishes-the-second-long-term-auction-for-energy-cels-and-capacity,2016-05-01,legacy_id,covered,date_match
en:149,en,149,"CONAGUA- benefits to concessionaires, whose water concession titles expired or were not extended","May, 2016",2016-05,,eda39d58-2d3b-4667-8351-52709e14000e,149,conagua-benefits-to-concessionaires-whose-water-concession-titles-expired-or-wer,2016-05-01,legacy_id,covered,date_match
en:147,en,147,"Claus von Wobeser, Adrián Magallanes, Katerina Lundahl, Pablo Fautsch y Rodrigo Macin, Latin Lawyer: Arbitrator issues emergency order in Mexican port dispute","May, 2016",2016-05,,89b99dab-fe7c-45fc-a641-5f85bf83b272,147,claus-von-wobeser-adrian-magallanes-katerina-lundahl-pablo-fautsch-y-rodrigo-mac,2016-05-01,legacy_id,covered,date_match
en:145,en,145,"Claus von Wobeser, Adrián Magallanes- Global Arbitration Review (GAR): Kirby issues emergency order in Mexican port dispute.","May, 2016",2016-05,,2c0339b5-42e0-493c-ae04-76f30a0b0899,145,claus-von-wobeser-adrian-magallanes-global-arbitration-review-gar-kirby-issues-e,2016-05-01,legacy_id,covered,date_match
en:143,en,143,Luis Burgueño - LACCA (Latin American Corporate Counsel Association): Top 100 Mexico,"May, 2016",2016-05,,b42f1812-717f-46d1-ae62-11ac7e5eb71c,143,luis-burgueno-lacca-latin-american-corporate-counsel-association-top-100-mexico,2016-05-01,legacy_id,covered,date_match
en:141,en,141,Forthcoming entrance into force of the Opposition System in Mexico,"June, 2016",2016-06,,5a175b71-c7f7-4dfa-a1e1-c51989b2b281,141,forthcoming-entrance-into-force-of-the-opposition-system-in-mexico,2016-06-01,legacy_id,covered,date_match
en:139,en,139,"Latin Lawyer – Andrés Nieto, Edmond Grieger, Rodolfo Trampe, Alberto Córdoba, Alix Trimmer and Roberto Flores - Paul Weiss and Von Wobeser sign electricals acquisition.","June, 2016",2016-06,,0d5c225d-bb48-42eb-a564-1acb52c1b05e,139,latin-lawyer-andres-nieto-edmond-grieger-rodolfo-trampe-alberto-cordoba-alix-tri,2016-06-01,legacy_id,covered,date_match
en:137,en,137,"Von Wobeser, Aziz & Kaye and Chévez Ruiz sign advertising sale","June, 2016",2016-06,,51e4be61-f1ae-4a57-b9d4-4d9c231b0184,137,von-wobeser-aziz-kaye-and-chevez-ruiz-sign-advertising-sale,2016-06-01,legacy_id,covered,date_match
en:135,en,135,Modifications to the Model Contract and Legal Basis of the Bidding Process for deep waters in the Gulf of Mexico,"June, 2016",2016-06,,bfe1d7da-ca0f-4a20-bcdb-ac6a88817528,135,modifications-to-the-model-contract-and-legal-basis-of-the-bidding-process-for-d,2016-06-01,legacy_id,covered,date_match
en:131,en,131,"Luis Burgueño, Edmond Grieger, Rodolfo Trampe, Gloria Martínez, Laura Maldonado, Ariel Garfio, Alix Trimmer – Latin Lawyer: Coca Cola buys Unilever´s soy drinks business","June, 2016",2016-06,,827f4490-9eed-4f84-9431-80edf42bfad9,131,luis-burgueno-edmond-grieger-rodolfo-trampe-gloria-martinez-laura-maldonado-arie,2016-06-01,legacy_id,covered,date_match
en:128,en,128,Ruling on calculation of back wages,"June, 2016",2016-06,,a355a645-38fc-4d2a-8a39-ad947b45b177,128,ruling-on-calculation-of-back-wages,2016-06-01,legacy_id,covered,date_match
en:126,en,126,Global Arbitration Review (GAR) – Modelo takes Crown in beer dispute.,"June, 2016",2016-06,,6ec5d56e-9b06-4a31-a18d-aa82c6a53f67,126,global-arbitration-review-gar-modelo-takes-crown-in-beer-dispute,2016-06-01,legacy_id,covered,date_match
en:120,en,120,Global Investigations Review (GIR): Mexico Passes “Crazy” transparency law – Adrián Magallanes,"June, 2016",2016-06,,5ebb1385-30d0-467b-ae94-601ca30ddf23,120,global-investigations-review-gir-mexico-passes-crazy-transparency-law-adrian-mag,2016-06-01,legacy_id,covered,date_match
en:118,en,118,Latin Lawyer: Mexico Passes “Crazy” transparency law – Adrián Magallanes,"June, 2016",2016-06,,6e5cf411-8eae-4f51-8f1b-f250e8ad64a7,118,latin-lawyer-mexico-passes-crazy-transparency-law-adrian-magallanes,2016-06-01,legacy_id,covered,date_match
en:116,en,116,Global Competition Review (GCR): Panama Papers leak sparks Mexican investigation – Fernando Carreño,"June, 2016",2016-06,,04f51fe0-ea47-4806-a353-5dc2999ab7ab,116,global-competition-review-gcr-panama-papers-leak-sparks-mexican-investigation-fe,2016-06-01,legacy_id,covered,date_match
en:114,en,114,Latin Lawyer: Panama Papers leak sparks Mexican investigation – Fernando Carreño,"June, 2016",2016-06,,bbd69080-a7d1-4d95-b7b5-69170c71bd35,114,latin-lawyer-panama-papers-leak-sparks-mexican-investigation-fernando-carreno,2016-06-01,legacy_id,covered,date_match
en:112,en,112,Mexican Congress Issues Secondary Anticorruption Regulations,"June, 2016",2016-06,,82e42e46-e36d-44b5-bd95-947708dd2d56,112,mexican-congress-issues-secondary-anticorruption-regulations,2016-06-01,legacy_id,covered,date_match
en:110,en,110,Mexico's New Anti-corruption Paradigm,"July, 2016",2016-07,,4c600c53-c657-43e3-bf9c-f00bfc21f1b0,110,mexico-s-new-anti-corruption-paradigm,2016-07-01,legacy_id,covered,date_match
en:108,en,108,Communication regarding Mexican Data Privacy Protection,"July, 2016",2016-07,,e8aa2e3d-ecfc-4ef3-83d2-1caa247612d6,108,communication-regarding-mexican-data-privacy-protection,2016-07-01,legacy_id,covered,date_match
en:106,en,106,The National Hydrocarbons Commission issued the call and the rules for the first bidding of Round 2,"August, 2016",2016-08,,b475ea2e-9067-4aaf-9cbf-5db12d65eb71,106,the-national-hydrocarbons-commission-issued-the-call-and-the-rules-for-the-first,2016-08-01,legacy_id,covered,date_match
en:104,en,104,Von Wobeser y Sierra participates in LatinAmerica Corruption Survey 2016,"August, 2016",2016-08,,b5463b1a-5694-46a9-99d9-e11adcf0b086,104,von-wobeser-y-sierra-participates-in-latinamerica-corruption-survey-2016,2016-08-01,legacy_id,covered,date_match
en:102,en,102,"Adrián Magallanes – Global Pound Conference: Shaping the future of dispute resolution and improving access to justice - August 25, 2016","August, 2016",2016-08,,6183d86f-0efa-4dda-8819-3fba8131d7c4,102,adrian-magallanes-global-pound-conference-shaping-the-future-of-dispute-resoluti,2016-08-01,legacy_id,covered,date_match
en:100,en,100,"Andrés Nieto – Global Pound Conference: Shaping the future of dispute resolution and improving access to justice - August 25, 2016","August, 2016",2016-08,,4ba1e602-26ef-42ed-a117-f32cdf9a5aa1,100,andres-nieto-global-pound-conference-shaping-the-future-of-dispute-resolution-an,2016-08-01,legacy_id,covered,date_match
en:98,en,98,Thomson Reuters Foundation – Andrés Nieto - Pro Bono in Mexico,"August, 2016",2016-08,,8a8ee2cb-7674-43d9-aa79-f113ee659370,98,thomson-reuters-foundation-andres-nieto-pro-bono-in-mexico,2016-08-01,legacy_id,covered,date_match
en:96,en,96,Von Wobeser y Sierra recognized in Trust LawIndex of Pro Bono 2016,"August, 2016",2016-08,,c3a47ed5-8e59-45df-bfe6-80a54a85b854,96,von-wobeser-y-sierra-recognized-in-trust-lawindex-of-pro-bono-2016,2016-08-01,legacy_id,covered,date_match
en:90,en,90,GCR-Global Competition Review -Turf wars: the threat of stand-offs between Mexico’s competition enforcers,"August, 2016",2016-08,,5d4ca987-760d-4d17-89a0-b5be16ce0812,90,gcr-global-competition-review-turf-wars-the-threat-of-stand-offs-between-mexico-,2016-08-01,legacy_id,covered,date_match
en:88,en,88,"Von Wobeser y Sierra, S.C. invites you to the Mexico City Global Pound Conference","August, 2016",2016-08,,ef4710ba-3255-4668-9507-29ae732cb170,88,von-wobeser-y-sierra-s-c-invites-you-to-the-mexico-city-global-pound-conference,2016-08-01,legacy_id,covered,date_match
en:86,en,86,Global Competition Review-GCR – Fernando Carreño: Mexican enforcer urges freight industry deregulation.,"August, 2016",2016-08,,b9ac452a-833c-47a7-84dc-9309a312ff6d,86,global-competition-review-gcr-fernando-carreno-mexican-enforcer-urges-freight-in,2016-08-01,legacy_id,covered,date_match
en:84,en,84,"Von Wobeser y Sierra, S.C. is recognized as “Elite” firm in Global Competition Review","August, 2016",2016-08,,ef9eb9b7-fe58-4026-8cf9-e7c1cbe70ea8,84,von-wobeser-y-sierra-s-c-is-recognized-as-elite-firm-in-global-competition-revie,2016-08-01,legacy_id,covered,date_match
en:82,en,82,Fernando Carreño - GCR – Global Competition Review: Mexico’s competition bar,"August, 2016",2016-08,83,7e7fda58-32af-4036-86f6-9eccad41d87e,83,fernando-carreno-gcr-global-competition-review-mexico-s-competition-bar-83,2016-08-01,verified_language_counterpart,covered,date_match
en:80,en,80,"Latin Lawyer –Luis Burgueño, Edmond Grieger, Rodolfo Trampe, Alberto Córdoba y Marisol Márquez : Bain Capital exits car parts maker in Mexico.","August, 2016",2016-08,,465c4ab5-167a-4b00-b5a6-eadd0223e705,80,latin-lawyer-luis-burgueno-edmond-grieger-rodolfo-trampe-alberto-cordoba-y-maris,2016-08-01,legacy_id,covered,date_match
en:78,en,78,"Lex Latin – Luis Burgueño, Edmond Grieger, Rodolfo Trampe, Alberto Córdoba, Marisol Márquez: Von Wobeser y Sierra after acquisition of FTE in Mexico","August, 2016",2016-08,,a9b5d535-77cb-48f5-bfb1-6dbb90d10259,78,lex-latin-luis-burgueno-edmond-grieger-rodolfo-trampe-alberto-cordoba-marisol-ma,2016-08-01,legacy_id,covered,date_match
en:76,en,76,"Latin Lawyer: Luis Burgueño, Rupert Hüttler, Alberto Cordoba: Von Wobeser & Allen Overy steer auto issuance","September, 2016",2016-09,,2f153e40-dbcf-421b-8879-3558e7571867,76,latin-lawyer-luis-burgueno-rupert-huttler-alberto-cordoba-von-wobeser-allen-over,2016-09-01,legacy_id,covered,date_match
en:74,en,74,Latin Lawyer: Fernando Carreño - Antitrust probe targets Cancún airport,"September, 2016",2016-09,,92ac9ccd-c8be-4962-be5f-da76aff36ae2,74,latin-lawyer-fernando-carreno-antitrust-probe-targets-cancun-airport,2016-09-01,legacy_id,covered,date_match
en:72,en,72,Global Investigations Review (GIR 100) - Diego Sierra: The world´s leading investigations practices revealed.,"September, 2016",2016-09,,898b346b-7de4-454f-af79-70a97101461d,72,global-investigations-review-gir-100-diego-sierra-the-world-s-leading-investigat,2016-09-01,legacy_id,covered,date_match
en:70,en,70,"CENACE announces the winners of the Second Long Term Auction for Energy, CELs and Capacity","October, 2016",2016-10,,450ff77f-095e-4340-b099-31aa52212336,70,cenace-announces-the-winners-of-the-second-long-term-auction-for-energy-cels-and,2016-10-01,legacy_id,covered,date_match
en:68,en,68,Arbitral Women in Latin America: Mexico City,"October, 2016",2016-10,,053f72e0-5ec0-4b6a-8026-500e50eea64d,68,arbitral-women-in-latin-america-mexico-city,2016-10-01,legacy_id,covered,date_match
en:66,en,66,"Luis Burgueño, Gloria Martínez, Alberto Córdoba, Jorge Díaz y Marisol Márquez - LexLatin: San Benedetto sold shares in JV with Grupo Peñafiel","October, 2016",2016-10,,4267bd6f-2c5b-4399-b4f9-ce8008d827e8,66,luis-burgueno-gloria-martinez-alberto-cordoba-jorge-diaz-y-marisol-marquez-lexla,2016-10-01,legacy_id,covered,date_match
en:64,en,64,Von Wobeser y Sierra’s Attorneys Sign the IBA Anticorruption Compact,"October, 2016",2016-10,,1c0aedf4-c27d-4bf6-b00c-268e825dc7d7,64,von-wobeser-y-sierra-s-attorneys-sign-the-iba-anticorruption-compact,2016-10-01,legacy_id,covered,date_match
en:62,en,62,IBA Judicial Integrity Initiative: judicial anti-corruption compact,"November, 2016",2016-11,,b7149db0-f5a0-4884-86f9-a75ca200dc2f,62,iba-judicial-integrity-initiative-judicial-anti-corruption-compact,2016-11-01,legacy_id,covered,date_match
en:60,en,60,Potential withdrawal from the North American Free Trade Agreement,"November, 2016",2016-11,,6d1be056-e7ce-4d9a-a9ec-8f8aaca30b54,60,potential-withdrawal-from-the-north-american-free-trade-agreement,2016-11-01,legacy_id,covered,date_match
en:58,en,58,"Fernando Carreño, Edmond Grieger, Luis Miguel Jiménez, Rodolfo Trampe, Pablo Saez Williams, Paloma Alcántara y Manuel Martínez - Latin Lawyer: Global Arbitration Review Constellation snaps up more Modelo assets","November, 2016",2016-11,,a3cf2fd9-c84d-42e0-a4b8-c0eea13be648,58,fernando-carreno-edmond-grieger-luis-miguel-jimenez-rodolfo-trampe-pablo-saez-wi,2016-11-01,legacy_id,covered,date_match
en:56,en,56,Peña Nieto proposes that Head of the Attorney General's Office be appointed by Senate,"December, 2016",2016-12,,9bf45401-5780-4eec-a86f-5408d449ca26,56,pena-nieto-proposes-that-head-of-the-attorney-general-s-office-be-appointed-by-s,2016-12-01,legacy_id,covered,date_match
en:54,en,54,"Adrián Magallanes, Rodrigo Barradas - Global Arbitration Review (GAR) – Enforcement 2016 Mexico.","December, 2016",2016-12,,85649e92-50a4-4196-8458-7940c3599d92,54,adrian-magallanes-rodrigo-barradas-global-arbitration-review-gar-enforcement-201,2016-12-01,legacy_id,covered,date_match
en:52,en,52,Who´s Who Legal recognizes Future Leaders 2017. These are Partners and Non- Partners aged 45 or under who are considered to be the future leaders of the international arbitration.,"December, 2016",2016-12,,efe85edf-18c2-4d4b-8be2-44c6031503c3,52,who-s-who-legal-recognizes-future-leaders-2017-these-are-partners-and-non-partne,2016-12-01,legacy_id,covered,date_match
en:50,en,50,Latin Lawyer - Leading Lights: Von Wobeser y Sierra S.C. Latin American Pro Bono Leader,"December, 2016",2016-12,,f1e534a4-6c8e-4e18-a56c-ee0e8ccec261,50,latin-lawyer-leading-lights-von-wobeser-y-sierra-s-c-latin-american-pro-bono-lea,2016-12-01,legacy_id,covered,date_match
en:48,en,48,"Leader League - Business and Leadership: Institute for Transnational Arbitration (ITA) - Montserrat Manzano, Chair of the Young Arbitrators Initiative (YAI).","December, 2016",2016-12,,a740d55e-983e-493f-b1f6-a5eeacab1b99,48,leader-league-business-and-leadership-institute-for-transnational-arbitration-it,2016-12-01,legacy_id,covered,date_match
en:46,en,46,Energy Regulatory Commission sets forth requirements and grants a time extension to execute interconnection agreements for permit holders under the previous legal electricity framework.,"December, 2016",2016-12,,e4fce872-f513-475a-b65c-2188b444a516,46,energy-regulatory-commission-sets-forth-requirements-and-grants-a-time-extension,2016-12-01,legacy_id,covered,date_match
en:44,en,44,"ICC- International Chamber of Commerce: ICC Mexico Mediation Committee, Alexandra von Wobeser.","December, 2016",2016-12,,487293ee-b268-4e1e-9935-c076317d1dd5,44,icc-international-chamber-of-commerce-icc-mexico-mediation-committee-alexandra-v,2016-12-01,legacy_id,covered,date_match
en:42,en,42,Who´s Who Legal recognizes Partners & Associates of Von Wobeser y Sierra in Who´s Who Legal Mexico,"December, 2016",2016-12,,dd54fb2b-dc66-475c-919f-aa0c76397bf5,42,who-s-who-legal-recognizes-partners-associates-of-von-wobeser-y-sierra-in-who-s-,2016-12-01,legacy_id,covered,date_match
en:40,en,40,Who´s Who Legal recognizes Partners & Lawyers at Von Wobeser y Sierra,"December, 2016",2016-12,,6ed95b34-e257-4735-aa6d-b991d7b66df7,40,who-s-who-legal-recognizes-partners-lawyers-at-von-wobeser-y-sierra,2016-12-01,legacy_id,covered,date_match
en:38,en,38,Latin Lawyer – Fernando Carreño – Post closing tax liabilities among the gratest challenges for M&A deals.,"December, 2016",2016-12,,602323d1-91d0-41f8-b21e-b7bd47eb1583,38,latin-lawyer-fernando-carreno-post-closing-tax-liabilities-among-the-gratest-cha,2016-12-01,legacy_id,covered,date_match
en:36,en,36,"Latin Lawyer – Andrés Nieto, Rodolfo Trampe, Edmond Grieger y Alberto Córdoba – Prince International acquires chemical company.","January, 2017",2017-01,,f97e4d8d-53f7-4938-814d-b9a5fdfff854,36,latin-lawyer-andres-nieto-rodolfo-trampe-edmond-grieger-y-alberto-cordoba-prince,2017-01-01,legacy_id,covered,date_match
en:34,en,34,"Latin Lawyer – Claus von Wobeser, Rupert Hüttler, Diego Sierra, Javier Lizardi, Rodolfo Trampe, Gibrán Castañeda, Alejandro González, Claudia Díaz – Corvaglia ends shareholder dispute, ups control of Mexico arm.","January, 2017",2017-01,,2e8fac33-77d7-46bf-91a5-a65832dba0b5,34,latin-lawyer-claus-von-wobeser-rupert-huttler-diego-sierra-javier-lizardi-rodolf,2017-01-01,legacy_id,covered,date_match
en:32,en,32,Principal Changes to Tax Provisions for 2017,"January, 2017",2017-01,,40ea2e53-623e-4b28-a707-36a4db19bde2,32,principal-changes-to-tax-provisions-for-2017,2017-01-01,legacy_id,covered,date_match
en:30,en,30,Client Communication: Personal data protection in Mexico,"February, 2017",2017-02,,d3e383f8-328f-4bab-b426-a3db2c3acebb,30,client-communication-personal-data-protection-in-mexico,2017-02-01,legacy_id,covered,date_match
en:28,en,28,"Montserrat Manzano - YAI Talks Miami: Conquering new grounds, the Finance and Banking Industry.","February, 2017",2017-02,,50bf9adf-1ff2-4657-ad77-149f4d82de6b,28,montserrat-manzano-yai-talks-miami-conquering-new-grounds-the-finance-and-bankin,2017-02-01,legacy_id,covered,date_match
en:26,en,26,Constitutional labor reform,"February, 2017",2017-02,,7a884885-94a7-4129-b4dc-8908b5ab2ca2,26,constitutional-labor-reform,2017-02-01,legacy_id,covered,date_match
en:24,en,24,Global Competition Review (GCR) – Mexico pursues first criminal action against cartelists – Fernando Carreño,"February, 2017",2017-02,,01a95395-7f4d-41c5-a1a8-859e5cb21695,24,global-competition-review-gcr-mexico-pursues-first-criminal-action-against-carte,2017-02-01,legacy_id,covered,date_match
en:22,en,22,Latin Lawyer – Mexico pursues first criminal action against cartelists – Fernando Carreño,"February, 2017",2017-02,,3bb1071d-573e-4bfc-a773-7986bdf4678e,22,latin-lawyer-mexico-pursues-first-criminal-action-against-cartelists-fernando-ca,2017-02-01,legacy_id,covered,date_match
en:20,en,20,"Lex Latin – Luis Burgueño, Laura Maldonado – Kruger Brown acquire PendaForm in Mexico with the help from four law firms.","February, 2017",2017-02,,dd2766c6-543c-419c-a405-dc0289b9f7d4,20,lex-latin-luis-burgueno-laura-maldonado-kruger-brown-acquire-pendaform-in-mexico,2017-02-01,legacy_id,covered,date_match
en:18,en,18,COFECE finds evidence of anticompetitive practices in two markets,"February, 2017",2017-02,,ac1361b7-6d38-452a-b4b9-faa8d17fe31e,18,cofece-finds-evidence-of-anticompetitive-practices-in-two-markets,2017-02-01,legacy_id,covered,date_match
en:16,en,16,"Latin Lawyer – Fernando Carreño – Two enforcers will review AT&T / Time Warner merger, Mexican court rules.","March, 2017",2017-03,,45cbfa31-375a-43e4-9844-f0f6510c48fc,16,latin-lawyer-fernando-carreno-two-enforcers-will-review-at-t-time-warner-merger-,2017-03-01,legacy_id,covered,date_match
en:14,en,14,"Latin Lawyer – Luis Burgueño, Laura Maldonado – Four firms behind Kruger Brown plastic acquisition.","March, 2017",2017-03,,55e2ccd4-d671-4343-b8ef-be7ed745c2a8,14,latin-lawyer-luis-burgueno-laura-maldonado-four-firms-behind-kruger-brown-plasti,2017-03-01,legacy_id,covered,date_match
en:12,en,12,"Latin Lawyer – Edmond Grieger, Sofía López – Von Wobeser & Sierra, S.C. generates Modelo renewables PPA","April, 2017",2017-04,,93c1a412-fdcf-451e-895c-cfeb30b88f58,12,latin-lawyer-edmond-grieger-sofia-lopez-von-wobeser-sierra-s-c-generates-modelo-,2017-04-01,legacy_id,covered,date_match
en:10,en,10,"Lex Latin – Edmond Grieger, Sofía López – Von Wobeser & Sierra, S.C. generates Modelo renewables PPA","April, 2017",2017-04,,cb387fca-d3d2-4250-b568-efb66b370078,10,lex-latin-edmond-grieger-sofia-lopez-von-wobeser-sierra-s-c-generates-modelo-ren,2017-04-01,legacy_id,covered,date_match
en:6,en,6,"Edmund Duckwitz, Of Counsel at Von Wobeser y Sierra (Former German Ambassador to Mexico) is elected as President of CAMEXA","May, 2017",2017-05,,f563a1ab-cca6-4607-92fe-52b757e160db,6,edmund-duckwitz-of-counsel-at-von-wobeser-y-sierra-former-german-ambassador-to-m,2017-05-01,legacy_id,covered,date_match
en:4,en,4,"ITAFOR announces 2017 collaborators and among these Montserrat Manzano, Von Wobeser y Sierra Senior Associate, was elected","June, 2017",2017-06,,d53e64f2-3095-47ec-85ad-9cff6d90637a,4,itafor-announces-2017-collaborators-and-among-these-montserrat-manzano-von-wobes,2017-06-01,legacy_id,covered,date_match
en:1,en,1,Special session: “Combating corruption: Interaction and collaboration between Mexican authorities and foreign agencies in complex anti-corruption investigations.”,"June, 2017",2017-06,,b640cb43-c710-4972-9631-cc35138671de,1,special-session-combating-corruption-interaction-and-collaboration-between-mexic,2017-06-01,legacy_id,covered,date_match
es:2054,es,2054,"Medidas administrativas – Eventos relativos a la Copa Mundial FIFA 2026 en la Ciudad de México y en la zona metropolitana de Guadalajara, Jalisco.","Junio, 2026",2026-06,,89097a29-85a9-466e-b5c7-41392870006d,2054,medidas-administrativas-eventos-relativos-a-la-copa-mundial-fifa-2026-en-la-ciud,2026-06-01,legacy_id,covered,date_match
es:2052,es,2052,CFE Adjudica Proyectos Bajo El Esquema Para El Desarrollo Mixto Y Sener Prórroga Plazos De La Segunda Convocatoria Para Permisos De Generación,"Junio, 2026",2026-06,,434cc479-3fa2-4a98-bf3f-df0fa6f555be,2052,cfe-adjudica-proyectos-bajo-el-esquema-para-el-desarrollo-mixto-y-sener-prorroga,2026-06-01,legacy_id,covered,date_match
es:2049,es,2049,Medidas administrativas – Inauguración de la Copa Mundial FIFA 2026 en la Ciudad de México.,"Junio, 2026",2026-06,,578f9cb1-1fc5-4841-9268-5a2bade164e5,2049,medidas-administrativas-inauguracion-de-la-copa-mundial-fifa-2026-en-la-ciudad-d,2026-06-01,legacy_id,covered,date_match
es:2047,es,2047,Nuevos Valores de la UMA vigentes a partir del 1º de febrero de 2026,"Enero, 2026",2026-01,,5da8aeab-f67b-45af-9f1c-caa8021ca590,2047,nuevos-valores-de-la-uma-vigentes-a-partir-del-1-de-febrero-de-2026,2026-01-01,legacy_id,covered,date_match
es:2045,es,2045,"Nuevas Obligaciones para Empleadores: Igualdad de Género, Prevención y erradicación de la Discriminación y la Violencia","Enero, 2026",2026-01,,cb74c451-98c1-4d0d-9db2-1ef337c6bff2,2045,nuevas-obligaciones-para-empleadores-igualdad-de-genero-prevencion-y-erradicacio,2026-01-01,legacy_id,covered,date_match
es:2043,es,2043,Nuevo marco jurídico para impulsar la Economía Circular en México,"Enero, 2026",2026-01,,349549d4-7cc6-4862-a27d-e539539ec55c,2043,nuevo-marco-juridico-para-impulsar-la-economia-circular-en-mexico,2026-01-01,legacy_id,covered,date_match
es:2041,es,2041,"La Comisión Federal de Electricidad Emite los “Lineamientos de los Esquemas para el Desarrollo Mixto de la Empresa Pública del Estado, Comisión Federal de Electricidad”","Febrero, 2026",2026-02,,f63809a5-e678-464c-9252-b493d49aca03,2041,la-comision-federal-de-electricidad-emite-los-lineamientos-de-los-esquemas-para-,2026-02-01,legacy_id,covered,date_match
es:2039,es,2039,Se otorga un estímulo fiscal mediante crédito fiscal transferible a la producción cinematográfica y audiovisual en México,"Febrero, 2026",2026-02,,017d7a10-306e-4eee-98a0-3d3039bea8f7,2039,se-otorga-un-estimulo-fiscal-mediante-credito-fiscal-transferible-a-la-produccio,2026-02-01,legacy_id,covered,date_match
es:2038,es,2038,Reforma Constitucional: Reducción de la Jornada Laboral.,"Marzo, 2026",2026-03,,59e9ff37-2233-4362-bd5c-4c2e121c15e7,2038,reforma-constitucional-reduccion-de-la-jornada-laboral,2026-03-01,legacy_id,covered,date_match
es:2035,es,2035,Nuevo modelo de contrato de Interconexión y Conexión: cambios estructurales que permiten nuevos esquemas en el sector eléctrico,"Marzo, 2026",2026-03,,ac525602-f256-46ae-8311-4736e5c8a285,2035,nuevo-modelo-de-contrato-de-interconexion-y-conexion-cambios-estructurales-que-p,2026-03-01,legacy_id,covered,date_match
es:2034,es,2034,Oportunidades de inversión en el Sector Eléctrico proyectos de transmisión y transformación - esquemas para el desarrollo mixto,"Abril, 2026",2026-04,,2bba7f29-ca90-47cc-8167-ad10bc5a85b9,2034,oportunidades-de-inversion-en-el-sector-electrico-proyectos-de-transmision-y-tra,2026-04-01,legacy_id,covered,date_match
es:2031,es,2031,Tribunal declara inconstitucional política de Pemex que restringía contratos con empresas en litigio,"Marzo, 2026",2026-03,,f631673c-ed67-4502-9907-5126c5966791,2031,tribunal-declara-inconstitucional-politica-de-pemex-que-restringia-contratos-con,2026-03-01,legacy_id,covered,date_match
es:2029,es,2029,Client Alert: Reforma al Reglamento de la Ley Antilavado (LFPIORPI),"Marzo, 2026",2026-03,,d9b9e480-a057-48cc-8ba3-530af50416b5,2029,client-alert-reforma-al-reglamento-de-la-ley-antilavado-lfpiorpi,2026-03-01,legacy_id,covered,date_match
es:2027,es,2027,"México emite nuevas disposiciones administrativas para los mecanismos competitivos de CENACE en la adquisición de electricidad, capacidad, servicios conexos, productos asociados y el CENACE publica la primera Convocatoria","Abril, 2026",2026-04,,e9833b55-aadc-4c33-8148-c0770b3f3653,2027,mexico-emite-nuevas-disposiciones-administrativas-para-los-mecanismos-competitiv,2026-04-01,legacy_id,covered,date_match
es:2025,es,2025,Bloqueo de Cuentas por UIF Constitucional: La sentencia de la SCJN recuerda a los empresarios que sus programas de cumplimiento son clave para evitar las medidas de la UIF,"Abril, 2026",2026-04,,80ca1abb-8b52-4106-b9b0-9f8fac0c3d56,2025,bloqueo-de-cuentas-por-uif-constitucional-la-sentencia-de-la-scjn-recuerda-a-los,2026-04-01,legacy_id,covered,date_match
es:2022,es,2022,Decreto por el que se reforma el artículo 141 del Código Fiscal de la Federación,"Abril, 2026",2026-04,,407ff722-5940-43f2-922a-9da128218536,2022,decreto-por-el-que-se-reforma-el-articulo-141-del-codigo-fiscal-de-la-federacion,2026-04-01,legacy_id,covered,date_match
es:2021,es,2021,La Secretaría de Energía emite los lineamientos para la Migración Voluntaria de Permisos de Producción Independiente de Energía Eléctrica,"Abril, 2026",2026-04,,8c69f981-22a7-4f04-8bc1-c0bea6881a2d,2021,la-secretaria-de-energia-emite-los-lineamientos-para-la-migracion-voluntaria-de-,2026-04-01,legacy_id,covered,date_match
es:2019,es,2019,Reformas a la Ley Federal de Protección a la Propiedad Industrial,"Abril, 2026",2026-04,,93815070-2eb4-47f0-b0e8-b03d642e1bb1,2019,reformas-a-la-ley-federal-de-proteccion-a-la-propiedad-industrial,2026-04-01,legacy_id,covered,date_match
es:2018,es,2018,Sener emite la Segunda Convocatoria para la atención prioritaria de solicitudes de permisos de generación eléctrica e interconexión al SEN,"Mayo, 2026",2026-05,,b37834dd-42f3-4067-b620-bec9c3821b7c,2018,sener-emite-la-segunda-convocatoria-para-la-atencion-prioritaria-de-solicitudes-,2026-05-01,legacy_id,covered,date_match
es:2016,es,2016,"Client Alert: Reforma a la Ley General en Materia de Desaparición Forzada de Personas, Desaparición Cometida por Particulares y del Sistema Nacional de Búsqueda de Personas (“LDP”); obligación de Interconexión con la Plataforma Única de Identidad (“PUI”)","Abril, 2026",2026-04,,14d94d6b-a3eb-4ac6-a2f7-127c52a1e9f9,2016,client-alert-reforma-a-la-ley-general-en-materia-de-desaparicion-forzada-de-pers,2026-04-01,legacy_id,covered,date_match
es:2013,es,2013,Modificaciones a los Lineamientos Generales para la Expedición de Visas,"Junio, 2026",2026-06,,87984ee1-21ec-45b1-8014-e8e02473f389,2013,modificaciones-a-los-lineamientos-generales-para-la-expedicion-de-visas,2026-06-01,legacy_id,covered,date_match
es:2011,es,2011,Se expide la ley para el fomento de la inversión en infraestructura estratégica para el desarrollo con bienestar,"Abril, 2026",2026-04,,6be67ebb-6f68-4566-8504-5c337c97ea80,2011,se-expide-la-ley-para-el-fomento-de-la-inversion-en-infraestructura-estrategica-,2026-04-01,legacy_id,covered,date_match
es:2009,es,2009,Nuevas disposiciones de la CNE regulan la integración de sistemas de almacenamiento de energía eléctrica al Sistema Eléctrico Nacional,"Abril, 2026",2026-04,,9026f6a2-09f5-4b75-9906-95962d77493f,2009,nuevas-disposiciones-de-la-cne-regulan-la-integracion-de-sistemas-de-almacenamie,2026-04-01,legacy_id,covered,date_match
es:2007,es,2007,Publicación del Reglamento de la Ley Federal de Protección a la Propiedad Industrial,"Abril, 2026",2026-04,,fb1545f6-e3e6-46b4-9fff-5e902e9e2779,2007,publicacion-del-reglamento-de-la-ley-federal-de-proteccion-a-la-propiedad-indust,2026-04-01,legacy_id,covered,date_match
es:2005,es,2005,Reforma al Reglamento de Insumos para la Salud,"Mayo, 2026",2026-05,,419f4a63-fc15-4ef6-ae7d-a884779c1554,2005,reforma-al-reglamento-de-insumos-para-la-salud,2026-05-01,legacy_id,covered,date_match
es:2003,es,2003,Plan México — Acciones Inmediatas para la Inversión:,"Mayo, 2026",2026-05,,b90baa98-bd82-4d3b-a891-53faaef837cd,2003,plan-mexico-acciones-inmediatas-para-la-inversion,2026-05-01,legacy_id,covered,date_match
es:2001,es,2001,Impacto en México de la Estrategia Antidrogas 2026 de EUA y el nuevo paradigma de cumplimiento comercial y financiero ligado a seguridad nacional,"Mayo, 2026",2026-05,,ba467993-4ab3-4b85-bd36-26a521944bd4,2001,impacto-en-mexico-de-la-estrategia-antidrogas-2026-de-eua-y-el-nuevo-paradigma-d,2026-05-01,legacy_id,covered,date_match
es:1999,es,1999,SENER emite la Modificación a la Segunda Convocatoria para la atención prioritaria de solicitudes de permisos de generación de energía eléctrica e interconexión al SEN,"Mayo, 2026",2026-05,,5a59e500-a215-41ce-a28d-d3659fd6dff1,1999,sener-emite-la-modificacion-a-la-segunda-convocatoria-para-la-atencion-prioritar,2026-05-01,legacy_id,covered,date_match
es:1998,es,1998,Publicación de la Reforma a la Ley Federal del Trabajo en materia de Reducción a la Jornada Laboral (48 a 40 horas),"Mayo, 2026",2026-05,,aeefb567-9ebe-451e-90a4-893e0418718b,1998,publicacion-de-la-reforma-a-la-ley-federal-del-trabajo-en-materia-de-reduccion-a,2026-05-01,legacy_id,covered,date_match
es:1996,es,1996,México y la Unión Europea firman el Acuerdo Global Modernizado: nuevo régimen de protección de inversiones y próximos pasos para su entrada en vigor,"Junio, 2026",2026-06,,33ae9dba-f36e-443e-b586-ee36f35cb797,1996,mexico-y-la-union-europea-firman-el-acuerdo-global-modernizado-nuevo-regimen-de-,2026-06-01,legacy_id,covered,date_match
es:1993,es,1993,"Von Wobeser fortalece sus prácticas de disputas, competencia económica, fiscal y compliance con el nombramiento de cuatro nuevos socios","Diciembre, 2025",2025-12,,f7527e9b-3b1f-4e4f-bbdd-331c967a1a22,1993,von-wobeser-fortalece-sus-practicas-de-disputas-competencia-economica-fiscal-y-c,2025-12-01,legacy_id,covered,date_match
es:1991,es,1991,Von Wobeser y Sierra completa transición a sus nuevas oficinas: una inversión estratégica en el futuro de la firma,"Noviembre, 2025",2025-11,,d2483fe5-7b42-4725-bf39-c888f5abc37d,1991,von-wobeser-y-sierra-completa-transicion-a-sus-nuevas-oficinas-una-inversion-est,2025-11-01,legacy_id,covered,date_match
es:1987,es,1987,"Nueva Ley de Adquisiciones, Arrendamientos y Servicios del Sector Público.","Mayo, 2025",2025-05,,0c9112d3-5199-415e-a3ab-ceed87c4e227,1987,nueva-ley-de-adquisiciones-arrendamientos-y-servicios-del-sector-publico,2025-05-01,legacy_id,covered,date_match
es:1985,es,1985,Actualizaciones Regulatorias en el Sector de Hidrocarburos,"Julio, 2025",2025-07,,58f2be9c-9298-4a84-b2eb-a80391bf5070,1985,actualizaciones-regulatorias-en-el-sector-de,2025-07-01,legacy_id,covered,date_match
es:1983,es,1983,Ley Silla - Disposiciones sobre los factores de Riesgo de Trabajo,"Julio, 2025",2025-07,,141c8f8e-30a8-4553-a556-8916e5a4fdba,1983,ley-silla-disposiciones-sobre-los-factores-de,2025-07-01,legacy_id,covered,date_match
es:1981,es,1981,Flash News: Reforma a la Ley Antilavado (LFPIORPI) y Código Penal Federal,"Julio, 2025",2025-07,,ea1006ea-aeb2-40bd-b86a-e672e9a6c567,1981,flash-news-reforma-a-la-ley-antilavado-lfpiorpi-y-codigo-penal-federal,2025-07-01,legacy_id,covered,date_match
es:1979,es,1979,Se reanudan actividades: se publican plazos y términos oficiales de la Comisión Nacional de Energía,"Junio, 2025",2025-06,,a2054554-191d-439e-ae93-50e166e2fe11,1979,se-reanudan-actividades-se-publican-plazos-y-terminos-oficiales-de-la-comision-n,2025-06-01,legacy_id,covered,date_match
es:1977,es,1977,Simplificación y mejora regulatoria de trámites en materia de PLD,"Junio, 2025",2025-06,,c3fc99f2-ff4c-4387-abd6-d790f7b26a7c,1977,simplificacion-y-mejora-regulatoria-de,2025-06-01,legacy_id,covered,date_match
es:1975,es,1975,Se publica iniciativa de reforma a la Ley Federal de Competencia Económica,"Abril, 2025",2025-04,,7cfc561e-3662-47be-aaa3-2ddeaaddf149,1975,se-publica-iniciativa-de-reforma-a-la-ley,2025-04-01,legacy_id,covered,date_match
es:1973,es,1973,Nueva Declaración Informativa sobre Ocupación de Inmuebles Habitacionales en la Ciudad de México,"Abril, 2025",2025-04,,1d71da1b-f62b-4306-ab2e-316272415c17,1973,nueva-declaracion-informativa-sobre,2025-04-01,legacy_id,covered,date_match
es:1971,es,1971,Nuevas Leyes en materia de Transparencia y Protección de Datos Personales en México,"Marzo, 2025",2025-03,,208f791b-7acb-4874-bdf4-29c2bb72a659,1971,nuevas-leyes-en-materia-de,2025-03-01,legacy_id,covered,date_match
es:1969,es,1969,Criterio emitido por el Instituto del Fondo Nacional de la Vivienda para los Trabajadores respecto de la Reforma al Artículo 29 de la Ley del INFONAVIT,"Marzo, 2025",2025-03,1970,97c59e33-0043-49f6-87d8-2ca5fad7d84f,1970,criterio-emitido-por-el-instituto-del,2025-03-01,verified_language_counterpart,covered,date_match
es:1967,es,1967,Nuevas Leyes Secundarias para el Sector Eléctrico (Segunda Parte),"Marzo, 2025",2025-03,,238873f6-31e5-4b53-9526-2e23b4012653,1967,nuevas-leyes-secundarias-para-el-sector,2025-03-01,legacy_id,covered,date_match
es:1965,es,1965,Implicaciones Fiscales de las Recientes Invitaciones del SAT sobre Subcontratación Y REPSE,"Marzo, 2025",2025-03,,f7065f97-30c1-4ccf-a67e-99ad8404a02d,1965,implicaciones-fiscales-de-las-recientes,2025-03-01,legacy_id,covered,date_match
es:1963,es,1963,Entran en vigor Disposiciones para la integración de Sistemas de Almacenamiento de Energía Eléctrica al Sistema Eléctrico Nacional.,"Marzo, 2025",2025-03,,ddf693b2-43c4-4891-9920-702dff51a66a,1963,entran-en-vigor-disposiciones-para-la,2025-03-01,legacy_id,covered,date_match
es:1962,es,1962,Reforma sobre Ley de Obras Públicas y Servicios Relacionados con las Mismas,"Mayo, 2025",2025-05,,3edb0939-7fbf-4a7a-ab6f-e69a4390dd6f,1962,reforma-sobre-ley-de-obras-publicas-y-servicios-relacionados-con-las-mismas,2025-05-01,legacy_id,covered,date_match
es:1960,es,1960,Se Otorgan Estímulos Fiscales a Contribuyentes que Operen dentro de los Polos de Desarrollo Económico para el Bienestar,"Mayo, 2025",2025-05,1959,1fee1bd7-0e6f-4ca3-b081-68dec64581f0,1959,tax-incentives-granted-to-taxpayers-operating-within-the-economic-development-hu,2025-05-01,verified_language_counterpart,covered,date_match
es:1957,es,1957,Nuevas Leyes Secundarias Modifican el Sector Energético en México,"Marzo, 2025",2025-03,,189aeb89-a442-43ba-b643-e593623c6e96,1957,nuevas-leyes-secundarias-modifican-el,2025-03-01,legacy_id,covered,date_match
es:1955,es,1955,Iniciativa de Nuevas Leyes Secundarias para el Sector De Hidrocarburos,"Febrero, 2025",2025-02,,cd3bd427-d754-43b8-ac98-d581800092c3,1955,iniciativa-de-nuevas-leyes-secundarias-para-el-sector-de-hidrocarburos,2025-02-01,legacy_id,covered,date_match
es:1953,es,1953,Publicación de Criterio sobre Responsabilidad Penal de Personas Morales.,"Febrero, 2025",2025-02,,fa066d4b-e4be-4395-b3e7-ba2ea8662b32,1953,publicacion-de-criterio-sobre,2025-02-01,legacy_id,covered,date_match
es:1951,es,1951,Se publica iniciativa de Ley Federal Antimonopolio y de Competencia Económica,"Febrero, 2025",2025-02,,1cc587ad-d339-45c2-9ae3-59a0027f81aa,1951,se-publica-iniciativa-de-ley-federal-antimonopolio-y-de-competencia-economica,2025-02-01,legacy_id,covered,date_match
es:1950,es,1950,SAT aumenta verificaciones de domicilio que pueden derivar en restricción de sellos digitales,"Agosto, 2024",2024-08,,78119f43-4506-4b0e-a916-b32d59de3401,1950,sat-aumenta-verificaciones-de-domicilio-que-pueden-derivar-en-restriccion-de-sel,2024-08-01,legacy_id,covered,date_match
es:1948,es,1948,En memoria de Rodolfo Trampe,"Noviembre, 2024",2024-11,,63d0fd10-807e-4c3e-8bde-c05aefffaf33,1948,en-memoria-de-rodolfo-trampe,2024-11-01,legacy_id,covered,date_match
es:1945,es,1945,Reforma para Ampliar Delitos con Prisión Preventiva Oficiosa,"Noviembre, 2024",2024-11,,92d252ab-946b-4fa4-b647-eddffeba24d9,1945,reforma-para-ampliar-delitos-con-prision-preventiva-oficiosa-2,2024-11-01,legacy_id,covered,date_match
es:1944,es,1944,Von Wobeser y Sierra reconocido en GIR 100 2024,"Diciembre, 2024",2024-12,,e77b318a-4d49-42ee-b4af-52166fdbad33,1944,von-wobeser-y-sierra-reconocido-en-gir-100-2024,2024-12-01,legacy_id,covered,date_match
es:1941,es,1941,Decreto de estímulos fiscales publicado el 21 de enero de 2025,"Enero, 2025",2025-01,,d2b19620-6eed-4a6d-a044-2f3902482741,1941,decreto-de-estimulos-fiscales-publicado-el-21-de-enero-de-2025,2025-01-01,legacy_id,covered,date_match
es:1939,es,1939,Flexibilización de la prohibición de importación temporal de textiles y confecciones bajo programas IMMEX,"Enero, 2025",2025-01,,511b1b18-e06c-4ade-b955-768b42f5bb8e,1939,flexibilizacion-de-la-prohibicion-de,2025-01-01,legacy_id,covered,date_match
es:1937,es,1937,Reforma Laboral en materia de Trabajo en Plataformas Digitales,"Enero, 2025",2025-01,,242eccd7-8db8-4e4d-99ab-a035fccdf591,1937,reforma-laboral-en-materia-de-trabajo,2025-01-01,legacy_id,covered,date_match
es:1935,es,1935,Propuesta de Servicios Legales y de Cumplimiento: Preparación frente a las Regulaciones OFAC y la Designación de Cárteles como Organizaciones Terroristas,"Enero, 2025",2025-01,,b5dcec5e-c153-4ee6-8e23-da458e1a39f8,1935,propuesta-de-servicios-legales-y-de,2025-01-01,legacy_id,covered,date_match
es:1933,es,1933,Nuevos Valores de la UMA vigentes a partir del 1º de febrero de 2025,"Enero, 2025",2025-01,,7cfcec9f-6f61-4260-87d4-5f1539e03564,1933,nuevos-valores-de-la-uma-vigentes-a,2025-01-01,legacy_id,covered,date_match
es:1932,es,1932,Von Wobeser y Sierra anuncia transición de liderazgo y cambios en su Comité Ejecutivo,"Febrero, 2025",2025-02,,1a5f44d8-e213-4aa2-8a0e-593ecf4b80eb,1932,von-wobeser-y-sierra-anuncia-transicion-de-liderazgo-y-cambios-en-su-comite-ejec,2025-02-01,legacy_id,covered,date_match
es:1930,es,1930,México expresa a la ONU posición restrictiva sobre uso de la fuerza en territorio extranjero,"Febrero, 2025",2025-02,,30af31ac-2a9f-4988-aacd-fd857a3fe8a2,1930,mexico-expresa-a-la-onu-posicion,2025-02-01,legacy_id,covered,date_match
es:1927,es,1927,Nuevos salarios mínimos a partir del 1° de enero de 2025,"Enero, 2025",2025-01,,5a7e0fe2-0d8a-4175-be4f-aabea56862fa,1927,nuevos-salarios-minimos-a-partir-del-1,2025-01-01,legacy_id,covered,date_match
es:1925,es,1925,Paquete Económico 2025,"Noviembre, 2024",2024-11,,ead776ec-acb1-4d40-859a-d345a7279f81,1925,paquete-economico-2025,2024-11-01,legacy_id,covered,date_match
es:1923,es,1923,Von Wobeser y Sierra fortalece su práctica Fiscal con la integración del consejero Eric Palacios,"Agosto, 2024",2024-08,,846caeee-180f-410d-a30d-1aca72e000db,1923,von-wobeser-y-sierra-fortalece-su-practica-fiscal-con-la-integracion-del-conseje,2024-08-01,legacy_id,covered,date_match
es:1921,es,1921,TD Bank: Lecciones sobre la Importancia de Controles Eficientes en la Prevención de Lavado de Dinero,"Octubre, 2024",2024-10,,76719534-72ba-4bc8-b10d-014ffc7b35f7,1921,td-bank-lecciones-sobre-la-importancia-de-controles-eficientes-en-la-prevencion-,2024-10-01,legacy_id,covered,date_match
es:1919,es,1919,Reforma Constitucional en materia de derechos de Comunidades Indígenas y Afromexicanas,"Octubre, 2024",2024-10,,e80a4b18-11f9-41a6-b858-557aca47be07,1919,reforma-constitucional-en-materia-de-derechos-de-comunidades-indigenas-y-afromex,2024-10-01,legacy_id,covered,date_match
es:1917,es,1917,Reforma para Ampliar Delitos con Prisión Preventiva Oficiosa,"Noviembre, 2024",2024-11,,389dd252-10bb-4f71-a21d-0c86239d02a4,1917,reforma-para-ampliar-delitos-con-prision-preventiva-oficiosa,2024-11-01,legacy_id,covered,date_match
es:1915,es,1915,EE. UU. Introduce Nuevas Regulaciones de Banca Abierta (Open Banking),"Noviembre, 2024",2024-11,,ef9c173e-c114-4b24-9a54-526acd6c1fa7,1915,ee-uu-introduce-nuevas-regulaciones-de-banca-abierta-open-banking,2024-11-01,legacy_id,covered,date_match
es:1913,es,1913,"Nueva Reforma Constitucional en Áreas y Empresas Estratégicas (Energía, Ferrocarriles, Telecomunicaciones y Recursos Naturales)","Octubre, 2024",2024-10,,197a2ea1-b9b7-49ab-90d9-671d1f264771,1913,nueva-reforma-constitucional-en-areas-y-empresas-estrategicas-energia-ferrocarri,2024-10-01,legacy_id,covered,date_match
es:1911,es,1911,Propuesta de Reforma a la LFPIORPI y al CPF para Fortalecer la Prevención de Lavado de Dinero y el Financiamiento al Terrorismo,"Octubre, 2024",2024-10,,ff4ea0b6-481a-43d2-9aac-c790ca47c8fd,1911,propuesta-de-reforma-a-la-lfpiorpi-y,2024-10-01,legacy_id,covered,date_match
es:1909,es,1909,Nuevas disposiciones para la infraestructura de recarga de vehículos eléctricos en México,"Octubre, 2024",2024-10,,149d7977-7aaa-483f-adc4-f63f381f6266,1909,nuevas-disposiciones-para-la-infraestructura-de-recarga-de-vehiculos-electricos-,2024-10-01,legacy_id,covered,date_match
es:1907,es,1907,Importante precedente en relación con la deducción de erogaciones por concepto de gastos de urbanización e infraestructura como gasto del ejercicio y no como costo de ventas,"Septiembre, 2024",2024-09,,29d7d601-0f07-42a6-b43d-d1718f1b1620,1907,importante-precedente-en-relacion-con-la-deduccion-de-erogaciones-por-concepto-d,2024-09-01,legacy_id,covered,date_match
es:1905,es,1905,1º de octubre: Día de descanso obligatorio,"Septiembre, 2024",2024-09,,143a9f71-d822-4ee7-8e63-aaa6b314b68d,1905,1-de-octubre-dia-de-descanso-obligatorio,2024-09-01,legacy_id,covered,date_match
es:1903,es,1903,Importante precedente para evitar la cancelación de sellos digitales,"Septiembre, 2024",2024-09,,b00297ac-0580-4247-b8c7-bb40764c6064,1903,importante-precedente-para-evitar-la-cancelacion-de-sellos-digitales,2024-09-01,legacy_id,covered,date_match
es:1901,es,1901,Publicación de lineamientos del buzón del Instituto Mexicano del Seguro Social,"Agosto, 2024",2024-08,,ab5c568f-b628-4e33-97ae-08baf5f99ff2,1901,publicacion-de-lineamientos-del-buzon-del-instituto-mexicano-del-seguro-social,2024-08-01,legacy_id,covered,date_match
es:1894,es,1894,Grupak de México adquiere lgsapack para la autosuficiencia eléctrica,"Agosto, 2024",2024-08,,99669cf6-f5cb-4e3f-9ff6-11edb06353b6,1894,grupak-de-mexico-adquiere-lgsapack-para-la-autosuficiencia-electrica,2024-08-01,legacy_id,covered,date_match
es:1888,es,1888,IMSS: Integración del salario base de cotización por pago de alimentos y habitación,"Julio, 2024",2024-07,,124670e0-37b6-47c0-822e-7a2fb2ba444a,1888,imss-integracion-del-salario-base-de-cotizacion-por-pago-de-alimentos-y-habitaci,2024-07-01,legacy_id,covered,date_match
es:1886,es,1886,COFECE publica lineamientos para el uso de medios electrónicos en sus procedimientos,"Marzo, 2023",2023-03,,fbba13df-f5a7-4aab-9479-59064830a006,1886,cofece-publica-lineamientos-para-el-uso-de-medios-electronicos-en-sus-procedimie,2023-03-01,legacy_id,covered,date_match
es:1884,es,1884,La restricción a la venta de productos con grasas trans ya está en vigor,"Septiembre, 2023",2023-09,,9828a138-3358-4ec8-ad46-fab27339b60d,1884,la-restriccion-a-la-venta-de-productos-con-grasas-trans-ya-esta-en-vigor,2023-09-01,legacy_id,covered,date_match
es:1882,es,1882,Uso de Medios Electrónicos para la Celebración de Asambleas de Socios y Accionistas,"Septiembre, 2023",2023-09,,d6038178-cdc1-48f0-8356-fc0b21942bd8,1882,uso-de-medios-electronicos-para-la-celebracion-de-asambleas-de-socios-y-accionis,2023-09-01,legacy_id,covered,date_match
es:1878,es,1878,Investigación en Materia de Competencia Económica en el Mercado de la Comercialización de Avisos Inmobiliarios Clasificados,"Octubre, 2023",2023-10,,cbf21e71-04dc-4a21-8dd2-0e2f2ed78cf1,1878,investigacion-en-materia-de-competencia-economica-en-el-mercado-de-la-comerciali,2023-10-01,legacy_id,covered,date_match
es:1876,es,1876,Se otorgan importantes estímulos fiscales a sectores clave de la industria de manufactura para la exportación,"Octubre, 2023",2023-10,,0af3f04d-df69-419a-a397-f16b6df9ab14,1876,se-otorgan-importantes-estimulos-fiscales-a-sectores-clave-de-la-industria-de-ma,2023-10-01,legacy_id,covered,date_match
es:1875,es,1875,Nuevas Directrices del SAT en relación con el CFDI,"Octubre, 2023",2023-10,,4ae438d5-503a-4c9b-a60a-92c09c794404,1875,nuevas-directrices-del-sat-en-relacion-con-el-cfdi,2023-10-01,legacy_id,covered,date_match
es:1873,es,1873,Decreto – Beneficios fiscales a los contribuyentes de las zonas afectadas del estado de Guerrero,"Octubre, 2023",2023-10,,30d363f6-3a50-4ce1-b026-fc3207a0ff3f,1873,decreto-beneficios-fiscales-a-los-contribuyentes-de-las-zonas-afectadas-del-esta,2023-10-01,legacy_id,covered,date_match
es:1871,es,1871,Próxima entrada en vigor de la NOM-037,"Noviembre, 2023",2023-11,,9f1931d3-4964-4ebe-a8b8-3fb4dd01e81e,1871,proxima-entrada-en-vigor-de-la-nom-037,2023-11-01,legacy_id,covered,date_match
es:1869,es,1869,Reporte BEPS – Acción 14 “Hacer que los mecanismos de Resolución de Controversias sean más Efectivos”,"Noviembre, 2023",2023-11,,d19370fb-796a-44d7-80a5-a44382ca55f4,1869,reporte-beps-accion-14-hacer-que-los-mecanismos-de-resolucion-de-controversias-s,2023-11-01,legacy_id,covered,date_match
es:1867,es,1867,Modificaciones relevantes en leyes fiscales y presupuestarias para 2024,"Noviembre, 2023",2023-11,,e24ba672-756f-4e66-bd81-1a8cd577d025,1867,modificaciones-relevantes-en-leyes-fiscales-y-presupuestarias-para-2024,2023-11-01,legacy_id,covered,date_match
es:1865,es,1865,Reforma en materia de juegos y sorteos,"Noviembre, 2023",2023-11,,6a9d6547-8ca6-4059-9d00-5138715e072b,1865,reforma-en-materia-de-juegos-y-sorteos,2023-11-01,legacy_id,covered,date_match
es:1863,es,1863,Nuevos salarios mínimos a partir del 1o de enero de 2024,"Diciembre, 2023",2023-12,,017842c2-6728-4cce-8fa6-a7fefdf3e88a,1863,nuevos-salarios-minimos-a-partir-del-1o-de-enero-de-2024,2023-12-01,legacy_id,covered,date_match
es:1861,es,1861,Investigación de oficio por barreras a la competencia y libre concurrencia y/o insumos esenciales en el Mercado del Servicio Público de Transporte Ferroviario de Carga,"Enero, 2024",2024-01,,7c560e2f-d537-4915-82dc-290861a233ac,1861,investigacion-de-oficio-por-barreras-a-la-competencia-y-libre-concurrencia-y-o-i,2024-01-01,legacy_id,covered,date_match
es:1859,es,1859,Reforma al Reglamento Interior del Tribunal Federal de Justicia Administrativa,"Febrero, 2024",2024-02,,5425467c-7806-4c3e-941b-61f90a7c74f8,1859,reforma-al-reglamento-interior-del-tribunal-federal-de-justicia-administrativa,2024-02-01,legacy_id,covered,date_match
es:1857,es,1857,La Suprema Corte de Justicia de la Nación confirma amparos en contra de la reciente reforma a la Ley de la Industria Eléctrica,"Febrero, 2024",2024-02,,7beec9d5-9e2e-4295-adf1-ca7516f71510,1857,la-suprema-corte-de-justicia-de-la-nacion-confirma-amparos-en-contra-de-la-recie,2024-02-01,legacy_id,covered,date_match
es:1855,es,1855,Impuesto Predial - Inconstitucionalidad de la fracción IV del Artículo 282 del Código Fiscal de la Ciudad de México,"Febrero, 2024",2024-02,,98b1acbf-1bd5-4238-b202-39b449bd729d,1855,impuesto-predial-inconstitucionalidad-de-la-fraccion-iv-del-articulo-282-del-cod,2024-02-01,legacy_id,covered,date_match
es:1853,es,1853,Renovaciones REPSE 2024,"Febrero, 2024",2024-02,,9414a8d3-1ea4-4357-8a34-b553197b0d7c,1853,renovaciones-repse-2024,2024-02-01,legacy_id,covered,date_match
es:1851,es,1851,Acuerdo sobre la competencia territorial de las Unidades Administrativas de la PRODECON en materia de acuerdos conclusivos,"Marzo, 2024",2024-03,,cab116c8-dcc1-4837-a53a-eea1cb1fa793,1851,acuerdo-sobre-la-competencia-territorial-de-las-unidades-administrativas-de-la-p,2024-03-01,legacy_id,covered,date_match
es:1849,es,1849,Reforma a la Ley General de Títulos y Operaciones de Crédito y a la Ley General de Organizaciones y Actividades Auxiliares del Crédito,"Abril, 2024",2024-04,,6e3699aa-f2fa-4edb-bb96-79865d31a15a,1849,reforma-a-la-ley-general-de-titulos-y-operaciones-de-credito-y-a-la-ley-general-,2024-04-01,legacy_id,covered,date_match
es:1847,es,1847,La limitación del plazo para cancelar comprobantes fiscales digitales por internet al ejercicio en que se expidan es inconstitucional: Primera Sala,"Abril, 2024",2024-04,,34bd63c2-b4da-4356-8012-9500ba8296a9,1847,la-limitacion-del-plazo-para-cancelar-comprobantes-fiscales-digitales-por-intern,2024-04-01,legacy_id,covered,date_match
es:1845,es,1845,Von Wobeser y Sierra recibe reconocimientos en The Legal 500 Mexico Awards 2024,"Abril, 2024",2024-04,,06e71597-6b34-4c96-873f-edb1df810381,1845,von-wobeser-y-sierra-recibe-reconocimientos-en-the-legal-500-mexico-awards-2024,2024-04-01,legacy_id,covered,date_match
es:1843,es,1843,Instalación del Consejo Nacional de Mecanismos Alternativos de Solución de Controversias,"Junio, 2024",2024-06,,e2cd9d00-a0f6-445d-83fd-58b2f9947a41,1843,instalacion-del-consejo-nacional-de-mecanismos-alternativos-de-solucion-de-contr,2024-06-01,legacy_id,covered,date_match
es:1841,es,1841,Investigación por prácticas monopólicas absolutas en servicios médicos de tamiz metabólico neonatal del sector público en México.,"Junio, 2024",2024-06,,f372271e-9f4d-4da3-bf66-92469e612c9a,1841,investigacion-por-practicas-monopolicas-absolutas-en-servicios-medicos-de-tamiz-,2024-06-01,legacy_id,covered,date_match
es:1839,es,1839,Reforma en materia de trata de personas: Enfoque en la explotación laboral,"Junio, 2024",2024-06,,38415856-76ff-4bb0-b3af-3f8b7b69653d,1839,reforma-en-materia-de-trata-de-personas-enfoque-en-la-explotacion-laboral,2024-06-01,legacy_id,covered,date_match
es:1837,es,1837,"Inconstitucionalidad del artículo 130, fracción I del Código Fiscal de la Ciudad de México vigente en el ejercicio fiscal de 2023.","Junio, 2024",2024-06,,b2711a7b-b5fb-4312-9876-3054a9f95cc3,1837,inconstitucionalidad-del-articulo-130-fraccion-i-del-codigo-fiscal-de-la-ciudad-,2024-06-01,legacy_id,covered,date_match
es:1835,es,1835,Estímulos fiscales importantes en Yucatán,"Julio, 2024",2024-07,,61f4b42e-ad8f-498c-a26e-c2fb0ce8e724,1835,estimulos-fiscales-importantes-en-yucatan,2024-07-01,legacy_id,covered,date_match
es:1802,es,1802,La fecha límite para presentar reclamaciones de inversiones existentes bajo el TLCAN se acerca. Es momento de que los inversionistas evalúen sus opciones,"Enero, 2023",2023-01,,12fbd865-ce33-418a-83b9-423f75e16b05,1802,la-fecha-limite-para-presentar-reclamaciones-de-inversiones-existentes-bajo-el-t,2023-01-01,legacy_id,covered,date_match
es:1800,es,1800,"Von Wobeser y Sierra colabora con Datasaur para lanzar VonBot, un chatbot impulsado por IA","Octubre, 2023",2023-10,,3e5a6166-9ad1-4e0b-bdc8-e8c407f02584,1800,von-wobeser-y-sierra-colabora-con-datasaur-para-lanzar-vonbot-un-chatbot-impulsa,2023-10-01,legacy_id,covered,date_match
es:1798,es,1798,El Sistema de Solicitud Electrónica de Licitaciones y Opiniones (SISELO) de la Comisión Federal de Competencia Económica (COFECE) inicia operaciones,"Septiembre, 2023",2023-09,,9f876181-b431-4e3c-be02-4c984f2e14b4,1798,el-sistema-de-solicitud-electronica-de-licitaciones-y-opiniones-siselo-de-la-com,2023-09-01,legacy_id,covered,date_match
es:1796,es,1796,Se declara terminada la emergencia sanitaria derivada del Covid-19,"Mayo, 2023",2023-05,,69100d3b-2283-49b2-a3ba-dfdcc1055c6e,1796,se-declara-terminada-la-emergencia-sanitaria-derivada-del-covid-19,2023-05-01,legacy_id,covered,date_match
es:1794,es,1794,Nearshoring: beneficios y facilidades para inversiones en el Istmo de Tehuantepec,"Junio, 2023",2023-06,,0f1efca3-31bf-434e-8f17-67aced390567,1794,nearshoring-beneficios-y-facilidades-para-inversiones-en-el-istmo-de-tehuantepec,2023-06-01,legacy_id,covered,date_match
es:1792,es,1792,La CRE emite acuerdo que promueve la regresión de la transición energética,"Junio, 2023",2023-06,,3b7332f7-88c0-4366-a267-a20c37df8a52,1792,la-cre-emite-acuerdo-que-promueve-la-regresion-de-la-transicion-energetica,2023-06-01,legacy_id,covered,date_match
es:1790,es,1790,"Invalidez de la Ley para la Transparencia, Prevención y Combate de Prácticas Indebidas en Materia de Contratación de Publicidad","Junio, 2023",2023-06,,caaaa975-fbb1-41dd-8c8e-40ed8b68a0f5,1790,invalidez-de-la-ley-para-la-transparencia-prevencion-y-combate-de-practicas-inde,2023-06-01,legacy_id,covered,date_match
es:1788,es,1788,"NOM-037, sobre Teletrabajo - Condiciones de Seguridad y Salud en el Trabajo","Junio, 2023",2023-06,,7ba693c6-5763-43c8-8b88-1532f5dc1a3e,1788,nom-037-sobre-teletrabajo-condiciones-de-seguridad-y-salud-en-el-trabajo,2023-06-01,legacy_id,covered,date_match
es:1786,es,1786,Prohibición de la importación de bienes producidos con Trabajo Forzoso,"Mayo, 2023",2023-05,,6265b966-7523-4c28-be92-e60c9394fd09,1786,prohibicion-de-la-importacion-de-bienes-producidos-con-trabajo-forzoso,2023-05-01,legacy_id,covered,date_match
es:1780,es,1780,Iniciativa de reforma integral que impacta a la Industria Minera Mexicana,"Marzo, 2023",2023-03,,21b6b3f0-95cb-438f-82d5-154acd970002,1780,iniciativa-de-reforma-integral-que-impacta-a-la-industria-minera-mexicana,2023-03-01,legacy_id,covered,date_match
es:1778,es,1778,Plazos y términos legales de la Comisión Reguladora de Energía se reanudan,"Marzo, 2023",2023-03,,77417093-af03-43e6-afed-01529529c62e,1778,plazos-y-terminos-legales-de-la-comision-reguladora-de-energia-se-reanudan,2023-03-01,legacy_id,covered,date_match
es:1776,es,1776,Entrada en vigor de la Reforma al Reglamento de la Ley General para el Control del Tabaco,"Enero, 2023",2023-01,,97523686-908f-4bcf-b893-8e15161f159c,1776,entrada-en-vigor-de-la-reforma-al-reglamento-de-la-ley-general-para-el-control-d,2023-01-01,legacy_id,covered,date_match
es:1774,es,1774,Modificaciones a las disposiciones del REPSE,"Febrero, 2023",2023-02,,530cac47-9c5c-4111-a1a2-f85b3bad4dce,1774,modificaciones-a-las-disposiciones-del-repse,2023-02-01,legacy_id,covered,date_match
es:1772,es,1772,Von Wobeser y Sierra ha sido reconocido por Chambers and Partners Global 2023,"Febrero, 2023",2023-02,,e25ac12b-e9a2-4e09-8088-d6d970d68b19,1772,von-wobeser-y-sierra-ha-sido-reconocido-por-chambers-and-partners-global-2023,2023-02-01,legacy_id,covered,date_match
es:1770,es,1770,Chambers: Litigation 2023 Mexico Guide,"Enero, 2023",2023-01,,51412a32-0ab0-41f2-8bc5-641a4b899573,1770,chambers-litigation-2023-mexico-guide-2,2023-01-01,legacy_id,covered,date_match
es:1768,es,1768,Von Wobeser y Sierra reconocido como Pro Bono Leading Light 2022,"Enero, 2023",2023-01,,b1fe1c55-c8cd-49cd-9b5b-f54b000db016,1768,von-wobeser-y-sierra-reconocido-como-pro-bono-leading-light-2022,2023-01-01,legacy_id,covered,date_match
es:1766,es,1766,Nuevos valores de la UMA vigentes a partir del 1º de febrero de 2023,"Enero, 2023",2023-01,,f6d65f65-12ba-4a07-952e-3652cb627210,1766,nuevos-valores-de-la-uma-vigentes-a-partir-del-1-de-febrero-de-2023,2023-01-01,legacy_id,covered,date_match
es:1762,es,1762,Nuevos salarios mínimos a partir del 1° de enero de 2023,"Diciembre, 2022",2022-12,,22436601-17ff-496a-a8ba-cd54e5e134a7,1762,nuevos-salarios-minimos-a-partir-del-1-de-enero-de-2023,2022-12-01,legacy_id,covered,date_match
es:1760,es,1760,Regulación del Mercado de Cripto-Activos en la Unión Europea (MiCA),"Noviembre, 2022",2022-11,,c3a57277-02b2-43f7-a1bb-94c487df4c6e,1760,regulacion-del-mercado-de-cripto-activos-en-la-union-europea-mica,2022-11-01,legacy_id,covered,date_match
es:1758,es,1758,Nuevos Lineamientos ante Covid-19,"Octubre, 2022",2022-10,,2e8a87ed-13d1-4063-a3dd-be2fffd66846,1758,nuevos-lineamientos-ante-covid-19,2022-10-01,legacy_id,covered,date_match
es:1754,es,1754,Modificaciones de las disposiciones fiscales para el Ejercicio Fiscal de 2023,"Septiembre, 2022",2022-09,,1a03fefd-c4b9-4863-8600-b358ad7a9047,1754,modificaciones-de-las-disposiciones-fiscales-para-el-ejercicio-fiscal-de-2023,2022-09-01,legacy_id,covered,date_match
es:1752,es,1752,Mexico: New District Courts in bankruptcy matters,"Septiembre, 2022",2022-09,,49cb1584-d6f7-4720-9bee-45ddfb662771,1752,mexico-new-district-courts-in-bankruptcy-matters-2,2022-09-01,legacy_id,covered,date_match
es:1750,es,1750,"“Litio para México”, el nuevo organismo público descentralizado","Agosto, 2022",2022-08,,03bb669a-fd0a-4770-a168-856359cd4dd2,1750,litio-para-mexico-el-nuevo-organismo-publico-descentralizado,2022-08-01,legacy_id,covered,date_match
es:1746,es,1746,Proyecto de NOM sobre Teletrabajo – Condiciones de Seguridad y Salud,"Julio, 2022",2022-07,,21d0e47b-f772-451e-90ac-a60e9c5d2485,1746,proyecto-de-nom-sobre-teletrabajo-condiciones-de-seguridad-y-salud,2022-07-01,legacy_id,covered,date_match
es:1744,es,1744,Medidas transitorias frente a sequías severas en México,"Julio, 2022",2022-07,,84c6c2b4-9be2-4574-ab92-4bc80caf5ff2,1744,medidas-transitorias-frente-a-sequias-severas-en-mexico,2022-07-01,legacy_id,covered,date_match
es:1742,es,1742,Se aplaza entrada en vigor de reforma laboral,"Mayo, 2022",2022-05,,d50bc1d0-6cdf-4d2a-861a-d8eae71d360a,1742,se-aplaza-entrada-en-vigor-de-reforma-laboral,2022-05-01,legacy_id,covered,date_match
es:1740,es,1740,Informe Energía 360 | El riesgo de no ser sostenible,"Abril, 2022",2022-04,,f1d6dcf3-e8cf-45dc-9cc7-c8a6d443df27,1740,informe-energia-360-el-riesgo-de-no-ser-sostenible-2,2022-04-01,legacy_id,covered,date_match
es:1738,es,1738,"Después de cuatro años, Monex compra participación restante en Arrendadora Avance","Mayo, 2022",2022-05,,ff4a1f20-653d-479f-a29a-b424697a9658,1738,despues-de-cuatro-anos-monex-compra-participacion-restante-en-arrendadora-avance-2,2022-05-01,legacy_id,covered,date_match
es:1735,es,1735,"Con sus recientes adquisiciones, Clayton, Dubilier & Rice se convierte en el fabricante de etiquetas más grande del mundo","Mayo, 2022",2022-05,,2df3ccda-e189-4b72-8b5d-0ec4bac7540b,1735,con-sus-recientes-adquisiciones-clayton-dubilier-rice-se-convierte-en-el-fabrica-2,2022-05-01,legacy_id,covered,date_match
es:1733,es,1733,Criterios ESG en los arbitrajes: ¿Cómo funcionan los Dispute Boards?,"Mayo, 2022",2022-05,,0e74b683-1610-469d-be7c-27bd79a155a0,1733,criterios-esg-en-los-arbitrajes-como-funcionan-los-dispute-boards-2,2022-05-01,legacy_id,covered,date_match
es:1731,es,1731,US private equity group buys Mexican label maker assets,"Abril, 2022",2022-04,,3ca5c635-81e5-4e39-b83d-a1d1e48e5f96,1731,us-private-equity-group-buys-mexican-label-maker-assets-2,2022-04-01,legacy_id,covered,date_match
es:1729,es,1729,"Limitarían, aún más, a generadores de IP","Mayo, 2022",2022-05,,f066c684-ef51-49c0-8caf-8279159b0f8f,1729,limitarian-aun-mas-a-generadores-de-ip-2,2022-05-01,legacy_id,covered,date_match
es:1727,es,1727,Tienen empresas opciones de suministro eléctrico barato,"Abril, 2022",2022-04,,7462f0fc-91ce-47b7-a32e-d50de2e23f82,1727,tienen-empresas-opciones-de-suministro-electrico-barato-2,2022-04-01,legacy_id,covered,date_match
es:1723,es,1723,Nuevas reglas que impactan a la operación de empresas con programas IMMEX y PROSEC,"Mayo, 2022",2022-05,,ebf2def2-085a-4c10-9a6d-4a0bb8431979,1723,nuevas-reglas-que-impactan-a-la-operacion-de-empresas-con-programas-immex-y-pros,2022-05-01,legacy_id,covered,date_match
es:1720,es,1720,Se declara inconstitucional restricción a largo plazo para que funcionarios públicos trabajen en sector privado,"Abril, 2022",2022-04,,b30c82d1-2c34-437c-a98a-6f8cdb3481d9,1720,se-declara-inconstitucional-restriccion-a-largo-plazo-para-que-funcionarios-publ,2022-04-01,legacy_id,covered,date_match
es:1716,es,1716,Lineamientos para la Sustanciación del Procedimiento de Sanción Administrativa a los Especialistas de Concursos Mercantiles,"Marzo, 2022",2022-03,,41bcab31-f165-4410-a6f6-72fed0ef8e4c,1716,lineamientos-para-la-sustanciacion-del-procedimiento-de-sancion-administrativa-a,2022-03-01,legacy_id,covered,date_match
es:1713,es,1713,Norma oficial mexicana establece nuevos límites permisibles de contaminantes en descargas a aguas de jurisdicción nacional,"Marzo, 2022",2022-03,,ab6d69b7-0598-483f-bd0e-04152cf99ed9,1713,norma-oficial-mexicana-establece-nuevos-limites-permisibles-de-contaminantes-en-,2022-03-01,legacy_id,covered,date_match
es:1711,es,1711,Creación de Juzgados de Distrito en materia de Concursos Mercantiles,"Marzo, 2022",2022-03,,a4b3b9f9-0e04-48fb-8712-1d7d6b21c0e9,1711,creacion-de-juzgados-de-distrito-en-materia-de-concursos-mercantiles,2022-03-01,legacy_id,covered,date_match
es:1709,es,1709,Von Wobeser y Sierra celebra el Día Internacional de la Mujer (DIM),"Marzo, 2022",2022-03,,1c6f145e-2e8a-4c64-849e-63b8faa0d452,1709,von-wobeser-y-sierra-celebra-el-dia-internacional-de-la-mujer-dim,2022-03-01,legacy_id,covered,date_match
es:1706,es,1706,Adhesión a los Principios de Empoderamiento de las Mujeres de ONU Mujeres,"Febrero, 2022",2022-02,,7fdd893d-c043-4efc-a5a6-afe52c861c4f,1706,adhesion-a-los-principios-de-empoderamiento-de-las-mujeres-de-onu-mujeres,2022-02-01,legacy_id,covered,date_match
es:1703,es,1703,La administración Biden lanza la primera Estrategia de Estados Unidos Contra la Corrupción,"Diciembre, 2021",2021-12,,85d95fe0-4002-40b9-97d5-3e49dd035611,1703,la-administracion-biden-lanza-la-primera-estrategia-de-estados-unidos-contra-la-,2021-12-01,legacy_id,covered,date_match
es:1698,es,1698,Von Wobeser y Sierra recognized as a Pro Bono Leading Light,"Febrero, 2022",2022-02,,7331c35f-9415-4f6b-84be-fa7a1738bcdd,1698,von-wobeser-y-sierra-recognized-as-a-pro-bono-leading-light-2,2022-02-01,legacy_id,covered,date_match
es:1691,es,1691,Se “oficializa” la regularización de vehículos extranjeros ubicados ilegalmente en México,"Enero, 2022",2022-01,,5816f967-ddb3-4876-b861-6cf4b048b307,1691,se-oficializa-la-regularizacion-de-vehiculos-extranjeros-ubicados-ilegalmente-en,2022-01-01,legacy_id,covered,date_match
es:1689,es,1689,La Comisión Reguladora de Energía emite el nuevo Código de Red para el Sistema Eléctrico Nacional,"Enero, 2022",2022-01,,c9788145-6324-4dcd-b086-4724445ade7f,1689,la-comision-reguladora-de-energia-emite-el-nuevo-codigo-de-red-para-el-sistema-e,2022-01-01,legacy_id,covered,date_match
es:1686,es,1686,"Fort Dearborn Company, Multi-Color Corporation merge to form world's largest label supplier.","Enero, 2022",2022-01,,c3647288-87c6-4f21-8897-8ded65dd98b1,1686,fort-dearborn-company-multi-color-corporation-merge-to-form-world-s-largest-labe-2,2022-01-01,legacy_id,covered,date_match
es:1685,es,1685,La Comisión Reguladora de Energía modifica los esquemas de generación/suministro de energía eléctrica (Abasto Aislado y Generación Local),"Enero, 2022",2022-01,,fb2edbda-2c66-4e5f-903b-77e88803794a,1685,la-comision-reguladora-de-energia-modifica-los-esquemas-de-generacion-suministro,2022-01-01,legacy_id,covered,date_match
es:1681,es,1681,Von Wobeser y Sierra fortalece su equipo y oferta de servicios integrales con el nombramiento de nuevos socios y consejeros,"Diciembre, 2021",2021-12,,fd6b62e4-fede-43be-879a-2032e099475f,1681,von-wobeser-y-sierra-fortalece-su-equipo-y-oferta-de-servicios-integrales-con-el,2021-12-01,legacy_id,covered,date_match
es:1677,es,1677,Nuevos salarios mínimos a partir del 1º de enero de 2022,"Diciembre, 2021",2021-12,,53d12e76-a1ad-47fc-8e6d-bc67ea5eb236,1677,nuevos-salarios-minimos-a-partir-del-1-de-enero-de-2022,2021-12-01,legacy_id,covered,date_match
es:1673,es,1673,"Von Wobeser y Sierra, S.C. Mejores Lugares para Trabajar LGBTQ+ 2022","Diciembre, 2021",2021-12,,f8e39f1a-b330-48e7-88d6-c75697f705b9,1673,von-wobeser-y-sierra-s-c-mejores-lugares-para-trabajar-lgbtq-2022,2021-12-01,legacy_id,covered,date_match
es:1669,es,1669,Otro precedente judicial hacia la liberalización del cannabis,"Diciembre, 2021",2021-12,,c4c734be-9b47-458f-8f25-0b03f27d329c,1669,otro-precedente-judicial-hacia-la-liberalizacion-del-cannabis,2021-12-01,legacy_id,covered,date_match
es:1667,es,1667,Salarios mínimos 2022,"Diciembre, 2021",2021-12,,5d5952ac-deee-4819-b5c0-1729c86396c7,1667,salarios-minimos-2022,2021-12-01,legacy_id,covered,date_match
es:1665,es,1665,Modificaciones a las disposiciones fiscales para 2022,"Noviembre, 2021",2021-11,,fcf9e26d-bcaf-48fa-a6a3-b3d1177efeca,1665,modificaciones-a-las-disposiciones-fiscales-para-2022,2021-11-01,legacy_id,covered,date_match
es:1660,es,1660,"Alberto Aguilar: Nombres, nombres y... nombres | Sustentabilidad reto a recursos, México largo trecho y Von Wobeser nuevo grupo.","Noviembre, 2021",2021-11,,b9a1d1b0-e7d5-438c-b99a-5a47c4da7775,1660,alberto-aguilar-nombres-nombres-y-nombres-sustentabilidad-reto-a-recursos-mexico,2021-11-01,legacy_id,covered,date_match
es:1659,es,1659,Von Wobeser y Sierra anuncia la creación de un grupo de práctica de ESG,"Agosto, 2021",2021-08,,4ff6aa29-1c0a-45be-8ecd-2c5be152dfaf,1659,von-wobeser-y-sierra-anuncia-la-creacion-de-un-grupo-de-practica-de-esg,2021-08-01,legacy_id,covered,date_match
es:1657,es,1657,Gestión con perspectiva ESG: ¿novedad o necesidad?,"Noviembre, 2021",2021-11,,9a9e1f74-1f2d-4d32-9c00-ccc32f2d14f8,1657,gestion-con-perspectiva-esg-novedad-o-necesidad,2021-11-01,legacy_id,covered,date_match
es:1653,es,1653,Empresas de autopartes podrían pagar más impuesto sobre la renta por su operación de maquila en México,"Noviembre, 2021",2021-11,,5b6681d6-9bb4-40d9-9fea-d2a3d1d27e3c,1653,empresas-de-autopartes-podrian-pagar-mas-impuesto-sobre-la-renta-por-su-operacio,2021-11-01,legacy_id,covered,date_match
es:1645,es,1645,Bases para la importación y regularización de vehículos usados de origen extranjero,"Octubre, 2021",2021-10,,1980f7bf-3242-4dbb-b767-d497bb313d22,1645,bases-para-la-importacion-y-regularizacion-de-vehiculos-usados-de-origen-extranj,2021-10-01,legacy_id,covered,date_match
es:1643,es,1643,Nuevo Juzgado Especializado en Competencia y Telecomunicaciones,"Octubre, 2021",2021-10,,fde0a170-37b1-4a54-a7eb-efe524a77d2b,1643,nuevo-juzgado-especializado-en-competencia-y-telecomunicaciones,2021-10-01,legacy_id,covered,date_match
es:1637,es,1637,Integración de estrategias ESG efectivas para proyectos de energía renovable en México,"Octubre, 2021",2021-10,,2c3a6a9f-779d-4204-91aa-010641b4597b,1637,integracion-de-estrategias-esg-efectivas-para-proyectos-de-energia-renovable-en-,2021-10-01,legacy_id,covered,date_match
es:1631,es,1631,Iniciativa de Reforma Constitucional en Materia Energética,"Octubre, 2021",2021-10,,72ff3af2-9bad-42d3-b572-88518a474016,1631,iniciativa-de-reforma-constitucional-en-materia-energetica,2021-10-01,legacy_id,covered,date_match
es:1629,es,1629,COFECE publica disposiciones para denuncias de la nueva Ley de Contratación de Publicidad,"Septiembre, 2021",2021-09,,29583dd2-a2e1-4202-bf0d-c0ea7bc0ece7,1629,cofece-publica-disposiciones-para-denuncias-de-la-nueva-ley-de-contratacion-de-p,2021-09-01,legacy_id,covered,date_match
es:1625,es,1625,"Líderes Mexicanos: entrevista realizada a nuestro socio fundador Claus Von Wobeser, “Hacer las cosas con pasión”.","Agosto, 2021",2021-08,,679ea479-a60e-4726-9e37-4e56875435dd,1625,lideres-mexicanos-entrevista-realizada-a-nuestro-socio-fundador-claus-von-wobese,2021-08-01,legacy_id,covered,date_match
es:1602,es,1602,Von Wobeser y Sierra lanza grupo de práctica ESG,"Agosto, 2021",2021-08,,89b5ecf7-fbd7-498d-801d-a0eda3818260,1602,von-wobeser-y-sierra-lanza-grupo-de-practica-esg,2021-08-01,legacy_id,covered,date_match
es:1600,es,1600,Conceden prórroga para la implementación de la Reforma en materia de subcontratación,"Agosto, 2021",2021-08,,0ab88716-48cb-4934-af0b-18fd31514317,1600,conceden-prorroga-para-la-implementacion-de-la-reforma-en-materia-de-subcontrata,2021-08-01,legacy_id,covered,date_match
es:1598,es,1598,Arbitral Women: Munia El Harti Alonso se incorpora a Von Wobeser y Sierra como asociada.,"Abril, 2021",2021-04,,fedc2c85-5b2f-4e49-8753-ef5a9acf5309,1598,arbitral-women-munia-el-harti-alonso-se-incorpora-a-von-wobeser-y-sierra-como-as,2021-04-01,legacy_id,covered,date_match
es:1596,es,1596,Se crea la Agencia Nacional de Aduanas de México como nueva autoridad en materia aduanera y fiscal,"Julio, 2021",2021-07,,a6641a66-4ab1-4991-ab2d-f105cd49022c,1596,se-crea-la-agencia-nacional-de-aduanas-de-mexico-como-nueva-autoridad-en-materia,2021-07-01,legacy_id,covered,date_match
es:1594,es,1594,Continúan las medidas restrictivas a los particulares en materia de hidrocarburos y existen argumentos de inconstitucionalidad en su contra,"Julio, 2021",2021-07,,1bfd2103-41db-46ab-b472-b2b5bd333e34,1594,continuan-las-medidas-restrictivas-a-los-particulares-en-materia-de-hidrocarburo,2021-07-01,legacy_id,covered,date_match
es:1592,es,1592,Von Wobeser ayuda al Grupo Modelo a la incorporación de JV software,"Julio, 2021",2021-07,,9d55445f-dbb0-4ab5-815b-439138efd4ec,1592,von-wobeser-ayuda-al-grupo-modelo-a-la-incorporacion-de-jv-software,2021-07-01,legacy_id,covered,date_match
es:1590,es,1590,La Secretaría de Energía publica el nuevo Programa para el Desarrollo del Sistema Eléctrico Nacional,"Julio, 2021",2021-07,,ec9451e3-1177-46a7-8bbc-7e3377196242,1590,la-secretaria-de-energia-publica-el-nuevo-programa-para-el-desarrollo-del-sistem,2021-07-01,legacy_id,covered,date_match
es:1588,es,1588,Von Wobeser ficha a exejecutivo de AB InBev,"Junio, 2021",2021-06,,6fd0f493-3776-499e-bbe9-6bb9a8e35d21,1588,von-wobeser-ficha-a-exejecutivo-de-ab-inbev,2021-06-01,legacy_id,covered,date_match
es:1586,es,1586,Breves Comentarios sobre la nueva Ley de Contratación de Publicidad,"Junio, 2021",2021-06,,1881b024-b92b-4c66-b349-ae70739af8be,1586,breves-comentarios-sobre-la-nueva-ley-de-contratacion-de-publicidad,2021-06-01,legacy_id,covered,date_match
es:1584,es,1584,Ex Director Jurídico de Grupo Modelo se une a Von Wobeser y Sierra como socio,"Junio, 2021",2021-06,,2114bd2b-2bd5-4e79-b471-f4f14e0679ff,1584,ex-director-juridico-de-grupo-modelo-se-une-a-von-wobeser-y-sierra-como-socio,2021-06-01,legacy_id,covered,date_match
es:1581,es,1581,Page Knowledge Base – Pablo Jiménez: ¿Cómo una compañía cervecera nos puede unir cuando estamos alejados?,"Junio, 2020",2020-06,,dfc4473a-03c7-46b5-9712-175e1a145927,1581,page-knowledge-base-pablo-jimenez-como-una-compania-cervecera-nos-puede-unir-cua,2020-06-01,legacy_id,covered,date_match
es:1579,es,1579,"Purpose 360 – Pablo Jiménez: Impulsando una causa con AB InBev, 2020","Mayo, 2020",2020-05,,d3d478ed-0cb4-40ff-aa95-71d0d79f564d,1579,purpose-360-pablo-jimenez-impulsando-una-causa-con-ab-inbev-2020,2020-05-01,legacy_id,covered,date_match
es:1577,es,1577,Pablo Jiménez – Reforma – Agua Capital: por un México con Agua,"Abril, 2018",2018-04,,e007f510-7eab-4c2a-87e7-e513fc9ea8f2,1577,pablo-jimenez-reforma-agua-capital-por-un-mexico-con-agua,2018-04-01,legacy_id,covered,date_match
es:1575,es,1575,"ACC Docket – Pablo Jiménez: Tomando de una fuente: cómo Pablo Jiménez Zorrilla se convirtió en Vicepresidente Legal y de Asuntos Corporativos de AB InBev Middle Americas, 2017","Abril, 2017",2017-04,,c9fe7cf9-9ec9-4989-86bd-b7805b8ab6d7,1575,acc-docket-pablo-jimenez-tomando-de-una-fuente-como-pablo-jimenez-zorrilla-se-co,2017-04-01,legacy_id,covered,date_match
es:1573,es,1573,"Expansión – Pablo Jiménez: Pablo Jiménez, el hombre que ‘defiende’ a Grupo Modelo, 2017","Abril, 2017",2017-04,,5bf12224-41c7-4803-ac79-ee9b0464de0e,1573,expansion-pablo-jimenez-pablo-jimenez-el-hombre-que-defiende-a-grupo-modelo-2017,2017-04-01,legacy_id,covered,date_match
es:1545,es,1545,Se publica en el Diario Oficial de la Federación la suspensión del artículo 57 de la Ley de Hidrocarburos,"Mayo, 2021",2021-05,,428a74f2-b4d9-45a5-84cd-1f0eebb4640b,1545,se-publica-en-el-diario-oficial-de-la-federacion-la-suspension-del-articulo-57-d,2021-05-01,legacy_id,covered,date_match
es:1543,es,1543,Reforma de outsourcing. Lineamientos para el registro de personas físicas o morales que presten servicios especializados o ejecuten obras especializadas,"Mayo, 2021",2021-05,,4c5ca3e5-1da5-4389-9e16-cf780ea6a84c,1543,reforma-de-outsourcing-lineamientos-para-el-registro-de-personas-fisicas-o-moral,2021-05-01,legacy_id,covered,date_match
es:1541,es,1541,Reforma en materia de hidrocarburos es publicada en el Diario Oficial de la Federación,"Mayo, 2021",2021-05,,d3a11c6f-72e4-4eaa-8a0c-99c43548ee51,1541,reforma-en-materia-de-hidrocarburos-es-publicada-en-el-diario-oficial-de-la-fede,2021-05-01,legacy_id,covered,date_match
es:1539,es,1539,La Comisión Federal de Electricidad lanza cuatro licitaciones internacionales para la construcción de centrales de ciclo combinado en México,"Mayo, 2021",2021-05,,fd53603f-6bc2-47c6-aab3-9b0d567db9e0,1539,la-comision-federal-de-electricidad-lanza-cuatro-licitaciones-internacionales-pa,2021-05-01,legacy_id,covered,date_match
es:1537,es,1537,Reforma en materia de subcontratación trae cambios relevantes al mercado laboral en México,"Abril, 2021",2021-04,,4fc7ee76-bbb7-4e31-8c44-37ea172451c8,1537,reforma-en-materia-de-subcontratacion-trae-cambios-relevantes-al-mercado-laboral,2021-04-01,legacy_id,covered,date_match
es:1535,es,1535,Publicación en el DOF del Padrón Nacional de Usuarios de Telefonía Móvil,"Abril, 2021",2021-04,,bbb653a8-1456-40d2-b34b-642061f4ca7f,1535,publicacion-en-el-dof-del-padron-nacional-de-usuarios-de-telefonia-movil,2021-04-01,legacy_id,covered,date_match
es:1533,es,1533,Aprobación en Cámara de Senadores de la iniciativa de reforma en materia de subcontratación,"Abril, 2021",2021-04,,27409bfb-f1df-45d6-a1b7-c5db96ad75d8,1533,aprobacion-en-camara-de-senadores-de-la-iniciativa-de-reforma-en-materia-de-subc,2021-04-01,legacy_id,covered,date_match
es:1531,es,1531,Aprobación en Cámara de Diputados de la iniciativa de Reforma en materia de subcontratación,"Abril, 2021",2021-04,,1f9513cd-effc-448d-9799-8ec20e8d8a0f,1531,aprobacion-en-camara-de-diputados-de-la-iniciativa-de-reforma-en-materia-de-subc,2021-04-01,legacy_id,covered,date_match
es:1529,es,1529,COFECE emite modificaciones a la Guía para la Notificación de Concentraciones,"Abril, 2021",2021-04,,c6dfe1b7-e52e-4cd4-b5eb-ef5fed592c09,1529,cofece-emite-modificaciones-a-la-guia-para-la-notificacion-de-concentraciones,2021-04-01,legacy_id,covered,date_match
es:1527,es,1527,Acuerdo sobre la iniciativa de Reforma a la Ley Federal del Trabajo en materia de subcontratación,"Abril, 2021",2021-04,,4d179e7f-66dd-41d4-b2ec-a0ba1bacb5d1,1527,acuerdo-sobre-la-iniciativa-de-reforma-a-la-ley-federal-del-trabajo-en-materia-d,2021-04-01,legacy_id,covered,date_match
es:1525,es,1525,Ejecutivo envía a la Cámara de Diputados Iniciativa de Reforma en Materia de Hidrocarburos,"Marzo, 2021",2021-03,,d7cf06ab-c63e-4875-863b-68d2710d2030,1525,ejecutivo-envia-a-la-camara-de-diputados-iniciativa-de-reforma-en-materia-de-hid,2021-03-01,legacy_id,covered,date_match
es:1523,es,1523,Modificaciones al Protocolo para la Legitimación de Contratos Colectivos de Trabajo,"Febrero, 2021",2021-02,,b5f8f1d2-fc41-43a3-b7a2-a6669c969fce,1523,modificaciones-al-protocolo-para-la-legitimacion-de-contratos-colectivos-de-trab,2021-02-01,legacy_id,covered,date_match
es:1521,es,1521,Decreto de Reforma a la Ley de la Industria Eléctrica y Acuerdo de Insubsistencia de la Política de Confiabilidad de SENER,"Marzo, 2021",2021-03,,2f5418bf-a3e6-4f65-9465-4e2459bc1954,1521,decreto-de-reforma-a-la-ley-de-la-industria-electrica-y-acuerdo-de-insubsistenci,2021-03-01,legacy_id,covered,date_match
es:1519,es,1519,La Cámara de Diputados retoma la aprobación de la Ley Federal para la Regulación del Cannabis,"Marzo, 2021",2021-03,,16073ed8-2d28-4e86-88db-6f5e5e560879,1519,la-camara-de-diputados-retoma-la-aprobacion-de-la-ley-federal-para-la-regulacion,2021-03-01,legacy_id,covered,date_match
es:1517,es,1517,Latin Lawyer: Los ascensos en las empresas de América Latina aumentaron a finales de año,"Febrero, 2021",2021-02,,aae7d93a-d271-4ddc-babf-c7fa0b2f3d2a,1517,latin-lawyer-los-ascensos-en-las-empresas-de-america-latina-aumentaron-a-finales,2021-02-01,legacy_id,covered,date_match
es:1515,es,1515,Lex Latin: Von Wobeser y Sierra refuerza su plantilla con promociones,"Febrero, 2021",2021-02,,1f89aed2-02d6-4959-b026-32f7b089f151,1515,lex-latin-von-wobeser-y-sierra-refuerza-su-plantilla-con-promociones,2021-02-01,legacy_id,covered,date_match
es:1513,es,1513,Leaders League: Von Wobeser de México añade dos socios y cinco counsel,"Febrero, 2021",2021-02,,d0d16e93-fc1e-40a8-92be-432c71bf116f,1513,leaders-league-von-wobeser-de-mexico-anade-dos-socios-y-cinco-counsel,2021-02-01,legacy_id,covered,date_match
es:1511,es,1511,Chambers and Partners 2021 Rankings,"Febrero, 2021",2021-02,,94d8838e-ac8a-498b-8e99-af4e34ad92c9,1511,chambers-and-partners-2021-rankings-2,2021-02-01,legacy_id,covered,date_match
es:1503,es,1503,Acontecimientos relevantes en el sector eléctrico: Iniciativa de reforma a la Ley de la Industria Eléctrica y resolución de la Controversia Constitucional por la Suprema Corte,"Febrero, 2021",2021-02,,cd33d40c-6085-4a35-a90d-821653dd9357,1503,acontecimientos-relevantes-en-el-sector-electrico-iniciativa-de-reforma-a-la-ley,2021-02-01,legacy_id,covered,date_match
es:1501,es,1501,"Se exenta a las empresas IMMEX, ALTEX y ECEX del cumplimiento de los niveles mínimos de exportación necesarios para mantener sus programas","Febrero, 2021",2021-02,,cecd2e63-f3cb-48f6-bf2c-e6467715a9b2,1501,se-exenta-a-las-empresas-immex-altex-y-ecex-del-cumplimiento-de-los-niveles-mini,2021-02-01,legacy_id,covered,date_match
es:1499,es,1499,Tercera suspensión de las actividades de la Comisión Federal de Competencia Económica y sus procedimientos,"Enero, 2021",2021-01,,b6f1b0b1-0623-4157-a7ef-a5e70a02c3d6,1499,tercera-suspension-de-las-actividades-de-la-comision-federal-de-competencia-econ,2021-01-01,legacy_id,covered,date_match
es:1497,es,1497,Se regula la adquisición de vacunas contra la COVID-19 por parte de los gobiernos estatales y entidades integrantes del Sistema Nacional de Salud,"Enero, 2021",2021-01,,6b3a9c0b-7315-46c3-940a-088b946fd8bf,1497,se-regula-la-adquisicion-de-vacunas-contra-la-covid-19-por-parte-de-los-gobierno,2021-01-01,legacy_id,covered,date_match
es:1495,es,1495,Von Wobeser refuerza equipo con nuevos socios y consejeros,"Enero, 2021",2021-01,,bfd961a2-8009-4202-9ca7-7b3cdc6ae6f6,1495,von-wobeser-refuerza-equipo-con-nuevos-socios-y-consejeros,2021-01-01,legacy_id,covered,date_match
es:1493,es,1493,Se crea el Comité Nacional de Facilitación del Comercio,"Enero, 2021",2021-01,,4794da5f-34e1-4a39-ac8e-c39c0d19b123,1493,se-crea-el-comite-nacional-de-facilitacion-del-comercio,2021-01-01,legacy_id,covered,date_match
es:1491,es,1491,WhatsApp anuncia modificaciones a sus términos y condiciones,"Enero, 2021",2021-01,,96a2c83a-1857-4a0b-af19-3827d39ee427,1491,whatsapp-anuncia-modificaciones-a-sus-terminos-y-condiciones,2021-01-01,legacy_id,covered,date_match
es:1489,es,1489,Suspensión de plazos y términos de la Comisión Reguladora de Energía,"Enero, 2021",2021-01,,88aab015-0fec-4842-8cb4-bec28e0b8062,1489,suspension-de-plazos-y-terminos-de-la-comision-reguladora-de-energia,2021-01-01,legacy_id,covered,date_match
es:1487,es,1487,Se suspenden actividades no esenciales en la Ciudad de México y en el Estado de México,"Diciembre, 2020",2020-12,,17d54030-868d-4433-a091-8cc0b0bcec2a,1487,se-suspenden-actividades-no-esenciales-en-la-ciudad-de-mexico-y-en-el-estado-de-,2020-12-01,legacy_id,covered,date_match
es:1485,es,1485,Segunda suspensión de las actividades de la Comisión Federal de Competencia Económica y sus procedimientos,"Enero, 2021",2021-01,,0e8dbe48-d82a-4518-9b45-dbbce56686d5,1485,segunda-suspension-de-las-actividades-de-la-comision-federal-de-competencia-econ,2021-01-01,legacy_id,covered,date_match
es:1483,es,1483,Se expide el reglamento que regula el uso medicinal de la cannabis y sus derivados farmacológicos,"Enero, 2021",2021-01,,4b76bc60-6ff8-4373-b0e5-52564c01e7e6,1483,se-expide-el-reglamento-que-regula-el-uso-medicinal-de-la-cannabis-y-sus-derivad,2021-01-01,legacy_id,covered,date_match
es:1481,es,1481,Nuevas reglas y obligaciones en materia de teletrabajo (home office),"Enero, 2021",2021-01,,eaacda0a-b01d-480f-9487-b210e9c28278,1481,nuevas-reglas-y-obligaciones-en-materia-de-teletrabajo-home-office,2021-01-01,legacy_id,covered,date_match
es:1477,es,1477,Valores de la Unidad de Medida y Actualización vigentes a partir del 1º de febrero de 2021,"Enero, 2021",2021-01,,7e19c1e0-e80e-424c-a60a-4e70793f3f51,1477,valores-de-la-unidad-de-medida-y-actualizacion-vigentes-a-partir-del-1-de-febrer,2021-01-01,legacy_id,covered,date_match
es:1475,es,1475,Estímulos fiscales vigentes a partir del 1 de enero de 2021,"Enero, 2021",2021-01,,8b9422a2-5c16-4220-8d54-e05c970165a1,1475,estimulos-fiscales-vigentes-a-partir-del-1-de-enero-de-2021,2021-01-01,legacy_id,covered,date_match
es:1473,es,1473,Nueva obligación en materia de Impuesto Sobre Nóminas en la Ciudad de México,"Enero, 2021",2021-01,,58b79a28-a4ae-4e1f-b2a0-6be1fdafe22d,1473,nueva-obligacion-en-materia-de-impuesto-sobre-nominas-en-la-ciudad-de-mexico,2021-01-01,legacy_id,covered,date_match
es:1471,es,1471,Entran en vigor restricciones al uso de productos fabricados con plásticos de un solo uso en la Ciudad de México,"Enero, 2021",2021-01,,31603708-84ab-421c-a47f-b1151f6401e9,1471,entran-en-vigor-restricciones-al-uso-de-productos-fabricados-con-plasticos-de-un,2021-01-01,legacy_id,covered,date_match
es:1469,es,1469,Nuevos salarios mínimos a partir del 1° de enero de 2021,"Diciembre, 2020",2020-12,,0cfaa3f6-2ac2-4a86-b78c-4ab6f47fbfd4,1469,nuevos-salarios-minimos-a-partir-del-1-de-enero-de-2021,2020-12-01,legacy_id,covered,date_match
es:1467,es,1467,Salarios Mínimos 2021,"Diciembre, 2020",2020-12,,994c35f6-93df-44e3-8f74-4c4b45c35815,1467,salarios-minimos-2021,2020-12-01,legacy_id,covered,date_match
es:1465,es,1465,Reforma al Sistema de Pensiones,"Diciembre, 2020",2020-12,,2aa2c659-5954-4d04-8651-b441fa52dd4d,1465,reforma-al-sistema-de-pensiones,2020-12-01,legacy_id,covered,date_match
es:1456,es,1456,Suspensión de las actividades de la Comisión Federal de Competencia Económica y su procedimientos,"Diciembre, 2020",2020-12,,14a5f7a4-5896-4d69-8eaa-1aa2c0490af8,1456,suspension-de-las-actividades-de-la-comision-federal-de-competencia-economica-y-,2020-12-01,legacy_id,covered,date_match
es:1454,es,1454,Se prorroga de nueva cuenta el plazo para que el Congreso de la Unión regule diversos usos del cannabis,"Diciembre, 2020",2020-12,,9cb5111a-881b-4f94-8bab-4cacc5488b29,1454,se-prorroga-de-nueva-cuenta-el-plazo-para-que-el-congreso-de-la-union-regule-div,2020-12-01,legacy_id,covered,date_match
es:1452,es,1452,Aprueban iniciativa de reforma en materia de Teletrabajo,"Diciembre, 2020",2020-12,,b63975fa-f06a-4439-92a1-0eb42764ae5c,1452,aprueban-iniciativa-de-reforma-en-materia-de-teletrabajo,2020-12-01,legacy_id,covered,date_match
es:1446,es,1446,Tercera Resolución de Modificaciones a la Resolución Miscelánea Fiscal para 2020,"Noviembre, 2020",2020-11,,a5419ff9-d153-49e2-adcd-d9d3eed4bd72,1446,tercera-resolucion-de-modificaciones-a-la-resolucion-miscelanea-fiscal-para-2020,2020-11-01,legacy_id,covered,date_match
es:1444,es,1444,El Senado aprueba la regulación del cannabis,"Noviembre, 2020",2020-11,,fefb073c-09d3-4466-867a-48f49bedd610,1444,el-senado-aprueba-la-regulacion-del-cannabis,2020-11-01,legacy_id,covered,date_match
es:1442,es,1442,Se reducen los tiempos para el registro sanitario en México de ciertos medicamentos e insumos para la salud,"Noviembre, 2020",2020-11,,1cc80608-41fd-4e60-be28-aade22c7b74d,1442,se-reducen-los-tiempos-para-el-registro-sanitario-en-mexico-de-ciertos-medicamen,2020-11-01,legacy_id,covered,date_match
es:1440,es,1440,Implicaciones fiscales de la iniciativa de reforma en materia subcontratación,"Noviembre, 2020",2020-11,,a82ec98e-3215-4c17-b63d-b72bab9ba3c4,1440,implicaciones-fiscales-de-la-iniciativa-de-reforma-en-materia-subcontratacion,2020-11-01,legacy_id,covered,date_match
es:1438,es,1438,Inminente regulación sobre los diversos usos de la cannabis en México,"Noviembre, 2020",2020-11,,ecd42757-5a2a-4cb6-a727-8ac849ecca9d,1438,inminente-regulacion-sobre-los-diversos-usos-de-la-cannabis-en-mexico,2020-11-01,legacy_id,covered,date_match
es:1436,es,1436,Implementación de la reforma en materia laboral,"Noviembre, 2020",2020-11,,f42fb360-bda6-4f42-b736-1aa8df0016cc,1436,implementacion-de-la-reforma-en-materia-laboral,2020-11-01,legacy_id,covered,date_match
es:1434,es,1434,Iniciativa de Reforma a la Ley Federal del Trabajo en materia de subcontratación,"Noviembre, 2020",2020-11,,8bba6463-1fad-49d7-b5e2-fcb4085cad00,1434,iniciativa-de-reforma-a-la-ley-federal-del-trabajo-en-materia-de-subcontratacion,2020-11-01,legacy_id,covered,date_match
es:1432,es,1432,"Decreto por el que se reforman diversos artículos de la Ley de Migración y de la Ley Sobre Refugiados, Protección Complementaria y Asilo Político en materia de infancia migrante","Noviembre, 2020",2020-11,,46a41a6c-0560-41df-8e98-f961c14ee629,1432,decreto-por-el-que-se-reforman-diversos-articulos-de-la-ley-de-migracion-y-de-la,2020-11-01,legacy_id,covered,date_match
es:1430,es,1430,Aprobación por el Congreso de la Unión del Paquete Económico para 2021,"Noviembre, 2020",2020-11,,124ed59d-6568-48d6-85a4-7b39bff0d978,1430,aprobacion-por-el-congreso-de-la-union-del-paquete-economico-para-2021,2020-11-01,legacy_id,covered,date_match
es:1428,es,1428,Nueva Ley Federal de Protección de la Propiedad Industrial,"Noviembre, 2020",2020-11,,1dbb4f2d-800d-4a1c-b9b0-60a4d17a6e7e,1428,nueva-ley-federal-de-proteccion-de-la-propiedad-industrial,2020-11-01,legacy_id,covered,date_match
es:1426,es,1426,Emisión del Protocolo de Protección para Personas Alertadoras de la Corrupción,"Octubre, 2020",2020-10,,7d3a7a40-6d54-4836-9023-b8c9e249ed32,1426,emision-del-protocolo-de-proteccion-para-personas-alertadoras-de-la-corrupcion,2020-10-01,legacy_id,covered,date_match
es:1424,es,1424,La Cámara de Diputados aprobó las modificaciones a las disposiciones fiscales para 2021,"Octubre, 2020",2020-10,,48cc3cab-90ea-4ef9-abef-7f9f5ec4ff49,1424,la-camara-de-diputados-aprobo-las-modificaciones-a-las-disposiciones-fiscales-pa,2020-10-01,legacy_id,covered,date_match
es:1422,es,1422,Entrada en vigor de diversas obligaciones de la NOM-035-STPS-2018,"Octubre, 2020",2020-10,,9d69f5e4-0084-4e9b-afb0-c1b4abd67aa4,1422,entrada-en-vigor-de-diversas-obligaciones-de-la-nom-035-stps-2018,2020-10-01,legacy_id,covered,date_match
es:1420,es,1420,La CRE impone restricciones para modificar Permisos de Autoabastecimiento y Cogeneración,"Octubre, 2020",2020-10,,a54e4d8f-0f17-446b-9f10-178e2a04e855,1420,la-cre-impone-restricciones-para-modificar-permisos-de-autoabastecimiento-y-coge,2020-10-01,legacy_id,covered,date_match
es:1418,es,1418,Emisión de recomendaciones por parte de la COFECE en materia energética,"Octubre, 2020",2020-10,,d97b32c3-7dc7-4405-8a90-1435b4d7b545,1418,emision-de-recomendaciones-por-parte-de-la-cofece-en-materia-energetica,2020-10-01,legacy_id,covered,date_match
es:1416,es,1416,Eliminación de Cartas de no comercialización y otras modificaciones del Anexo de NOMs,"Octubre, 2020",2020-10,,51cb8a78-25a4-4763-abb0-e71da750ce46,1416,eliminacion-de-cartas-de-no-comercializacion-y-otras-modificaciones-del-anexo-de,2020-10-01,legacy_id,covered,date_match
es:1414,es,1414,América Móvil se desprende del negocio de telefonía móvil prepagado en EE.UU. por 6.900 millones de dólares,"Septiembre, 2020",2020-09,,d2012b6c-eaed-4daa-ba8d-d044223a1de3,1414,america-movil-se-desprende-del-negocio-de-telefonia-movil-prepagado-en-ee-uu-por,2020-09-01,legacy_id,covered,date_match
es:1412,es,1412,América Móvil vende subsidiaria en Estados Unidos a Verizon,"Septiembre, 2020",2020-09,,304aad9c-2294-4a3f-bcfd-6f0441a91962,1412,america-movil-vende-subsidiaria-en-estados-unidos-a-verizon,2020-09-01,legacy_id,covered,date_match
es:1410,es,1410,ICC llama a fortalecer las instituciones anticorrupción en México,"Agosto, 2020",2020-08,,5672b30b-706c-4d70-be98-806742c3db2d,1410,icc-llama-a-fortalecer-las-instituciones-anticorrupcion-en-mexico,2020-08-01,legacy_id,covered,date_match
es:1408,es,1408,Modificación a los Lineamientos para la Ejecución del Plan Gradual hacia la Nueva Normalidad en la Ciudad de México,"Septiembre, 2020",2020-09,,fa398ec2-0e9c-4cc0-9ec8-6ce8625c6bf4,1408,modificacion-a-los-lineamientos-para-la-ejecucion-del-plan-gradual-hacia-la-nuev,2020-09-01,legacy_id,covered,date_match
es:1406,es,1406,Compliance Laboral respecto al T-MEC. El incumplimiento de obligaciones laborales en México puede resultar en la imposición de sanciones,"Septiembre, 2020",2020-09,,15dbee81-c317-44ec-b09a-32d6873240a4,1406,compliance-laboral-respecto-al-t-mec-el-incumplimiento-de-obligaciones-laborales,2020-09-01,legacy_id,covered,date_match
es:1404,es,1404,Von Wobeser y Sierra aconseja a Merck-Iberdrola en México en relación a PPA de energías renovables,"Septiembre, 2020",2020-09,,6478da03-9276-4c0e-a17d-bc5dc49250f2,1404,von-wobeser-y-sierra-aconseja-a-merck-iberdrola-en-mexico-en-relacion-a-ppa-de-e,2020-09-01,legacy_id,covered,date_match
es:1402,es,1402,Merck firma PPA con Iberdrola en México,"Agosto, 2020",2020-08,,be7e3f2b-7009-4440-8f7e-f9fdc882357e,1402,merck-firma-ppa-con-iberdrola-en-mexico,2020-08-01,legacy_id,covered,date_match
es:1400,es,1400,Modificaciones a las disposiciones fiscales para 2021,"Septiembre, 2020",2020-09,,a1d342b4-c199-4f84-b882-a484f4c13032,1400,modificaciones-a-las-disposiciones-fiscales-para-2021,2020-09-01,legacy_id,covered,date_match
es:1398,es,1398,Santander Desarrolla una Nueva Estrategia de Pagos en México,"Marzo, 2020",2020-03,,01a2ff8e-8c1e-4207-bb1f-6894bd90c833,1398,santander-desarrolla-una-nueva-estrategia-de-pagos-en-mexico,2020-03-01,legacy_id,covered,date_match
es:1396,es,1396,México Investiga el Mercado de la Publicidad Digital,"Septiembre, 2020",2020-09,,02b1e197-81ad-4242-b5ce-90df9d839c0d,1396,mexico-investiga-el-mercado-de-la-publicidad-digital,2020-09-01,legacy_id,covered,date_match
es:1394,es,1394,12 Años de Lucha y Latinoamérica Mantiene el Mismo Nivel de Corrupción,"Agosto, 2020",2020-08,,1f0cbfea-daaf-45a2-8d7a-cbe74f5830ac,1394,12-anos-de-lucha-y-latinoamerica-mantiene-el-mismo-nivel-de-corrupcion,2020-08-01,legacy_id,covered,date_match
es:1392,es,1392,Temas relevantes en materia laboral (Compliance laboral),"Agosto, 2020",2020-08,,e35c9578-9ea8-4ed7-9c89-10c880e9592b,1392,temas-relevantes-en-materia-laboral-compliance-laboral,2020-08-01,legacy_id,covered,date_match
es:1390,es,1390,Concluye suspensión de plazos y términos legales de la Secretaría de Medio Ambiente y Recursos Naturales,"Agosto, 2020",2020-08,,a5678ae4-d08a-4756-8005-49b6d105b554,1390,concluye-suspension-de-plazos-y-terminos-legales-de-la-secretaria-de-medio-ambie,2020-08-01,legacy_id,covered,date_match
es:1388,es,1388,Von Wobeser partner to chair Americas arbitration group,"Agosto, 2020",2020-08,,691ed894-98b2-49af-ba77-b11810467263,1388,von-wobeser-partner-to-chair-americas-arbitration-group-4,2020-08-01,legacy_id,covered,date_match
es:1386,es,1386,Actualización: Concluye la suspensión de términos y plazos de la Comisión Reguladora de Energía,"Agosto, 2020",2020-08,,bfdc75a2-8196-411d-bae9-681257f9b65d,1386,actualizacion-concluye-la-suspension-de-terminos-y-plazos-de-la-comision-regulad,2020-08-01,legacy_id,covered,date_match
es:1383,es,1383,El ex presidente de México Peña Nieto investigado por corrupción,"Agosto, 2020",2020-08,,d35dcd76-6b6a-433a-8c1a-65e2cddc9e36,1383,el-ex-presidente-de-mexico-pena-nieto-investigado-por-corrupcion,2020-08-01,legacy_id,covered,date_match
es:1382,es,1382,Las oportunidades para empresas en el sector tecnológico con la crisis sanitaria,"Agosto, 2020",2020-08,,ad8c5b12-54b0-45ad-983d-69a723f340c0,1382,las-oportunidades-para-empresas-en-el-sector-tecnologico-con-la-crisis-sanitaria,2020-08-01,legacy_id,covered,date_match
es:1380,es,1380,"Entra en vigor el decreto que modifica la Ley de Adquisiciones, Arrendamientos y Servicios del Sector Público","Agosto, 2020",2020-08,,5bcca0ad-5e4a-4384-9a59-b43c764f55f3,1380,entra-en-vigor-el-decreto-que-modifica-la-ley-de-adquisiciones-arrendamientos-y-,2020-08-01,legacy_id,covered,date_match
es:1378,es,1378,Acuerdo por el que la Comisión Nacional de Hidrocarburos establece diversas medidas a fin de promover el desarrollo de las actividades petroleras,"Agosto, 2020",2020-08,,373386b7-1082-4cdf-93e3-e63070924637,1378,acuerdo-por-el-que-la-comision-nacional-de-hidrocarburos-establece-diversas-medi,2020-08-01,legacy_id,covered,date_match
es:1376,es,1376,Cobro de nuevos derechos a Empresas Certificadas bajo la modalidad IVA e IEPS,"Agosto, 2020",2020-08,,44e4a530-6862-4f24-a402-6e4429400863,1376,cobro-de-nuevos-derechos-a-empresas-certificadas-bajo-la-modalidad-iva-e-ieps,2020-08-01,legacy_id,covered,date_match
es:1374,es,1374,Acuerdo por el que se establecen nuevas actividades esenciales,"Agosto, 2020",2020-08,,ba32c632-15ac-4dbb-bfcd-e06ef3a44a3c,1374,acuerdo-por-el-que-se-establecen-nuevas-actividades-esenciales,2020-08-01,legacy_id,covered,date_match
es:1371,es,1371,Von Wobeser Partner Appointed Chair of ITA Americas Initiative,"Agosto, 2020",2020-08,,491c053f-119e-4208-b8a9-572b44a65697,1371,von-wobeser-partner-appointed-chair-of-ita-americas-initiative-2,2020-08-01,legacy_id,covered,date_match
es:1369,es,1369,Von Wobeser partner to chair Americas arbitration group,"Julio, 2020",2020-07,,120b3058-f84f-411f-9777-f0393970bf19,1369,von-wobeser-partner-to-chair-americas-arbitration-group-3,2020-07-01,legacy_id,covered,date_match
es:1368,es,1368,Modificación de los criterios de aplicación de pruebas de detección de COVID-19 a los empleados en la Ciudad de México,"Julio, 2020",2020-07,,a0307c0b-2fe5-45a8-a5ec-f11f6aa41bee,1368,modificacion-de-los-criterios-de-aplicacion-de-pruebas-de-deteccion-de-covid-19-,2020-07-01,legacy_id,covered,date_match
es:1366,es,1366,Acuerdo por el que se da a conocer el medio de difusión de los criterios para las poblaciones en situación de vulnerabilidad,"Julio, 2020",2020-07,,cabcb38c-7115-4ee7-ad22-b74e82bf0aa6,1366,acuerdo-por-el-que-se-da-a-conocer-el-medio-de-difusion-de-los-criterios-para-la,2020-07-01,legacy_id,covered,date_match
es:1364,es,1364,Proyecto de reglamento de cannabis para uso medicinal,"Julio, 2020",2020-07,,72efd968-0e77-4a68-81ac-c338671ee02b,1364,proyecto-de-reglamento-de-cannabis-para-uso-medicinal,2020-07-01,legacy_id,covered,date_match
es:1362,es,1362,Actualización: Concluye suspensión de términos y plazos de la Comisión Nacional de Hidrocarburos,"Julio, 2020",2020-07,,7f86cc6d-49f5-4869-b54d-a3d38a7a916b,1362,actualizacion-concluye-suspension-de-terminos-y-plazos-de-la-comision-nacional-d,2020-07-01,legacy_id,covered,date_match
es:1360,es,1360,Extensión en la suspensión de las actividades y plazos del Tribunal Federal de Justicia Administrativa,"Julio, 2020",2020-07,,67192823-fada-4221-9297-5fad84705207,1360,extension-en-la-suspension-de-las-actividades-y-plazos-del-tribunal-federal-de-j-4,2020-07-01,legacy_id,covered,date_match
es:1358,es,1358,Posible prórroga a la implementación del nuevo sistema de etiquetado frontal de advertencia bajo la NOM-051- SCFI/SSA1-2010,"Julio, 2020",2020-07,,4f6def5f-ee5b-4ead-a902-63e91f588492,1358,posible-prorroga-a-la-implementacion-del-nuevo-sistema-de-etiquetado-frontal-de-,2020-07-01,legacy_id,covered,date_match
es:1356,es,1356,Iniciativa de reforma a la Ley del Seguro Social respecto al Sistema de Pensiones,"Julio, 2020",2020-07,,f1fa44e1-9701-478d-84d9-bdd6a85caa26,1356,iniciativa-de-reforma-a-la-ley-del-seguro-social-respecto-al-sistema-de-pensione,2020-07-01,legacy_id,covered,date_match
es:1354,es,1354,Iniciativa de reforma a la Ley Federal del Trabajo en materia de Teletrabajo,"Julio, 2020",2020-07,,bf0f540e-fa19-4253-aae9-ec15d6db0040,1354,iniciativa-de-reforma-a-la-ley-federal-del-trabajo-en-materia-de-teletrabajo,2020-07-01,legacy_id,covered,date_match
es:1352,es,1352,Actualización: Quinta ampliación de la suspensión de términos y plazos del Centro Nacional de Control de Energía,"Julio, 2020",2020-07,,7e668610-f449-4637-9e0c-64dde1f6a3bc,1352,actualizacion-quinta-ampliacion-de-la-suspension-de-terminos-y-plazos-del-centro,2020-07-01,legacy_id,covered,date_match
es:1350,es,1350,El Instituto Mexicano de la Propiedad Industrial reinicia actividades,"Julio, 2020",2020-07,,4b6eb862-5e02-43e8-8c7e-0d11e9237ab1,1350,el-instituto-mexicano-de-la-propiedad-industrial-reinicia-actividades,2020-07-01,legacy_id,covered,date_match
es:1348,es,1348,"Posibles criterios para verificar el cumplimiento de la NOM-051-SCFI/SSA1-2010 en el punto de venta de productos, a partir del 1° de octubre de 2020","Julio, 2020",2020-07,,de1a1144-e29c-4d68-8527-f2edc463a886,1348,posibles-criterios-para-verificar-el-cumplimiento-de-la-nom-051-scfi-ssa1-2010-e,2020-07-01,legacy_id,covered,date_match
es:1346,es,1346,Se emiten nuevas leyes que impactan a la importación y exportación de mercancías,"Julio, 2020",2020-07,,d654b0d0-93a1-4b4a-b99b-dbc942eefc69,1346,se-emiten-nuevas-leyes-que-impactan-a-la-importacion-y-exportacion-de-mercancias,2020-07-01,legacy_id,covered,date_match
es:1344,es,1344,"CONAGUA establece medidas transitorias para garantizar el abastecimiento de agua en los centros de población, durante la contingencia generada por el virus SARS-CoV-2 (COVID-19)","Julio, 2020",2020-07,,6f340163-3093-4c07-8e6f-262ec26ee302,1344,conagua-establece-medidas-transitorias-para-garantizar-el-abastecimiento-de-agua,2020-07-01,legacy_id,covered,date_match
es:1342,es,1342,Sexta extensión en la suspensión de las actividades de la Comisión Federal de Competencia Económica y sus procedimientos,"Junio, 2020",2020-06,,9630171c-d3ba-4866-a12a-2a179a9f2973,1342,sexta-extension-en-la-suspension-de-las-actividades-de-la-comision-federal-de-co,2020-06-01,legacy_id,covered,date_match
es:1340,es,1340,Publicación de disposiciones legales en preparación a la entrada en vigor del T-MEC,"Junio, 2020",2020-06,,8f834e57-52ef-400a-b9be-5e4a37989771,1340,publicacion-de-disposiciones-legales-en-preparacion-a-la-entrada-en-vigor-del-t-,2020-06-01,legacy_id,covered,date_match
es:1336,es,1336,Aviso de actualización de socios o accionistas ante el Registro Federal de Contribuyentes,"Junio, 2020",2020-06,,34c1a7c3-2df8-4acd-8520-a8799e65896c,1336,aviso-de-actualizacion-de-socios-o-accionistas-ante-el-registro-federal-de-contr,2020-06-01,legacy_id,covered,date_match
es:1334,es,1334,Extensión en la suspensión de las actividades y plazos del Tribunal Federal de Justicia Administrativa,"Junio, 2020",2020-06,,25e75e86-a962-49bf-870a-b721e188f5d3,1334,extension-en-la-suspension-de-las-actividades-y-plazos-del-tribunal-federal-de-j-3,2020-06-01,legacy_id,covered,date_match
es:1332,es,1332,Actualización: Cuarta ampliación de la suspensión de términos y plazos del Centro Nacional de Control de Energía,"Junio, 2020",2020-06,,41c60da4-902f-419f-8b72-1ae176a307f5,1332,actualizacion-cuarta-ampliacion-de-la-suspension-de-terminos-y-plazos-del-centro,2020-06-01,legacy_id,covered,date_match
es:1330,es,1330,Quinta extensión en la supensión de las actividades de la Comisión Federal de Competencia Económica y sus procedimientos,"Junio, 2020",2020-06,,d39e9c3c-db76-44db-883c-f6e2a5cc8d77,1330,quinta-extension-en-la-supension-de-las-actividades-de-la-comision-federal-de-co,2020-06-01,legacy_id,covered,date_match
es:1328,es,1328,Nueva extensión en la suspensión de las actividades y términos del Instituto Nacional del Derecho de Autor,"Junio, 2020",2020-06,,78d2cf49-fae5-46d6-aef2-462f12d12ecd,1328,nueva-extension-en-la-suspension-de-las-actividades-y-terminos-del-instituto-nac,2020-06-01,legacy_id,covered,date_match
es:1324,es,1324,Procedimientos electrónicos en materia concursal y comercial,"Junio, 2020",2020-06,,56279420-001c-457e-b1e1-fd5150a41e3f,1324,procedimientos-electronicos-en-materia-concursal-y-comercial,2020-06-01,legacy_id,covered,date_match
es:1322,es,1322,Diseños Industriales – México se adhiere al Sistema de la Haya,"Junio, 2020",2020-06,,6434f1c3-856b-49e0-84c5-acc57ac9828c,1322,disenos-industriales-mexico-se-adhiere-al-sistema-de-la-haya,2020-06-01,legacy_id,covered,date_match
es:1320,es,1320,Cuarta extensión en la suspensión de las actividades de la Comisión Federal de Competencia Económica y sus procedimientos,"Mayo, 2020",2020-05,,47da2b0c-78a7-4c55-afda-0ec8ba406649,1320,cuarta-extension-en-la-suspension-de-las-actividades-de-la-comision-federal-de-c,2020-05-01,legacy_id,covered,date_match
es:1318,es,1318,"El Socio Líder de nuestra Práctica de Energía, Edmond Grieger fue entrevistado por la publicación de energía de Mexico Business, Marco Eléctrico de México: Tema de Contención.","Junio, 2020",2020-06,,a2a608a6-a95b-4574-88be-24e0a2795a22,1318,el-socio-lider-de-nuestra-practica-de-energia-edmond-grieger-fue-entrevistado-po,2020-06-01,legacy_id,covered,date_match
es:1316,es,1316,Actualización: Disposiciones de carácter general relativas a las interfaces de programación de aplicaciones informáticas estandarizadas a que hace referencia la Ley para Regular las Instituciones de Tecnología Financiera,"Junio, 2020",2020-06,,37fb59c6-a277-4149-8cd5-cbea8eb73fce,1316,actualizacion-disposiciones-de-caracter-general-relativas-a-las-interfaces-de-pr,2020-06-01,legacy_id,covered,date_match
es:1314,es,1314,Posibles restricciones a la publicidad de alimentos y bebidas no alcohólicas que contengan sellos y leyendas de advertencia,"Junio, 2020",2020-06,,b805653b-e1d7-47d5-8609-a769274d47a2,1314,posibles-restricciones-a-la-publicidad-de-alimentos-y-bebidas-no-alcoholicas-que,2020-06-01,legacy_id,covered,date_match
es:1312,es,1312,Actualización: Tercera ampliación de la suspensión de términos y plazos de la Comisión Nacional de Hidrocarburos,"Junio, 2020",2020-06,,c12147d6-958b-47d2-bf37-2e92106f74db,1312,actualizacion-tercera-ampliacion-de-la-suspension-de-terminos-y-plazos-de-la-com,2020-06-01,legacy_id,covered,date_match
es:1310,es,1310,Actualización: Tercera ampliación de la suspensión de términos y plazos del Centro Nacional de Control de Energía,"Junio, 2020",2020-06,,88105b38-3806-4c80-b84a-5f3feabdeef2,1310,actualizacion-tercera-ampliacion-de-la-suspension-de-terminos-y-plazos-del-centr,2020-06-01,legacy_id,covered,date_match
es:1308,es,1308,Se publica la versión preliminar de las “Reglamentaciones Uniformes” del T-MEC,"Junio, 2020",2020-06,,2cc2d0bb-9897-4e45-bd44-2d84643c08ec,1308,se-publica-la-version-preliminar-de-las-reglamentaciones-uniformes-del-t-mec,2020-06-01,legacy_id,covered,date_match
es:1306,es,1306,Extensión en la suspensión de las actividades y plazos del Tribunal Federal de Justicia Administrativa,"Junio, 2020",2020-06,,f8df44ac-7d76-4451-99ac-05ebd6d1d8aa,1306,extension-en-la-suspension-de-las-actividades-y-plazos-del-tribunal-federal-de-j-2,2020-06-01,legacy_id,covered,date_match
es:1304,es,1304,Ampliación de la suspensión de los plazos de la CNBV,"Mayo, 2020",2020-05,,8250424e-2f15-4d9c-afea-bab4219ca3d5,1304,ampliacion-de-la-suspension-de-los-plazos-de-la-cnbv,2020-05-01,legacy_id,covered,date_match
es:1302,es,1302,Extensión en la suspensión de las actividades y plazos del Tribunal Federal de Justicia Administrativa,"Abril, 2020",2020-04,,76dbd890-fa39-47af-9f77-1b6351c7c7f0,1302,extension-en-la-suspension-de-las-actividades-y-plazos-del-tribunal-federal-de-j,2020-04-01,legacy_id,covered,date_match
es:1300,es,1300,Actualización: Suspensión de términos y plazos de la SEMARNAT y habilitación de días y horas hábiles para la ASEA y CONAGUA,"Junio, 2020",2020-06,,4175afd9-2633-40e2-9b13-c880e775e414,1300,actualizacion-suspension-de-terminos-y-plazos-de-la-semarnat-y-habilitacion-de-d-2,2020-06-01,legacy_id,covered,date_match
es:1298,es,1298,Actualización: Suspensión de términos y plazos de la Secretaría de Energía y la Comisión Reguladora de Energía,"Junio, 2020",2020-06,,26f3275f-676e-4b62-86a4-dfc1dac07d05,1298,actualizacion-suspension-de-terminos-y-plazos-de-la-secretaria-de-energia-y-la-c,2020-06-01,legacy_id,covered,date_match
es:1296,es,1296,Extensión en la suspensión de las actividades y plazos del Instituto Mexicano de la Propiedad Industrial,"Junio, 2020",2020-06,,3b729c7e-ce0a-44d4-95eb-5461bc772dce,1296,extension-en-la-suspension-de-las-actividades-y-plazos-del-instituto-mexicano-de,2020-06-01,legacy_id,covered,date_match
es:1294,es,1294,Publicación de los Lineamientos Técnicos Específicos para la Reapertura de las Actividades Económicas,"Mayo, 2020",2020-05,,d6c55787-9607-4438-a9c7-307a94d86a16,1294,publicacion-de-los-lineamientos-tecnicos-especificos-para-la-reapertura-de-las-a,2020-05-01,legacy_id,covered,date_match
es:1292,es,1292,Se establecen días y horas hábiles para la obtención y renovación del Certificado Ambiental y Certificación de Vehículos Nuevos o en su caso vehículos nuevos en planta en las diferentes modalidades,"Mayo, 2020",2020-05,,42ea2653-3b99-48cb-a9f5-a867aa0b34bf,1292,se-establecen-dias-y-horas-habiles-para-la-obtencion-y-renovacion-del-certificad,2020-05-01,legacy_id,covered,date_match
es:1290,es,1290,Actualización: Suspensión de términos y plazos del Centro Nacional de Control de Energía,"Abril, 2020",2020-04,,452a5952-0ffa-4da0-9325-09f147ffd712,1290,actualizacion-suspension-de-terminos-y-plazos-del-centro-nacional-de-control-de-,2020-04-01,legacy_id,covered,date_match
es:1286,es,1286,Importante transacción de un Contrato de Cobertura Eléctrica,"Mayo, 2020",2020-05,,8cbde6be-cd46-453a-b809-c51e007aac72,1286,importante-transaccion-de-un-contrato-de-cobertura-electrica,2020-05-01,legacy_id,covered,date_match
es:1284,es,1284,Actualización: Resolución por la que se expide la información y se dan a conocer los medios electrónicos para cumplir con obligaciones en materia de prevención de lavado de dinero,"Mayo, 2020",2020-05,,32a5d553-3ad8-42d5-87bf-eb17afdba216,1284,actualizacion-resolucion-por-la-que-se-expide-la-informacion-y-se-dan-a-conocer-,2020-05-01,legacy_id,covered,date_match
es:1282,es,1282,Audiencias Virtuales en Arbitraje: Un vistazo hacia las Reglas Institucionales,"Mayo, 2020",2020-05,,817f08bc-c37a-4367-83ef-b797d2a48311,1282,audiencias-virtuales-en-arbitraje-un-vistazo-hacia-las-reglas-institucionales,2020-05-01,legacy_id,covered,date_match
es:1280,es,1280,Lineamientos Técnicos de Seguridad Sanitaria en el Entorno Laboral,"Mayo, 2020",2020-05,,73db2017-5f81-42e3-a54b-8bd64ceb7b7d,1280,lineamientos-tecnicos-de-seguridad-sanitaria-en-el-entorno-laboral,2020-05-01,legacy_id,covered,date_match
es:1278,es,1278,Secretaría de Energía impone límites al desarrollo de energías renovables y abre la posibilidad de interponer mecanismos de defensa,"Mayo, 2020",2020-05,,bcd91d62-456e-420c-9265-575d0c9817e3,1278,secretaria-de-energia-impone-limites-al-desarrollo-de-energias-renovables-y-abre,2020-05-01,legacy_id,covered,date_match
es:1276,es,1276,"Se aclara el reinicio de las actividades esenciales consistentes en la fabricación de equipo de transporte, la minería y la construcción","Mayo, 2020",2020-05,,05b97bf3-2461-479f-bded-5f7dd5e5a280,1276,se-aclara-el-reinicio-de-las-actividades-esenciales-consistentes-en-la-fabricaci,2020-05-01,legacy_id,covered,date_match
es:1274,es,1274,Criterio normativo sobre la retención del 6% de Impuesto al Valor Agregado tratándose de ciertos servicios,"Mayo, 2020",2020-05,,ec0589a8-bff6-475a-afff-88e5d6d95e0a,1274,criterio-normativo-sobre-la-retencion-del-6-de-impuesto-al-valor-agregado-tratan,2020-05-01,legacy_id,covered,date_match
es:1272,es,1272,"Se incluyen como actividades esenciales la fabricación de equipo de autotransporte, la minería y la construcción","Mayo, 2020",2020-05,,a821672c-8252-4410-9b61-d34bdac50528,1272,se-incluyen-como-actividades-esenciales-la-fabricacion-de-equipo-de-autotranspor,2020-05-01,legacy_id,covered,date_match
es:1270,es,1270,Publicación de la Primera Resolución de Modificaciones a la Resolución Miscelánea Fiscal para 2020,"Mayo, 2020",2020-05,,f28bbcde-9155-443a-a727-baadcb712ec2,1270,publicacion-de-la-primera-resolucion-de-modificaciones-a-la-resolucion-miscelane,2020-05-01,legacy_id,covered,date_match
es:1268,es,1268,Uso del Arbitraje Comercial en Tiempos del COVID-19,"Mayo, 2020",2020-05,,bf302934-8b93-458c-9a52-7be8e1ea3f7b,1268,uso-del-arbitraje-comercial-en-tiempos-del-covid-19,2020-05-01,legacy_id,covered,date_match
es:1265,es,1265,"CENACE suspende pruebas preoperativas e impone límites a la transmisión de centrales eléctricas fotovoltaicas y eólicas, y abre la puerta a la promoción de medios de defensa de las empresas afectadas","Mayo, 2020",2020-05,,5dcec8ed-049b-4321-b076-3713a07b0648,1265,cenace-suspende-pruebas-preoperativas-e-impone-limites-a-la-transmision-de-centrales-electricas-1265,2020-05-01,legacy_id,covered,date_match
es:1264,es,1264,Suspensión de plazos y términos legales del Servicio de Administración Tributaria,"Mayo, 2020",2020-05,,c25fe97a-6b94-4fa9-bba1-59bbeae3dc96,1264,suspension-de-plazos-y-terminos-legales-del-servicio-de-administracion-tributari,2020-05-01,legacy_id,covered,date_match
es:1262,es,1262,"Actualización: Suspensión de términos y plazos de la Secretaría de Energía, la Comisión Reguladora de Energía y del Centro Nacional de Control de Energía","Abril, 2020",2020-04,,7c3bfaea-cff7-4c74-949c-b70567e9904b,1262,actualizacion-suspension-de-terminos-y-plazos-de-la-secretaria-de-energia-la-com,2020-04-01,legacy_id,covered,date_match
es:1260,es,1260,Actualización: Segunda ampliación de la suspensión de términos y plazos de la Comisión Nacional de Hidrocarburos,"Mayo, 2020",2020-05,,49a71b56-fed2-4349-b614-da7580451af0,1260,actualizacion-segunda-ampliacion-de-la-suspension-de-terminos-y-plazos-de-la-com,2020-05-01,legacy_id,covered,date_match
es:1258,es,1258,Actualización: Suspensión de términos y plazos de la SEMARNAT y habilitación de días y horas hábiles para la ASEA,"Mayo, 2020",2020-05,,fd6eba25-4273-4c1c-be66-398c3b29aaf1,1258,actualizacion-suspension-de-terminos-y-plazos-de-la-semarnat-y-habilitacion-de-d,2020-05-01,legacy_id,covered,date_match
es:1256,es,1256,Criterios de calificación del COVID-19 como enfermedad de trabajo,"Mayo, 2020",2020-05,,03b0289d-12ed-4fb1-9368-f6dab3291ac5,1256,criterios-de-calificacion-del-covid-19-como-enfermedad-de-trabajo,2020-05-01,legacy_id,covered,date_match
es:1254,es,1254,Extensión en la suspensión de las actividades y plazos del Instituto Nacional del Derecho de Autor,"Mayo, 2020",2020-05,,3856d6b4-9f50-4261-8c19-b64f7889990e,1254,extension-en-la-suspension-de-las-actividades-y-plazos-del-instituto-nacional-de,2020-05-01,legacy_id,covered,date_match
es:1252,es,1252,¿Cómo sobrevivir al COVID-19? Guía para Consejeros y Directores de Empresas,"Abril, 2020",2020-04,,c87a4001-66b9-48f6-94f1-07b7df775765,1252,como-sobrevivir-al-covid-19-guia-para-consejeros-y-directores-de-empresas,2020-04-01,legacy_id,covered,date_match
es:1250,es,1250,El CJF considera “asunto urgente” a las medidas cautelares en concursos mercantiles,"Abril, 2020",2020-04,,44aff1af-87d0-47ea-aba4-fe05e5029ae9,1250,el-cjf-considera-asunto-urgente-a-las-medidas-cautelares-en-concursos-mercantiles-1250,2020-04-01,legacy_id,covered,date_match
es:1248,es,1248,Tercera extensión en la suspensión de las actividades de la Comisión Federal de Competencia Económica y sus procedimientos,"Abril, 2020",2020-04,,22ec1b51-2ccc-4cc7-a969-b0ab20d491c8,1248,tercera-extension-en-la-suspension-de-las-actividades-de-la-comision-federal-de-,2020-04-01,legacy_id,covered,date_match
es:1246,es,1246,Medidas de Banco de México para fomentar la liquidez en el Mercado Financiero ante la pandemia de COVID-19,"Abril, 2020",2020-04,,76782a4d-d30b-40ee-9072-c9a4bf0cf706,1246,medidas-de-banco-de-mexico-para-fomentar-la-liquidez-en-el-mercado-financiero-an,2020-04-01,legacy_id,covered,date_match
es:1244,es,1244,El T-MEC entrará en vigor el 1º de julio de 2020,"Abril, 2020",2020-04,,4a7aad5e-8f1f-4eb3-8fd3-5230a7e8ace1,1244,el-t-mec-entrara-en-vigor-el-1-de-julio-de-2020,2020-04-01,legacy_id,covered,date_match
es:1242,es,1242,Inspecciones laborales y posibles alternativas desde la perspectiva laboral para hacer frente a la emergencia sanitaria generada por el virus SARS-CoV2 (COVID-19),"Abril, 2020",2020-04,,7d68786e-fb1d-4161-b31b-60a90b5de0cf,1242,inspecciones-laborales-y-posibles-alternativas-desde-la-perspectiva-laboral-para,2020-04-01,legacy_id,covered,date_match
es:1240,es,1240,Se modifica la aplicación de las acciones extraordinarias adoptadas contra el virus SARS-CoV2 (COVID-19),"Abril, 2020",2020-04,,36a36d72-598a-498a-9061-cf448ddfebd2,1240,se-modifica-la-aplicacion-de-las-acciones-extraordinarias-adoptadas-contra-el-vi,2020-04-01,legacy_id,covered,date_match
es:1238,es,1238,Decreto por el que se otorgan beneficios fiscales,"Abril, 2020",2020-04,,03ab23c2-080d-4f1a-90d7-d67d07abeaab,1238,decreto-por-el-que-se-otorgan-beneficios-fiscales,2020-04-01,legacy_id,covered,date_match
es:1236,es,1236,Nuevos acuerdos de extensión a la suspensión deplazos y actividades de diversas autoridades en materia de Propiedad Intelectual,"Abril, 2020",2020-04,,8bca5c8f-95fc-4a6b-bd52-c71daef3e0a7,1236,nuevos-acuerdos-de-extension-a-la-suspension-deplazos-y-actividades-de-diversas-,2020-04-01,legacy_id,covered,date_match
es:1234,es,1234,Actualización: Suspensión de términos y plazos para la Secretaría de Energía,"Abril, 2020",2020-04,,4781bbce-4c65-4726-b1d1-225a8bcbd21f,1234,actualizacion-suspension-de-terminos-y-plazos-para-la-secretaria-de-energia-2,2020-04-01,legacy_id,covered,date_match
es:1232,es,1232,Actualización: Ampliación de la suspensión de términos y plazos de la Comisión Nacional de Hidrocarburos,"Abril, 2020",2020-04,,935324ce-93c5-48c3-b0d4-7109ec271212,1232,actualizacion-ampliacion-de-la-suspension-de-terminos-y-plazos-de-la-comision-na,2020-04-01,legacy_id,covered,date_match
es:1230,es,1230,Se prorroga el plazo para la emisión de la legislación sobre Cannabis,"Abril, 2020",2020-04,,34e21337-b649-46ae-8b48-8164540af6c1,1230,se-prorroga-el-plazo-para-la-emision-de-la-legislacion-sobre-cannabis,2020-04-01,legacy_id,covered,date_match
es:1228,es,1228,"Actualización: Suspensión de términos y plazos, así como habilitación de días y horas hábiles para la Secretaría de Medio Ambiente y Recursos Naturales","Abril, 2020",2020-04,,be6c8d99-5b43-48bb-8117-1df94a0e5e6c,1228,actualizacion-suspension-de-terminos-y-plazos-asi-como-habilitacion-de-dias-y-ho,2020-04-01,legacy_id,covered,date_match
es:1226,es,1226,El impacto de COVID-19 en arrendamientos,"Abril, 2020",2020-04,,c1974f18-a3e6-4dba-8baa-c135ab7abe34,1226,el-impacto-de-covid-19-en-arrendamientos,2020-04-01,legacy_id,covered,date_match
es:1224,es,1224,Extensión en la suspensión de las actividades de la Comisión Federal de Competencia Económica y sus procedimientos,"Abril, 2020",2020-04,,2bba216e-07c5-4425-8afd-8b9a9da2cc33,1224,extension-en-la-suspension-de-las-actividades-de-la-comision-federal-de-competen,2020-04-01,legacy_id,covered,date_match
es:1222,es,1222,Difusión por parte del Instituto Mexicano del Seguro Social de los instrumentos legales y administrativos disponibles para facilitar el pago de cuotas obrero-patronales,"Abril, 2020",2020-04,,311569c7-925a-436b-adf9-31c1cc2649ee,1222,difusion-por-parte-del-instituto-mexicano-del-seguro-social-de-los-instrumentos-,2020-04-01,legacy_id,covered,date_match
es:1220,es,1220,Análisis de las facilidades administrativas y estímulos fiscales otorgados por diversos Estados de la República,"Abril, 2020",2020-04,,61121da7-260a-477c-9671-817be10ff0fa,1220,analisis-de-las-facilidades-administrativas-y-estimulos-fiscales-otorgados-por-d,2020-04-01,legacy_id,covered,date_match
es:1217,es,1217,Apoyos económicos y/o estímulos fiscales federales y estatales frente a COVID-19,"Abril, 2020",2020-04,,1fad1958-b223-4052-a518-e4ead2cd02f5,1217,apoyos-economicos-y-o-estimulos-fiscales-federales-y-estatales-frente-a-covid-19,2020-04-01,legacy_id,covered,date_match
es:1214,es,1214,Guía de Orientación Jurídica por Afectaciones Derivadas del COVID-19.,"Abril, 2020",2020-04,,30f1cbcc-9eda-4817-934e-1106a5c4cb31,1214,guia-de-orientacion-juridica-por-afectaciones-derivadas-del-covid-19,2020-04-01,legacy_id,covered,date_match
es:1213,es,1213,Suspensión otorgada en un juicio de amparo en relación con las facultades del Ejecutivo Federal contempladas por el artículo 39 del Código Fiscal de la Federación,"Abril, 2020",2020-04,,2dbbb656-502b-4840-9e7c-1d12ebb37182,1213,suspension-otorgada-en-un-juicio-de-amparo-en-relacion-con-las-facultades-del-ej,2020-04-01,legacy_id,covered,date_match
es:1211,es,1211,Se identifican actividades esenciales reguladas y supervisadas por la Secretaria de Comunicaciones y Transportes,"Abril, 2020",2020-04,,b607704e-0a9b-41cc-8a6f-66ae0cf626ae,1211,se-identifican-actividades-esenciales-reguladas-y-supervisadas-por-la-secretaria,2020-04-01,legacy_id,covered,date_match
es:1209,es,1209,Se habilitan días y horas para trámites y procedimientos de la Secretaría de Medio Ambiente y Recursos Naturales,"Abril, 2020",2020-04,,668c085f-ea36-4c31-b872-3cacc69cdd8e,1209,se-habilitan-dias-y-horas-para-tramites-y-procedimientos-de-la-secretaria-de-med,2020-04-01,legacy_id,covered,date_match
es:1207,es,1207,Criterios aplicables para el desarrollo de inspecciones laborales extraordinarias durante la contingencia provocada por la presencia del virus COVID-19,"Abril, 2020",2020-04,,32c1b407-48d8-4102-a78a-3f7d712b5c84,1207,criterios-aplicables-para-el-desarrollo-de-inspecciones-laborales-extraordinaria,2020-04-01,legacy_id,covered,date_match
es:1205,es,1205,Actualización: Suspensión de términos y plazos de la Comisión Reguladora de Energía,"Abril, 2020",2020-04,,c540444c-565d-4cd3-84dd-cdc25aa475bb,1205,actualizacion-suspension-de-terminos-y-plazos-de-la-comision-reguladora-de-energia-1205,2020-04-01,legacy_id,covered,date_match
es:1203,es,1203,Se precisa el alcance de ciertas actividades no sujetas a suspensión,"Abril, 2020",2020-04,,07021e04-d833-4511-97d7-60df3377d3c6,1203,se-precisa-el-alcance-de-ciertas-actividades-no-sujetas-a-suspension,2020-04-01,legacy_id,covered,date_match
es:1201,es,1201,Reestructuras en época de COVID-19,"Abril, 2020",2020-04,,d5118556-14c8-4e44-aeea-c36d29cf77ec,1201,reestructuras-en-epoca-de-covid-19,2020-04-01,legacy_id,covered,date_match
es:1199,es,1199,"Se facilita al sector público la adquisición e importación de medicamentos, equipos e insumos médicos, necesarios para combatir la enfermedad COVID-19","Abril, 2020",2020-04,,860582e7-e171-4591-87cf-cdbdb211e3b1,1199,se-facilita-al-sector-publico-la-adquisicion-e-importacion-de-medicamentos-equip,2020-04-01,legacy_id,covered,date_match
es:1197,es,1197,AB InBev reitera su apuesta por la energía renovable en México,"Diciembre, 2019",2019-12,,a2f62cbc-24a7-4e58-96a4-b3d4ded3e828,1197,ab-inbev-reitera-su-apuesta-por-la-energia-renovable-en-mexico-1197,2019-12-01,legacy_id,covered,date_match
es:1196,es,1196,Santander desarrolla una estrategia de pagos en México,"Marzo, 2020",2020-03,,78466f6a-166b-4507-a1a4-1502f649ae8a,1196,santander-desarrolla-una-estrategia-de-pagos-en-mexico-1196,2020-03-01,legacy_id,covered,date_match
es:1195,es,1195,Suspensión de términos y plazos para el Centro Nacional de Control de Energía,"Abril, 2020",2020-04,,5d3188b2-26d1-4ec1-8674-700f68818a1b,1195,suspension-de-terminos-y-plazos-para-el-centro-nacional-de-control-de-energia,2020-04-01,legacy_id,covered,date_match
es:1193,es,1193,La Secretaría de Salud adopta medidas extraordinarias adicionales para hacer frente a la enfermedad del COVID-19,"Abril, 2020",2020-04,,d58f7820-7be7-45ac-91c4-6ac7c8f7bba1,1193,la-secretaria-de-salud-adopta-medidas-extraordinarias-adicionales-para-hacer-fre,2020-04-01,legacy_id,covered,date_match
es:1191,es,1191,Impacto regulatorio en alimentos y bebidas,"Abril, 2020",2020-04,,e8c86833-c00a-407f-b961-405819acbdf7,1191,impacto-regulatorio-en-alimentos-y-bebidas,2020-04-01,legacy_id,covered,date_match
es:1189,es,1189,El IMPI emitió un nuevo acuerdo por medio del cual suspendió actividades,"Abril, 2020",2020-04,,68c9cb6d-74ea-4dc5-889a-9a5ce4592dfb,1189,el-impi-emitio-un-nuevo-acuerdo-por-medio-del-cual-suspendio-actividades,2020-04-01,legacy_id,covered,date_match
es:1187,es,1187,Se adoptan medidas extraordinarias adicionales para hacer frente a la enfermedad del COVID-19,"Marzo, 2020",2020-03,,50d57813-82f8-4bfc-8178-8260efab778a,1187,se-adoptan-medidas-extraordinarias-adicionales-para-hacer-frente-a-la-enfermedad,2020-03-01,legacy_id,covered,date_match
es:1185,es,1185,Nueva NOM de Etiquetado de alimentos y bebidas no alcohólicas (NOM-051-SCFI/SSA1-2010),"Marzo, 2020",2020-03,,e19aa4bf-8bc7-4e9d-9bfb-2908d2f19a4c,1185,nueva-nom-de-etiquetado-de-alimentos-y-bebidas-no-alcoholicas-nom-051-scfi-ssa1-,2020-03-01,legacy_id,covered,date_match
es:1183,es,1183,Medidas para mantener la operación de los trámites de Comercio Exterior,"Marzo, 2020",2020-03,,2726c2a1-6560-43fd-bef2-96544f3f6bb0,1183,medidas-para-mantener-la-operacion-de-los-tramites-de-comercio-exterior,2020-03-01,legacy_id,covered,date_match
es:1181,es,1181,Actualización: Suspensión de términos y plazos para la Secretaría de Energía,"Marzo, 2020",2020-03,,c6094d27-ee37-493c-af9c-f9dce5d160dd,1181,actualizacion-suspension-de-terminos-y-plazos-para-la-secretaria-de-energia,2020-03-01,legacy_id,covered,date_match
es:1179,es,1179,Suspensión de términos y plazos para autoridades federales del sector energético y ambiental,"Marzo, 2020",2020-03,,5073aef9-cfb7-4c0c-95c4-587a2ff1f408,1179,suspension-de-terminos-y-plazos-para-autoridades-federales-del-sector-energetico,2020-03-01,legacy_id,covered,date_match
es:1177,es,1177,La Secretaría de Salud anuncia medidas para hacer frente a contingencia COVID-19,"Marzo, 2020",2020-03,,acb66f01-822b-4337-a71d-82bec3c19ce0,1177,la-secretaria-de-salud-anuncia-medidas-para-hacer-frente-a-contingencia-covid-19,2020-03-01,legacy_id,covered,date_match
es:1175,es,1175,Acuerdo del IMPI del 23 de marzo de 2020,"Marzo, 2020",2020-03,,36dcf821-e44e-4a75-ad16-60c6fedaf241,1175,acuerdo-del-impi-del-23-de-marzo-de-2020,2020-03-01,legacy_id,covered,date_match
es:1173,es,1173,Declaratoria de la pandemia de COVID-19 como enfermedad grave y medidas previas de respuesta,"Marzo, 2020",2020-03,,05b9ffda-0d56-47a6-a436-a0d1e4b76bfe,1173,declaratoria-de-la-pandemia-de-covid-19-como-enfermedad-grave-y-medidas-previas-,2020-03-01,legacy_id,covered,date_match
es:1171,es,1171,"Impacto del COVID-19 en las empresas, el cumplimiento de contratos y otras obligaciones en México","Marzo, 2020",2020-03,,60be615a-16ec-48f2-96d9-1a0c246f0053,1171,impacto-del-covid-19-en-las-empresas-el-cumplimiento-de-contratos-y-otras-obliga,2020-03-01,legacy_id,covered,date_match
es:1169,es,1169,Fe de erratas. Impacto del COVID-19 en las actividades de la Comisión Federal de Competencia Económica y sus procedimientos,"Marzo, 2020",2020-03,,bc87d995-bc19-43ff-bb1d-c503c78f4d74,1169,fe-de-erratas-impacto-del-covid-19-en-las-actividades-de-la-comision-federal-de-,2020-03-01,legacy_id,covered,date_match
es:1167,es,1167,Suspensión de términos y plazos para la Administración Pública de la Ciudad de México,"Marzo, 2020",2020-03,,ed4e34ca-7a5d-4cb0-aaa2-925c6fac0262,1167,suspension-de-terminos-y-plazos-para-la-administracion-publica-de-la-ciudad-de-m,2020-03-01,legacy_id,covered,date_match
es:1165,es,1165,COVID-19: Suspensión de términos procesales de autoridades mexicanas en materia de PI,"Marzo, 2020",2020-03,,e88b82d9-708b-4706-a178-397e686307f6,1165,covid-19-suspension-de-terminos-procesales-de-autoridades-mexicanas-en-materia-d,2020-03-01,legacy_id,covered,date_match
es:1163,es,1163,Impacto del COVID-19 en las actividades de la Comisión Federal de Competencia Económica y sus procedimientos,"Marzo, 2020",2020-03,,a24e1d2a-2804-4e01-b964-3eb0f626b333,1163,impacto-del-covid-19-en-las-actividades-de-la-comision-federal-de-competencia-ec,2020-03-01,legacy_id,covered,date_match
es:1161,es,1161,La entrada en vigor del T-MEC está cada vez más cerca,"Marzo, 2020",2020-03,,eb3991a2-6a07-4690-a64f-77572cae01da,1161,la-entrada-en-vigor-del-t-mec-esta-cada-vez-mas-cerca,2020-03-01,legacy_id,covered,date_match
es:1159,es,1159,Respuesta de VWyS ante el COVID-19,"Marzo, 2020",2020-03,,55288b2d-47aa-4266-b5a9-5d17bad0dba9,1159,respuesta-de-vwys-ante-el-covid-19,2020-03-01,legacy_id,covered,date_match
es:1156,es,1156,Nota sobre las Disposiciones Regulatorias del Programa de Inmunidad y Reducción de Sanciones,"Marzo, 2020",2020-03,,67630adc-719c-4f86-b3a6-816f90948dfc,1156,nota-sobre-las-disposiciones-regulatorias-del-programa-de-inmunidad-y-reduccion-,2020-03-01,legacy_id,covered,date_match
es:1155,es,1155,Posibles implicaciones en materia laboral relacionadas con el COVID-19,"Marzo, 2020",2020-03,,3eb01746-cd8b-4f5d-bfce-94d6e50adb44,1155,posibles-implicaciones-en-materia-laboral-relacionadas-con-el-covid-19,2020-03-01,legacy_id,covered,date_match
es:1153,es,1153,"Von Wobeser y Sierra, S.C. anuncia dos nuevos Socios y una nueva Consejera","Febrero, 2020",2020-02,,76259ab4-759d-483d-a5fd-a1fe7db8240e,1153,von-wobeser-y-sierra-s-c-anuncia-dos-nuevos-socios-y-una-nueva-consejera,2020-02-01,legacy_id,covered,date_match
es:1149,es,1149,"Von Wobeser y Sierra, S.C. es galardonada con el premio “Leading Lights 2019”","Febrero, 2020",2020-02,,4481196f-b86b-4935-b5c4-5c8de2a827df,1149,von-wobeser-y-sierra-s-c-es-galardonada-con-el-premio-leading-lights-2019,2020-02-01,legacy_id,covered,date_match
es:1147,es,1147,Modificación propuesta a los términos para solicitar la modificación de permisos de generación de energía eléctrica,"Febrero, 2020",2020-02,,400b28b8-31d9-4e3d-b562-3500928f9294,1147,modificacion-propuesta-a-los-terminos-para-solicitar-la-modificacion-de-permisos,2020-02-01,legacy_id,covered,date_match
es:1143,es,1143,La Secretaría de Energía actualiza la Estrategia de Transición para promover el uso de tecnologías y combustibles más limpios,"Febrero, 2020",2020-02,,2d432cde-0720-43cf-a095-ef8185b63d20,1143,la-secretaria-de-energia-actualiza-la-estrategia-de-transicion-para-promover-el-,2020-02-01,legacy_id,covered,date_match
es:1140,es,1140,Senado de los Estados Unidos de América ratifica TMEC,"Febrero, 2020",2020-02,,38e45177-c1d4-489c-8a53-76832cdfdf60,1140,senado-de-los-estados-unidos-de-america-ratifica-tmec,2020-02-01,legacy_id,covered,date_match
es:1139,es,1139,Valores de la Unidad de Medida y Actualización (UMA) vigentes a partir del 1o de febrero de 2020,"Enero, 2020",2020-01,,6f7f723e-e1ef-4cc5-862c-802a4f7d188f,1139,valores-de-la-unidad-de-medida-y-actualizacion-uma-vigentes-a-partir-del-1o-de-f,2020-01-01,legacy_id,covered,date_match
es:1137,es,1137,Centro Federal de Conciliación y Registro Laboral,"Enero, 2020",2020-01,,aa6e9131-80cd-4cf6-b32e-98412c764a30,1137,centro-federal-de-conciliacion-y-registro-laboral,2020-01-01,legacy_id,covered,date_match
es:1134,es,1134,Modificaciones a disposiciones fiscales para 2020,"Enero, 2020",2020-01,,51b4e23b-a82c-439f-a07f-178d963f95e4,1134,modificaciones-a-disposiciones-fiscales-para-2020-2,2020-01-01,legacy_id,covered,date_match
es:1133,es,1133,Diego Sierra - GRR - Restructuring of the Americas 2020 - México,"Enero, 2020",2020-01,,ac5c7c52-6fa1-43a5-b7f3-6b35a59e6a30,1133,diego-sierra-grr-restructuring-of-the-americas-2020-mexico-2,2020-01-01,legacy_id,covered,date_match
es:1131,es,1131,Adrián Magallanes & Diego Sierra - Latin Lawyer Reference Litigation 2020 - México,"Diciembre, 2019",2019-12,,fd4183b6-5918-4b7f-a5cb-6271246312b3,1131,adrian-magallanes-diego-sierra-latin-lawyer-reference-litigation-2020-mexico-2,2019-12-01,legacy_id,covered,date_match
es:1129,es,1129,Nuevo salario mínimo a partir del 1° de enero de 2020,"Diciembre, 2019",2019-12,,a76eed01-2254-4b6a-b9e0-ac8cbf62e22b,1129,nuevo-salario-minimo-a-partir-del-1-de-enero-de-2020,2019-12-01,legacy_id,covered,date_match
es:1127,es,1127,Mecanismo laboral de solución de controversias incluido en el T-MEC/USMCA,"Diciembre, 2019",2019-12,,0c1868f1-2170-4f5b-a9ab-d1ef9144c705,1127,mecanismo-laboral-de-solucion-de-controversias-incluido-en-el-t-mec-usmca,2019-12-01,legacy_id,covered,date_match
es:1125,es,1125,Modificaciones al T-MEC,"Diciembre, 2019",2019-12,,fcb36660-3e8d-4437-b121-e40f752dba4b,1125,modificaciones-al-t-mec,2019-12-01,legacy_id,covered,date_match
es:1123,es,1123,Modificaciones a disposiciones fiscales para 2020,"Diciembre, 2019",2019-12,,c00799a2-c597-4362-9e51-50a42c01d97a,1123,modificaciones-a-disposiciones-fiscales-para-2020,2019-12-01,legacy_id,covered,date_match
es:1121,es,1121,Modificaciones a las Reglas de Comercio Exterior emitidas por la Secretaría de Economía,"Diciembre, 2019",2019-12,,c224f611-d6b1-4832-96e9-a481294cd5e6,1121,modificaciones-a-las-reglas-de-comercio-exterior-emitidas-por-la-secretaria-de-e,2019-12-01,legacy_id,covered,date_match
es:1119,es,1119,Aprobación por el Congreso de la Unión del Paquete Económico 2020,"Noviembre, 2019",2019-11,,6f1e29f9-be2a-4127-a23e-eb3a550caf93,1119,aprobacion-por-el-congreso-de-la-union-del-paquete-economico-2020,2019-11-01,legacy_id,covered,date_match
es:1117,es,1117,La Secretaría de Energía modifica los lineamientos y criterios para el otorgamiento de certificados de energías limpias,"Octubre, 2019",2019-10,,ff4f5935-2df7-4081-95ca-3df10c892f6a,1117,la-secretaria-de-energia-modifica-los-lineamientos-y-criterios-para-el-otorgamie,2019-10-01,legacy_id,covered,date_match
es:1114,es,1114,"NOM-035-STPS-2018, factores de riesgo psicosocial en el trabajo; identificación, análisis y prevención","Octubre, 2019",2019-10,,cf18e8b7-9d23-4d2a-82f0-4767698d8eca,1114,nom-035-stps-2018-factores-de-riesgo-psicosocial-en-el-trabajo-identificacion-an,2019-10-01,legacy_id,covered,date_match
es:1112,es,1112,Nuevo etiquetado frontal de alimentos,"Octubre, 2019",2019-10,,1dad8960-a1a2-4d41-9dce-726608cbb3a8,1112,nuevo-etiquetado-frontal-de-alimentos,2019-10-01,legacy_id,covered,date_match
es:1111,es,1111,Cobro Digital (CoDi),"Septiembre, 2019",2019-09,,4d16eac8-2dc5-4a87-b1df-fdee01885f88,1111,cobro-digital-codi,2019-09-01,legacy_id,covered,date_match
es:1109,es,1109,"PEP emite, para consulta pública, el Contrato de Servicios Integrales de Exploración y Extracción","Agosto, 2019",2019-08,,591e14b1-4b79-40d4-977a-95cd528e6fe1,1109,pep-emite-para-consulta-publica-el-contrato-de-servicios-integrales-de-exploraci,2019-08-01,legacy_id,covered,date_match
es:1107,es,1107,Primera Resolución de Modificaciones a la Resolución Miscelánea Fiscal para 2019 y sus Anexos 1 y 1-A,"Agosto, 2019",2019-08,,0a41e881-b7d8-4fb9-8e1d-3db54d1ee8cc,1107,primera-resolucion-de-modificaciones-a-la-resolucion-miscelanea-fiscal-para-2019,2019-08-01,legacy_id,covered,date_match
es:1105,es,1105,Ley Nacional de Extinción de Dominio,"Agosto, 2019",2019-08,,6b88e4f5-9624-4d27-a979-4e9bf0640be5,1105,ley-nacional-de-extincion-de-dominio,2019-08-01,legacy_id,covered,date_match
es:1103,es,1103,Protocolo para la Legitimación de Contratos Colectivos de Trabajo,"Agosto, 2019",2019-08,,71d3c474-99db-4bf1-a4a4-3d25346cf5de,1103,protocolo-para-la-legitimacion-de-contratos-colectivos-de-trabajo,2019-08-01,legacy_id,covered,date_match
es:1100,es,1100,"Disposiciones de Carácter General en Transparencia y Sanas Prácticas, emitidas por la CONDUSEF, aplicables a las ITF","Julio, 2019",2019-07,1101,61a39dc7-5cfc-4a16-82b0-441bf9c11374,1101,general-transparency-and-healthy-practices-provisions-issued-by-the-condusef-app,2019-07-01,verified_language_counterpart,covered,date_match
es:1098,es,1098,"Reforma a la Ley Federal del Trabajo y del Seguro Social, en materia de trabajadores del hogar","Julio, 2019",2019-07,1099,c662f27c-fd89-4d15-8b4f-99ac0d537a99,1099,reform-of-the-federal-labor-and-social-security-laws-in-relation-to-domestic-wor,2019-07-01,verified_language_counterpart,covered,date_match
es:1096,es,1096,Reforma en relación al otorgamiento de licencias para padres cuyos hijos hayan sido diagnosticados con cáncer,"Junio, 2019",2019-06,1097,86015d69-303e-4e25-bc3c-f709ac344643,1097,reform-in-relation-to-the-granting-of-leave-for-parents-whose-children-have-been,2019-06-01,verified_language_counterpart,covered,date_match
es:1095,es,1095,Latin Lawyer- Entendiendo al Peje: lo que los abogados esperan de la presidencia de AMLO,"Mayo, 2019",2019-05,,9579dee0-bfb9-47bf-8389-ba2db760f1f5,1095,latin-lawyer-entendiendo-al-peje-lo-que-los-abogados-esperan-de-la-presidencia-de-amlo-1095,2019-05-01,legacy_id,covered,date_match
es:1090,es,1090,Aprobación de la Reforma Laboral en México,"Mayo, 2019",2019-05,,a0b3e371-a3ce-4d28-b781-f907c229e8bc,1090,aprobacion-de-la-reforma-laboral-en-mexico,2019-05-01,legacy_id,covered,date_match
es:1088,es,1088,Disposiciones de Carácter General que regulan los Programas de Auto Regularización,"Abril, 2019",2019-04,,dc0e740d-0b3c-4a25-b46c-ed5ceea3369f,1088,disposiciones-de-caracter-general-que-regulan-los-programas-de-auto-regularizaci,2019-04-01,legacy_id,covered,date_match
es:1086,es,1086,"Resolución mediante la cual se condona el pago de adeudos, multas fiscales, recargos y gastos de ejecución y se brindan facilidades administrativas","Abril, 2019",2019-04,,cd8046b9-8e1f-4403-ba8f-aa79c1f79842,1086,resolucion-mediante-la-cual-se-condona-el-pago-de-adeudos-multas-fiscales-recarg,2019-04-01,legacy_id,covered,date_match
es:1085,es,1085,Latin Lawyer- COFECE investiga el mercado de harina de maíz en México,"Abril, 2019",2019-04,,b4bfe7e5-a40a-4f5d-a469-38f0985c6d5c,1085,latin-lawyer-cofece-investiga-el-mercado-de-harina-de-maiz-en-mexico,2019-04-01,legacy_id,covered,date_match
es:1082,es,1082,La Cámara de Diputados aprueba la iniciativa de reforma a la Ley Federal Trabajo,"Abril, 2019",2019-04,,3647d458-33bc-47b6-8010-5da4edc8b622,1082,la-camara-de-diputados-aprueba-la-iniciativa-de-reforma-a-la-ley-federal-trabajo,2019-04-01,legacy_id,covered,date_match
es:1080,es,1080,"Adquisición centralizada de medicamentos y material de curación, por las entidades federativas, para el ejercicio 2019","Abril, 2019",2019-04,,614fb731-dc75-4d06-a104-c62b09ad47e3,1080,adquisicion-centralizada-de-medicamentos-y-material-de-curacion-por-las-entidade,2019-04-01,legacy_id,covered,date_match
es:1078,es,1078,Disposiciones de Carácter General aplicables a Modelos Novedosos emitidas por la SHCP y CNBV,"Abril, 2019",2019-04,,5e7a8105-ab6a-4ac1-a93a-ef7e1dd7a484,1078,disposiciones-de-caracter-general-aplicables-a-modelos-novedosos-emitidas-por-la,2019-04-01,legacy_id,covered,date_match
es:1077,es,1077,Inicia cumplimiento obligatorio del Código de Red para todos los usuarios en media y alta tensión conectados a la red,"Abril, 2019",2019-04,,e8063aaa-6326-439c-8ddd-037ec6a904ad,1077,inicia-cumplimiento-obligatorio-del-codigo-de-red-para-todos-los-usuarios-en-med,2019-04-01,legacy_id,covered,date_match
es:1075,es,1075,Latin Lawyer- Von Wobeser apoya a proveedor de servicios petroleros para obtener contratos de Pemex,"Abril, 2019",2019-04,,9fae6700-6587-4a42-8f22-968ee4cc8ed5,1075,latin-lawyer-von-wobeser-apoya-a-proveedor-de-servicios-petroleros-para-obtener-,2019-04-01,legacy_id,covered,date_match
es:1073,es,1073,Lex Latin- Borr Drilling es adjudicada con contrato de servicios por Pemex,"Abril, 2019",2019-04,,8c1607ea-a859-402c-9029-12954aaa42d6,1073,lex-latin-borr-drilling-es-adjudicada-con-contrato-de-servicios-por-pemex,2019-04-01,legacy_id,covered,date_match
es:1070,es,1070,Lex Latin- Grupo Modelo invierte USD 726 millones en planta de producción en México,"Abril, 2019",2019-04,,1eb04e77-d21a-4ec2-b202-f17f3bd13e19,1070,lex-latin-grupo-modelo-invierte-usd-726-millones-en-planta-de-produccion-en-mexi,2019-04-01,legacy_id,covered,date_match
es:1068,es,1068,La Secretaría de Energía modifica los términos para la estricta separación legal de la Comisión Federal de Electricidad,"Abril, 2019",2019-04,,b6e21a3c-025b-4528-b5aa-3f2b5c945308,1068,la-secretaria-de-energia-modifica-los-terminos-para-la-estricta-separacion-legal,2019-04-01,legacy_id,covered,date_match
es:1067,es,1067,"El área de Competencia Económica, liderada por Fernando Carreño, es reconocida con el premio al “Asunto de abuso de dominancia del año en America” por Global Competition Review (GCR)","Abril, 2019",2019-04,,fa6e23ed-2346-40e6-9509-bbf19aae0f5b,1067,el-area-de-competencia-economica-liderada-por-fernando-carreno-es-reconocida-con,2019-04-01,legacy_id,covered,date_match
es:1065,es,1065,Resolución que modifica las Disposiciones de Carácter General aplicables a las Instituciones de Tecnología Financiera,"Marzo, 2019",2019-03,,0d1408ad-4aba-4855-917b-ec016ef8998f,1065,resolucion-que-modifica-las-disposiciones-de-caracter-general-aplicables-a-las-i,2019-03-01,legacy_id,covered,date_match
es:1062,es,1062,Circulares emitidas por el Banco de México en materia de Mitigación de Riesgos; Operaciones con Activos Virtuales; Modelos Novedosos y Operaciones en Moneda Extranjera,"Marzo, 2019",2019-03,,3aea0b85-7d94-4b97-bb9f-4b011e13a460,1062,circulares-emitidas-por-el-banco-de-mexico-en-materia-de-mitigacion-de-riesgos-operaciones-con-a-1062,2019-03-01,legacy_id,covered,date_match
es:1061,es,1061,Latin Lawyer- Fernando Carreño- Regulador de competencia económica multa a compañía de información crediticia por su negativa a negociar en México,"Marzo, 2019",2019-03,,a1a828f6-6ec5-4a63-93f3-f9462c71eca4,1061,latin-lawyer-fernando-carreno-regulador-de-competencia-economica-multa-a-compani,2019-03-01,legacy_id,covered,date_match
es:1059,es,1059,Global Competition Review- Fernando Carreño- Compañía de información crediticia multada por negarse a negociar en México,"Marzo, 2019",2019-03,,d38dce0b-bcd4-4f12-ad76-923ad61c74b4,1059,global-competition-review-fernando-carreno-compania-de-informacion-crediticia-multada-por-negars-1059,2019-03-01,legacy_id,covered,date_match
es:1056,es,1056,Rankings Globales de Chambers and Partners 2019- Von Wobeser y Sierra,"Febrero, 2019",2019-02,,89c4e7a9-7037-411a-8929-ce2c43c579bc,1056,rankings-globales-de-chambers-and-partners-2019-von-wobeser-y-sierra,2019-02-01,legacy_id,covered,date_match
es:1055,es,1055,Nuevo mecanismo para fijar los precios máximos de venta al público de medicamentos de patente,"Febrero, 2019",2019-02,,9be82e48-b9d0-4c40-a6b6-0632e3cdecea,1055,nuevo-mecanismo-para-fijar-los-precios-maximos-de-venta-al-publico-de-medicament,2019-02-01,legacy_id,covered,date_match
es:1053,es,1053,Latin Lawyer- Von Wobeser & Sierra reconocido como Leading Light 2018 en relación a pro bono,"Febrero, 2019",2019-02,,02d5ae58-6b61-4215-bc5c-bc233699e21a,1053,latin-lawyer-von-wobeser-sierra-reconocido-como-leading-light-2018-en-relacion-a,2019-02-01,legacy_id,covered,date_match
es:1050,es,1050,Criterios y Procedimiento PLD aplicables a Transmisores de Dinero,"Febrero, 2019",2019-02,,05fb56b6-db06-482b-a013-f2300b156e34,1050,criterios-y-procedimiento-pld-aplicables-a-transmisores-de-dinero,2019-02-01,legacy_id,covered,date_match
es:1048,es,1048,Iniciativa de Reforma a la Ley Federal Trabajo,"Enero, 2019",2019-01,,ec62978c-b080-4c53-b52b-5a21d65d68c2,1048,iniciativa-de-reforma-a-la-ley-federal-trabajo,2019-01-01,legacy_id,covered,date_match
es:1045,es,1045,Global Competition Review (GCR 100) reconoce una vez más a Von Wobeser y Sierra como Firma Elite,"Enero, 2019",2019-01,,9a680aa4-d9a0-4f76-9378-eb74569d48a7,1045,global-competition-review-gcr-100-reconoce-una-vez-mas-a-von-wobeser-y-sierra-co,2019-01-01,legacy_id,covered,date_match
es:1041,es,1041,Valores de la Unidad de Medida y Actualización (UMA) vigentes a partir del 1º de febrero de 2019,"Enero, 2019",2019-01,,c30baee1-5f5e-4677-a539-040bca6ddcc3,1041,valores-de-la-unidad-de-medida-y-actualizacion-uma-vigentes-a-partir-del-1-de-fe,2019-01-01,legacy_id,covered,date_match
es:1038,es,1038,Latin Lawyer- Claus von Wobeser- Consorcio del Canal de Panamá obligado a pagar,"Enero, 2019",2019-01,,a9c6777c-dca0-4785-a82d-017550f67c98,1038,latin-lawyer-claus-von-wobeser-consorcio-del-canal-de-panama-obligado-a-pagar,2019-01-01,legacy_id,covered,date_match
es:1036,es,1036,Global Arbitration Review- Claus von Wobeser- Consorcio del Canal de Panamá obligado a pagar,"Diciembre, 2018",2018-12,,4daba686-ed6b-40cb-be48-97c76fcf3b12,1036,global-arbitration-review-claus-von-wobeser-consorcio-del-canal-de-panama-obliga,2018-12-01,legacy_id,covered,date_match
es:1032,es,1032,Nuevo salario mínimo general a partir del 1 de enero de 2019,"Diciembre, 2018",2018-12,,2f4c05ee-7fde-4007-9fb0-63a696050b04,1032,nuevo-salario-minimo-general-a-partir-del-1-de-enero-de-2019,2018-12-01,legacy_id,covered,date_match
es:1029,es,1029,Suprema Corte de Justicia de la Nación declara inconstitucional la exclusión de los empleados domésticos del régimen obligatorio del Instituto Mexicano del Seguro Social,"Diciembre, 2018",2018-12,,95283f43-6ffc-42a0-9894-64bcd514b9ce,1029,suprema-corte-de-justicia-de-la-nacion-declara-inconstitucional-la-exclusion-de-,2018-12-01,legacy_id,covered,date_match
es:1028,es,1028,Nuevo salario mínimo a partir del 1 de enero de 2019 y creación de Salario Mínimo General Fronterizo,"Diciembre, 2018",2018-12,,4663f6ca-5f9b-41d7-a3d5-671db41db907,1028,nuevo-salario-minimo-a-partir-del-1-de-enero-de-2019-y-creacion-de-salario-minim,2018-12-01,legacy_id,covered,date_match
es:1017,es,1017,Latin Lawyer- Fernando Carreño- La entidad mexicana reguladora de competencia económica investiga el mercado de sistemas de cobro con tarjeta,"Noviembre, 2018",2018-11,,c046d4e8-ee67-4688-b862-ff77e810cec4,1017,latin-lawyer-fernando-carreno-la-entidad-mexicana-reguladora-de-competencia-econ,2018-11-01,legacy_id,covered,date_match
es:1015,es,1015,Evento: Implicaciones Jurídicas de la Terminación del Proyecto del Nuevo Aeropuerto de la CDMX,"Octubre, 2018",2018-10,,d23ee913-89f8-4295-9b01-63827ea6535d,1015,evento-implicaciones-juridicas-de-la-terminacion-del-proyecto-del-nuevo-aeropuer,2018-10-01,legacy_id,covered,date_match
es:1010,es,1010,Evento: Planning Past Unconscious Bias: The ArbitralWomen Diversity Toolkit,"Octubre, 2018",2018-10,,ac20a02f-ce79-44aa-942b-47fc713a04b5,1010,evento-planning-past-unconscious-bias-the-arbitralwomen-diversity-toolkit-1010,2018-10-01,legacy_id,covered,date_match
es:1009,es,1009,Global Arbitration Review- Adrián Magallanes- IBA revela nueva junta de oficiales,"Octubre, 2018",2018-10,,a1d98bea-0116-4ba6-936a-540739ceefde,1009,global-arbitration-review-adrian-magallanes-iba-revela-nueva-junta-de-oficiales,2018-10-01,legacy_id,covered,date_match
es:1007,es,1007,Latin Lawyer- Fernando Carreño- Manufacturera de acero multada por incumplimiento de compromisos de competencia económica,"Octubre, 2018",2018-10,,4b010e6c-6192-4a75-a22f-3c6a1bae0e47,1007,latin-lawyer-fernando-carreno-manufacturera-de-acero-multada-por-incumplimiento-,2018-10-01,legacy_id,covered,date_match
es:1005,es,1005,"Acuerdo entre Estado Unidos de América, México y Canadá y los aranceles al acero","Octubre, 2018",2018-10,,6a8d05d3-1a15-4cd4-a132-4400293f2ced,1005,acuerdo-entre-estado-unidos-de-america-mexico-y-canada-y-los-aranceles-al-acero,2018-10-01,legacy_id,covered,date_match
es:1003,es,1003,Ley Orgánica de la Fiscalía General de la República,"Octubre, 2018",2018-10,,516faca4-512c-4ac8-ad4b-6e7df018beef,1003,ley-organica-de-la-fiscalia-general-de-la-republica,2018-10-01,legacy_id,covered,date_match
es:1001,es,1001,"Lex Latin- Andrés Nieto, Rodolfo Trampe, Santiago Barraza & Alix Trimmer- Fondo Creation Investments invierte MXN 250 millones en financiera Pluscorp","Septiembre, 2018",2018-09,,fb7bd92d-a1fc-49db-9aa5-6affb8ec4edf,1001,lex-latin-andres-nieto-rodolfo-trampe-santiago-barraza-alix-trimmer-fondo-creati,2018-09-01,legacy_id,covered,date_match
es:998,es,998,Ratificación Convenio 98 de la OIT y propuestas del Gobierno electo para cambiar el modelo laboral,"Septiembre, 2018",2018-09,,d3d87723-e0fd-4149-a378-9b748437ef3c,998,ratificacion-convenio-98-de-la-oit-y-propuestas-del-gobierno-electo-para-cambiar,2018-09-01,legacy_id,covered,date_match
es:996,es,996,Reformas y adiciones al Estatuto Orgánico de la Comisión Nacional para la Protección y Defensa de los Usuarios de Servicios Financieros,"Septiembre, 2018",2018-09,,69b23018-7e77-424c-aa21-4a86853e0b85,996,reformas-y-adiciones-al-estatuto-organico-de-la-comision-nacional-para-la-protec,2018-09-01,legacy_id,covered,date_match
es:995,es,995,"Legislación secundaria a la Ley para Regular Instituciones de Tecnología Financiera de carácter general, en materia de lavado de dinero y aplicable a las Instituciones de Fondos de Pago Electrónico","Septiembre, 2018",2018-09,,9cbe63b4-01d7-4796-afda-2afbcb97dbcf,995,legislacion-secundaria-a-la-ley-para-regular-instituciones-de-tecnologia-financi,2018-09-01,legacy_id,covered,date_match
es:993,es,993,Resoluciones en materia de crédito y requerimientos de información por autoridades a Instituciones de Tecnología Financiera (ITF),"Septiembre, 2018",2018-09,,583c5e15-dd5a-499f-a709-df0f5dc402f9,993,resoluciones-en-materia-de-credito-y-requerimientos-de-informacion-por-autoridad,2018-09-01,legacy_id,covered,date_match
es:991,es,991,Global Arbitration Review- Claus von Wobeser- Laudo en contra de la compañía eléctrica del Estado de Tanzania mantenido,"Septiembre, 2018",2018-09,,b32601a3-4193-4547-a479-90f556cc8485,991,global-arbitration-review-claus-von-wobeser-laudo-en-contra-de-la-compania-elect,2018-09-01,legacy_id,covered,date_match
es:988,es,988,El CENAGAS emite bases preliminares de licitación para almacenamiento estratégico de gas natural en Veracruz,"Agosto, 2018",2018-08,,28604613-898a-4fcd-b8b6-6c878f2855b2,988,el-cenagas-emite-bases-preliminares-de-licitacion-para-almacenamiento-estrategico-de-gas-natural-988,2018-08-01,legacy_id,covered,date_match
es:983,es,983,Latin Lawyer- Fernando Carreño- Pemex multado con $22 millones de dólares por entrega tardía de reporte de auditoría,"Agosto, 2018",2018-08,,cc54ba1d-fcf1-4625-8774-f33b6ca4dd49,983,latin-lawyer-fernando-carreno-pemex-multado-con-22-millones-de-dolares-por-entre,2018-08-01,legacy_id,covered,date_match
es:979,es,979,La profesora Andrea K. Bjorkland entrevistó a Claus von Wobeser,"Agosto, 2018",2018-08,,54fdb857-c22f-4426-85a1-005eacae99f8,979,la-profesora-andrea-k-bjorkland-entrevisto-a-claus-von-wobeser-979,2018-08-01,legacy_id,covered,date_match
es:977,es,977,Reglas secundarias a la Ley para Regular las Instituciones de Tecnología Financiera en materia de lavado de dinero y de carácter general,"Agosto, 2018",2018-08,976,867c14ae-4c86-4fb7-b264-e591a3b15849,976,secondary-rules-to-the-law-regulating-financial-technology-institutions-in-relat,2018-08-01,verified_language_counterpart,covered,date_match
es:970,es,970,Lex Latin- Luis Burgueño y Marisol Márquez- Monex adquiere mayoría de Arrendadora Avance en México,"Julio, 2018",2018-07,973,1f0fc112-dd58-4504-832f-803306f4d028,973,lex-latin-luis-burgueno-marisol-marquez-monex-acquires-majority-stake-in-arrenda,2018-07-01,verified_language_counterpart,covered,date_match
es:969,es,969,Latin Lawyer- Fernando Carreño- Comisionados de la COFECE consideran lineamientos redundantes,"Julio, 2018",2018-07,968,a834caca-d3f6-42cf-be9f-7c7d5d185205,968,latin-lawyer-fernando-carreno-mexican-antitrust-commissioners-felt-guidelines-we,2018-07-01,verified_language_counterpart,covered,date_match
es:967,es,967,LACCA- Claus von Wobeser- Abogados llaman a AMLO a elaborar una estrategia para combatir la corrupción,"Julio, 2018",2018-07,966,da58a4ed-9964-4b09-ba45-6ab9edba65bd,966,lacca-claus-von-wobeser-lawyers-call-on-amlo-to-outline-anti-corruption-strategy,2018-07-01,verified_language_counterpart,covered,date_match
es:965,es,965,Las primeras disposiciones de carácter general de la Ley Fintech serán publicadas en septiembre,"Julio, 2018",2018-07,964,fc3a2a87-2de7-4190-9209-b448fb6c57d5,964,the-first-general-provisions-of-the-fintech-law-will-be-published-in-september,2018-07-01,verified_language_counterpart,covered,date_match
es:963,es,963,“Erradicar la corrupción y la impunidad será la misión principal del nuevo gobierno”: Andrés Manuel López Obrador,"Julio, 2018",2018-07,,b5f14a79-bff5-422f-a8b9-a319f62a6e54,963,erradicar-la-corrupcion-y-la-impunidad-sera-la-mision-principal-del-nuevo-gobier,2018-07-01,legacy_id,covered,date_match
es:961,es,961,Latin Lawyer- Luis Burgueño- El triunfo electoral de López Obrador no agobia a los abogados mexicanos,"Julio, 2018",2018-07,960,183c2249-16c5-4382-99f2-238434cb5b97,960,latin-lawyer-luis-burgueno-lopez-obrador-s-landslide-victory-leaves-mexican-lawy,2018-07-01,verified_language_counterpart,covered,date_match
es:959,es,959,Forbes- Diego Sierra- Especial de Abogados: Cómo atacar la corrupción,"Julio, 2018",2018-07,958,72f3f22c-560d-4d01-a34e-de390386bbc1,958,forbes-diego-sierra-lawyers-special-how-to-combat-corruption,2018-07-01,verified_language_counterpart,covered,date_match
es:957,es,957,Modificaciones a la Ley Aduanera y creación de la figura de la “Agencia Aduanal”,"Junio, 2018",2018-06,956,67e038cf-2305-41e8-9b7c-6171b75d5047,956,amendments-to-the-customs-law-and-creation-of-the-customs-agency,2018-06-01,verified_language_counterpart,covered,date_match
es:951,es,951,Reforma exige publicación de los socios y accionistas de las sociedades de responsabilidad limitada y sociedades anónimas en México,"Junio, 2018",2018-06,952,09eedc3a-ed8b-49cf-a2f8-5fa0cee67893,952,amendment-requires-publication-of-partners-and-shareholders-of-limited-liability,2018-06-01,verified_language_counterpart,covered,date_match
es:950,es,950,Latin Lawyer- Fernando Carreño- Comentan especialistas que México podría desechar los lineamientos de alianzas estratégicas en relación a competencia económica,"Junio, 2018",2018-06,,65ffd8c1-a9a6-40a3-b5f0-c3049b2f23eb,950,latin-lawyer-fernando-carreno-comentan-especialistas-que-mexico-podria-desechar-,2018-06-01,legacy_id,covered,date_match
es:945,es,945,Lex Latin- Edmond Grieger y Ariel Garfio- Von Wobeser asesora a Faurecia en contrato de energías limpias,"Junio, 2018",2018-06,,b3575aa1-6174-413f-8ac9-8b016626d567,945,lex-latin-edmond-grieger-y-ariel-garfio-von-wobeser-asesora-a-faurecia-en-contra,2018-06-01,legacy_id,covered,date_match
es:944,es,944,"Fernando Carreño, es reconocido “Abogado del año - con menos de 40 años” por Global Competition Review (GCR)","Abril, 2018",2018-04,,468f39e9-bdac-4a1c-a206-32720fe8733b,944,fernando-carreno-es-reconocido-abogado-del-ano-con-menos-de-40-anos-por-global-c,2018-04-01,legacy_id,covered,date_match
es:941,es,941,Lex Latin- Edmond Grieger y Ariel Garfio- Invenergy vende electricidad al Cenace con asesoría de Von Wobeser,"Junio, 2018",2018-06,,fe49946c-8ca7-4d63-b4cd-5b0924a9c09d,941,lex-latin-edmond-grieger-y-ariel-garfio-invenergy-vende-electricidad-al-cenace-c,2018-06-01,legacy_id,covered,date_match
es:938,es,938,La SEMARNAT expide la nueva Ley General de Desarrollo Forestal Sustentable,"Junio, 2018",2018-06,,6ba3cc4f-f007-4a3a-ae0b-4bb30256f255,938,la-semarnat-expide-la-nueva-ley-general-de-desarrollo-forestal-sustentable,2018-06-01,legacy_id,covered,date_match
es:936,es,936,Global Competition Review- Fernando Carreño- Bayer/Monsanto recibe luz verde,"Junio, 2018",2018-06,,45f2bca7-7cee-4e54-986f-d4cd5d12169b,936,global-competition-review-fernando-carreno-bayer-monsanto-recibe-luz-verde,2018-06-01,legacy_id,covered,date_match
es:934,es,934,México elimina ciertas preferencias arancelarias bajo el TLCAN e incrementa los aranceles a diversos productos originarios de Estados Unidos de América,"Junio, 2018",2018-06,,f935a2d6-94ee-4a1b-a94b-613ab4415ad2,934,mexico-elimina-ciertas-preferencias-arancelarias-bajo-el-tlcan-e-incrementa-los-,2018-06-01,legacy_id,covered,date_match
es:930,es,930,México anuncia la imposición de aranceles de represalia a diversos productos originarios de Estados Unidos de América,"Junio, 2018",2018-06,,5b0d415c-45ee-45fa-ba51-11c0ddcb2ec2,930,mexico-anuncia-la-imposicion-de-aranceles-de-represalia-a-diversos-productos-ori,2018-06-01,legacy_id,covered,date_match
es:928,es,928,Latin Lawyer- Fernando Carreño- El programa de lenidad de México como amenaza a la competencia económica,"Mayo, 2018",2018-05,,68e53b88-60fe-425f-8c02-e4d81cb7ca31,928,latin-lawyer-fernando-carreno-el-programa-de-lenidad-de-mexico-como-amenaza-a-la,2018-05-01,legacy_id,covered,date_match
es:924,es,924,Evento: LCIA in Mexico - Introduction and Discussion Panel,"Mayo, 2018",2018-05,,22c827a3-f9a6-47d1-8296-a9880d2f6096,924,evento-lcia-in-mexico-introduction-and-discussion-panel,2018-05-01,legacy_id,covered,date_match
es:913,es,913,Reglamento General de Protección de Datos (RGDP),"Mayo, 2018",2018-05,,ae459d5c-a19a-4801-8262-f0a9bf2596b9,913,reglamento-general-de-proteccion-de-datos-rgdp,2018-05-01,legacy_id,covered,date_match
es:912,es,912,México aprueba el “Acuerdo Global y Progresivo para la Asociación Transpacífico”,"Mayo, 2018",2018-05,,af561c54-31c4-48db-9a91-fe1c7dcb042e,912,mexico-aprueba-el-acuerdo-global-y-progresivo-para-la-asociacion-transpacifico,2018-05-01,legacy_id,covered,date_match
es:908,es,908,Firma del “Acuerdo Global y Progresivo para la Asociación Transpacífico”,"Marzo, 2018",2018-03,,747bd0cf-999c-4519-93ac-2b1be5b23824,908,firma-del-acuerdo-global-y-progresivo-para-la-asociacion-transpacifico,2018-03-01,legacy_id,covered,date_match
es:904,es,904,Aprobación de la Ley Fintech mexicana,"Marzo, 2018",2018-03,,17c98706-3c33-4566-9385-82a8f6e18124,904,aprobacion-de-la-ley-fintech-mexicana,2018-03-01,legacy_id,covered,date_match
es:902,es,902,La Comisión Federal de Electricidad publicó las bases de la licitación para la primer línea de transmisión en corriente directa.,"Marzo, 2018",2018-03,,9c9b497c-3ba5-43e0-95a2-94c34983dc7c,902,la-comision-federal-de-electricidad-publico-las-bases-de-la-licitacion-para-la-p,2018-03-01,legacy_id,covered,date_match
es:900,es,900,Necesidad de optimizar programas de compliance a la luz de la iniciativa de reforma del artículo 102 Constitucional.,"Febrero, 2018",2018-02,,ea4295a7-af35-4921-a858-1d4095720526,900,necesidad-de-optimizar-programas-de-compliance-a-la-luz-de-la-iniciativa-de-refo,2018-02-01,legacy_id,covered,date_match
es:897,es,897,La Secretaría de Energía convoca a la licitación pública internacional para interconectar los sistemas eléctricos mexicanos.,"Febrero, 2018",2018-02,,4a482b72-5070-4bc4-a730-68a26a8c2070,897,la-secretaria-de-energia-convoca-a-la-licitacion-publica-internacional-para-inte,2018-02-01,legacy_id,covered,date_match
es:896,es,896,Iniciativa Ciudadana de reforma: Apartado A del Artículo 102° Constitucional a la luz de la responsabilidad penal de las personas morales,"Febrero, 2018",2018-02,,e48e2255-c6fb-4893-828e-49808355b635,896,iniciativa-ciudadana-de-reforma-apartado-a-del-articulo-102-constitucional-a-la-,2018-02-01,legacy_id,covered,date_match
es:893,es,893,La Secretaría de Energía emite el manual para la interconexión de Centrales Eléctricas y conexión de Centros de Carga.,"Febrero, 2018",2018-02,,57453077-86a1-43ca-92b4-52a3d98ea351,893,la-secretaria-de-energia-emite-el-manual-para-la-interconexion-de-centrales-elec,2018-02-01,legacy_id,covered,date_match
es:891,es,891,"Fernando Carreño, nominado como “Abogado del año"" con menos de 40 años por Global Competition Review (GCR)","Febrero, 2018",2018-02,,685fdec4-9385-48af-b5b3-698ba6564828,891,fernando-carreno-nominado-como-abogado-del-ano-con-menos-de-40-anos-por-global-c,2018-02-01,legacy_id,covered,date_match
es:889,es,889,La Comisión Nacional de Hidrocarburos emite la convocatoria y bases de la segunda licitación de la ronda 3 para yacimientos terrestres.,"Febrero, 2018",2018-02,,1df02289-8e32-4af8-ba26-0b73dad2ea11,889,la-comision-nacional-de-hidrocarburos-emite-la-convocatoria-y-bases-de-la-segund,2018-02-01,legacy_id,covered,date_match
es:886,es,886,Latin Lawyer- Despachos mexicanos promueven nuevos socios,"Febrero, 2018",2018-02,,80117fac-2639-4dc5-9e37-4feb3c9f03fc,886,latin-lawyer-despachos-mexicanos-promueven-nuevos-socios,2018-02-01,legacy_id,covered,date_match
es:883,es,883,Leaders League- Von Wobeser y Sierra nombra dos nuevos Socios,"Enero, 2018",2018-01,,0fad9a15-6fca-4dd7-a6e5-3d858b048696,883,leaders-league-von-wobeser-y-sierra-nombra-dos-nuevos-socios,2018-01-01,legacy_id,covered,date_match
es:881,es,881,"Von Wobeser y Sierra, S.C. anuncia nuevos socios para 2018","Enero, 2018",2018-01,,f94430d5-6451-439a-a792-2c9f66d6625d,881,von-wobeser-y-sierra-s-c-anuncia-nuevos-socios-para-2018,2018-01-01,legacy_id,covered,date_match
es:879,es,879,GCR 100 reconoce Von Wobeser y Sierra como uno de los mejores 100 despachos en la Práctica de Competencia Económica.,"Enero, 2018",2018-01,,7a2c3058-a280-4063-8f4d-b33c9b0d3c3c,879,gcr-100-reconoce-von-wobeser-y-sierra-como-uno-de-los-mejores-100-despachos-en-l,2018-01-01,legacy_id,covered,date_match
es:878,es,878,Law360- México busca atraer inversionistas mientras las pláticas de intercambio comercial continúan,"Enero, 2018",2018-01,,7547591d-ebc2-4841-8c1e-98aedfbd5004,878,law360-mexico-busca-atraer-inversionistas-mientras-las-platicas-de-intercambio-c,2018-01-01,legacy_id,covered,date_match
es:876,es,876,Latin Lawyer- Grupo Modelo adquiere propiedad para invertir en una nueva planta,"Enero, 2018",2018-01,,76427789-b56a-4a40-847e-899c7ebd71f9,876,latin-lawyer-grupo-modelo-adquiere-propiedad-para-invertir-en-una-nueva-planta,2018-01-01,legacy_id,covered,date_match
es:874,es,874,Von Wobeser y Sierra recibió el reconocimiento de Leading Lights 2017,"Enero, 2018",2018-01,,11b0c7d0-b753-42ab-9f80-445387939b0e,874,von-wobeser-y-sierra-recibio-el-reconocimiento-de-leading-lights-2017,2018-01-01,legacy_id,covered,date_match
es:870,es,870,Montserrat Manzano reconocida en la Lista de Future Leaders Menores de 45 en Arbitraje de Who’s Who Legal,"Diciembre, 2017",2017-12,,cee0a18e-2c10-4245-b936-3ce42e0a3e84,870,montserrat-manzano-reconocida-en-la-lista-de-future-leaders-menores-de-45-en-arb,2017-12-01,legacy_id,covered,date_match
es:862,es,862,Lex Latin- Key Safety Systems adquiere Takata,"Diciembre, 2017",2017-12,,38feeb92-3d2d-4965-b251-c0d773f5460a,862,lex-latin-key-safety-systems-adquiere-takata,2017-12-01,legacy_id,covered,date_match
es:860,es,860,Lex Latin- Von Wobeser asesora a Grupo Modelo para construir planta de cerveza en México,"Diciembre, 2017",2017-12,,2346a84c-5085-4155-9a9b-65e9487f66e8,860,lex-latin-von-wobeser-asesora-a-grupo-modelo-para-construir-planta-de-cerveza-en,2017-12-01,legacy_id,covered,date_match
es:858,es,858,Latin Lawyer- Takata cambia de manos tras concurso mercantil,"Diciembre, 2017",2017-12,,17ca4be4-3f81-4501-8d28-c009901176b7,858,latin-lawyer-takata-cambia-de-manos-tras-concurso-mercantil,2017-12-01,legacy_id,covered,date_match
es:856,es,856,Comunicado Oficial de la Comisión Reguladora de Energía y del Centro Nacional de Control de Energía,"Septiembre, 2017",2017-09,,9d9935a0-2ed8-4efc-b862-47d96d2bd545,856,comunicado-oficial-de-la-comision-reguladora-de-energia-y-del-centro-nacional-de,2017-09-01,legacy_id,covered,date_match
es:854,es,854,Socios de Von Wobeser y Sierra reconocidos por Best Lawyers,"Diciembre, 2017",2017-12,,82181cd8-c5df-413f-a1a2-07cfdf6fbe62,854,socios-de-von-wobeser-y-sierra-reconocidos-por-best-lawyers,2017-12-01,legacy_id,covered,date_match
es:852,es,852,Nuevo salario mínimo a partir del 1 de diciembre de 2017,"Noviembre, 2017",2017-11,,a1a470a3-b46c-4a48-87e8-b85246a7aac5,852,nuevo-salario-minimo-a-partir-del-1-de-diciembre-de-2017,2017-11-01,legacy_id,covered,date_match
es:850,es,850,La Comisión Reguladora De Energía emite el acuerdo que describe aspectos generales sobre el abasto aislado y generación local de energía eléctrica,"Noviembre, 2017",2017-11,,6d60dd2c-96b4-4fe8-b975-904c6eb69baf,850,la-comision-reguladora-de-energia-emite-el-acuerdo-que-describe-aspectos-general,2017-11-01,legacy_id,covered,date_match
es:845,es,845,Claus von Wobeser es honrado con el Lifetime Achievement Award por parte de Chambers & Partners,"Noviembre, 2017",2017-11,,dae3ad3e-45e8-4eec-beb3-b9ae238e60d2,845,claus-von-wobeser-es-honrado-con-el-lifetime-achievement-award-por-parte-de-cham,2017-11-01,legacy_id,covered,date_match
es:830,es,830,Lex Latin- Motherson Sumi recauda EUR 300 millones en oferta pública,"Noviembre, 2017",2017-11,,2b668616-a0d5-48b9-81ee-b6ef25685078,830,lex-latin-motherson-sumi-recauda-eur-300-millones-en-oferta-publica,2017-11-01,legacy_id,covered,date_match
es:828,es,828,Cuatro Socios de Von Wobeser y Sierra aprobados por LACCA para 2018,"Noviembre, 2017",2017-11,,d7d36285-9836-4153-8ea2-c1416e7eb565,828,cuatro-socios-de-von-wobeser-y-sierra-aprobados-por-lacca-para-2018,2017-11-01,legacy_id,covered,date_match
es:826,es,826,Global Investigation Review (GIR)- Von Wobeser y Sierra firma seleccionada en 2017,"Noviembre, 2017",2017-11,,4e93941c-795c-495d-b6c1-ba1148bbb730,826,global-investigation-review-gir-von-wobeser-y-sierra-firma-seleccionada-en-2017,2017-11-01,legacy_id,covered,date_match
es:824,es,824,"Latin Lawyer- Rupert Hüttler, Luis Burgueño y Alberto Córdoba- Von Wobeser y Sierra dirige a la subsidiaria mexicana de Motherson Sumi en emisión de deuda","Octubre, 2017",2017-10,,8a582c01-e2aa-4dbe-a671-c3b9776796e9,824,latin-lawyer-rupert-huttler-luis-burgueno-y-alberto-cordoba-von-wobeser-y-sierra,2017-10-01,legacy_id,covered,date_match
es:821,es,821,Andres Nieto- Panelista en la primera edición para Latinoamérica del entrenamiento TrustLaw,"Octubre, 2017",2017-10,,626e2bab-973e-407f-88b2-fa2757311828,821,andres-nieto-panelista-en-la-primera-edicion-para-latinoamerica-del-entrenamient,2017-10-01,legacy_id,covered,date_match
es:818,es,818,La Comisión Nacional de Hidrocarburos emite la convocatoria y bases para la primera licitación de la Ronda 3,"Septiembre, 2017",2017-09,,8b2b3a24-97ff-4e73-85ce-82c7437f96f1,818,la-comision-nacional-de-hidrocarburos-emite-la-convocatoria-y-bases-para-la-prim,2017-09-01,legacy_id,covered,date_match
es:807,es,807,Acuerdo Oficial del Instituto Mexicano de la Propiedad Industrial y Aviso del Instituto Nacional del Derecho de Autor,"Septiembre, 2017",2017-09,,432381c1-0638-46b0-abd7-069a5dda9ca8,807,acuerdo-oficial-del-instituto-mexicano-de-la-propiedad-industrial-y-aviso-del-in,2017-09-01,legacy_id,covered,date_match
es:801,es,801,Sesión Especial: “Perspectiva internacional sobre el combate a la corrupción desde la sociedad civil organizada”,"Septiembre, 2017",2017-09,,8c979f7b-254f-46c8-b5cc-ee018941b49c,801,sesion-especial-perspectiva-internacional-sobre-el-combate-a-la-corrupcion-desde,2017-09-01,legacy_id,covered,date_match
es:799,es,799,Licitaciones Ronda Uno para el Sector de Hidrocarburos,"Enero, 2015",2015-01,,0ae1662e-7043-480a-82c6-917fcba855c3,799,licitaciones-ronda-uno-para-el-sector-de-hidrocarburos,2015-01-01,legacy_id,covered,date_match
es:797,es,797,"Montserrat Manzano, Asociada Senior de Von Wobeser y Sierra ha sido nombrada como miembro y representante del Consejo Editorial de News & Notes del Center for American & International Law","Enero, 2015",2015-01,,bb1038a8-0947-4faa-a5a6-a4c6eeff5af9,797,montserrat-manzano-asociada-senior-de-von-wobeser-y-sierra-ha-sido-nombrada-como,2015-01-01,legacy_id,covered,date_match
es:795,es,795,Global Competition Review- México revisa las franjas horarias en aeropuertos su primera investigación relacionada a “barreras de competencia”,"Febrero, 2015",2015-02,,02bc5a70-4768-4b84-85d9-829b19ee9f00,795,global-competition-review-mexico-revisa-las-franjas-horarias-en-aeropuertos-su-p,2015-02-01,legacy_id,covered,date_match
es:793,es,793,Latin American Corporate Counsel Association (LACCA) –Top 100: México.,"Febrero, 2015",2015-02,,0d58d5f1-ffdb-4fe1-bb5a-e624cd1ef33b,793,latin-american-corporate-counsel-association-lacca-top-100-mexico,2015-02-01,legacy_id,covered,date_match
es:791,es,791,"Guillermo Ortíz Mayagoitia, Consejero de Von Wobeser y Sierra (Ex Ministro de la Suprema Corte de Justicia de la Nación) y nuestro Socio, Diego Sierra participaron en la Judicial Integrity Initiative de la International Bar Association en Londres","Febrero, 2015",2015-02,,6ea279f7-7b01-43cd-9dc2-d02944920028,791,guillermo-ortiz-mayagoitia-consejero-de-von-wobeser-y-sierra-ex-ministro-de-la-s,2015-02-01,legacy_id,covered,date_match
es:789,es,789,Latin Lawyer- Von Wobeser en Estados Unidos de América se encarga de componentes electrónicos,"Febrero, 2015",2015-02,,b1607284-0c1b-4d3c-bb76-f84facfaa073,789,latin-lawyer-von-wobeser-en-estados-unidos-de-america-se-encarga-de-componentes-,2015-02-01,legacy_id,covered,date_match
es:787,es,787,"Global Arbitration Review - The GAR 100, La Guía de Firmas Especializadas en Arbitraje","Febrero, 2015",2015-02,,e1135758-d3e5-48a5-b066-00bf48a8da7a,787,global-arbitration-review-the-gar-100-la-guia-de-firmas-especializadas-en-arbitr,2015-02-01,legacy_id,covered,date_match
es:785,es,785,Latin Lawyer- Von Wobeser asesora a Grupo Modelo invertir en octava cervecería mexicana,"Febrero, 2015",2015-02,,f915914b-a399-4e4e-91a2-a0d725eca006,785,latin-lawyer-von-wobeser-asesora-a-grupo-modelo-invertir-en-octava-cerveceria-me,2015-02-01,legacy_id,covered,date_match
es:783,es,783,"Latin Lawyer - Costa Rica desata polémica, con un examen de admisión para practicantes","Marzo, 2015",2015-03,,ddce88d1-f287-4459-a536-32853d99ded9,783,latin-lawyer-costa-rica-desata-polemica-con-un-examen-de-admision-para-practican,2015-03-01,legacy_id,covered,date_match
es:781,es,781,Latin Lawyer – México investiga el incremento en el alto precio del huevo,"Marzo, 2015",2015-03,,e31b357f-c064-4386-8b81-09b84ea40792,781,latin-lawyer-mexico-investiga-el-incremento-en-el-alto-precio-del-huevo,2015-03-01,legacy_id,covered,date_match
es:779,es,779,Cámara de Diputados aprueba reformas a la Ley Federal del Trabajo,"Abril, 2015",2015-04,,d97b5339-c1cc-46fa-a9e3-78f2136bd53a,779,camara-de-diputados-aprueba-reformas-a-la-ley-federal-del-trabajo,2015-04-01,legacy_id,covered,date_match
es:777,es,777,Reforma en Materia de Combate a la Corrupción,"Abril, 2015",2015-04,,6bdb81a9-21d6-46c4-8613-e374eaa53c5c,777,reforma-en-materia-de-combate-a-la-corrupcion,2015-04-01,legacy_id,covered,date_match
es:775,es,775,"Andrés Nieto, Socio, conferencista en 4ta Conferencia Finanzas Corporativas Latin Lawyer en NY","Junio, 2015",2015-06,,ec50483e-496b-4143-89c5-83cf75cfbee7,775,andres-nieto-socio-conferencista-en-4ta-conferencia-finanzas-corporativas-latin-,2015-06-01,legacy_id,covered,date_match
es:773,es,773,Entra en vigor la Nueva Ley General de Transparencia y Acceso a la Información Pública,"Junio, 2015",2015-06,,967fcc4e-310e-4e0e-a13e-fbef894b5953,773,entra-en-vigor-la-nueva-ley-general-de-transparencia-y-acceso-a-la-informacion-p,2015-06-01,legacy_id,covered,date_match
es:771,es,771,Se Publica Reglamento de la Ley de Ayuda para los Trabajadores,"Junio, 2015",2015-06,,9aa76155-9c62-4ae9-8a1c-d2f5c56254aa,771,se-publica-reglamento-de-la-ley-de-ayuda-para-los-trabajadores,2015-06-01,legacy_id,covered,date_match
es:769,es,769,Bases de Licitación y Modelo de Contrato de Producción Compartida Definitivos Convocatoria 1 -Ronda Uno- Aguas Someras,"Junio, 2015",2015-06,,d5b67183-74ea-48e8-b153-494b88902676,769,bases-de-licitacion-y-modelo-de-contrato-de-produccion-compartida-definitivos-co,2015-06-01,legacy_id,covered,date_match
es:767,es,767,Se adiciona el artículo 29 Bis a la Ley del Instituto del Fondo de la Vivienda para los Trabajadores en materia de Subcontratación,"Junio, 2015",2015-06,,aba75ae4-443f-4b3b-b081-1d23f92cfebf,767,se-adiciona-el-articulo-29-bis-a-la-ley-del-instituto-del-fondo-de-la-vivienda-p,2015-06-01,legacy_id,covered,date_match
es:765,es,765,"Von Wobeser y Sierra, S.C. es reconocido por Thompson Reuters en su reporte “2015 TrustLaw Index of Pro Bono 2015”","Junio, 2015",2015-06,,4a80e0c4-340f-4828-9cc8-68af9d3d3cc6,765,von-wobeser-y-sierra-s-c-es-reconocido-por-thompson-reuters-en-su-reporte-2015-t,2015-06-01,legacy_id,covered,date_match
es:763,es,763,Latin Lawyer – México investiga pensiones,"Julio, 2015",2015-07,,08278fde-7301-4aae-b27e-501ab26c9037,763,latin-lawyer-mexico-investiga-pensiones,2015-07-01,legacy_id,covered,date_match
es:761,es,761,Contratos de la Ronda Uno; Observaciones generales en materia de Obligaciones Ambientales,"Julio, 2015",2015-07,,47c19334-4a99-4286-8176-c131538126ce,761,contratos-de-la-ronda-uno-observaciones-generales-en-materia-de-obligaciones-amb,2015-07-01,legacy_id,covered,date_match
es:759,es,759,Modificaciones a las bases y al modelo de contrato de la Licitación No. CNH-R01-L02/2015,"Agosto, 2015",2015-08,,ce744d46-b563-4274-a1c4-4da21bb31392,759,modificaciones-a-las-bases-y-al-modelo-de-contrato-de-la-licitacion-no-cnh-r01-l,2015-08-01,legacy_id,covered,date_match
es:757,es,757,Ronda Uno- Aspectos Legales Relevantes,"Septiembre, 2015",2015-09,,2af2e41d-ab2e-4088-9e88-77e752d9845b,757,ronda-uno-aspectos-legales-relevantes,2015-09-01,legacy_id,covered,date_match
es:755,es,755,Acciones ejecutivas de la Secretaría de la Función Pública en materia de combate a la corrupción,"Septiembre, 2015",2015-09,,c43a8f6a-5be5-47ce-815b-7578c816e1db,755,acciones-ejecutivas-de-la-secretaria-de-la-funcion-publica-en-materia-de-combate,2015-09-01,legacy_id,covered,date_match
es:753,es,753,Homologación del salario mínimo en todo el país,"Septiembre, 2015",2015-09,,82ebec1b-0a6c-486e-b316-c4ba7858e9e6,753,homologacion-del-salario-minimo-en-todo-el-pais,2015-09-01,legacy_id,covered,date_match
es:751,es,751,Chambers Latin America 2016,"Septiembre, 2015",2015-09,,dc9cf16e-397f-43c5-bb2b-2f3723018f8b,751,chambers-latin-america-2016-2,2015-09-01,legacy_id,covered,date_match
es:749,es,749,The Legal 500 Latin America,"Septiembre, 2015",2015-09,,d9add830-f398-44e2-81e5-1ad2d414f5a0,749,the-legal-500-latin-america-2,2015-09-01,legacy_id,covered,date_match
es:747,es,747,GIR 100 Selected firm 2015,"Septiembre, 2015",2015-09,,988a0b1c-944f-4d22-83b5-aa4e1cc179e4,747,gir-100-selected-firm-2015-2,2015-09-01,legacy_id,covered,date_match
es:745,es,745,Nuevos instrumentos de inversión en proyectos de energía e infraestructura: Fibras E,"Octubre, 2015",2015-10,,d691a070-8468-424c-9bfe-695cdb73161f,745,nuevos-instrumentos-de-inversion-en-proyectos-de-energia-e-infraestructura-fibra,2015-10-01,legacy_id,covered,date_match
es:743,es,743,Conferencia Anual USMBA 2015: Energizando la Región Estados Unidos-México Región,"Octubre, 2015",2015-10,,063b8b22-dd52-4f29-bc17-85c47e98d9fa,743,conferencia-anual-usmba-2015-energizando-la-region-estados-unidos-mexico-region,2015-10-01,legacy_id,covered,date_match
es:741,es,741,Modificaciones a las bases de la licitación y al modelo de contrato de la tercera convocatoria de licitaciones de la ronda uno,"Noviembre, 2015",2015-11,,bedddf8c-af8d-4932-873c-bb5fb68bf106,741,modificaciones-a-las-bases-de-la-licitacion-y-al-modelo-de-contrato-de-la-tercer,2015-11-01,legacy_id,covered,date_match
es:739,es,739,Latin Lawyer- Pro Bono 2015: Leading Lights,"Diciembre, 2015",2015-12,,f5ab9789-e2f7-4e94-9269-f5be8e20cba2,739,latin-lawyer-pro-bono-2015-leading-lights-2,2015-12-01,legacy_id,covered,date_match
es:737,es,737,"Dr. Edmund Duckwitz, Of Counsel en Von Wobeser y Sierra, S.C. ha recibido la más alta distinción del gobierno mexicano “La Orden Mexicana del Águila Azteca en grado de banda”","Diciembre, 2015",2015-12,,f8ddcd70-c13f-492a-ba10-55e2fe9de327,737,dr-edmund-duckwitz-of-counsel-en-von-wobeser-y-sierra-s-c-ha-recibido-la-mas-alt,2015-12-01,legacy_id,covered,date_match
es:735,es,735,GCR- Reconoce Global Competition Review a Fernando Carreño,"Diciembre, 2015",2015-12,,ca6cbcfa-362e-49f4-aefd-d7e4855f5b1b,735,gcr-reconoce-global-competition-review-a-fernando-carreno,2015-12-01,legacy_id,covered,date_match
es:733,es,733,VWYS apoya y celebra la Judicial Integrity Initiative de la IBA mediante la presentación de los resultados preliminares de la JII,"Diciembre, 2015",2015-12,,8ece1157-2427-4de4-9c17-61511c5a5a6b,733,vwys-apoya-y-celebra-la-judicial-integrity-initiative-de-la-iba-mediante-la-pres,2015-12-01,legacy_id,covered,date_match
es:731,es,731,Se publica Acuerdo por el que se crea el SIAAT y se dan a conocer los formatos para informar los accidentes y defunciones de los trabajadores,"Diciembre, 2015",2015-12,,46458bea-ffa8-44e6-b065-3eb7df668865,731,se-publica-acuerdo-por-el-que-se-crea-el-siaat-y-se-dan-a-conocer-los-formatos-p,2015-12-01,legacy_id,covered,date_match
es:724,es,724,International Chamber of Commerce (ICC) – Andrés Nieto – Conferencia de Arbitraje Financiero,"Marzo, 2017",2017-03,,bd9e34db-810b-4cd1-98c0-e9422841368c,724,international-chamber-of-commerce-icc-andres-nieto-conferencia-de-arbitraje-fina,2017-03-01,legacy_id,covered,date_match
es:721,es,721,"Claus von Wobeser Ha Sido Electo Presidente de CAMEXA, Julio 2009.","Julio, 2009",2009-07,,2c4f4714-49e5-4cf3-bdea-85a7a762940a,721,claus-von-wobeser-ha-sido-electo-presidente-de-camexa-julio-2009,2009-07-01,legacy_id,covered,date_match
es:719,es,719,"Von Wobeser y Sierra es Seleccionado Top 100 Despachos de Arbitraje del Mundo, Octubre 2009.","Octubre, 2009",2009-10,,d6d00979-f07f-4a89-b56a-5501ab1b1356,719,von-wobeser-y-sierra-es-seleccionado-top-100-despachos-de-arbitraje-del-mundo-oc,2009-10-01,legacy_id,covered,date_match
es:717,es,717,"Von Wobeser y Sierra es Reconocida como Firma Líder, Octubre 2009.","Octubre, 2009",2009-10,,cb869198-2574-4a26-b55e-a4629a7a1fef,717,von-wobeser-y-sierra-es-reconocida-como-firma-lider-octubre-2009,2009-10-01,legacy_id,covered,date_match
es:715,es,715,"Nuevo Sitio de Internet de Von Wobeser y Sierra, Enero 2010.","Enero, 2010",2010-01,,df125d11-f3cf-4fd8-8c97-b643f5b0e681,715,nuevo-sitio-de-internet-de-von-wobeser-y-sierra-enero-2010,2010-01-01,legacy_id,covered,date_match
es:713,es,713,"Global Arbitration Review - Von Wobeser y Sierra Promueve Nuevo Socio, Enero 2010.","Enero, 2010",2010-01,,5233e05d-275e-41cf-a76c-7e9799f214e3,713,global-arbitration-review-von-wobeser-y-sierra-promueve-nuevo-socio-enero-2010,2010-01-01,legacy_id,covered,date_match
es:711,es,711,Von Wobeser y Sierra Gana Arbitraje Asesorando a una Empresa Líder en el Sector Químico,"Julio, 2010",2010-07,,370a95a4-8b17-4b97-b7aa-c98de73bd903,711,von-wobeser-y-sierra-gana-arbitraje-asesorando-a-una-empresa-lider-en-el-sector-,2010-07-01,legacy_id,covered,date_match
es:709,es,709,Don Manuel Lizardi es nombrado Profesor Emérito de la Escuela Libre de Derecho y Publica Nuevo Libro,"Julio, 2010",2010-07,,80918504-5a95-40d8-a721-7c133bd9b5f9,709,don-manuel-lizardi-es-nombrado-profesor-emerito-de-la-escuela-libre-de-derecho-y,2010-07-01,legacy_id,covered,date_match
es:707,es,707,Von Wobeser y Sierra Obtiene Laudo Favorable para Anheuser-Busch InBev,"Julio, 2010",2010-07,,70f31c20-5333-4397-9f44-60618157c806,707,von-wobeser-y-sierra-obtiene-laudo-favorable-para-anheuser-busch-inbev,2010-07-01,legacy_id,covered,date_match
es:705,es,705,Latin Lawyer - Consejero de ICC se integra a Von Wobeser y Sierra S.C.,"Diciembre, 2011",2011-12,,cb3633a1-be5b-4ec7-9db7-3fbce968bcab,705,latin-lawyer-consejero-de-icc-se-integra-a-von-wobeser-y-sierra-s-c,2011-12-01,legacy_id,covered,date_match
es:703,es,703,Von Wobeser y Sierra Promueve a Andrés Nieto como Nuevo Socio,"Enero, 2012",2012-01,,9a943c66-65c0-4d43-8ec9-3a49b2a3a0ea,703,von-wobeser-y-sierra-promueve-a-andres-nieto-como-nuevo-socio,2012-01-01,legacy_id,covered,date_match
es:701,es,701,"Corporate Livewire - Von Wobeser y Sierra S.C. Ganó reconocimiento como el despacho del Año en Arbitraje y en Energía, Febrero 2012.","Febrero, 2012",2012-02,,2a88b07e-9df7-4bfd-a77e-7a9d64abd387,701,corporate-livewire-von-wobeser-y-sierra-s-c-gano-reconocimiento-como-el-despacho,2012-02-01,legacy_id,covered,date_match
es:699,es,699,Von Wobeser & Sierra S.C. le da la bienvenida a Victor M. Ruiz a nuestro equipo de Arbitraje,"Febrero, 2012",2012-02,,80119af7-26a9-41eb-8b87-2635e2ddc63e,699,von-wobeser-sierra-s-c-le-da-la-bienvenida-a-victor-m-ruiz-a-nuestro-equipo-de-a,2012-02-01,legacy_id,covered,date_match
es:697,es,697,"Global Arbitration Review - El despacho mexicano líder en arbitraje integra a Ex miembro del ICC, Marzo 2012.","Marzo, 2012",2012-03,,f2769be0-7d08-484b-9849-26ef5797ae0c,697,global-arbitration-review-el-despacho-mexicano-lider-en-arbitraje-integra-a-ex-m,2012-03-01,legacy_id,covered,date_match
es:695,es,695,Von Wobeser y Sierra S.C. participará activamente en la conferencia del “American Bar Association” del 14 al 16 de junio 2012,"Mayo, 2012",2012-05,,78dc5b0d-ad84-423a-aeb8-6209a6b71ac6,695,von-wobeser-y-sierra-s-c-participara-activamente-en-la-conferencia-del-american-,2012-05-01,legacy_id,covered,date_match
es:693,es,693,Latin Lawyer - Von Wobeser ayuda a minera New Gold,"Mayo, 2012",2012-05,,9ff96c2e-d6f8-4a66-8106-06709744243e,693,latin-lawyer-von-wobeser-ayuda-a-minera-new-gold,2012-05-01,legacy_id,covered,date_match
es:691,es,691,Von Wobeser y Sierra S.C. representó a Anheuser Busch InBev en la compra de Grupo Modelo,"Julio, 2012",2012-07,,4a0b74c3-7ecc-450a-ad47-b35e87e46033,691,von-wobeser-y-sierra-s-c-represento-a-anheuser-busch-inbev-en-la-compra-de-grupo,2012-07-01,legacy_id,covered,date_match
es:689,es,689,Latin Lawyer - Ocho despachos involucrados en la compra de Grupo Modelo,"Julio, 2012",2012-07,,6f2d235e-ec85-499c-bb22-dfdb6e57dddf,689,latin-lawyer-ocho-despachos-involucrados-en-la-compra-de-grupo-modelo,2012-07-01,legacy_id,covered,date_match
es:687,es,687,"Global Arbitration Review - Von Wobeser en el asiento de conductor en relación a juicio en Costa Rica, Agosto 2012","Agosto, 2012",2012-08,,9252454f-4439-4c48-a2c1-e99518be355f,687,global-arbitration-review-von-wobeser-en-el-asiento-de-conductor-en-relacion-a-j,2012-08-01,legacy_id,covered,date_match
es:685,es,685,Von Wobeser y Sierra S.C. reconocido por Chambers Latin America.,"Septiembre, 2012",2012-09,,d8122f93-77d8-4535-af69-11c6fc720942,685,von-wobeser-y-sierra-s-c-reconocido-por-chambers-latin-america,2012-09-01,legacy_id,covered,date_match
es:683,es,683,Von Wobeser y Sierra S.C. reconocido por Legal 500.,"Septiembre, 2012",2012-09,,9e65e5a5-a33d-40a1-8bae-b78d525871c1,683,von-wobeser-y-sierra-s-c-reconocido-por-legal-500,2012-09-01,legacy_id,covered,date_match
es:682,es,682,"Von Wobeser y Sierra S.C., participó en el taller “Enhancing Global Cartel Enforcement, Building on Solid Foundations” del ICN.","Octubre, 2012",2012-10,,15777536-5882-43ff-bf60-1efbc3f6acd8,682,von-wobeser-y-sierra-s-c-participo-en-el-taller-enhancing-global-cartel-enforcem,2012-10-01,legacy_id,covered,date_match
es:680,es,680,"Von Wobeser y Sierra S.C.participará en el Seminario de la ICC, “Solución de Controversias Financieras”","Octubre, 2012",2012-10,,0a1cc0cf-af3e-4829-805d-470dc4abdd70,680,von-wobeser-y-sierra-s-c-participara-en-el-seminario-de-la-icc-solucion-de-contr,2012-10-01,legacy_id,covered,date_match
es:676,es,676,Global Competition Review - AB InBev/Grupo Modelo aprobado en México,"Noviembre, 2012",2012-11,,921548d8-aad6-4b67-8160-e098914e2929,676,global-competition-review-ab-inbev-grupo-modelo-aprobado-en-mexico,2012-11-01,legacy_id,covered,date_match
es:674,es,674,Latin Lawyer - AB InBev/Grupo Modelo aprobado en México,"Noviembre, 2012",2012-11,,2520185f-498e-41ff-a800-9c08d5332b0d,674,latin-lawyer-ab-inbev-grupo-modelo-aprobado-en-mexico,2012-11-01,legacy_id,covered,date_match
es:672,es,672,Latin Lawyer-New Gold regresa a despachos conocidos para expedición de $500 millones,"Noviembre, 2012",2012-11,,d3f34b86-b491-403a-9fdd-6e3537fe4c37,672,latin-lawyer-new-gold-regresa-a-despachos-conocidos-para-expedicion-de-500-millo,2012-11-01,legacy_id,covered,date_match
es:670,es,670,Reformas a la Ley Federal del Trabajo,"Diciembre, 2012",2012-12,,f95cbd0b-713a-41b0-ab5f-7986154ba7bb,670,reformas-a-la-ley-federal-del-trabajo-2,2012-12-01,legacy_id,covered,date_match
es:668,es,668,Nueva Legislación Migratoria en México,"Diciembre, 2012",2012-12,,d1e0e884-6731-4e22-929f-64441a14ec04,668,nueva-legislacion-migratoria-en-mexico,2012-12-01,legacy_id,covered,date_match
es:666,es,666,Ley Federal para la Prevención e Identificación de Operaciones con Recursos de Procedencia Ilícita,"Enero, 2013",2013-01,,b865e51d-a34e-4c83-9dd5-c27f2f47e8a6,666,ley-federal-para-la-prevencion-e-identificacion-de-operaciones-con-recursos-de-p-6,2013-01-01,legacy_id,covered,date_match
es:664,es,664,Reformas a la ley Federal del Trabajo,"Enero, 2013",2013-01,,179323c7-5b2e-45d5-a389-06015325b530,664,reformas-a-la-ley-federal-del-trabajo,2013-01-01,legacy_id,covered,date_match
es:662,es,662,Von Wobeser y Sierra S.C. promueve a Adrían Magallanes a Socio,"Enero, 2013",2013-01,,5057c946-417a-47ed-a0f9-80115c051b84,662,von-wobeser-y-sierra-s-c-promueve-a-adrian-magallanes-a-socio,2013-01-01,legacy_id,covered,date_match
es:660,es,660,Von Wobeser y Sierra S.C. promueve a Edmond Grieger a Socio,"Enero, 2013",2013-01,,a11f84b4-cb73-4463-bb6b-4e43c76d859d,660,von-wobeser-y-sierra-s-c-promueve-a-edmond-grieger-a-socio,2013-01-01,legacy_id,covered,date_match
es:658,es,658,Von Wobeser y Sierra S.C. participará en la reunión de Alto Nivel sobre Arbitraje Comercial Internacional de la Organización de los Estados Americanos (OEA),"Enero, 2013",2013-01,,beecea3d-ae5c-42b9-9b19-4dc8e9b824e9,658,von-wobeser-y-sierra-s-c-participara-en-la-reunion-de-alto-nivel-sobre-arbitraje,2013-01-01,legacy_id,covered,date_match
es:656,es,656,Latin Lawyer - Más firmas promueven Socios,"Enero, 2013",2013-01,,bef3ba83-0461-4fb2-9e0b-3a6724dbbb33,656,latin-lawyer-mas-firmas-promueven-socios,2013-01-01,legacy_id,covered,date_match
es:654,es,654,Global Arbitration Review - Von Wobeser promueve nuevo Socio,"Enero, 2013",2013-01,,220fac9a-a997-49ce-9343-2c2c48748add,654,global-arbitration-review-von-wobeser-promueve-nuevo-socio,2013-01-01,legacy_id,covered,date_match
es:652,es,652,Latin Lawyer - AB InBev ofrece propuesta al Departamento de Justicia de Estados Unidos,"Febrero, 2013",2013-02,,727947f3-ac62-4097-93e7-46c84b316f0a,652,latin-lawyer-ab-inbev-ofrece-propuesta-al-departamento-de-justicia-de-estados-un,2013-02-01,legacy_id,covered,date_match
es:650,es,650,Nueva Ley de Amparo,"Marzo, 2013",2013-03,,ccea5a99-e06a-4a09-a194-e5153c819cdd,650,nueva-ley-de-amparo,2013-03-01,legacy_id,covered,date_match
es:648,es,648,"Von Wobeser y Sierra, S.C. participa activamente en la ANADE","Abril, 2013",2013-04,,c6f45a8c-ae1a-48c3-b6d9-5fbd56348068,648,von-wobeser-y-sierra-s-c-participa-activamente-en-la-anade,2013-04-01,legacy_id,covered,date_match
es:646,es,646,Entrada en Vigor de la Nueva Ley de Amparo,"Abril, 2013",2013-04,,c484ee6b-8835-4e99-afed-c10c9330aea5,646,entrada-en-vigor-de-la-nueva-ley-de-amparo,2013-04-01,legacy_id,covered,date_match
es:644,es,644,El Aviso de Privacidad y la Protección de Datos Personales,"Abril, 2013",2013-04,,fae727c8-4240-41a8-a9c8-d642947d469d,644,el-aviso-de-privacidad-y-la-proteccion-de-datos-personales,2013-04-01,legacy_id,covered,date_match
es:642,es,642,"Fernando Carreño de Von Wobeser y Sierra, S.C. expositor en el Primer Taller de Competencia Económica","Abril, 2013",2013-04,,84725a17-1c57-4e4f-b007-9b4b1d71be8c,642,fernando-carreno-de-von-wobeser-y-sierra-s-c-expositor-en-el-primer-taller-de-co,2013-04-01,legacy_id,covered,date_match
es:640,es,640,"Von Wobeser y Sierra, S.C. participa activamente en la INTA 2013","Abril, 2013",2013-04,,4a4d5e6c-96cb-4e15-9ce7-753e915b950b,640,von-wobeser-y-sierra-s-c-participa-activamente-en-la-inta-2013,2013-04-01,legacy_id,covered,date_match
es:638,es,638,"Von Wobeser y Sierra, S.C. estará presente en la reunión anual de la INTA 2013","Abril, 2013",2013-04,,b65d5c9f-fbfb-4eac-8fa6-e48cd8793d55,638,von-wobeser-y-sierra-s-c-estara-presente-en-la-reunion-anual-de-la-inta-2013,2013-04-01,legacy_id,covered,date_match
es:636,es,636,Propuesta de Reforma Constitucional en Materia de Adquisición de Inmuebles,"Abril, 2013",2013-04,,884fc9ee-9fdc-4b0d-8b25-804d94eefdbf,636,propuesta-de-reforma-constitucional-en-materia-de-adquisicion-de-inmuebles,2013-04-01,legacy_id,covered,date_match
es:634,es,634,Von Wobeser y Sierra S.C. es reconocido por su contribución en Pro Bono,"Mayo, 2013",2013-05,,fa7897c4-6143-4094-aa86-4a690c993d10,634,von-wobeser-y-sierra-s-c-es-reconocido-por-su-contribucion-en-pro-bono,2013-05-01,legacy_id,covered,date_match
es:632,es,632,Von Wobeser y Sierra S.C. es reconocido por Latin Lawyer 250 como uno de los mejores despachos en Latinoamérica,"Mayo, 2013",2013-05,,ffd062e1-d8ce-4997-8e6c-b57ce5725cf3,632,von-wobeser-y-sierra-s-c-es-reconocido-por-latin-lawyer-250-como-uno-de-los-mejo,2013-05-01,legacy_id,covered,date_match
es:630,es,630,Von Wobeser y Sierra S.C. es reconocido por Chambers & Partners Global,"Mayo, 2013",2013-05,,d84f43eb-31a8-4e48-aedf-508e8ab1f640,630,von-wobeser-y-sierra-s-c-es-reconocido-por-chambers-partners-global,2013-05-01,legacy_id,covered,date_match
es:628,es,628,Von Wobeser y Sierra S.C. es reconocido por IFLR 1000,"Mayo, 2013",2013-05,,5ddef520-1e8d-4cfa-91ae-a07455f0aeb3,628,von-wobeser-y-sierra-s-c-es-reconocido-por-iflr-1000,2013-05-01,legacy_id,covered,date_match
es:626,es,626,Von Wobeser y Sierra S.C. es reconocido por IFLR 1000 Latin America Energy & Infrastructure Guide,"Mayo, 2013",2013-05,,26e4e073-e586-4ec5-be9d-68bb0c46a677,626,von-wobeser-y-sierra-s-c-es-reconocido-por-iflr-1000-latin-america-energy-infras,2013-05-01,legacy_id,covered,date_match
es:624,es,624,Latin Lawyer-Suprema Corta de Justicia de Estados Unidos acepta adquisición de Anheuser Busch InBev,"Mayo, 2013",2013-05,,39fe4147-45b9-40d3-af26-dd988263642e,624,latin-lawyer-suprema-corta-de-justicia-de-estados-unidos-acepta-adquisicion-de-a,2013-05-01,legacy_id,covered,date_match
es:622,es,622,Latin Lawyer-Alsea compra franquicia de Burger King en México,"Mayo, 2013",2013-05,,0272c23d-f7b2-4bf2-966b-7c3fb40be638,622,latin-lawyer-alsea-compra-franquicia-de-burger-king-en-mexico,2013-05-01,legacy_id,covered,date_match
es:621,es,621,14 de Mayo 2013 Seminario: Presentación de la nueva Ley de Amparo,"Mayo, 2013",2013-05,,53d9f5b2-3b64-49e4-97a5-86eb21b99607,621,14-de-mayo-2013-seminario-presentacion-de-la-nueva-ley-de-amparo,2013-05-01,legacy_id,covered,date_match
es:619,es,619,"Von Wobeser y Sierra S.C., capacitará a Jueces de la República Dominicana en temas relativos a la intervención del Poder Judicial bajo la Ley Modelo de la UNCITRAL sobre Arbitraje Comercial Internacional","Mayo, 2013",2013-05,,565a2ef0-343d-4ca8-b0f5-9c165bde8370,619,von-wobeser-y-sierra-s-c-capacitara-a-jueces-de-la-republica-dominicana-en-temas,2013-05-01,legacy_id,covered,date_match
es:617,es,617,"Von Wobeser y Sierra, S.C., felicita al Lic. Silverio Sandate por la obtención de su especialidad en Derecho Autoral del Instituto de Propiedad Intelectual y Derecho de la Competencia (IPIDEC)","Mayo, 2013",2013-05,,221e60c1-bfa9-4dd5-825b-747e25fd227b,617,von-wobeser-y-sierra-s-c-felicita-al-lic-silverio-sandate-por-la-obtencion-de-su,2013-05-01,legacy_id,covered,date_match
es:615,es,615,"Von Wobeser y Sierra S.C., participará en el curso del ICC Dispute Boards en América Latina","Mayo, 2013",2013-05,,1912fbb6-f5a6-4285-9a53-cda84a36081e,615,von-wobeser-y-sierra-s-c-participara-en-el-curso-del-icc-dispute-boards-en-ameri,2013-05-01,legacy_id,covered,date_match
es:613,es,613,"Von Wobeser y Sierra S.C., asesoró a AB InBev en oferta pública 20,100 millones de dólares","Junio, 2013",2013-06,,e411709e-fb6c-43c2-b640-f5a563cf38cd,613,von-wobeser-y-sierra-s-c-asesoro-a-ab-inbev-en-oferta-publica-20-100-millones-de,2013-06-01,legacy_id,covered,date_match
es:611,es,611,Nueva Ley de Responsabilidad Ambiental,"Junio, 2013",2013-06,,7b489854-ea7c-4f4e-ad5b-0e84980699b9,611,nueva-ley-de-responsabilidad-ambiental,2013-06-01,legacy_id,covered,date_match
es:609,es,609,"Adrián Magallanes, Socio de VWyS, S.C. en la “Onceava Conferencia de Arbitraje Internacional”","Junio, 2013",2013-06,,10f4bfea-9719-48c4-9ef2-be17031ebd19,609,adrian-magallanes-socio-de-vwys-s-c-en-la-onceava-conferencia-de-arbitraje-inter,2013-06-01,legacy_id,covered,date_match
es:607,es,607,"Von Wobeser y Sierra, S.C. colabora con el Congreso de la Unión en relación a la Reforma Financiera","Junio, 2013",2013-06,,10366f3c-031d-4f3c-9ee7-22044c84de7c,607,von-wobeser-y-sierra-s-c-colabora-con-el-congreso-de-la-union-en-relacion-a-la-r,2013-06-01,legacy_id,covered,date_match
es:605,es,605,Ley Federal para la Prevención e Identificación de Operaciones con Recursos de Procedencia Ilícita,"Julio, 2013",2013-07,,d7c0fcaf-f347-4283-a263-ba7a30e07fae,605,ley-federal-para-la-prevencion-e-identificacion-de-operaciones-con-recursos-de-p-5,2013-07-01,legacy_id,covered,date_match
es:603,es,603,Latin Lawyer - Se espera el fallo de SAB en los próximos días,"Julio, 2013",2013-07,,821c65e7-868e-4062-b012-9a9cf524d573,603,latin-lawyer-se-espera-el-fallo-de-sab-en-los-proximos-dias,2013-07-01,legacy_id,covered,date_match
es:601,es,601,Latin Lawyer - México restringe contratos exclusivos de cervecera,"Julio, 2013",2013-07,,1140abb0-c24f-424c-8927-423d283f657c,601,latin-lawyer-mexico-restringe-contratos-exclusivos-de-cervecera,2013-07-01,legacy_id,covered,date_match
es:599,es,599,Latin Lawyer - 3G Gana aprobación mexicana incondicional para Heinz,"Julio, 2013",2013-07,,bfcd45d8-a010-4393-a8f2-ebef5d7e2a49,599,latin-lawyer-3g-gana-aprobacion-mexicana-incondicional-para-heinz,2013-07-01,legacy_id,covered,date_match
es:597,es,597,"Creación de los juzgados y tribunales especializados en competencia económica, radiodifusión y telecomunicaciones","Agosto, 2013",2013-08,,31fb146b-2bab-4816-8972-3e3a667efe72,597,creacion-de-los-juzgados-y-tribunales-especializados-en-competencia-economica-ra,2013-08-01,legacy_id,covered,date_match
es:595,es,595,Iniciativa de Reforma Energética,"Agosto, 2013",2013-08,,34e63797-2371-463f-a1e0-aff2c7d7cd12,595,iniciativa-de-reforma-energetica,2013-08-01,legacy_id,covered,date_match
es:593,es,593,Latin Lawyer - Von Wobeser ayuda a Modelo a despedirse del equipo de futbol,"Agosto, 2013",2013-08,,8b9b1240-fe37-4b91-ae0d-7dbf0203b99e,593,latin-lawyer-von-wobeser-ayuda-a-modelo-a-despedirse-del-equipo-de-futbol,2013-08-01,legacy_id,covered,date_match
es:591,es,591,3ra Conferencia Regional de Norteamérica y el Caribe de la IAP,"Agosto, 2013",2013-08,,0287b194-3f5d-45c0-9b29-aac4da24bde9,591,3ra-conferencia-regional-de-norteamerica-y-el-caribe-de-la-iap,2013-08-01,legacy_id,covered,date_match
es:589,es,589,"Ley Federal para la Prevención e Identificación de Operaciones con Recursos de Procedencia Ilícita, Agosto 2013","Agosto, 2013",2013-08,,24673c96-eb59-47a1-85c7-f8c5177b9cc6,589,ley-federal-para-la-prevencion-e-identificacion-de-operaciones-con-recursos-de-p-4,2013-08-01,legacy_id,covered,date_match
es:587,es,587,"Global Arbitration Review - El laudo en contra de PEMEX se reconoció como válido a pesar de su anulación en México, Septiembre 2013","Septiembre, 2013",2013-09,,2001069c-cf24-453a-9152-0807ac9bb765,587,global-arbitration-review-el-laudo-en-contra-de-pemex-se-reconocio-como-valido-a,2013-09-01,legacy_id,covered,date_match
es:585,es,585,"Ley Federal para la Prevención e Identificación de Operaciones con Recursos de Procedencia ilícita, Septiembre 2013","Septiembre, 2013",2013-09,,345c96c2-5baa-4f0c-b12c-05b3c4b154d1,585,ley-federal-para-la-prevencion-e-identificacion-de-operaciones-con-recursos-de-p-3,2013-09-01,legacy_id,covered,date_match
es:584,es,584,23 de septiembre de 2013 Seminario: Presentación Nueva Ley Anti-lavado,"Septiembre, 2013",2013-09,,60153a9c-7372-4764-a93f-86484185e138,584,23-de-septiembre-de-2013-seminario-presentacion-nueva-ley-anti-lavado,2013-09-01,legacy_id,covered,date_match
es:582,es,582,"Von Wobeser y Sierra, S.C. gana el reconocimiento de “Mexico Tax Firm of the Year” de parte de International Tax Review, Septiembre 2013.","Septiembre, 2013",2013-09,,0e20bcf9-7b01-427d-bce3-957521ded37e,582,von-wobeser-y-sierra-s-c-gana-el-reconocimiento-de-mexico-tax-firm-of-the-year-d,2013-09-01,legacy_id,covered,date_match
es:580,es,580,Sesión de Arbitraje ICDR/CANACO,"Octubre, 2013",2013-10,,35fba1a8-8473-4607-b69d-6e92bfa6cf35,580,sesion-de-arbitraje-icdr-canaco,2013-10-01,legacy_id,covered,date_match
es:578,es,578,Global Arbitration Review - Asientos Latinoamericanos van mano-a-mano en GAR Live,"Octubre, 2013",2013-10,,b509a07b-2e96-41df-824f-094710f26537,578,global-arbitration-review-asientos-latinoamericanos-van-mano-a-mano-en-gar-live,2013-10-01,legacy_id,covered,date_match
es:577,es,577,Von Wobeser y Sierra gana reconocimiento “Americas M&A Tax Deal of the Year 2013”,"Octubre, 2013",2013-10,,c98b5c5e-ad03-4e53-882c-83fd39d7a21c,577,von-wobeser-y-sierra-gana-reconocimiento-americas-m-a-tax-deal-of-the-year-2013,2013-10-01,legacy_id,covered,date_match
es:575,es,575,"Who´s Who Legal – Von Wobeser y Sierra, S.C. entre los 10 despachos líderes a nivel","Octubre, 2013",2013-10,,5f1aa53e-4442-428b-b5be-3ab628df8f2c,575,who-s-who-legal-von-wobeser-y-sierra-s-c-entre-los-10-despachos-lideres-a-nivel,2013-10-01,legacy_id,covered,date_match
es:573,es,573,Principales Modificaciones a Disposiciones Fiscales para 2014,"Noviembre, 2013",2013-11,,c7ed4188-7aed-4372-a58f-ed7f4f3dfaa1,573,principales-modificaciones-a-disposiciones-fiscales-para-2014,2013-11-01,legacy_id,covered,date_match
es:571,es,571,Firma Lider Pro Bono,"Noviembre, 2013",2013-11,,7a199f3c-f2ff-4b5f-baae-28b8a9cf6691,571,firma-lider-pro-bono,2013-11-01,legacy_id,covered,date_match
es:569,es,569,"Von Wobeser y Sierra, S.C. represento exitosamente a Pierburg Pump Technology","Noviembre, 2013",2013-11,,902c0751-df23-41bf-a5ab-d4f604cf7cf6,569,von-wobeser-y-sierra-s-c-represento-exitosamente-a-pierburg-pump-technology,2013-11-01,legacy_id,covered,date_match
es:567,es,567,"Ley Federal para la Prevención e Identificación de Operaciones con Recursos de Procedencia Ilícita, Noviembre 2013","Noviembre, 2013",2013-11,,0137fe9d-435c-4d9f-a94a-4bef507a3164,567,ley-federal-para-la-prevencion-e-identificacion-de-operaciones-con-recursos-de-p-2,2013-11-01,legacy_id,covered,date_match
es:565,es,565,Latin Lawyer - La Suprema Corte de Justicia de México dicta sentencia en una demanda de maquila que inició hace dos años.,"Diciembre, 2013",2013-12,,c0b90363-48cf-435e-97d1-b097bb7989e8,565,latin-lawyer-la-suprema-corte-de-justicia-de-mexico-dicta-sentencia-en-una-deman,2013-12-01,legacy_id,covered,date_match
es:563,es,563,"Principales Modificaciones a Disposiciones Fiscales para 2014, Diciembre 2013","Diciembre, 2013",2013-12,,a08930ba-e230-412f-a5f3-1b1f7cc4c082,563,principales-modificaciones-a-disposiciones-fiscales-para-2014-diciembre-2013,2013-12-01,legacy_id,covered,date_match
es:561,es,561,Reforma energética abre el mercado energético Mexicano a la iniciativa privada nacional y extranjera,"Diciembre, 2013",2013-12,,64cbf321-f7c3-4850-9b52-f089ea12be0c,561,reforma-energetica-abre-el-mercado-energetico-mexicano-a-la-iniciativa-privada-n,2013-12-01,legacy_id,covered,date_match
es:559,es,559,"Ley Federal para la Prevención e Identificación de Operaciones con Recursos de Procedencia Ilícita, Diciembre 2013.","Diciembre, 2013",2013-12,,b26b04f2-ffa3-4cf4-b45c-a6d211f15ec4,559,ley-federal-para-la-prevencion-e-identificacion-de-operaciones-con-recursos-de-p,2013-12-01,legacy_id,covered,date_match
es:557,es,557,"Von Wobeser y Sierra, S.C. gana el shortlist de “M&A Deal of the Year” por parte de IFLR en el 9th “Annual Americas Awards”","Enero, 2014",2014-01,,ed0cfc83-3ea2-45b4-a531-0fefea26a9a2,557,von-wobeser-y-sierra-s-c-gana-el-shortlist-de-m-a-deal-of-the-year-por-parte-de-,2014-01-01,legacy_id,covered,date_match
es:555,es,555,"Von Wobeser y Sierra, S.C. gana el shortlist de “Matter of the Year” por parte de Global Competition Review","Enero, 2014",2014-01,,29123b70-8c32-43bd-9929-b323657d2cbb,555,von-wobeser-y-sierra-s-c-gana-el-shortlist-de-matter-of-the-year-por-parte-de-gl,2014-01-01,legacy_id,covered,date_match
es:553,es,553,Cumplimiento de obligaciones patronales con motivo de las reformas laboral y fiscal,"Enero, 2014",2014-01,,4975f65c-38f4-4faf-b866-b809221d01b3,553,cumplimiento-de-obligaciones-patronales-con-motivo-de-las-reformas-laboral-y-fis,2014-01-01,legacy_id,covered,date_match
es:551,es,551,"Latin Lawyer-Leading Lights-Von Wobeser y Sierra, S.C. Líder Pro Bono","Enero, 2014",2014-01,,fd8af126-0244-4539-99bf-c84d62b6ba85,551,latin-lawyer-leading-lights-von-wobeser-y-sierra-s-c-lider-pro-bono,2014-01-01,legacy_id,covered,date_match
es:549,es,549,"Diego Sierra nuevo Socio de Von Wobeser y Sierra, S.C.","Enero, 2014",2014-01,,a534b961-b099-44f7-be01-dc300d3f3ca7,549,diego-sierra-nuevo-socio-de-von-wobeser-y-sierra-s-c,2014-01-01,legacy_id,covered,date_match
es:547,es,547,"Diego Sierra, Socio de Von Wobeser y Sierra, S.C. participará en la Conferencia del IBA/ICCV","Febrero, 2014",2014-02,,b40c667e-f828-4ac0-a8ca-94beb08d96df,547,diego-sierra-socio-de-von-wobeser-y-sierra-s-c-participara-en-la-conferencia-del,2014-02-01,legacy_id,covered,date_match
es:545,es,545,Latin Lawyer-Nuevos Socios nombrados en despachos de Colombia y México,"Febrero, 2014",2014-02,,6561ac92-fa57-4968-b22c-093349f69e4a,545,latin-lawyer-nuevos-socios-nombrados-en-despachos-de-colombia-y-mexico,2014-02-01,legacy_id,covered,date_match
es:543,es,543,Iniciativa del Ejecutivo de la nueva Ley Federal de Competencia Económica,"Febrero, 2014",2014-02,,531e2def-88fc-466f-b7ff-50c9febb2192,543,iniciativa-del-ejecutivo-de-la-nueva-ley-federal-de-competencia-economica,2014-02-01,legacy_id,covered,date_match
es:541,es,541,"Global Arbitration Review 100 (GAR 100) - Análisis de Von Wobeser y Sierra, S.C., Uno de los Despachos Top del Mundo","Febrero, 2014",2014-02,,b271d81b-9fb0-4d01-9789-0a607c5ef24b,541,global-arbitration-review-100-gar-100-analisis-de-von-wobeser-y-sierra-s-c-uno-d,2014-02-01,legacy_id,covered,date_match
es:539,es,539,Latin Lawyer-Presidente de México envía Nueva Iniciativa sobre Competencia a la Cámara,"Febrero, 2014",2014-02,,cf8a0a41-ccf1-4bbf-b669-54a385a1f1bc,539,latin-lawyer-presidente-de-mexico-envia-nueva-iniciativa-sobre-competencia-a-la-,2014-02-01,legacy_id,covered,date_match
es:537,es,537,"IFLR 1000-Partner Moves, Von Wobeser amplía su grupo de socios","Febrero, 2014",2014-02,,4d649999-65a7-4295-ad48-448d57c803c5,537,iflr-1000-partner-moves-von-wobeser-amplia-su-grupo-de-socios,2014-02-01,legacy_id,covered,date_match
es:535,es,535,"Latin Lawyer - Von Wobeser y Sierra, S.C. gana “M&A Deal of the Year 2013”","Marzo, 2014",2014-03,,ef4fa80b-1703-43c2-bb4c-9ea763e3f6a8,535,latin-lawyer-von-wobeser-y-sierra-s-c-gana-m-a-deal-of-the-year-2013,2014-03-01,legacy_id,covered,date_match
es:533,es,533,"Seminario, “Nuevas Alternativas para la Solución de Controversias en un Mercado Global""","Abril, 2014",2014-04,,07078c3f-14ba-47dd-9c6c-6c0052a07182,533,seminario-nuevas-alternativas-para-la-solucion-de-controversias-en-un-mercado-gl,2014-04-01,legacy_id,covered,date_match
es:531,es,531,"Von Wobeser y Sierra, S.C. gana el “M&A Deal of the Year” de Latin Lawyer","Abril, 2014",2014-04,,197b09c3-3119-409d-bdc5-b3a41cfbb66a,531,von-wobeser-y-sierra-s-c-gana-el-m-a-deal-of-the-year-de-latin-lawyer,2014-04-01,legacy_id,covered,date_match
es:529,es,529,"Von Wobeser y Sierra, S.C. participó en conjunto con la CWAG","Abril, 2014",2014-04,,0dd6e160-bc58-4466-aaf6-c005db0bf94d,529,von-wobeser-y-sierra-s-c-participo-en-conjunto-con-la-cwag,2014-04-01,legacy_id,covered,date_match
es:527,es,527,Nueva Ley Federal de Competencia Económica,"Mayo, 2014",2014-05,,bed9bfb0-62fe-438b-bfc5-62fcd1840a3c,527,nueva-ley-federal-de-competencia-economica,2014-05-01,legacy_id,covered,date_match
es:525,es,525,"Latin Lawyer - Von Wobeser y Sierra, SC es reconocido con el premio anual de Latin Lawyer “M&A Deal of the Year”","Mayo, 2014",2014-05,,f626bbdc-78f2-4fea-910a-c0406e4688e8,525,latin-lawyer-von-wobeser-y-sierra-sc-es-reconocido-con-el-premio-anual-de-latin-,2014-05-01,legacy_id,covered,date_match
es:523,es,523,IFLR Energy & Infrastructure Latam - Edmond Grieger es reconocido como abogado líder.,"Mayo, 2014",2014-05,,817c1529-77af-4ac1-b262-a8e2b929c3cc,523,iflr-energy-infrastructure-latam-edmond-grieger-es-reconocido-como-abogado-lider,2014-05-01,legacy_id,covered,date_match
es:521,es,521,"Von Wobeser y Sierra, S.C. estará presente en la conferencia INTA 2014","Mayo, 2014",2014-05,,99723673-f9e8-4546-ab07-7d95072763e8,521,von-wobeser-y-sierra-s-c-estara-presente-en-la-conferencia-inta-2014,2014-05-01,legacy_id,covered,date_match
es:519,es,519,Latin Lawyer - Arca y Coca-Cola cierran compra en Ecuador,"Mayo, 2014",2014-05,,7686ebe0-1000-4856-8a05-77e7f74b6279,519,latin-lawyer-arca-y-coca-cola-cierran-compra-en-ecuador,2014-05-01,legacy_id,covered,date_match
es:517,es,517,"Latin Lawyer - El despacho Von Wobeser y Sierra, S.C. guía la adquisición de Palladium","Junio, 2014",2014-06,,f960773a-150b-4530-8acc-e640014bfd0e,517,latin-lawyer-el-despacho-von-wobeser-y-sierra-s-c-guia-la-adquisicion-de-palladi,2014-06-01,legacy_id,covered,date_match
es:515,es,515,"Von Wobeser y Sierra, S.C. gana reconocimiento, Global Awards 2014: Despacho Legal en México relacionado al Arbitraje 2014","Junio, 2014",2014-06,,bfc77b95-1aae-40fc-a8a8-1cfccdf10581,515,von-wobeser-y-sierra-s-c-gana-reconocimiento-global-awards-2014-despacho-legal-e,2014-06-01,legacy_id,covered,date_match
es:513,es,513,"Socio, Andrés Nieto es nombrado Vicepresidente del Comité de Ética Internacional de la Sección Internacional de Derecho en la Barra Americana de Abogados (ABA)Sección Internacional de Derecho en la Barra Americana de Abogados (ABA)","Junio, 2014",2014-06,,f5eaab02-bb26-401f-8f39-48b8cc03b34c,513,socio-andres-nieto-es-nombrado-vicepresidente-del-comite-de-etica-internacional-,2014-06-01,legacy_id,covered,date_match
es:511,es,511,"Von Wobeser y Sierra, S.C. participó en la conferencia organizada por ALARB y la ICC-México.","Junio, 2014",2014-06,,530785ac-c0f4-462c-b56b-3ef25277aba7,511,von-wobeser-y-sierra-s-c-participo-en-la-conferencia-organizada-por-alarb-y-la-i,2014-06-01,legacy_id,covered,date_match
es:509,es,509,"Von Wobeser y Sierra, S.C. asesora a BMW en su inversión de USD mil millones en México.","Julio, 2014",2014-07,,37dd6562-c4fd-4e05-96cc-0cc452ae4472,509,von-wobeser-y-sierra-s-c-asesora-a-bmw-en-su-inversion-de-usd-mil-millones-en-me,2014-07-01,legacy_id,covered,date_match
es:507,es,507,"Von Wobeser y Sierra, S.C. incorpora al Dr. Edmund Duckwitz, Ex Embajador de Alemania en México a su equipo","Julio, 2014",2014-07,,e53d1767-b919-4fc0-a61e-d6cd3c7d8230,507,von-wobeser-y-sierra-s-c-incorpora-al-dr-edmund-duckwitz-ex-embajador-de-alemani,2014-07-01,legacy_id,covered,date_match
es:505,es,505,"Latin Lawyer - Von Wobeser y Sierra, S.C. devela la creación de una planta de BMW por un valor de mil millones de dólares en México","Julio, 2014",2014-07,,939bcefd-3f15-428a-93b9-607491e8a543,505,latin-lawyer-von-wobeser-y-sierra-s-c-devela-la-creacion-de-una-planta-de-bmw-po,2014-07-01,legacy_id,covered,date_match
es:503,es,503,Global Competition Review - Reestructuración de América Móvil anticipando cambios en la ley,"Julio, 2014",2014-07,,6f5fb29d-5496-4087-9cf0-4b3043d4ae0d,503,global-competition-review-reestructuracion-de-america-movil-anticipando-cambios-,2014-07-01,legacy_id,covered,date_match
es:501,es,501,"IFLR 1000 – Von Wobeser y Sierra, S.C. asesorá a BMW en su inversión de mil millones de dólares","Julio, 2014",2014-07,,ba9996c7-cbc4-4656-a4f4-0d8441a8538e,501,iflr-1000-von-wobeser-y-sierra-s-c-asesora-a-bmw-en-su-inversion-de-mil-millones,2014-07-01,legacy_id,covered,date_match
es:499,es,499,Latin Lawyer - El misterio de nuestra profesión,"Julio, 2014",2014-07,,a14c5575-e171-4aec-82c5-011dc8a4c43b,499,latin-lawyer-el-misterio-de-nuestra-profesion,2014-07-01,legacy_id,covered,date_match
es:497,es,497,"Von Wobeser y Sierra, S.C. asesoró a Enerflex en la adquisición estratégica de un negocio de contratos internacionales para servicios de compresión, procesamiento y refacciones por 430 millones de dólares","Julio, 2014",2014-07,,e314da90-757b-423b-ba9e-0d69bae3161e,497,von-wobeser-y-sierra-s-c-asesoro-a-enerflex-en-la-adquisicion-estrategica-de-un-,2014-07-01,legacy_id,covered,date_match
es:495,es,495,Latin Lawyer - La reforma de base a las telecomunicaciones en México en vías de promulgarse,"Julio, 2014",2014-07,,43e9c29a-e00e-417d-af05-c80897d97344,495,latin-lawyer-la-reforma-de-base-a-las-telecomunicaciones-en-mexico-en-vias-de-pr,2014-07-01,legacy_id,covered,date_match
es:493,es,493,"Latin Lawyer-Von Wobeser y Sierra, S.C. contrata a Ex Embajador de Alemania en México como asesor","Julio, 2014",2014-07,,3950b5d3-32da-4607-8c84-c0974d051f90,493,latin-lawyer-von-wobeser-y-sierra-s-c-contrata-a-ex-embajador-de-alemania-en-mex,2014-07-01,legacy_id,covered,date_match
es:491,es,491,Latin Lawyer - VWyS y Creel participan en convenio Enerflex-Axip,"Julio, 2014",2014-07,,3a980d5d-ea84-4df7-bffb-59f1e62554b7,491,latin-lawyer-vwys-y-creel-participan-en-convenio-enerflex-axip,2014-07-01,legacy_id,covered,date_match
es:489,es,489,Investigación en Materia de Competencia Económica de los Mercados del Sector Financiero,"Julio, 2014",2014-07,,377fd39f-0ed9-4524-b002-eb460f6ba6a4,489,investigacion-en-materia-de-competencia-economica-de-los-mercados-del-sector-fin,2014-07-01,legacy_id,covered,date_match
es:487,es,487,Leyes Reglamentarias a la Reforma Constitucional en Materia de Telecomunicaciones,"Julio, 2014",2014-07,,eed759e2-50b9-421a-9441-a9f49a94067b,487,leyes-reglamentarias-a-la-reforma-constitucional-en-materia-de-telecomunicacione,2014-07-01,legacy_id,covered,date_match
es:485,es,485,Latin Lawyer-Von Wobeser dirige acuerdo de compra de energía eólica mexicana,"Julio, 2014",2014-07,,6128c6e6-5722-454b-8ade-d6097109b937,485,latin-lawyer-von-wobeser-dirige-acuerdo-de-compra-de-energia-eolica-mexicana,2014-07-01,legacy_id,covered,date_match
es:483,es,483,Juicios de Amparo contra diversas disposiciones fiscales vigentes en 2014,"Agosto, 2014",2014-08,,cac725a3-21c8-47cd-8cac-074019e6f295,483,juicios-de-amparo-contra-diversas-disposiciones-fiscales-vigentes-en-2014,2014-08-01,legacy_id,covered,date_match
es:481,es,481,Reforma Energética - Legislación Secundaria,"Agosto, 2014",2014-08,,a9f1ba4a-d2f3-4596-bdf9-37036cd6fdee,481,reforma-energetica-legislacion-secundaria,2014-08-01,legacy_id,covered,date_match
es:479,es,479,"Periódico am, Impulsará Energética a las Manufacturas, Agosto 2014.","Agosto, 2014",2014-08,,de577727-9988-4918-8fe1-4f19f1390056,479,periodico-am-impulsara-energetica-a-las-manufacturas-agosto-2014,2014-08-01,legacy_id,covered,date_match
es:477,es,477,VWyS reconocido por Global Investigations Review,"Agosto, 2014",2014-08,,92e00891-3065-4df2-9088-ed6a55a9da08,477,vwys-reconocido-por-global-investigations-review,2014-08-01,legacy_id,covered,date_match
es:475,es,475,Conagua otorga concesiones de agua para 'uso ambiental',"Agosto, 2014",2014-08,,2347b468-cf45-493f-a67d-04bf05c43d47,475,conagua-otorga-concesiones-de-agua-para-uso-ambiental,2014-08-01,legacy_id,covered,date_match
es:473,es,473,Latin Lawyer-Von Wobeser hace Pro Bono en ayuda a preservar agua de Pro Natura.,"Agosto, 2014",2014-08,,7f528d7c-c765-4000-8a2e-debfed46618f,473,latin-lawyer-von-wobeser-hace-pro-bono-en-ayuda-a-preservar-agua-de-pro-natura,2014-08-01,legacy_id,covered,date_match
es:471,es,471,Los Métodos de Resolución de Controversias en la Reforma Energética,"Agosto, 2014",2014-08,,fda90166-c6d5-44a1-9f08-141763c17ac3,471,los-metodos-de-resolucion-de-controversias-en-la-reforma-energetica,2014-08-01,legacy_id,covered,date_match
es:469,es,469,Entrada en vigor de disposiciones legales en materia de Anticorrupción,"Julio, 2017",2017-07,,9753643c-85d1-4592-86dc-ba8d5f70e51b,469,entrada-en-vigor-de-disposiciones-legales-en-materia-de-anticorrupcion,2017-07-01,legacy_id,covered,date_match
es:439,es,439,Von Wobeser y Sierra reconocido por GCR 100 como uno de los mejores despachos del mundo en competencia,"Enero, 2017",2017-01,422,20b57df0-ca79-4bd2-9a67-9cca470b588d,422,von-wobeser-y-sierra-recognized-by-gcr-100-as-one-of-the-best-100-firms-in-compe,2017-01-01,verified_language_counterpart,covered,date_match
es:409,es,409,Von Wobeser y Sierra gana el asunto del año en GCR Awards 2017,"Marzo, 2017",2017-03,,6c2db10a-9ebb-4c2b-a7bb-555d4ef8ec67,409,von-wobeser-y-sierra-gana-el-asunto-del-ano-en-gcr-awards-2017,2017-03-01,legacy_id,covered,date_match
es:378,es,378,Nuevos salarios mínimos a partir del 1 de enero de 2015,"Diciembre, 2014",2014-12,,b5881b7b-d202-42f6-acc4-87f7d9304052,378,nuevos-salarios-minimos-a-partir-del-1-de-enero-de-2015,2014-12-01,legacy_id,covered,date_match
es:370,es,370,"Latin Lawyer – Empresas continúan abatidas de CADE, dice panel","Diciembre, 2014",2014-12,,818ef439-acfc-4585-a398-f58762d39e3b,370,latin-lawyer-empresas-continuan-abatidas-de-cade-dice-panel,2014-12-01,legacy_id,covered,date_match
es:368,es,368,Latin Lawyer - Von Wobeser Líder Pro Bono,"Noviembre, 2014",2014-11,,65a1b57b-ae8d-4227-86a6-bc1f8a349f84,368,latin-lawyer-von-wobeser-lider-pro-bono,2014-11-01,legacy_id,covered,date_match
es:366,es,366,Global Investigations Review-Mexico: en una encrucijada at a crossroads.,"Noviembre, 2014",2014-11,,793efe08-a8a7-4f16-ba04-349a66b21902,366,global-investigations-review-mexico-en-una-encrucijada-at-a-crossroads,2014-11-01,legacy_id,covered,date_match
es:364,es,364,Global Competition Review-Mexico publica controversias regulaciones antimonopólicas,"Noviembre, 2014",2014-11,,2f072ea7-a2bb-40d8-ac02-cccf003b2c2a,364,global-competition-review-mexico-publica-controversias-regulaciones-antimonopoli,2014-11-01,legacy_id,covered,date_match
es:362,es,362,"Latin Lawyer - México publica controversias regulaciones antimonopólicas, Noviembre","Noviembre, 2014",2014-11,,805eb3a4-4e33-45b0-9bf6-1ce3d63fc336,362,latin-lawyer-mexico-publica-controversias-regulaciones-antimonopolicas-noviembre,2014-11-01,legacy_id,covered,date_match
es:360,es,360,"Latin American Corporate Counsel Association (LACCA) reconoce a Von Wobeser y Sierra, S.C.","Octubre, 2014",2014-10,,7a93327f-6fb8-457f-aab4-b4dd80976ea7,360,latin-american-corporate-counsel-association-lacca-reconoce-a-von-wobeser-y-sier,2014-10-01,legacy_id,covered,date_match
es:358,es,358,"Latin Lawyer-Von Wobeser ayuda a extender contrato portuario, resuelve disputa","Octubre, 2014",2014-10,,5f534cc7-56e8-4a28-a30a-57356e92e7d4,358,latin-lawyer-von-wobeser-ayuda-a-extender-contrato-portuario-resuelve-disputa,2014-10-01,legacy_id,covered,date_match
es:356,es,356,"Latin Lawyer - Tomando la Delantera, Septiembre 2014.","Septiembre, 2014",2014-09,,58e8860c-4ce5-481e-afb2-f1de6c7d4e88,356,latin-lawyer-tomando-la-delantera-septiembre-2014,2014-09-01,legacy_id,covered,date_match
es:354,es,354,"IFLR 1000 - New Gold finaliza financiamiento de $ 300 millones de dólares, Septiembre","Septiembre, 2014",2014-09,,e3f26cb4-dd8e-4d40-baf5-5788ca8aac24,354,iflr-1000-new-gold-finaliza-financiamiento-de-300-millones-de-dolares-septiembre,2014-09-01,legacy_id,covered,date_match
es:352,es,352,Compañía crediticia minera Canadiense representada por consejo mexicano,"Agosto, 2014",2014-08,,0c08ee56-72ef-4dd8-bb79-6cdb57f44dd6,352,compania-crediticia-minera-canadiense-representada-por-consejo-mexicano,2014-08-01,legacy_id,covered,date_match
es:298,es,298,"Fernando Carreño , Paloma Alcántara - Global Competition Review - The Antitrust Review of the Americas 2015, México","Septiembre, 2014",2014-09,,555fa473-7485-4a29-a7a7-215abc12a2e2,298,fernando-carreno-paloma-alcantara-global-competition-review-the-antitrust-review-4,2014-09-01,legacy_id,covered,date_match
es:286,es,286,"Rodolfo Trampe, Jorge Díaz, Luis Alberto King , Fernando de Buen - Getting the Deal Through, Outsourcing México 2015","Octubre, 2014",2014-10,,832c103a-cf0b-4e04-b4d8-6ce20a7506c5,286,rodolfo-trampe-jorge-diaz-luis-alberto-king-fernando-de-buen-getting-the-deal-th-3,2014-10-01,legacy_id,covered,date_match
es:283,es,283,"Diego Sierra - Global Investigations Review, The Investigations Review of the Americas","Octubre, 2014",2014-10,,1e44c0a2-57e1-4fcb-ac50-9f98bddae90f,283,diego-sierra-global-investigations-review-the-investigations-review-of-the-ameri-3,2014-10-01,legacy_id,covered,date_match
es:282,es,282,"Andrés Nieto, Luis Burgueño - Getting the Deal Through, Private Equity","Octubre, 2014",2014-10,,77a14c47-5eff-4882-a19d-4b01d35cb6d5,282,andres-nieto-luis-burgueno-getting-the-deal-through-private-equity,2014-10-01,legacy_id,covered,date_match
es:278,es,278,"Claus von Wobeser, Adrián Magallanes - Getting The Deal Through, Arbitraje Inversionista-Estado","Noviembre, 2014",2014-11,,199f5800-d83b-4ef9-991d-11c03dfd4ef2,278,claus-von-wobeser-adrian-magallanes-getting-the-deal-through-arbitraje-inversion,2014-11-01,legacy_id,covered,date_match
es:274,es,274,Nuevo salario mínimo a partir del 1 de enero de 2016,"Diciembre, 2015",2015-12,275,4a58c594-6b5b-4f1a-b8a5-1826836b4bdc,275,new-minimum-wage-as-of-january-1st-2016,2015-12-01,verified_language_counterpart,covered,date_match
es:236,es,236,"Dr. Edmund Duckwitz - Dr. Edmund Duckwitz, Of Counsel en Von Wobeser y Sierra, S.C. ha recibido la más alta distinción del gobierno mexicano “La Orden Mexicana del Águila Azteca en grado de banda”.","Diciembre, 2015",2015-12,,39aede04-9186-45b0-b085-da08a1705894,236,dr-edmund-duckwitz-dr-edmund-duckwitz-of-counsel-en-von-wobeser-y-sierra-s-c-ha-,2015-12-01,legacy_id,covered,date_match
es:222,es,222,Repatriación de Capitales- Decreto que otorga diversas facilidades administrativas en materia del Impuesto Sobre la Renta,"Mayo, 2017",2017-05,,37cfa06c-27b0-4dfd-a63a-c01b7c04c4f4,222,repatriacion-de-capitales-decreto-que-otorga-diversas-facilidades-administrativa,2017-05-01,legacy_id,covered,date_match
es:188,es,188,Decreto que reforma los artículos 29 y 35; y adiciona los artículos 29 Ter y Quáter de la Ley del INFONAVIT,"Enero, 2016",2016-01,,9e6b24ba-1359-467e-b377-fa8ca636725e,188,decreto-que-reforma-los-articulos-29-y-35-y-adiciona-los-articulos-29-ter-y-quat,2016-01-01,legacy_id,covered,date_match
es:186,es,186,"Rodolfo Trampe es nombrado Socio de Von Wobeser y Sierra, S.C.","Enero, 2016",2016-01,,2554889f-dc6c-4b5f-8911-d24670c7f510,186,rodolfo-trampe-es-nombrado-socio-de-von-wobeser-y-sierra-s-c,2016-01-01,legacy_id,covered,date_match
es:184,es,184,Paquete Fiscal 2016,"Enero, 2016",2016-01,,721652ac-1812-4894-a1c4-632cb8897439,184,paquete-fiscal-2016,2016-01-01,legacy_id,covered,date_match
es:180,es,180,Latin Lawyer-Nuevos Socios nombrados en despachos de México,"Enero, 2016",2016-01,,dccee1f5-1c66-4e51-9f40-e438a71e6785,180,latin-lawyer-nuevos-socios-nombrados-en-despachos-de-mexico,2016-01-01,legacy_id,covered,date_match
es:178,es,178,Constitucionalidad del límite a los salarios vencidos contemplado en la reforma a la Ley Federal del Trabajo de 2012,"Febrero, 2016",2016-02,,08f5d595-01db-4f41-9aed-f448cc0dec04,178,constitucionalidad-del-limite-a-los-salarios-vencidos-contemplado-en-la-reforma-,2016-02-01,legacy_id,covered,date_match
es:176,es,176,Comentarios al Modelo de Contrato de Licencia para la licitación de exploración en aguas profundas - 2016,"Febrero, 2016",2016-02,,b2c5dda7-cf9a-480b-8e14-f0684b199364,176,comentarios-al-modelo-de-contrato-de-licencia-para-la-licitacion-de-exploracion-,2016-02-01,legacy_id,covered,date_match
es:174,es,174,Modificación al Protocolo de actuación en materia de contrataciones públicas,"Febrero, 2016",2016-02,,73efeb45-5061-417c-9c96-fb58bfb260a4,174,modificacion-al-protocolo-de-actuacion-en-materia-de-contrataciones-publicas,2016-02-01,legacy_id,covered,date_match
es:172,es,172,Sociedades por Acciones Simplificadas: La nueva promesa para las empresas en México,"Marzo, 2016",2016-03,,f60d9fb3-b2e7-4022-976e-10b719294256,172,sociedades-por-acciones-simplificadas-la-nueva-promesa-para-las-empresas-en-mexi,2016-03-01,legacy_id,covered,date_match
es:170,es,170,"Latin Lawyer-Claus von Wobeser, Diego Sierra: Panel de ICC resuelve controversia de bebidas mexicanas","Marzo, 2016",2016-03,,7ddcfd0b-5956-4316-b0a7-320afdcc8e5f,170,latin-lawyer-claus-von-wobeser-diego-sierra-panel-de-icc-resuelve-controversia-d,2016-03-01,legacy_id,covered,date_match
es:168,es,168,"Global Arbitration Review 100 (GAR 100) - Claus von Wobeser, Diego Sierra: Panel de ICC resuelve controversia de bebidas mexicanas","Abril, 2016",2016-04,,12ca79bf-56c9-4965-bcb6-4d6cd9afcf4c,168,global-arbitration-review-100-gar-100-claus-von-wobeser-diego-sierra-panel-de-ic,2016-04-01,legacy_id,covered,date_match
es:166,es,166,Se implementa en México el sistema de oposición en el derecho marcario,"Abril, 2016",2016-04,,fbe71c29-acc6-44a8-8597-9797e167ea32,166,se-implementa-en-mexico-el-sistema-de-oposicion-en-el-derecho-marcario,2016-04-01,legacy_id,covered,date_match
es:164,es,164,LACCA: Quien representa las grandes empresas de América Latina 2015,"Abril, 2016",2016-04,,e5519246-b25e-4d04-a66f-a38a25931959,164,lacca-quien-representa-las-grandes-empresas-de-america-latina-2015,2016-04-01,legacy_id,covered,date_match
es:162,es,162,Mars compra productor de chocolates de la marca Conejo en México.,"Abril, 2016",2016-04,,48b039a9-4bbc-4d81-8760-c4921731ef6e,162,mars-compra-productor-de-chocolates-de-la-marca-conejo-en-mexico,2016-04-01,legacy_id,covered,date_match
es:160,es,160,Rodolfo Trampe - International Bar Association (IBA) – Annual Employment and Discrimation Law Conference 2016,"Abril, 2016",2016-04,,e3af71b8-1bc4-4189-8531-a7d3d504e27a,160,rodolfo-trampe-international-bar-association-iba-annual-employment-and-discrimat,2016-04-01,legacy_id,covered,date_match
es:158,es,158,Global Competition Review – GCR - AB InBev/SABMiller elimina obstáculos en América latina.,"Mayo, 2016",2016-05,,572f708e-dc03-458d-8364-e9136a9df338,158,global-competition-review-gcr-ab-inbev-sabmiller-elimina-obstaculos-en-america-l,2016-05-01,legacy_id,covered,date_match
es:156,es,156,Latin Lawyer – 2016 - AB InBev/SABMiller elimina obstáculos en América latina.,"Mayo, 2016",2016-05,,f23dbae4-8dd7-42ea-baab-afba95c7664f,156,latin-lawyer-2016-ab-inbev-sabmiller-elimina-obstaculos-en-america-latina,2016-05-01,legacy_id,covered,date_match
es:154,es,154,Latin Lawyer: COFECE keeps focus on Mexico City airport – Fernando Carreño,"Mayo, 2016",2016-05,,ffce5cb2-52fc-4b02-acba-be7befbd554d,154,latin-lawyer-cofece-keeps-focus-on-mexico-city-airport-fernando-carreno-2,2016-05-01,legacy_id,covered,date_match
es:152,es,152,"El CENACE convoca para la Segunda Subasta de Largo Plazo de Energía Eléctrica, CELs y Potencia","Mayo, 2016",2016-05,,ae09e9e3-ebf8-4452-a34f-ed0d1c21374c,152,el-cenace-convoca-para-la-segunda-subasta-de-largo-plazo-de-energia-electrica-ce,2016-05-01,legacy_id,covered,date_match
es:150,es,150,CONAGUA- beneficios para los concesionarios que cuenten con títulos vencidos o que no hayan sido prorrogados,"Mayo, 2016",2016-05,,a4c4ce1f-01f2-44ae-ab4f-ddea652bcec4,150,conagua-beneficios-para-los-concesionarios-que-cuenten-con-titulos-vencidos-o-qu,2016-05-01,legacy_id,covered,date_match
es:148,es,148,"Claus von Wobeser, Adrián Magallanes, Katerina Lundahl, Pablo Fautsch y Rodrigo Macin, Latin Lawyer: Arbitro emite orden de emergencia por la disputa de terminal portuaria mexicana.","Mayo, 2016",2016-05,,f8c09c2a-f3a2-4b6d-ad03-1a523e76efa8,148,claus-von-wobeser-adrian-magallanes-katerina-lundahl-pablo-fautsch-y-rodrigo-mac-2,2016-05-01,legacy_id,covered,date_match
es:146,es,146,"Claus von Wobeser, Adrián Magallanes- Global Arbitration Review (GAR): Kirby issues emergency order in Mexican port dispute.","Mayo, 2016",2016-05,,ff0d990a-09b4-48cf-9fa8-f7969ca81b9b,146,claus-von-wobeser-adrian-magallanes-global-arbitration-review-gar-kirby-issues-e-2,2016-05-01,legacy_id,covered,date_match
es:144,es,144,Luis Burgueño - LACCA (Latin American Corporate Counsel Association): Top 100 México,"Mayo, 2016",2016-05,,e96553ec-505e-48fc-9af2-123c1f326c9c,144,luis-burgueno-lacca-latin-american-corporate-counsel-association-top-100-mexico-2,2016-05-01,legacy_id,covered,date_match
es:142,es,142,Próxima entrada en vigor del Sistema de Oposición en México,"Junio, 2016",2016-06,,b15b671f-cf12-4bc3-a51b-34942eb9ec43,142,proxima-entrada-en-vigor-del-sistema-de-oposicion-en-mexico,2016-06-01,legacy_id,covered,date_match
es:140,es,140,"Latin Lawyer – Andrés Nieto, Edmond Grieger, Rodolfo Trampe, Alberto Córdoba, Alix Trimmer y Roberto Flores - Paul Weiss y Von Wobeser firman adquisición electrónica.","Junio, 2016",2016-06,,dcc23116-1478-4649-a0a5-49f9e57bdfae,140,latin-lawyer-andres-nieto-edmond-grieger-rodolfo-trampe-alberto-cordoba-alix-tri-2,2016-06-01,legacy_id,covered,date_match
es:138,es,138,"Von Wobeser, Aziz & Kaye and Chévez Ruiz firman la venta de agencia publicitaria.","Junio, 2016",2016-06,,04828a83-de2b-41b9-b7a8-8e1246a70f6f,138,von-wobeser-aziz-kaye-and-chevez-ruiz-firman-la-venta-de-agencia-publicitaria,2016-06-01,legacy_id,covered,date_match
es:136,es,136,Modificaciones a las Bases y Modelos de Contrato de la Convocatoria para Aguas Profundas del Golfo de México,"Junio, 2016",2016-06,,885593b9-6bb5-49b6-9c00-5d503f6e38ca,136,modificaciones-a-las-bases-y-modelos-de-contrato-de-la-convocatoria-para-aguas-p,2016-06-01,legacy_id,covered,date_match
es:132,es,132,"Luis Burgueño, Edmond Grieger, Rodolfo Trampe, Gloria Martínez, Laura Maldonado, Ariel Garfio, Alix Trimmer – Latin Lawyer: Coca Cola compra la bebida de soja de Unilever","Junio, 2016",2016-06,,029c5201-ab96-4892-8c51-bdd8f0759718,132,luis-burgueno-edmond-grieger-rodolfo-trampe-gloria-martinez-laura-maldonado-arie-2,2016-06-01,legacy_id,covered,date_match
es:129,es,129,Criterio sobre el cálculo de salarios caídos,"Junio, 2016",2016-06,,d6f3abba-13ce-4143-bb9a-6bd53bf02a10,129,criterio-sobre-el-calculo-de-salarios-caidos,2016-06-01,legacy_id,covered,date_match
es:127,es,127,Global Arbitration Review (GAR) – Modelo takes Crown in beer dispute.,"Junio, 2016",2016-06,,9a921390-f949-460a-885a-7d5318917a91,127,global-arbitration-review-gar-modelo-takes-crown-in-beer-dispute-2,2016-06-01,legacy_id,covered,date_match
es:121,es,121,Global Investigations Review (GIR): México aprueba “loca” ley de transparencia – Adrián Magallanes,"Junio, 2016",2016-06,120,5ebb1385-30d0-467b-ae94-601ca30ddf23,120,global-investigations-review-gir-mexico-passes-crazy-transparency-law-adrian-mag,2016-06-01,verified_language_counterpart,covered,date_match
es:119,es,119,Latin Lawyer: México aprueba “loca” ley de transparencia – Adrián Magallanes,"Junio, 2016",2016-06,118,6e5cf411-8eae-4f51-8f1b-f250e8ad64a7,118,latin-lawyer-mexico-passes-crazy-transparency-law-adrian-magallanes,2016-06-01,verified_language_counterpart,covered,date_match
es:117,es,117,Global Competition Review (GCR): Panama Papers leak sparks Mexican investigation – Fernando Carreño,"Junio, 2016",2016-06,116,04f51fe0-ea47-4806-a353-5dc2999ab7ab,116,global-competition-review-gcr-panama-papers-leak-sparks-mexican-investigation-fe,2016-06-01,verified_language_counterpart,covered,date_match
es:115,es,115,Latin Lawyer: Panama Papers leak sparks Mexican investigation – Fernando Carreño,"Junio, 2016",2016-06,114,bbd69080-a7d1-4d95-b7b5-69170c71bd35,114,latin-lawyer-panama-papers-leak-sparks-mexican-investigation-fernando-carreno,2016-06-01,verified_language_counterpart,covered,date_match
es:113,es,113,Congreso Mexicano Emite Regulación Secundaria Anticorrupción,"Junio, 2016",2016-06,112,82e42e46-e36d-44b5-bd95-947708dd2d56,112,mexican-congress-issues-secondary-anticorruption-regulations,2016-06-01,verified_language_counterpart,covered,date_match
es:111,es,111,El nuevo paradigma de anticorrupción en México,"Julio, 2016",2016-07,110,4c600c53-c657-43e3-bf9c-f00bfc21f1b0,110,mexico-s-new-anti-corruption-paradigm,2016-07-01,verified_language_counterpart,covered,date_match
es:109,es,109,Comunicado sobre Protección de Datos Personales en México,"Julio, 2016",2016-07,108,e8aa2e3d-ecfc-4ef3-83d2-1caa247612d6,108,communication-regarding-mexican-data-privacy-protection,2016-07-01,verified_language_counterpart,covered,date_match
es:107,es,107,La Comisión Nacional de Hidrocarburos emite la convocatoria y las bases de la primera licitación de la Ronda 2,"Agosto, 2016",2016-08,106,b475ea2e-9067-4aaf-9cbf-5db12d65eb71,106,the-national-hydrocarbons-commission-issued-the-call-and-the-rules-for-the-first,2016-08-01,verified_language_counterpart,covered,date_match
es:105,es,105,"Von Wobeser y Sierra, S.C. participa en La Encuesta de Corrupción Latinoamericana 2016","Agosto, 2016",2016-08,104,b5463b1a-5694-46a9-99d9-e11adcf0b086,104,von-wobeser-y-sierra-participates-in-latinamerica-corruption-survey-2016,2016-08-01,verified_language_counterpart,covered,date_match
es:103,es,103,"Adrián Magallanes – Global Pound Conference: El futuro de la resolución de controversias y la mejora del acceso a la justicia- 25 de Agosto, 2016","Agosto, 2016",2016-08,102,6183d86f-0efa-4dda-8819-3fba8131d7c4,102,adrian-magallanes-global-pound-conference-shaping-the-future-of-dispute-resoluti,2016-08-01,verified_language_counterpart,covered,date_match
es:101,es,101,"Andrés Nieto – Global Pound Conference: El futuro de la resolución de controversias y la mejora del acceso a la justicia- 25 de Agosto, 2016","Agosto, 2016",2016-08,100,4ba1e602-26ef-42ed-a117-f32cdf9a5aa1,100,andres-nieto-global-pound-conference-shaping-the-future-of-dispute-resolution-an,2016-08-01,verified_language_counterpart,covered,date_match
es:99,es,99,Thomson Reuters Foundation – Andrés Nieto - Pro Bono en México,"Agosto, 2016",2016-08,98,8a8ee2cb-7674-43d9-aa79-f113ee659370,98,thomson-reuters-foundation-andres-nieto-pro-bono-in-mexico,2016-08-01,verified_language_counterpart,covered,date_match
es:97,es,97,"Von Wobeser y Sierra, S.C. es reconocido por Trust Law Index of Pro Bono 2016","Agosto, 2016",2016-08,96,c3a47ed5-8e59-45df-bfe6-80a54a85b854,96,von-wobeser-y-sierra-recognized-in-trust-lawindex-of-pro-bono-2016,2016-08-01,verified_language_counterpart,covered,date_match
es:91,es,91,GCR-Global Competition Review - Las guerras territoriales: la amenaza de separaciones entre las autoridades de competencia de México,"Agosto, 2016",2016-08,90,5d4ca987-760d-4d17-89a0-b5be16ce0812,90,gcr-global-competition-review-turf-wars-the-threat-of-stand-offs-between-mexico-,2016-08-01,verified_language_counterpart,covered,date_match
es:89,es,89,"Von Wobeser y Sierra, S.C. tiene el honor de invitarte a la conferencia ""Global Pound Conference de la Ciudad de México""","Agosto, 2016",2016-08,88,ef4710ba-3255-4668-9507-29ae732cb170,88,von-wobeser-y-sierra-s-c-invites-you-to-the-mexico-city-global-pound-conference,2016-08-01,verified_language_counterpart,covered,date_match
es:87,es,87,Global Competition Review-GCR – Fernando Carreño: ejecutor mexicano impulsa la desregulación de la industria de carga,"Agosto, 2016",2016-08,86,b9ac452a-833c-47a7-84dc-9309a312ff6d,86,global-competition-review-gcr-fernando-carreno-mexican-enforcer-urges-freight-in,2016-08-01,verified_language_counterpart,covered,date_match
es:85,es,85,"Von Wobeser y Sierra, S.C. es reconocida como firma “Elite” por la publicación Global Competition Review","Agosto, 2016",2016-08,84,ef9eb9b7-fe58-4026-8cf9-e7c1cbe70ea8,84,von-wobeser-y-sierra-s-c-is-recognized-as-elite-firm-in-global-competition-revie,2016-08-01,verified_language_counterpart,covered,date_match
es:83,es,83,Fernando Carreño - GCR – Global Competition Review: Mexico’s competition bar,"Agosto, 2016",2016-08,,7e7fda58-32af-4036-86f6-9eccad41d87e,83,fernando-carreno-gcr-global-competition-review-mexico-s-competition-bar-83,2016-08-01,legacy_id,covered,date_match
es:81,es,81,"Latin Lawyer –Luis Burgueño, Edmond Grieger, Rodolfo Trampe, Alberto Córdoba y Marisol Márquez : Bain Capital exits car parts maker in Mexico.","Agosto, 2016",2016-08,80,465c4ab5-167a-4b00-b5a6-eadd0223e705,80,latin-lawyer-luis-burgueno-edmond-grieger-rodolfo-trampe-alberto-cordoba-y-maris,2016-08-01,verified_language_counterpart,covered,date_match
es:79,es,79,"Lex Latin – Luis Burgueño, Edmond Grieger, Rodolfo Trampe, Alberto Córdoba, Marisol Márquez: Von Wobeser y Sierra tras adquisición de FTE en México","Agosto, 2016",2016-08,78,a9b5d535-77cb-48f5-bfb1-6dbb90d10259,78,lex-latin-luis-burgueno-edmond-grieger-rodolfo-trampe-alberto-cordoba-marisol-ma,2016-08-01,verified_language_counterpart,covered,date_match
es:77,es,77,"Latin Lawyer: Luis Burgueño, Rupert Hüttler, Alberto Cordoba: Von Wobeser & Allen Overy diregen la la emisión de la notas de Automotive Samvardhana Motherson","Septiembre, 2016",2016-09,76,2f153e40-dbcf-421b-8879-3558e7571867,76,latin-lawyer-luis-burgueno-rupert-huttler-alberto-cordoba-von-wobeser-allen-over,2016-09-01,verified_language_counterpart,covered,date_match
es:75,es,75,Latin Lawyer: Fernando Carreño - Antitrust probe targets Cancún airport,"Septiembre, 2016",2016-09,74,92ac9ccd-c8be-4962-be5f-da76aff36ae2,74,latin-lawyer-fernando-carreno-antitrust-probe-targets-cancun-airport,2016-09-01,verified_language_counterpart,covered,date_match
es:73,es,73,Global Investigations Review (GIR 100) – Diego Sierra: Revelación de las prácticas líderes de investigación.,"Septiembre, 2016",2016-09,72,898b346b-7de4-454f-af79-70a97101461d,72,global-investigations-review-gir-100-diego-sierra-the-world-s-leading-investigat,2016-09-01,verified_language_counterpart,covered,date_match
es:71,es,71,"El CENACE da a conocer a los ganadores de la Segunda Subasta de Largo Plazo de Energía, CELs y Potencia","Octubre, 2016",2016-10,70,450ff77f-095e-4340-b099-31aa52212336,70,cenace-announces-the-winners-of-the-second-long-term-auction-for-energy-cels-and,2016-10-01,verified_language_counterpart,covered,date_match
es:69,es,69,Arbitral Women en América Latina: Ciudad de México,"Octubre, 2016",2016-10,68,053f72e0-5ec0-4b6a-8026-500e50eea64d,68,arbitral-women-in-latin-america-mexico-city,2016-10-01,verified_language_counterpart,covered,date_match
es:67,es,67,"Luis Burgueño, Gloria Martínez, Alberto Córdoba, Jorge Díaz y Marisol Márquez - LexLatin: San Benedetto vende participación en JV con Grupo Peñafiel","Octubre, 2016",2016-10,66,4267bd6f-2c5b-4399-b4f9-ce8008d827e8,66,luis-burgueno-gloria-martinez-alberto-cordoba-jorge-diaz-y-marisol-marquez-lexla,2016-10-01,verified_language_counterpart,covered,date_match
es:65,es,65,Los Abogados de Von Wobeser y Sierra Firman el Compromiso Anticorrupción,"Octubre, 2016",2016-10,64,1c0aedf4-c27d-4bf6-b00c-268e825dc7d7,64,von-wobeser-y-sierra-s-attorneys-sign-the-iba-anticorruption-compact,2016-10-01,verified_language_counterpart,covered,date_match
es:63,es,63,Iniciativa de Integridad Judicial de la IBA: compromiso de anticorrupción judicial,"Noviembre, 2016",2016-11,62,b7149db0-f5a0-4884-86f9-a75ca200dc2f,62,iba-judicial-integrity-initiative-judicial-anti-corruption-compact,2016-11-01,verified_language_counterpart,covered,date_match
es:61,es,61,Potencial denuncia del Tratado de Libre Comercio de América del Norte,"Noviembre, 2016",2016-11,60,6d1be056-e7ce-4d9a-a9ec-8f8aaca30b54,60,potential-withdrawal-from-the-north-american-free-trade-agreement,2016-11-01,verified_language_counterpart,covered,date_match
es:59,es,59,"Fernando Carreño, Edmond Grieger, Luis Miguel Jiménez, Rodolfo Trampe, Pablo Saez Williams, Paloma Alcántara y Manuel Martínez - Latin Lawyer: Global Arbitration Review Constellation snaps up more Modelo assets","Noviembre, 2016",2016-11,,49d87277-7659-4b2c-93b8-a307c2ddf535,59,fernando-carreno-edmond-grieger-luis-miguel-jimenez-rodolfo-trampe-pablo-saez-wi-2,2016-11-01,legacy_id,covered,date_match
es:57,es,57,Peña Nieto propone que Titular de la Fiscalía General de la República sea designado por Cámara de Senadores,"Diciembre, 2016",2016-12,56,9bf45401-5780-4eec-a86f-5408d449ca26,56,pena-nieto-proposes-that-head-of-the-attorney-general-s-office-be-appointed-by-s,2016-12-01,verified_language_counterpart,covered,date_match
es:55,es,55,"Adrián Magallanes, Rodrigo Barradas - Global Arbitration Review (GAR) – Enforcement 2016 México.","Diciembre, 2016",2016-12,,d494e597-be56-4386-b5fc-a456f15468d3,55,adrian-magallanes-rodrigo-barradas-global-arbitration-review-gar-enforcement-201-2,2016-12-01,legacy_id,covered,date_match
es:53,es,53,Who's Who Legal reconoce a futuros líderes 2017. Las personas reconocidas son Socios y Asociados de 45 años o menos considerados como los futuros líderes del arbitraje internacional.,"Diciembre, 2016",2016-12,52,efe85edf-18c2-4d4b-8be2-44c6031503c3,52,who-s-who-legal-recognizes-future-leaders-2017-these-are-partners-and-non-partne,2016-12-01,verified_language_counterpart,covered,date_match
es:51,es,51,"Latin Lawyer-Leading Lights-Von Wobeser y Sierra, S.C. Líder Pro Bono","Diciembre, 2016",2016-12,50,f1e534a4-6c8e-4e18-a56c-ee0e8ccec261,50,latin-lawyer-leading-lights-von-wobeser-y-sierra-s-c-latin-american-pro-bono-lea,2016-12-01,verified_language_counterpart,covered,date_match
es:49,es,49,"Leader League – Business and Leadership: Instituto de Arbitraje Transnacional (ITA)- Montserrat Manzano, Presidenta de la Iniciativa de Jóvenes Árbitros (YAI).","Diciembre, 2016",2016-12,48,a740d55e-983e-493f-b1f6-a5eeacab1b99,48,leader-league-business-and-leadership-institute-for-transnational-arbitration-it,2016-12-01,verified_language_counterpart,covered,date_match
es:47,es,47,Comisión Reguladora de Energía establece requisitos y otorga extensión de plazos relativos a la celebración de contratos de interconexión legados,"Diciembre, 2016",2016-12,46,e4fce872-f513-475a-b65c-2188b444a516,46,energy-regulatory-commission-sets-forth-requirements-and-grants-a-time-extension,2016-12-01,verified_language_counterpart,covered,date_match
es:45,es,45,"ICC- International Chamber of Commerce: Comité de Mediación de la ICC México, Alexandra von Wobeser","Diciembre, 2016",2016-12,44,487293ee-b268-4e1e-9935-c076317d1dd5,44,icc-international-chamber-of-commerce-icc-mexico-mediation-committee-alexandra-v,2016-12-01,verified_language_counterpart,covered,date_match
es:43,es,43,Who's Who Legal reconoce socios y abogados en Von Wobeser y Sierra,"Diciembre, 2016",2016-12,42,dd54fb2b-dc66-475c-919f-aa0c76397bf5,42,who-s-who-legal-recognizes-partners-associates-of-von-wobeser-y-sierra-in-who-s-,2016-12-01,verified_language_counterpart,covered,date_match
es:41,es,41,Who's Who Legal reconoce socios y abogados en Von Wobeser y Sierra en Who's Who Legal Mexico,"Diciembre, 2016",2016-12,40,6ed95b34-e257-4735-aa6d-b991d7b66df7,40,who-s-who-legal-recognizes-partners-lawyers-at-von-wobeser-y-sierra,2016-12-01,verified_language_counterpart,covered,date_match
es:39,es,39,Latin Lawyer – Fernando Carreño – Pasivos fiscales posteriores al cierre entre los mayores retos de las fusiones y adquisiciones.,"Diciembre, 2016",2016-12,38,602323d1-91d0-41f8-b21e-b7bd47eb1583,38,latin-lawyer-fernando-carreno-post-closing-tax-liabilities-among-the-gratest-cha,2016-12-01,verified_language_counterpart,covered,date_match
es:37,es,37,"Latin Lawyer – Andrés Nieto, Rodolfo Trampe, Edmond Grieger y Alberto Córdoba – Prince International acquires chemical company.","Enero, 2017",2017-01,36,f97e4d8d-53f7-4938-814d-b9a5fdfff854,36,latin-lawyer-andres-nieto-rodolfo-trampe-edmond-grieger-y-alberto-cordoba-prince,2017-01-01,verified_language_counterpart,covered,date_match
es:35,es,35,"Latin Lawyer – Claus von Wobeser, Rupert Hüttler, Diego Sierra, Javier Lizardi, Rodolfo Trampe, Gibrán Castañeda, Alejandro González, Claudia Díaz – Corvaglia finaliza disputa de accionistas, aumenta el control por parte de México.","Enero, 2017",2017-01,,89c36199-0cc4-4184-ac03-2bfe217fb48e,35,latin-lawyer-claus-von-wobeser-rupert-huttler-diego-sierra-javier-lizardi-rodolf-2,2017-01-01,legacy_id,covered,date_match
es:33,es,33,Principales Modificaciones a Disposiciones Fiscales para 2017,"Enero, 2017",2017-01,32,40ea2e53-623e-4b28-a707-36a4db19bde2,32,principal-changes-to-tax-provisions-for-2017,2017-01-01,verified_language_counterpart,covered,date_match
es:31,es,31,Comunicado: Protección de datos personales en México,"Febrero, 2017",2017-02,30,d3e383f8-328f-4bab-b426-a3db2c3acebb,30,client-communication-personal-data-protection-in-mexico,2017-02-01,verified_language_counterpart,covered,date_match
es:29,es,29,Montserrat Manzano - YAI Talks Miami: Conquistando Nuevos Esquemas en la Industria Bancaria y Financiera.,"Febrero, 2017",2017-02,28,50bf9adf-1ff2-4657-ad77-149f4d82de6b,28,montserrat-manzano-yai-talks-miami-conquering-new-grounds-the-finance-and-bankin,2017-02-01,verified_language_counterpart,covered,date_match
es:27,es,27,Reforma constitucional laboral,"Febrero, 2017",2017-02,26,7a884885-94a7-4129-b4dc-8908b5ab2ca2,26,constitutional-labor-reform,2017-02-01,verified_language_counterpart,covered,date_match
es:25,es,25,Global Competition Review (GCR) – México inicia primera acción criminal contra cartelistas – Fernando Carreño,"Febrero, 2017",2017-02,24,01a95395-7f4d-41c5-a1a8-859e5cb21695,24,global-competition-review-gcr-mexico-pursues-first-criminal-action-against-carte,2017-02-01,verified_language_counterpart,covered,date_match
es:23,es,23,Latin Lawyer – México inicia primera acción criminal contra cartelistas – Fernando Carreño,"Febrero, 2017",2017-02,22,3bb1071d-573e-4bfc-a773-7986bdf4678e,22,latin-lawyer-mexico-pursues-first-criminal-action-against-cartelists-fernando-ca,2017-02-01,verified_language_counterpart,covered,date_match
es:21,es,21,"Lex Latin – Luis Burgueño, Laura Maldonado - Kruger Brown adquiere PendaForm en México con ayuda de cuatro firmas.","Febrero, 2017",2017-02,,f4763f3c-bace-466e-a19e-504d5f73e451,21,lex-latin-luis-burgueno-laura-maldonado-kruger-brown-adquiere-pendaform-en-mexic,2017-02-01,legacy_id,covered,date_match
es:19,es,19,COFECE encuentra evidencia de prácticas anticompetitivas en dos mercados,"Febrero, 2017",2017-02,,37da34d6-5b14-4c81-8e91-02e21f3bb871,19,cofece-encuentra-evidencia-de-practicas-anticompetitivas-en-dos-mercados,2017-02-01,legacy_id,covered,date_match
es:17,es,17,"Latin Lawyer – Fernando Carreño - Dos fiscales revisarán la fusión de AT&T / Time Warner, las reglas de la corte mexicana.","Marzo, 2017",2017-03,,27d6eb03-6381-457a-8481-647b2b436000,17,latin-lawyer-fernando-carreno-dos-fiscales-revisaran-la-fusion-de-at-t-time-warn,2017-03-01,legacy_id,covered,date_match
es:15,es,15,"Latin Lawyer – Luis Burgueño, Laura Maldonado – Cuatro firmas legales detrás de la adquisición de plásticos Kruger Brown.","Marzo, 2017",2017-03,,f80b9154-c519-435c-9ce5-b98d784b1b10,15,latin-lawyer-luis-burgueno-laura-maldonado-cuatro-firmas-legales-detras-de-la-ad,2017-03-01,legacy_id,covered,date_match
es:13,es,13,"Latin Lawyer – Edmond Grieger, Sofía López – Von Wobeser & Sierra, S.C. genera Modelo energía renovables PPA.","Abril, 2017",2017-04,,b93121b3-88f0-4213-beb8-7ab619feda11,13,latin-lawyer-edmond-grieger-sofia-lopez-von-wobeser-sierra-s-c-genera-modelo-ene,2017-04-01,legacy_id,covered,date_match
es:11,es,11,"Lex Latin – Edmond Grieger, Sofía López – Von Wobeser & Sierra, S.C. genera Modelo energía renovables PPA.","Abril, 2017",2017-04,,032c81d4-6e6c-4d33-9ce2-f3f9eb53b8e1,11,lex-latin-edmond-grieger-sofia-lopez-von-wobeser-sierra-s-c-genera-modelo-energi,2017-04-01,legacy_id,covered,date_match
es:7,es,7,"Dr. Edmund Duckwitz, Consejero de Von Wobeser y Sierra, (Ex Embajador de Alemania en México) es electo Presidente de CAMEXA","Mayo, 2017",2017-05,,ac50e073-1f16-45f5-9706-2c0ecbdb1a9d,7,dr-edmund-duckwitz-consejero-de-von-wobeser-y-sierra-ex-embajador-de-alemania-en,2017-05-01,legacy_id,covered,date_match
es:5,es,5,"ITAFOR anuncia colaboradores 2017 entre los cuales incluyeron a Montserrat Manzano, Abogada Senior de Von Wobeser y Sierra, S.C.","Junio, 2017",2017-06,,4e682977-f196-4202-b25c-4b5e3fb24e2f,5,itafor-anuncia-colaboradores-2017-entre-los-cuales-incluyeron-a-montserrat-manza,2017-06-01,legacy_id,covered,date_match
es:3,es,3,Sesión Especial: “Combate a la Corrupción: Interacción y cooperación con autoridades extranjeras en investigaciones complejas anticorrupción”.,"Junio, 2017",2017-06,,dc1ddbd8-3b17-423f-a53b-d842bf3b6ba8,3,sesion-especial-combate-a-la-corrupcion-interaccion-y-cooperacion-con-autoridade,2017-06-01,legacy_id,covered,date_match
