sourceKey,language,type,legacyId,titleOfficial,officialUrl,listingUrl,officialDateRaw,officialDateNormalized,officialDatePrecision,detailStatus,detailClassification,detailFinalUrl,detailError,projectMatchCount,projectMatchMethod,projectMatchedLegacyIds,officialCounterpartLegacyId,projectIds,projectSlugs,projectCategories,projectDates,comparison
en:2053,en,news,2053,"Administrative Measures – Events Related to the FIFA World Cup 2026 in Mexico City and the Metropolitan Area of Guadalajara, Jalisco.",https://www.vonwobeser.com/index.php/publication?p_id=2053,https://www.vonwobeser.com/index.php/publications/news,"June, 2026",2026-06,month,200,correcto,https://www.vonwobeser.com/index.php/publication?p_id=2053,,1,legacy_id,2053,,614cd5ef-3dbb-4537-a46c-b5285453a106,administrative-measures-events-related-to-the-fifa-world-cup-2026-in-mexico-city,Laboral,2026-06-01,date_match
en:2051,en,news,2051,"CFE Awards Projects Under The Mixed Development Scheme, And Sener Extends Deadlines For The Second Call For Generation Permits",https://www.vonwobeser.com/index.php/publication?p_id=2051,https://www.vonwobeser.com/index.php/publications/news,"June, 2026",2026-06,month,200,correcto,https://www.vonwobeser.com/index.php/publication?p_id=2051,,1,legacy_id,2051,,dc59e9ef-7061-428c-8294-c36923bb70da,cfe-awards-projects-under-the-mixed-development-scheme-and-sener-extends-deadlin,press,2026-06-01,date_match
en:2050,en,news,2050,Administrative Measures – FIFA World Cup 2026 Opening Match in Mexico City.,https://www.vonwobeser.com/index.php/publication?p_id=2050,https://www.vonwobeser.com/index.php/publications/news,"June, 2026",2026-06,month,200,correcto,https://www.vonwobeser.com/index.php/publication?p_id=2050,,1,legacy_id,2050,,566fec09-2cf0-454f-9797-52e5f26c91c2,administrative-measures-fifa-world-cup-2026-opening-match-in-mexico-city,news,2026-06-01,date_match
en:2048,en,news,2048,"New UMA Values Effective as of February 1st, 2026",https://www.vonwobeser.com/index.php/publication?p_id=2048,https://www.vonwobeser.com/index.php/publications/news?start=20,"January, 2026",2026-01,month,200,correcto,https://www.vonwobeser.com/index.php/publication?p_id=2048,,1,legacy_id,2048,,e9c0f9e1-e8ba-4cf4-977c-2757e3d318f0,new-uma-values-effective-as-of-february-1st-2026,news,2026-01-01,date_match
en:2046,en,news,2046,New Obligations for Employers: Gender Equality and the Prevention and Eradication of Discrimination and Violence,https://www.vonwobeser.com/index.php/publication?p_id=2046,https://www.vonwobeser.com/index.php/publications/news?start=20,"January, 2026",2026-01,month,200,correcto,https://www.vonwobeser.com/index.php/publication?p_id=2046,,1,legacy_id,2046,,cb8edf5a-8656-4655-8a17-fd0eb5104cb7,new-obligations-for-employers-gender-equality-and-the-prevention-and-eradication,news,2026-01-01,date_match
en:2044,en,news,2044,Mexico’s New Legal Framework for Promoting a Circular Economy,https://www.vonwobeser.com/index.php/publication?p_id=2044,https://www.vonwobeser.com/index.php/publications/news?start=20,"January, 2026",2026-01,month,200,correcto,https://www.vonwobeser.com/index.php/publication?p_id=2044,,1,legacy_id,2044,,dcc6dcad-eded-49e2-b72a-4df734c3fb23,mexico-s-new-legal-framework-for-promoting-a-circular-economy,news,2026-01-01,date_match
en:2042,en,news,2042,"The Federal Electricity Commission Issues the “Guidelines for Mixed-Development Schemes of the State-Owned Public Enterprise, Federal Electricity Commission”",https://www.vonwobeser.com/index.php/publication?p_id=2042,https://www.vonwobeser.com/index.php/publications/news?start=20,"February, 2026",2026-02,month,200,correcto,https://www.vonwobeser.com/index.php/publication?p_id=2042,,1,legacy_id,2042,,a4398c0a-4891-4d0e-9b74-f934ae3daa19,the-federal-electricity-commission-issues-the-guidelines-for-mixed-development-s,news,2026-02-01,date_match
en:2040,en,news,2040,A tax incentive is granted through a transferable tax credit to film and audiovisual production in Mexico,https://www.vonwobeser.com/index.php/publication?p_id=2040,https://www.vonwobeser.com/index.php/publications/news?start=20,"February, 2026",2026-02,month,200,correcto,https://www.vonwobeser.com/index.php/publication?p_id=2040,,1,legacy_id,2040,,2aae22a0-0e17-4c28-aac8-2af79f018176,a-tax-incentive-is-granted-through-a-transferable-tax-credit-to-film-and-audiovi,news,2026-02-01,date_match
en:2037,en,news,2037,Constitutional reform to reduce the workweek,https://www.vonwobeser.com/index.php/publication?p_id=2037,https://www.vonwobeser.com/index.php/publications/news?start=20,"March, 2026",2026-03,month,200,correcto,https://www.vonwobeser.com/index.php/publication?p_id=2037,,1,legacy_id,2037,,23f5d61a-8218-49a2-801d-8b2db8f8ffaa,constitutional-reform-to-reduce-the-workweek,news,2026-03-01,date_match
en:2036,en,news,2036,New interconnection and connection contract model: structural changes enabling new schemes in the power sector,https://www.vonwobeser.com/index.php/publication?p_id=2036,https://www.vonwobeser.com/index.php/publications/news?start=20,"March, 2026",2026-03,month,200,correcto,https://www.vonwobeser.com/index.php/publication?p_id=2036,,1,legacy_id,2036,,b3464078-7dc4-4b18-a0b5-9a796b9d6eca,new-interconnection-and-connection-contract-model-structural-changes-enabling-ne,news,2026-03-01,date_match
en:2033,en,news,2033,Investment opportunities in the Electricity sector. Transmission and Transformation Projects – Joint Development Schemes,https://www.vonwobeser.com/index.php/publication?p_id=2033,https://www.vonwobeser.com/index.php/publications/news?start=10,"April, 2026",2026-04,month,200,correcto,https://www.vonwobeser.com/index.php/publication?p_id=2033,,1,legacy_id,2033,,e772d8b4-4806-46a9-9988-77d5a9794cb0,investment-opportunities-in-the-electricity-sector-transmission-and-transformati,news,2026-04-01,date_match
en:2032,en,news,2032,A Collegiate Court Declared that Pemex’s Policy Restricting Contracts with Companies Involved in Litigation is Unconstitutional,https://www.vonwobeser.com/index.php/publication?p_id=2032,https://www.vonwobeser.com/index.php/publications/news?start=20,"March, 2026",2026-03,month,200,correcto,https://www.vonwobeser.com/index.php/publication?p_id=2032,,1,legacy_id,2032,,80443f4d-3363-40bc-8eaf-abe50d382e7d,a-collegiate-court-declared-that-pemex-s-policy-restricting-contracts-with-compa,news,2026-03-01,date_match
en:2030,en,news,2030,Client Alert: Amendment to the Regulations of the Anti-Money Laundering Law (AML Law),https://www.vonwobeser.com/index.php/publication?p_id=2030,https://www.vonwobeser.com/index.php/publications/news?start=20,"March, 2026",2026-03,month,200,correcto,https://www.vonwobeser.com/index.php/publication?p_id=2030,,1,legacy_id,2030,,05cbba32-3416-4d46-99ae-569d16fb94da,client-alert-amendment-to-the-regulations-of-the-anti-money-laundering-law-aml-l,news,2026-03-01,date_match
en:2028,en,news,2028,"Mexico Issues New Administrative Provisions for CENACE Competitive Procurement Mechanisms for Electricity, Capacity, Ancillary Services and Related Products and CENACE publishes the first Call",https://www.vonwobeser.com/index.php/publication?p_id=2028,https://www.vonwobeser.com/index.php/publications/news?start=10,"April, 2026",2026-04,month,200,correcto,https://www.vonwobeser.com/index.php/publication?p_id=2028,,1,legacy_id,2028,,f1ee026c-8f8f-48bd-bd72-77d001989ddd,mexico-issues-new-administrative-provisions-for-cenace-competitive-procurement-m,news,2026-04-01,date_match
en:2026,en,news,2026,Freezing of Accounts by the UIF is Constitutional:The SCJN ruling reminds business owners that their compliance programs are key to avoiding UIF measures,https://www.vonwobeser.com/index.php/publication?p_id=2026,https://www.vonwobeser.com/index.php/publications/news?start=20,"April, 2026",2026-04,month,200,correcto,https://www.vonwobeser.com/index.php/publication?p_id=2026,,1,legacy_id,2026,,d1c173ef-b1f9-4d11-827c-ea4daef95210,freezing-of-accounts-by-the-uif-is-constitutional-the-scjn-ruling-reminds-busine,news,2026-04-01,date_match
en:2024,en,news,2024,The Ministry of Energy issues guidelines for the Voluntary Migration of Independent Power Production Permits,https://www.vonwobeser.com/index.php/publication?p_id=2024,https://www.vonwobeser.com/index.php/publications/news?start=10,"April, 2026",2026-04,month,200,correcto,https://www.vonwobeser.com/index.php/publication?p_id=2024,,1,legacy_id,2024,,13f2213d-9434-4ea5-a848-cad67be030c3,the-ministry-of-energy-issues-guidelines-for-the-voluntary-migration-of-independ,news,2026-04-01,date_match
en:2023,en,news,2023,Decree Amending Article 141 of the Federal Tax Code,https://www.vonwobeser.com/index.php/publication?p_id=2023,https://www.vonwobeser.com/index.php/publications/news?start=10,"April, 2026",2026-04,month,200,correcto,https://www.vonwobeser.com/index.php/publication?p_id=2023,,1,legacy_id,2023,,8482e1e0-32fe-47b8-a8fe-1d273f2d3dbc,decree-amending-article-141-of-the-federal-tax-code,news,2026-04-01,date_match
en:2020,en,news,2020,Amendments to the Federal Law for the Protection of Industrial Property,https://www.vonwobeser.com/index.php/publication?p_id=2020,https://www.vonwobeser.com/index.php/publications/news?start=10,"April, 2026",2026-04,month,200,correcto,https://www.vonwobeser.com/index.php/publication?p_id=2020,,1,legacy_id,2020,,b0635ba2-faac-472a-a210-665667f6b1b8,amendments-to-the-federal-law-for-the-protection-of-industrial-property,news,2026-04-01,date_match
en:2017,en,news,2017,"Client Alert: Amendment to the General Law on Forced Disappearance of Persons, Disappearance Committed by Private Parties, and the National Missing Persons System (“LDP”); obligation to Interconnect with the Single Identity Platform (“PUI”)",https://www.vonwobeser.com/index.php/publication?p_id=2017,https://www.vonwobeser.com/index.php/publications/news?start=10,"April, 2026",2026-04,month,200,correcto,https://www.vonwobeser.com/index.php/publication?p_id=2017,,1,legacy_id,2017,,c9a9562b-c3a5-4f02-94b7-38b2db2d4c02,client-alert-amendment-to-the-general-law-on-forced-disappearance-of-persons-dis,news,2026-04-01,date_match
en:2015,en,news,2015,Sener Issues the Second Call for the Priority Processing of Applications for Electricity Generation Permits and Interconnection to the SEN,https://www.vonwobeser.com/index.php/publication?p_id=2015,https://www.vonwobeser.com/index.php/publications/news,"May, 2026",2026-05,month,200,correcto,https://www.vonwobeser.com/index.php/publication?p_id=2015,,1,legacy_id,2015,,f132b29d-e331-42b1-825e-74dd8b261652,sener-issues-the-second-call-for-the-priority-processing-of-applications-for-ele,news,2026-05-01,date_match
en:2014,en,news,2014,The law to promote investment in strategic infrastructure for development with well-being is enacted,https://www.vonwobeser.com/index.php/publication?p_id=2014,https://www.vonwobeser.com/index.php/publications/news?start=10,"April, 2026",2026-04,month,200,correcto,https://www.vonwobeser.com/index.php/publication?p_id=2014,,1,legacy_id,2014,,a79520a6-1073-4563-911f-d582487ad6c1,the-law-to-promote-investment-in-strategic-infrastructure-for-development-with-w,news,2026-04-01,date_match
en:2012,en,news,2012,Amendment to the General Guidelines for the Issuance of Visas.,https://www.vonwobeser.com/index.php/publication?p_id=2012,https://www.vonwobeser.com/index.php/publications/news,"June, 2026",2026-06,month,200,correcto,https://www.vonwobeser.com/index.php/publication?p_id=2012,,1,legacy_id,2012,,d959f14b-72e4-4f88-bb15-5e3c769cb604,amendment-to-the-general-guidelines-for-the-issuance-of-visas,news,2026-06-01,date_match
en:2010,en,news,2010,New CNE provisions regulate the integration of electric energy storage systems into the National Electric System,https://www.vonwobeser.com/index.php/publication?p_id=2010,https://www.vonwobeser.com/index.php/publications/news?start=10,"April, 2026",2026-04,month,200,correcto,https://www.vonwobeser.com/index.php/publication?p_id=2010,,1,legacy_id,2010,,8026fc54-fcb9-44b9-93c7-915512fac10d,new-cne-provisions-regulate-the-integration-of-electric-energy-storage-systems-i,news,2026-04-01,date_match
en:2008,en,news,2008,Publication of the Regulations of the Federal Law on the Protection of Industrial Property,https://www.vonwobeser.com/index.php/publication?p_id=2008,https://www.vonwobeser.com/index.php/publications/news?start=10,"April, 2026",2026-04,month,200,correcto,https://www.vonwobeser.com/index.php/publication?p_id=2008,,1,legacy_id,2008,,d2676eb2-b0c2-4b5d-978f-bd77af5b7b98,publication-of-the-regulations-of-the-federal-law-on-the-protection-of-industria,news,2026-04-01,date_match
en:2006,en,news,2006,Amendment to the Regulations for Health Supplies,https://www.vonwobeser.com/index.php/publication?p_id=2006,https://www.vonwobeser.com/index.php/publications/news?start=10,"May, 2026",2026-05,month,200,correcto,https://www.vonwobeser.com/index.php/publication?p_id=2006,,1,legacy_id,2006,,3590d2ef-714c-40f2-9719-39e2ac6b8439,amendment-to-the-regulations-for-health-supplies,news,2026-05-01,date_match
en:2004,en,news,2004,Plan Mexico — Immediate Actions for Investment:,https://www.vonwobeser.com/index.php/publication?p_id=2004,https://www.vonwobeser.com/index.php/publications/news,"May, 2026",2026-05,month,200,correcto,https://www.vonwobeser.com/index.php/publication?p_id=2004,,1,legacy_id,2004,,2db9a9d4-e247-4190-bdda-d1e041da323c,plan-mexico-immediate-actions-for-investment,news,2026-05-01,date_match
en:2002,en,news,2002,Impact in Mexico of the U.S. 2026 Anti-Drug Strategy and the New Trade and Financial Compliance Paradigm Linked to National Security,https://www.vonwobeser.com/index.php/publication?p_id=2002,https://www.vonwobeser.com/index.php/publications/news,"May, 2026",2026-05,month,200,correcto,https://www.vonwobeser.com/index.php/publication?p_id=2002,,1,legacy_id,2002,,8b80fd68-8e4e-46ca-9a99-466806a65f27,impact-in-mexico-of-the-u-s-2026-anti-drug-strategy-and-the-new-trade-and-financ,news,2026-05-01,date_match
en:2000,en,news,2000,SENER Issues the Amendment to the Second Call for the Priority Processing of Applications for Electricity Generation Permits and Interconnection to the SEN,https://www.vonwobeser.com/index.php/publication?p_id=2000,https://www.vonwobeser.com/index.php/publications/news,"May, 2026",2026-05,month,200,correcto,https://www.vonwobeser.com/index.php/publication?p_id=2000,,1,legacy_id,2000,,b0170c54-102f-4159-a528-a86667ed08a9,sener-issues-the-amendment-to-the-second-call-for-the-priority-processing-of-app,news,2026-05-01,date_match
en:1997,en,news,1997,Amendment to the Federal Labor Law Regarding the Reduction of the Workweek (48 to 40 hours),https://www.vonwobeser.com/index.php/publication?p_id=1997,https://www.vonwobeser.com/index.php/publications/news,"May, 2026",2026-05,month,200,correcto,https://www.vonwobeser.com/index.php/publication?p_id=1997,,1,legacy_id,1997,,acd9dcae-95bd-4b50-8df1-bfd4f95dc0a6,amendment-to-the-federal-labor-law-regarding-the-reduction-of-the-workweek-48-to,news,2026-05-01,date_match
en:1995,en,news,1995,Mexico and the European Union Sign the Modernized Global Agreement: New Investment Protection Regime and Next Steps for Entry into Force,https://www.vonwobeser.com/index.php/publication?p_id=1995,https://www.vonwobeser.com/index.php/publications/news,"June, 2026",2026-06,month,200,correcto,https://www.vonwobeser.com/index.php/publication?p_id=1995,,1,legacy_id,1995,,6b4f97d7-f89e-4981-a560-c919dc37aa25,mexico-and-the-european-union-sign-the-modernized-global-agreement-new-investmen,news,2026-06-01,date_match
en:1994,en,news,1994,"Von Wobeser bolsters its dispute resolution, antitrust, tax and compliance practices with the promotion of four new partners",https://www.vonwobeser.com/index.php/publication?p_id=1994,https://www.vonwobeser.com/index.php/publications/news?start=30,"December, 2025",2025-12,month,200,correcto,https://www.vonwobeser.com/index.php/publication?p_id=1994,,1,legacy_id,1994,,05efd902-003d-4130-9c90-2655a87f5b53,von-wobeser-bolsters-its-dispute-resolution-antitrust-tax-and-compliance-practic,news,2025-12-01,date_match
en:1992,en,news,1992,Von Wobeser y Sierra completes transition to new offices: a strategic investment in the firm’s future,https://www.vonwobeser.com/index.php/publication?p_id=1992,https://www.vonwobeser.com/index.php/publications/news?start=30,"November, 2025",2025-11,month,200,correcto,https://www.vonwobeser.com/index.php/publication?p_id=1992,,1,legacy_id,1992,,c3bb7085-07ae-4fcd-9477-f6170b837d70,von-wobeser-y-sierra-completes-transition-to-new-offices-a-strategic-investment-,news,2025-11-01,date_match
en:1988,en,news,1988,"New Public Procurement, Leasing and Service Law.",https://www.vonwobeser.com/index.php/publication?p_id=1988,https://www.vonwobeser.com/index.php/publications/news?start=30,"May, 2025",2025-05,month,200,correcto,https://www.vonwobeser.com/index.php/publication?p_id=1988,,1,legacy_id,1988,,54869734-017e-4e91-9d3c-d955688e9813,new-public-procurement-leasing-and-service-law,news,2025-05-01,date_match
en:1986,en,news,1986,Regulatory Updates in the Hydrocarbons Sector,https://www.vonwobeser.com/index.php/publication?p_id=1986,https://www.vonwobeser.com/index.php/publications/news?start=30,"July, 2025",2025-07,month,200,correcto,https://www.vonwobeser.com/index.php/publication?p_id=1986,,1,legacy_id,1986,,eb225870-9313-4f31-9184-d349dd4ac349,regulatory-updates-in-the-hydrocarbons-sector-1986,news,2025-07-01,date_match
en:1984,en,news,1984,Chair Law Provisions in Occupational Risk Factors,https://www.vonwobeser.com/index.php/publication?p_id=1984,https://www.vonwobeser.com/index.php/publications/news?start=30,"July, 2025",2025-07,month,200,correcto,https://www.vonwobeser.com/index.php/publication?p_id=1984,,1,legacy_id,1984,,d86859dd-700e-4aca-a34c-960b4f7c8413,chair-law-provisions-in-occupational-risk-factors,news,2025-07-01,date_match
en:1982,en,news,1982,Flash News: Reform to Mexico’s Anti-Money Laundering Law (LFPIORPI) and the Federal Criminal Code,https://www.vonwobeser.com/index.php/publication?p_id=1982,https://www.vonwobeser.com/index.php/publications/news?start=30,"July, 2025",2025-07,month,200,correcto,https://www.vonwobeser.com/index.php/publication?p_id=1982,,1,legacy_id,1982,,f2becef7-9b35-4d0b-a296-7e59e893e102,flash-news-reform-to-mexico-s-anti-money-laundering-law-lfpiorpi-and-the-federal,news,2025-07-01,date_match
en:1980,en,news,1980,National Energy Commission Resumes Activities: Official Deadlines and Timeframes Announced,https://www.vonwobeser.com/index.php/publication?p_id=1980,https://www.vonwobeser.com/index.php/publications/news?start=30,"June, 2025",2025-06,month,200,correcto,https://www.vonwobeser.com/index.php/publication?p_id=1980,,1,legacy_id,1980,,e1605d94-02fa-4f79-b8b1-004237ccb417,national-energy-commission-resumes-activities-official-deadlines-and-timeframes-,news,2025-06-01,date_match
en:1978,en,news,1978,Regulatory Simplification of AML Filings and Procedures,https://www.vonwobeser.com/index.php/publication?p_id=1978,https://www.vonwobeser.com/index.php/publications/news?start=30,"June, 2025",2025-06,month,200,correcto,https://www.vonwobeser.com/index.php/publication?p_id=1978,,1,legacy_id,1978,,0d6c4c94-5ec5-4fe9-bace-76999fb827d8,regulatory-simplification-of-aml-filings-and-procedures,news,2025-06-01,date_match
en:1976,en,news,1976,Bill to amend the Federal Economic Competition Law is introduced,https://www.vonwobeser.com/index.php/publication?p_id=1976,https://www.vonwobeser.com/index.php/publications/news?start=40,"April, 2025",2025-04,month,200,correcto,https://www.vonwobeser.com/index.php/publication?p_id=1976,,1,legacy_id,1976,,2b79729b-359c-4401-be87-a9cbb1ad7893,bill-to-amend-the-federal-economic-competition-law-is-introduced,news,2025-04-01,date_match
en:1974,en,news,1974,New Informative Return on the Occupancy Status of Residential Properties in Mexico City,https://www.vonwobeser.com/index.php/publication?p_id=1974,https://www.vonwobeser.com/index.php/publications/news?start=40,"April, 2025",2025-04,month,200,correcto,https://www.vonwobeser.com/index.php/publication?p_id=1974,,1,legacy_id,1974,,bbb31549-fae1-42f7-a2cb-410bff84f39b,new-informative-return-on-the-occupancy-status-of-residential-properties-in-mexi,news,2025-04-01,date_match
en:1972,en,news,1972,New Laws on Transparency and Protection of Personal Data in Mexico,https://www.vonwobeser.com/index.php/publication?p_id=1972,https://www.vonwobeser.com/index.php/publications/news?start=40,"March, 2025",2025-03,month,200,correcto,https://www.vonwobeser.com/index.php/publication?p_id=1972,,1,legacy_id,1972,,c54c10dc-2bb9-489f-b6c5-52bf860e27b1,new-laws-on-transparency-and-protection-of-personal-data-in-mexico,news,2025-03-01,date_match
en:1970,en,news,1970,Criterion Issued by the Instituto del Fondo Nacional de la Vivienda para los Trabajadores Regarding the Amendment to Article 29 of the INFONAVIT Law,https://www.vonwobeser.com/index.php/publication?p_id=1970,https://www.vonwobeser.com/index.php/publications/news?start=40,"March, 2025",2025-03,month,200,correcto,https://www.vonwobeser.com/index.php/publication?p_id=1970,,1,legacy_id,1970,,97c59e33-0043-49f6-87d8-2ca5fad7d84f,criterio-emitido-por-el-instituto-del,Laboral,2025-03-01,date_match
en:1968,en,news,1968,New Secondary Laws for the Electricity Sector (Part Two),https://www.vonwobeser.com/index.php/publication?p_id=1968,https://www.vonwobeser.com/index.php/publications/news?start=40,"March, 2025",2025-03,month,200,correcto,https://www.vonwobeser.com/index.php/publication?p_id=1968,,1,legacy_id,1968,,c8f837ce-04a4-44d2-b964-b4123f8041c7,new-secondary-laws-for-the-electricity-sector-part-two,news,2025-03-01,date_match
en:1966,en,news,1966,Tax Implications of Recent SAT Invitations on Subcontracting and REPSE,https://www.vonwobeser.com/index.php/publication?p_id=1966,https://www.vonwobeser.com/index.php/publications/news?start=40,"March, 2025",2025-03,month,200,correcto,https://www.vonwobeser.com/index.php/publication?p_id=1966,,1,legacy_id,1966,,ba575748-0d94-400a-aa84-3352a5befb68,tax-implications-of-recent-sat-invitations-on-subcontracting-and-repse-1966,news,2025-03-01,date_match
en:1964,en,news,1964,New Provisions for the integration of Electric Energy Storage Systems into the National Electric System.,https://www.vonwobeser.com/index.php/publication?p_id=1964,https://www.vonwobeser.com/index.php/publications/news?start=40,"March, 2025",2025-03,month,200,correcto,https://www.vonwobeser.com/index.php/publication?p_id=1964,,1,legacy_id,1964,,1d1c0cd5-5a6c-45de-a899-530089639bfc,new-provisions-for-the-integration-of-electric-energy-storage-systems-into-the-n,news,2025-03-01,date_match
en:1961,en,news,1961,New Reform to the Public Works and Related Services Law,https://www.vonwobeser.com/index.php/publication?p_id=1961,https://www.vonwobeser.com/index.php/publications/news?start=30,"May, 2025",2025-05,month,200,correcto,https://www.vonwobeser.com/index.php/publication?p_id=1961,,1,legacy_id,1961,,c9a6b206-fb08-49a8-9366-45140bac0197,new-reform-to-the-public-works-and-related-services-law,news,2025-05-01,date_match
en:1959,en,news,1959,Tax Incentives Granted to Taxpayers Operating within the Economic Development Hubs for Well-Being,https://www.vonwobeser.com/index.php/publication?p_id=1959,https://www.vonwobeser.com/index.php/publications/news?start=30,"May, 2025",2025-05,month,200,correcto,https://www.vonwobeser.com/index.php/publication?p_id=1959,,1,legacy_id,1959,,1fee1bd7-0e6f-4ca3-b081-68dec64581f0,tax-incentives-granted-to-taxpayers-operating-within-the-economic-development-hu,news,2025-05-01,date_match
en:1958,en,news,1958,New Secondary Laws Overhaul Mexico’s Energy Sector,https://www.vonwobeser.com/index.php/publication?p_id=1958,https://www.vonwobeser.com/index.php/publications/news?start=40,"March, 2025",2025-03,month,200,correcto,https://www.vonwobeser.com/index.php/publication?p_id=1958,,1,legacy_id,1958,,d29c3150-a3c3-49b6-bece-4c853e07ab88,new-secondary-laws-overhaul-mexico-s-energy-sector,news,2025-03-01,date_match
en:1956,en,news,1956,Initiative of Secondary Legislation for the Hydrocarbons Sector,https://www.vonwobeser.com/index.php/publication?p_id=1956,https://www.vonwobeser.com/index.php/publications/news?start=40,"February, 2025",2025-02,month,200,correcto,https://www.vonwobeser.com/index.php/publication?p_id=1956,,1,legacy_id,1956,,0c53d669-01fd-4efe-8640-22a67906eeb8,initiative-of-secondary-legislation-for-the-hydrocarbons-sector,news,2025-02-01,date_match
en:1954,en,news,1954,Issuance of a Ruling on Criminal Liability of Legal Entities.,https://www.vonwobeser.com/index.php/publication?p_id=1954,https://www.vonwobeser.com/index.php/publications/news?start=40,"February, 2025",2025-02,month,200,correcto,https://www.vonwobeser.com/index.php/publication?p_id=1954,,1,legacy_id,1954,,5d7e8049-d56f-4635-8d5d-42c4c92d5160,issuance-of-a-ruling-on-criminal-liability-of-legal-entities,news,2025-02-01,date_match
en:1952,en,news,1952,Bill on the Federal Antitrust and Economic Competition Law is Introduced,https://www.vonwobeser.com/index.php/publication?p_id=1952,https://www.vonwobeser.com/index.php/publications/news?start=50,"February, 2025",2025-02,month,200,correcto,https://www.vonwobeser.com/index.php/publication?p_id=1952,,1,legacy_id,1952,,d7c41261-0c96-4ffa-a630-e485a804271f,bill-on-the-federal-antitrust-and-economic-competition-law-is-introduced,news,2025-02-01,date_match
en:1949,en,news,1949,SAT increases address verifications that can lead to restriction of digital certificates,https://www.vonwobeser.com/index.php/publication?p_id=1949,https://www.vonwobeser.com/index.php/publications/news?start=70,"August, 2024",2024-08,month,200,correcto,https://www.vonwobeser.com/index.php/publication?p_id=1949,,1,legacy_id,1949,,5a39636a-3c27-4625-a58d-6ab148e44c8b,sat-increases-address-verifications-that-can-lead-to-restriction-of-digital-cert,news,2024-08-01,date_match
en:1947,en,news,1947,In memory of Rodolfo Trampe,https://www.vonwobeser.com/index.php/publication?p_id=1947,https://www.vonwobeser.com/index.php/publications/news?start=60,"November, 2024",2024-11,month,200,correcto,https://www.vonwobeser.com/index.php/publication?p_id=1947,,1,legacy_id,1947,,2741aa52-8aa7-4f7f-b1c9-9d3601b458a6,in-memory-of-rodolfo-trampe,news,,project_date_missing
en:1946,en,news,1946,Reform to Expand Crimes with Mandatory Pretrial Detention,https://www.vonwobeser.com/index.php/publication?p_id=1946,https://www.vonwobeser.com/index.php/publications/news?start=60,"November, 2024",2024-11,month,200,correcto,https://www.vonwobeser.com/index.php/publication?p_id=1946,,1,legacy_id,1946,,4fcec068-484e-4cd6-9972-a90c3bc12812,reform-to-expand-crimes-with-mandatory-pretrial-detention-2,news,,project_date_missing
en:1943,en,news,1943,Von Wobeser y Sierra recognized in GIR 100 2024,https://www.vonwobeser.com/index.php/publication?p_id=1943,https://www.vonwobeser.com/index.php/publications/news?start=50,"December, 2024",2024-12,month,200,correcto,https://www.vonwobeser.com/index.php/publication?p_id=1943,,1,legacy_id,1943,,add36531-64a9-4e5a-a521-4b1ba24e38c2,von-wobeser-y-sierra-recognized-in-gir-100-2024,news,2024-12-01,date_match
en:1942,en,news,1942,"Tax incentives decree published on January 21, 2025",https://www.vonwobeser.com/index.php/publication?p_id=1942,https://www.vonwobeser.com/index.php/publications/news?start=50,"January, 2025",2025-01,month,200,correcto,https://www.vonwobeser.com/index.php/publication?p_id=1942,,1,legacy_id,1942,,f1fc36b4-fa61-4305-98c0-0070daad0ef0,tax-incentives-decree-published-on-january-21-2025,news,2025-01-01,date_match
en:1940,en,news,1940,Flexibility in the Prohibition on Temporary Importation of Textiles and Clothing under IMMEX Programmes,https://www.vonwobeser.com/index.php/publication?p_id=1940,https://www.vonwobeser.com/index.php/publications/news?start=50,"January, 2025",2025-01,month,200,correcto,https://www.vonwobeser.com/index.php/publication?p_id=1940,,1,legacy_id,1940,,1d51645b-c9d2-4656-b43f-2225cbf07399,flexibility-in-the-prohibition-on-temporary-importation-of-textiles-and-clothing,news,2025-01-01,date_match
en:1938,en,news,1938,Labor Reform on Digital Platform Work,https://www.vonwobeser.com/index.php/publication?p_id=1938,https://www.vonwobeser.com/index.php/publications/news?start=50,"January, 2025",2025-01,month,200,correcto,https://www.vonwobeser.com/index.php/publication?p_id=1938,,1,legacy_id,1938,,93f1e32a-39ca-4ec1-bcef-8574274b7b84,labor-reform-on-digital-platform-work,news,2025-01-01,date_match
en:1936,en,news,1936,Legal and Compliance Services Proposal: Preparedness for OFAC Regulations and Designation of Cartels as Terrorist Organizations,https://www.vonwobeser.com/index.php/publication?p_id=1936,https://www.vonwobeser.com/index.php/publications/news?start=50,"January, 2025",2025-01,month,200,correcto,https://www.vonwobeser.com/index.php/publication?p_id=1936,,1,legacy_id,1936,,2ceac715-8d58-4e00-85de-cae3ec4ebf21,legal-and-compliance-services-proposal-preparedness-for-ofac-regulations-and-des,"Investigaciones, Anticorrupción y Compliance",2025-01-01,date_match
en:1934,en,news,1934,"New UMA Values Effective as of February 1st, 2025",https://www.vonwobeser.com/index.php/publication?p_id=1934,https://www.vonwobeser.com/index.php/publications/news?start=50,"January, 2025",2025-01,month,200,correcto,https://www.vonwobeser.com/index.php/publication?p_id=1934,,1,legacy_id,1934,,620e0552-cdea-4dec-b08c-bea8d19f9be8,new-uma-values-effective-as-of-february-1st-2025,news,2025-01-01,date_match
en:1931,en,news,1931,Von Wobeser y Sierra announces leadership transition and changes to its Executive Committee,https://www.vonwobeser.com/index.php/publication?p_id=1931,https://www.vonwobeser.com/index.php/publications/news?start=50,"February, 2025",2025-02,month,200,correcto,https://www.vonwobeser.com/index.php/publication?p_id=1931,,1,legacy_id,1931,,4078458f-8695-4d32-9ec8-d71ea25c1e71,von-wobeser-y-sierra-announces-leadership-transition-and-changes-to-its-executiv,news,2025-02-01,date_match
en:1929,en,news,1929,Mexico Expresses Restrictive Position at the UN on the Use of Force in Foreign Territory,https://www.vonwobeser.com/index.php/publication?p_id=1929,https://www.vonwobeser.com/index.php/publications/news?start=50,"February, 2025",2025-02,month,200,correcto,https://www.vonwobeser.com/index.php/publication?p_id=1929,,1,legacy_id,1929,,43ac2c39-0fdb-41e7-afef-88a3ac50c8c8,mexico-expresses-restrictive-position-at-the-un-on-the-use-of-force-in-foreign-t,news,2025-02-01,date_match
en:1928,en,news,1928,"New Minimum Wages Effective January 1, 2025",https://www.vonwobeser.com/index.php/publication?p_id=1928,https://www.vonwobeser.com/index.php/publications/news?start=50,"January, 2025",2025-01,month,200,correcto,https://www.vonwobeser.com/index.php/publication?p_id=1928,,1,legacy_id,1928,,4eb6f47f-1c12-4549-a5ae-38f72c61d593,new-minimum-wages-effective-january-1-2025,news,2025-01-01,date_match
en:1926,en,news,1926,Economic Package for fiscal year 2025,https://www.vonwobeser.com/index.php/publication?p_id=1926,https://www.vonwobeser.com/index.php/publications/news?start=60,"November, 2024",2024-11,month,200,correcto,https://www.vonwobeser.com/index.php/publication?p_id=1926,,1,legacy_id,1926,,7e2013fc-832a-4b61-8c52-9bfb50d437b3,economic-package-for-fiscal-year-2025,news,,project_date_missing
en:1924,en,news,1924,Von Wobeser y Sierra bolsters its Tax practice with the addition of counsel Eric Palacios,https://www.vonwobeser.com/index.php/publication?p_id=1924,https://www.vonwobeser.com/index.php/publications/news?start=70,"August, 2024",2024-08,month,200,correcto,https://www.vonwobeser.com/index.php/publication?p_id=1924,,1,legacy_id,1924,,5aa5869d-81a7-4598-9bfa-fb53f994ed4e,von-wobeser-y-sierra-bolsters-its-tax-practice-with-the-addition-of-counsel-eric,news,2024-08-01,date_match
en:1922,en,news,1922,TD Bank: Lessons on the Importance of Effective Controls in Money Laundering Prevention,https://www.vonwobeser.com/index.php/publication?p_id=1922,https://www.vonwobeser.com/index.php/publications/news?start=60,"October, 2024",2024-10,month,200,correcto,https://www.vonwobeser.com/index.php/publication?p_id=1922,,1,legacy_id,1922,,13fd80e9-dd0a-44a2-9a1f-eca6ec6431ee,td-bank-lessons-on-the-importance-of-effective-controls-in-money-laundering-prev,news,,project_date_missing
en:1920,en,news,1920,Constitutional Reform on the Rights of Indigenous and Afro-Mexican Communities,https://www.vonwobeser.com/index.php/publication?p_id=1920,https://www.vonwobeser.com/index.php/publications/news?start=60,"October, 2024",2024-10,month,200,correcto,https://www.vonwobeser.com/index.php/publication?p_id=1920,,1,legacy_id,1920,,dca1656f-3b88-48b8-8324-0f5a9a026391,constitutional-reform-on-the-rights-of-indigenous-and-afro-mexican-communities,news,,project_date_missing
en:1918,en,news,1918,Reform to Expand Crimes with Mandatory Pretrial Detention,https://www.vonwobeser.com/index.php/publication?p_id=1918,https://www.vonwobeser.com/index.php/publications/news?start=60,"November, 2024",2024-11,month,200,correcto,https://www.vonwobeser.com/index.php/publication?p_id=1918,,1,legacy_id,1918,,c17265e1-aada-446a-9d3d-20b86598919f,reform-to-expand-crimes-with-mandatory-pretrial-detention,news,,project_date_missing
en:1916,en,news,1916,U.S. Introduces New Open Banking Regulations,https://www.vonwobeser.com/index.php/publication?p_id=1916,https://www.vonwobeser.com/index.php/publications/news?start=60,"November, 2024",2024-11,month,200,correcto,https://www.vonwobeser.com/index.php/publication?p_id=1916,,1,legacy_id,1916,,c7333213-ff81-4ec1-a82f-178e7d7917f5,u-s-introduces-new-open-banking-regulations,news,,project_date_missing
en:1914,en,news,1914,"New Constitutional Reform in Strategic Areas and Companies (Energy, Railroads, Telecommunications and Natural Resources)",https://www.vonwobeser.com/index.php/publication?p_id=1914,https://www.vonwobeser.com/index.php/publications/news?start=60,"October, 2024",2024-10,month,200,correcto,https://www.vonwobeser.com/index.php/publication?p_id=1914,,1,legacy_id,1914,,029620d3-f79b-4435-bbb7-24698d07420d,new-constitutional-reform-in-strategic-areas-and-companies-energy-railroads-tele,news,,project_date_missing
en:1912,en,news,1912,Proposal for Reform of the LFPIORPI and CPF to Enhance Anti-Money Laundering and Combating Financing Terrorism Efforts,https://www.vonwobeser.com/index.php/publication?p_id=1912,https://www.vonwobeser.com/index.php/publications/news?start=60,"October, 2024",2024-10,month,200,correcto,https://www.vonwobeser.com/index.php/publication?p_id=1912,,1,legacy_id,1912,,fb0057ff-99f2-4ea8-93ba-35b3aa4fc184,proposal-for-reform-of-the-lfpiorpi-and-cpf-to-enhance-anti-money-laundering-and,news,,project_date_missing
en:1910,en,news,1910,New Provisions for Electric Vehicle Charging Infrastructure in Mexico,https://www.vonwobeser.com/index.php/publication?p_id=1910,https://www.vonwobeser.com/index.php/publications/news?start=60,"October, 2024",2024-10,month,200,correcto,https://www.vonwobeser.com/index.php/publication?p_id=1910,,1,legacy_id,1910,,7569560a-841c-4dea-810b-62ef4a8911ba,new-provisions-for-electric-vehicle-charging-infrastructure-in-mexico,news,,project_date_missing
en:1908,en,news,1908,Important precedent regarding the deduction of expenditures for urbanization and infrastructure as operating expenses and not as cost of sales,https://www.vonwobeser.com/index.php/publication?p_id=1908,https://www.vonwobeser.com/index.php/publications/news?start=70,"September, 2024",2024-09,month,200,correcto,https://www.vonwobeser.com/index.php/publication?p_id=1908,,1,legacy_id,1908,,c0b40bfe-9f9d-43d5-a342-9ba8132c447c,important-precedent-regarding-the-deduction-of-expenditures-for-urbanization-and,news,2024-09-01,date_match
en:1906,en,news,1906,October 1st: Mandatory day off,https://www.vonwobeser.com/index.php/publication?p_id=1906,https://www.vonwobeser.com/index.php/publications/news?start=70,"September, 2024",2024-09,month,200,correcto,https://www.vonwobeser.com/index.php/publication?p_id=1906,,1,legacy_id,1906,,111e5734-7806-4072-83a8-d641e4bc8921,october-1st-mandatory-day-off,news,2024-09-01,date_match
en:1904,en,news,1904,Important precedent to prevent the cancellation of digital seals,https://www.vonwobeser.com/index.php/publication?p_id=1904,https://www.vonwobeser.com/index.php/publications/news?start=70,"September, 2024",2024-09,month,200,correcto,https://www.vonwobeser.com/index.php/publication?p_id=1904,,1,legacy_id,1904,,95a1f153-ca40-4431-97bd-c84960a75438,important-precedent-to-prevent-the-cancellation-of-digital-seals,news,2024-09-01,date_match
en:1902,en,news,1902,General guidelines of the Mexican Social Security Institute mailbox,https://www.vonwobeser.com/index.php/publication?p_id=1902,https://www.vonwobeser.com/index.php/publications/news?start=70,"August, 2024",2024-08,month,200,correcto,https://www.vonwobeser.com/index.php/publication?p_id=1902,,1,legacy_id,1902,,e54def57-8989-4641-bf49-bead12a908bd,general-guidelines-of-the-mexican-social-security-institute-mailbox,news,2024-08-01,date_match
en:1890,en,news,1890,Mexico’s Grupak acquires Igsapak for electricity self-supply,https://www.vonwobeser.com/index.php/publication?p_id=1890,https://www.vonwobeser.com/index.php/publications/news?start=90,"October, 2023",2023-10,month,200,correcto,https://www.vonwobeser.com/index.php/publication?p_id=1890,,1,legacy_id,1890,,2fa6a410-c6f9-489e-9b87-b2e8caa2bc4b,mexico-s-grupak-acquires-igsapak-for-electricity-self-supply,news,,project_date_missing
en:1889,en,news,1889,IMSS: Integration of the base salary for contribution purposes due to the payment of food and housing,https://www.vonwobeser.com/index.php/publication?p_id=1889,https://www.vonwobeser.com/index.php/publications/news?start=70,"July, 2024",2024-07,month,200,correcto,https://www.vonwobeser.com/index.php/publication?p_id=1889,,1,legacy_id,1889,,eafb13fa-d63c-4544-a04f-dc4fe0076f37,imss-integration-of-the-base-salary-for-contribution-purposes-due-to-the-payment,news,2024-07-01,date_match
en:1887,en,news,1887,COFECE publishes guidelines for the use of electronic means in its proceedings,https://www.vonwobeser.com/index.php/publication?p_id=1887,https://www.vonwobeser.com/index.php/publications/news?start=110,"March, 2023",2023-03,month,200,correcto,https://www.vonwobeser.com/index.php/publication?p_id=1887,,1,legacy_id,1887,,69fdcff2-fac9-438e-9389-4baae7a1b08c,cofece-publishes-guidelines-for-the-use-of-electronic-means-in-its-proceedings,news,2023-03-01,date_match
en:1885,en,news,1885,The restriction on the sale of products containing trans fats is now in effect,https://www.vonwobeser.com/index.php/publication?p_id=1885,https://www.vonwobeser.com/index.php/publications/news?start=100,"September, 2023",2023-09,month,200,correcto,https://www.vonwobeser.com/index.php/publication?p_id=1885,,1,legacy_id,1885,,f09d32bd-1ba6-4c02-a87c-722e64b66b53,the-restriction-on-the-sale-of-products-containing-trans-fats-is-now-in-effect,news,,project_date_missing
en:1883,en,news,1883,Use of Electronic Means for the Holding of Partners and Shareholders’ Meetings,https://www.vonwobeser.com/index.php/publication?p_id=1883,https://www.vonwobeser.com/index.php/publications/news?start=100,"September, 2023",2023-09,month,200,correcto,https://www.vonwobeser.com/index.php/publication?p_id=1883,,1,legacy_id,1883,,a44a5c11-2882-4996-815d-95316988ac60,use-of-electronic-means-for-the-holding-of-partners-and-shareholders-meetings,news,,project_date_missing
en:1879,en,news,1879,Investigation on Antitrust Matters in the Market for Commercialization of Real Estates Classified Advertisements,https://www.vonwobeser.com/index.php/publication?p_id=1879,https://www.vonwobeser.com/index.php/publications/news?start=100,"October, 2023",2023-10,month,200,correcto,https://www.vonwobeser.com/index.php/publication?p_id=1879,,1,legacy_id,1879,,f4c17cff-a9ab-496a-b475-35a3eeb5759b,investigation-on-antitrust-matters-in-the-market-for-commercialization-of-real-e,news,,project_date_missing
en:1877,en,news,1877,Significant tax incentives granted to key sectors of the manufacturing industry for export,https://www.vonwobeser.com/index.php/publication?p_id=1877,https://www.vonwobeser.com/index.php/publications/news?start=90,"October, 2023",2023-10,month,200,correcto,https://www.vonwobeser.com/index.php/publication?p_id=1877,,1,legacy_id,1877,,dee26923-1f14-4168-bdef-b7e0e2b0f457,significant-tax-incentives-granted-to-key-sectors-of-the-manufacturing-industry-,news,,project_date_missing
en:1874,en,news,1874,Decree - Tax benefits to taxpayers of the affected areas of the state of Guerrero,https://www.vonwobeser.com/index.php/publication?p_id=1874,https://www.vonwobeser.com/index.php/publications/news?start=90,"October, 2023",2023-10,month,200,correcto,https://www.vonwobeser.com/index.php/publication?p_id=1874,,1,legacy_id,1874,,9f1f9706-ae64-4165-8042-8dcbaae8f13c,decree-tax-benefits-to-taxpayers-of-the-affected-areas-of-the-state-of-guerrero,news,,project_date_missing
en:1872,en,news,1872,NOM-037 enters into force soon,https://www.vonwobeser.com/index.php/publication?p_id=1872,https://www.vonwobeser.com/index.php/publications/news?start=90,"November, 2023",2023-11,month,200,correcto,https://www.vonwobeser.com/index.php/publication?p_id=1872,,1,legacy_id,1872,,3242626b-a693-4f14-82c7-c77075b63884,nom-037-enters-into-force-soon,news,,project_date_missing
en:1870,en,news,1870,Report on BEPS Action 14 “Making Dispute Resolution Mechanisms More Effective”,https://www.vonwobeser.com/index.php/publication?p_id=1870,https://www.vonwobeser.com/index.php/publications/news?start=90,"November, 2023",2023-11,month,200,correcto,https://www.vonwobeser.com/index.php/publication?p_id=1870,,1,legacy_id,1870,,4bda3979-f08a-439b-95b4-46c67363501d,report-on-beps-action-14-making-dispute-resolution-mechanisms-more-effective,news,,project_date_missing
en:1868,en,news,1868,Relevant modifications in tax and budget laws for 2024,https://www.vonwobeser.com/index.php/publication?p_id=1868,https://www.vonwobeser.com/index.php/publications/news?start=90,"November, 2023",2023-11,month,200,correcto,https://www.vonwobeser.com/index.php/publication?p_id=1868,,1,legacy_id,1868,,3538c25c-4927-4837-a580-4393d030ba1d,relevant-modifications-in-tax-and-budget-laws-for-2024,news,,project_date_missing
en:1866,en,news,1866,Gambling and Raffles reform,https://www.vonwobeser.com/index.php/publication?p_id=1866,https://www.vonwobeser.com/index.php/publications/news?start=90,"November, 2023",2023-11,month,200,correcto,https://www.vonwobeser.com/index.php/publication?p_id=1866,,1,legacy_id,1866,,f5025d61-8ddb-4252-af69-8ef24513e66a,gambling-and-raffles-reform,news,,project_date_missing
en:1864,en,news,1864,"New minimum wages as of January 1, 2024",https://www.vonwobeser.com/index.php/publication?p_id=1864,https://www.vonwobeser.com/index.php/publications/news?start=90,"December, 2023",2023-12,month,200,correcto,https://www.vonwobeser.com/index.php/publication?p_id=1864,,1,legacy_id,1864,,7cdface0-d314-4191-ba6f-93999b9b7360,new-minimum-wages-as-of-january-1-2024,news,,project_date_missing
en:1862,en,news,1862,Ex officio investigation for barriers to competition and free market and/or essential inputs in the Public Railroad Freight Transportation Service Market,https://www.vonwobeser.com/index.php/publication?p_id=1862,https://www.vonwobeser.com/index.php/publications/news?start=90,"January, 2024",2024-01,month,200,correcto,https://www.vonwobeser.com/index.php/publication?p_id=1862,,1,legacy_id,1862,,41480454-9096-4c9e-ad34-ea4b891d583d,ex-officio-investigation-for-barriers-to-competition-and-free-market-and-or-esse,news,,project_date_missing
en:1860,en,news,1860,Amendment to the Federal Court of Administrative Justice Bylaws,https://www.vonwobeser.com/index.php/publication?p_id=1860,https://www.vonwobeser.com/index.php/publications/news?start=80,"February, 2024",2024-02,month,200,correcto,https://www.vonwobeser.com/index.php/publication?p_id=1860,,1,legacy_id,1860,,c9f5392d-2d3e-4461-8aac-67ea20a471a2,amendment-to-the-federal-court-of-administrative-justice-bylaws,news,,project_date_missing
en:1858,en,news,1858,Mexico’s Supreme Court of Justice confirms ruling against the recent reform of the Electricity Industry Law,https://www.vonwobeser.com/index.php/publication?p_id=1858,https://www.vonwobeser.com/index.php/publications/news?start=80,"February, 2024",2024-02,month,200,correcto,https://www.vonwobeser.com/index.php/publication?p_id=1858,,1,legacy_id,1858,,5beabc11-0aa9-4974-8549-d45714412b57,mexico-s-supreme-court-of-justice-confirms-ruling-against-the-recent-reform-of-t,news,,project_date_missing
en:1856,en,news,1856,Property Tax - Unconstitutionality of section IV of Article 282 of the Mexico City Tax Code,https://www.vonwobeser.com/index.php/publication?p_id=1856,https://www.vonwobeser.com/index.php/publications/news?start=80,"February, 2024",2024-02,month,200,correcto,https://www.vonwobeser.com/index.php/publication?p_id=1856,,1,legacy_id,1856,,924c5853-3f39-47fb-86a8-347da41092fe,property-tax-unconstitutionality-of-section-iv-of-article-282-of-the-mexico-city,news,,project_date_missing
en:1854,en,news,1854,2024 REPSE renewals,https://www.vonwobeser.com/index.php/publication?p_id=1854,https://www.vonwobeser.com/index.php/publications/news?start=80,"February, 2024",2024-02,month,200,correcto,https://www.vonwobeser.com/index.php/publication?p_id=1854,,1,legacy_id,1854,,3231d3e1-7c01-4114-abe4-9c4cc1a9d250,2024-repse-renewals,news,,project_date_missing
en:1852,en,news,1852,Official Letter on the territorial competence of the Administrative Units of the Taxpayers’ Ombudsman regarding conclusive agreements,https://www.vonwobeser.com/index.php/publication?p_id=1852,https://www.vonwobeser.com/index.php/publications/news?start=80,"March, 2024",2024-03,month,200,correcto,https://www.vonwobeser.com/index.php/publication?p_id=1852,,1,legacy_id,1852,,ed772eb2-aa4a-41dd-a99f-7e88cfd11b06,official-letter-on-the-territorial-competence-of-the-administrative-units-of-the,news,,project_date_missing
en:1850,en,news,1850,Amendment to the Credit Instruments and Operations General Law and the Law of Credit Organizations and Auxiliary Activities,https://www.vonwobeser.com/index.php/publication?p_id=1850,https://www.vonwobeser.com/index.php/publications/news?start=80,"April, 2024",2024-04,month,200,correcto,https://www.vonwobeser.com/index.php/publication?p_id=1850,,1,legacy_id,1850,,4f851c6a-9996-437c-a0a6-42c56579f716,amendment-to-the-credit-instruments-and-operations-general-law-and-the-law-of-cr,news,,project_date_missing
en:1848,en,news,1848,The First Chamber holds that restricting the cancellation of digital tax invoices via the internet exclusively to the fiscal year of their issuance is unconstitutional,https://www.vonwobeser.com/index.php/publication?p_id=1848,https://www.vonwobeser.com/index.php/publications/news?start=80,"April, 2024",2024-04,month,200,correcto,https://www.vonwobeser.com/index.php/publication?p_id=1848,,1,legacy_id,1848,,45032755-c632-47e0-acdd-25bb0b8589ce,the-first-chamber-holds-that-restricting-the-cancellation-of-digital-tax-invoice,news,,project_date_missing
en:1846,en,news,1846,Von Wobeser y Sierra receives accolades at The Legal 500 Mexico Awards 2024,https://www.vonwobeser.com/index.php/publication?p_id=1846,https://www.vonwobeser.com/index.php/publications/news?start=80,"April, 2024",2024-04,month,200,correcto,https://www.vonwobeser.com/index.php/publication?p_id=1846,,1,legacy_id,1846,,99c0a1e0-f7c5-4d6b-8b82-af59a41c1232,von-wobeser-y-sierra-receives-accolades-at-the-legal-500-mexico-awards-2024,news,,project_date_missing
en:1844,en,news,1844,Establishment of the National Council for Alternative Dispute Resolution Mechanisms,https://www.vonwobeser.com/index.php/publication?p_id=1844,https://www.vonwobeser.com/index.php/publications/news?start=80,"June, 2024",2024-06,month,200,correcto,https://www.vonwobeser.com/index.php/publication?p_id=1844,,1,legacy_id,1844,,f7f30439-47c6-4d68-8dec-b14b518dc71e,establishment-of-the-national-council-for-alternative-dispute-resolution-mechani,news,,project_date_missing
en:1842,en,news,1842,Antitrust investigation on cartel conducts in neonatal screening services contracted by public health institutions in Mexico.,https://www.vonwobeser.com/index.php/publication?p_id=1842,https://www.vonwobeser.com/index.php/publications/news?start=80,"June, 2024",2024-06,month,200,correcto,https://www.vonwobeser.com/index.php/publication?p_id=1842,,1,legacy_id,1842,,135f98d9-4847-4221-9cc6-1b4830b2a69e,antitrust-investigation-on-cartel-conducts-in-neonatal-screening-services-contra,news,,project_date_missing
en:1840,en,news,1840,Reform on human trafficking: Focus on labor exploitation,https://www.vonwobeser.com/index.php/publication?p_id=1840,https://www.vonwobeser.com/index.php/publications/news?start=70,"June, 2024",2024-06,month,200,correcto,https://www.vonwobeser.com/index.php/publication?p_id=1840,,1,legacy_id,1840,,6e430f89-0ad7-41ac-8371-575b87809d78,reform-on-human-trafficking-focus-on-labor-exploitation,news,2024-06-01,date_match
en:1838,en,news,1838,"Unconstitutionality of article 130, section I of the Tax Code of Mexico City in force for the fiscal year 2023.",https://www.vonwobeser.com/index.php/publication?p_id=1838,https://www.vonwobeser.com/index.php/publications/news?start=70,"June, 2024",2024-06,month,200,correcto,https://www.vonwobeser.com/index.php/publication?p_id=1838,,1,legacy_id,1838,,088473df-7259-44b7-a38c-fafe760c0700,unconstitutionality-of-article-130-section-i-of-the-tax-code-of-mexico-city-in-f,news,2024-06-01,date_match
en:1836,en,news,1836,Important tax incentives in Yucatán,https://www.vonwobeser.com/index.php/publication?p_id=1836,https://www.vonwobeser.com/index.php/publications/news?start=70,"July, 2024",2024-07,month,200,correcto,https://www.vonwobeser.com/index.php/publication?p_id=1836,,1,legacy_id,1836,,e34a7e6b-8a4a-4f39-aaa3-8bdf9eae5c2f,important-tax-incentives-in-yucatan,news,2024-07-01,date_match
en:1801,en,news,1801,Deadline to file legacy claims under NAFTA’s sunset period approaches. Investors must evaluate their options quickly,https://www.vonwobeser.com/index.php/publication?p_id=1801,https://www.vonwobeser.com/index.php/publications/news?start=110,"January, 2023",2023-01,month,200,correcto,https://www.vonwobeser.com/index.php/publication?p_id=1801,,1,legacy_id,1801,,106896ef-8d1e-4c42-82c2-896ed53b59a3,deadline-to-file-legacy-claims-under-nafta-s-sunset-period-approaches-investors-,news,2023-01-01,date_match
en:1799,en,news,1799,"Von Wobeser y Sierra Collaborates with Datasaur to Launch AI-powered chatbot, VonBot",https://www.vonwobeser.com/index.php/publication?p_id=1799,https://www.vonwobeser.com/index.php/publications/news?start=90,"October, 2023",2023-10,month,200,correcto,https://www.vonwobeser.com/index.php/publication?p_id=1799,,1,legacy_id,1799,,e621c909-7786-4ab2-bb9a-c4ff66027e0f,von-wobeser-y-sierra-collaborates-with-datasaur-to-launch-ai-powered-chatbot-von,news,,project_date_missing
en:1797,en,news,1797,The Electronic Bidding and Opinion Request System (SISELO) of the Federal Economic Competition Commission (COFECE) starts operations,https://www.vonwobeser.com/index.php/publication?p_id=1797,https://www.vonwobeser.com/index.php/publications/news?start=100,"September, 2023",2023-09,month,200,correcto,https://www.vonwobeser.com/index.php/publication?p_id=1797,,1,legacy_id,1797,,441bcea3-820b-4f1a-9970-d838d8b0e65e,the-electronic-bidding-and-opinion-request-system-siselo-of-the-federal-economic,news,,project_date_missing
en:1795,en,news,1795,The end of the Covid-19 health emergency is declared,https://www.vonwobeser.com/index.php/publication?p_id=1795,https://www.vonwobeser.com/index.php/publications/news?start=100,"May, 2023",2023-05,month,200,correcto,https://www.vonwobeser.com/index.php/publication?p_id=1795,,1,legacy_id,1795,,3271d850-f9f6-45b5-bae0-a4e69f3b3f3e,the-end-of-the-covid-19-health-emergency-is-declared,news,,project_date_missing
en:1793,en,news,1793,Nearshoring: benefits and facilities for investments in the Isthmus of Tehuantepec,https://www.vonwobeser.com/index.php/publication?p_id=1793,https://www.vonwobeser.com/index.php/publications/news?start=100,"June, 2023",2023-06,month,200,correcto,https://www.vonwobeser.com/index.php/publication?p_id=1793,,1,legacy_id,1793,,25417e73-16af-4ade-897a-923544554d62,nearshoring-benefits-and-facilities-for-investments-in-the-isthmus-of-tehuantepe,news,,project_date_missing
en:1791,en,news,1791,The Energy Regulatory Commission rolls back the energy transition,https://www.vonwobeser.com/index.php/publication?p_id=1791,https://www.vonwobeser.com/index.php/publications/news?start=100,"June, 2023",2023-06,month,200,correcto,https://www.vonwobeser.com/index.php/publication?p_id=1791,,1,legacy_id,1791,,fe0db0ca-b82f-46fb-9ac4-fcecf2e62db0,the-energy-regulatory-commission-rolls-back-the-energy-transition,news,,project_date_missing
en:1789,en,news,1789,"Invalidity of the Law for the Transparency, Prevention and Combat of Improper Practices in Advertising Contracting",https://www.vonwobeser.com/index.php/publication?p_id=1789,https://www.vonwobeser.com/index.php/publications/news?start=100,"June, 2023",2023-06,month,200,correcto,https://www.vonwobeser.com/index.php/publication?p_id=1789,,1,legacy_id,1789,,c3d62e7d-b0db-4426-962b-c7664a76a505,invalidity-of-the-law-for-the-transparency-prevention-and-combat-of-improper-pra,news,,project_date_missing
en:1787,en,news,1787,"NOM-037, on Telework - Safety and Health Conditions at Work",https://www.vonwobeser.com/index.php/publication?p_id=1787,https://www.vonwobeser.com/index.php/publications/news?start=100,"June, 2023",2023-06,month,200,correcto,https://www.vonwobeser.com/index.php/publication?p_id=1787,,1,legacy_id,1787,,1ed3911a-faa5-48e5-b4bd-c68448f92c0b,nom-037-on-telework-safety-and-health-conditions-at-work,news,,project_date_missing
en:1785,en,news,1785,Prohibition on importing goods produced with Forced Labor,https://www.vonwobeser.com/index.php/publication?p_id=1785,https://www.vonwobeser.com/index.php/publications/news?start=100,"May, 2023",2023-05,month,200,correcto,https://www.vonwobeser.com/index.php/publication?p_id=1785,,1,legacy_id,1785,,ecd1da0a-31b7-46d5-ba23-8790782a6d2d,prohibition-on-importing-goods-produced-with-forced-labor,news,,project_date_missing
en:1779,en,news,1779,Comprehensive law reform initiative to impact the Mexican Mining Industry,https://www.vonwobeser.com/index.php/publication?p_id=1779,https://www.vonwobeser.com/index.php/publications/news?start=110,"March, 2023",2023-03,month,200,correcto,https://www.vonwobeser.com/index.php/publication?p_id=1779,,1,legacy_id,1779,,cab0de31-a7bb-4b85-897d-50d5dfc43aeb,comprehensive-law-reform-initiative-to-impact-the-mexican-mining-industry,news,2023-03-01,date_match
en:1777,en,news,1777,Energy Regulatory Commission’s legal deadlines and terms resume,https://www.vonwobeser.com/index.php/publication?p_id=1777,https://www.vonwobeser.com/index.php/publications/news?start=110,"March, 2023",2023-03,month,200,correcto,https://www.vonwobeser.com/index.php/publication?p_id=1777,,1,legacy_id,1777,,7795634f-04d8-4077-87ac-bf5accf575e7,energy-regulatory-commission-s-legal-deadlines-and-terms-resume,news,2023-03-01,date_match
en:1775,en,news,1775,Coming into effect of the Amendment to the Regulations of the General Law for Tobacco Control,https://www.vonwobeser.com/index.php/publication?p_id=1775,https://www.vonwobeser.com/index.php/publications/news?start=110,"January, 2023",2023-01,month,200,correcto,https://www.vonwobeser.com/index.php/publication?p_id=1775,,1,legacy_id,1775,,d12b1392-a68a-448b-a8ac-7ec1de8aa397,coming-into-effect-of-the-amendment-to-the-regulations-of-the-general-law-for-to,news,2023-01-01,date_match
en:1773,en,news,1773,Modifications to the REPSE provisions,https://www.vonwobeser.com/index.php/publication?p_id=1773,https://www.vonwobeser.com/index.php/publications/news?start=110,"February, 2023",2023-02,month,200,correcto,https://www.vonwobeser.com/index.php/publication?p_id=1773,,1,legacy_id,1773,,daab354d-aceb-472f-a7ea-77adcd385694,modifications-to-the-repse-provisions,news,2023-02-01,date_match
en:1771,en,news,1771,Von Wobeser y Sierra has been ranked by Chambers and Partners Global 2023,https://www.vonwobeser.com/index.php/publication?p_id=1771,https://www.vonwobeser.com/index.php/publications/news?start=110,"February, 2023",2023-02,month,200,correcto,https://www.vonwobeser.com/index.php/publication?p_id=1771,,1,legacy_id,1771,,7c888bd1-ef86-4fa7-84bb-fb7a85e7da0f,von-wobeser-y-sierra-has-been-ranked-by-chambers-and-partners-global-2023,news,2023-02-01,date_match
en:1769,en,news,1769,Chambers: Litigation 2023 Mexico Guide,https://www.vonwobeser.com/index.php/publication?p_id=1769,https://www.vonwobeser.com/index.php/publications/news?start=110,"January, 2023",2023-01,month,200,correcto,https://www.vonwobeser.com/index.php/publication?p_id=1769,,1,legacy_id,1769,,c481b6a9-e613-41df-a311-47f067f75619,chambers-litigation-2023-mexico-guide,news,2023-01-01,date_match
en:1767,en,news,1767,Von Wobeser y Sierra recognized as a Pro Bono Leading Light 2022,https://www.vonwobeser.com/index.php/publication?p_id=1767,https://www.vonwobeser.com/index.php/publications/news?start=110,"January, 2023",2023-01,month,200,correcto,https://www.vonwobeser.com/index.php/publication?p_id=1767,,1,legacy_id,1767,,fa0a0f6a-9c49-4942-a27b-bcb3a9fe3685,von-wobeser-y-sierra-recognized-as-a-pro-bono-leading-light-2022,news,2023-01-01,date_match
en:1765,en,news,1765,"New values of the UMA in effect as of February 1st, 2023",https://www.vonwobeser.com/index.php/publication?p_id=1765,https://www.vonwobeser.com/index.php/publications/news?start=110,"January, 2023",2023-01,month,200,correcto,https://www.vonwobeser.com/index.php/publication?p_id=1765,,1,legacy_id,1765,,e1b5ddfe-dd9b-4f8e-88f3-e97fafa7b9e7,new-values-of-the-uma-in-effect-as-of-february-1st-2023,news,2023-01-01,date_match
en:1761,en,news,1761,"New minimum wages as of January 1, 2023",https://www.vonwobeser.com/index.php/publication?p_id=1761,https://www.vonwobeser.com/index.php/publications/news?start=120,"December, 2022",2022-12,month,200,correcto,https://www.vonwobeser.com/index.php/publication?p_id=1761,,1,legacy_id,1761,,398687b4-38e3-44fb-bb9e-067c20cbbc11,new-minimum-wages-as-of-january-1-2023,news,2022-12-01,date_match
en:1759,en,news,1759,EU Markets in Crypto Assets Regulation (MiCA),https://www.vonwobeser.com/index.php/publication?p_id=1759,https://www.vonwobeser.com/index.php/publications/news?start=120,"November, 2022",2022-11,month,200,correcto,https://www.vonwobeser.com/index.php/publication?p_id=1759,,1,legacy_id,1759,,ca67942f-a276-4e9e-9387-b0eaf5ec97b1,eu-markets-in-crypto-assets-regulation-mica,news,2022-11-01,date_match
en:1757,en,news,1757,New Covid-19 Guidelines,https://www.vonwobeser.com/index.php/publication?p_id=1757,https://www.vonwobeser.com/index.php/publications/news?start=120,"October, 2022",2022-10,month,200,correcto,https://www.vonwobeser.com/index.php/publication?p_id=1757,,1,legacy_id,1757,,0877d5b0-5150-4a8b-b7df-5ce8d5372ec9,new-covid-19-guidelines,news,2022-10-01,date_match
en:1753,en,news,1753,Modifications to the tax provisions for Fiscal Year 2023,https://www.vonwobeser.com/index.php/publication?p_id=1753,https://www.vonwobeser.com/index.php/publications/news?start=120,"September, 2022",2022-09,month,200,correcto,https://www.vonwobeser.com/index.php/publication?p_id=1753,,1,legacy_id,1753,,4a234e6f-a6d5-4f4b-9fd2-dc27eadec939,modifications-to-the-tax-provisions-for-fiscal-year-2023,news,2022-09-01,date_match
en:1751,en,news,1751,Mexico: New District Courts in bankruptcy matters,https://www.vonwobeser.com/index.php/publication?p_id=1751,https://www.vonwobeser.com/index.php/publications/news?start=120,"September, 2022",2022-09,month,200,correcto,https://www.vonwobeser.com/index.php/publication?p_id=1751,,1,legacy_id,1751,,aec2d8ec-e390-43f4-b8bd-f1e6c4ac368d,mexico-new-district-courts-in-bankruptcy-matters,news,2022-09-01,date_match
en:1749,en,news,1749,"“Lithium for Mexico”, the new decentralized public agency",https://www.vonwobeser.com/index.php/publication?p_id=1749,https://www.vonwobeser.com/index.php/publications/news?start=120,"August, 2022",2022-08,month,200,correcto,https://www.vonwobeser.com/index.php/publication?p_id=1749,,1,legacy_id,1749,,a189c839-cbcb-4fac-b54f-4d7a112ab485,lithium-for-mexico-the-new-decentralized-public-agency,news,2022-08-01,date_match
en:1745,en,news,1745,Draft regulation regarding Home Office - Safety and Health Conditions,https://www.vonwobeser.com/index.php/publication?p_id=1745,https://www.vonwobeser.com/index.php/publications/news?start=120,"July, 2022",2022-07,month,200,correcto,https://www.vonwobeser.com/index.php/publication?p_id=1745,,1,legacy_id,1745,,cf4e05fd-5f3c-4b53-bbcb-dd5e7d4b6409,draft-regulation-regarding-home-office-safety-and-health-conditions,news,2022-07-01,date_match
en:1743,en,news,1743,Temporary measures to mitigate severe droughts in Mexico,https://www.vonwobeser.com/index.php/publication?p_id=1743,https://www.vonwobeser.com/index.php/publications/news?start=120,"July, 2022",2022-07,month,200,correcto,https://www.vonwobeser.com/index.php/publication?p_id=1743,,1,legacy_id,1743,,ae6dff3c-fd8d-40f0-b9d6-5a1ca8c8459d,temporary-measures-to-mitigate-severe-droughts-in-mexico,news,2022-07-01,date_match
en:1741,en,news,1741,Labor reform is postponed,https://www.vonwobeser.com/index.php/publication?p_id=1741,https://www.vonwobeser.com/index.php/publications/news?start=120,"May, 2022",2022-05,month,200,correcto,https://www.vonwobeser.com/index.php/publication?p_id=1741,,1,legacy_id,1741,,c0f2836b-178d-4f54-a868-ef07b21eba76,labor-reform-is-postponed,news,2022-05-01,date_match
en:1739,en,news,1739,Informe Energía 360 | El riesgo de no ser sostenible,https://www.vonwobeser.com/index.php/publication?p_id=1739,https://www.vonwobeser.com/index.php/publications/news?start=130,"April, 2022",2022-04,month,200,correcto,https://www.vonwobeser.com/index.php/publication?p_id=1739,,1,legacy_id,1739,,98fd3eab-b374-41ee-8246-d665436a90b8,informe-energia-360-el-riesgo-de-no-ser-sostenible,Energía y Recursos Naturales,,project_date_missing
en:1737,en,news,1737,"Después de cuatro años, Monex compra participación restante en Arrendadora Avance",https://www.vonwobeser.com/index.php/publication?p_id=1737,https://www.vonwobeser.com/index.php/publications/news?start=130,"May, 2022",2022-05,month,200,correcto,https://www.vonwobeser.com/index.php/publication?p_id=1737,,1,legacy_id,1737,,cb08df04-f794-4b56-9675-685a63f6cc9f,despues-de-cuatro-anos-monex-compra-participacion-restante-en-arrendadora-avance,news,,project_date_missing
en:1736,en,news,1736,"Con sus recientes adquisiciones, Clayton, Dubilier & Rice se convierte en el fabricante de etiquetas más grande del mundo",https://www.vonwobeser.com/index.php/publication?p_id=1736,https://www.vonwobeser.com/index.php/publications/news?start=130,"May, 2022",2022-05,month,200,correcto,https://www.vonwobeser.com/index.php/publication?p_id=1736,,1,legacy_id,1736,,483cf0b2-8687-4218-a268-239492c5b7bb,con-sus-recientes-adquisiciones-clayton-dubilier-rice-se-convierte-en-el-fabrica,news,,project_date_missing
en:1734,en,news,1734,Criterios ESG en los arbitrajes: ¿Cómo funcionan los Dispute Boards?,https://www.vonwobeser.com/index.php/publication?p_id=1734,https://www.vonwobeser.com/index.php/publications/news?start=130,"May, 2022",2022-05,month,200,correcto,https://www.vonwobeser.com/index.php/publication?p_id=1734,,1,legacy_id,1734,,0df946e4-9956-4b77-8add-4f56785955dd,criterios-esg-en-los-arbitrajes-como-funcionan-los-dispute-boards,news,,project_date_missing
en:1732,en,news,1732,US private equity group buys Mexican label maker assets,https://www.vonwobeser.com/index.php/publication?p_id=1732,https://www.vonwobeser.com/index.php/publications/news?start=130,"April, 2022",2022-04,month,200,correcto,https://www.vonwobeser.com/index.php/publication?p_id=1732,,1,legacy_id,1732,,c8116b93-5211-4036-81aa-6dfa7d6468dd,us-private-equity-group-buys-mexican-label-maker-assets,news,,project_date_missing
en:1730,en,news,1730,"Limitarían, aún más, a generadores de IP",https://www.vonwobeser.com/index.php/publication?p_id=1730,https://www.vonwobeser.com/index.php/publications/news?start=130,"May, 2022",2022-05,month,200,correcto,https://www.vonwobeser.com/index.php/publication?p_id=1730,,1,legacy_id,1730,,84b9526e-ce20-45cb-b3e9-3ecc14da6686,limitarian-aun-mas-a-generadores-de-ip,news,,project_date_missing
en:1728,en,news,1728,Tienen empresas opciones de suministro eléctrico barato,https://www.vonwobeser.com/index.php/publication?p_id=1728,https://www.vonwobeser.com/index.php/publications/news?start=130,"April, 2022",2022-04,month,200,correcto,https://www.vonwobeser.com/index.php/publication?p_id=1728,,1,legacy_id,1728,,166b61a9-817a-41e8-beb1-0c6edcbf582d,tienen-empresas-opciones-de-suministro-electrico-barato,news,,project_date_missing
en:1724,en,news,1724,The Guide to Corporate Compliance; Edition 3 - Specialist Chapter How to Conduct Internal Investigations of Alleged Wrongdoing,https://www.vonwobeser.com/index.php/publication?p_id=1724,https://www.vonwobeser.com/index.php/publications/news?start=120,"May, 2022",2022-05,month,200,correcto,https://www.vonwobeser.com/index.php/publication?p_id=1724,,1,legacy_id,1724,,653030c3-f1b6-4d6f-9f21-5c7ea3625c99,the-guide-to-corporate-compliance-edition-3-specialist-chapter-how-to-conduct-in,news,2022-05-01,date_match
en:1722,en,news,1722,New rules impacting the operation of companies with IMMEX and PROSEC programs,https://www.vonwobeser.com/index.php/publication?p_id=1722,https://www.vonwobeser.com/index.php/publications/news?start=130,"May, 2022",2022-05,month,200,correcto,https://www.vonwobeser.com/index.php/publication?p_id=1722,,1,legacy_id,1722,,68c4f01e-cec1-4d9a-b6a2-666fa2dff127,new-rules-impacting-the-operation-of-companies-with-immex-and-prosec-programs,news,,project_date_missing
en:1721,en,news,1721,"Von Wobeser y Sierra, S.C. - WWL 2022 Mexico Report",https://www.vonwobeser.com/index.php/publication?p_id=1721,https://www.vonwobeser.com/index.php/publications/news?start=130,"May, 2022",2022-05,month,200,correcto,https://www.vonwobeser.com/index.php/publication?p_id=1721,,1,legacy_id,1721,,ddbdbad6-c7e9-4bb9-9026-94ac0933c9a8,von-wobeser-y-sierra-s-c-wwl-2022-mexico-report,news,,project_date_missing
en:1719,en,news,1719,Long term restriction for public officers to work in private sector declared unconstitutional,https://www.vonwobeser.com/index.php/publication?p_id=1719,https://www.vonwobeser.com/index.php/publications/news?start=130,"April, 2022",2022-04,month,200,correcto,https://www.vonwobeser.com/index.php/publication?p_id=1719,,1,legacy_id,1719,,8f9f9ee1-cbcc-409d-8828-5e7d2b8e8811,long-term-restriction-for-public-officers-to-work-in-private-sector-declared-unc,news,,project_date_missing
en:1715,en,news,1715,Guidelines for Conducting the Procedure of Administrative Sanctioning of Insolvency Specialists,https://www.vonwobeser.com/index.php/publication?p_id=1715,https://www.vonwobeser.com/index.php/publications/news?start=140,"March, 2022",2022-03,month,200,correcto,https://www.vonwobeser.com/index.php/publication?p_id=1715,,1,legacy_id,1715,,4df2cf27-fe9b-4f1d-b8f3-ca3fb10172bb,guidelines-for-conducting-the-procedure-of-administrative-sanctioning-of-insolve,news,2022-03-01,date_match
en:1714,en,news,1714,Lexology GTDT Acquisition Finance 2022 - Mexico,https://www.vonwobeser.com/index.php/publication?p_id=1714,https://www.vonwobeser.com/index.php/publications/news?start=140,"March, 2022",2022-03,month,200,correcto,https://www.vonwobeser.com/index.php/publication?p_id=1714,,1,legacy_id,1714,,7c0546ce-885f-48c3-a531-b98ed02d7432,lexology-gtdt-acquisition-finance-2022-mexico,news,2022-03-01,date_match
en:1712,en,news,1712,Mexican official standard establishes new permissible limits for pollutants in discharges to waters of national jurisdiction,https://www.vonwobeser.com/index.php/publication?p_id=1712,https://www.vonwobeser.com/index.php/publications/news?start=140,"March, 2022",2022-03,month,200,correcto,https://www.vonwobeser.com/index.php/publication?p_id=1712,,1,legacy_id,1712,,1973452f-066e-4727-b8d0-360101ddf637,mexican-official-standard-establishes-new-permissible-limits-for-pollutants-in-d,news,2022-03-01,date_match
en:1710,en,news,1710,Establishment of District Courts for Bankruptcy Proceedings,https://www.vonwobeser.com/index.php/publication?p_id=1710,https://www.vonwobeser.com/index.php/publications/news?start=140,"March, 2022",2022-03,month,200,correcto,https://www.vonwobeser.com/index.php/publication?p_id=1710,,1,legacy_id,1710,,074ab68f-291c-476a-a99b-a36cc9190291,establishment-of-district-courts-for-bankruptcy-proceedings,news,2022-03-01,date_match
en:1708,en,news,1708,Von Wobeser y Sierra celebrates International Women’s Day (IWD),https://www.vonwobeser.com/index.php/publication?p_id=1708,https://www.vonwobeser.com/index.php/publications/news?start=140,"March, 2022",2022-03,month,200,correcto,https://www.vonwobeser.com/index.php/publication?p_id=1708,,1,legacy_id,1708,,5fca743b-d042-4eff-8bd5-e0ace16271fa,von-wobeser-y-sierra-celebrates-international-women-s-day-iwd,news,2022-03-01,date_match
en:1707,en,news,1707,Latin Lawyer: The Guide to Mergers and Acquisitions: Indemnity Escrows and Other Payment Guarantees,https://www.vonwobeser.com/index.php/publication?p_id=1707,https://www.vonwobeser.com/index.php/publications/news?start=140,"March, 2022",2022-03,month,200,correcto,https://www.vonwobeser.com/index.php/publication?p_id=1707,,1,legacy_id,1707,,70d77360-4d13-4cba-84e8-8b1a376f6f34,latin-lawyer-the-guide-to-mergers-and-acquisitions-indemnity-escrows-and-other-p,news,2022-03-01,date_match
en:1705,en,news,1705,Adhesion to the UN Women Women's Empowerment Principles,https://www.vonwobeser.com/index.php/publication?p_id=1705,https://www.vonwobeser.com/index.php/publications/news?start=140,"February, 2022",2022-02,month,200,correcto,https://www.vonwobeser.com/index.php/publication?p_id=1705,,1,legacy_id,1705,,5f5c2b0c-755f-4742-9890-9236f1012826,adhesion-to-the-un-women-women-s-empowerment-principles,news,2022-02-01,date_match
en:1704,en,news,1704,"Global Practice Guide 2022: Investing in… 2022, Chambers and Partners",https://www.vonwobeser.com/index.php/publication?p_id=1704,https://www.vonwobeser.com/index.php/publications/news?start=140,"February, 2022",2022-02,month,200,correcto,https://www.vonwobeser.com/index.php/publication?p_id=1704,,1,legacy_id,1704,,706f9a49-bc6f-48e5-985f-d7392394ed35,global-practice-guide-2022-investing-in-2022-chambers-and-partners-2,news,2022-02-01,date_match
en:1702,en,news,1702,Biden administration releases the firstever United States Strategy on Countering Corruption,https://www.vonwobeser.com/index.php/publication?p_id=1702,https://www.vonwobeser.com/index.php/publications/news?start=150,"December, 2021",2021-12,month,200,correcto,https://www.vonwobeser.com/index.php/publication?p_id=1702,,1,legacy_id,1702,,8c20f34b-c0a8-4185-a72f-beeef1e74a8a,biden-administration-releases-the-firstever-united-states-strategy-on-countering,news,2021-12-01,date_match
en:1701,en,news,1701,"Global Practice Guide 2022: Investing in… 2022, Chambers and Partners",https://www.vonwobeser.com/index.php/publication?p_id=1701,https://www.vonwobeser.com/index.php/publications/news?start=140,"February, 2022",2022-02,month,200,correcto,https://www.vonwobeser.com/index.php/publication?p_id=1701,,1,legacy_id,1701,,4929519b-b529-4841-8b56-34b485cec534,global-practice-guide-2022-investing-in-2022-chambers-and-partners,news,2022-02-01,date_match
en:1697,en,news,1697,Von Wobeser y Sierra recognized as a Pro Bono Leading Light,https://www.vonwobeser.com/index.php/publication?p_id=1697,https://www.vonwobeser.com/index.php/publications/news?start=140,"February, 2022",2022-02,month,200,correcto,https://www.vonwobeser.com/index.php/publication?p_id=1697,,1,legacy_id,1697,,7566c2cf-0461-455b-a5f6-b227920e92e6,von-wobeser-y-sierra-recognized-as-a-pro-bono-leading-light,news,2022-02-01,date_match
en:1690,en,news,1690,The regularization of foreign vehicles illegally located in Mexico is “formalized”,https://www.vonwobeser.com/index.php/publication?p_id=1690,https://www.vonwobeser.com/index.php/publications/news?start=150,"January, 2022",2022-01,month,200,correcto,https://www.vonwobeser.com/index.php/publication?p_id=1690,,1,legacy_id,1690,,9d63d9b7-5475-4cfe-8516-473007e3ba6a,the-regularization-of-foreign-vehicles-illegally-located-in-mexico-is-formalized,news,2022-01-01,date_match
en:1688,en,news,1688,The Energy Regulatory Commission issues the new Grid Code for the National Electric System,https://www.vonwobeser.com/index.php/publication?p_id=1688,https://www.vonwobeser.com/index.php/publications/news?start=150,"January, 2022",2022-01,month,200,correcto,https://www.vonwobeser.com/index.php/publication?p_id=1688,,1,legacy_id,1688,,16ab0993-9108-4795-a490-92ef39f2662e,the-energy-regulatory-commission-issues-the-new-grid-code-for-the-national-elect,news,2022-01-01,date_match
en:1687,en,news,1687,"Fort Dearborn Company, Multi-Color Corporation merge to form world's largest label supplier.",https://www.vonwobeser.com/index.php/publication?p_id=1687,https://www.vonwobeser.com/index.php/publications/news?start=150,"January, 2022",2022-01,month,200,correcto,https://www.vonwobeser.com/index.php/publication?p_id=1687,,1,legacy_id,1687,,7ee1cc2b-b5df-42ad-a389-e59b1590aa9b,fort-dearborn-company-multi-color-corporation-merge-to-form-world-s-largest-labe,news,2022-01-01,date_match
en:1684,en,news,1684,The Energy Regulatory Commission modifies the energy generation/supply schemes (Isolated Supply and Local Generation),https://www.vonwobeser.com/index.php/publication?p_id=1684,https://www.vonwobeser.com/index.php/publications/news?start=150,"January, 2022",2022-01,month,200,correcto,https://www.vonwobeser.com/index.php/publication?p_id=1684,,1,legacy_id,1684,,8f5cf39a-fd54-4a87-8252-505f37292d3c,the-energy-regulatory-commission-modifies-the-energy-generation-supply-schemes-i,news,2022-01-01,date_match
en:1680,en,news,1680,Von Wobeser y Sierra strengthens team and fullservice offering with new partners and counsel,https://www.vonwobeser.com/index.php/publication?p_id=1680,https://www.vonwobeser.com/index.php/publications/news?start=150,"December, 2021",2021-12,month,200,correcto,https://www.vonwobeser.com/index.php/publication?p_id=1680,,1,legacy_id,1680,,999a17ee-ccb7-4bff-8770-9653aef570e6,von-wobeser-y-sierra-strengthens-team-and-fullservice-offering-with-new-partners,news,2021-12-01,date_match
en:1676,en,news,1676,"New minimum wages as of January 1, 2022",https://www.vonwobeser.com/index.php/publication?p_id=1676,https://www.vonwobeser.com/index.php/publications/news?start=150,"December, 2021",2021-12,month,200,correcto,https://www.vonwobeser.com/index.php/publication?p_id=1676,,1,legacy_id,1676,,590b3bc4-9cb1-4a08-9b47-a65d3d4e9e7f,new-minimum-wages-as-of-january-1-2022,news,2021-12-01,date_match
en:1672,en,news,1672,"Von Wobeser y Sierra, S.C. Best Places to Work LGBTQ+ 2022",https://www.vonwobeser.com/index.php/publication?p_id=1672,https://www.vonwobeser.com/index.php/publications/news?start=150,"December, 2021",2021-12,month,200,correcto,https://www.vonwobeser.com/index.php/publication?p_id=1672,,1,legacy_id,1672,,b7c9455a-a1a8-4955-a513-504a77e91264,von-wobeser-y-sierra-s-c-best-places-to-work-lgbtq-2022,news,2021-12-01,date_match
en:1668,en,news,1668,Another judicial precedent towards liberalization of cannabis use,https://www.vonwobeser.com/index.php/publication?p_id=1668,https://www.vonwobeser.com/index.php/publications/news?start=150,"December, 2021",2021-12,month,200,correcto,https://www.vonwobeser.com/index.php/publication?p_id=1668,,1,legacy_id,1668,,d87caffe-98c4-434a-8411-90c841a74600,another-judicial-precedent-towards-liberalization-of-cannabis-use,news,2021-12-01,date_match
en:1666,en,news,1666,Minimum wages 2022,https://www.vonwobeser.com/index.php/publication?p_id=1666,https://www.vonwobeser.com/index.php/publications/news?start=150,"December, 2021",2021-12,month,200,correcto,https://www.vonwobeser.com/index.php/publication?p_id=1666,,1,legacy_id,1666,,5dee0260-9103-4ad4-abc7-b49956d1e580,minimum-wages-2022,news,2021-12-01,date_match
en:1664,en,news,1664,Modifications to the tax provisions for 2022,https://www.vonwobeser.com/index.php/publication?p_id=1664,https://www.vonwobeser.com/index.php/publications/news?start=160,"November, 2021",2021-11,month,200,correcto,https://www.vonwobeser.com/index.php/publication?p_id=1664,,1,legacy_id,1664,,595a6d95-854c-4e10-8f22-a10639564296,modifications-to-the-tax-provisions-for-2022,news,2021-11-01,date_match
en:1661,en,news,1661,"Alberto Aguilar: Names, names and... names | Sustainability challenge to resources, Mexico long haul and Von Wobeser new group.",https://www.vonwobeser.com/index.php/publication?p_id=1661,https://www.vonwobeser.com/index.php/publications/news?start=160,"November, 2021",2021-11,month,200,correcto,https://www.vonwobeser.com/index.php/publication?p_id=1661,,1,legacy_id,1661,,a5c63545-06c9-419a-aa28-78940d7bf529,alberto-aguilar-names-names-and-names-sustainability-challenge-to-resources-mexi,news,2021-11-01,date_match
en:1658,en,news,1658,Von Wobeser y Sierra Announces Creation of ESG Practice Group,https://www.vonwobeser.com/index.php/publication?p_id=1658,https://www.vonwobeser.com/index.php/publications/news?start=170,"August, 2021",2021-08,month,200,correcto,https://www.vonwobeser.com/index.php/publication?p_id=1658,,1,legacy_id,1658,,41862c0f-21e8-4755-97be-474b11507473,von-wobeser-y-sierra-announces-creation-of-esg-practice-group,news,2021-08-01,date_match
en:1656,en,news,1656,ESG management: novelty or necessity?,https://www.vonwobeser.com/index.php/publication?p_id=1656,https://www.vonwobeser.com/index.php/publications/news?start=160,"November, 2021",2021-11,month,200,correcto,https://www.vonwobeser.com/index.php/publication?p_id=1656,,1,legacy_id,1656,,b2a91aca-b0ec-4f03-a544-334251b2102a,esg-management-novelty-or-necessity,news,2021-11-01,date_match
en:1652,en,news,1652,Auto parts companies could pay more income tax for their maquila operation in Mexico,https://www.vonwobeser.com/index.php/publication?p_id=1652,https://www.vonwobeser.com/index.php/publications/news?start=160,"November, 2021",2021-11,month,200,correcto,https://www.vonwobeser.com/index.php/publication?p_id=1652,,1,legacy_id,1652,,99c1ee48-f7be-4561-ae96-443ad74f0ce7,auto-parts-companies-could-pay-more-income-tax-for-their-maquila-operation-in-me,news,2021-11-01,date_match
en:1644,en,news,1644,Bases for the import and regularization of used vehicles of foreign origin,https://www.vonwobeser.com/index.php/publication?p_id=1644,https://www.vonwobeser.com/index.php/publications/news?start=160,"October, 2021",2021-10,month,200,correcto,https://www.vonwobeser.com/index.php/publication?p_id=1644,,1,legacy_id,1644,,cddb5447-f643-4eb4-8a79-25f8b1420183,bases-for-the-import-and-regularization-of-used-vehicles-of-foreign-origin,news,2021-10-01,date_match
en:1642,en,news,1642,New Specialized Antitrust and Telecom Court,https://www.vonwobeser.com/index.php/publication?p_id=1642,https://www.vonwobeser.com/index.php/publications/news?start=160,"October, 2021",2021-10,month,200,correcto,https://www.vonwobeser.com/index.php/publication?p_id=1642,,1,legacy_id,1642,,e778debe-7725-462b-bba1-3fdd4094ab31,new-specialized-antitrust-and-telecom-court,news,2021-10-01,date_match
en:1636,en,news,1636,Integrating effective ESG strategies for renewal energy projects in Mexico,https://www.vonwobeser.com/index.php/publication?p_id=1636,https://www.vonwobeser.com/index.php/publications/news?start=160,"October, 2021",2021-10,month,200,correcto,https://www.vonwobeser.com/index.php/publication?p_id=1636,,1,legacy_id,1636,,6dfef2b8-cd38-45d4-a193-5a82893a1065,integrating-effective-esg-strategies-for-renewal-energy-projects-in-mexico,news,2021-10-01,date_match
en:1630,en,news,1630,Constitutional Reform Initiative on Energy Matters,https://www.vonwobeser.com/index.php/publication?p_id=1630,https://www.vonwobeser.com/index.php/publications/news?start=160,"October, 2021",2021-10,month,200,correcto,https://www.vonwobeser.com/index.php/publication?p_id=1630,,1,legacy_id,1630,,42d79c5e-4d06-4481-97ba-928c19afc03c,constitutional-reform-initiative-on-energy-matters,news,2021-10-01,date_match
en:1628,en,news,1628,COFECE publishes provisions for complaints under the new Law on Advertising Contracts,https://www.vonwobeser.com/index.php/publication?p_id=1628,https://www.vonwobeser.com/index.php/publications/news?start=160,"September, 2021",2021-09,month,200,correcto,https://www.vonwobeser.com/index.php/publication?p_id=1628,,1,legacy_id,1628,,f2f4b768-cbce-470c-add6-2a7a677d0b17,cofece-publishes-provisions-for-complaints-under-the-new-law-on-advertising-cont,news,2021-09-01,date_match
en:1626,en,news,1626,"Líderes Mexicanos: interview with our founding partner Claus Von Wobeser, ""Doing things with passion"".",https://www.vonwobeser.com/index.php/publication?p_id=1626,https://www.vonwobeser.com/index.php/publications/news?start=160,"August, 2021",2021-08,month,200,correcto,https://www.vonwobeser.com/index.php/publication?p_id=1626,,1,legacy_id,1626,,df9578b0-d2c6-4c9f-b9fb-e92171325ab9,lideres-mexicanos-interview-with-our-founding-partner-claus-von-wobeser-doing-th,news,2021-08-01,date_match
en:1601,en,news,1601,Von Wobeser y Sierra launches ESG practice group,https://www.vonwobeser.com/index.php/publication?p_id=1601,https://www.vonwobeser.com/index.php/publications/news?start=170,"August, 2021",2021-08,month,200,correcto,https://www.vonwobeser.com/index.php/publication?p_id=1601,,1,legacy_id,1601,,d6405182-51d8-4010-b46b-c68718af7118,von-wobeser-y-sierra-launches-esg-practice-group,news,2021-08-01,date_match
en:1599,en,news,1599,Extension granted for the implementation of the subcontracting Reform,https://www.vonwobeser.com/index.php/publication?p_id=1599,https://www.vonwobeser.com/index.php/publications/news?start=170,"August, 2021",2021-08,month,200,correcto,https://www.vonwobeser.com/index.php/publication?p_id=1599,,1,legacy_id,1599,,a643eda9-b7b3-4737-b259-845c2bb0f14d,extension-granted-for-the-implementation-of-the-subcontracting-reform,news,2021-08-01,date_match
en:1597,en,news,1597,Arbitral Women: Munia El Harti Alonso Joins Von Wobeser y Sierra as Associate.,https://www.vonwobeser.com/index.php/publication?p_id=1597,https://www.vonwobeser.com/index.php/publications/news?start=180,"April, 2021",2021-04,month,200,correcto,https://www.vonwobeser.com/index.php/publication?p_id=1597,,1,legacy_id,1597,,a6b7f7cd-2904-4392-913e-3be1306651ab,arbitral-women-munia-el-harti-alonso-joins-von-wobeser-y-sierra-as-associate,news,2021-04-01,date_match
en:1595,en,news,1595,The National Customs Agency of Mexico is created as a new authority in customs and tax matters,https://www.vonwobeser.com/index.php/publication?p_id=1595,https://www.vonwobeser.com/index.php/publications/news?start=170,"July, 2021",2021-07,month,200,correcto,https://www.vonwobeser.com/index.php/publication?p_id=1595,,1,legacy_id,1595,,98f5b534-8824-40ea-adf8-bb29cd638eed,the-national-customs-agency-of-mexico-is-created-as-a-new-authority-in-customs-a,news,2021-07-01,date_match
en:1593,en,news,1593,"The restrictive measures imposed on private parties in hydrocarbon matters continue, and there are unconstitutionality arguments against them",https://www.vonwobeser.com/index.php/publication?p_id=1593,https://www.vonwobeser.com/index.php/publications/news?start=170,"July, 2021",2021-07,month,200,correcto,https://www.vonwobeser.com/index.php/publication?p_id=1593,,1,legacy_id,1593,,c434849f-a440-4133-bbfc-fdd688d24099,the-restrictive-measures-imposed-on-private-parties-in-hydrocarbon-matters-conti,news,2021-07-01,date_match
en:1591,en,news,1591,Von Wobeser helps Grupo Modelo enter software JV,https://www.vonwobeser.com/index.php/publication?p_id=1591,https://www.vonwobeser.com/index.php/publications/news?start=170,"July, 2021",2021-07,month,200,correcto,https://www.vonwobeser.com/index.php/publication?p_id=1591,,1,legacy_id,1591,,b0e06dba-fe29-4229-83ce-d4a2e9b57c54,von-wobeser-helps-grupo-modelo-enter-software-jv,news,2021-07-01,date_match
en:1589,en,news,1589,The Federal Ministry of Energy issues the new Program for the Development of the National Electricity System,https://www.vonwobeser.com/index.php/publication?p_id=1589,https://www.vonwobeser.com/index.php/publications/news?start=170,"July, 2021",2021-07,month,200,correcto,https://www.vonwobeser.com/index.php/publication?p_id=1589,,1,legacy_id,1589,,2bb30bc2-2b25-477b-95f0-cff2968fc6e2,the-federal-ministry-of-energy-issues-the-new-program-for-the-development-of-the,news,2021-07-01,date_match
en:1587,en,news,1587,Von Wobeser hires former AB InBev executive,https://www.vonwobeser.com/index.php/publication?p_id=1587,https://www.vonwobeser.com/index.php/publications/news?start=170,"June, 2021",2021-06,month,200,correcto,https://www.vonwobeser.com/index.php/publication?p_id=1587,,1,legacy_id,1587,,391c0408-d497-4187-ad8b-fc45eaa254ba,von-wobeser-hires-former-ab-inbev-executive,news,2021-06-01,date_match
en:1585,en,news,1585,Brief Comments on the new Law on Advertising Contracts,https://www.vonwobeser.com/index.php/publication?p_id=1585,https://www.vonwobeser.com/index.php/publications/news?start=170,"June, 2021",2021-06,month,200,correcto,https://www.vonwobeser.com/index.php/publication?p_id=1585,,1,legacy_id,1585,,fbdb4bdc-1a22-4541-91aa-ccd69a92d9d4,brief-comments-on-the-new-law-on-advertising-contracts,news,2021-06-01,date_match
en:1583,en,news,1583,Ex-Grupo Modelo counsel joins Von Wobeser y Sierra as partner,https://www.vonwobeser.com/index.php/publication?p_id=1583,https://www.vonwobeser.com/index.php/publications/news?start=170,"June, 2021",2021-06,month,200,correcto,https://www.vonwobeser.com/index.php/publication?p_id=1583,,1,legacy_id,1583,,9af7c901-2e63-4d83-9fde-1dac5e4123ed,ex-grupo-modelo-counsel-joins-von-wobeser-y-sierra-as-partner,news,2021-06-01,date_match
en:1582,en,news,1582,Pablo Jiménez joins VWyS as a partner,https://www.vonwobeser.com/index.php/publication?p_id=1582,https://www.vonwobeser.com/index.php/publications/news?start=180,"June, 2021",2021-06,month,200,correcto,https://www.vonwobeser.com/index.php/publication?p_id=1582,,1,legacy_id,1582,,0373f7d1-6435-4c57-baa8-453c05a13196,pablo-jimenez-joins-vwys-as-a-partner,news,2021-06-01,date_match
en:1580,en,news,1580,"Page Knowledge Base – Pablo Jiménez: How a beer company can bring us together while we’re staying apart, 2020",https://www.vonwobeser.com/index.php/publication?p_id=1580,https://www.vonwobeser.com/index.php/publications/news?start=290,"June, 2020",2020-06,month,200,correcto,https://www.vonwobeser.com/index.php/publication?p_id=1580,,1,legacy_id,1580,,9cb9c2da-a052-411b-8206-e81a0e0c1964,page-knowledge-base-pablo-jimenez-how-a-beer-company-can-bring-us-together-while,news,2020-06-01,date_match
en:1578,en,news,1578,"Purpose 360 – Pablo Jiménez: Brewing a Purpose with AB InBev, 2020",https://www.vonwobeser.com/index.php/publication?p_id=1578,https://www.vonwobeser.com/index.php/publications/news?start=310,"May, 2020",2020-05,month,200,correcto,https://www.vonwobeser.com/index.php/publication?p_id=1578,,1,legacy_id,1578,,390d5fd7-213c-4453-8f3b-35c7be877a85,purpose-360-pablo-jimenez-brewing-a-purpose-with-ab-inbev-2020,news,2020-05-01,date_match
en:1576,en,news,1576,Pablo Jiménez - Reforma - Agua Capital: for a Mexico with Water,https://www.vonwobeser.com/index.php/publication?p_id=1576,https://www.vonwobeser.com/index.php/publications/news?start=460,"April, 2018",2018-04,month,200,correcto,https://www.vonwobeser.com/index.php/publication?p_id=1576,,1,legacy_id,1576,,22ce3895-808f-4be9-9b10-40fa063ba7a8,pablo-jimenez-reforma-agua-capital-for-a-mexico-with-water,news,2018-04-01,date_match
en:1574,en,news,1574,"ACC Docket - Pablo Jiménez: Drinking from a Fountain: How Pablo Jimenez-Zorrilla Became VP Legal & Corporate Affairs at AB InBev Middle Americas, 2017",https://www.vonwobeser.com/index.php/publication?p_id=1574,https://www.vonwobeser.com/index.php/publications/news?start=500,"April, 2017",2017-04,month,200,correcto,https://www.vonwobeser.com/index.php/publication?p_id=1574,,1,legacy_id,1574,,51146e8e-61ea-4cc2-a860-72e94e51d419,acc-docket-pablo-jimenez-drinking-from-a-fountain-how-pablo-jimenez-zorrilla-bec,news,2017-04-01,date_match
en:1572,en,news,1572,"Expansión – Pablo Jiménez: Pablo Jiménez, the man that ‘advocates’ for Grupo Modelo",https://www.vonwobeser.com/index.php/publication?p_id=1572,https://www.vonwobeser.com/index.php/publications/news?start=500,"April, 2017",2017-04,month,200,correcto,https://www.vonwobeser.com/index.php/publication?p_id=1572,,1,legacy_id,1572,,cf53533c-40e6-4d20-830c-ddc3638e710e,expansion-pablo-jimenez-pablo-jimenez-the-man-that-advocates-for-grupo-modelo,news,2017-04-01,date_match
en:1544,en,news,1544,The suspension of article 57 of the Hydrocarbons Act is published in the Federal Official Gazette,https://www.vonwobeser.com/index.php/publication?p_id=1544,https://www.vonwobeser.com/index.php/publications/news?start=180,"May, 2021",2021-05,month,200,correcto,https://www.vonwobeser.com/index.php/publication?p_id=1544,,1,legacy_id,1544,,f87630a6-1f87-43f3-98fa-ce5eb9dfb2f9,the-suspension-of-article-57-of-the-hydrocarbons-act-is-published-in-the-federal,news,2021-05-01,date_match
en:1542,en,news,1542,Outsourcing reform. Guidelines for the registration of individuals or entities that provide specialized services or execute specialized works,https://www.vonwobeser.com/index.php/publication?p_id=1542,https://www.vonwobeser.com/index.php/publications/news?start=180,"May, 2021",2021-05,month,200,correcto,https://www.vonwobeser.com/index.php/publication?p_id=1542,,1,legacy_id,1542,,472b0419-b783-4a85-b171-1588174f2f68,outsourcing-reform-guidelines-for-the-registration-of-individuals-or-entities-th,news,2021-05-01,date_match
en:1540,en,news,1540,Hydrocarbons reform is published in the Federal Official Gazette,https://www.vonwobeser.com/index.php/publication?p_id=1540,https://www.vonwobeser.com/index.php/publications/news?start=180,"May, 2021",2021-05,month,200,correcto,https://www.vonwobeser.com/index.php/publication?p_id=1540,,1,legacy_id,1540,,be3104dc-3cbf-477d-bf8a-9c6b84ffd38d,hydrocarbons-reform-is-published-in-the-federal-official-gazette,news,2021-05-01,date_match
en:1538,en,news,1538,The Federal Electricity Commission launches four international public bids for the construction of combined cycle power plants in Mexico,https://www.vonwobeser.com/index.php/publication?p_id=1538,https://www.vonwobeser.com/index.php/publications/news?start=180,"May, 2021",2021-05,month,200,correcto,https://www.vonwobeser.com/index.php/publication?p_id=1538,,1,legacy_id,1538,,cf8e6b28-746c-418f-a622-5a032ec68814,the-federal-electricity-commission-launches-four-international-public-bids-for-t,news,2021-05-01,date_match
en:1536,en,news,1536,Subcontracting reform brings significant changes to Mexican labor market,https://www.vonwobeser.com/index.php/publication?p_id=1536,https://www.vonwobeser.com/index.php/publications/news?start=180,"April, 2021",2021-04,month,200,correcto,https://www.vonwobeser.com/index.php/publication?p_id=1536,,1,legacy_id,1536,,937f7ea1-401e-4dfb-b410-f8e560391c98,subcontracting-reform-brings-significant-changes-to-mexican-labor-market,news,2021-04-01,date_match
en:1534,en,news,1534,Publication in the Federal Official Gazette of the National Registry of Mobile Phone Users,https://www.vonwobeser.com/index.php/publication?p_id=1534,https://www.vonwobeser.com/index.php/publications/news?start=180,"April, 2021",2021-04,month,200,correcto,https://www.vonwobeser.com/index.php/publication?p_id=1534,,1,legacy_id,1534,,1a5f77c1-3b16-4809-9104-9b5e7ba35067,publication-in-the-federal-official-gazette-of-the-national-registry-of-mobile-p,news,2021-04-01,date_match
en:1532,en,news,1532,Approval in Chamber of Senators of the bill reforming subcontracting,https://www.vonwobeser.com/index.php/publication?p_id=1532,https://www.vonwobeser.com/index.php/publications/news?start=180,"April, 2021",2021-04,month,200,correcto,https://www.vonwobeser.com/index.php/publication?p_id=1532,,1,legacy_id,1532,,39035406-ce60-42f3-9ee8-0c0667a0bec7,approval-in-chamber-of-senators-of-the-bill-reforming-subcontracting,news,2021-04-01,date_match
en:1530,en,news,1530,Approval in Chamber of Deputies of the bill reforming subcontracting,https://www.vonwobeser.com/index.php/publication?p_id=1530,https://www.vonwobeser.com/index.php/publications/news?start=180,"April, 2021",2021-04,month,200,correcto,https://www.vonwobeser.com/index.php/publication?p_id=1530,,1,legacy_id,1530,,e1f2f242-0e84-4c44-9fc3-2301ef026a00,approval-in-chamber-of-deputies-of-the-bill-reforming-subcontracting,news,2021-04-01,date_match
en:1528,en,news,1528,COFECE Issues Modifications on Concentration Notification Guidelines,https://www.vonwobeser.com/index.php/publication?p_id=1528,https://www.vonwobeser.com/index.php/publications/news?start=190,"April, 2021",2021-04,month,200,correcto,https://www.vonwobeser.com/index.php/publication?p_id=1528,,1,legacy_id,1528,,c2573c68-c54c-4ae6-af1b-3ad79d4b9cde,cofece-issues-modifications-on-concentration-notification-guidelines,news,2021-04-01,date_match
en:1526,en,news,1526,Agreement on the Bill reforming subcontracting in the Federal Labor Law,https://www.vonwobeser.com/index.php/publication?p_id=1526,https://www.vonwobeser.com/index.php/publications/news?start=190,"April, 2021",2021-04,month,200,correcto,https://www.vonwobeser.com/index.php/publication?p_id=1526,,1,legacy_id,1526,,166c0ac8-37e6-4830-a91a-2e0f0e0295de,agreement-on-the-bill-reforming-subcontracting-in-the-federal-labor-law,news,2021-04-01,date_match
en:1524,en,news,1524,Executive Branch sends Hydrocarbons Bill to the Chamber of Deputies,https://www.vonwobeser.com/index.php/publication?p_id=1524,https://www.vonwobeser.com/index.php/publications/news?start=190,"March, 2021",2021-03,month,200,correcto,https://www.vonwobeser.com/index.php/publication?p_id=1524,,1,legacy_id,1524,,fbd303de-61cb-4340-ac64-b8a3c6749510,executive-branch-sends-hydrocarbons-bill-to-the-chamber-of-deputies,news,2021-03-01,date_match
en:1522,en,news,1522,Changes to the Protocol for the Legitimation of Collective Bargaining Agreements,https://www.vonwobeser.com/index.php/publication?p_id=1522,https://www.vonwobeser.com/index.php/publications/news?start=200,"February, 2021",2021-02,month,200,correcto,https://www.vonwobeser.com/index.php/publication?p_id=1522,,1,legacy_id,1522,,96f275dc-170c-476e-86ef-119679730dc3,changes-to-the-protocol-for-the-legitimation-of-collective-bargaining-agreements,news,2021-02-01,date_match
en:1520,en,news,1520,Decree Reforming the Electricity Industry Law and Directive withdrawing the Reliability Policy issued by SENER,https://www.vonwobeser.com/index.php/publication?p_id=1520,https://www.vonwobeser.com/index.php/publications/news?start=190,"March, 2021",2021-03,month,200,correcto,https://www.vonwobeser.com/index.php/publication?p_id=1520,,1,legacy_id,1520,,1df8059b-5725-4da5-806d-bd2738d79a27,decree-reforming-the-electricity-industry-law-and-directive-withdrawing-the-reli,news,2021-03-01,date_match
en:1518,en,news,1518,The Chamber of Deputies takes up the approval of the Federal Law for the Regulation of Cannabis again,https://www.vonwobeser.com/index.php/publication?p_id=1518,https://www.vonwobeser.com/index.php/publications/news?start=190,"March, 2021",2021-03,month,200,correcto,https://www.vonwobeser.com/index.php/publication?p_id=1518,,1,legacy_id,1518,,acf25734-f95e-490f-b3c6-5dba5485286d,the-chamber-of-deputies-takes-up-the-approval-of-the-federal-law-for-the-regulat,news,2021-03-01,date_match
en:1516,en,news,1516,Latin Lawyer: Promotions at LatAm firms spiked at year-end,https://www.vonwobeser.com/index.php/publication?p_id=1516,https://www.vonwobeser.com/index.php/publications/news?start=190,"February, 2021",2021-02,month,200,correcto,https://www.vonwobeser.com/index.php/publication?p_id=1516,,1,legacy_id,1516,,fa35a923-f07f-4f81-9a74-70b8e774da23,latin-lawyer-promotions-at-latam-firms-spiked-at-year-end,news,2021-02-01,date_match
en:1514,en,news,1514,Lex Latin: Von Wobeser y Sierra strengthens its staff with promotions,https://www.vonwobeser.com/index.php/publication?p_id=1514,https://www.vonwobeser.com/index.php/publications/news?start=190,"February, 2021",2021-02,month,200,correcto,https://www.vonwobeser.com/index.php/publication?p_id=1514,,1,legacy_id,1514,,41e660ec-d884-493b-95e8-534500aef904,lex-latin-von-wobeser-y-sierra-strengthens-its-staff-with-promotions,news,2021-02-01,date_match
en:1512,en,news,1512,"Leaders League: Mexico´s Von Wobeser adds two partners, five counsel",https://www.vonwobeser.com/index.php/publication?p_id=1512,https://www.vonwobeser.com/index.php/publications/news?start=190,"February, 2021",2021-02,month,200,correcto,https://www.vonwobeser.com/index.php/publication?p_id=1512,,1,legacy_id,1512,,6db26144-81f9-456e-ac36-3b4d90349dc6,leaders-league-mexico-s-von-wobeser-adds-two-partners-five-counsel,news,2021-02-01,date_match
en:1510,en,news,1510,Chambers and Partners 2021 Rankings,https://www.vonwobeser.com/index.php/publication?p_id=1510,https://www.vonwobeser.com/index.php/publications/news?start=190,"February, 2021",2021-02,month,200,correcto,https://www.vonwobeser.com/index.php/publication?p_id=1510,,1,legacy_id,1510,,3b30317f-4911-47cb-be3c-fbeb4bf5c62a,chambers-and-partners-2021-rankings,news,2021-02-01,date_match
en:1502,en,news,1502,Relevant events in the electricity sector: Initiative to reform the Power Industry Law and the Supreme Court’s decision of the Constitutional Controversy,https://www.vonwobeser.com/index.php/publication?p_id=1502,https://www.vonwobeser.com/index.php/publications/news?start=190,"February, 2021",2021-02,month,200,correcto,https://www.vonwobeser.com/index.php/publication?p_id=1502,,1,legacy_id,1502,,c7ab3a8f-a9ab-463b-8c2a-c13d7bf25dd4,relevant-events-in-the-electricity-sector-initiative-to-reform-the-power-industr,news,2021-02-01,date_match
en:1500,en,news,1500,"IMMEX, ALTEX and ECEX companies are exempt from compliance with the minimum levels of exports necessary to maintain their programs",https://www.vonwobeser.com/index.php/publication?p_id=1500,https://www.vonwobeser.com/index.php/publications/news?start=200,"February, 2021",2021-02,month,200,correcto,https://www.vonwobeser.com/index.php/publication?p_id=1500,,1,legacy_id,1500,,d21860ce-8fb8-44dd-9aba-67ab17710b22,immex-altex-and-ecex-companies-are-exempt-from-compliance-with-the-minimum-level,news,2021-02-01,date_match
en:1498,en,news,1498,Third suspension in the activities of the Mexican Antitrust Commission and its procedures,https://www.vonwobeser.com/index.php/publication?p_id=1498,https://www.vonwobeser.com/index.php/publications/news?start=200,"January, 2021",2021-01,month,200,correcto,https://www.vonwobeser.com/index.php/publication?p_id=1498,,1,legacy_id,1498,,74fa6213-b79b-4e66-bc56-7c17de090821,third-suspension-in-the-activities-of-the-mexican-antitrust-commission-and-its-p,news,2021-01-01,date_match
en:1496,en,news,1496,The acquisition of vaccines against COVID-19 by the state governments and entities of the National Health System is regulated,https://www.vonwobeser.com/index.php/publication?p_id=1496,https://www.vonwobeser.com/index.php/publications/news?start=200,"January, 2021",2021-01,month,200,correcto,https://www.vonwobeser.com/index.php/publication?p_id=1496,,1,legacy_id,1496,,1046eea4-a5c6-4237-a8d8-901f42fc52a0,the-acquisition-of-vaccines-against-covid-19-by-the-state-governments-and-entiti,news,2021-01-01,date_match
en:1494,en,news,1494,Von Wobeser boosts team with new partners and counsel,https://www.vonwobeser.com/index.php/publication?p_id=1494,https://www.vonwobeser.com/index.php/publications/news?start=200,"January, 2021",2021-01,month,200,correcto,https://www.vonwobeser.com/index.php/publication?p_id=1494,,1,legacy_id,1494,,035f3dba-5eaf-4d3e-9a4f-deaecace931a,von-wobeser-boosts-team-with-new-partners-and-counsel,news,2021-01-01,date_match
en:1492,en,news,1492,The National Trade Facilitation Committee is created,https://www.vonwobeser.com/index.php/publication?p_id=1492,https://www.vonwobeser.com/index.php/publications/news?start=200,"January, 2021",2021-01,month,200,correcto,https://www.vonwobeser.com/index.php/publication?p_id=1492,,1,legacy_id,1492,,749d0929-4dbd-485f-aa55-7782091a3991,the-national-trade-facilitation-committee-is-created,news,2021-01-01,date_match
en:1490,en,news,1490,WhatsApp announces changes to its terms and conditions,https://www.vonwobeser.com/index.php/publication?p_id=1490,https://www.vonwobeser.com/index.php/publications/news?start=200,"January, 2021",2021-01,month,200,correcto,https://www.vonwobeser.com/index.php/publication?p_id=1490,,1,legacy_id,1490,,429f2ed5-aabd-45fc-9933-86e20849670c,whatsapp-announces-changes-to-its-terms-and-conditions,news,2021-01-01,date_match
en:1488,en,news,1488,Suspension of legal terms for the Energy Regulatory Commission,https://www.vonwobeser.com/index.php/publication?p_id=1488,https://www.vonwobeser.com/index.php/publications/news?start=200,"January, 2021",2021-01,month,200,correcto,https://www.vonwobeser.com/index.php/publication?p_id=1488,,1,legacy_id,1488,,36ddd4b6-60dd-49ce-8cee-aa8c1668ba92,suspension-of-legal-terms-for-the-energy-regulatory-commission,news,2021-01-01,date_match
en:1486,en,news,1486,Non-essential activities are suspended in Mexico City and the State of Mexico,https://www.vonwobeser.com/index.php/publication?p_id=1486,https://www.vonwobeser.com/index.php/publications/news?start=210,"December, 2020",2020-12,month,200,correcto,https://www.vonwobeser.com/index.php/publication?p_id=1486,,1,legacy_id,1486,,17faa567-6186-48cb-8314-5dae0ea3c3dc,non-essential-activities-are-suspended-in-mexico-city-and-the-state-of-mexico,news,2020-12-01,date_match
en:1484,en,news,1484,Second suspension in the activities of the Mexican Antitrust Commission and its procedures,https://www.vonwobeser.com/index.php/publication?p_id=1484,https://www.vonwobeser.com/index.php/publications/news?start=200,"January, 2021",2021-01,month,200,correcto,https://www.vonwobeser.com/index.php/publication?p_id=1484,,1,legacy_id,1484,,08f8c89b-0aa2-4fc1-a4ac-efc786e0a691,second-suspension-in-the-activities-of-the-mexican-antitrust-commission-and-its-,news,2021-01-01,date_match
en:1482,en,news,1482,The regulation governing the medical use of cannabis and its pharmacological derivatives is issued,https://www.vonwobeser.com/index.php/publication?p_id=1482,https://www.vonwobeser.com/index.php/publications/news?start=200,"January, 2021",2021-01,month,200,correcto,https://www.vonwobeser.com/index.php/publication?p_id=1482,,1,legacy_id,1482,,6e2e1571-c581-481a-8043-e76edece9376,the-regulation-governing-the-medical-use-of-cannabis-and-its-pharmacological-der,news,2021-01-01,date_match
en:1480,en,news,1480,New rules and obligations in relation to home office,https://www.vonwobeser.com/index.php/publication?p_id=1480,https://www.vonwobeser.com/index.php/publications/news?start=210,"January, 2021",2021-01,month,200,correcto,https://www.vonwobeser.com/index.php/publication?p_id=1480,,1,legacy_id,1480,,83fb4183-eb27-4e8f-a61a-bfcd337f4eb7,new-rules-and-obligations-in-relation-to-home-office,news,2021-01-01,date_match
en:1476,en,news,1476,"Values of the Unit of Measurement and Indexing in effect as of February 1, 2021",https://www.vonwobeser.com/index.php/publication?p_id=1476,https://www.vonwobeser.com/index.php/publications/news?start=210,"January, 2021",2021-01,month,200,correcto,https://www.vonwobeser.com/index.php/publication?p_id=1476,,1,legacy_id,1476,,d1dcb2f8-d05d-4e12-b2b8-05183994f426,values-of-the-unit-of-measurement-and-indexing-in-effect-as-of-february-1-2021,news,2021-01-01,date_match
en:1474,en,news,1474,"Tax incentives in force beginning on January 1, 2021",https://www.vonwobeser.com/index.php/publication?p_id=1474,https://www.vonwobeser.com/index.php/publications/news?start=210,"January, 2021",2021-01,month,200,correcto,https://www.vonwobeser.com/index.php/publication?p_id=1474,,1,legacy_id,1474,,c9bc4b6c-b53b-4591-9667-ce188a3bca20,tax-incentives-in-force-beginning-on-january-1-2021,news,2021-01-01,date_match
en:1472,en,news,1472,New Payroll Tax obligation in Mexico City,https://www.vonwobeser.com/index.php/publication?p_id=1472,https://www.vonwobeser.com/index.php/publications/news?start=210,"January, 2021",2021-01,month,200,correcto,https://www.vonwobeser.com/index.php/publication?p_id=1472,,1,legacy_id,1472,,f4df7cc9-8924-41a1-855a-8e91a193ee5e,new-payroll-tax-obligation-in-mexico-city,news,2021-01-01,date_match
en:1470,en,news,1470,Restrictions for the use of products made with single-use plastics enter into force in Mexico City,https://www.vonwobeser.com/index.php/publication?p_id=1470,https://www.vonwobeser.com/index.php/publications/news?start=210,"January, 2021",2021-01,month,200,correcto,https://www.vonwobeser.com/index.php/publication?p_id=1470,,1,legacy_id,1470,,033031e1-cc83-4a9c-94c4-beec58ffd4c6,restrictions-for-the-use-of-products-made-with-single-use-plastics-enter-into-fo,news,2021-01-01,date_match
en:1468,en,news,1468,"New minimum wages as of January 1, 2021",https://www.vonwobeser.com/index.php/publication?p_id=1468,https://www.vonwobeser.com/index.php/publications/news?start=210,"December, 2020",2020-12,month,200,correcto,https://www.vonwobeser.com/index.php/publication?p_id=1468,,1,legacy_id,1468,,2486b58a-07a7-4460-9a8f-e6797ff4f405,new-minimum-wages-as-of-january-1-2021,news,2020-12-01,date_match
en:1466,en,news,1466,Minimum Wages 2021,https://www.vonwobeser.com/index.php/publication?p_id=1466,https://www.vonwobeser.com/index.php/publications/news?start=210,"December, 2020",2020-12,month,200,correcto,https://www.vonwobeser.com/index.php/publication?p_id=1466,,1,legacy_id,1466,,1fb22c96-25b0-4b55-a1fd-70d03f1734c4,minimum-wages-2021,news,2020-12-01,date_match
en:1464,en,news,1464,Reform of the Pensions System,https://www.vonwobeser.com/index.php/publication?p_id=1464,https://www.vonwobeser.com/index.php/publications/news?start=210,"December, 2020",2020-12,month,200,correcto,https://www.vonwobeser.com/index.php/publication?p_id=1464,,1,legacy_id,1464,,c0cd2418-6873-4ccc-8fe8-6c6d91fd515c,reform-of-the-pensions-system,Laboral,2020-12-01,date_match
en:1455,en,news,1455,Suspension in the activities of the Mexican Antitrust Commission and its procedures,https://www.vonwobeser.com/index.php/publication?p_id=1455,https://www.vonwobeser.com/index.php/publications/news?start=210,"December, 2020",2020-12,month,200,correcto,https://www.vonwobeser.com/index.php/publication?p_id=1455,,1,legacy_id,1455,,5cc81e3c-2001-4622-a339-9a10f309262e,suspension-in-the-activities-of-the-mexican-antitrust-commission-and-its-procedu,news,2020-12-01,date_match
en:1453,en,news,1453,The deadline for Congress to regulate various uses of cannabis extended again,https://www.vonwobeser.com/index.php/publication?p_id=1453,https://www.vonwobeser.com/index.php/publications/news?start=220,"December, 2020",2020-12,month,200,correcto,https://www.vonwobeser.com/index.php/publication?p_id=1453,,1,legacy_id,1453,,d13f235c-97cb-485f-a9f0-b82af0f17965,the-deadline-for-congress-to-regulate-various-uses-of-cannabis-extended-again,news,2020-12-01,date_match
en:1451,en,news,1451,Home Office reform bill approved,https://www.vonwobeser.com/index.php/publication?p_id=1451,https://www.vonwobeser.com/index.php/publications/news?start=220,"December, 2020",2020-12,month,200,correcto,https://www.vonwobeser.com/index.php/publication?p_id=1451,,1,legacy_id,1451,,351fce31-bab5-4c14-be11-3c7b2f1bd621,home-office-reform-bill-approved,news,2020-12-01,date_match
en:1445,en,news,1445,Third Resolution of Modifications to the Omnibus Tax Bill for 2020,https://www.vonwobeser.com/index.php/publication?p_id=1445,https://www.vonwobeser.com/index.php/publications/news?start=220,"November, 2020",2020-11,month,200,correcto,https://www.vonwobeser.com/index.php/publication?p_id=1445,,1,legacy_id,1445,,b4097b9b-7410-4592-b6e0-bf50ea04589c,third-resolution-of-modifications-to-the-omnibus-tax-bill-for-2020,news,2020-11-01,date_match
en:1443,en,news,1443,The Senate approves the regulation of cannabis,https://www.vonwobeser.com/index.php/publication?p_id=1443,https://www.vonwobeser.com/index.php/publications/news?start=220,"November, 2020",2020-11,month,200,correcto,https://www.vonwobeser.com/index.php/publication?p_id=1443,,1,legacy_id,1443,,a1ee0c0f-ddf6-4c42-a5d3-9164a98251e9,the-senate-approves-the-regulation-of-cannabis,news,2020-11-01,date_match
en:1441,en,news,1441,The times are reduced for the sanitary registration in Mexico of certain medicines and health products,https://www.vonwobeser.com/index.php/publication?p_id=1441,https://www.vonwobeser.com/index.php/publications/news?start=220,"November, 2020",2020-11,month,200,correcto,https://www.vonwobeser.com/index.php/publication?p_id=1441,,1,legacy_id,1441,,17fd2f89-c481-4585-9fad-889cdb720497,the-times-are-reduced-for-the-sanitary-registration-in-mexico-of-certain-medicin,news,2020-11-01,date_match
en:1439,en,news,1439,Tax implications of the subcontracting reform bill,https://www.vonwobeser.com/index.php/publication?p_id=1439,https://www.vonwobeser.com/index.php/publications/news?start=220,"November, 2020",2020-11,month,200,correcto,https://www.vonwobeser.com/index.php/publication?p_id=1439,,1,legacy_id,1439,,bc3b9408-e7a0-479e-83fb-50a1ebc86a61,tax-implications-of-the-subcontracting-reform-bill,news,2020-11-01,date_match
en:1437,en,news,1437,Imminent regulation of the various uses of cannabis in Mexico,https://www.vonwobeser.com/index.php/publication?p_id=1437,https://www.vonwobeser.com/index.php/publications/news?start=220,"November, 2020",2020-11,month,200,correcto,https://www.vonwobeser.com/index.php/publication?p_id=1437,,1,legacy_id,1437,,ecd1c71a-c0d0-4f77-be2d-3ffbcecb6582,imminent-regulation-of-the-various-uses-of-cannabis-in-mexico,news,2020-11-01,date_match
en:1435,en,news,1435,Implementation of the labor reform,https://www.vonwobeser.com/index.php/publication?p_id=1435,https://www.vonwobeser.com/index.php/publications/news?start=220,"November, 2020",2020-11,month,200,correcto,https://www.vonwobeser.com/index.php/publication?p_id=1435,,1,legacy_id,1435,,99035667-c5cd-4041-87e5-93f718d844fe,implementation-of-the-labor-reform,news,2020-11-01,date_match
en:1433,en,news,1433,Bill Reforming the Federal Labor Act regarding subcontracting,https://www.vonwobeser.com/index.php/publication?p_id=1433,https://www.vonwobeser.com/index.php/publications/news?start=220,"November, 2020",2020-11,month,200,correcto,https://www.vonwobeser.com/index.php/publication?p_id=1433,,1,legacy_id,1433,,02836dda-db1a-4cc2-8452-b207ebdee1e7,bill-reforming-the-federal-labor-act-regarding-subcontracting,news,2020-11-01,date_match
en:1431,en,news,1431,"Decree reforming certain articles of the Immigration and the Refugees, Complementary Protection and Political Asylum Acts regarding child migrants",https://www.vonwobeser.com/index.php/publication?p_id=1431,https://www.vonwobeser.com/index.php/publications/news?start=220,"November, 2020",2020-11,month,200,correcto,https://www.vonwobeser.com/index.php/publication?p_id=1431,,1,legacy_id,1431,,8fb4c70a-b572-4401-a6c8-606c81deb75c,decree-reforming-certain-articles-of-the-immigration-and-the-refugees-complement,news,2020-11-01,date_match
en:1429,en,news,1429,Congress approves the Economic Package for 2021,https://www.vonwobeser.com/index.php/publication?p_id=1429,https://www.vonwobeser.com/index.php/publications/news?start=230,"November, 2020",2020-11,month,200,correcto,https://www.vonwobeser.com/index.php/publication?p_id=1429,,1,legacy_id,1429,,dd736072-604b-411d-b9cd-bb0dfe473ea0,congress-approves-the-economic-package-for-2021,news,2020-11-01,date_match
en:1427,en,news,1427,New Federal Industrial Property Protection Law,https://www.vonwobeser.com/index.php/publication?p_id=1427,https://www.vonwobeser.com/index.php/publications/news?start=230,"November, 2020",2020-11,month,200,correcto,https://www.vonwobeser.com/index.php/publication?p_id=1427,,1,legacy_id,1427,,12612adb-f270-4d06-8201-b493d8469ea3,new-federal-industrial-property-protection-law,news,2020-11-01,date_match
en:1425,en,news,1425,Issuance of the Protocol to Protect Corruption Whistleblowers,https://www.vonwobeser.com/index.php/publication?p_id=1425,https://www.vonwobeser.com/index.php/publications/news?start=230,"October, 2020",2020-10,month,200,correcto,https://www.vonwobeser.com/index.php/publication?p_id=1425,,1,legacy_id,1425,,dca2daaf-20c5-46b7-ad79-0e55a5cd0215,issuance-of-the-protocol-to-protect-corruption-whistleblowers,news,2020-10-01,date_match
en:1423,en,news,1423,The Chamber of Deputies approved the amendments to the tax provisions for 2021,https://www.vonwobeser.com/index.php/publication?p_id=1423,https://www.vonwobeser.com/index.php/publications/news?start=230,"October, 2020",2020-10,month,200,correcto,https://www.vonwobeser.com/index.php/publication?p_id=1423,,1,legacy_id,1423,,867f0f84-a7cc-424b-ba05-0b4b98a45c83,the-chamber-of-deputies-approved-the-amendments-to-the-tax-provisions-for-2021,news,2020-10-01,date_match
en:1421,en,news,1421,Entrance into force of certain obligations of the NOM-035-STPS-2018,https://www.vonwobeser.com/index.php/publication?p_id=1421,https://www.vonwobeser.com/index.php/publications/news?start=230,"October, 2020",2020-10,month,200,correcto,https://www.vonwobeser.com/index.php/publication?p_id=1421,,1,legacy_id,1421,,afe86f54-c72c-43e1-9d8f-c02d61df1728,entrance-into-force-of-certain-obligations-of-the-nom-035-stps-2018,news,2020-10-01,date_match
en:1419,en,news,1419,The CRE imposes restrictions on modifying Self-Supply and Cogeneration Permits,https://www.vonwobeser.com/index.php/publication?p_id=1419,https://www.vonwobeser.com/index.php/publications/news?start=230,"October, 2020",2020-10,month,200,correcto,https://www.vonwobeser.com/index.php/publication?p_id=1419,,1,legacy_id,1419,,ad62f598-5303-4041-a0f6-8974e1c12d07,the-cre-imposes-restrictions-on-modifying-self-supply-and-cogeneration-permits,news,2020-10-01,date_match
en:1417,en,news,1417,Issuance of recommendations by the COFECE in energy matters,https://www.vonwobeser.com/index.php/publication?p_id=1417,https://www.vonwobeser.com/index.php/publications/news?start=230,"October, 2020",2020-10,month,200,correcto,https://www.vonwobeser.com/index.php/publication?p_id=1417,,1,legacy_id,1417,,f9955ab9-bda8-4b8e-82b0-0768244d518e,issuance-of-recommendations-by-the-cofece-in-energy-matters,news,2020-10-01,date_match
en:1415,en,news,1415,Elimination of No commercialization letters and other changes to the NOMs Annex,https://www.vonwobeser.com/index.php/publication?p_id=1415,https://www.vonwobeser.com/index.php/publications/news?start=230,"October, 2020",2020-10,month,200,correcto,https://www.vonwobeser.com/index.php/publication?p_id=1415,,1,legacy_id,1415,,a2e74521-92a6-4f57-bfcd-5ffa301319b2,elimination-of-no-commercialization-letters-and-other-changes-to-the-noms-annex,news,2020-10-01,date_match
en:1413,en,news,1413,América Móvil divests US prepaid wireless business for US$6.9 billion,https://www.vonwobeser.com/index.php/publication?p_id=1413,https://www.vonwobeser.com/index.php/publications/news?start=240,"September, 2020",2020-09,month,200,correcto,https://www.vonwobeser.com/index.php/publication?p_id=1413,,1,legacy_id,1413,,45f73968-1849-4633-98c1-237fbb1b9f93,america-movil-divests-us-prepaid-wireless-business-for-us-6-9-billion,news,2020-09-01,date_match
en:1411,en,news,1411,América Móvil sells subsidiary in United States to Verizon,https://www.vonwobeser.com/index.php/publication?p_id=1411,https://www.vonwobeser.com/index.php/publications/news?start=230,"September, 2020",2020-09,month,200,correcto,https://www.vonwobeser.com/index.php/publication?p_id=1411,,1,legacy_id,1411,,07b62dde-f949-4ea7-a84f-d5758f8c0a59,america-movil-sells-subsidiary-in-united-states-to-verizon,news,2020-09-01,date_match
en:1409,en,news,1409,ICC calls for strengthening anti-corruption institutions in Mexico,https://www.vonwobeser.com/index.php/publication?p_id=1409,https://www.vonwobeser.com/index.php/publications/news?start=240,"August, 2020",2020-08,month,200,correcto,https://www.vonwobeser.com/index.php/publication?p_id=1409,,1,legacy_id,1409,,bffd70b6-09c1-4ae9-b15b-66f3cbf65ebb,icc-calls-for-strengthening-anti-corruption-institutions-in-mexico,news,2020-08-01,date_match
en:1407,en,news,1407,Modification of the Guidelines for the Execution of the Gradual Plan toward the New Normality in Mexico City,https://www.vonwobeser.com/index.php/publication?p_id=1407,https://www.vonwobeser.com/index.php/publications/news?start=230,"September, 2020",2020-09,month,200,correcto,https://www.vonwobeser.com/index.php/publication?p_id=1407,,1,legacy_id,1407,,489a49b1-f112-4e6f-bc72-a8e9d0a07a4b,modification-of-the-guidelines-for-the-execution-of-the-gradual-plan-toward-the-,news,2020-09-01,date_match
en:1405,en,news,1405,Labor Compliance under the USMCA. The breach of labor obligations in Mexico can result in sanctions,https://www.vonwobeser.com/index.php/publication?p_id=1405,https://www.vonwobeser.com/index.php/publications/news?start=240,"September, 2020",2020-09,month,200,correcto,https://www.vonwobeser.com/index.php/publication?p_id=1405,,1,legacy_id,1405,,f693f494-dd00-4d00-a1f6-09f613e0801b,labor-compliance-under-the-usmca-the-breach-of-labor-obligations-in-mexico-can-r,news,2020-09-01,date_match
en:1403,en,news,1403,Von Wobeser seals Merck-Iberdrola renewables PPA in Mexico,https://www.vonwobeser.com/index.php/publication?p_id=1403,https://www.vonwobeser.com/index.php/publications/news?start=240,"September, 2020",2020-09,month,200,correcto,https://www.vonwobeser.com/index.php/publication?p_id=1403,,1,legacy_id,1403,,cf241898-0754-485f-b190-58f881f5c48f,von-wobeser-seals-merck-iberdrola-renewables-ppa-in-mexico,news,2020-09-01,date_match
en:1401,en,news,1401,Merck Signs PPA with Iberdrola in Mexico,https://www.vonwobeser.com/index.php/publication?p_id=1401,https://www.vonwobeser.com/index.php/publications/news?start=240,"August, 2020",2020-08,month,200,correcto,https://www.vonwobeser.com/index.php/publication?p_id=1401,,1,legacy_id,1401,,7e63756d-4448-4484-a921-303d0afaac2e,merck-signs-ppa-with-iberdrola-in-mexico,news,2020-08-01,date_match
en:1399,en,news,1399,Modifications to the tax provisions for 2021,https://www.vonwobeser.com/index.php/publication?p_id=1399,https://www.vonwobeser.com/index.php/publications/news?start=240,"September, 2020",2020-09,month,200,correcto,https://www.vonwobeser.com/index.php/publication?p_id=1399,,1,legacy_id,1399,,6d5d354f-fedb-40a1-86dd-4937dee4ddb4,modifications-to-the-tax-provisions-for-2021,news,2020-09-01,date_match
en:1397,en,news,1397,Santander Sevelops a New Payment Strategy in Mexico,https://www.vonwobeser.com/index.php/publication?p_id=1397,https://www.vonwobeser.com/index.php/publications/news?start=340,"March, 2020",2020-03,month,200,correcto,https://www.vonwobeser.com/index.php/publication?p_id=1397,,1,legacy_id,1397,,bbb58930-f730-4f30-848a-6e3f23a6c99e,santander-sevelops-a-new-payment-strategy-in-mexico,news,2020-03-01,date_match
en:1395,en,news,1395,Mexico Probes Digital Ad Market,https://www.vonwobeser.com/index.php/publication?p_id=1395,https://www.vonwobeser.com/index.php/publications/news?start=240,"September, 2020",2020-09,month,200,correcto,https://www.vonwobeser.com/index.php/publication?p_id=1395,,1,legacy_id,1395,,e703300d-bbcc-4ca1-bc74-93eb526b06b0,mexico-probes-digital-ad-market,news,2020-09-01,date_match
en:1393,en,news,1393,12 Years of Struggle and Latin America Maintains the Same Level of Corruption,https://www.vonwobeser.com/index.php/publication?p_id=1393,https://www.vonwobeser.com/index.php/publications/news?start=240,"August, 2020",2020-08,month,200,correcto,https://www.vonwobeser.com/index.php/publication?p_id=1393,,1,legacy_id,1393,,e8a59890-02d5-43a0-ac8a-fb1d42138550,12-years-of-struggle-and-latin-america-maintains-the-same-level-of-corruption,news,2020-08-01,date_match
en:1391,en,news,1391,Relevant Labor law issues (Labor Compliance),https://www.vonwobeser.com/index.php/publication?p_id=1391,https://www.vonwobeser.com/index.php/publications/news?start=240,"August, 2020",2020-08,month,200,correcto,https://www.vonwobeser.com/index.php/publication?p_id=1391,,1,legacy_id,1391,,521f945b-c2a2-4b55-8919-5a45e228824e,relevant-labor-law-issues-labor-compliance,news,2020-08-01,date_match
en:1389,en,news,1389,Suspension of legal terms and time periods of the Ministry of Environment and Natural Resources is lifted,https://www.vonwobeser.com/index.php/publication?p_id=1389,https://www.vonwobeser.com/index.php/publications/news?start=240,"August, 2020",2020-08,month,200,correcto,https://www.vonwobeser.com/index.php/publication?p_id=1389,,1,legacy_id,1389,,af087a69-6299-4243-9e00-dc6c71ae79bd,suspension-of-legal-terms-and-time-periods-of-the-ministry-of-environment-and-na,news,2020-08-01,date_match
en:1387,en,news,1387,Von Wobeser partner to chair Americas arbitration group,https://www.vonwobeser.com/index.php/publication?p_id=1387,https://www.vonwobeser.com/index.php/publications/news?start=250,"August, 2020",2020-08,month,200,correcto,https://www.vonwobeser.com/index.php/publication?p_id=1387,,1,legacy_id,1387,,993bca01-cd7e-424b-b1f2-81ffac981405,von-wobeser-partner-to-chair-americas-arbitration-group-2,news,2020-08-01,date_match
en:1385,en,news,1385,Update: The suspension of legal terms for the Energy Regulatory Commission concludes,https://www.vonwobeser.com/index.php/publication?p_id=1385,https://www.vonwobeser.com/index.php/publications/news?start=250,"August, 2020",2020-08,month,200,correcto,https://www.vonwobeser.com/index.php/publication?p_id=1385,,1,legacy_id,1385,,fa8f4f7a-742a-4f37-92fb-2045f26652ab,update-the-suspension-of-legal-terms-for-the-energy-regulatory-commission-conclu,news,2020-08-01,date_match
en:1384,en,news,1384,Mexico’s ex-President Peña Nieto investigated for corruption,https://www.vonwobeser.com/index.php/publication?p_id=1384,https://www.vonwobeser.com/index.php/publications/news?start=250,"August, 2020",2020-08,month,200,correcto,https://www.vonwobeser.com/index.php/publication?p_id=1384,,1,legacy_id,1384,,3afa7b3f-fcbc-4157-bc32-501de7cab18a,mexico-s-ex-president-pena-nieto-investigated-for-corruption,news,2020-08-01,date_match
en:1381,en,news,1381,Opportunities for companies in the technology sector with the health crisis,https://www.vonwobeser.com/index.php/publication?p_id=1381,https://www.vonwobeser.com/index.php/publications/news?start=250,"August, 2020",2020-08,month,200,correcto,https://www.vonwobeser.com/index.php/publication?p_id=1381,,1,legacy_id,1381,,e8d389e5-a699-4036-ab91-4aedf48ce439,opportunities-for-companies-in-the-technology-sector-with-the-health-crisis,news,2020-08-01,date_match
en:1379,en,news,1379,"Decree amending the Public Sector Acquisitions, Leases and Services Act entered into force",https://www.vonwobeser.com/index.php/publication?p_id=1379,https://www.vonwobeser.com/index.php/publications/news?start=250,"August, 2020",2020-08,month,200,correcto,https://www.vonwobeser.com/index.php/publication?p_id=1379,,1,legacy_id,1379,,bf6f82a5-1d56-433e-89fb-f65ee61d3372,decree-amending-the-public-sector-acquisitions-leases-and-services-act-entered-i,news,2020-08-01,date_match
en:1377,en,news,1377,Ruling by the National Hydrocarbons Commission to establish various measures to promote the development of oil activities,https://www.vonwobeser.com/index.php/publication?p_id=1377,https://www.vonwobeser.com/index.php/publications/news?start=250,"August, 2020",2020-08,month,200,correcto,https://www.vonwobeser.com/index.php/publication?p_id=1377,,1,legacy_id,1377,,a22ad531-4c8a-40f6-9014-d03bc4e31798,ruling-by-the-national-hydrocarbons-commission-to-establish-various-measures-to-,news,2020-08-01,date_match
en:1375,en,news,1375,Companies Certified under VAT and IEPS category are charged with new fees,https://www.vonwobeser.com/index.php/publication?p_id=1375,https://www.vonwobeser.com/index.php/publications/news?start=250,"August, 2020",2020-08,month,200,correcto,https://www.vonwobeser.com/index.php/publication?p_id=1375,,1,legacy_id,1375,,e816f1be-360a-4876-bbc4-ea791ed0419b,companies-certified-under-vat-and-ieps-category-are-charged-with-new-fees,news,2020-08-01,date_match
en:1373,en,news,1373,Ruling establishing new essential activities,https://www.vonwobeser.com/index.php/publication?p_id=1373,https://www.vonwobeser.com/index.php/publications/news?start=250,"August, 2020",2020-08,month,200,correcto,https://www.vonwobeser.com/index.php/publication?p_id=1373,,1,legacy_id,1373,,ef802394-4112-4039-8ab9-95d4a9f7c0d9,ruling-establishing-new-essential-activities,news,2020-08-01,date_match
en:1372,en,news,1372,Von Wobeser Partner Appointed Chair of ITA Americas Initiative,https://www.vonwobeser.com/index.php/publication?p_id=1372,https://www.vonwobeser.com/index.php/publications/news?start=250,"August, 2020",2020-08,month,200,correcto,https://www.vonwobeser.com/index.php/publication?p_id=1372,,1,legacy_id,1372,,92f0902e-51a2-400a-aca2-367328da9749,von-wobeser-partner-appointed-chair-of-ita-americas-initiative,news,2020-08-01,date_match
en:1370,en,news,1370,Von Wobeser partner to chair Americas arbitration group,https://www.vonwobeser.com/index.php/publication?p_id=1370,https://www.vonwobeser.com/index.php/publications/news?start=260,"July, 2020",2020-07,month,200,correcto,https://www.vonwobeser.com/index.php/publication?p_id=1370,,1,legacy_id,1370,,21859e78-5d05-4b43-83c8-230a8a74cf19,von-wobeser-partner-to-chair-americas-arbitration-group,news,2020-07-01,date_match
en:1367,en,news,1367,Modification of the standards for testing employees to detect COVID-19 in Mexico City,https://www.vonwobeser.com/index.php/publication?p_id=1367,https://www.vonwobeser.com/index.php/publications/news?start=250,"July, 2020",2020-07,month,200,correcto,https://www.vonwobeser.com/index.php/publication?p_id=1367,,1,legacy_id,1367,,4e94cca6-6d93-4d0c-82eb-5caef24b4d3a,modification-of-the-standards-for-testing-employees-to-detect-covid-19-in-mexico,news,2020-07-01,date_match
en:1365,en,news,1365,Ruling announcing the method for disseminating the standards for vulnerable populations,https://www.vonwobeser.com/index.php/publication?p_id=1365,https://www.vonwobeser.com/index.php/publications/news?start=260,"July, 2020",2020-07,month,200,correcto,https://www.vonwobeser.com/index.php/publication?p_id=1365,,1,legacy_id,1365,,f6da06c7-d884-41b9-bc6b-0005f4022126,ruling-announcing-the-method-for-disseminating-the-standards-for-vulnerable-popu,news,2020-07-01,date_match
en:1363,en,news,1363,Draft regulation of cannabis for medical use,https://www.vonwobeser.com/index.php/publication?p_id=1363,https://www.vonwobeser.com/index.php/publications/news?start=260,"July, 2020",2020-07,month,200,correcto,https://www.vonwobeser.com/index.php/publication?p_id=1363,,1,legacy_id,1363,,4f3e7215-a7c6-4b26-8caf-edfdd81f7716,draft-regulation-of-cannabis-for-medical-use,news,2020-07-01,date_match
en:1361,en,news,1361,Update: The suspension of time periods for the National Hydrocarbons Commission is concluded,https://www.vonwobeser.com/index.php/publication?p_id=1361,https://www.vonwobeser.com/index.php/publications/news?start=260,"July, 2020",2020-07,month,200,correcto,https://www.vonwobeser.com/index.php/publication?p_id=1361,,1,legacy_id,1361,,3f985ca1-6e45-4b85-a22e-27fa1670dbce,update-the-suspension-of-time-periods-for-the-national-hydrocarbons-commission-i,news,2020-07-01,date_match
en:1359,en,news,1359,Extension of the suspension in the activities and terms of the Mexican Court of Administrative Justice,https://www.vonwobeser.com/index.php/publication?p_id=1359,https://www.vonwobeser.com/index.php/publications/news?start=260,"July, 2020",2020-07,month,200,correcto,https://www.vonwobeser.com/index.php/publication?p_id=1359,,1,legacy_id,1359,,ef30a975-f149-4884-8c3a-018da5963078,extension-of-the-suspension-in-the-activities-and-terms-of-the-mexican-court-of-,news,2020-07-01,date_match
en:1357,en,news,1357,Possible extension of the implementation of the new front warning label system under the NOM-051-SCFI/ SSA1-2010,https://www.vonwobeser.com/index.php/publication?p_id=1357,https://www.vonwobeser.com/index.php/publications/news?start=260,"July, 2020",2020-07,month,200,correcto,https://www.vonwobeser.com/index.php/publication?p_id=1357,,1,legacy_id,1357,,79163c06-c638-4f2c-854c-0dc06177f664,possible-extension-of-the-implementation-of-the-new-front-warning-label-system-u,news,2020-07-01,date_match
en:1355,en,news,1355,Bill reforming the Social Security Law with respect to the Pension System,https://www.vonwobeser.com/index.php/publication?p_id=1355,https://www.vonwobeser.com/index.php/publications/news?start=260,"July, 2020",2020-07,month,200,correcto,https://www.vonwobeser.com/index.php/publication?p_id=1355,,1,legacy_id,1355,,56a20003-1920-4735-a952-cf137a837e30,bill-reforming-the-social-security-law-with-respect-to-the-pension-system,news,2020-07-01,date_match
en:1353,en,news,1353,Bill reforming the Federal Labor Law regarding Telework,https://www.vonwobeser.com/index.php/publication?p_id=1353,https://www.vonwobeser.com/index.php/publications/news?start=260,"July, 2020",2020-07,month,200,correcto,https://www.vonwobeser.com/index.php/publication?p_id=1353,,1,legacy_id,1353,,e2e0bf97-8291-4c43-bbb3-b1cc439183ed,bill-reforming-the-federal-labor-law-regarding-telework,news,2020-07-01,date_match
en:1351,en,news,1351,Update: Fifth extension of the suspension of time periods for the National Energy Control Center,https://www.vonwobeser.com/index.php/publication?p_id=1351,https://www.vonwobeser.com/index.php/publications/news?start=260,"July, 2020",2020-07,month,200,correcto,https://www.vonwobeser.com/index.php/publication?p_id=1351,,1,legacy_id,1351,,b9372013-dbae-4b57-bccf-c67c47337e01,update-fifth-extension-of-the-suspension-of-time-periods-for-the-national-energy,news,2020-07-01,date_match
en:1349,en,news,1349,The Mexican Institute of Industrial Property restarts activities,https://www.vonwobeser.com/index.php/publication?p_id=1349,https://www.vonwobeser.com/index.php/publications/news?start=260,"July, 2020",2020-07,month,200,correcto,https://www.vonwobeser.com/index.php/publication?p_id=1349,,1,legacy_id,1349,,f096c47d-2b0f-4d1e-a697-e21d13480852,the-mexican-institute-of-industrial-property-restarts-activities,news,2020-07-01,date_match
en:1347,en,news,1347,"Possible criteria for verifying compliance with the NOM-051-SCFI/SSA1-2010 in the point of sale of products, beginning on October 1, 2020",https://www.vonwobeser.com/index.php/publication?p_id=1347,https://www.vonwobeser.com/index.php/publications/news?start=270,"July, 2020",2020-07,month,200,correcto,https://www.vonwobeser.com/index.php/publication?p_id=1347,,1,legacy_id,1347,,01ee1d8e-e03d-4051-9001-87aca25e47f2,possible-criteria-for-verifying-compliance-with-the-nom-051-scfi-ssa1-2010-in-th,news,2020-07-01,date_match
en:1345,en,news,1345,New laws are issued that impact the import and export of merchandise,https://www.vonwobeser.com/index.php/publication?p_id=1345,https://www.vonwobeser.com/index.php/publications/news?start=270,"July, 2020",2020-07,month,200,correcto,https://www.vonwobeser.com/index.php/publication?p_id=1345,,1,legacy_id,1345,,abcc8920-3343-4d1f-9fbe-dbac0f2d983d,new-laws-are-issued-that-impact-the-import-and-export-of-merchandise,news,2020-07-01,date_match
en:1343,en,news,1343,"CONAGUA establishes temporary measures to guarantee the supply of water for population centers, during the contingency generated by the SARS-CoV-2 (COVID-19)",https://www.vonwobeser.com/index.php/publication?p_id=1343,https://www.vonwobeser.com/index.php/publications/news?start=270,"July, 2020",2020-07,month,200,correcto,https://www.vonwobeser.com/index.php/publication?p_id=1343,,1,legacy_id,1343,,82f2beb0-9f87-4b42-8090-7a67ded62b61,conagua-establishes-temporary-measures-to-guarantee-the-supply-of-water-for-popu,news,2020-07-01,date_match
en:1341,en,news,1341,Sixth extension of the suspension in the activities of the Mexican Antitrust Commission and its procedures,https://www.vonwobeser.com/index.php/publication?p_id=1341,https://www.vonwobeser.com/index.php/publications/news?start=270,"June, 2020",2020-06,month,200,correcto,https://www.vonwobeser.com/index.php/publication?p_id=1341,,1,legacy_id,1341,,a3cad12e-8f40-462c-8016-c2a5e285869a,sixth-extension-of-the-suspension-in-the-activities-of-the-mexican-antitrust-com,news,2020-06-01,date_match
en:1339,en,news,1339,Publication of legal provisions in preparation for the entrance into force of the USMCA,https://www.vonwobeser.com/index.php/publication?p_id=1339,https://www.vonwobeser.com/index.php/publications/news?start=270,"June, 2020",2020-06,month,200,correcto,https://www.vonwobeser.com/index.php/publication?p_id=1339,,1,legacy_id,1339,,966a501a-a9b7-4176-88c7-05c01c2f0f23,publication-of-legal-provisions-in-preparation-for-the-entrance-into-force-of-th,news,2020-06-01,date_match
en:1335,en,news,1335,Notice to update partners or shareholders before the Federal Taxpayer Registry,https://www.vonwobeser.com/index.php/publication?p_id=1335,https://www.vonwobeser.com/index.php/publications/news?start=270,"June, 2020",2020-06,month,200,correcto,https://www.vonwobeser.com/index.php/publication?p_id=1335,,1,legacy_id,1335,,569e17ed-cd5a-4359-bcf4-46d8b4e3d3da,notice-to-update-partners-or-shareholders-before-the-federal-taxpayer-registry,news,2020-06-01,date_match
en:1333,en,news,1333,Extension of the suspension in the activities and deadlines of the Mexican Court of Administrative Justice,https://www.vonwobeser.com/index.php/publication?p_id=1333,https://www.vonwobeser.com/index.php/publications/news?start=270,"June, 2020",2020-06,month,200,correcto,https://www.vonwobeser.com/index.php/publication?p_id=1333,,1,legacy_id,1333,,394c619d-7790-4369-85e4-81bc744f8998,extension-of-the-suspension-in-the-activities-and-deadlines-of-the-mexican-court-2,news,2020-06-01,date_match
en:1331,en,news,1331,Update: Fourth extension of the suspension of legal terms for the National Energy Control Center,https://www.vonwobeser.com/index.php/publication?p_id=1331,https://www.vonwobeser.com/index.php/publications/news?start=270,"June, 2020",2020-06,month,200,correcto,https://www.vonwobeser.com/index.php/publication?p_id=1331,,1,legacy_id,1331,,19c166d7-2f98-4b3b-8f30-ad449f34da61,update-fourth-extension-of-the-suspension-of-legal-terms-for-the-national-energy,news,2020-06-01,date_match
en:1329,en,news,1329,Fifth extension of the suspension in the activities of the Mexican Antitrust Commission and its procedures,https://www.vonwobeser.com/index.php/publication?p_id=1329,https://www.vonwobeser.com/index.php/publications/news?start=270,"June, 2020",2020-06,month,200,correcto,https://www.vonwobeser.com/index.php/publication?p_id=1329,,1,legacy_id,1329,,4cfb060a-f827-45db-bf15-002c3e7aa235,fifth-extension-of-the-suspension-in-the-activities-of-the-mexican-antitrust-com,news,2020-06-01,date_match
en:1327,en,news,1327,New extension of the suspension in the activities and deadlines of the Mexican Copyright Institute,https://www.vonwobeser.com/index.php/publication?p_id=1327,https://www.vonwobeser.com/index.php/publications/news?start=270,"June, 2020",2020-06,month,200,correcto,https://www.vonwobeser.com/index.php/publication?p_id=1327,,1,legacy_id,1327,,3e905d60-bc95-4c61-8bdb-10f8661f091e,new-extension-of-the-suspension-in-the-activities-and-deadlines-of-the-mexican-c,news,2020-06-01,date_match
en:1323,en,news,1323,Bankruptcy and commercial electronic proceedings,https://www.vonwobeser.com/index.php/publication?p_id=1323,https://www.vonwobeser.com/index.php/publications/news?start=280,"June, 2020",2020-06,month,200,correcto,https://www.vonwobeser.com/index.php/publication?p_id=1323,,1,legacy_id,1323,,281f14bd-f8a9-4e22-b7a0-11577b9ce85c,bankruptcy-and-commercial-electronic-proceedings,news,2020-06-01,date_match
en:1321,en,news,1321,Industrial Designs – Mexico joins the Hague System,https://www.vonwobeser.com/index.php/publication?p_id=1321,https://www.vonwobeser.com/index.php/publications/news?start=280,"June, 2020",2020-06,month,200,correcto,https://www.vonwobeser.com/index.php/publication?p_id=1321,,1,legacy_id,1321,,823ed396-a946-4303-ab47-a8edc179c742,industrial-designs-mexico-joins-the-hague-system,news,2020-06-01,date_match
en:1319,en,news,1319,Fourth extension of the suspension in the activities of the Mexican Antitrust Commission and its procedures,https://www.vonwobeser.com/index.php/publication?p_id=1319,https://www.vonwobeser.com/index.php/publications/news?start=290,"May, 2020",2020-05,month,200,correcto,https://www.vonwobeser.com/index.php/publication?p_id=1319,,1,legacy_id,1319,,f9286dd9-741a-4d9d-8e76-8e009e56d9e5,fourth-extension-of-the-suspension-in-the-activities-of-the-mexican-antitrust-co,news,2020-05-01,date_match
en:1317,en,news,1317,"Head Partner of our Energy Practice, Edmond Grieger was interviewed by Mexico Business' Energy publication in a special article, Mexico’s Electric Grid: Matter of Contention.",https://www.vonwobeser.com/index.php/publication?p_id=1317,https://www.vonwobeser.com/index.php/publications/news?start=280,"June, 2020",2020-06,month,200,correcto,https://www.vonwobeser.com/index.php/publication?p_id=1317,,1,legacy_id,1317,,8e6914e3-3aa6-4c75-97c4-2b3d6bd30a97,head-partner-of-our-energy-practice-edmond-grieger-was-interviewed-by-mexico-bus,news,2020-06-01,date_match
en:1315,en,news,1315,Update: General Provisions regarding the standardized computer application programming interfaces referred to under the Law for the Regulation of Financial Technology Institutions,https://www.vonwobeser.com/index.php/publication?p_id=1315,https://www.vonwobeser.com/index.php/publications/news?start=280,"June, 2020",2020-06,month,200,correcto,https://www.vonwobeser.com/index.php/publication?p_id=1315,,1,legacy_id,1315,,e9728ac7-3742-4d71-80d1-01677bbc1b9c,update-general-provisions-regarding-the-standardized-computer-application-progra,news,2020-06-01,date_match
en:1313,en,news,1313,Possible restrictions on the advertising of food and non-alcoholic beverages that contain warning stamps and captions,https://www.vonwobeser.com/index.php/publication?p_id=1313,https://www.vonwobeser.com/index.php/publications/news?start=280,"June, 2020",2020-06,month,200,correcto,https://www.vonwobeser.com/index.php/publication?p_id=1313,,1,legacy_id,1313,,4de266e8-7d0b-4fbb-a97b-7231eb3ca999,possible-restrictions-on-the-advertising-of-food-and-non-alcoholic-beverages-tha,news,2020-06-01,date_match
en:1311,en,news,1311,Update: Third extension of the suspension of time periods for the National Hydrocarbons Commission,https://www.vonwobeser.com/index.php/publication?p_id=1311,https://www.vonwobeser.com/index.php/publications/news?start=280,"June, 2020",2020-06,month,200,correcto,https://www.vonwobeser.com/index.php/publication?p_id=1311,,1,legacy_id,1311,,9b245e4f-b859-4185-bc11-79b713cfbaef,update-third-extension-of-the-suspension-of-time-periods-for-the-national-hydroc,news,2020-06-01,date_match
en:1309,en,news,1309,Update: Third extension of the suspension of time periods for the National Energy Control Center,https://www.vonwobeser.com/index.php/publication?p_id=1309,https://www.vonwobeser.com/index.php/publications/news?start=280,"June, 2020",2020-06,month,200,correcto,https://www.vonwobeser.com/index.php/publication?p_id=1309,,1,legacy_id,1309,,8de9df00-fbab-4467-9449-7a4ae01e58ce,update-third-extension-of-the-suspension-of-time-periods-for-the-national-energy,news,2020-06-01,date_match
en:1307,en,news,1307,The preliminary version of the “Uniform Regulations” of the USMCA published,https://www.vonwobeser.com/index.php/publication?p_id=1307,https://www.vonwobeser.com/index.php/publications/news?start=280,"June, 2020",2020-06,month,200,correcto,https://www.vonwobeser.com/index.php/publication?p_id=1307,,1,legacy_id,1307,,d6672821-f694-4b89-941b-56101cbfa5e2,the-preliminary-version-of-the-uniform-regulations-of-the-usmca-published,news,2020-06-01,date_match
en:1305,en,news,1305,Extension of the suspension in the activities and deadlines of the Mexican Court of Administrative Justice,https://www.vonwobeser.com/index.php/publication?p_id=1305,https://www.vonwobeser.com/index.php/publications/news?start=280,"June, 2020",2020-06,month,200,correcto,https://www.vonwobeser.com/index.php/publication?p_id=1305,,1,legacy_id,1305,,e456c751-5a5f-4bb5-9f4e-c255ffa956f6,extension-of-the-suspension-in-the-activities-and-deadlines-of-the-mexican-court,news,2020-06-01,date_match
en:1303,en,news,1303,Extension of the suspension of the terms periods of the CNBV,https://www.vonwobeser.com/index.php/publication?p_id=1303,https://www.vonwobeser.com/index.php/publications/news?start=290,"May, 2020",2020-05,month,200,correcto,https://www.vonwobeser.com/index.php/publication?p_id=1303,,1,legacy_id,1303,,b52c2f6c-ee95-4da4-9eba-1d3065451f85,extension-of-the-suspension-of-the-terms-periods-of-the-cnbv,news,2020-05-01,date_match
en:1301,en,news,1301,Extension of the suspension in the activities and terms of the Federal Court of Administrative Justice,https://www.vonwobeser.com/index.php/publication?p_id=1301,https://www.vonwobeser.com/index.php/publications/news?start=310,"April, 2020",2020-04,month,200,correcto,https://www.vonwobeser.com/index.php/publication?p_id=1301,,1,legacy_id,1301,,b9948671-9fe2-4d58-9476-1731d29d1d2b,extension-of-the-suspension-in-the-activities-and-terms-of-the-federal-court-of-,news,2020-04-01,date_match
en:1299,en,news,1299,Update: Suspension of legal terms for the SEMARNAT and enabling of business days and hours for the ASEA and CONAGUA,https://www.vonwobeser.com/index.php/publication?p_id=1299,https://www.vonwobeser.com/index.php/publications/news?start=280,"June, 2020",2020-06,month,200,correcto,https://www.vonwobeser.com/index.php/publication?p_id=1299,,1,legacy_id,1299,,de76050c-3f1d-4610-9f59-90525522a0e4,update-suspension-of-legal-terms-for-the-semarnat-and-enabling-of-business-days--2,news,2020-06-01,date_match
en:1297,en,news,1297,Update: Suspension of legal terms for the Federal Ministry of Energy and the Energy Regulatory Commission,https://www.vonwobeser.com/index.php/publication?p_id=1297,https://www.vonwobeser.com/index.php/publications/news?start=290,"June, 2020",2020-06,month,200,correcto,https://www.vonwobeser.com/index.php/publication?p_id=1297,,1,legacy_id,1297,,96a7af61-be88-4ab9-8e3d-5a6a4fcf3462,update-suspension-of-legal-terms-for-the-federal-ministry-of-energy-and-the-ener,news,2020-06-01,date_match
en:1295,en,news,1295,Extension of the suspension of the activities and terms of the Mexican Institute of Industrial Property,https://www.vonwobeser.com/index.php/publication?p_id=1295,https://www.vonwobeser.com/index.php/publications/news?start=290,"June, 2020",2020-06,month,200,correcto,https://www.vonwobeser.com/index.php/publication?p_id=1295,,1,legacy_id,1295,,54e4d141-3e62-4132-8130-4d16f6b76f79,extension-of-the-suspension-of-the-activities-and-terms-of-the-mexican-institute,news,2020-06-01,date_match
en:1293,en,news,1293,Publication of the Specific Technical Guidelines for the Reopening of Economic Activities,https://www.vonwobeser.com/index.php/publication?p_id=1293,https://www.vonwobeser.com/index.php/publications/news?start=290,"May, 2020",2020-05,month,200,correcto,https://www.vonwobeser.com/index.php/publication?p_id=1293,,1,legacy_id,1293,,e3af9dd5-51d0-4f26-8291-3c8d03138d02,publication-of-the-specific-technical-guidelines-for-the-reopening-of-economic-a,news,2020-05-01,date_match
en:1291,en,news,1291,Business days and hours are established for obtaining and renewing the Environmental Certificate and Certification of New Vehicles or new vehicles in plant,https://www.vonwobeser.com/index.php/publication?p_id=1291,https://www.vonwobeser.com/index.php/publications/news?start=290,"May, 2020",2020-05,month,200,correcto,https://www.vonwobeser.com/index.php/publication?p_id=1291,,1,legacy_id,1291,,92bf4e95-7b03-4c95-ab38-4de425e73f79,business-days-and-hours-are-established-for-obtaining-and-renewing-the-environme,news,2020-05-01,date_match
en:1289,en,news,1289,Update: Suspension of legal terms and deadlines for the Mexican Energy Control Center,https://www.vonwobeser.com/index.php/publication?p_id=1289,https://www.vonwobeser.com/index.php/publications/news?start=330,"April, 2020",2020-04,month,200,correcto,https://www.vonwobeser.com/index.php/publication?p_id=1289,,1,legacy_id,1289,,841e1b7f-eb58-4ad6-b999-c23bfb6234cc,update-suspension-of-legal-terms-and-deadlines-for-the-mexican-energy-control-ce,news,2020-04-01,date_match
en:1285,en,news,1285,Landmark PPA transaction in Mexico’s developing Wholesale Electrical Market,https://www.vonwobeser.com/index.php/publication?p_id=1285,https://www.vonwobeser.com/index.php/publications/news?start=300,"May, 2020",2020-05,month,200,correcto,https://www.vonwobeser.com/index.php/publication?p_id=1285,,1,legacy_id,1285,,e1ab7a99-e4d8-42fc-966f-4c3ede8de663,landmark-ppa-transaction-in-mexico-s-developing-wholesale-electrical-market,news,2020-05-01,date_match
en:1283,en,news,1283,Update: Resolution regarding the information and the electronic means required to comply with antimoney laundering obligations,https://www.vonwobeser.com/index.php/publication?p_id=1283,https://www.vonwobeser.com/index.php/publications/news?start=290,"May, 2020",2020-05,month,200,correcto,https://www.vonwobeser.com/index.php/publication?p_id=1283,,1,legacy_id,1283,,969aa35d-4e44-4cf6-84af-52626b226af9,update-resolution-regarding-the-information-and-the-electronic-means-required-to,news,2020-05-01,date_match
en:1281,en,news,1281,Virtual Arbitration Hearings: A View Across Institutional Rules,https://www.vonwobeser.com/index.php/publication?p_id=1281,https://www.vonwobeser.com/index.php/publications/news?start=290,"May, 2020",2020-05,month,200,correcto,https://www.vonwobeser.com/index.php/publication?p_id=1281,,1,legacy_id,1281,,d67265f2-d54d-4260-9241-22e3d67bf060,virtual-arbitration-hearings-a-view-across-institutional-rules,news,2020-05-01,date_match
en:1279,en,news,1279,Technical Guidelines on Health Safety in the Work Environment,https://www.vonwobeser.com/index.php/publication?p_id=1279,https://www.vonwobeser.com/index.php/publications/news?start=290,"May, 2020",2020-05,month,200,correcto,https://www.vonwobeser.com/index.php/publication?p_id=1279,,1,legacy_id,1279,,eb2926ed-5f0a-4f37-80e6-c51ab1426907,technical-guidelines-on-health-safety-in-the-work-environment,news,2020-05-01,date_match
en:1277,en,news,1277,Ministry of Energy imposes limits on the development of renewable energies and opens the possibility of filing defense mechanisms,https://www.vonwobeser.com/index.php/publication?p_id=1277,https://www.vonwobeser.com/index.php/publications/news?start=300,"May, 2020",2020-05,month,200,correcto,https://www.vonwobeser.com/index.php/publication?p_id=1277,,1,legacy_id,1277,,eaec2e39-e62c-46f8-bed5-c78cea5f2c0c,ministry-of-energy-imposes-limits-on-the-development-of-renewable-energies-and-o,news,2020-05-01,date_match
en:1275,en,news,1275,"The resumption of essential activities consisting of the manufacturing of trasportation equipment, mining and construction is clarified",https://www.vonwobeser.com/index.php/publication?p_id=1275,https://www.vonwobeser.com/index.php/publications/news?start=300,"May, 2020",2020-05,month,200,correcto,https://www.vonwobeser.com/index.php/publication?p_id=1275,,1,legacy_id,1275,,021090e7-0ca9-4cd1-8264-2684f91c24f9,the-resumption-of-essential-activities-consisting-of-the-manufacturing-of-traspo,news,2020-05-01,date_match
en:1273,en,news,1273,Normative criterion on the withholding of 6% of the Value Added Tax in the case of certain services,https://www.vonwobeser.com/index.php/publication?p_id=1273,https://www.vonwobeser.com/index.php/publications/news?start=300,"May, 2020",2020-05,month,200,correcto,https://www.vonwobeser.com/index.php/publication?p_id=1273,,1,legacy_id,1273,,d8996d4d-b16f-4251-8cdd-ce353e0b79be,normative-criterion-on-the-withholding-of-6-of-the-value-added-tax-in-the-case-o,news,2020-05-01,date_match
en:1271,en,news,1271,"The manufacturing of transportation equipment, mining and construction are included as essential activities",https://www.vonwobeser.com/index.php/publication?p_id=1271,https://www.vonwobeser.com/index.php/publications/news?start=300,"May, 2020",2020-05,month,200,correcto,https://www.vonwobeser.com/index.php/publication?p_id=1271,,1,legacy_id,1271,,e71456bb-60d2-485f-9723-deb43f85c579,the-manufacturing-of-transportation-equipment-mining-and-construction-are-includ,news,2020-05-01,date_match
en:1269,en,news,1269,Publication of the First Resolution of Modifications to the Omnibus Tax Bill for 2020,https://www.vonwobeser.com/index.php/publication?p_id=1269,https://www.vonwobeser.com/index.php/publications/news?start=300,"May, 2020",2020-05,month,200,correcto,https://www.vonwobeser.com/index.php/publication?p_id=1269,,1,legacy_id,1269,,2a1f47e5-5e70-4470-a19e-32f8609341ad,publication-of-the-first-resolution-of-modifications-to-the-omnibus-tax-bill-for,news,2020-05-01,date_match
en:1267,en,news,1267,Making use of Commercial Arbitration in COVID-19 Times,https://www.vonwobeser.com/index.php/publication?p_id=1267,https://www.vonwobeser.com/index.php/publications/news?start=300,"May, 2020",2020-05,month,200,correcto,https://www.vonwobeser.com/index.php/publication?p_id=1267,,1,legacy_id,1267,,b65fb9f5-aa06-4cb2-aee9-b1d0ccc54bd9,making-use-of-commercial-arbitration-in-covid-19-times,news,2020-05-01,date_match
en:1266,en,news,1266,"CENACE suspends preoperative tests and imposes limits to the transmission of solar and wind power plants, opening the door for the affected companies to initiate defense mechanisms",https://www.vonwobeser.com/index.php/publication?p_id=1266,https://www.vonwobeser.com/index.php/publications/news?start=300,"May, 2020",2020-05,month,200,correcto,https://www.vonwobeser.com/index.php/publication?p_id=1266,,1,legacy_id,1266,,058aa8d0-003a-4f25-abea-feb0feeac644,cenace-suspends-preoperative-tests-and-imposes-limits-to-the-transmission-of-sol,news,2020-05-01,date_match
en:1263,en,news,1263,Suspension of time periods and legal terms of the Tax Administration Service,https://www.vonwobeser.com/index.php/publication?p_id=1263,https://www.vonwobeser.com/index.php/publications/news?start=300,"May, 2020",2020-05,month,200,correcto,https://www.vonwobeser.com/index.php/publication?p_id=1263,,1,legacy_id,1263,,0f29ff45-8fcd-4bb7-b087-cc5923a194e9,suspension-of-time-periods-and-legal-terms-of-the-tax-administration-service,news,2020-05-01,date_match
en:1261,en,news,1261,"Update: Suspension of legal terms and deadlines for the Federal Ministry of Energy, the Federal Energy Regulatory Commission and the Mexican Energy Control Center",https://www.vonwobeser.com/index.php/publication?p_id=1261,https://www.vonwobeser.com/index.php/publications/news?start=310,"April, 2020",2020-04,month,200,correcto,https://www.vonwobeser.com/index.php/publication?p_id=1261,,1,legacy_id,1261,,45d87e8d-d83c-4b53-8fef-ad769ba3babe,update-suspension-of-legal-terms-and-deadlines-for-the-federal-ministry-of-energ-2,news,2020-04-01,date_match
en:1259,en,news,1259,Update: Second extension of the suspension of time periods for the National Hydrocarbons Commission,https://www.vonwobeser.com/index.php/publication?p_id=1259,https://www.vonwobeser.com/index.php/publications/news?start=300,"May, 2020",2020-05,month,200,correcto,https://www.vonwobeser.com/index.php/publication?p_id=1259,,1,legacy_id,1259,,14302ada-e490-4154-8f37-0e3a6b6eab6f,update-second-extension-of-the-suspension-of-time-periods-for-the-national-hydro,news,2020-05-01,date_match
en:1257,en,news,1257,Update: Suspension of legal terms for the SEMARNAT and enabling of business days and hours for the ASEA,https://www.vonwobeser.com/index.php/publication?p_id=1257,https://www.vonwobeser.com/index.php/publications/news?start=310,"May, 2020",2020-05,month,200,correcto,https://www.vonwobeser.com/index.php/publication?p_id=1257,,1,legacy_id,1257,,36964be4-a117-4598-9293-55b82f8ed7cd,update-suspension-of-legal-terms-for-the-semarnat-and-enabling-of-business-days-,news,2020-05-01,date_match
en:1255,en,news,1255,Criteria for qualifying COVID-19 as an occupational illness,https://www.vonwobeser.com/index.php/publication?p_id=1255,https://www.vonwobeser.com/index.php/publications/news?start=310,"May, 2020",2020-05,month,200,correcto,https://www.vonwobeser.com/index.php/publication?p_id=1255,,1,legacy_id,1255,,9b696017-1d44-4589-aa39-86432bbd37e3,criteria-for-qualifying-covid-19-as-an-occupational-illness,news,2020-05-01,date_match
en:1253,en,news,1253,Extension of the suspension in the activities and terms of the Mexican Copyright Institute,https://www.vonwobeser.com/index.php/publication?p_id=1253,https://www.vonwobeser.com/index.php/publications/news?start=310,"May, 2020",2020-05,month,200,correcto,https://www.vonwobeser.com/index.php/publication?p_id=1253,,1,legacy_id,1253,,56121afe-b739-452a-977d-9da3cb17afa3,extension-of-the-suspension-in-the-activities-and-terms-of-the-mexican-copyright,news,2020-05-01,date_match
en:1251,en,news,1251,Surviving COVID-19 A Guide for Directors and Corporate Managers,https://www.vonwobeser.com/index.php/publication?p_id=1251,https://www.vonwobeser.com/index.php/publications/news?start=310,"April, 2020",2020-04,month,200,correcto,https://www.vonwobeser.com/index.php/publication?p_id=1251,,1,legacy_id,1251,,de40a52d-f17a-4b5f-8554-2cab54a7f7ff,surviving-covid-19-a-guide-for-directors-and-corporate-managers,news,2020-04-01,date_match
en:1249,en,news,1249,The CJF considers commercial insolvency injunctions as “urgent matters”,https://www.vonwobeser.com/index.php/publication?p_id=1249,https://www.vonwobeser.com/index.php/publications/news?start=310,"April, 2020",2020-04,month,200,correcto,https://www.vonwobeser.com/index.php/publication?p_id=1249,,1,legacy_id,1249,,df3f3580-3daf-4d44-ab3e-25aaa8af4bf5,the-cjf-considers-commercial-insolvency-injunctions-as-urgent-matters,news,2020-04-01,date_match
en:1247,en,news,1247,Third extension of the suspension in the activities of the Mexican Antitrust Commission and its procedures,https://www.vonwobeser.com/index.php/publication?p_id=1247,https://www.vonwobeser.com/index.php/publications/news?start=310,"April, 2020",2020-04,month,200,correcto,https://www.vonwobeser.com/index.php/publication?p_id=1247,,1,legacy_id,1247,,19f47284-c72a-4106-9041-3cbb396d75b3,third-extension-of-the-suspension-in-the-activities-of-the-mexican-antitrust-com,news,2020-04-01,date_match
en:1245,en,news,1245,Mexican Central Bank´s Measures to Promote Liquidity in the Financial Market in the context of the COVID-19 Pandemic,https://www.vonwobeser.com/index.php/publication?p_id=1245,https://www.vonwobeser.com/index.php/publications/news?start=310,"April, 2020",2020-04,month,200,correcto,https://www.vonwobeser.com/index.php/publication?p_id=1245,,1,legacy_id,1245,,86f2eae5-634e-4a56-9e7c-4cfead9e9148,mexican-central-bank-s-measures-to-promote-liquidity-in-the-financial-market-in-,news,2020-04-01,date_match
en:1243,en,news,1243,"The USMCA will enter into force on July 1, 2020",https://www.vonwobeser.com/index.php/publication?p_id=1243,https://www.vonwobeser.com/index.php/publications/news?start=320,"April, 2020",2020-04,month,200,correcto,https://www.vonwobeser.com/index.php/publication?p_id=1243,,1,legacy_id,1243,,6195ddf6-cbc8-49ff-b378-50c2eb7e236b,the-usmca-will-enter-into-force-on-july-1-2020,news,2020-04-01,date_match
en:1241,en,news,1241,Labor inspections and alternatives from a labor perspective for confronting the health emergency generated by the SARS-CoV2 (COVID-19) virus,https://www.vonwobeser.com/index.php/publication?p_id=1241,https://www.vonwobeser.com/index.php/publications/news?start=320,"April, 2020",2020-04,month,200,correcto,https://www.vonwobeser.com/index.php/publication?p_id=1241,,1,legacy_id,1241,,15f55b80-9d78-42f3-84aa-15bd01da3395,labor-inspections-and-alternatives-from-a-labor-perspective-for-confronting-the-,news,2020-04-01,date_match
en:1239,en,news,1239,The application of the extraordinary actions adopted against the SARS-CoV2 virus (COVID-19) is modified,https://www.vonwobeser.com/index.php/publication?p_id=1239,https://www.vonwobeser.com/index.php/publications/news?start=320,"April, 2020",2020-04,month,200,correcto,https://www.vonwobeser.com/index.php/publication?p_id=1239,,1,legacy_id,1239,,4ac0de2d-3b19-4553-b66d-cccef1b24035,the-application-of-the-extraordinary-actions-adopted-against-the-sars-cov2-virus,news,2020-04-01,date_match
en:1237,en,news,1237,Decree granting tax benefits,https://www.vonwobeser.com/index.php/publication?p_id=1237,https://www.vonwobeser.com/index.php/publications/news?start=320,"April, 2020",2020-04,month,200,correcto,https://www.vonwobeser.com/index.php/publication?p_id=1237,,1,legacy_id,1237,,dafced76-14be-47c6-988a-9f5d9fc5b5a4,decree-granting-tax-benefits,news,2020-04-01,date_match
en:1235,en,news,1235,New official communications regarding the extension of the suspension of terms and activities of authorities related to Intellectual Property matters,https://www.vonwobeser.com/index.php/publication?p_id=1235,https://www.vonwobeser.com/index.php/publications/news?start=320,"April, 2020",2020-04,month,200,correcto,https://www.vonwobeser.com/index.php/publication?p_id=1235,,1,legacy_id,1235,,58db349f-5478-4ab6-b9ed-85d493d3157d,new-official-communications-regarding-the-extension-of-the-suspension-of-terms-a,news,2020-04-01,date_match
en:1233,en,news,1233,Update: Suspension of legal terms and deadlines for the Federal Ministry of Energy,https://www.vonwobeser.com/index.php/publication?p_id=1233,https://www.vonwobeser.com/index.php/publications/news?start=320,"April, 2020",2020-04,month,200,correcto,https://www.vonwobeser.com/index.php/publication?p_id=1233,,1,legacy_id,1233,,7b91a9e5-3944-4738-8922-6bf89445deb4,update-suspension-of-legal-terms-and-deadlines-for-the-federal-ministry-of-energ,news,2020-04-01,date_match
en:1231,en,news,1231,Update: Extension of the suspension of time periods for the National Hydrocarbons Commission,https://www.vonwobeser.com/index.php/publication?p_id=1231,https://www.vonwobeser.com/index.php/publications/news?start=320,"April, 2020",2020-04,month,200,correcto,https://www.vonwobeser.com/index.php/publication?p_id=1231,,1,legacy_id,1231,,5bc11ab0-abdc-4345-a966-baa3386e9407,update-extension-of-the-suspension-of-time-periods-for-the-national-hydrocarbons,news,2020-04-01,date_match
en:1229,en,news,1229,The period for issuing legislation on Cannabis is extended,https://www.vonwobeser.com/index.php/publication?p_id=1229,https://www.vonwobeser.com/index.php/publications/news?start=320,"April, 2020",2020-04,month,200,correcto,https://www.vonwobeser.com/index.php/publication?p_id=1229,,1,legacy_id,1229,,e60ddc92-fb6f-4b90-a263-9e3032a04efc,the-period-for-issuing-legislation-on-cannabis-is-extended,news,2020-04-01,date_match
en:1227,en,news,1227,"Update: Suspension of legal terms and time periods, as well as enabling of business days and hours for the Federal Ministry of Environment and Natural Resources",https://www.vonwobeser.com/index.php/publication?p_id=1227,https://www.vonwobeser.com/index.php/publications/news?start=320,"April, 2020",2020-04,month,200,correcto,https://www.vonwobeser.com/index.php/publication?p_id=1227,,1,legacy_id,1227,,c7aca5a7-90aa-49f3-9455-27a8e4b81460,update-suspension-of-legal-terms-and-time-periods-as-well-as-enabling-of-busines,news,2020-04-01,date_match
en:1225,en,news,1225,The impact of COVID-19 on leases,https://www.vonwobeser.com/index.php/publication?p_id=1225,https://www.vonwobeser.com/index.php/publications/news?start=320,"April, 2020",2020-04,month,200,correcto,https://www.vonwobeser.com/index.php/publication?p_id=1225,,1,legacy_id,1225,,8cd65686-0d45-4f03-aa51-31e095dfea34,the-impact-of-covid-19-on-leases,news,2020-04-01,date_match
en:1223,en,news,1223,Extension of the suspension in the activities of the Mexican Antitrust Commission and its procedures,https://www.vonwobeser.com/index.php/publication?p_id=1223,https://www.vonwobeser.com/index.php/publications/news?start=330,"April, 2020",2020-04,month,200,correcto,https://www.vonwobeser.com/index.php/publication?p_id=1223,,1,legacy_id,1223,,9a539cb9-47c7-428c-9ad1-95ce86bfe4d7,extension-of-the-suspension-in-the-activities-of-the-mexican-antitrust-commissio,news,2020-04-01,date_match
en:1221,en,news,1221,The Mexican Social Security Institute informs the legal and administrative instruments available to ease the payment of social security dues,https://www.vonwobeser.com/index.php/publication?p_id=1221,https://www.vonwobeser.com/index.php/publications/news?start=330,"April, 2020",2020-04,month,200,correcto,https://www.vonwobeser.com/index.php/publication?p_id=1221,,1,legacy_id,1221,,6c6e2084-821e-4b28-b4ed-161303d5d307,the-mexican-social-security-institute-informs-the-legal-and-administrative-instr,news,2020-04-01,date_match
en:1218,en,news,1218,Analysis of the administrative eases and tax incentives granted by several States of the Republic,https://www.vonwobeser.com/index.php/publication?p_id=1218,https://www.vonwobeser.com/index.php/publications/news?start=330,"April, 2020",2020-04,month,200,correcto,https://www.vonwobeser.com/index.php/publication?p_id=1218,,1,legacy_id,1218,,43fe2fa9-3434-4f72-ab9c-333e13d1c16f,analysis-of-the-administrative-eases-and-tax-incentives-granted-by-several-state,news,2020-04-01,date_match
en:1216,en,news,1216,Economic aid and/or federal and state tax relief in response to COVID-19,https://www.vonwobeser.com/index.php/publication?p_id=1216,https://www.vonwobeser.com/index.php/publications/news?start=330,"April, 2020",2020-04,month,200,correcto,https://www.vonwobeser.com/index.php/publication?p_id=1216,,1,legacy_id,1216,,5896efd9-6c12-4d86-a97d-36369eee5547,economic-aid-and-or-federal-and-state-tax-relief-in-response-to-covid-19,news,2020-04-01,date_match
en:1215,en,news,1215,Legal Guide Regarding the Impacts of COVID-19.,https://www.vonwobeser.com/index.php/publication?p_id=1215,https://www.vonwobeser.com/index.php/publications/news?start=330,"April, 2020",2020-04,month,200,correcto,https://www.vonwobeser.com/index.php/publication?p_id=1215,,1,legacy_id,1215,,70e34593-535f-456e-8bbd-015d8616652e,legal-guide-regarding-the-impacts-of-covid-19,news,2020-04-01,date_match
en:1212,en,news,1212,Injunction granted in the amparo proceeding in relation to the powers of the Federal Executive contemplated by article 39 of the Federal Tax Code,https://www.vonwobeser.com/index.php/publication?p_id=1212,https://www.vonwobeser.com/index.php/publications/news?start=330,"April, 2020",2020-04,month,200,correcto,https://www.vonwobeser.com/index.php/publication?p_id=1212,,1,legacy_id,1212,,1a5c5c49-9f39-420b-8c67-2b5d67d5b572,injunction-granted-in-the-amparo-proceeding-in-relation-to-the-powers-of-the-fed,news,2020-04-01,date_match
en:1210,en,news,1210,Essential activities regulated and supervised by the Ministry of Communications and Transportation are identified,https://www.vonwobeser.com/index.php/publication?p_id=1210,https://www.vonwobeser.com/index.php/publications/news?start=330,"April, 2020",2020-04,month,200,correcto,https://www.vonwobeser.com/index.php/publication?p_id=1210,,1,legacy_id,1210,,a355d018-ea01-44c6-80d3-7086ef67c1d9,essential-activities-regulated-and-supervised-by-the-ministry-of-communications-,news,2020-04-01,date_match
en:1208,en,news,1208,Business days and hours are enabled for acts and procedures of the Federal Ministry of Environment and Natural Resources,https://www.vonwobeser.com/index.php/publication?p_id=1208,https://www.vonwobeser.com/index.php/publications/news?start=330,"April, 2020",2020-04,month,200,correcto,https://www.vonwobeser.com/index.php/publication?p_id=1208,,1,legacy_id,1208,,47b56fc2-b76c-4d18-856c-e516d8d1c5fb,business-days-and-hours-are-enabled-for-acts-and-procedures-of-the-federal-minis,news,2020-04-01,date_match
en:1206,en,news,1206,Criteria applicable for labor extraordinary inspections during the contingency provoked by the presence of the COVID-19 virus,https://www.vonwobeser.com/index.php/publication?p_id=1206,https://www.vonwobeser.com/index.php/publications/news?start=330,"April, 2020",2020-04,month,200,correcto,https://www.vonwobeser.com/index.php/publication?p_id=1206,,1,legacy_id,1206,,0a404fb4-3577-4020-bece-ca532597252a,criteria-applicable-for-labor-extraordinary-inspections-during-the-contingency-p,news,2020-04-01,date_match
en:1204,en,news,1204,Update: Suspension of legal terms for the Energy Regulatory Commission,https://www.vonwobeser.com/index.php/publication?p_id=1204,https://www.vonwobeser.com/index.php/publications/news?start=340,"April, 2020",2020-04,month,200,correcto,https://www.vonwobeser.com/index.php/publication?p_id=1204,,1,legacy_id,1204,,32347784-9f1b-4fe8-977a-920ddc06f7ec,update-suspension-of-legal-terms-for-the-energy-regulatory-commission,news,2020-04-01,date_match
en:1202,en,news,1202,The scope of certain activities not subject to suspension is specified,https://www.vonwobeser.com/index.php/publication?p_id=1202,https://www.vonwobeser.com/index.php/publications/news?start=340,"April, 2020",2020-04,month,200,correcto,https://www.vonwobeser.com/index.php/publication?p_id=1202,,1,legacy_id,1202,,538eec2a-0132-4b51-bc98-6f5f6c1b3fe8,the-scope-of-certain-activities-not-subject-to-suspension-is-specified,news,2020-04-01,date_match
en:1200,en,news,1200,Restructuring in COVID-19 times,https://www.vonwobeser.com/index.php/publication?p_id=1200,https://www.vonwobeser.com/index.php/publications/news?start=340,"April, 2020",2020-04,month,200,correcto,https://www.vonwobeser.com/index.php/publication?p_id=1200,,1,legacy_id,1200,,8c0628f2-35db-48e7-8717-a97f19d80634,restructuring-in-covid-19-times,news,2020-04-01,date_match
en:1198,en,news,1198,"Regulations are eased in the public sector purchase and import of medicines, equipment and medical products necessary to fight COVID-19",https://www.vonwobeser.com/index.php/publication?p_id=1198,https://www.vonwobeser.com/index.php/publications/news?start=340,"April, 2020",2020-04,month,200,correcto,https://www.vonwobeser.com/index.php/publication?p_id=1198,,1,legacy_id,1198,,4b33a232-388d-4b72-841e-08c515c481e3,regulations-are-eased-in-the-public-sector-purchase-and-import-of-medicines-equi,news,2020-04-01,date_match
en:1194,en,news,1194,Suspension of terms and deadlines for the Mexican Energy Control Center,https://www.vonwobeser.com/index.php/publication?p_id=1194,https://www.vonwobeser.com/index.php/publications/news?start=340,"April, 2020",2020-04,month,200,correcto,https://www.vonwobeser.com/index.php/publication?p_id=1194,,1,legacy_id,1194,,88a32d14-2c01-458e-8c20-20ca61150136,suspension-of-terms-and-deadlines-for-the-mexican-energy-control-center,news,2020-04-01,date_match
en:1192,en,news,1192,Additional extraordinary measures are adopted by the Health Ministry to confront the COVID-19 disease,https://www.vonwobeser.com/index.php/publication?p_id=1192,https://www.vonwobeser.com/index.php/publications/news?start=340,"April, 2020",2020-04,month,200,correcto,https://www.vonwobeser.com/index.php/publication?p_id=1192,,1,legacy_id,1192,,b5d045e1-be80-461f-9446-dbfd388e09de,additional-extraordinary-measures-are-adopted-by-the-health-ministry-to-confront,news,2020-04-01,date_match
en:1190,en,news,1190,Regulatory impact in food and beverages,https://www.vonwobeser.com/index.php/publication?p_id=1190,https://www.vonwobeser.com/index.php/publications/news?start=340,"April, 2020",2020-04,month,200,correcto,https://www.vonwobeser.com/index.php/publication?p_id=1190,,1,legacy_id,1190,,542ab1d1-6bf2-4737-8523-72d19c17cdad,regulatory-impact-in-food-and-beverages,news,2020-04-01,date_match
en:1188,en,news,1188,The IMPI issued a new statement announcing the suspension of activities,https://www.vonwobeser.com/index.php/publication?p_id=1188,https://www.vonwobeser.com/index.php/publications/news?start=340,"April, 2020",2020-04,month,200,correcto,https://www.vonwobeser.com/index.php/publication?p_id=1188,,1,legacy_id,1188,,28f04e2a-2d53-47ee-a0e7-066ccbe9be71,the-impi-issued-a-new-statement-announcing-the-suspension-of-activities,news,2020-04-01,date_match
en:1186,en,news,1186,Additional extraordinary measures are adopted to confront the COVID-19 disease,https://www.vonwobeser.com/index.php/publication?p_id=1186,https://www.vonwobeser.com/index.php/publications/news?start=340,"March, 2020",2020-03,month,200,correcto,https://www.vonwobeser.com/index.php/publication?p_id=1186,,1,legacy_id,1186,,e58b5baf-667a-42a4-af18-fe1bfe1f32b8,additional-extraordinary-measures-are-adopted-to-confront-the-covid-19-disease,news,2020-03-01,date_match
en:1184,en,news,1184,New Standard Provision for Labeling food and non-alcoholic beverages (NOM-051-SCFI/SSA1-2010),https://www.vonwobeser.com/index.php/publication?p_id=1184,https://www.vonwobeser.com/index.php/publications/news?start=350,"March, 2020",2020-03,month,200,correcto,https://www.vonwobeser.com/index.php/publication?p_id=1184,,1,legacy_id,1184,,49866f61-7379-4fad-9825-d246b6ccd4e9,new-standard-provision-for-labeling-food-and-non-alcoholic-beverages-nom-051-scf,news,2020-03-01,date_match
en:1182,en,news,1182,Measures to maintain Foreign Trade procedures operating,https://www.vonwobeser.com/index.php/publication?p_id=1182,https://www.vonwobeser.com/index.php/publications/news?start=350,"March, 2020",2020-03,month,200,correcto,https://www.vonwobeser.com/index.php/publication?p_id=1182,,1,legacy_id,1182,,dede8b18-0ace-472f-afda-094f64905c85,measures-to-maintain-foreign-trade-procedures-operating,news,2020-03-01,date_match
en:1180,en,news,1180,Update: Suspension of legal terms for the Federal Ministry of Energy,https://www.vonwobeser.com/index.php/publication?p_id=1180,https://www.vonwobeser.com/index.php/publications/news?start=350,"March, 2020",2020-03,month,200,correcto,https://www.vonwobeser.com/index.php/publication?p_id=1180,,1,legacy_id,1180,,d5a18fb4-5205-4bc0-97f8-3377f23c2ba9,update-suspension-of-legal-terms-for-the-federal-ministry-of-energy,news,2020-03-01,date_match
en:1178,en,news,1178,Suspension of legal terms for federal energy and environmental authorities,https://www.vonwobeser.com/index.php/publication?p_id=1178,https://www.vonwobeser.com/index.php/publications/news?start=350,"March, 2020",2020-03,month,200,correcto,https://www.vonwobeser.com/index.php/publication?p_id=1178,,1,legacy_id,1178,,e440ea5d-41ab-48a8-bf6c-bfba3c37e47a,suspension-of-legal-terms-for-federal-energy-and-environmental-authorities,news,2020-03-01,date_match
en:1176,en,news,1176,The Ministry of Health announces measures to confront the COVID-19 contingency,https://www.vonwobeser.com/index.php/publication?p_id=1176,https://www.vonwobeser.com/index.php/publications/news?start=350,"March, 2020",2020-03,month,200,correcto,https://www.vonwobeser.com/index.php/publication?p_id=1176,,1,legacy_id,1176,,965d2f07-d696-45c1-824c-5f757d2a993a,the-ministry-of-health-announces-measures-to-confront-the-covid-19-contingency,news,2020-03-01,date_match
en:1174,en,news,1174,"IMPI’s decree dated March 23, 2020",https://www.vonwobeser.com/index.php/publication?p_id=1174,https://www.vonwobeser.com/index.php/publications/news?start=350,"March, 2020",2020-03,month,200,correcto,https://www.vonwobeser.com/index.php/publication?p_id=1174,,1,legacy_id,1174,,f8e86375-cdde-4d38-9fad-7dcdaf040ddd,impi-s-decree-dated-march-23-2020,news,2020-03-01,date_match
en:1172,en,news,1172,Declaration of the COVID-19 pandemic as a serious illness and advanced response measures,https://www.vonwobeser.com/index.php/publication?p_id=1172,https://www.vonwobeser.com/index.php/publications/news?start=350,"March, 2020",2020-03,month,200,correcto,https://www.vonwobeser.com/index.php/publication?p_id=1172,,1,legacy_id,1172,,8973b37c-4f7d-4a6f-a733-908b04bc902d,declaration-of-the-covid-19-pandemic-as-a-serious-illness-and-advanced-response-,news,2020-03-01,date_match
en:1170,en,news,1170,"COVID-19 impact on companies, performance of contracts and other obligations in Mexico",https://www.vonwobeser.com/index.php/publication?p_id=1170,https://www.vonwobeser.com/index.php/publications/news?start=350,"March, 2020",2020-03,month,200,correcto,https://www.vonwobeser.com/index.php/publication?p_id=1170,,1,legacy_id,1170,,32cb3f31-02a8-4a86-a895-7c59f112211c,covid-19-impact-on-companies-performance-of-contracts-and-other-obligations-in-m,news,2020-03-01,date_match
en:1168,en,news,1168,Revised Notice. Impact of the COVID-19 in the activities of the Mexican Antitrust Commission and its procedures,https://www.vonwobeser.com/index.php/publication?p_id=1168,https://www.vonwobeser.com/index.php/publications/news?start=350,"March, 2020",2020-03,month,200,correcto,https://www.vonwobeser.com/index.php/publication?p_id=1168,,1,legacy_id,1168,,fc510b73-7953-4c33-b63a-9b0feb2abc97,revised-notice-impact-of-the-covid-19-in-the-activities-of-the-mexican-antitrust,news,2020-03-01,date_match
en:1166,en,news,1166,Suspension of terms and deadlines for Mexico City’s Public Administration,https://www.vonwobeser.com/index.php/publication?p_id=1166,https://www.vonwobeser.com/index.php/publications/news?start=360,"March, 2020",2020-03,month,200,correcto,https://www.vonwobeser.com/index.php/publication?p_id=1166,,1,legacy_id,1166,,347cfebf-4ebe-4d54-9c8c-dfd5e89fd57c,suspension-of-terms-and-deadlines-for-mexico-city-s-public-administration,news,2020-03-01,date_match
en:1164,en,news,1164,COVID-19: IP Mexican authorities suspension of procedural terms,https://www.vonwobeser.com/index.php/publication?p_id=1164,https://www.vonwobeser.com/index.php/publications/news?start=350,"March, 2020",2020-03,month,200,correcto,https://www.vonwobeser.com/index.php/publication?p_id=1164,,1,legacy_id,1164,,a4ee2565-fea3-439a-ac50-f5f0ed0a072d,covid-19-ip-mexican-authorities-suspension-of-procedural-terms,news,2020-03-01,date_match
en:1162,en,news,1162,Impacts of the COVID-19 in the activities of the Mexican Antitrust Commission and its procedures,https://www.vonwobeser.com/index.php/publication?p_id=1162,https://www.vonwobeser.com/index.php/publications/news?start=360,"March, 2020",2020-03,month,200,correcto,https://www.vonwobeser.com/index.php/publication?p_id=1162,,1,legacy_id,1162,,0b14e8c3-b2f6-4706-b4a4-fd9d65167f4f,impacts-of-the-covid-19-in-the-activities-of-the-mexican-antitrust-commission-an,news,2020-03-01,date_match
en:1160,en,news,1160,Entry into force of the USMCA is drawing nearer,https://www.vonwobeser.com/index.php/publication?p_id=1160,https://www.vonwobeser.com/index.php/publications/news?start=360,"March, 2020",2020-03,month,200,correcto,https://www.vonwobeser.com/index.php/publication?p_id=1160,,1,legacy_id,1160,,e9f96f27-c13e-47e3-a53e-a111e0b23e5d,entry-into-force-of-the-usmca-is-drawing-nearer,news,2020-03-01,date_match
en:1158,en,news,1158,VWyS’s response to COVID-19,https://www.vonwobeser.com/index.php/publication?p_id=1158,https://www.vonwobeser.com/index.php/publications/news?start=360,"March, 2020",2020-03,month,200,correcto,https://www.vonwobeser.com/index.php/publication?p_id=1158,,1,legacy_id,1158,,def8dd86-7dbb-4d46-8d60-6c5e98a2a6b0,vwys-s-response-to-covid-19,news,2020-03-01,date_match
en:1157,en,news,1157,Note on the Regulatory Provisions of the Immunity and Reduction of Sanctions Program,https://www.vonwobeser.com/index.php/publication?p_id=1157,https://www.vonwobeser.com/index.php/publications/news?start=360,"March, 2020",2020-03,month,200,correcto,https://www.vonwobeser.com/index.php/publication?p_id=1157,,1,legacy_id,1157,,8d07f9f3-f0d5-4b76-9583-3806ac0726c7,note-on-the-regulatory-provisions-of-the-immunity-and-reduction-of-sanctions-pro,Competencia Económica,2020-03-01,date_match
en:1154,en,news,1154,Possible labor implications of the COVID-19,https://www.vonwobeser.com/index.php/publication?p_id=1154,https://www.vonwobeser.com/index.php/publications/news?start=360,"March, 2020",2020-03,month,200,correcto,https://www.vonwobeser.com/index.php/publication?p_id=1154,,1,legacy_id,1154,,d1ea0665-e8aa-4974-86dd-7a2b77cf4707,possible-labor-implications-of-the-covid-19,news,2020-03-01,date_match
en:1152,en,news,1152,"Von Wobeser y Sierra, S.C. announces two new Partners and new Of Counsel.",https://www.vonwobeser.com/index.php/publication?p_id=1152,https://www.vonwobeser.com/index.php/publications/news?start=360,"February, 2020",2020-02,month,200,correcto,https://www.vonwobeser.com/index.php/publication?p_id=1152,,1,legacy_id,1152,,da3a39ec-1080-4a0c-bdd9-09ffc5482cd6,von-wobeser-y-sierra-s-c-announces-two-new-partners-and-new-of-counsel,news,2020-02-01,date_match
en:1148,en,news,1148,"Von Wobeser y Sierra, S.C. awarded with “Leading Lights 2019” Accolade",https://www.vonwobeser.com/index.php/publication?p_id=1148,https://www.vonwobeser.com/index.php/publications/news?start=360,"February, 2020",2020-02,month,200,correcto,https://www.vonwobeser.com/index.php/publication?p_id=1148,,1,legacy_id,1148,,68dfa256-dcd6-4dbd-a9cc-2a816bb12c9c,von-wobeser-y-sierra-s-c-awarded-with-leading-lights-2019-accolade,news,2020-02-01,date_match
en:1146,en,news,1146,Amendment proposed to the terms for requesting a change to permits for generation of electricity,https://www.vonwobeser.com/index.php/publication?p_id=1146,https://www.vonwobeser.com/index.php/publications/news?start=360,"February, 2020",2020-02,month,200,correcto,https://www.vonwobeser.com/index.php/publication?p_id=1146,,1,legacy_id,1146,,0e64e851-8151-4075-a85c-2c554173e454,amendment-proposed-to-the-terms-for-requesting-a-change-to-permits-for-generatio,news,2020-02-01,date_match
en:1142,en,news,1142,The Ministry of Energy updates the Transition Strategy to promote the use of cleaner technologies and fuels,https://www.vonwobeser.com/index.php/publication?p_id=1142,https://www.vonwobeser.com/index.php/publications/news?start=360,"February, 2020",2020-02,month,200,correcto,https://www.vonwobeser.com/index.php/publication?p_id=1142,,1,legacy_id,1142,,2d7c3484-fc0c-4cc6-a704-f1cdd25f31bb,the-ministry-of-energy-updates-the-transition-strategy-to-promote-the-use-of-cle,news,2020-02-01,date_match
en:1141,en,news,1141,Senate of the United States of America approves TMEC,https://www.vonwobeser.com/index.php/publication?p_id=1141,https://www.vonwobeser.com/index.php/publications/news?start=370,"February, 2020",2020-02,month,200,correcto,https://www.vonwobeser.com/index.php/publication?p_id=1141,,1,legacy_id,1141,,7de3eb84-3b74-4727-8d5f-a10a40f56f96,senate-of-the-united-states-of-america-approves-tmec,news,2020-02-01,date_match
en:1138,en,news,1138,"Values of the Unit of Measurement and Indexing (UMA for its initials in Spanish) in effect as of February 1, 2020",https://www.vonwobeser.com/index.php/publication?p_id=1138,https://www.vonwobeser.com/index.php/publications/news?start=370,"January, 2020",2020-01,month,200,correcto,https://www.vonwobeser.com/index.php/publication?p_id=1138,,1,legacy_id,1138,,50043fce-9c0a-4ab6-9049-37b6db3294fc,values-of-the-unit-of-measurement-and-indexing-uma-for-its-initials-in-spanish-i,news,2020-01-01,date_match
en:1136,en,news,1136,Federal Conciliation and Labor Registry Center,https://www.vonwobeser.com/index.php/publication?p_id=1136,https://www.vonwobeser.com/index.php/publications/news?start=370,"January, 2020",2020-01,month,200,correcto,https://www.vonwobeser.com/index.php/publication?p_id=1136,,1,legacy_id,1136,,e6a26473-6066-4dcb-8833-3bf082e50b19,federal-conciliation-and-labor-registry-center,news,2020-01-01,date_match
en:1135,en,news,1135,Amendments to tax provisions for 2020,https://www.vonwobeser.com/index.php/publication?p_id=1135,https://www.vonwobeser.com/index.php/publications/news?start=370,"January, 2020",2020-01,month,200,correcto,https://www.vonwobeser.com/index.php/publication?p_id=1135,,1,legacy_id,1135,,a2314380-44b1-4174-ac3a-db86e53d7cf8,amendments-to-tax-provisions-for-2020-2,news,2020-01-01,date_match
en:1132,en,news,1132,Diego Sierra - GRR - Restructuring of the Americas 2020 - Mexico,https://www.vonwobeser.com/index.php/publication?p_id=1132,https://www.vonwobeser.com/index.php/publications/news?start=370,"January, 2020",2020-01,month,200,correcto,https://www.vonwobeser.com/index.php/publication?p_id=1132,,1,legacy_id,1132,,77d09c8f-b4e7-4177-a6b6-f90cb28a6d91,diego-sierra-grr-restructuring-of-the-americas-2020-mexico,news,2020-01-01,date_match
en:1130,en,news,1130,Adrián Magallanes & Diego Sierra - Latin Lawyer Reference Litigation 2020 - Mexico,https://www.vonwobeser.com/index.php/publication?p_id=1130,https://www.vonwobeser.com/index.php/publications/news?start=370,"December, 2019",2019-12,month,200,correcto,https://www.vonwobeser.com/index.php/publication?p_id=1130,,1,legacy_id,1130,,51a5a83d-93c4-4190-b01f-5863a4e18afe,adrian-magallanes-diego-sierra-latin-lawyer-reference-litigation-2020-mexico,news,2019-12-01,date_match
en:1128,en,news,1128,"New minimum wage as of January 1, 2020",https://www.vonwobeser.com/index.php/publication?p_id=1128,https://www.vonwobeser.com/index.php/publications/news?start=370,"December, 2019",2019-12,month,200,correcto,https://www.vonwobeser.com/index.php/publication?p_id=1128,,1,legacy_id,1128,,4bd9ee95-85d9-4039-97dd-bfa715f020f7,new-minimum-wage-as-of-january-1-2020,news,2019-12-01,date_match
en:1126,en,news,1126,Labor dispute settlement mechanism introduced in the T-MEC/USMCA,https://www.vonwobeser.com/index.php/publication?p_id=1126,https://www.vonwobeser.com/index.php/publications/news?start=370,"December, 2019",2019-12,month,200,correcto,https://www.vonwobeser.com/index.php/publication?p_id=1126,,1,legacy_id,1126,,d6e0cedb-4337-4d20-8c70-25560041afff,labor-dispute-settlement-mechanism-introduced-in-the-t-mec-usmca,news,2019-12-01,date_match
en:1124,en,news,1124,Amendments to the USMCA,https://www.vonwobeser.com/index.php/publication?p_id=1124,https://www.vonwobeser.com/index.php/publications/news?start=370,"December, 2019",2019-12,month,200,correcto,https://www.vonwobeser.com/index.php/publication?p_id=1124,,1,legacy_id,1124,,154a3216-59ff-4137-a958-1aa3c419eee5,amendments-to-the-usmca,news,2019-12-01,date_match
en:1122,en,news,1122,Amendments to tax provisions for 2020,https://www.vonwobeser.com/index.php/publication?p_id=1122,https://www.vonwobeser.com/index.php/publications/news?start=370,"December, 2019",2019-12,month,200,correcto,https://www.vonwobeser.com/index.php/publication?p_id=1122,,1,legacy_id,1122,,8e483af6-f444-482b-a73b-0a445ec967cd,amendments-to-tax-provisions-for-2020,news,2019-12-01,date_match
en:1120,en,news,1120,Changes to the Foreign Trade Rules issued by the Ministry of Economy,https://www.vonwobeser.com/index.php/publication?p_id=1120,https://www.vonwobeser.com/index.php/publications/news?start=380,"December, 2019",2019-12,month,200,correcto,https://www.vonwobeser.com/index.php/publication?p_id=1120,,1,legacy_id,1120,,5ed6e0a1-a8d8-4a96-99a7-9b768f40e2a3,changes-to-the-foreign-trade-rules-issued-by-the-ministry-of-economy,news,2019-12-01,date_match
en:1118,en,news,1118,Approval by the Congress of the Union of the Economic Package 2020,https://www.vonwobeser.com/index.php/publication?p_id=1118,https://www.vonwobeser.com/index.php/publications/news?start=380,"November, 2019",2019-11,month,200,correcto,https://www.vonwobeser.com/index.php/publication?p_id=1118,,1,legacy_id,1118,,a3bc7bd4-797b-48bd-aadc-00c072ff2371,approval-by-the-congress-of-the-union-of-the-economic-package-2020,news,2019-11-01,date_match
en:1116,en,news,1116,The guidelines and criteria for granting clean energy certificates were modified by the Ministry of Energy,https://www.vonwobeser.com/index.php/publication?p_id=1116,https://www.vonwobeser.com/index.php/publications/news?start=380,"October, 2019",2019-10,month,200,correcto,https://www.vonwobeser.com/index.php/publication?p_id=1116,,1,legacy_id,1116,,e162431b-3e27-476c-b0a1-b67a77c352a1,the-guidelines-and-criteria-for-granting-clean-energy-certificates-were-modified,news,2019-10-01,date_match
en:1115,en,news,1115,"NOM-035-STPS-2018, psychosocial risk factors at work; identification, analysis and prevention",https://www.vonwobeser.com/index.php/publication?p_id=1115,https://www.vonwobeser.com/index.php/publications/news?start=380,"October, 2019",2019-10,month,200,correcto,https://www.vonwobeser.com/index.php/publication?p_id=1115,,1,legacy_id,1115,,7b58916b-dfd5-477f-9330-34d2b90f3a36,nom-035-stps-2018-psychosocial-risk-factors-at-work-identification-analysis-and-,news,2019-10-01,date_match
en:1113,en,news,1113,New front warning labeling,https://www.vonwobeser.com/index.php/publication?p_id=1113,https://www.vonwobeser.com/index.php/publications/news?start=380,"October, 2019",2019-10,month,200,correcto,https://www.vonwobeser.com/index.php/publication?p_id=1113,,1,legacy_id,1113,,7762143f-d8ee-4fb5-b634-10b0cd649f34,new-front-warning-labeling,news,2019-10-01,date_match
en:1110,en,news,1110,Electronic Payments [Cobro Digital] (CoDi),https://www.vonwobeser.com/index.php/publication?p_id=1110,https://www.vonwobeser.com/index.php/publications/news?start=380,"September, 2019",2019-09,month,200,correcto,https://www.vonwobeser.com/index.php/publication?p_id=1110,,1,legacy_id,1110,,d9d32f28-15f4-4432-9be1-10b3e70b9ad9,electronic-payments-cobro-digital-codi,news,2019-09-01,date_match
en:1108,en,news,1108,PEP issues the Exploration and Production Integral Services Contract,https://www.vonwobeser.com/index.php/publication?p_id=1108,https://www.vonwobeser.com/index.php/publications/news?start=380,"August, 2019",2019-08,month,200,correcto,https://www.vonwobeser.com/index.php/publication?p_id=1108,,1,legacy_id,1108,,aa68c055-e03f-42b5-a96c-83cb2c8c3f53,pep-issues-the-exploration-and-production-integral-services-contract,news,2019-08-01,date_match
en:1106,en,news,1106,First Resolution of Amendments to the Omnibus Tax Bill for 2019 and its Annexes 1 and 1-A,https://www.vonwobeser.com/index.php/publication?p_id=1106,https://www.vonwobeser.com/index.php/publications/news?start=380,"August, 2019",2019-08,month,200,correcto,https://www.vonwobeser.com/index.php/publication?p_id=1106,,1,legacy_id,1106,,62056bdf-b192-4d51-be6e-8addf5a0418d,first-resolution-of-amendments-to-the-omnibus-tax-bill-for-2019-and-its-annexes-,news,2019-08-01,date_match
en:1104,en,news,1104,National Law Asset Forfeiture,https://www.vonwobeser.com/index.php/publication?p_id=1104,https://www.vonwobeser.com/index.php/publications/news?start=380,"August, 2019",2019-08,month,200,correcto,https://www.vonwobeser.com/index.php/publication?p_id=1104,,1,legacy_id,1104,,0e96b217-93e3-4a7f-93bf-38dad1b10414,national-law-asset-forfeiture,news,2019-08-01,date_match
en:1102,en,news,1102,Protocol for the Legitimation of Collective Bargaining Agreements,https://www.vonwobeser.com/index.php/publication?p_id=1102,https://www.vonwobeser.com/index.php/publications/news?start=380,"August, 2019",2019-08,month,200,correcto,https://www.vonwobeser.com/index.php/publication?p_id=1102,,1,legacy_id,1102,,3823fcee-3a4d-444e-810f-3c2e29935dae,protocol-for-the-legitimation-of-collective-bargaining-agreements,news,2019-08-01,date_match
en:1101,en,news,1101,General Transparency and Healthy Practices Provisions issued by the CONDUSEF applicable to the FTI,https://www.vonwobeser.com/index.php/publication?p_id=1101,https://www.vonwobeser.com/index.php/publications/news?start=390,"July, 2019",2019-07,month,200,correcto,https://www.vonwobeser.com/index.php/publication?p_id=1101,,1,legacy_id,1101,,61a39dc7-5cfc-4a16-82b0-441bf9c11374,general-transparency-and-healthy-practices-provisions-issued-by-the-condusef-app,news,,project_date_missing
en:1099,en,news,1099,Reform of the Federal Labor and Social Security Laws in relation to domestic workers,https://www.vonwobeser.com/index.php/publication?p_id=1099,https://www.vonwobeser.com/index.php/publications/news?start=390,"July, 2019",2019-07,month,200,correcto,https://www.vonwobeser.com/index.php/publication?p_id=1099,,1,legacy_id,1099,,c662f27c-fd89-4d15-8b4f-99ac0d537a99,reform-of-the-federal-labor-and-social-security-laws-in-relation-to-domestic-wor,news,,project_date_missing
en:1097,en,news,1097,Reform in relation to the granting of leave for parents whose children have been diagnosed with cancer,https://www.vonwobeser.com/index.php/publication?p_id=1097,https://www.vonwobeser.com/index.php/publications/news?start=390,"June, 2019",2019-06,month,200,correcto,https://www.vonwobeser.com/index.php/publication?p_id=1097,,1,legacy_id,1097,,86015d69-303e-4e25-bc3c-f709ac344643,reform-in-relation-to-the-granting-of-leave-for-parents-whose-children-have-been,news,,project_date_missing
en:1094,en,news,1094,Latin Lawyer- Catching El Peje: what lawyers expect from AMLO's presidency,https://www.vonwobeser.com/index.php/publication?p_id=1094,https://www.vonwobeser.com/index.php/publications/news?start=390,"May, 2019",2019-05,month,200,correcto,https://www.vonwobeser.com/index.php/publication?p_id=1094,,1,legacy_id,1094,,430a602b-42d2-4c7c-8f3d-15d2ffb29a1f,latin-lawyer-catching-el-peje-what-lawyers-expect-from-amlo-s-presidency,news,,project_date_missing
en:1091,en,news,1091,Approval of the Mexican Labor Reform,https://www.vonwobeser.com/index.php/publication?p_id=1091,https://www.vonwobeser.com/index.php/publications/news?start=390,"May, 2019",2019-05,month,200,correcto,https://www.vonwobeser.com/index.php/publication?p_id=1091,,1,legacy_id,1091,,2c583b6d-db0e-4051-8fd2-5dc3e5afd49b,approval-of-the-mexican-labor-reform,news,,project_date_missing
en:1089,en,news,1089,General Provisions Regulating the AML Self-Regularization Programs,https://www.vonwobeser.com/index.php/publication?p_id=1089,https://www.vonwobeser.com/index.php/publications/news?start=390,"April, 2019",2019-04,month,200,correcto,https://www.vonwobeser.com/index.php/publication?p_id=1089,,1,legacy_id,1089,,e048a535-9704-4c0c-b859-fa0dc954b005,general-provisions-regulating-the-aml-self-regularization-programs,news,,project_date_missing
en:1087,en,news,1087,"Ruling waiving the payment of debts, fiscal fines, surcharges and enforcement expenditures as well as the granting of administrative benefits",https://www.vonwobeser.com/index.php/publication?p_id=1087,https://www.vonwobeser.com/index.php/publications/news?start=390,"April, 2019",2019-04,month,200,correcto,https://www.vonwobeser.com/index.php/publication?p_id=1087,,1,legacy_id,1087,,86f273b0-6350-4c26-beac-7756e1d4caa3,ruling-waiving-the-payment-of-debts-fiscal-fines-surcharges-and-enforcement-expe,news,,project_date_missing
en:1084,en,news,1084,Latin Lawyer- COFECE probes Mexico corn flour market,https://www.vonwobeser.com/index.php/publication?p_id=1084,https://www.vonwobeser.com/index.php/publications/news?start=390,"April, 2019",2019-04,month,200,correcto,https://www.vonwobeser.com/index.php/publication?p_id=1084,,1,legacy_id,1084,,9caf736b-f8e8-4409-b3ff-6ddb0747f3c2,latin-lawyer-cofece-probes-mexico-corn-flour-market,news,,project_date_missing
en:1083,en,news,1083,The Chamber of Deputies passes bill reforming Federal Labor Law,https://www.vonwobeser.com/index.php/publication?p_id=1083,https://www.vonwobeser.com/index.php/publications/news?start=390,"April, 2019",2019-04,month,200,correcto,https://www.vonwobeser.com/index.php/publication?p_id=1083,,1,legacy_id,1083,,cca16ad7-2a04-473b-918e-2f63291df857,the-chamber-of-deputies-passes-bill-reforming-federal-labor-law,news,,project_date_missing
en:1081,en,news,1081,"Centralized acquisition of medicines and healing material, for the federal entities, for year 2019",https://www.vonwobeser.com/index.php/publication?p_id=1081,https://www.vonwobeser.com/index.php/publications/news?start=390,"April, 2019",2019-04,month,200,correcto,https://www.vonwobeser.com/index.php/publication?p_id=1081,,1,legacy_id,1081,,2112291c-4d2e-4a20-97bd-dc94186e17f9,centralized-acquisition-of-medicines-and-healing-material-for-the-federal-entiti,news,,project_date_missing
en:1079,en,news,1079,Provisions applicable to Sandboxes issued by the SHCP & CNBV,https://www.vonwobeser.com/index.php/publication?p_id=1079,https://www.vonwobeser.com/index.php/publications/news?start=400,"April, 2019",2019-04,month,200,correcto,https://www.vonwobeser.com/index.php/publication?p_id=1079,,1,legacy_id,1079,,248dc35b-76a5-4e80-84f8-2da5aaa37683,provisions-applicable-to-sandboxes-issued-by-the-shcp-cnbv,news,2019-04-01,date_match
en:1076,en,news,1076,Mandatory compliance with the Network Code initiates for all medium and high voltage users connected to the grid,https://www.vonwobeser.com/index.php/publication?p_id=1076,https://www.vonwobeser.com/index.php/publications/news?start=400,"April, 2019",2019-04,month,200,correcto,https://www.vonwobeser.com/index.php/publication?p_id=1076,,1,legacy_id,1076,,52be7068-cb17-45a7-872a-1ee5f9146662,mandatory-compliance-with-the-network-code-initiates-for-all-medium-and-high-vol,news,2019-04-01,date_match
en:1074,en,news,1074,Latin Lawyer- Von Wobeser helps oil services provider win Pemex contracts,https://www.vonwobeser.com/index.php/publication?p_id=1074,https://www.vonwobeser.com/index.php/publications/news?start=400,"April, 2019",2019-04,month,200,correcto,https://www.vonwobeser.com/index.php/publication?p_id=1074,,1,legacy_id,1074,,0e4b2fea-7f3a-4148-a67f-72f4eae88870,latin-lawyer-von-wobeser-helps-oil-services-provider-win-pemex-contracts,news,2019-04-01,date_match
en:1072,en,news,1072,Lex Latin- Borr Drilling is awarded a services contract by Pemex,https://www.vonwobeser.com/index.php/publication?p_id=1072,https://www.vonwobeser.com/index.php/publications/news?start=400,"April, 2019",2019-04,month,200,correcto,https://www.vonwobeser.com/index.php/publication?p_id=1072,,1,legacy_id,1072,,979a33df-2b43-44de-a1ce-e42f2bd9af6e,lex-latin-borr-drilling-is-awarded-a-services-contract-by-pemex,news,2019-04-01,date_match
en:1071,en,news,1071,Lex Latin- Grupo Modelo invests USD 726 million in production plant in Mexico,https://www.vonwobeser.com/index.php/publication?p_id=1071,https://www.vonwobeser.com/index.php/publications/news?start=400,"April, 2019",2019-04,month,200,correcto,https://www.vonwobeser.com/index.php/publication?p_id=1071,,1,legacy_id,1071,,84183127-00d7-480b-85d4-08c4610c12bf,lex-latin-grupo-modelo-invests-usd-726-million-in-production-plant-in-mexico,news,2019-04-01,date_match
en:1069,en,news,1069,The Ministry of Energy modifies the terms for the strict legal separation of the Federal Electricity Commission,https://www.vonwobeser.com/index.php/publication?p_id=1069,https://www.vonwobeser.com/index.php/publications/news?start=400,"April, 2019",2019-04,month,200,correcto,https://www.vonwobeser.com/index.php/publication?p_id=1069,,1,legacy_id,1069,,40dc42b8-1321-4cea-8d59-380487a61d93,the-ministry-of-energy-modifies-the-terms-for-the-strict-legal-separation-of-the,news,2019-04-01,date_match
en:1066,en,news,1066,"Von Wobeser Antitrust practice, led by Fernando Carreño, recognized with the “Behavioral matter of the year – Americas” award by Global Competition Review (GCR)",https://www.vonwobeser.com/index.php/publication?p_id=1066,https://www.vonwobeser.com/index.php/publications/news?start=400,"April, 2019",2019-04,month,200,correcto,https://www.vonwobeser.com/index.php/publication?p_id=1066,,1,legacy_id,1066,,509328ab-36b4-448d-902d-4300254814cf,von-wobeser-antitrust-practice-led-by-fernando-carreno-recognized-with-the-behav,news,2019-04-01,date_match
en:1064,en,news,1064,Resolution amending the General Provisions applicable to Financial Technology Institutions,https://www.vonwobeser.com/index.php/publication?p_id=1064,https://www.vonwobeser.com/index.php/publications/news?start=400,"March, 2019",2019-03,month,200,correcto,https://www.vonwobeser.com/index.php/publication?p_id=1064,,1,legacy_id,1064,,c5eef88d-8a71-47ed-8719-d718f662b909,resolution-amending-the-general-provisions-applicable-to-financial-technology-in,news,2019-03-01,date_match
en:1063,en,news,1063,Circulars issued by the Bank of Mexico in relation to Risk Mitigation; Operations with Virtual Assets; Innovative Models and Operations in Foreign Currency,https://www.vonwobeser.com/index.php/publication?p_id=1063,https://www.vonwobeser.com/index.php/publications/news?start=400,"March, 2019",2019-03,month,200,correcto,https://www.vonwobeser.com/index.php/publication?p_id=1063,,1,legacy_id,1063,,62174eb1-5ec6-4f75-9ce9-327f63a761e0,circulars-issued-by-the-bank-of-mexico-in-relation-to-risk-mitigation-operations,news,2019-03-01,date_match
en:1060,en,news,1060,Latin Lawyer- Fernando Carreño- Antitrust regulator fines credit data company for refusal to deal in Mexico,https://www.vonwobeser.com/index.php/publication?p_id=1060,https://www.vonwobeser.com/index.php/publications/news?start=400,"March, 2019",2019-03,month,200,correcto,https://www.vonwobeser.com/index.php/publication?p_id=1060,,1,legacy_id,1060,,5cc45d8f-f166-4f59-8060-9701eb7fc23d,latin-lawyer-fernando-carreno-antitrust-regulator-fines-credit-data-company-for-,news,2019-03-01,date_match
en:1058,en,news,1058,Global Competition Review- Fernando Carreño- Credit data company fined for refusal to deal in Mexico,https://www.vonwobeser.com/index.php/publication?p_id=1058,https://www.vonwobeser.com/index.php/publications/news?start=410,"March, 2019",2019-03,month,200,correcto,https://www.vonwobeser.com/index.php/publication?p_id=1058,,1,legacy_id,1058,,630e2a4d-55bb-476f-b77d-b0f5b1ebd44b,global-competition-review-fernando-carreno-credit-data-company-fined-for-refusal,news,2019-03-01,date_match
en:1057,en,news,1057,Chambers and Partners Global Rankings 2019- Von Wobeser y Sierra,https://www.vonwobeser.com/index.php/publication?p_id=1057,https://www.vonwobeser.com/index.php/publications/news?start=410,"February, 2019",2019-02,month,200,correcto,https://www.vonwobeser.com/index.php/publication?p_id=1057,,1,legacy_id,1057,,aafc9505-3ac8-46a9-ab49-50c3b8bc4f13,chambers-and-partners-global-rankings-2019-von-wobeser-y-sierra,news,2019-02-01,date_match
en:1054,en,news,1054,New mechanisms to establish maximum sale prices to the public of patented medicines,https://www.vonwobeser.com/index.php/publication?p_id=1054,https://www.vonwobeser.com/index.php/publications/news?start=410,"February, 2019",2019-02,month,200,correcto,https://www.vonwobeser.com/index.php/publication?p_id=1054,,1,legacy_id,1054,,9c590755-d2de-4ff4-80b5-5f340eb21450,new-mechanisms-to-establish-maximum-sale-prices-to-the-public-of-patented-medici,news,2019-02-01,date_match
en:1052,en,news,1052,Latin Lawyer-Von Wobeser & Sierra recognized as Leading Light 2018 in regards to pro bono,https://www.vonwobeser.com/index.php/publication?p_id=1052,https://www.vonwobeser.com/index.php/publications/news?start=410,"February, 2019",2019-02,month,200,correcto,https://www.vonwobeser.com/index.php/publication?p_id=1052,,1,legacy_id,1052,,f66a46a4-02df-4187-8da9-1d912e0fe655,latin-lawyer-von-wobeser-sierra-recognized-as-leading-light-2018-in-regards-to-p,Corporate/M&A,2019-02-01,date_match
en:1049,en,news,1049,AML Criteria and Procedures applicable to Money Transmitters,https://www.vonwobeser.com/index.php/publication?p_id=1049,https://www.vonwobeser.com/index.php/publications/news?start=410,"February, 2019",2019-02,month,200,correcto,https://www.vonwobeser.com/index.php/publication?p_id=1049,,1,legacy_id,1049,,1eba24a2-6e44-4281-9bd2-6779d7968292,aml-criteria-and-procedures-applicable-to-money-transmitters,news,2019-02-01,date_match
en:1047,en,news,1047,Bill Reforming the Federal Labor Law,https://www.vonwobeser.com/index.php/publication?p_id=1047,https://www.vonwobeser.com/index.php/publications/news?start=410,"January, 2019",2019-01,month,200,correcto,https://www.vonwobeser.com/index.php/publication?p_id=1047,,1,legacy_id,1047,,f99a47e5-bf8a-466a-892f-2d46d170c3a1,bill-reforming-the-federal-labor-law,news,2019-01-01,date_match
en:1044,en,news,1044,Global Competition Review (GCR 100) once again recognizes Von Wobeser as an Elite Firm,https://www.vonwobeser.com/index.php/publication?p_id=1044,https://www.vonwobeser.com/index.php/publications/news?start=410,"January, 2019",2019-01,month,200,correcto,https://www.vonwobeser.com/index.php/publication?p_id=1044,,1,legacy_id,1044,,a63a8b8d-23df-4377-b0c8-91e4af51a77e,global-competition-review-gcr-100-once-again-recognizes-von-wobeser-as-an-elite-,news,2019-01-01,date_match
en:1042,en,news,1042,"Values of the Unit of Measurement and Indexing in effect as of February 1, 2019",https://www.vonwobeser.com/index.php/publication?p_id=1042,https://www.vonwobeser.com/index.php/publications/news?start=410,"January, 2019",2019-01,month,200,correcto,https://www.vonwobeser.com/index.php/publication?p_id=1042,,1,legacy_id,1042,,c6150865-0636-437b-9431-4bd4f0145d17,values-of-the-unit-of-measurement-and-indexing-in-effect-as-of-february-1-2019,news,2019-01-01,date_match
en:1037,en,news,1037,Latin Lawyer- Claus von Wobeser- Panama Canal consortium ordered to pay,https://www.vonwobeser.com/index.php/publication?p_id=1037,https://www.vonwobeser.com/index.php/publications/news?start=410,"January, 2019",2019-01,month,200,correcto,https://www.vonwobeser.com/index.php/publication?p_id=1037,,1,legacy_id,1037,,4ff29808-dedd-4387-87f7-e2907a047190,latin-lawyer-claus-von-wobeser-panama-canal-consortium-ordered-to-pay,news,2019-01-01,date_match
en:1035,en,news,1035,Global Arbitration Review- Claus von Wobeser- Panama Canal consortium ordered to pay,https://www.vonwobeser.com/index.php/publication?p_id=1035,https://www.vonwobeser.com/index.php/publications/news?start=420,"December, 2018",2018-12,month,200,correcto,https://www.vonwobeser.com/index.php/publication?p_id=1035,,1,legacy_id,1035,,89c91db7-9730-4d3f-a5d2-da41778484ec,global-arbitration-review-claus-von-wobeser-panama-canal-consortium-ordered-to-p,news,2018-12-01,date_match
en:1031,en,news,1031,"New minimum wage as of January 1st, 2019",https://www.vonwobeser.com/index.php/publication?p_id=1031,https://www.vonwobeser.com/index.php/publications/news?start=410,"December, 2018",2018-12,month,200,correcto,https://www.vonwobeser.com/index.php/publication?p_id=1031,,1,legacy_id,1031,,455b9e3c-d61f-4848-8ac7-7e028a567856,new-minimum-wage-as-of-january-1st-2019,news,2018-12-01,date_match
en:1030,en,news,1030,Supreme Court of Justice of the Nation declares the exclusion of domestic workers from the mandatory regime of the Mexican Social Security Institute to be unconstitutional,https://www.vonwobeser.com/index.php/publication?p_id=1030,https://www.vonwobeser.com/index.php/publications/news?start=420,"December, 2018",2018-12,month,200,correcto,https://www.vonwobeser.com/index.php/publication?p_id=1030,,1,legacy_id,1030,,88ec28cc-8a23-4062-969f-cc70db14e8d0,supreme-court-of-justice-of-the-nation-declares-the-exclusion-of-domestic-worker,news,2018-12-01,date_match
en:1027,en,news,1027,"New minimum wage beginning January 1, 2019 and creation of a Border General Minimum Wage",https://www.vonwobeser.com/index.php/publication?p_id=1027,https://www.vonwobeser.com/index.php/publications/news?start=420,"December, 2018",2018-12,month,200,correcto,https://www.vonwobeser.com/index.php/publication?p_id=1027,,1,legacy_id,1027,,d54b9345-a7c6-41ac-b0f4-29dbafc56806,new-minimum-wage-beginning-january-1-2019-and-creation-of-a-border-general-minim,news,2018-12-01,date_match
en:1020,en,news,1020,Latin Lawyer- Andrés Nieto- State interventionism may spur policy advice work for law firms,https://www.vonwobeser.com/index.php/publication?p_id=1020,https://www.vonwobeser.com/index.php/publications/news?start=420,"November, 2018",2018-11,month,200,correcto,https://www.vonwobeser.com/index.php/publication?p_id=1020,,1,legacy_id,1020,,0b74217c-11d3-475c-a9e2-43d3347e04b5,latin-lawyer-andres-nieto-state-interventionism-may-spur-policy-advice-work-for-,news,2018-11-01,date_match
en:1016,en,news,1016,Latin Lawyer- Fernando Carreño- Mexican antitrust regulator probes market for card payment systems,https://www.vonwobeser.com/index.php/publication?p_id=1016,https://www.vonwobeser.com/index.php/publications/news?start=420,"November, 2018",2018-11,month,200,correcto,https://www.vonwobeser.com/index.php/publication?p_id=1016,,1,legacy_id,1016,,d1671aeb-2012-47b3-921c-7b2c7ba8841a,latin-lawyer-fernando-carreno-mexican-antitrust-regulator-probes-market-for-card,news,2018-11-01,date_match
en:1014,en,news,1014,Event: Legal Implications of the Termination of the project for the construction of the new Mexico City Airport,https://www.vonwobeser.com/index.php/publication?p_id=1014,https://www.vonwobeser.com/index.php/publications/news?start=420,"October, 2018",2018-10,month,200,correcto,https://www.vonwobeser.com/index.php/publication?p_id=1014,,1,legacy_id,1014,,afa8c9b9-a43f-47f5-8003-c22a94f1a3fb,event-legal-implications-of-the-termination-of-the-project-for-the-construction-,news,2018-10-01,date_match
en:1011,en,news,1011,Event: Planning Past Unconscious Bias: The ArbitralWomen Diversity Toolkit,https://www.vonwobeser.com/index.php/publication?p_id=1011,https://www.vonwobeser.com/index.php/publications/news?start=420,"October, 2018",2018-10,month,200,correcto,https://www.vonwobeser.com/index.php/publication?p_id=1011,,1,legacy_id,1011,,02a53e68-d2fb-4959-ad9d-9e8879391294,event-planning-past-unconscious-bias-the-arbitralwomen-diversity-toolkit,news,2018-10-01,date_match
en:1008,en,news,1008,Global Arbitration Review- Adrián Magallanes- IBA unveils new slate of officers,https://www.vonwobeser.com/index.php/publication?p_id=1008,https://www.vonwobeser.com/index.php/publications/news?start=420,"October, 2018",2018-10,month,200,correcto,https://www.vonwobeser.com/index.php/publication?p_id=1008,,1,legacy_id,1008,,e8ff66a0-cb74-4a13-b343-77ed0e2bf4f6,global-arbitration-review-adrian-magallanes-iba-unveils-new-slate-of-officers,news,2018-10-01,date_match
en:1006,en,news,1006,Latin Lawyer- Fernando Carreño- Steel manufacturer fined in Mexico for antitrust commitments breach,https://www.vonwobeser.com/index.php/publication?p_id=1006,https://www.vonwobeser.com/index.php/publications/news?start=420,"October, 2018",2018-10,month,200,correcto,https://www.vonwobeser.com/index.php/publication?p_id=1006,,1,legacy_id,1006,,3311a02d-5207-411e-b253-a94f0115d092,latin-lawyer-fernando-carreno-steel-manufacturer-fined-in-mexico-for-antitrust-c,news,2018-10-01,date_match
en:1004,en,news,1004,"United States, Mexico, Canada Agreement and the steel tariffs",https://www.vonwobeser.com/index.php/publication?p_id=1004,https://www.vonwobeser.com/index.php/publications/news?start=420,"October, 2018",2018-10,month,200,correcto,https://www.vonwobeser.com/index.php/publication?p_id=1004,,1,legacy_id,1004,,e88372be-a39d-46bd-9980-f379aefe1198,united-states-mexico-canada-agreement-and-the-steel-tariffs,news,2018-10-01,date_match
en:1002,en,news,1002,Organizational Law of the Attorney General’s Office,https://www.vonwobeser.com/index.php/publication?p_id=1002,https://www.vonwobeser.com/index.php/publications/news?start=430,"October, 2018",2018-10,month,200,correcto,https://www.vonwobeser.com/index.php/publication?p_id=1002,,1,legacy_id,1002,,18fe1877-0190-4dae-b6b5-3f693a0d5ded,organizational-law-of-the-attorney-general-s-office,news,2018-10-01,date_match
en:1000,en,news,1000,"Lex Latin- Andrés Nieto, Rodolfo Trampe, Santiago Barraza & Alix Trimmer- Creation Investments Fund invests MXN 250 million in fincancial Pluscorp",https://www.vonwobeser.com/index.php/publication?p_id=1000,https://www.vonwobeser.com/index.php/publications/news?start=430,"September, 2018",2018-09,month,200,correcto,https://www.vonwobeser.com/index.php/publication?p_id=1000,,1,legacy_id,1000,,c1f036f0-2d12-44af-acca-dfd31ffb541a,lex-latin-andres-nieto-rodolfo-trampe-santiago-barraza-alix-trimmer-creation-inv,news,2018-09-01,date_match
en:999,en,news,999,Ratification of ILO´s Convention 98 and main proposals of the elected Government to the labor model,https://www.vonwobeser.com/index.php/publication?p_id=999,https://www.vonwobeser.com/index.php/publications/news?start=430,"September, 2018",2018-09,month,200,correcto,https://www.vonwobeser.com/index.php/publication?p_id=999,,1,legacy_id,999,,f22c47b9-e061-4dd5-9dac-78a9ca972e7d,ratification-of-ilo-s-convention-98-and-main-proposals-of-the-elected-government,news,2018-09-01,date_match
en:997,en,news,997,Amendments to the Statutory Charter of the National Commission for the Protection and Defense of Users of Financial Services,https://www.vonwobeser.com/index.php/publication?p_id=997,https://www.vonwobeser.com/index.php/publications/news?start=430,"September, 2018",2018-09,month,200,correcto,https://www.vonwobeser.com/index.php/publication?p_id=997,,1,legacy_id,997,,547cee97-ebf9-4b0d-9885-89e25d4af504,amendments-to-the-statutory-charter-of-the-national-commission-for-the-protectio,news,2018-09-01,date_match
en:994,en,news,994,"Secondary legislation to the Law Regulating Financial Technology Institutions, in relation to money-laundering and applicable to the Electronic Funds Transfer Institutions",https://www.vonwobeser.com/index.php/publication?p_id=994,https://www.vonwobeser.com/index.php/publications/news?start=430,"September, 2018",2018-09,month,200,correcto,https://www.vonwobeser.com/index.php/publication?p_id=994,,1,legacy_id,994,,27bb5e5c-d1a3-4de9-8cfa-f29e536ec441,secondary-legislation-to-the-law-regulating-financial-technology-institutions-in,news,2018-09-01,date_match
en:992,en,news,992,Resolutions on credit matters and information required by authorities from Financial Technology Institutions (FTI),https://www.vonwobeser.com/index.php/publication?p_id=992,https://www.vonwobeser.com/index.php/publications/news?start=430,"September, 2018",2018-09,month,200,correcto,https://www.vonwobeser.com/index.php/publication?p_id=992,,1,legacy_id,992,,e1590102-165b-42f0-add4-48b27d47b72c,resolutions-on-credit-matters-and-information-required-by-authorities-from-finan,news,2018-09-01,date_match
en:990,en,news,990,Global Arbitration Review- Claus von Wobeser- Award against Tanzanian state-run company upheld,https://www.vonwobeser.com/index.php/publication?p_id=990,https://www.vonwobeser.com/index.php/publications/news?start=430,"September, 2018",2018-09,month,200,correcto,https://www.vonwobeser.com/index.php/publication?p_id=990,,1,legacy_id,990,,b0e6d5cc-c07a-4c36-96e9-a42ed50b2504,global-arbitration-review-claus-von-wobeser-award-against-tanzanian-state-run-co,news,2018-09-01,date_match
en:989,en,news,989,CENAGAS issues the preliminary bidding guidelines for strategic storage of natural gas in Veracruz,https://www.vonwobeser.com/index.php/publication?p_id=989,https://www.vonwobeser.com/index.php/publications/news?start=430,"August, 2018",2018-08,month,200,correcto,https://www.vonwobeser.com/index.php/publication?p_id=989,,1,legacy_id,989,,8f811e5b-cb54-449a-a95e-7d89d16a5d7d,cenagas-issues-the-preliminary-bidding-guidelines-for-strategic-storage-of-natur,news,2018-08-01,date_match
en:982,en,news,982,Latin Lawyer- Fernando Carreño- Pemex fined US$22 million for tardy audit report,https://www.vonwobeser.com/index.php/publication?p_id=982,https://www.vonwobeser.com/index.php/publications/news?start=430,"August, 2018",2018-08,month,200,correcto,https://www.vonwobeser.com/index.php/publication?p_id=982,,1,legacy_id,982,,b94c432f-3781-4f6c-b366-d99b3212cee3,latin-lawyer-fernando-carreno-pemex-fined-us-22-million-for-tardy-audit-report,news,2018-08-01,date_match
en:978,en,news,978,Professor Andrea K. Bjorkland interviews Claus von Wobeser,https://www.vonwobeser.com/index.php/publication?p_id=978,https://www.vonwobeser.com/index.php/publications/news?start=430,"August, 2018",2018-08,month,200,correcto,https://www.vonwobeser.com/index.php/publication?p_id=978,,1,legacy_id,978,,1507eaca-29f2-408b-8230-e4f836e4a68b,professor-andrea-k-bjorkland-interviews-claus-von-wobeser,news,2018-08-01,date_match
en:943,en,news,943,"Fernando Carreño, awarded “Lawyer of the year – under 40” by Global Competition Review (GCR)",https://www.vonwobeser.com/index.php/publication?p_id=943,https://www.vonwobeser.com/index.php/publications/news?start=460,"April, 2018",2018-04,month,200,correcto,https://www.vonwobeser.com/index.php/publication?p_id=943,,1,legacy_id,943,,1308e4f5-def7-4986-8cef-be40b8bdbf05,fernando-carreno-awarded-lawyer-of-the-year-under-40-by-global-competition-revie,news,2018-04-01,date_match
en:911,en,news,911,Mexico approves the “Comprehensive and Progressive Agreement for Trans Pacific Partnership”,https://www.vonwobeser.com/index.php/publication?p_id=911,https://www.vonwobeser.com/index.php/publications/news?start=460,"May, 2018",2018-05,month,200,correcto,https://www.vonwobeser.com/index.php/publication?p_id=911,,1,legacy_id,911,,3ad14e5d-1024-4263-8ec1-cac37921ac4b,mexico-approves-the-comprehensive-and-progressive-agreement-for-trans-pacific-pa,news,2018-05-01,date_match
en:907,en,news,907,Signing of the “Comprehensive and Progressive Agreement for Trans-Pacific Partnership”,https://www.vonwobeser.com/index.php/publication?p_id=907,https://www.vonwobeser.com/index.php/publications/news?start=460,"March, 2018",2018-03,month,200,correcto,https://www.vonwobeser.com/index.php/publication?p_id=907,,1,legacy_id,907,,b0c5e6c6-8a55-499e-bb13-766f4169a30e,signing-of-the-comprehensive-and-progressive-agreement-for-trans-pacific-partner,news,2018-03-01,date_match
en:903,en,news,903,Approval of the Mexican Fintech Act,https://www.vonwobeser.com/index.php/publication?p_id=903,https://www.vonwobeser.com/index.php/publications/news?start=460,"March, 2018",2018-03,month,200,correcto,https://www.vonwobeser.com/index.php/publication?p_id=903,,1,legacy_id,903,,8289d981-d73f-485c-bc1d-f19f06ec0fc3,approval-of-the-mexican-fintech-act,news,2018-03-01,date_match
en:901,en,news,901,The Federal Electricity Commission published the bidding terms for the first direct current transmission line.,https://www.vonwobeser.com/index.php/publication?p_id=901,https://www.vonwobeser.com/index.php/publications/news?start=460,"March, 2018",2018-03,month,200,correcto,https://www.vonwobeser.com/index.php/publication?p_id=901,,1,legacy_id,901,,9f03f311-d8f2-48f2-b812-0ed913d5d44c,the-federal-electricity-commission-published-the-bidding-terms-for-the-first-dir,news,2018-03-01,date_match
en:899,en,news,899,Companies in Mexico should enhance their compliance programs in light of the criminal reform.,https://www.vonwobeser.com/index.php/publication?p_id=899,https://www.vonwobeser.com/index.php/publications/news?start=460,"February, 2018",2018-02,month,200,correcto,https://www.vonwobeser.com/index.php/publication?p_id=899,,1,legacy_id,899,,b77ef219-24e8-468f-a0ab-b8054aa5e0ac,companies-in-mexico-should-enhance-their-compliance-programs-in-light-of-the-cri,news,2018-02-01,date_match
en:898,en,news,898,The Ministry of Energy calls for The International Public Bid for the interconnection of the Mexican Electric Systems.,https://www.vonwobeser.com/index.php/publication?p_id=898,https://www.vonwobeser.com/index.php/publications/news?start=460,"February, 2018",2018-02,month,200,correcto,https://www.vonwobeser.com/index.php/publication?p_id=898,,1,legacy_id,898,,95580675-47c7-4c5b-8174-42fe84879582,the-ministry-of-energy-calls-for-the-international-public-bid-for-the-interconne,news,2018-02-01,date_match
en:895,en,news,895,"Citizens' initiative to amend: Section ""A"" of Article 102 of the Mexican Constitution in relation to criminal liability of companies.",https://www.vonwobeser.com/index.php/publication?p_id=895,https://www.vonwobeser.com/index.php/publications/news?start=460,"February, 2018",2018-02,month,200,correcto,https://www.vonwobeser.com/index.php/publication?p_id=895,,1,legacy_id,895,,223b7bb1-3cfe-4c2c-8d1e-de80446c1a8f,citizens-initiative-to-amend-section-a-of-article-102-of-the-mexican-constitutio,news,2018-02-01,date_match
en:894,en,news,894,The Ministry of Energy issues the manual for the Interconnection of Power Plants and Connection of Load Centers.,https://www.vonwobeser.com/index.php/publication?p_id=894,https://www.vonwobeser.com/index.php/publications/news?start=460,"February, 2018",2018-02,month,200,correcto,https://www.vonwobeser.com/index.php/publication?p_id=894,,1,legacy_id,894,,aef793f8-7165-4281-9b51-a5ed0cf377cd,the-ministry-of-energy-issues-the-manual-for-the-interconnection-of-power-plants,news,2018-02-01,date_match
en:892,en,news,892,"Fernando Carreño, nominated as “Lawyer of the year – under 40” by Global Competition Review (GCR)",https://www.vonwobeser.com/index.php/publication?p_id=892,https://www.vonwobeser.com/index.php/publications/news?start=470,"February, 2018",2018-02,month,200,correcto,https://www.vonwobeser.com/index.php/publication?p_id=892,,1,legacy_id,892,,a05d238c-d6ac-49c8-9359-974d9c46e20f,fernando-carreno-nominated-as-lawyer-of-the-year-under-40-by-global-competition-,news,2018-02-01,date_match
en:890,en,news,890,The National Hydrocarbons Commission issues call and rules for the second tender of round 3 for onshore oil fields.,https://www.vonwobeser.com/index.php/publication?p_id=890,https://www.vonwobeser.com/index.php/publications/news?start=470,"February, 2018",2018-02,month,200,correcto,https://www.vonwobeser.com/index.php/publication?p_id=890,,1,legacy_id,890,,eaa20888-6300-4db9-93bf-793caa274872,the-national-hydrocarbons-commission-issues-call-and-rules-for-the-second-tender,news,2018-02-01,date_match
en:885,en,news,885,Latin Lawyer- Mexican firms make new partners,https://www.vonwobeser.com/index.php/publication?p_id=885,https://www.vonwobeser.com/index.php/publications/news?start=470,"February, 2018",2018-02,month,200,correcto,https://www.vonwobeser.com/index.php/publication?p_id=885,,1,legacy_id,885,,d5882e93-b65f-4836-b220-49d9aa66061f,latin-lawyer-mexican-firms-make-new-partners,news,2018-02-01,date_match
en:884,en,news,884,Leaders League- Von Wobeser y Sierra appoints two new Partners,https://www.vonwobeser.com/index.php/publication?p_id=884,https://www.vonwobeser.com/index.php/publications/news?start=470,"January, 2018",2018-01,month,200,correcto,https://www.vonwobeser.com/index.php/publication?p_id=884,,1,legacy_id,884,,c4f17332-35ed-43d2-9c67-ec6b0d29b542,leaders-league-von-wobeser-y-sierra-appoints-two-new-partners,news,2018-01-01,date_match
en:882,en,news,882,Von Wobeser y Sierra new partner announcements for 2018,https://www.vonwobeser.com/index.php/publication?p_id=882,https://www.vonwobeser.com/index.php/publications/news?start=470,"January, 2018",2018-01,month,200,correcto,https://www.vonwobeser.com/index.php/publication?p_id=882,,1,legacy_id,882,,83d48c7e-f7e9-4781-853a-c76848ad1bbb,von-wobeser-y-sierra-new-partner-announcements-for-2018,news,2018-01-01,date_match
en:880,en,news,880,GCR 100 recognizes Von Wobeser & Sierra as one of the top 100 firms in regards to the Competition Practice.,https://www.vonwobeser.com/index.php/publication?p_id=880,https://www.vonwobeser.com/index.php/publications/news?start=470,"January, 2018",2018-01,month,200,correcto,https://www.vonwobeser.com/index.php/publication?p_id=880,,1,legacy_id,880,,8d049ca5-345c-451b-a42a-5f811aa49a55,gcr-100-recognizes-von-wobeser-sierra-as-one-of-the-top-100-firms-in-regards-to-,news,2018-01-01,date_match
en:877,en,news,877,Law360- Mexico looks to woo investors even as trade talks drag on,https://www.vonwobeser.com/index.php/publication?p_id=877,https://www.vonwobeser.com/index.php/publications/news?start=470,"January, 2018",2018-01,month,200,correcto,https://www.vonwobeser.com/index.php/publication?p_id=877,,1,legacy_id,877,,adb5ee43-4a0a-437e-a9c4-123b20cc3079,law360-mexico-looks-to-woo-investors-even-as-trade-talks-drag-on,news,2018-01-01,date_match
en:875,en,news,875,Latin Lawyer- Grupo Modelo purchases property to invest in new plant,https://www.vonwobeser.com/index.php/publication?p_id=875,https://www.vonwobeser.com/index.php/publications/news?start=470,"January, 2018",2018-01,month,200,correcto,https://www.vonwobeser.com/index.php/publication?p_id=875,,1,legacy_id,875,,64e37ad4-6b28-4cab-be60-81d6ace5808d,latin-lawyer-grupo-modelo-purchases-property-to-invest-in-new-plant,news,2018-01-01,date_match
en:873,en,news,873,Von Wobeser & Sierra received the Leading Lights Award 2017,https://www.vonwobeser.com/index.php/publication?p_id=873,https://www.vonwobeser.com/index.php/publications/news?start=470,"January, 2018",2018-01,month,200,correcto,https://www.vonwobeser.com/index.php/publication?p_id=873,,1,legacy_id,873,,087c20e5-c66e-4445-8cc8-e3f580281d21,von-wobeser-sierra-received-the-leading-lights-award-2017,Corporate/M&A,2018-01-01,date_match
en:869,en,news,869,Montserrat Manzano recognized in Who’s Who Legal list of Future Leaders Under 45 in Arbitration,https://www.vonwobeser.com/index.php/publication?p_id=869,https://www.vonwobeser.com/index.php/publications/news?start=470,"December, 2017",2017-12,month,200,correcto,https://www.vonwobeser.com/index.php/publication?p_id=869,,1,legacy_id,869,,62a18e81-cecc-447a-a859-34e1ead9babf,montserrat-manzano-recognized-in-who-s-who-legal-list-of-future-leaders-under-45,news,2017-12-01,date_match
en:861,en,news,861,Lex Latin- Key Safety Systems acquires Takata,https://www.vonwobeser.com/index.php/publication?p_id=861,https://www.vonwobeser.com/index.php/publications/news?start=480,"December, 2017",2017-12,month,200,correcto,https://www.vonwobeser.com/index.php/publication?p_id=861,,1,legacy_id,861,,f5f6472b-5b35-490a-b0d2-dcb9d0e5fd3c,lex-latin-key-safety-systems-acquires-takata,news,2017-12-01,date_match
en:859,en,news,859,Lex Latin- Von Wobeser counsels Grupo Modelo for the building of a brewery plant in Mexico,https://www.vonwobeser.com/index.php/publication?p_id=859,https://www.vonwobeser.com/index.php/publications/news?start=480,"December, 2017",2017-12,month,200,correcto,https://www.vonwobeser.com/index.php/publication?p_id=859,,1,legacy_id,859,,cd8a56c7-5826-4f00-a645-b4d0fcf965d2,lex-latin-von-wobeser-counsels-grupo-modelo-for-the-building-of-a-brewery-plant-,news,2017-12-01,date_match
en:857,en,news,857,Latin Lawyer- Takata changes hands following bankruptcy,https://www.vonwobeser.com/index.php/publication?p_id=857,https://www.vonwobeser.com/index.php/publications/news?start=480,"December, 2017",2017-12,month,200,correcto,https://www.vonwobeser.com/index.php/publication?p_id=857,,1,legacy_id,857,,d93057e9-32ca-464a-b408-db5df6dc90f5,latin-lawyer-takata-changes-hands-following-bankruptcy,news,2017-12-01,date_match
en:855,en,news,855,Official Statement from the Energy Regulatory Commission and the National Energy Control Center,https://www.vonwobeser.com/index.php/publication?p_id=855,https://www.vonwobeser.com/index.php/publications/news?start=490,"September, 2017",2017-09,month,200,correcto,https://www.vonwobeser.com/index.php/publication?p_id=855,,1,legacy_id,855,,5915d4ca-89f3-476f-8d64-99ead79d8b5b,official-statement-from-the-energy-regulatory-commission-and-the-national-energy,news,2017-09-01,date_match
en:853,en,news,853,Von Wobeser y Sierra Partners’ recognized by Best Lawyers,https://www.vonwobeser.com/index.php/publication?p_id=853,https://www.vonwobeser.com/index.php/publications/news?start=480,"December, 2017",2017-12,month,200,correcto,https://www.vonwobeser.com/index.php/publication?p_id=853,,1,legacy_id,853,,d4067f77-514e-4d9b-9a83-fa8f43ab5f81,von-wobeser-y-sierra-partners-recognized-by-best-lawyers,news,2017-12-01,date_match
en:851,en,news,851,"New minimum wage as of December 1st, 2017",https://www.vonwobeser.com/index.php/publication?p_id=851,https://www.vonwobeser.com/index.php/publications/news?start=480,"November, 2017",2017-11,month,200,correcto,https://www.vonwobeser.com/index.php/publication?p_id=851,,1,legacy_id,851,,2983fc30-74d6-40c5-aaad-944aaeb269d0,new-minimum-wage-as-of-december-1st-2017,news,2017-11-01,date_match
en:849,en,news,849,The Energy Regulatory Commission issues the resolution describing the relevant aspects of the isolated supply and local power generation scheme,https://www.vonwobeser.com/index.php/publication?p_id=849,https://www.vonwobeser.com/index.php/publications/news?start=480,"November, 2017",2017-11,month,200,correcto,https://www.vonwobeser.com/index.php/publication?p_id=849,,1,legacy_id,849,,20808caf-b48e-4edb-b0ab-c92356d75fcd,the-energy-regulatory-commission-issues-the-resolution-describing-the-relevant-a,news,2017-11-01,date_match
en:846,en,news,846,Claus von Wobeser is honored with the Lifetime Achievement Award by Chambers & Partners,https://www.vonwobeser.com/index.php/publication?p_id=846,https://www.vonwobeser.com/index.php/publications/news?start=480,"November, 2017",2017-11,month,200,correcto,https://www.vonwobeser.com/index.php/publication?p_id=846,,1,legacy_id,846,,9787c26a-6b3c-4c8f-94b7-10a2f2815215,claus-von-wobeser-is-honored-with-the-lifetime-achievement-award-by-chambers-par,news,2017-11-01,date_match
en:829,en,news,829,Lex Latin- Motherson Sumi raises EUR 300 million in public offer,https://www.vonwobeser.com/index.php/publication?p_id=829,https://www.vonwobeser.com/index.php/publications/news?start=480,"November, 2017",2017-11,month,200,correcto,https://www.vonwobeser.com/index.php/publication?p_id=829,,1,legacy_id,829,,e91b83b1-d51d-4d13-ae73-ad5f5fb1e12b,lex-latin-motherson-sumi-raises-eur-300-million-in-public-offer,news,2017-11-01,date_match
en:827,en,news,827,Four Von Wobeser y Sierra Partners approved by LACCA for 2018,https://www.vonwobeser.com/index.php/publication?p_id=827,https://www.vonwobeser.com/index.php/publications/news?start=480,"November, 2017",2017-11,month,200,correcto,https://www.vonwobeser.com/index.php/publication?p_id=827,,1,legacy_id,827,,3a7a5b4a-9f7d-4359-9ab6-4b84d2cd28af,four-von-wobeser-y-sierra-partners-approved-by-lacca-for-2018,news,2017-11-01,date_match
en:825,en,news,825,Global Investigation Review (GIR)- Von Wobeser & Sierra selected firm in 2017,https://www.vonwobeser.com/index.php/publication?p_id=825,https://www.vonwobeser.com/index.php/publications/news?start=480,"November, 2017",2017-11,month,200,correcto,https://www.vonwobeser.com/index.php/publication?p_id=825,,1,legacy_id,825,,98cfb5c0-8ddc-44fb-9826-4db1236b8f7b,global-investigation-review-gir-von-wobeser-sierra-selected-firm-in-2017,news,2017-11-01,date_match
en:823,en,news,823,"Latin Lawyer- Rupert Hüttler, Luis Burgueño & Alberto Córdoba- Von Wobeser steers Mexican leg of Motherson Sumi debt tap",https://www.vonwobeser.com/index.php/publication?p_id=823,https://www.vonwobeser.com/index.php/publications/news?start=490,"October, 2017",2017-10,month,200,correcto,https://www.vonwobeser.com/index.php/publication?p_id=823,,1,legacy_id,823,,78388b91-d74a-4e7c-be02-6564b0239814,latin-lawyer-rupert-huttler-luis-burgueno-alberto-cordoba-von-wobeser-steers-mex,news,2017-10-01,date_match
en:822,en,news,822,Andrés Nieto- Panelist in the first edition of the TrustLaw Training for Latin America,https://www.vonwobeser.com/index.php/publication?p_id=822,https://www.vonwobeser.com/index.php/publications/news?start=490,"October, 2017",2017-10,month,200,correcto,https://www.vonwobeser.com/index.php/publication?p_id=822,,1,legacy_id,822,,a87bf1de-cfe0-4b00-be85-eb6a00e0a55a,andres-nieto-panelist-in-the-first-edition-of-the-trustlaw-training-for-latin-am,news,2017-10-01,date_match
en:817,en,news,817,The National Hydrocarbons Commission issued the call and rules of the first tender of Round 3,https://www.vonwobeser.com/index.php/publication?p_id=817,https://www.vonwobeser.com/index.php/publications/news?start=490,"September, 2017",2017-09,month,200,correcto,https://www.vonwobeser.com/index.php/publication?p_id=817,,1,legacy_id,817,,fd867df8-3f85-4035-b4d8-977b9dcf9331,the-national-hydrocarbons-commission-issued-the-call-and-rules-of-the-first-tend,news,2017-09-01,date_match
en:806,en,news,806,Official Announcement from the Mexican Institute of the Industrial Property and Important Notice from the National Copyrights Institute,https://www.vonwobeser.com/index.php/publication?p_id=806,https://www.vonwobeser.com/index.php/publications/news?start=490,"September, 2017",2017-09,month,200,correcto,https://www.vonwobeser.com/index.php/publication?p_id=806,,1,legacy_id,806,,e8903180-f541-4637-a37b-8a301d7b68bd,official-announcement-from-the-mexican-institute-of-the-industrial-property-and-,news,2017-09-01,date_match
en:800,en,news,800,Special session: “International perspective on the fight against corruption from organized civil society”,https://www.vonwobeser.com/index.php/publication?p_id=800,https://www.vonwobeser.com/index.php/publications/news?start=490,"September, 2017",2017-09,month,200,correcto,https://www.vonwobeser.com/index.php/publication?p_id=800,,1,legacy_id,800,,12f76aef-493e-489f-9def-f04f448d4dfa,special-session-international-perspective-on-the-fight-against-corruption-from-o,news,2017-09-01,date_match
en:798,en,news,798,Round One Bids for the Oil & Gas Sector,https://www.vonwobeser.com/index.php/publication?p_id=798,https://www.vonwobeser.com/index.php/publications/news?start=620,"January, 2015",2015-01,month,200,correcto,https://www.vonwobeser.com/index.php/publication?p_id=798,,1,legacy_id,798,,482da481-74f5-42d5-a6f2-ff198088ba50,round-one-bids-for-the-oil-gas-sector,news,2015-01-01,date_match
en:796,en,news,796,"Montserrat Manzano, Senior Associate of Von Wobeser y Sierra, S.C. has been named as member and representative of The Center for American & International Law´s Editorial Board of News & Notes",https://www.vonwobeser.com/index.php/publication?p_id=796,https://www.vonwobeser.com/index.php/publications/news?start=620,"January, 2015",2015-01,month,200,correcto,https://www.vonwobeser.com/index.php/publication?p_id=796,,1,legacy_id,796,,f0f1a912-f2c5-4aaa-b647-e4c888b28b4a,montserrat-manzano-senior-associate-of-von-wobeser-y-sierra-s-c-has-been-named-a,news,2015-01-01,date_match
en:794,en,news,794,Global Competition Review- Mexico looks at airport slots in first “barriers to competition” investigation,https://www.vonwobeser.com/index.php/publication?p_id=794,https://www.vonwobeser.com/index.php/publications/news?start=620,"February, 2015",2015-02,month,200,correcto,https://www.vonwobeser.com/index.php/publication?p_id=794,,1,legacy_id,794,,4da8d0ee-52c2-4f7d-90ac-d52762daf3d1,global-competition-review-mexico-looks-at-airport-slots-in-first-barriers-to-com,news,2015-02-01,date_match
en:792,en,news,792,Latin American Corporate Counsel Association (LACCA) - Top100: Mexico.,https://www.vonwobeser.com/index.php/publication?p_id=792,https://www.vonwobeser.com/index.php/publications/news?start=620,"February, 2015",2015-02,month,200,correcto,https://www.vonwobeser.com/index.php/publication?p_id=792,,1,legacy_id,792,,17424970-759e-4351-b842-b5a109d2d3e2,latin-american-corporate-counsel-association-lacca-top100-mexico,news,2015-02-01,date_match
en:790,en,news,790,"Von Wobeser y Sierra´s Of Counsel, Guillermo Ortíz Mayagoitia, Retired Presiding Justice of Mexico and our Partner Diego Sierra participated in the International Bar Association´s Judicial Integrity Initiative in London",https://www.vonwobeser.com/index.php/publication?p_id=790,https://www.vonwobeser.com/index.php/publications/news?start=620,"February, 2015",2015-02,month,200,correcto,https://www.vonwobeser.com/index.php/publication?p_id=790,,1,legacy_id,790,,43d8ad0d-ae8d-4eec-87c9-e6be29225898,von-wobeser-y-sierra-s-of-counsel-guillermo-ortiz-mayagoitia-retired-presiding-j,news,2015-02-01,date_match
en:788,en,news,788,Latin Lawyer- Von Wobeser in US electrical component deal,https://www.vonwobeser.com/index.php/publication?p_id=788,https://www.vonwobeser.com/index.php/publications/news?start=620,"February, 2015",2015-02,month,200,correcto,https://www.vonwobeser.com/index.php/publication?p_id=788,,1,legacy_id,788,,560e8c0f-9e87-4b2b-830c-0846f0d77b1d,latin-lawyer-von-wobeser-in-us-electrical-component-deal,news,2015-02-01,date_match
en:786,en,news,786,"Global Arbitration Review - The GAR 100, The Guide to Specialist Arbitration Firms",https://www.vonwobeser.com/index.php/publication?p_id=786,https://www.vonwobeser.com/index.php/publications/news?start=610,"February, 2015",2015-02,month,200,correcto,https://www.vonwobeser.com/index.php/publication?p_id=786,,1,legacy_id,786,,75bf4714-76d9-4dee-8abe-4d250f1e9b01,global-arbitration-review-the-gar-100-the-guide-to-specialist-arbitration-firms,news,2015-02-01,date_match
en:784,en,news,784,Von Wobeser helps Grupo Modelo invest in eighth Mexican brewery,https://www.vonwobeser.com/index.php/publication?p_id=784,https://www.vonwobeser.com/index.php/publications/news?start=610,"February, 2015",2015-02,month,200,correcto,https://www.vonwobeser.com/index.php/publication?p_id=784,,1,legacy_id,784,,d5afe5b9-3ba1-4e56-93d1-f256e978e8ea,von-wobeser-helps-grupo-modelo-invest-in-eighth-mexican-brewery,news,2015-02-01,date_match
en:782,en,news,782,Latin Lawyer - Costa Rica sparks debate with compulsory bar exam,https://www.vonwobeser.com/index.php/publication?p_id=782,https://www.vonwobeser.com/index.php/publications/news?start=610,"March, 2015",2015-03,month,200,correcto,https://www.vonwobeser.com/index.php/publication?p_id=782,,1,legacy_id,782,,238e7151-02e1-4913-b710-23423ba847d4,latin-lawyer-costa-rica-sparks-debate-with-compulsory-bar-exam,news,2015-03-01,date_match
en:780,en,news,780,Latin Lawyer – Mexico looks to crack soaring egg prices,https://www.vonwobeser.com/index.php/publication?p_id=780,https://www.vonwobeser.com/index.php/publications/news?start=610,"March, 2015",2015-03,month,200,correcto,https://www.vonwobeser.com/index.php/publication?p_id=780,,1,legacy_id,780,,09f0e6c9-5b77-4748-aabe-0d9036c34a97,latin-lawyer-mexico-looks-to-crack-soaring-egg-prices,news,2015-03-01,date_match
en:778,en,news,778,Chamber of Deputies approves reforms to the Federal Labor Law,https://www.vonwobeser.com/index.php/publication?p_id=778,https://www.vonwobeser.com/index.php/publications/news?start=610,"April, 2015",2015-04,month,200,correcto,https://www.vonwobeser.com/index.php/publication?p_id=778,,1,legacy_id,778,,0d344473-82bc-4745-84aa-0186133e03b2,chamber-of-deputies-approves-reforms-to-the-federal-labor-law,news,2015-04-01,date_match
en:776,en,news,776,Reform in the Field to Combat Corruption,https://www.vonwobeser.com/index.php/publication?p_id=776,https://www.vonwobeser.com/index.php/publications/news?start=610,"April, 2015",2015-04,month,200,correcto,https://www.vonwobeser.com/index.php/publication?p_id=776,,1,legacy_id,776,,ba8c1b7d-c0b7-434c-b57f-82a1bf0c9a15,reform-in-the-field-to-combat-corruption,news,2015-04-01,date_match
en:774,en,news,774,"Andres Nieto, Partner, speaker at Latin Lawyer's ""4th Annual Corporate Finance"", in NYC",https://www.vonwobeser.com/index.php/publication?p_id=774,https://www.vonwobeser.com/index.php/publications/news?start=610,"June, 2015",2015-06,month,200,correcto,https://www.vonwobeser.com/index.php/publication?p_id=774,,1,legacy_id,774,,e20eff52-e255-4726-9b14-505c761a240d,andres-nieto-partner-speaker-at-latin-lawyer-s-4th-annual-corporate-finance-in-n,news,2015-06-01,date_match
en:772,en,news,772,The New “Transparency and Access to Public Information Act” enters into effect,https://www.vonwobeser.com/index.php/publication?p_id=772,https://www.vonwobeser.com/index.php/publications/news?start=610,"June, 2015",2015-06,month,200,correcto,https://www.vonwobeser.com/index.php/publication?p_id=772,,1,legacy_id,772,,f66ff482-4700-4f9a-b132-9cf257a759a0,the-new-transparency-and-access-to-public-information-act-enters-into-effect,news,2015-06-01,date_match
en:770,en,news,770,Regulation of The Workers Food Assistance Law is Published,https://www.vonwobeser.com/index.php/publication?p_id=770,https://www.vonwobeser.com/index.php/publications/news?start=610,"June, 2015",2015-06,month,200,correcto,https://www.vonwobeser.com/index.php/publication?p_id=770,,1,legacy_id,770,,82a659fc-8e98-4c41-acaa-793ead29ed47,regulation-of-the-workers-food-assistance-law-is-published,news,2015-06-01,date_match
en:768,en,news,768,Definitive Bidding Guidelines and Production Sharing Contract First Call to Bid–Round One-Shallow Waters,https://www.vonwobeser.com/index.php/publication?p_id=768,https://www.vonwobeser.com/index.php/publications/news?start=610,"June, 2015",2015-06,month,200,correcto,https://www.vonwobeser.com/index.php/publication?p_id=768,,1,legacy_id,768,,fded988c-3718-4c72-9336-66a731b8b936,definitive-bidding-guidelines-and-production-sharing-contract-first-call-to-bid-,news,2015-06-01,date_match
en:766,en,news,766,Article 29 Bis is added to the National Workers Housing Fund Institute Law in relation to Subcontracting,https://www.vonwobeser.com/index.php/publication?p_id=766,https://www.vonwobeser.com/index.php/publications/news?start=600,"June, 2015",2015-06,month,200,correcto,https://www.vonwobeser.com/index.php/publication?p_id=766,,1,legacy_id,766,,a5058e43-f87a-4328-afe4-90d741a98d36,article-29-bis-is-added-to-the-national-workers-housing-fund-institute-law-in-re,news,2015-06-01,date_match
en:764,en,news,764,Von Wobeser y Sierra recognized by Thompson Reuters in their TrustLaw Index 2015 of Pro Bono,https://www.vonwobeser.com/index.php/publication?p_id=764,https://www.vonwobeser.com/index.php/publications/news?start=600,"June, 2015",2015-06,month,200,correcto,https://www.vonwobeser.com/index.php/publication?p_id=764,,1,legacy_id,764,,06011e36-4042-4f49-86aa-390e7c758705,von-wobeser-y-sierra-recognized-by-thompson-reuters-in-their-trustlaw-index-2015,news,2015-06-01,date_match
en:762,en,news,762,Latin Lawyer – Mexico Investigates pensions market,https://www.vonwobeser.com/index.php/publication?p_id=762,https://www.vonwobeser.com/index.php/publications/news?start=600,"July, 2015",2015-07,month,200,correcto,https://www.vonwobeser.com/index.php/publication?p_id=762,,1,legacy_id,762,,3bd638d2-54c8-4417-8519-2f9f72fc2fe4,latin-lawyer-mexico-investigates-pensions-market,news,2015-07-01,date_match
en:760,en,news,760,Round One Contracts; Environmental Obligations Overview,https://www.vonwobeser.com/index.php/publication?p_id=760,https://www.vonwobeser.com/index.php/publications/news?start=600,"July, 2015",2015-07,month,200,correcto,https://www.vonwobeser.com/index.php/publication?p_id=760,,1,legacy_id,760,,47002bcb-4199-4017-aaf7-2ff11df2ae05,round-one-contracts-environmental-obligations-overview,news,2015-07-01,date_match
en:758,en,news,758,Modifications to the bidding rules and the model contract of the Bid No. CNH-R01-L02/2015,https://www.vonwobeser.com/index.php/publication?p_id=758,https://www.vonwobeser.com/index.php/publications/news?start=600,"August, 2015",2015-08,month,200,correcto,https://www.vonwobeser.com/index.php/publication?p_id=758,,1,legacy_id,758,,858d9019-b847-451d-9edf-4a8602d99ab3,modifications-to-the-bidding-rules-and-the-model-contract-of-the-bid-no-cnh-r01-,news,2015-08-01,date_match
en:756,en,news,756,Round One – Relevant Legal Aspects,https://www.vonwobeser.com/index.php/publication?p_id=756,https://www.vonwobeser.com/index.php/publications/news?start=600,"September, 2015",2015-09,month,200,correcto,https://www.vonwobeser.com/index.php/publication?p_id=756,,1,legacy_id,756,,693c13cf-ea97-4b5c-a462-0fadf764fdac,round-one-relevant-legal-aspects,news,2015-09-01,date_match
en:754,en,news,754,Executive actions of the Ministry of Public Administration in the fight against corruption,https://www.vonwobeser.com/index.php/publication?p_id=754,https://www.vonwobeser.com/index.php/publications/news?start=600,"September, 2015",2015-09,month,200,correcto,https://www.vonwobeser.com/index.php/publication?p_id=754,,1,legacy_id,754,,c2547cb2-eee0-439d-91c9-694f5636e392,executive-actions-of-the-ministry-of-public-administration-in-the-fight-against-,news,2015-09-01,date_match
en:752,en,news,752,Homologation of the minimum wage throughout the country,https://www.vonwobeser.com/index.php/publication?p_id=752,https://www.vonwobeser.com/index.php/publications/news?start=600,"September, 2015",2015-09,month,200,correcto,https://www.vonwobeser.com/index.php/publication?p_id=752,,1,legacy_id,752,,b9dd3fe6-1b4a-4d97-841d-232cdd99339b,homologation-of-the-minimum-wage-throughout-the-country,news,2015-09-01,date_match
en:750,en,news,750,Chambers Latin America 2016,https://www.vonwobeser.com/index.php/publication?p_id=750,https://www.vonwobeser.com/index.php/publications/news?start=600,"September, 2015",2015-09,month,200,correcto,https://www.vonwobeser.com/index.php/publication?p_id=750,,1,legacy_id,750,,b398f10f-b606-4f19-9b18-9a97a175b97c,chambers-latin-america-2016,news,2015-09-01,date_match
en:748,en,news,748,The Legal 500 Latin America,https://www.vonwobeser.com/index.php/publication?p_id=748,https://www.vonwobeser.com/index.php/publications/news?start=600,"September, 2015",2015-09,month,200,correcto,https://www.vonwobeser.com/index.php/publication?p_id=748,,1,legacy_id,748,,b402da6e-2c09-4b32-b0e3-b05943a6a9f3,the-legal-500-latin-america,news,2015-09-01,date_match
en:746,en,news,746,GIR 100 Selected firm 2015,https://www.vonwobeser.com/index.php/publication?p_id=746,https://www.vonwobeser.com/index.php/publications/news?start=590,"September, 2015",2015-09,month,200,correcto,https://www.vonwobeser.com/index.php/publication?p_id=746,,1,legacy_id,746,,88abf946-dc5d-4d0c-9162-7bb10807bf6d,gir-100-selected-firm-2015,news,2015-09-01,date_match
en:744,en,news,744,New investment instruments in energy and infrastructure projects: Fibras E,https://www.vonwobeser.com/index.php/publication?p_id=744,https://www.vonwobeser.com/index.php/publications/news?start=590,"October, 2015",2015-10,month,200,correcto,https://www.vonwobeser.com/index.php/publication?p_id=744,,1,legacy_id,744,,17c5ffb5-6d46-441a-990f-762ad423e906,new-investment-instruments-in-energy-and-infrastructure-projects-fibras-e,news,2015-10-01,date_match
en:742,en,news,742,Von Wobeser y Sierra at USMBA Annual Conference 2015: Energizing the US-Mexico,https://www.vonwobeser.com/index.php/publication?p_id=742,https://www.vonwobeser.com/index.php/publications/news?start=590,"October, 2015",2015-10,month,200,correcto,https://www.vonwobeser.com/index.php/publication?p_id=742,,1,legacy_id,742,,32aee898-97ca-4645-8abe-bf771bfff391,von-wobeser-y-sierra-at-usmba-annual-conference-2015-energizing-the-us-mexico,news,2015-10-01,date_match
en:740,en,news,740,Amendments to the Bidding Guidelines and the Model Contract of the Third Invitation to bid of round one,https://www.vonwobeser.com/index.php/publication?p_id=740,https://www.vonwobeser.com/index.php/publications/news?start=590,"November, 2015",2015-11,month,200,correcto,https://www.vonwobeser.com/index.php/publication?p_id=740,,1,legacy_id,740,,837ae323-6289-4fc3-a274-3a1664abdfaa,amendments-to-the-bidding-guidelines-and-the-model-contract-of-the-third-invitat,news,2015-11-01,date_match
en:738,en,news,738,Latin Lawyer- Pro Bono 2015: Leading Lights,https://www.vonwobeser.com/index.php/publication?p_id=738,https://www.vonwobeser.com/index.php/publications/news?start=590,"December, 2015",2015-12,month,200,correcto,https://www.vonwobeser.com/index.php/publication?p_id=738,,1,legacy_id,738,,a96d8d22-18cc-4d41-acb2-41113a45ecf0,latin-lawyer-pro-bono-2015-leading-lights,news,2015-12-01,date_match
en:736,en,news,736,"Dr. Edmund Duckwitz, Of Counsel of Von Wobeser y Sierra, S.C. has received the highest honor from the Mexican government “La Orden Mexicana del Águila Azteca en grado de banda”",https://www.vonwobeser.com/index.php/publication?p_id=736,https://www.vonwobeser.com/index.php/publications/news?start=590,"December, 2015",2015-12,month,200,correcto,https://www.vonwobeser.com/index.php/publication?p_id=736,,1,legacy_id,736,,8b0e88e4-b0d3-4da5-ab01-e666ff4abe26,dr-edmund-duckwitz-of-counsel-of-von-wobeser-y-sierra-s-c-has-received-the-highe,news,2015-12-01,date_match
en:734,en,news,734,GCR- Global Competition Review recognizes Fernando Carreño,https://www.vonwobeser.com/index.php/publication?p_id=734,https://www.vonwobeser.com/index.php/publications/news?start=590,"December, 2015",2015-12,month,200,correcto,https://www.vonwobeser.com/index.php/publication?p_id=734,,1,legacy_id,734,,2e8fe9e2-6cc2-4450-b77d-5d724dd751dd,gcr-global-competition-review-recognizes-fernando-carreno,news,2015-12-01,date_match
en:732,en,news,732,Von Wobeser y Sierra supports and celebrates the International Bar Association’s Judicial Integrity Initiative (JII) by presenting the JII’s preliminary results,https://www.vonwobeser.com/index.php/publication?p_id=732,https://www.vonwobeser.com/index.php/publications/news?start=590,"December, 2015",2015-12,month,200,correcto,https://www.vonwobeser.com/index.php/publication?p_id=732,,1,legacy_id,732,,9468f035-d16a-45e3-9a81-74e7be8be6bf,von-wobeser-y-sierra-supports-and-celebrates-the-international-bar-association-s,news,2015-12-01,date_match
en:730,en,news,730,Resolution creating the Work Accidents Notice System is published and the forms for reporting worker accidents and deaths are released,https://www.vonwobeser.com/index.php/publication?p_id=730,https://www.vonwobeser.com/index.php/publications/news?start=590,"December, 2015",2015-12,month,200,correcto,https://www.vonwobeser.com/index.php/publication?p_id=730,,1,legacy_id,730,,ed1d1135-e5c3-43b0-97f7-4a79ad2b039f,resolution-creating-the-work-accidents-notice-system-is-published-and-the-forms-,news,2015-12-01,date_match
en:725,en,news,725,International Chamber of Commerce (ICC) – Andrés Nieto – Financial Arbitration,https://www.vonwobeser.com/index.php/publication?p_id=725,https://www.vonwobeser.com/index.php/publications/news?start=500,"March, 2017",2017-03,month,200,correcto,https://www.vonwobeser.com/index.php/publication?p_id=725,,1,legacy_id,725,,0a95bae0-b64d-452e-a367-fef0d1106767,international-chamber-of-commerce-icc-andres-nieto-financial-arbitration,news,2017-03-01,date_match
en:722,en,news,722,"Claus von Wobeser is Elected as President of CAMEXA, July 2009.",https://www.vonwobeser.com/index.php/publication?p_id=722,https://www.vonwobeser.com/index.php/publications/news?start=760,"July, 2009",2009-07,month,200,correcto,https://www.vonwobeser.com/index.php/publication?p_id=722,,1,legacy_id,722,,80a2247f-ee4b-4804-b234-70e35497c420,claus-von-wobeser-is-elected-as-president-of-camexa-july-2009,news,2009-07-01,date_match
en:720,en,news,720,"Von Wobeser y Sierra is Selected to Be Among Top 100 Firms of the World, October 2009.",https://www.vonwobeser.com/index.php/publication?p_id=720,https://www.vonwobeser.com/index.php/publications/news?start=760,"October, 2009",2009-10,month,200,correcto,https://www.vonwobeser.com/index.php/publication?p_id=720,,1,legacy_id,720,,2cd4252e-529f-4009-b279-67c58b7cf667,von-wobeser-y-sierra-is-selected-to-be-among-top-100-firms-of-the-world-october-,news,2009-10-01,date_match
en:718,en,news,718,"Von Wobeser y Sierra is Recognized as Top Leading Firm, October 2009.",https://www.vonwobeser.com/index.php/publication?p_id=718,https://www.vonwobeser.com/index.php/publications/news?start=760,"October, 2009",2009-10,month,200,correcto,https://www.vonwobeser.com/index.php/publication?p_id=718,,1,legacy_id,718,,b7c0a397-7342-4ac8-aeae-b5b4d283aff9,von-wobeser-y-sierra-is-recognized-as-top-leading-firm-october-2009,news,2009-10-01,date_match
en:716,en,news,716,"New Website of Von Wobeser y Sierra, January 2010.",https://www.vonwobeser.com/index.php/publication?p_id=716,https://www.vonwobeser.com/index.php/publications/news?start=760,"January, 2010",2010-01,month,200,correcto,https://www.vonwobeser.com/index.php/publication?p_id=716,,1,legacy_id,716,,c5b52dc9-938e-4eec-b77e-51e9e628e3be,new-website-of-von-wobeser-y-sierra-january-2010,news,2010-01-01,date_match
en:714,en,news,714,Von Wobeser y Sierra Promotes New Partner January 2010,https://www.vonwobeser.com/index.php/publication?p_id=714,https://www.vonwobeser.com/index.php/publications/news?start=760,"January, 2010",2010-01,month,200,correcto,https://www.vonwobeser.com/index.php/publication?p_id=714,,1,legacy_id,714,,d4a24a9d-4778-443c-85f9-2c4f182495a3,von-wobeser-y-sierra-promotes-new-partner-january-2010,news,2010-01-01,date_match
en:712,en,news,712,Von Wobeser y Sierra Wins Arbitration Case Representing Chemicals Company,https://www.vonwobeser.com/index.php/publication?p_id=712,https://www.vonwobeser.com/index.php/publications/news?start=760,"July, 2010",2010-07,month,200,correcto,https://www.vonwobeser.com/index.php/publication?p_id=712,,1,legacy_id,712,,97e1e826-5592-4d5d-9f55-bc719954d39b,von-wobeser-y-sierra-wins-arbitration-case-representing-chemicals-company,news,2010-07-01,date_match
en:710,en,news,710,Mr. Manuel Lizardi is named Professor Emeritus of the Escuela Libre de Derecho and Publishes New Book,https://www.vonwobeser.com/index.php/publication?p_id=710,https://www.vonwobeser.com/index.php/publications/news?start=750,"July, 2010",2010-07,month,200,correcto,https://www.vonwobeser.com/index.php/publication?p_id=710,,1,legacy_id,710,,eb53e8b0-ad65-4cc8-aefd-00ceff338a28,mr-manuel-lizardi-is-named-professor-emeritus-of-the-escuela-libre-de-derecho-an,news,2010-07-01,date_match
en:708,en,news,708,Von Wobeser y Sierra Obtains Favorable Award for Anheuser-Busch InBev,https://www.vonwobeser.com/index.php/publication?p_id=708,https://www.vonwobeser.com/index.php/publications/news?start=750,"July, 2010",2010-07,month,200,correcto,https://www.vonwobeser.com/index.php/publication?p_id=708,,1,legacy_id,708,,2718e391-376d-4b05-8928-a05f62f5776a,von-wobeser-y-sierra-obtains-favorable-award-for-anheuser-busch-inbev,news,2010-07-01,date_match
en:706,en,news,706,Latin Lawyer - ICC Deputy Counsel heads for Mexico´s Von Wobeser y Sierra S.C.,https://www.vonwobeser.com/index.php/publication?p_id=706,https://www.vonwobeser.com/index.php/publications/news?start=750,"December, 2011",2011-12,month,200,correcto,https://www.vonwobeser.com/index.php/publication?p_id=706,,1,legacy_id,706,,0ed1ae45-c170-42a5-8d15-8bd6ecee96d6,latin-lawyer-icc-deputy-counsel-heads-for-mexico-s-von-wobeser-y-sierra-s-c,news,2011-12-01,date_match
en:704,en,news,704,Von Wobeser y Sierra Promotes Andrés Nieto as New Partner,https://www.vonwobeser.com/index.php/publication?p_id=704,https://www.vonwobeser.com/index.php/publications/news?start=750,"January, 2012",2012-01,month,200,correcto,https://www.vonwobeser.com/index.php/publication?p_id=704,,1,legacy_id,704,,51e2ff00-c6b9-4156-b131-2b5fb1df6fae,von-wobeser-y-sierra-promotes-andres-nieto-as-new-partner,news,2012-01-01,date_match
en:702,en,news,702,Corporate Livewire - Von Wobeser y Sierra S.C. wins as Arbitration & Energy Law Firm of Corporate Livewire - Von Wobeser y Sierra S.C. wins as Arbitration & Energy Law Firm of the Year,https://www.vonwobeser.com/index.php/publication?p_id=702,https://www.vonwobeser.com/index.php/publications/news?start=750,"February, 2012",2012-02,month,200,correcto,https://www.vonwobeser.com/index.php/publication?p_id=702,,1,legacy_id,702,,270946f3-7ea9-452a-8e2f-8ba46fe242a3,corporate-livewire-von-wobeser-y-sierra-s-c-wins-as-arbitration-energy-law-firm-,news,2012-02-01,date_match
en:700,en,news,700,Von Wobeser y Sierra S.C. welcomes Victor M. Ruiz to our Arbitration practice.,https://www.vonwobeser.com/index.php/publication?p_id=700,https://www.vonwobeser.com/index.php/publications/news?start=750,"February, 2012",2012-02,month,200,correcto,https://www.vonwobeser.com/index.php/publication?p_id=700,,1,legacy_id,700,,acfe4cef-eb50-4d74-978e-32e70b67593d,von-wobeser-y-sierra-s-c-welcomes-victor-m-ruiz-to-our-arbitration-practice,news,2012-02-01,date_match
en:698,en,news,698,Global Arbitration Review - Mexico’s leading arbitration firm added an ex-ICC deputy counsel to the team,https://www.vonwobeser.com/index.php/publication?p_id=698,https://www.vonwobeser.com/index.php/publications/news?start=750,"March, 2012",2012-03,month,200,correcto,https://www.vonwobeser.com/index.php/publication?p_id=698,,1,legacy_id,698,,309b98ae-177f-4706-af8c-05d89d8fb1b6,global-arbitration-review-mexico-s-leading-arbitration-firm-added-an-ex-icc-depu,news,2012-03-01,date_match
en:696,en,news,696,Von Wobeser y Sierra S.C. is a key player during The American Bar Association Conference on June 14th-16th 2012.,https://www.vonwobeser.com/index.php/publication?p_id=696,https://www.vonwobeser.com/index.php/publications/news?start=750,"May, 2012",2012-05,month,200,correcto,https://www.vonwobeser.com/index.php/publication?p_id=696,,1,legacy_id,696,,81f10bfa-2e07-4fe1-9777-e91010b57305,von-wobeser-y-sierra-s-c-is-a-key-player-during-the-american-bar-association-con,news,2012-05-01,date_match
en:694,en,news,694,Latin Lawyer - Mexico´s Von Wobeser helps miner New Gold,https://www.vonwobeser.com/index.php/publication?p_id=694,https://www.vonwobeser.com/index.php/publications/news?start=750,"May, 2012",2012-05,month,200,correcto,https://www.vonwobeser.com/index.php/publication?p_id=694,,1,legacy_id,694,,80a909d6-19b5-4264-8336-2241b87637ac,latin-lawyer-mexico-s-von-wobeser-helps-miner-new-gold,news,2012-05-01,date_match
en:692,en,news,692,Von Wobeser y Sierra S.C. counsel to Anheuser Busch InBev in the acquisition of Grupo Modelo,https://www.vonwobeser.com/index.php/publication?p_id=692,https://www.vonwobeser.com/index.php/publications/news?start=750,"July, 2012",2012-07,month,200,correcto,https://www.vonwobeser.com/index.php/publication?p_id=692,,1,legacy_id,692,,f32742cc-291d-4923-8742-67dabcb53249,von-wobeser-y-sierra-s-c-counsel-to-anheuser-busch-inbev-in-the-acquisition-of-g,news,2012-07-01,date_match
en:690,en,news,690,Latin Lawyer - Eight firms in AB Inbev Grupo Modelo,https://www.vonwobeser.com/index.php/publication?p_id=690,https://www.vonwobeser.com/index.php/publications/news?start=740,"July, 2012",2012-07,month,200,correcto,https://www.vonwobeser.com/index.php/publication?p_id=690,,1,legacy_id,690,,911a32a7-03c5-4adb-a089-61aaf268b6c4,latin-lawyer-eight-firms-in-ab-inbev-grupo-modelo,news,2012-07-01,date_match
en:688,en,news,688,Global Arbitration Review - Von Wobeser in driver´s seat for Costa Rica claim,https://www.vonwobeser.com/index.php/publication?p_id=688,https://www.vonwobeser.com/index.php/publications/news?start=740,"August, 2012",2012-08,month,200,correcto,https://www.vonwobeser.com/index.php/publication?p_id=688,,1,legacy_id,688,,97a56e52-4089-4704-a4af-0ef1c0bf4ebb,global-arbitration-review-von-wobeser-in-driver-s-seat-for-costa-rica-claim,news,2012-08-01,date_match
en:686,en,news,686,Von Wobeser y Sierra S.C. recognized by Chambers Latin America.,https://www.vonwobeser.com/index.php/publication?p_id=686,https://www.vonwobeser.com/index.php/publications/news?start=740,"September, 2012",2012-09,month,200,correcto,https://www.vonwobeser.com/index.php/publication?p_id=686,,1,legacy_id,686,,80b7c205-f660-4554-b7f0-00360f5962f8,von-wobeser-y-sierra-s-c-recognized-by-chambers-latin-america,news,2012-09-01,date_match
en:684,en,news,684,Von Wobeser y Sierra S.C. recognized by Legal 500.,https://www.vonwobeser.com/index.php/publication?p_id=684,https://www.vonwobeser.com/index.php/publications/news?start=740,"September, 2012",2012-09,month,200,correcto,https://www.vonwobeser.com/index.php/publication?p_id=684,,1,legacy_id,684,,9bd63c50-d9bf-4185-9963-a870b6010091,von-wobeser-y-sierra-s-c-recognized-by-legal-500,news,2012-09-01,date_match
en:681,en,news,681,"Von Wobeser y Sierra S.C. participated in the workshop “Enhancing Global Cartel Enforcement, Building on Solid Foundations” of the ICN.",https://www.vonwobeser.com/index.php/publication?p_id=681,https://www.vonwobeser.com/index.php/publications/news?start=740,"October, 2012",2012-10,month,200,correcto,https://www.vonwobeser.com/index.php/publication?p_id=681,,1,legacy_id,681,,6259c3f3-a5ad-4944-a571-b516c6a40e42,von-wobeser-y-sierra-s-c-participated-in-the-workshop-enhancing-global-cartel-en,news,2012-10-01,date_match
en:679,en,news,679,"Von Wobeser y Sierra S.C. participates in the ICC Seminar, “Controversial Financial Solutions”.",https://www.vonwobeser.com/index.php/publication?p_id=679,https://www.vonwobeser.com/index.php/publications/news?start=740,"October, 2012",2012-10,month,200,correcto,https://www.vonwobeser.com/index.php/publication?p_id=679,,1,legacy_id,679,,75d3bde1-e211-4646-888f-4adf19e2afcd,von-wobeser-y-sierra-s-c-participates-in-the-icc-seminar-controversial-financial,news,2012-10-01,date_match
en:677,en,news,677,Global Competition Review - AB InBev/ Grupo Modelo approved in Mexico,https://www.vonwobeser.com/index.php/publication?p_id=677,https://www.vonwobeser.com/index.php/publications/news?start=740,"November, 2012",2012-11,month,200,correcto,https://www.vonwobeser.com/index.php/publication?p_id=677,,1,legacy_id,677,,50e25d8d-208b-4285-896f-d30ac18d5097,global-competition-review-ab-inbev-grupo-modelo-approved-in-mexico,news,2012-11-01,date_match
en:675,en,news,675,Latin Lawyer - AB InBev/ Grupo Modelo approved in Mexico,https://www.vonwobeser.com/index.php/publication?p_id=675,https://www.vonwobeser.com/index.php/publications/news?start=740,"November, 2012",2012-11,month,200,correcto,https://www.vonwobeser.com/index.php/publication?p_id=675,,1,legacy_id,675,,703bc4e2-e4eb-4953-80fd-24e03926c3bc,latin-lawyer-ab-inbev-grupo-modelo-approved-in-mexico,news,2012-11-01,date_match
en:673,en,news,673,Latin Lawyer - New Gold returns to familiar firms for US$500 million issuance,https://www.vonwobeser.com/index.php/publication?p_id=673,https://www.vonwobeser.com/index.php/publications/news?start=740,"November, 2012",2012-11,month,200,correcto,https://www.vonwobeser.com/index.php/publication?p_id=673,,1,legacy_id,673,,5a9f8aaa-3b6d-4823-97ed-3b5df469905c,latin-lawyer-new-gold-returns-to-familiar-firms-for-us-500-million-issuance,news,2012-11-01,date_match
en:671,en,news,671,Federal Labor Law Reforms,https://www.vonwobeser.com/index.php/publication?p_id=671,https://www.vonwobeser.com/index.php/publications/news?start=740,"December, 2012",2012-12,month,200,correcto,https://www.vonwobeser.com/index.php/publication?p_id=671,,1,legacy_id,671,,cee8c7b7-dfc6-4506-96e1-759984424c25,federal-labor-law-reforms,news,2012-12-01,date_match
en:669,en,news,669,New Immigration Law in Mexico,https://www.vonwobeser.com/index.php/publication?p_id=669,https://www.vonwobeser.com/index.php/publications/news?start=730,"December, 2012",2012-12,month,200,correcto,https://www.vonwobeser.com/index.php/publication?p_id=669,,1,legacy_id,669,,6692cb8d-c01f-453f-84d6-b5ce713c7855,new-immigration-law-in-mexico,news,2012-12-01,date_match
en:667,en,news,667,Federal Act to Prevent and Identify Transactions Involving Illicit Funds,https://www.vonwobeser.com/index.php/publication?p_id=667,https://www.vonwobeser.com/index.php/publications/news?start=730,"January, 2013",2013-01,month,200,correcto,https://www.vonwobeser.com/index.php/publication?p_id=667,,1,legacy_id,667,,8e721323-5669-45ed-bd0d-b0d81db74553,federal-act-to-prevent-and-identify-transactions-involving-illicit-funds-6,news,2013-01-01,date_match
en:665,en,news,665,Reforms to the Federal Labor Law,https://www.vonwobeser.com/index.php/publication?p_id=665,https://www.vonwobeser.com/index.php/publications/news?start=730,"January, 2013",2013-01,month,200,correcto,https://www.vonwobeser.com/index.php/publication?p_id=665,,1,legacy_id,665,,c00d7078-980e-4a2a-82df-2ccf57e2a922,reforms-to-the-federal-labor-law,news,2013-01-01,date_match
en:663,en,news,663,Von Wobeser y Sierra S.C. promotes Adrián Magallanes to Partner,https://www.vonwobeser.com/index.php/publication?p_id=663,https://www.vonwobeser.com/index.php/publications/news?start=730,"January, 2013",2013-01,month,200,correcto,https://www.vonwobeser.com/index.php/publication?p_id=663,,1,legacy_id,663,,0e83e999-d176-4a42-adc0-63bdbf72f82a,von-wobeser-y-sierra-s-c-promotes-adrian-magallanes-to-partner,news,2013-01-01,date_match
en:661,en,news,661,Von Wobeser y Sierra S.C. promotes Edmond Grieger to Partner,https://www.vonwobeser.com/index.php/publication?p_id=661,https://www.vonwobeser.com/index.php/publications/news?start=730,"January, 2013",2013-01,month,200,correcto,https://www.vonwobeser.com/index.php/publication?p_id=661,,1,legacy_id,661,,b03c0bb4-f37c-4109-bf21-3164f9bf398c,von-wobeser-y-sierra-s-c-promotes-edmond-grieger-to-partner,news,2013-01-01,date_match
en:659,en,news,659,Von Wobeser y Sierra S.C. will participate in the Organization of American State’s (OAS) Summit on International Commercial Arbitration.,https://www.vonwobeser.com/index.php/publication?p_id=659,https://www.vonwobeser.com/index.php/publications/news?start=730,"January, 2013",2013-01,month,200,correcto,https://www.vonwobeser.com/index.php/publication?p_id=659,,1,legacy_id,659,,9232b127-6bc6-4aa0-91ae-43a0f1d44b6b,von-wobeser-y-sierra-s-c-will-participate-in-the-organization-of-american-state-,news,2013-01-01,date_match
en:657,en,news,657,Latin Lawyer -More firms announce new partners,https://www.vonwobeser.com/index.php/publication?p_id=657,https://www.vonwobeser.com/index.php/publications/news?start=730,"January, 2013",2013-01,month,200,correcto,https://www.vonwobeser.com/index.php/publication?p_id=657,,1,legacy_id,657,,7dc24a32-7beb-4059-9fea-83b974905c1e,latin-lawyer-more-firms-announce-new-partners,news,2013-01-01,date_match
en:655,en,news,655,Global Arbitration Review - Von Wobeser adds to partnership,https://www.vonwobeser.com/index.php/publication?p_id=655,https://www.vonwobeser.com/index.php/publications/news?start=730,"January, 2013",2013-01,month,200,correcto,https://www.vonwobeser.com/index.php/publication?p_id=655,,1,legacy_id,655,,54d2660b-3266-40fd-bb29-4c7f9e346f96,global-arbitration-review-von-wobeser-adds-to-partnership,news,2013-01-01,date_match
en:653,en,news,653,Latin Lawyer - AB InBev offers DoJ more remedies,https://www.vonwobeser.com/index.php/publication?p_id=653,https://www.vonwobeser.com/index.php/publications/news?start=730,"February, 2013",2013-02,month,200,correcto,https://www.vonwobeser.com/index.php/publication?p_id=653,,1,legacy_id,653,,2357a322-0585-4c9e-beef-722503ac83bf,latin-lawyer-ab-inbev-offers-doj-more-remedies,news,2013-02-01,date_match
en:651,en,news,651,New Amparo Law,https://www.vonwobeser.com/index.php/publication?p_id=651,https://www.vonwobeser.com/index.php/publications/news?start=730,"March, 2013",2013-03,month,200,correcto,https://www.vonwobeser.com/index.php/publication?p_id=651,,1,legacy_id,651,,b4c8af7b-9a97-4b9b-a8a3-7d751cd1486b,new-amparo-law,news,2013-03-01,date_match
en:649,en,news,649,"Von Wobeser y Sierra, S.C. active in the ANADE",https://www.vonwobeser.com/index.php/publication?p_id=649,https://www.vonwobeser.com/index.php/publications/news?start=720,"April, 2013",2013-04,month,200,correcto,https://www.vonwobeser.com/index.php/publication?p_id=649,,1,legacy_id,649,,12fa5897-6948-4962-901c-00d712641d3d,von-wobeser-y-sierra-s-c-active-in-the-anade,news,2013-04-01,date_match
en:647,en,news,647,New Amparo Law Enters Into Force,https://www.vonwobeser.com/index.php/publication?p_id=647,https://www.vonwobeser.com/index.php/publications/news?start=720,"April, 2013",2013-04,month,200,correcto,https://www.vonwobeser.com/index.php/publication?p_id=647,,1,legacy_id,647,,ebef437c-1eb6-47ac-953f-d69f176e1c1d,new-amparo-law-enters-into-force,news,2013-04-01,date_match
en:645,en,news,645,The Privacy Notice and Protection of Personal Data,https://www.vonwobeser.com/index.php/publication?p_id=645,https://www.vonwobeser.com/index.php/publications/news?start=720,"April, 2013",2013-04,month,200,correcto,https://www.vonwobeser.com/index.php/publication?p_id=645,,1,legacy_id,645,,7d159930-5331-45f2-b467-6eeb4efe768f,the-privacy-notice-and-protection-of-personal-data,news,2013-04-01,date_match
en:643,en,news,643,"Fernando Carreño of Von Wobeser y Sierra, S.C. key speaker in the First Workshop on Competition and Antitrust which was offered in conjunction with ICC Mexico, The Competition & Antitrust Comission and Ibero University",https://www.vonwobeser.com/index.php/publication?p_id=643,https://www.vonwobeser.com/index.php/publications/news?start=720,"April, 2013",2013-04,month,200,correcto,https://www.vonwobeser.com/index.php/publication?p_id=643,,1,legacy_id,643,,6ef45992-c359-48e2-b2d0-fe14ec84c7ab,fernando-carreno-of-von-wobeser-y-sierra-s-c-key-speaker-in-the-first-workshop-o,news,2013-04-01,date_match
en:641,en,news,641,"Von Wobeser y Sierra, S.C. actively participates in INTA 2013",https://www.vonwobeser.com/index.php/publication?p_id=641,https://www.vonwobeser.com/index.php/publications/news?start=720,"April, 2013",2013-04,month,200,correcto,https://www.vonwobeser.com/index.php/publication?p_id=641,,1,legacy_id,641,,4d1f231f-d7d7-4209-8931-f01cace8e275,von-wobeser-y-sierra-s-c-actively-participates-in-inta-2013,news,2013-04-01,date_match
en:639,en,news,639,"Von Wobeser y Sierra, S.C. will attend the INTA Annual INTA Meeting 2013",https://www.vonwobeser.com/index.php/publication?p_id=639,https://www.vonwobeser.com/index.php/publications/news?start=720,"April, 2013",2013-04,month,200,correcto,https://www.vonwobeser.com/index.php/publication?p_id=639,,1,legacy_id,639,,ca990492-2557-47a6-be30-09c52c2055df,von-wobeser-y-sierra-s-c-will-attend-the-inta-annual-inta-meeting-2013,news,2013-04-01,date_match
en:637,en,news,637,Proposal of Constitutional Reform on Acquisition of Property by Foreigners,https://www.vonwobeser.com/index.php/publication?p_id=637,https://www.vonwobeser.com/index.php/publications/news?start=720,"April, 2013",2013-04,month,200,correcto,https://www.vonwobeser.com/index.php/publication?p_id=637,,1,legacy_id,637,,b664c872-d247-4262-b910-998ef051125b,proposal-of-constitutional-reform-on-acquisition-of-property-by-foreigners,news,2013-04-01,date_match
en:635,en,news,635,Von Wobeser y Sierra S.C. is recognized for its Pro Bono work,https://www.vonwobeser.com/index.php/publication?p_id=635,https://www.vonwobeser.com/index.php/publications/news?start=720,"May, 2013",2013-05,month,200,correcto,https://www.vonwobeser.com/index.php/publication?p_id=635,,1,legacy_id,635,,09718700-194c-4ff4-bd7d-81ae587de646,von-wobeser-y-sierra-s-c-is-recognized-for-its-pro-bono-work,news,2013-05-01,date_match
en:633,en,news,633,Von Wobeser y Sierra S.C. is recognized by Latin Lawyer 250 as one of the top firms in Latin America,https://www.vonwobeser.com/index.php/publication?p_id=633,https://www.vonwobeser.com/index.php/publications/news?start=720,"May, 2013",2013-05,month,200,correcto,https://www.vonwobeser.com/index.php/publication?p_id=633,,1,legacy_id,633,,c307720a-de4e-43e3-b7e1-ea1a659761f8,von-wobeser-y-sierra-s-c-is-recognized-by-latin-lawyer-250-as-one-of-the-top-fir,news,2013-05-01,date_match
en:631,en,news,631,Von Wobeser y Sierra S.C. is recognized by Chambers & Partners Global,https://www.vonwobeser.com/index.php/publication?p_id=631,https://www.vonwobeser.com/index.php/publications/news?start=720,"May, 2013",2013-05,month,200,correcto,https://www.vonwobeser.com/index.php/publication?p_id=631,,1,legacy_id,631,,03313922-59a3-4e7b-bedf-c2851af6fd3d,von-wobeser-y-sierra-s-c-is-recognized-by-chambers-partners-global,news,2013-05-01,date_match
en:629,en,news,629,Von Wobeser y Sierra S.C. is recognized by IFLR 1000,https://www.vonwobeser.com/index.php/publication?p_id=629,https://www.vonwobeser.com/index.php/publications/news?start=710,"May, 2013",2013-05,month,200,correcto,https://www.vonwobeser.com/index.php/publication?p_id=629,,1,legacy_id,629,,3cedca02-a29b-44d6-8ee5-d9028db1cd83,von-wobeser-y-sierra-s-c-is-recognized-by-iflr-1000,news,2013-05-01,date_match
en:627,en,news,627,Von Wobeser y Sierra S.C. is recognized by IFLR 1000 Latin America Energy & Infrastructure Guide,https://www.vonwobeser.com/index.php/publication?p_id=627,https://www.vonwobeser.com/index.php/publications/news?start=710,"May, 2013",2013-05,month,200,correcto,https://www.vonwobeser.com/index.php/publication?p_id=627,,1,legacy_id,627,,78f3d48a-2748-4a28-a44a-71a245691d1f,von-wobeser-y-sierra-s-c-is-recognized-by-iflr-1000-latin-america-energy-infrast,news,2013-05-01,date_match
en:625,en,news,625,Latin Lawyer - DoJ reaches deal to end AB-Inbev/Modelo challenge,https://www.vonwobeser.com/index.php/publication?p_id=625,https://www.vonwobeser.com/index.php/publications/news?start=710,"May, 2013",2013-05,month,200,correcto,https://www.vonwobeser.com/index.php/publication?p_id=625,,1,legacy_id,625,,8c5f8f34-913c-42af-814e-928b72d7e006,latin-lawyer-doj-reaches-deal-to-end-ab-inbev-modelo-challenge,news,2013-05-01,date_match
en:623,en,news,623,Latin Lawyer - Alsea acquires Burger King franchise in Mexico,https://www.vonwobeser.com/index.php/publication?p_id=623,https://www.vonwobeser.com/index.php/publications/news?start=710,"May, 2013",2013-05,month,200,correcto,https://www.vonwobeser.com/index.php/publication?p_id=623,,1,legacy_id,623,,b2ca2e64-b61a-4987-a4bb-303f0c2ccd7f,latin-lawyer-alsea-acquires-burger-king-franchise-in-mexico,news,2013-05-01,date_match
en:620,en,news,620,"Von Wobeser y Sierra, S.C. called to train Dominican Republic Judges on the UNCITRAL Model Law on International Commercial Arbitration",https://www.vonwobeser.com/index.php/publication?p_id=620,https://www.vonwobeser.com/index.php/publications/news?start=710,"May, 2013",2013-05,month,200,correcto,https://www.vonwobeser.com/index.php/publication?p_id=620,,1,legacy_id,620,,6b91b192-eb0a-4a51-b56a-fb988f1c0b9d,von-wobeser-y-sierra-s-c-called-to-train-dominican-republic-judges-on-the-uncitr,news,2013-05-01,date_match
en:618,en,news,618,"Von Wobeser y Sierra, S.C. congratulates Silverio Sandate for receiving his specialty in Authors Rights from the Instituto de Propiedad Intelectual y Derecho de la Competencia (IPIDEC)",https://www.vonwobeser.com/index.php/publication?p_id=618,https://www.vonwobeser.com/index.php/publications/news?start=710,"May, 2013",2013-05,month,200,correcto,https://www.vonwobeser.com/index.php/publication?p_id=618,,1,legacy_id,618,,4735fbfd-7397-445e-a334-ed9ef6eabfce,von-wobeser-y-sierra-s-c-congratulates-silverio-sandate-for-receiving-his-specia,news,2013-05-01,date_match
en:616,en,news,616,"Von Wobeser y Sierra, S.C. will participate in the ICC Course: Dispute Boards in Latin America",https://www.vonwobeser.com/index.php/publication?p_id=616,https://www.vonwobeser.com/index.php/publications/news?start=710,"May, 2013",2013-05,month,200,correcto,https://www.vonwobeser.com/index.php/publication?p_id=616,,1,legacy_id,616,,06fe6aa1-0f61-4ba3-aa4b-4cdd49b8207c,von-wobeser-y-sierra-s-c-will-participate-in-the-icc-course-dispute-boards-in-la,news,2013-05-01,date_match
en:614,en,news,614,"Von Wobeser y Sierra, S.C. advised AB InBev in tender offer USD 20.1 billion",https://www.vonwobeser.com/index.php/publication?p_id=614,https://www.vonwobeser.com/index.php/publications/news?start=710,"June, 2013",2013-06,month,200,correcto,https://www.vonwobeser.com/index.php/publication?p_id=614,,1,legacy_id,614,,444bfeb7-ca7e-424f-b46d-c9251a1be734,von-wobeser-y-sierra-s-c-advised-ab-inbev-in-tender-offer-usd-20-1-billion,news,2013-06-01,date_match
en:612,en,news,612,New Environmental Liability Act,https://www.vonwobeser.com/index.php/publication?p_id=612,https://www.vonwobeser.com/index.php/publications/news?start=710,"June, 2013",2013-06,month,200,correcto,https://www.vonwobeser.com/index.php/publication?p_id=612,,1,legacy_id,612,,9d551fcb-cea5-45a0-9767-6f0b3244c5c7,new-environmental-liability-act,news,2013-06-01,date_match
en:610,en,news,610,"Adrián Magallanes, Partner of VWyS at 11TH Annual Miami International Arbitration Conference",https://www.vonwobeser.com/index.php/publication?p_id=610,https://www.vonwobeser.com/index.php/publications/news?start=710,"June, 2013",2013-06,month,200,correcto,https://www.vonwobeser.com/index.php/publication?p_id=610,,1,legacy_id,610,,89405e2b-190a-467e-8993-cd958870d4bb,adrian-magallanes-partner-of-vwys-at-11th-annual-miami-international-arbitration,news,2013-06-01,date_match
en:608,en,news,608,"Von Wobeser y Sierra, S.C. participates with Mexican Congress in regards to the Financial Reform",https://www.vonwobeser.com/index.php/publication?p_id=608,https://www.vonwobeser.com/index.php/publications/news?start=700,"June, 2013",2013-06,month,200,correcto,https://www.vonwobeser.com/index.php/publication?p_id=608,,1,legacy_id,608,,54ca2aae-524c-4a29-980f-aa14426de831,von-wobeser-y-sierra-s-c-participates-with-mexican-congress-in-regards-to-the-fi,news,2013-06-01,date_match
en:606,en,news,606,Federal Act to Prevent and Identify Transactions Involving Illicit Funds,https://www.vonwobeser.com/index.php/publication?p_id=606,https://www.vonwobeser.com/index.php/publications/news?start=700,"July, 2013",2013-07,month,200,correcto,https://www.vonwobeser.com/index.php/publication?p_id=606,,1,legacy_id,606,,2e54516b-ae04-4631-88a6-abc52188aaae,federal-act-to-prevent-and-identify-transactions-involving-illicit-funds-5,news,2013-07-01,date_match
en:604,en,news,604,Latin Lawyer - SAB ruling expected in coming days,https://www.vonwobeser.com/index.php/publication?p_id=604,https://www.vonwobeser.com/index.php/publications/news?start=700,"July, 2013",2013-07,month,200,correcto,https://www.vonwobeser.com/index.php/publication?p_id=604,,1,legacy_id,604,,ce5b3e41-b7be-4abe-ae89-358dba8c7993,latin-lawyer-sab-ruling-expected-in-coming-days,news,2013-07-01,date_match
en:602,en,news,602,Latin Lawyer - Mexico restricts brewer´s exclusive contracts,https://www.vonwobeser.com/index.php/publication?p_id=602,https://www.vonwobeser.com/index.php/publications/news?start=700,"July, 2013",2013-07,month,200,correcto,https://www.vonwobeser.com/index.php/publication?p_id=602,,1,legacy_id,602,,fe5e8e1e-e22b-45b0-9421-f341db3d55af,latin-lawyer-mexico-restricts-brewer-s-exclusive-contracts,news,2013-07-01,date_match
en:600,en,news,600,Latin Lawyer - 3G wins unconditional Mexican approval for Heinz,https://www.vonwobeser.com/index.php/publication?p_id=600,https://www.vonwobeser.com/index.php/publications/news?start=700,"July, 2013",2013-07,month,200,correcto,https://www.vonwobeser.com/index.php/publication?p_id=600,,1,legacy_id,600,,5ab0a2c5-5b06-4831-a0ac-5b4e3afbba6b,latin-lawyer-3g-wins-unconditional-mexican-approval-for-heinz,news,2013-07-01,date_match
en:598,en,news,598,"Creation of the specialized courts and tribunals in antitrust, broadcasting and telecommunications",https://www.vonwobeser.com/index.php/publication?p_id=598,https://www.vonwobeser.com/index.php/publications/news?start=700,"August, 2013",2013-08,month,200,correcto,https://www.vonwobeser.com/index.php/publication?p_id=598,,1,legacy_id,598,,54b3aa92-14b3-403d-b2d9-51b5c64aa9ef,creation-of-the-specialized-courts-and-tribunals-in-antitrust-broadcasting-and-t,news,2013-08-01,date_match
en:596,en,news,596,Energy Reform Bill,https://www.vonwobeser.com/index.php/publication?p_id=596,https://www.vonwobeser.com/index.php/publications/news?start=700,"August, 2013",2013-08,month,200,correcto,https://www.vonwobeser.com/index.php/publication?p_id=596,,1,legacy_id,596,,85c1cbb5-fafb-4e3d-882d-2d505e075e5a,energy-reform-bill,news,2013-08-01,date_match
en:594,en,news,594,Latin Lawyer - Von Wobeser helps Modelo bid farewell to football team,https://www.vonwobeser.com/index.php/publication?p_id=594,https://www.vonwobeser.com/index.php/publications/news?start=700,"August, 2013",2013-08,month,200,correcto,https://www.vonwobeser.com/index.php/publication?p_id=594,,1,legacy_id,594,,03e13b53-fbe2-4b80-b5ef-2be2a7a2a5d4,latin-lawyer-von-wobeser-helps-modelo-bid-farewell-to-football-team,news,2013-08-01,date_match
en:592,en,news,592,3rd IAP North American & Caribbean Regional Conference,https://www.vonwobeser.com/index.php/publication?p_id=592,https://www.vonwobeser.com/index.php/publications/news?start=700,"August, 2013",2013-08,month,200,correcto,https://www.vonwobeser.com/index.php/publication?p_id=592,,1,legacy_id,592,,1b4f53e3-66a0-441e-86b5-68a35409a17f,3rd-iap-north-american-caribbean-regional-conference,news,2013-08-01,date_match
en:590,en,news,590,Federal Act to Prevent and Identify Transactions Involving Illicit Funds,https://www.vonwobeser.com/index.php/publication?p_id=590,https://www.vonwobeser.com/index.php/publications/news?start=700,"August, 2013",2013-08,month,200,correcto,https://www.vonwobeser.com/index.php/publication?p_id=590,,1,legacy_id,590,,c824b550-45aa-43fc-9763-006640a1f458,federal-act-to-prevent-and-identify-transactions-involving-illicit-funds-4,news,2013-08-01,date_match
en:588,en,news,588,Global Arbitration Review - Pemex award upheld in US despite set-aside in Mexico,https://www.vonwobeser.com/index.php/publication?p_id=588,https://www.vonwobeser.com/index.php/publications/news?start=690,"September, 2013",2013-09,month,200,correcto,https://www.vonwobeser.com/index.php/publication?p_id=588,,1,legacy_id,588,,ffecaafd-e105-4d54-a9fa-69382739f533,global-arbitration-review-pemex-award-upheld-in-us-despite-set-aside-in-mexico,news,2013-09-01,date_match
en:586,en,news,586,Federal Act to Prevent and Identify Transactions Involving Illicit Funds,https://www.vonwobeser.com/index.php/publication?p_id=586,https://www.vonwobeser.com/index.php/publications/news?start=690,"September, 2013",2013-09,month,200,correcto,https://www.vonwobeser.com/index.php/publication?p_id=586,,1,legacy_id,586,,c74061a1-a9bc-4411-a5af-8592355c8c50,federal-act-to-prevent-and-identify-transactions-involving-illicit-funds-3,news,2013-09-01,date_match
en:583,en,news,583,"Von Wobeser y Sierra, S.C. wins “Mexico Tax Firm of the Year 2013” from International Tax Review",https://www.vonwobeser.com/index.php/publication?p_id=583,https://www.vonwobeser.com/index.php/publications/news?start=690,"September, 2013",2013-09,month,200,correcto,https://www.vonwobeser.com/index.php/publication?p_id=583,,1,legacy_id,583,,310465a9-f85e-424c-8688-9e8356003153,von-wobeser-y-sierra-s-c-wins-mexico-tax-firm-of-the-year-2013-from-internationa,news,2013-09-01,date_match
en:581,en,news,581,ICDR / CANACO ARBITRATION,https://www.vonwobeser.com/index.php/publication?p_id=581,https://www.vonwobeser.com/index.php/publications/news?start=690,"October, 2013",2013-10,month,200,correcto,https://www.vonwobeser.com/index.php/publication?p_id=581,,1,legacy_id,581,,ed3b6521-c2be-459a-ac9d-d778a42fa008,icdr-canaco-arbitration,Arbitraje,2013-10-01,date_match
en:579,en,news,579,Global Arbitration Review - Latin seats go mano-a-mano at GAR Live,https://www.vonwobeser.com/index.php/publication?p_id=579,https://www.vonwobeser.com/index.php/publications/news?start=690,"October, 2013",2013-10,month,200,correcto,https://www.vonwobeser.com/index.php/publication?p_id=579,,1,legacy_id,579,,4d345d2a-c476-41de-85ff-5fccfe2f0f20,global-arbitration-review-latin-seats-go-mano-a-mano-at-gar-live,news,2013-10-01,date_match
en:576,en,news,576,"Who´s Who Legal – Von Wobeser y Sierra, S.C. among top 10 Firms as a leader in Pro bono on an international level",https://www.vonwobeser.com/index.php/publication?p_id=576,https://www.vonwobeser.com/index.php/publications/news?start=690,"October, 2013",2013-10,month,200,correcto,https://www.vonwobeser.com/index.php/publication?p_id=576,,1,legacy_id,576,,2f610faa-1574-44aa-ba7d-f1d6afff5c9b,who-s-who-legal-von-wobeser-y-sierra-s-c-among-top-10-firms-as-a-leader-in-pro-b,news,2013-10-01,date_match
en:574,en,news,574,Main modifications to tax provisions for the year 2014,https://www.vonwobeser.com/index.php/publication?p_id=574,https://www.vonwobeser.com/index.php/publications/news?start=690,"November, 2013",2013-11,month,200,correcto,https://www.vonwobeser.com/index.php/publication?p_id=574,,1,legacy_id,574,,e8ff75ae-58fe-4b87-b24c-788d99e0bfce,main-modifications-to-tax-provisions-for-the-year-2014-2,news,2013-11-01,date_match
en:572,en,news,572,Pro Bono Leading Firms,https://www.vonwobeser.com/index.php/publication?p_id=572,https://www.vonwobeser.com/index.php/publications/news?start=690,"November, 2013",2013-11,month,200,correcto,https://www.vonwobeser.com/index.php/publication?p_id=572,,1,legacy_id,572,,8c4ec8b0-5068-41dd-b462-19fd80cf08cd,pro-bono-leading-firms,news,2013-11-01,date_match
en:570,en,news,570,Von Wobeser y Sierra S.C. successfully advised and represented Pierburg Pump Technology,https://www.vonwobeser.com/index.php/publication?p_id=570,https://www.vonwobeser.com/index.php/publications/news?start=690,"November, 2013",2013-11,month,200,correcto,https://www.vonwobeser.com/index.php/publication?p_id=570,,1,legacy_id,570,,a8c8bbd9-b765-46cd-b1f0-70396f6689e2,von-wobeser-y-sierra-s-c-successfully-advised-and-represented-pierburg-pump-tech,news,2013-11-01,date_match
en:568,en,news,568,Federal Act to Prevent and Identify Transactions Involving Illicit Funds,https://www.vonwobeser.com/index.php/publication?p_id=568,https://www.vonwobeser.com/index.php/publications/news?start=690,"November, 2013",2013-11,month,200,correcto,https://www.vonwobeser.com/index.php/publication?p_id=568,,1,legacy_id,568,,ec9ca508-a18c-49a5-ac3d-f03a7b7828a0,federal-act-to-prevent-and-identify-transactions-involving-illicit-funds-2,news,2013-11-01,date_match
en:566,en,news,566,Latin Lawyer - Mexico’s Supreme Court rules in two year maquila claim,https://www.vonwobeser.com/index.php/publication?p_id=566,https://www.vonwobeser.com/index.php/publications/news?start=680,"December, 2013",2013-12,month,200,correcto,https://www.vonwobeser.com/index.php/publication?p_id=566,,1,legacy_id,566,,4dc2efc8-b531-4d54-a0fb-37ac6e8eb0bc,latin-lawyer-mexico-s-supreme-court-rules-in-two-year-maquila-claim,news,2013-12-01,date_match
en:564,en,news,564,Main modifications to tax provisions for the year 2014,https://www.vonwobeser.com/index.php/publication?p_id=564,https://www.vonwobeser.com/index.php/publications/news?start=680,"December, 2013",2013-12,month,200,correcto,https://www.vonwobeser.com/index.php/publication?p_id=564,,1,legacy_id,564,,514db61f-2259-480e-926d-420d39d9ad59,main-modifications-to-tax-provisions-for-the-year-2014,news,2013-12-01,date_match
en:562,en,news,562,Energy Bill opens the Mexican energy market for foreign and national private entities,https://www.vonwobeser.com/index.php/publication?p_id=562,https://www.vonwobeser.com/index.php/publications/news?start=680,"December, 2013",2013-12,month,200,correcto,https://www.vonwobeser.com/index.php/publication?p_id=562,,1,legacy_id,562,,195285bd-00cd-4544-a381-53c9583fcd06,energy-bill-opens-the-mexican-energy-market-for-foreign-and-national-private-ent,news,2013-12-01,date_match
en:560,en,news,560,Federal Act to Prevent and Identify Transactions Involving Illicit Funds,https://www.vonwobeser.com/index.php/publication?p_id=560,https://www.vonwobeser.com/index.php/publications/news?start=680,"December, 2013",2013-12,month,200,correcto,https://www.vonwobeser.com/index.php/publication?p_id=560,,1,legacy_id,560,,a2ef6639-4308-4134-abb1-f667c0840ec6,federal-act-to-prevent-and-identify-transactions-involving-illicit-funds,news,2013-12-01,date_match
en:558,en,news,558,"Von Wobeser y Sierra, S.C. is shortlisted in “M&A Deal of the Year” by IFLR in the 9th Annual Americas Awards",https://www.vonwobeser.com/index.php/publication?p_id=558,https://www.vonwobeser.com/index.php/publications/news?start=680,"January, 2014",2014-01,month,200,correcto,https://www.vonwobeser.com/index.php/publication?p_id=558,,1,legacy_id,558,,fb3dff6a-63c3-44d4-9555-b8eff6955f76,von-wobeser-y-sierra-s-c-is-shortlisted-in-m-a-deal-of-the-year-by-iflr-in-the-9,news,2014-01-01,date_match
en:556,en,news,556,"Von Wobeser y Sierra, S.C. is shortlisted in “Matter of the Year” by Global Competition Review",https://www.vonwobeser.com/index.php/publication?p_id=556,https://www.vonwobeser.com/index.php/publications/news?start=680,"January, 2014",2014-01,month,200,correcto,https://www.vonwobeser.com/index.php/publication?p_id=556,,1,legacy_id,556,,bcf39491-5d0b-4da2-a41c-faee62e2f020,von-wobeser-y-sierra-s-c-is-shortlisted-in-matter-of-the-year-by-global-competit,news,2014-01-01,date_match
en:554,en,news,554,Compliance with employer obligations regarding labor and tax reforms,https://www.vonwobeser.com/index.php/publication?p_id=554,https://www.vonwobeser.com/index.php/publications/news?start=680,"January, 2014",2014-01,month,200,correcto,https://www.vonwobeser.com/index.php/publication?p_id=554,,1,legacy_id,554,,07292e22-d391-4216-b942-441da7901da1,compliance-with-employer-obligations-regarding-labor-and-tax-reforms,Laboral,2014-01-01,date_match
en:552,en,news,552,Latin Lawyer - Leading Lights: Von Wobeser y Sierra S.C. Latin American Pro Bono Leader,https://www.vonwobeser.com/index.php/publication?p_id=552,https://www.vonwobeser.com/index.php/publications/news?start=680,"January, 2014",2014-01,month,200,correcto,https://www.vonwobeser.com/index.php/publication?p_id=552,,1,legacy_id,552,,56df2965-b4a5-4503-883b-db56503efb91,latin-lawyer-leading-lights-von-wobeser-y-sierra-s-c-latin-american-pro-bono-lea-2,news,2014-01-01,date_match
en:550,en,news,550,Diego Sierra becomes Partner in Von Wobeser y Sierra S.C.,https://www.vonwobeser.com/index.php/publication?p_id=550,https://www.vonwobeser.com/index.php/publications/news?start=680,"January, 2014",2014-01,month,200,correcto,https://www.vonwobeser.com/index.php/publication?p_id=550,,1,legacy_id,550,,955c3286-6c43-4632-8369-5b5c9d57a12a,diego-sierra-becomes-partner-in-von-wobeser-y-sierra-s-c,news,2014-01-01,date_match
en:548,en,news,548,"Diego Sierra Partner, of Mexico´s Von Wobeser y Sierra SC will participate in the IBA/ICC Conference",https://www.vonwobeser.com/index.php/publication?p_id=548,https://www.vonwobeser.com/index.php/publications/news?start=680,"February, 2014",2014-02,month,200,correcto,https://www.vonwobeser.com/index.php/publication?p_id=548,,1,legacy_id,548,,ff03c772-3296-4f38-8cfa-247b96ae6c97,diego-sierra-partner-of-mexico-s-von-wobeser-y-sierra-sc-will-participate-in-the,news,2014-02-01,date_match
en:546,en,news,546,Latin Lawyer - New Partners Promoted at Colombian and Mexican firms,https://www.vonwobeser.com/index.php/publication?p_id=546,https://www.vonwobeser.com/index.php/publications/news?start=670,"February, 2014",2014-02,month,200,correcto,https://www.vonwobeser.com/index.php/publication?p_id=546,,1,legacy_id,546,,2019565a-c10a-4c04-a7ad-3b1de5c913e3,latin-lawyer-new-partners-promoted-at-colombian-and-mexican-firms,news,2014-02-01,date_match
en:544,en,news,544,Executive Branch Initiative for the New Federal Law on Economic Competition,https://www.vonwobeser.com/index.php/publication?p_id=544,https://www.vonwobeser.com/index.php/publications/news?start=670,"February, 2014",2014-02,month,200,correcto,https://www.vonwobeser.com/index.php/publication?p_id=544,,1,legacy_id,544,,e5b2c0b7-c097-43df-aec4-01caa2cb2516,executive-branch-initiative-for-the-new-federal-law-on-economic-competition,news,2014-02-01,date_match
en:542,en,news,542,"Global Arbitration Review 100 (GAR 100) - Review & Analysis of Von Wobeser y Sierra S.C., One of the Top firms in the World",https://www.vonwobeser.com/index.php/publication?p_id=542,https://www.vonwobeser.com/index.php/publications/news?start=670,"February, 2014",2014-02,month,200,correcto,https://www.vonwobeser.com/index.php/publication?p_id=542,,1,legacy_id,542,,27d5f08d-a244-4f1c-86df-909078f464d0,global-arbitration-review-100-gar-100-review-analysis-of-von-wobeser-y-sierra-s-,news,2014-02-01,date_match
en:540,en,news,540,Latin Lawyer - Mexican president sends new competition bill to parliament,https://www.vonwobeser.com/index.php/publication?p_id=540,https://www.vonwobeser.com/index.php/publications/news?start=670,"February, 2014",2014-02,month,200,correcto,https://www.vonwobeser.com/index.php/publication?p_id=540,,1,legacy_id,540,,57a877f3-e2e5-43d2-ac04-147771cf40bf,latin-lawyer-mexican-president-sends-new-competition-bill-to-parliament,news,2014-02-01,date_match
en:538,en,news,538,"IFLR 1000 - Partner Moves, Von Wobeser Expands Partnership",https://www.vonwobeser.com/index.php/publication?p_id=538,https://www.vonwobeser.com/index.php/publications/news?start=670,"February, 2014",2014-02,month,200,correcto,https://www.vonwobeser.com/index.php/publication?p_id=538,,1,legacy_id,538,,8a5cffba-75b3-4a60-8a44-13eb57cbc825,iflr-1000-partner-moves-von-wobeser-expands-partnership,news,2014-02-01,date_match
en:536,en,news,536,"Latin Lawyer – Von Wobeser y Sierra, S.C. wins “M&A Deal of the Year 2013”",https://www.vonwobeser.com/index.php/publication?p_id=536,https://www.vonwobeser.com/index.php/publications/news?start=670,"March, 2014",2014-03,month,200,correcto,https://www.vonwobeser.com/index.php/publication?p_id=536,,1,legacy_id,536,,e2848e4b-1466-40be-a5ce-d25d44f8495d,latin-lawyer-von-wobeser-y-sierra-s-c-wins-m-a-deal-of-the-year-2013,news,2014-03-01,date_match
en:534,en,news,534,"Seminar, ""New Alternatives for Dispute Resolution in a Changing Global Market""",https://www.vonwobeser.com/index.php/publication?p_id=534,https://www.vonwobeser.com/index.php/publications/news?start=670,"April, 2014",2014-04,month,200,correcto,https://www.vonwobeser.com/index.php/publication?p_id=534,,1,legacy_id,534,,ea44f379-1505-4e78-b8a5-97ecfa08807a,seminar-new-alternatives-for-dispute-resolution-in-a-changing-global-market,news,2014-04-01,date_match
en:532,en,news,532,Von Wobeser y Sierra S.C. wins Latin Lawyer’s “M&A Deal of the Year”,https://www.vonwobeser.com/index.php/publication?p_id=532,https://www.vonwobeser.com/index.php/publications/news?start=670,"April, 2014",2014-04,month,200,correcto,https://www.vonwobeser.com/index.php/publication?p_id=532,,1,legacy_id,532,,0ce55775-5484-4253-bc93-582706dd788e,von-wobeser-y-sierra-s-c-wins-latin-lawyer-s-m-a-deal-of-the-year,news,2014-04-01,date_match
en:530,en,news,530,Von Wobeser y Sierra S.C. actively participates alongside the CWAG,https://www.vonwobeser.com/index.php/publication?p_id=530,https://www.vonwobeser.com/index.php/publications/news?start=670,"April, 2014",2014-04,month,200,correcto,https://www.vonwobeser.com/index.php/publication?p_id=530,,1,legacy_id,530,,f8d7a8fb-476d-42ed-abfb-a270ebebd0b4,von-wobeser-y-sierra-s-c-actively-participates-alongside-the-cwag,news,2014-04-01,date_match
en:528,en,news,528,New Federal Antitrust Law,https://www.vonwobeser.com/index.php/publication?p_id=528,https://www.vonwobeser.com/index.php/publications/news?start=670,"May, 2014",2014-05,month,200,correcto,https://www.vonwobeser.com/index.php/publication?p_id=528,,1,legacy_id,528,,16ed77a3-834a-4f51-b128-abddf0345811,new-federal-antitrust-law,news,2014-05-01,date_match
en:526,en,news,526,"Latin Lawyer– Von Wobeser y Sierra, S.C. wins Latin Lawyer´s M&A Deal of the Year Award.",https://www.vonwobeser.com/index.php/publication?p_id=526,https://www.vonwobeser.com/index.php/publications/news?start=660,"May, 2014",2014-05,month,200,correcto,https://www.vonwobeser.com/index.php/publication?p_id=526,,1,legacy_id,526,,9cc3dabc-cc1e-46de-819c-c5d82d7dc6ea,latin-lawyer-von-wobeser-y-sierra-s-c-wins-latin-lawyer-s-m-a-deal-of-the-year-a,news,2014-05-01,date_match
en:524,en,news,524,IFLR Energy & Infrastructure Latam - Edmond Grieger recognized as leading lawyer.,https://www.vonwobeser.com/index.php/publication?p_id=524,https://www.vonwobeser.com/index.php/publications/news?start=660,"May, 2014",2014-05,month,200,correcto,https://www.vonwobeser.com/index.php/publication?p_id=524,,1,legacy_id,524,,1a3080f5-771c-4b8a-9af3-eeba030b38c5,iflr-energy-infrastructure-latam-edmond-grieger-recognized-as-leading-lawyer,news,2014-05-01,date_match
en:522,en,news,522,"Von Wobeser y Sierra, S.C. will attend the INTA Conference 2014",https://www.vonwobeser.com/index.php/publication?p_id=522,https://www.vonwobeser.com/index.php/publications/news?start=660,"May, 2014",2014-05,month,200,correcto,https://www.vonwobeser.com/index.php/publication?p_id=522,,1,legacy_id,522,,d5dd48b0-c229-4e3e-ba45-ecfb2dad9a2a,von-wobeser-y-sierra-s-c-will-attend-the-inta-conference-2014,news,2014-05-01,date_match
en:520,en,news,520,Latin Lawyer - Arca and Coca-Cola close Ecuador buy,https://www.vonwobeser.com/index.php/publication?p_id=520,https://www.vonwobeser.com/index.php/publications/news?start=660,"May, 2014",2014-05,month,200,correcto,https://www.vonwobeser.com/index.php/publication?p_id=520,,1,legacy_id,520,,6d06ddd9-ac81-402c-b4c0-47ed75cb3ef7,latin-lawyer-arca-and-coca-cola-close-ecuador-buy,news,2014-05-01,date_match
en:518,en,news,518,Latin Lawyer - Von Wobeser steers Palladium Mexico acquisition,https://www.vonwobeser.com/index.php/publication?p_id=518,https://www.vonwobeser.com/index.php/publications/news?start=660,"June, 2014",2014-06,month,200,correcto,https://www.vonwobeser.com/index.php/publication?p_id=518,,1,legacy_id,518,,debce822-4837-4a24-9a61-973e5217fa75,latin-lawyer-von-wobeser-steers-palladium-mexico-acquisition,news,2014-06-01,date_match
en:516,en,news,516,"Von Wobeser y Sierra, S.C. wins Global Awards 2014: Arbitration Mexican Law Firm of 2014",https://www.vonwobeser.com/index.php/publication?p_id=516,https://www.vonwobeser.com/index.php/publications/news?start=660,"June, 2014",2014-06,month,200,correcto,https://www.vonwobeser.com/index.php/publication?p_id=516,,1,legacy_id,516,,7a55b859-9d6e-417f-9361-dec3f0a61b96,von-wobeser-y-sierra-s-c-wins-global-awards-2014-arbitration-mexican-law-firm-of,news,2014-06-01,date_match
en:514,en,news,514,"Partner, Andrés Nieto is appointed as Vice-Chair of the International Ethics Committee of the American Bar Association (ABA), Section of International Law",https://www.vonwobeser.com/index.php/publication?p_id=514,https://www.vonwobeser.com/index.php/publications/news?start=660,"June, 2014",2014-06,month,200,correcto,https://www.vonwobeser.com/index.php/publication?p_id=514,,1,legacy_id,514,,1ca7e8f1-0ca3-4261-966b-a66eeca42e60,partner-andres-nieto-is-appointed-as-vice-chair-of-the-international-ethics-comm,news,2014-06-01,date_match
en:512,en,news,512,"Von Wobeser y Sierra, S.C. participated in conference coordinated by ALARB & ICC-Mexico",https://www.vonwobeser.com/index.php/publication?p_id=512,https://www.vonwobeser.com/index.php/publications/news?start=660,"June, 2014",2014-06,month,200,correcto,https://www.vonwobeser.com/index.php/publication?p_id=512,,1,legacy_id,512,,4caea6cf-b348-479c-8974-6bbd60a35bb1,von-wobeser-y-sierra-s-c-participated-in-conference-coordinated-by-alarb-icc-mex,news,2014-06-01,date_match
en:510,en,news,510,"Von Wobeser y Sierra, S.C. advises BMW in USD $ 1 billion investment in Mexico",https://www.vonwobeser.com/index.php/publication?p_id=510,https://www.vonwobeser.com/index.php/publications/news?start=660,"July, 2014",2014-07,month,200,correcto,https://www.vonwobeser.com/index.php/publication?p_id=510,,1,legacy_id,510,,e2dafb86-f9ac-4d14-b12d-8d0d68434bb7,von-wobeser-y-sierra-s-c-advises-bmw-in-usd-1-billion-investment-in-mexico,news,2014-07-01,date_match
en:508,en,news,508,"Von Wobeser y Sierra, S.C. incorporates Dr. Edmund Duckwitz, Former German Ambassador to Mexico to its team",https://www.vonwobeser.com/index.php/publication?p_id=508,https://www.vonwobeser.com/index.php/publications/news?start=660,"July, 2014",2014-07,month,200,correcto,https://www.vonwobeser.com/index.php/publication?p_id=508,,1,legacy_id,508,,3dc92866-9240-4099-be13-a72cc5d3a46b,von-wobeser-y-sierra-s-c-incorporates-dr-edmund-duckwitz-former-german-ambassado,news,2014-07-01,date_match
en:506,en,news,506,Latin Lawyer - Von Wobeser unveils US$1 billion BMW factory in Mexico,https://www.vonwobeser.com/index.php/publication?p_id=506,https://www.vonwobeser.com/index.php/publications/news?start=650,"July, 2014",2014-07,month,200,correcto,https://www.vonwobeser.com/index.php/publication?p_id=506,,1,legacy_id,506,,be2ffc5b-5c8e-4971-9fe7-4f56502bc39a,latin-lawyer-von-wobeser-unveils-us-1-billion-bmw-factory-in-mexico,news,2014-07-01,date_match
en:504,en,news,504,Global Competition Review - America Movil to slim down in anticipation of law changes,https://www.vonwobeser.com/index.php/publication?p_id=504,https://www.vonwobeser.com/index.php/publications/news?start=650,"July, 2014",2014-07,month,200,correcto,https://www.vonwobeser.com/index.php/publication?p_id=504,,1,legacy_id,504,,4374ea0a-b9dc-410d-96c7-b58237c99179,global-competition-review-america-movil-to-slim-down-in-anticipation-of-law-chan,news,2014-07-01,date_match
en:502,en,news,502,"IFLR 1000 – Von Wobeser y Sierra, S.C. advises Germany´s BMW on $ 1 billion investment",https://www.vonwobeser.com/index.php/publication?p_id=502,https://www.vonwobeser.com/index.php/publications/news?start=650,"July, 2014",2014-07,month,200,correcto,https://www.vonwobeser.com/index.php/publication?p_id=502,,1,legacy_id,502,,f7b4a619-b34e-4a4f-a4d9-2995916da334,iflr-1000-von-wobeser-y-sierra-s-c-advises-germany-s-bmw-on-1-billion-investment,news,2014-07-01,date_match
en:500,en,news,500,Latin Lawyer – The mystery of our profession,https://www.vonwobeser.com/index.php/publication?p_id=500,https://www.vonwobeser.com/index.php/publications/news?start=650,"July, 2014",2014-07,month,200,correcto,https://www.vonwobeser.com/index.php/publication?p_id=500,,1,legacy_id,500,,9c753837-3645-4177-b436-ea8c584ca8ca,latin-lawyer-the-mystery-of-our-profession,news,2014-07-01,date_match
en:498,en,news,498,"Von Wobeser y Sierra, S.C. advised Enerflex in the strategic acquisition of international contract compression, processing and after-market services business for US$430 Million.",https://www.vonwobeser.com/index.php/publication?p_id=498,https://www.vonwobeser.com/index.php/publications/news?start=650,"July, 2014",2014-07,month,200,correcto,https://www.vonwobeser.com/index.php/publication?p_id=498,,1,legacy_id,498,,a44f2669-a61a-4f97-9a10-5bc74f23bffb,von-wobeser-y-sierra-s-c-advised-enerflex-in-the-strategic-acquisition-of-intern,news,2014-07-01,date_match
en:496,en,news,496,Latin Lawyer - Mexico telecoms overhaul poised for enactment,https://www.vonwobeser.com/index.php/publication?p_id=496,https://www.vonwobeser.com/index.php/publications/news?start=650,"July, 2014",2014-07,month,200,correcto,https://www.vonwobeser.com/index.php/publication?p_id=496,,1,legacy_id,496,,54b26e2b-9de3-4e40-9cf8-91eacb16225a,latin-lawyer-mexico-telecoms-overhaul-poised-for-enactment,news,2014-07-01,date_match
en:494,en,news,494,"Latin Lawyer -Von Wobeser y Sierra, S.C. hires former German ambassador in advisory role",https://www.vonwobeser.com/index.php/publication?p_id=494,https://www.vonwobeser.com/index.php/publications/news?start=650,"July, 2014",2014-07,month,200,correcto,https://www.vonwobeser.com/index.php/publication?p_id=494,,1,legacy_id,494,,24452714-0362-4fba-bec1-62beb9bbbafb,latin-lawyer-von-wobeser-y-sierra-s-c-hires-former-german-ambassador-in-advisory,news,2014-07-01,date_match
en:492,en,news,492,Latin Lawyer - VWyS & Creel in Mexican leg of Enerflex-Axip deal,https://www.vonwobeser.com/index.php/publication?p_id=492,https://www.vonwobeser.com/index.php/publications/news?start=650,"July, 2014",2014-07,month,200,correcto,https://www.vonwobeser.com/index.php/publication?p_id=492,,1,legacy_id,492,,342b5654-b8c6-419e-b250-2ab3559ee12f,latin-lawyer-vwys-creel-in-mexican-leg-of-enerflex-axip-deal,news,2014-07-01,date_match
en:490,en,news,490,Antitrust Investigation of the Financial Sector in Mexico,https://www.vonwobeser.com/index.php/publication?p_id=490,https://www.vonwobeser.com/index.php/publications/news?start=650,"July, 2014",2014-07,month,200,correcto,https://www.vonwobeser.com/index.php/publication?p_id=490,,1,legacy_id,490,,e59fac39-60c4-493f-a843-e6e74f1ce038,antitrust-investigation-of-the-financial-sector-in-mexico,news,2014-07-01,date_match
en:488,en,news,488,Regulatory Laws to the Constitutional Reform in Telecommunications,https://www.vonwobeser.com/index.php/publication?p_id=488,https://www.vonwobeser.com/index.php/publications/news?start=650,"July, 2014",2014-07,month,200,correcto,https://www.vonwobeser.com/index.php/publication?p_id=488,,1,legacy_id,488,,c45dd83a-3ae3-49df-9c18-fc8f3f147557,regulatory-laws-to-the-constitutional-reform-in-telecommunications,news,2014-07-01,date_match
en:486,en,news,486,Latin Lawyer - Von Wobeser steers Mexican wind PPA,https://www.vonwobeser.com/index.php/publication?p_id=486,https://www.vonwobeser.com/index.php/publications/news?start=640,"July, 2014",2014-07,month,200,correcto,https://www.vonwobeser.com/index.php/publication?p_id=486,,1,legacy_id,486,,80fcb8aa-5d47-4262-bb6c-e6c7d7595793,latin-lawyer-von-wobeser-steers-mexican-wind-ppa,news,2014-07-01,date_match
en:484,en,news,484,"""Amparo"" proceedings against various current tax provisions in force in 2014",https://www.vonwobeser.com/index.php/publication?p_id=484,https://www.vonwobeser.com/index.php/publications/news?start=640,"August, 2014",2014-08,month,200,correcto,https://www.vonwobeser.com/index.php/publication?p_id=484,,1,legacy_id,484,,e320f23e-5bd3-44f5-afbb-1ae0ccb10ba4,amparo-proceedings-against-various-current-tax-provisions-in-force-in-2014,news,2014-08-01,date_match
en:482,en,news,482,Energy Reform - Implementing Laws,https://www.vonwobeser.com/index.php/publication?p_id=482,https://www.vonwobeser.com/index.php/publications/news?start=640,"August, 2014",2014-08,month,200,correcto,https://www.vonwobeser.com/index.php/publication?p_id=482,,1,legacy_id,482,,2a612606-baa7-4f7d-bbe4-e4d8361805e0,energy-reform-implementing-laws,Energía y Recursos Naturales,2014-08-01,date_match
en:480,en,news,480,"Periódico am, Encourage Energy to Manufacture",https://www.vonwobeser.com/index.php/publication?p_id=480,https://www.vonwobeser.com/index.php/publications/news?start=640,"August, 2014",2014-08,month,200,correcto,https://www.vonwobeser.com/index.php/publication?p_id=480,,1,legacy_id,480,,0e02ee80-21e7-4e82-b197-466ca9c66767,periodico-am-encourage-energy-to-manufacture,news,2014-08-01,date_match
en:478,en,news,478,VWyS ranked by Global Investigations Review,https://www.vonwobeser.com/index.php/publication?p_id=478,https://www.vonwobeser.com/index.php/publications/news?start=640,"August, 2014",2014-08,month,200,correcto,https://www.vonwobeser.com/index.php/publication?p_id=478,,1,legacy_id,478,,c5a41a89-85fb-4d47-947b-140c18620f9b,vwys-ranked-by-global-investigations-review,news,2014-08-01,date_match
en:476,en,news,476,"Conagua's resolution authorizes water concessions for ""environmental use""",https://www.vonwobeser.com/index.php/publication?p_id=476,https://www.vonwobeser.com/index.php/publications/news?start=640,"August, 2014",2014-08,month,200,correcto,https://www.vonwobeser.com/index.php/publication?p_id=476,,1,legacy_id,476,,2d973021-7386-4e83-a780-d641c47a8274,conagua-s-resolution-authorizes-water-concessions-for-environmental-use,news,2014-08-01,date_match
en:474,en,news,474,Latin Lawyer - Von Wobeser does pro bono to help Pro Natura preserve water,https://www.vonwobeser.com/index.php/publication?p_id=474,https://www.vonwobeser.com/index.php/publications/news?start=640,"August, 2014",2014-08,month,200,correcto,https://www.vonwobeser.com/index.php/publication?p_id=474,,1,legacy_id,474,,bc8d6691-d4a3-49ab-9c9a-5d01ba3c3cdf,latin-lawyer-von-wobeser-does-pro-bono-to-help-pro-natura-preserve-water,news,2014-08-01,date_match
en:472,en,news,472,Dispute Resolution Methods in the Energy Reform,https://www.vonwobeser.com/index.php/publication?p_id=472,https://www.vonwobeser.com/index.php/publications/news?start=640,"August, 2014",2014-08,month,200,correcto,https://www.vonwobeser.com/index.php/publication?p_id=472,,1,legacy_id,472,,a938e270-9d31-404e-8fd1-3eb120ad35a5,dispute-resolution-methods-in-the-energy-reform,news,2014-08-01,date_match
en:470,en,news,470,Canadian miner credit facility draws on Mexican counsel,https://www.vonwobeser.com/index.php/publication?p_id=470,https://www.vonwobeser.com/index.php/publications/news?start=640,"August, 2014",2014-08,month,200,correcto,https://www.vonwobeser.com/index.php/publication?p_id=470,,1,legacy_id,470,,ddf72ced-5b38-4e0d-a226-6dade89fb320,canadian-miner-credit-facility-draws-on-mexican-counsel,news,2014-08-01,date_match
en:468,en,news,468,Implementation of legal provisions regarding the National Anti-Corruption System,https://www.vonwobeser.com/index.php/publication?p_id=468,https://www.vonwobeser.com/index.php/publications/news?start=490,"July, 2017",2017-07,month,200,correcto,https://www.vonwobeser.com/index.php/publication?p_id=468,,1,legacy_id,468,,e2c7506c-a753-497a-acea-22f13e3edb82,implementation-of-legal-provisions-regarding-the-national-anti-corruption-system,news,2017-07-01,date_match
en:422,en,news,422,Von Wobeser y Sierra recognized by GCR 100 as one of the best 100 firms in Competition in the world,https://www.vonwobeser.com/index.php/publication?p_id=422,https://www.vonwobeser.com/index.php/publications/news?start=510,"January, 2017",2017-01,month,200,correcto,https://www.vonwobeser.com/index.php/publication?p_id=422,,1,legacy_id,422,,20b57df0-ca79-4bd2-9a67-9cca470b588d,von-wobeser-y-sierra-recognized-by-gcr-100-as-one-of-the-best-100-firms-in-compe,news,,project_date_missing
en:408,en,news,408,Von Wobeser y Sierra wins Matter of the Year at GCR Awards 2017,https://www.vonwobeser.com/index.php/publication?p_id=408,https://www.vonwobeser.com/index.php/publications/news?start=500,"March, 2017",2017-03,month,200,correcto,https://www.vonwobeser.com/index.php/publication?p_id=408,,1,legacy_id,408,,a9d7a2d3-c934-49f2-b9fb-89f77788f399,von-wobeser-y-sierra-wins-matter-of-the-year-at-gcr-awards-2017,news,2017-03-01,date_match
en:371,en,news,371,"New Minimum Wages as of January 1st, 2015",https://www.vonwobeser.com/index.php/publication?p_id=371,https://www.vonwobeser.com/index.php/publications/news?start=620,"December, 2014",2014-12,month,200,correcto,https://www.vonwobeser.com/index.php/publication?p_id=371,,1,legacy_id,371,,3d1f605e-2cbd-435e-a4d2-3c7af328ca16,new-minimum-wages-as-of-january-1st-2015,news,2014-12-01,date_match
en:369,en,news,369,"Latin Lawyer – Businesses still weary of CADE, says panel",https://www.vonwobeser.com/index.php/publication?p_id=369,https://www.vonwobeser.com/index.php/publications/news?start=620,"December, 2014",2014-12,month,200,correcto,https://www.vonwobeser.com/index.php/publication?p_id=369,,1,legacy_id,369,,643908d7-0252-4af3-9abd-f117b55e23a8,latin-lawyer-businesses-still-weary-of-cade-says-panel,news,2014-12-01,date_match
en:367,en,news,367,Latin Lawyer - Pro bono survey 2014: Leading lights,https://www.vonwobeser.com/index.php/publication?p_id=367,https://www.vonwobeser.com/index.php/publications/news?start=620,"November, 2014",2014-11,month,200,correcto,https://www.vonwobeser.com/index.php/publication?p_id=367,,1,legacy_id,367,,b26be493-cc60-454b-b011-e73d456927ac,latin-lawyer-pro-bono-survey-2014-leading-lights,news,2014-11-01,date_match
en:365,en,news,365,Global Investigations Review; Mexico: at a crossroads.,https://www.vonwobeser.com/index.php/publication?p_id=365,https://www.vonwobeser.com/index.php/publications/news?start=630,"November, 2014",2014-11,month,200,correcto,https://www.vonwobeser.com/index.php/publication?p_id=365,,1,legacy_id,365,,05546a77-afaa-4d22-8fef-bcc378b95767,global-investigations-review-mexico-at-a-crossroads,news,2014-11-01,date_match
en:363,en,news,363,Global Competition Review - Mexico Publishes controversial antitrust regulations,https://www.vonwobeser.com/index.php/publication?p_id=363,https://www.vonwobeser.com/index.php/publications/news?start=630,"November, 2014",2014-11,month,200,correcto,https://www.vonwobeser.com/index.php/publication?p_id=363,,1,legacy_id,363,,cf7eb571-3e62-4688-900e-3c731ca360c7,global-competition-review-mexico-publishes-controversial-antitrust-regulations,news,2014-11-01,date_match
en:361,en,news,361,Latin Lawyer - Mexico publishes controversial antitrust regulations,https://www.vonwobeser.com/index.php/publication?p_id=361,https://www.vonwobeser.com/index.php/publications/news?start=630,"November, 2014",2014-11,month,200,correcto,https://www.vonwobeser.com/index.php/publication?p_id=361,,1,legacy_id,361,,6a675266-bdff-4a12-9ddc-29d719a64fb7,latin-lawyer-mexico-publishes-controversial-antitrust-regulations,news,2014-11-01,date_match
en:359,en,news,359,Latin American Corporate Counsel Association (LACCA),https://www.vonwobeser.com/index.php/publication?p_id=359,https://www.vonwobeser.com/index.php/publications/news?start=630,"October, 2014",2014-10,month,200,correcto,https://www.vonwobeser.com/index.php/publication?p_id=359,,1,legacy_id,359,,45ab8499-bede-4108-b878-fc4e525f0ede,latin-american-corporate-counsel-association-lacca,news,2014-10-01,date_match
en:357,en,news,357,"Latin Lawyer - Von Wobeser helps extend port contract, settles dispute",https://www.vonwobeser.com/index.php/publication?p_id=357,https://www.vonwobeser.com/index.php/publications/news?start=630,"October, 2014",2014-10,month,200,correcto,https://www.vonwobeser.com/index.php/publication?p_id=357,,1,legacy_id,357,,fda94a48-836a-416b-b819-6ecc509bb990,latin-lawyer-von-wobeser-helps-extend-port-contract-settles-dispute,news,2014-10-01,date_match
en:355,en,news,355,Latin Lawyer - Getting Ahead,https://www.vonwobeser.com/index.php/publication?p_id=355,https://www.vonwobeser.com/index.php/publications/news?start=630,"September, 2014",2014-09,month,200,correcto,https://www.vonwobeser.com/index.php/publication?p_id=355,,1,legacy_id,355,,f7b95681-d8e7-4034-a4f7-bc1c68b803b9,latin-lawyer-getting-ahead,news,2014-09-01,date_match
en:353,en,news,353,IFLR 1000 - New Gold finalizes $ 300 million financing,https://www.vonwobeser.com/index.php/publication?p_id=353,https://www.vonwobeser.com/index.php/publications/news?start=630,"September, 2014",2014-09,month,200,correcto,https://www.vonwobeser.com/index.php/publication?p_id=353,,1,legacy_id,353,,05fbb3b0-3e04-4a1c-868a-f8ae90970a8c,iflr-1000-new-gold-finalizes-300-million-financing,news,2014-09-01,date_match
en:299,en,news,299,"Fernando Carreño, Paloma Alcántara - Global Competition Review - The Antitrust Review, of the Americas 2015 Mexico, September 2014.",https://www.vonwobeser.com/index.php/publication?p_id=299,https://www.vonwobeser.com/index.php/publications/news?start=640,"September, 2014",2014-09,month,200,correcto,https://www.vonwobeser.com/index.php/publication?p_id=299,,1,legacy_id,299,,84e785a2-7487-47e5-92fa-39804439958b,fernando-carreno-paloma-alcantara-global-competition-review-the-antitrust-review,news,2014-09-01,date_match
en:285,en,news,285,"Rodolfo Trampe, Jorge Diaz, Luis Alberto King , Fernando de Buen - Getting the Deal Through, Outsourcing Mexico 2015, October 2014",https://www.vonwobeser.com/index.php/publication?p_id=285,https://www.vonwobeser.com/index.php/publications/news?start=630,"October, 2014",2014-10,month,200,correcto,https://www.vonwobeser.com/index.php/publication?p_id=285,,1,legacy_id,285,,5af4df39-0245-470b-98ba-f3b05dbb781d,rodolfo-trampe-jorge-diaz-luis-alberto-king-fernando-de-buen-getting-the-deal-th,news,2014-10-01,date_match
en:284,en,news,284,"Diego Sierra - Global Investigations Review, The Investigations Review of the Americas, October 2014",https://www.vonwobeser.com/index.php/publication?p_id=284,https://www.vonwobeser.com/index.php/publications/news?start=630,"October, 2014",2014-10,month,200,correcto,https://www.vonwobeser.com/index.php/publication?p_id=284,,1,legacy_id,284,,e3f3791e-e5f2-44ce-9972-cf8189517395,diego-sierra-global-investigations-review-the-investigations-review-of-the-ameri,news,2014-10-01,date_match
en:281,en,news,281,"Andrés Nieto, Luis Burgueño - Getting the Deal Through, Private Equity, October 2014",https://www.vonwobeser.com/index.php/publication?p_id=281,https://www.vonwobeser.com/index.php/publications/news?start=630,"October, 2014",2014-10,month,200,correcto,https://www.vonwobeser.com/index.php/publication?p_id=281,,1,legacy_id,281,,c1880589-2b3b-4759-9a86-00abcbeeee1e,andres-nieto-luis-burgueno-getting-the-deal-through-private-equity-october-2014,news,2014-10-01,date_match
en:277,en,news,277,"Claus von Wobeser, Adrián Magallanes - Getting The Deal Through, Investment Treaty Arbitration, November 2014",https://www.vonwobeser.com/index.php/publication?p_id=277,https://www.vonwobeser.com/index.php/publications/news?start=620,"November, 2014",2014-11,month,200,correcto,https://www.vonwobeser.com/index.php/publication?p_id=277,,1,legacy_id,277,,de1d71c2-8e82-4b22-9fb7-6d06582994cb,claus-von-wobeser-adrian-magallanes-getting-the-deal-through-investment-treaty-a,news,2014-11-01,date_match
en:275,en,news,275,"New minimum wage as of January 1st, 2016",https://www.vonwobeser.com/index.php/publication?p_id=275,https://www.vonwobeser.com/index.php/publications/news?start=590,"December, 2015",2015-12,month,200,correcto,https://www.vonwobeser.com/index.php/publication?p_id=275,,1,legacy_id,275,,4a58c594-6b5b-4f1a-b8a5-1826836b4bdc,new-minimum-wage-as-of-january-1st-2016,news,2015-12-01,date_match
en:235,en,news,235,"Dr. Edmund Duckwitz - Dr. Edmund Duckwitz, Of Counsel of Von Wobeser y Sierra, S.C. has received the highest honor from the Mexican government “La Orden Mexicana del Águila Azteca en grado de banda”.",https://www.vonwobeser.com/index.php/publication?p_id=235,https://www.vonwobeser.com/index.php/publications/news?start=580,"December, 2015",2015-12,month,200,correcto,https://www.vonwobeser.com/index.php/publication?p_id=235,,1,legacy_id,235,,ccda09db-6719-4020-bc7f-e0faf4b06515,dr-edmund-duckwitz-dr-edmund-duckwitz-of-counsel-of-von-wobeser-y-sierra-s-c-has,news,2015-12-01,date_match
en:221,en,news,221,Repatriation of Capital- Decree granting administrative incentives in Income Tax,https://www.vonwobeser.com/index.php/publication?p_id=221,https://www.vonwobeser.com/index.php/publications/news?start=500,"May, 2017",2017-05,month,200,correcto,https://www.vonwobeser.com/index.php/publication?p_id=221,,1,legacy_id,221,,c991c54a-f5b7-4060-bb97-4f1fe2c39c23,repatriation-of-capital-decree-granting-administrative-incentives-in-income-tax,news,2017-05-01,date_match
en:187,en,news,187,Executive Order amending articles 29 and 35; and adding articles 29 Ter and Quáter of INFONAVIT Law,https://www.vonwobeser.com/index.php/publication?p_id=187,https://www.vonwobeser.com/index.php/publications/news?start=580,"January, 2016",2016-01,month,200,correcto,https://www.vonwobeser.com/index.php/publication?p_id=187,,1,legacy_id,187,,3a5fd171-6a3a-4e8d-b50f-139fbf510c26,executive-order-amending-articles-29-and-35-and-adding-articles-29-ter-and-quate,news,2016-01-01,date_match
en:185,en,news,185,Rodolfo Trampe becomes Partner in Von Wobeser y Sierra S.C.,https://www.vonwobeser.com/index.php/publication?p_id=185,https://www.vonwobeser.com/index.php/publications/news?start=580,"January, 2016",2016-01,month,200,correcto,https://www.vonwobeser.com/index.php/publication?p_id=185,,1,legacy_id,185,,f11c85ed-a64e-4072-9070-75c5eb2f886d,rodolfo-trampe-becomes-partner-in-von-wobeser-y-sierra-s-c,news,2016-01-01,date_match
en:183,en,news,183,Tax Package 2016,https://www.vonwobeser.com/index.php/publication?p_id=183,https://www.vonwobeser.com/index.php/publications/news?start=580,"January, 2016",2016-01,month,200,correcto,https://www.vonwobeser.com/index.php/publication?p_id=183,,1,legacy_id,183,,75a30a51-e550-4254-887b-42880ffc0724,tax-package-2016,news,2016-01-01,date_match
en:179,en,news,179,Latin Lawyer - New Partners Promoted at Mexican firms,https://www.vonwobeser.com/index.php/publication?p_id=179,https://www.vonwobeser.com/index.php/publications/news?start=580,"January, 2016",2016-01,month,200,correcto,https://www.vonwobeser.com/index.php/publication?p_id=179,,1,legacy_id,179,,4350ee84-f60e-47ce-83e3-e28fa58dfc54,latin-lawyer-new-partners-promoted-at-mexican-firms,news,2016-01-01,date_match
en:177,en,news,177,Constitutionality of the limit on back wages introduced in the 2012 reform of the Federal Labor Lawsee,https://www.vonwobeser.com/index.php/publication?p_id=177,https://www.vonwobeser.com/index.php/publications/news?start=580,"February, 2016",2016-02,month,200,correcto,https://www.vonwobeser.com/index.php/publication?p_id=177,,1,legacy_id,177,,7a396206-0757-41ea-8bba-896e2c2a1d30,constitutionality-of-the-limit-on-back-wages-introduced-in-the-2012-reform-of-th,news,2016-02-01,date_match
en:175,en,news,175,Overview of the Model-Licensing Contract for the deep water exploration bid – 2016,https://www.vonwobeser.com/index.php/publication?p_id=175,https://www.vonwobeser.com/index.php/publications/news?start=580,"February, 2016",2016-02,month,200,correcto,https://www.vonwobeser.com/index.php/publication?p_id=175,,1,legacy_id,175,,6f9ed7d6-e701-4a21-929c-d0cf4f0bb490,overview-of-the-model-licensing-contract-for-the-deep-water-exploration-bid-2016,news,2016-02-01,date_match
en:173,en,news,173,Amendment to the Protocol of conduct in public procurement,https://www.vonwobeser.com/index.php/publication?p_id=173,https://www.vonwobeser.com/index.php/publications/news?start=580,"February, 2016",2016-02,month,200,correcto,https://www.vonwobeser.com/index.php/publication?p_id=173,,1,legacy_id,173,,326d2b14-84aa-4a7f-aa15-968cfda040c7,amendment-to-the-protocol-of-conduct-in-public-procurement,news,2016-02-01,date_match
en:171,en,news,171,Simplified Stock Companies: The new promise for businesses in Mexico,https://www.vonwobeser.com/index.php/publication?p_id=171,https://www.vonwobeser.com/index.php/publications/news?start=580,"March, 2016",2016-03,month,200,correcto,https://www.vonwobeser.com/index.php/publication?p_id=171,,1,legacy_id,171,,72773b9e-5f3d-46bd-b57a-ba2aaebaa479,simplified-stock-companies-the-new-promise-for-businesses-in-mexico,news,2016-03-01,date_match
en:169,en,news,169,"Latin Lawyer- Claus von Wobeser, Diego Sierra: ICC panel resolves Mexican drinks dispute",https://www.vonwobeser.com/index.php/publication?p_id=169,https://www.vonwobeser.com/index.php/publications/news?start=580,"March, 2016",2016-03,month,200,correcto,https://www.vonwobeser.com/index.php/publication?p_id=169,,1,legacy_id,169,,5eafa708-4eab-4337-8360-89404a60656d,latin-lawyer-claus-von-wobeser-diego-sierra-icc-panel-resolves-mexican-drinks-di,news,2016-03-01,date_match
en:167,en,news,167,"Global Arbitration Review 100 (GAR 100) - Claus von Wobeser, Diego Sierra: ICC panel resolves Mexican drinks dispute",https://www.vonwobeser.com/index.php/publication?p_id=167,https://www.vonwobeser.com/index.php/publications/news?start=570,"April, 2016",2016-04,month,200,correcto,https://www.vonwobeser.com/index.php/publication?p_id=167,,1,legacy_id,167,,1da31e0f-56e6-4468-a704-78493cbb045d,global-arbitration-review-100-gar-100-claus-von-wobeser-diego-sierra-icc-panel-r,news,2016-04-01,date_match
en:165,en,news,165,The opposition system in trademark law is implemented in Mexico,https://www.vonwobeser.com/index.php/publication?p_id=165,https://www.vonwobeser.com/index.php/publications/news?start=570,"April, 2016",2016-04,month,200,correcto,https://www.vonwobeser.com/index.php/publication?p_id=165,,1,legacy_id,165,,70fa823c-6557-41e3-8075-cebc99b97370,the-opposition-system-in-trademark-law-is-implemented-in-mexico,news,2016-04-01,date_match
en:163,en,news,163,LACCA: Who represents Latin America´s biggest companies 2015,https://www.vonwobeser.com/index.php/publication?p_id=163,https://www.vonwobeser.com/index.php/publications/news?start=570,"April, 2016",2016-04,month,200,correcto,https://www.vonwobeser.com/index.php/publication?p_id=163,,1,legacy_id,163,,4a131140-5fc4-4b20-bfe9-aed9cbff8905,lacca-who-represents-latin-america-s-biggest-companies-2015,news,2016-04-01,date_match
en:161,en,news,161,Mars buys Mexico´s Conejos chocolate maker,https://www.vonwobeser.com/index.php/publication?p_id=161,https://www.vonwobeser.com/index.php/publications/news?start=570,"April, 2016",2016-04,month,200,correcto,https://www.vonwobeser.com/index.php/publication?p_id=161,,1,legacy_id,161,,e1822c75-760e-4a38-b98b-fb6813445bf6,mars-buys-mexico-s-conejos-chocolate-maker,news,2016-04-01,date_match
en:159,en,news,159,Rodolfo Trampe - International Bar Association (IBA): IBA Annual Employment and Discrimation Law Conference 2016,https://www.vonwobeser.com/index.php/publication?p_id=159,https://www.vonwobeser.com/index.php/publications/news?start=570,"April, 2016",2016-04,month,200,correcto,https://www.vonwobeser.com/index.php/publication?p_id=159,,1,legacy_id,159,,5e0a4541-4c37-4769-9fc0-6de5369ebd68,rodolfo-trampe-international-bar-association-iba-iba-annual-employment-and-discr,news,2016-04-01,date_match
en:157,en,news,157,Global Competition Review – GCR - AB InBev/SABMiller clears Latin American hurdles,https://www.vonwobeser.com/index.php/publication?p_id=157,https://www.vonwobeser.com/index.php/publications/news?start=570,"May, 2016",2016-05,month,200,correcto,https://www.vonwobeser.com/index.php/publication?p_id=157,,1,legacy_id,157,,d5eac825-80a3-4d92-9730-6c08fbf37685,global-competition-review-gcr-ab-inbev-sabmiller-clears-latin-american-hurdles,news,2016-05-01,date_match
en:155,en,news,155,Latin Lawyer – 2016 - AB InBev/SABMiller clears Latin American hurdles,https://www.vonwobeser.com/index.php/publication?p_id=155,https://www.vonwobeser.com/index.php/publications/news?start=570,"May, 2016",2016-05,month,200,correcto,https://www.vonwobeser.com/index.php/publication?p_id=155,,1,legacy_id,155,,0aa970b2-6cc7-451b-b010-901a683a4c3b,latin-lawyer-2016-ab-inbev-sabmiller-clears-latin-american-hurdles,news,2016-05-01,date_match
en:153,en,news,153,Latin Lawyer: COFECE keeps focus on Mexico City airport – Fernando Carreño,https://www.vonwobeser.com/index.php/publication?p_id=153,https://www.vonwobeser.com/index.php/publications/news?start=570,"May, 2016",2016-05,month,200,correcto,https://www.vonwobeser.com/index.php/publication?p_id=153,,1,legacy_id,153,,33b0c062-5a9a-44e0-a43c-9a29e256599d,latin-lawyer-cofece-keeps-focus-on-mexico-city-airport-fernando-carreno,news,2016-05-01,date_match
en:151,en,news,151,"CENACE publishes the Second Long Term Auction for Energy, CELs and Capacity",https://www.vonwobeser.com/index.php/publication?p_id=151,https://www.vonwobeser.com/index.php/publications/news?start=570,"May, 2016",2016-05,month,200,correcto,https://www.vonwobeser.com/index.php/publication?p_id=151,,1,legacy_id,151,,d74f1804-d213-4813-a71b-d333efbaaf43,cenace-publishes-the-second-long-term-auction-for-energy-cels-and-capacity,news,2016-05-01,date_match
en:149,en,news,149,"CONAGUA- benefits to concessionaires, whose water concession titles expired or were not extended",https://www.vonwobeser.com/index.php/publication?p_id=149,https://www.vonwobeser.com/index.php/publications/news?start=570,"May, 2016",2016-05,month,200,correcto,https://www.vonwobeser.com/index.php/publication?p_id=149,,1,legacy_id,149,,eda39d58-2d3b-4667-8351-52709e14000e,conagua-benefits-to-concessionaires-whose-water-concession-titles-expired-or-wer,news,2016-05-01,date_match
en:147,en,news,147,"Claus von Wobeser, Adrián Magallanes, Katerina Lundahl, Pablo Fautsch y Rodrigo Macin, Latin Lawyer: Arbitrator issues emergency order in Mexican port dispute",https://www.vonwobeser.com/index.php/publication?p_id=147,https://www.vonwobeser.com/index.php/publications/news?start=560,"May, 2016",2016-05,month,200,correcto,https://www.vonwobeser.com/index.php/publication?p_id=147,,1,legacy_id,147,,89b99dab-fe7c-45fc-a641-5f85bf83b272,claus-von-wobeser-adrian-magallanes-katerina-lundahl-pablo-fautsch-y-rodrigo-mac,news,2016-05-01,date_match
en:145,en,news,145,"Claus von Wobeser, Adrián Magallanes- Global Arbitration Review (GAR): Kirby issues emergency order in Mexican port dispute.",https://www.vonwobeser.com/index.php/publication?p_id=145,https://www.vonwobeser.com/index.php/publications/news?start=560,"May, 2016",2016-05,month,200,correcto,https://www.vonwobeser.com/index.php/publication?p_id=145,,1,legacy_id,145,,2c0339b5-42e0-493c-ae04-76f30a0b0899,claus-von-wobeser-adrian-magallanes-global-arbitration-review-gar-kirby-issues-e,news,2016-05-01,date_match
en:143,en,news,143,Luis Burgueño - LACCA (Latin American Corporate Counsel Association): Top 100 Mexico,https://www.vonwobeser.com/index.php/publication?p_id=143,https://www.vonwobeser.com/index.php/publications/news?start=560,"May, 2016",2016-05,month,200,correcto,https://www.vonwobeser.com/index.php/publication?p_id=143,,1,legacy_id,143,,b42f1812-717f-46d1-ae62-11ac7e5eb71c,luis-burgueno-lacca-latin-american-corporate-counsel-association-top-100-mexico,news,2016-05-01,date_match
en:141,en,news,141,Forthcoming entrance into force of the Opposition System in Mexico,https://www.vonwobeser.com/index.php/publication?p_id=141,https://www.vonwobeser.com/index.php/publications/news?start=560,"June, 2016",2016-06,month,200,correcto,https://www.vonwobeser.com/index.php/publication?p_id=141,,1,legacy_id,141,,5a175b71-c7f7-4dfa-a1e1-c51989b2b281,forthcoming-entrance-into-force-of-the-opposition-system-in-mexico,news,2016-06-01,date_match
en:139,en,news,139,"Latin Lawyer – Andrés Nieto, Edmond Grieger, Rodolfo Trampe, Alberto Córdoba, Alix Trimmer and Roberto Flores - Paul Weiss and Von Wobeser sign electricals acquisition.",https://www.vonwobeser.com/index.php/publication?p_id=139,https://www.vonwobeser.com/index.php/publications/news?start=560,"June, 2016",2016-06,month,200,correcto,https://www.vonwobeser.com/index.php/publication?p_id=139,,1,legacy_id,139,,0d5c225d-bb48-42eb-a564-1acb52c1b05e,latin-lawyer-andres-nieto-edmond-grieger-rodolfo-trampe-alberto-cordoba-alix-tri,news,2016-06-01,date_match
en:137,en,news,137,"Von Wobeser, Aziz & Kaye and Chévez Ruiz sign advertising sale",https://www.vonwobeser.com/index.php/publication?p_id=137,https://www.vonwobeser.com/index.php/publications/news?start=560,"June, 2016",2016-06,month,200,correcto,https://www.vonwobeser.com/index.php/publication?p_id=137,,1,legacy_id,137,,51e4be61-f1ae-4a57-b9d4-4d9c231b0184,von-wobeser-aziz-kaye-and-chevez-ruiz-sign-advertising-sale,news,2016-06-01,date_match
en:135,en,news,135,Modifications to the Model Contract and Legal Basis of the Bidding Process for deep waters in the Gulf of Mexico,https://www.vonwobeser.com/index.php/publication?p_id=135,https://www.vonwobeser.com/index.php/publications/news?start=560,"June, 2016",2016-06,month,200,correcto,https://www.vonwobeser.com/index.php/publication?p_id=135,,1,legacy_id,135,,bfe1d7da-ca0f-4a20-bcdb-ac6a88817528,modifications-to-the-model-contract-and-legal-basis-of-the-bidding-process-for-d,news,2016-06-01,date_match
en:131,en,news,131,"Luis Burgueño, Edmond Grieger, Rodolfo Trampe, Gloria Martínez, Laura Maldonado, Ariel Garfio, Alix Trimmer – Latin Lawyer: Coca Cola buys Unilever´s soy drinks business",https://www.vonwobeser.com/index.php/publication?p_id=131,https://www.vonwobeser.com/index.php/publications/news?start=560,"June, 2016",2016-06,month,200,correcto,https://www.vonwobeser.com/index.php/publication?p_id=131,,1,legacy_id,131,,827f4490-9eed-4f84-9431-80edf42bfad9,luis-burgueno-edmond-grieger-rodolfo-trampe-gloria-martinez-laura-maldonado-arie,news,2016-06-01,date_match
en:128,en,news,128,Ruling on calculation of back wages,https://www.vonwobeser.com/index.php/publication?p_id=128,https://www.vonwobeser.com/index.php/publications/news?start=560,"June, 2016",2016-06,month,200,correcto,https://www.vonwobeser.com/index.php/publication?p_id=128,,1,legacy_id,128,,a355a645-38fc-4d2a-8a39-ad947b45b177,ruling-on-calculation-of-back-wages,news,2016-06-01,date_match
en:126,en,news,126,Global Arbitration Review (GAR) – Modelo takes Crown in beer dispute.,https://www.vonwobeser.com/index.php/publication?p_id=126,https://www.vonwobeser.com/index.php/publications/news?start=560,"June, 2016",2016-06,month,200,correcto,https://www.vonwobeser.com/index.php/publication?p_id=126,,1,legacy_id,126,,6ec5d56e-9b06-4a31-a18d-aa82c6a53f67,global-arbitration-review-gar-modelo-takes-crown-in-beer-dispute,news,2016-06-01,date_match
en:120,en,news,120,Global Investigations Review (GIR): Mexico Passes “Crazy” transparency law – Adrián Magallanes,https://www.vonwobeser.com/index.php/publication?p_id=120,https://www.vonwobeser.com/index.php/publications/news?start=550,"June, 2016",2016-06,month,200,correcto,https://www.vonwobeser.com/index.php/publication?p_id=120,,1,legacy_id,120,,5ebb1385-30d0-467b-ae94-601ca30ddf23,global-investigations-review-gir-mexico-passes-crazy-transparency-law-adrian-mag,news,,project_date_missing
en:118,en,news,118,Latin Lawyer: Mexico Passes “Crazy” transparency law – Adrián Magallanes,https://www.vonwobeser.com/index.php/publication?p_id=118,https://www.vonwobeser.com/index.php/publications/news?start=550,"June, 2016",2016-06,month,200,correcto,https://www.vonwobeser.com/index.php/publication?p_id=118,,1,legacy_id,118,,6e5cf411-8eae-4f51-8f1b-f250e8ad64a7,latin-lawyer-mexico-passes-crazy-transparency-law-adrian-magallanes,news,,project_date_missing
en:116,en,news,116,Global Competition Review (GCR): Panama Papers leak sparks Mexican investigation – Fernando Carreño,https://www.vonwobeser.com/index.php/publication?p_id=116,https://www.vonwobeser.com/index.php/publications/news?start=550,"June, 2016",2016-06,month,200,correcto,https://www.vonwobeser.com/index.php/publication?p_id=116,,1,legacy_id,116,,04f51fe0-ea47-4806-a353-5dc2999ab7ab,global-competition-review-gcr-panama-papers-leak-sparks-mexican-investigation-fe,news,,project_date_missing
en:114,en,news,114,Latin Lawyer: Panama Papers leak sparks Mexican investigation – Fernando Carreño,https://www.vonwobeser.com/index.php/publication?p_id=114,https://www.vonwobeser.com/index.php/publications/news?start=550,"June, 2016",2016-06,month,200,correcto,https://www.vonwobeser.com/index.php/publication?p_id=114,,1,legacy_id,114,,bbd69080-a7d1-4d95-b7b5-69170c71bd35,latin-lawyer-panama-papers-leak-sparks-mexican-investigation-fernando-carreno,news,,project_date_missing
en:112,en,news,112,Mexican Congress Issues Secondary Anticorruption Regulations,https://www.vonwobeser.com/index.php/publication?p_id=112,https://www.vonwobeser.com/index.php/publications/news?start=550,"June, 2016",2016-06,month,200,correcto,https://www.vonwobeser.com/index.php/publication?p_id=112,,1,legacy_id,112,,82e42e46-e36d-44b5-bd95-947708dd2d56,mexican-congress-issues-secondary-anticorruption-regulations,news,,project_date_missing
en:110,en,news,110,Mexico's New Anti-corruption Paradigm,https://www.vonwobeser.com/index.php/publication?p_id=110,https://www.vonwobeser.com/index.php/publications/news?start=550,"July, 2016",2016-07,month,200,correcto,https://www.vonwobeser.com/index.php/publication?p_id=110,,1,legacy_id,110,,4c600c53-c657-43e3-bf9c-f00bfc21f1b0,mexico-s-new-anti-corruption-paradigm,news,,project_date_missing
en:108,en,news,108,Communication regarding Mexican Data Privacy Protection,https://www.vonwobeser.com/index.php/publication?p_id=108,https://www.vonwobeser.com/index.php/publications/news?start=550,"July, 2016",2016-07,month,200,correcto,https://www.vonwobeser.com/index.php/publication?p_id=108,,1,legacy_id,108,,e8aa2e3d-ecfc-4ef3-83d2-1caa247612d6,communication-regarding-mexican-data-privacy-protection,news,,project_date_missing
en:106,en,news,106,The National Hydrocarbons Commission issued the call and the rules for the first bidding of Round 2,https://www.vonwobeser.com/index.php/publication?p_id=106,https://www.vonwobeser.com/index.php/publications/news?start=550,"August, 2016",2016-08,month,200,correcto,https://www.vonwobeser.com/index.php/publication?p_id=106,,1,legacy_id,106,,b475ea2e-9067-4aaf-9cbf-5db12d65eb71,the-national-hydrocarbons-commission-issued-the-call-and-the-rules-for-the-first,news,,project_date_missing
en:104,en,news,104,Von Wobeser y Sierra participates in LatinAmerica Corruption Survey 2016,https://www.vonwobeser.com/index.php/publication?p_id=104,https://www.vonwobeser.com/index.php/publications/news?start=550,"August, 2016",2016-08,month,200,correcto,https://www.vonwobeser.com/index.php/publication?p_id=104,,1,legacy_id,104,,b5463b1a-5694-46a9-99d9-e11adcf0b086,von-wobeser-y-sierra-participates-in-latinamerica-corruption-survey-2016,news,,project_date_missing
en:102,en,news,102,"Adrián Magallanes – Global Pound Conference: Shaping the future of dispute resolution and improving access to justice - August 25, 2016",https://www.vonwobeser.com/index.php/publication?p_id=102,https://www.vonwobeser.com/index.php/publications/news?start=550,"August, 2016",2016-08,month,200,correcto,https://www.vonwobeser.com/index.php/publication?p_id=102,,1,legacy_id,102,,6183d86f-0efa-4dda-8819-3fba8131d7c4,adrian-magallanes-global-pound-conference-shaping-the-future-of-dispute-resoluti,news,,project_date_missing
en:100,en,news,100,"Andrés Nieto – Global Pound Conference: Shaping the future of dispute resolution and improving access to justice - August 25, 2016",https://www.vonwobeser.com/index.php/publication?p_id=100,https://www.vonwobeser.com/index.php/publications/news?start=540,"August, 2016",2016-08,month,200,correcto,https://www.vonwobeser.com/index.php/publication?p_id=100,,1,legacy_id,100,,4ba1e602-26ef-42ed-a117-f32cdf9a5aa1,andres-nieto-global-pound-conference-shaping-the-future-of-dispute-resolution-an,news,,project_date_missing
en:98,en,news,98,Thomson Reuters Foundation – Andrés Nieto - Pro Bono in Mexico,https://www.vonwobeser.com/index.php/publication?p_id=98,https://www.vonwobeser.com/index.php/publications/news?start=540,"August, 2016",2016-08,month,200,correcto,https://www.vonwobeser.com/index.php/publication?p_id=98,,1,legacy_id,98,,8a8ee2cb-7674-43d9-aa79-f113ee659370,thomson-reuters-foundation-andres-nieto-pro-bono-in-mexico,news,,project_date_missing
en:96,en,news,96,Von Wobeser y Sierra recognized in Trust LawIndex of Pro Bono 2016,https://www.vonwobeser.com/index.php/publication?p_id=96,https://www.vonwobeser.com/index.php/publications/news?start=540,"August, 2016",2016-08,month,200,correcto,https://www.vonwobeser.com/index.php/publication?p_id=96,,1,legacy_id,96,,c3a47ed5-8e59-45df-bfe6-80a54a85b854,von-wobeser-y-sierra-recognized-in-trust-lawindex-of-pro-bono-2016,news,,project_date_missing
en:90,en,news,90,GCR-Global Competition Review -Turf wars: the threat of stand-offs between Mexico’s competition enforcers,https://www.vonwobeser.com/index.php/publication?p_id=90,https://www.vonwobeser.com/index.php/publications/news?start=540,"August, 2016",2016-08,month,200,correcto,https://www.vonwobeser.com/index.php/publication?p_id=90,,1,legacy_id,90,,5d4ca987-760d-4d17-89a0-b5be16ce0812,gcr-global-competition-review-turf-wars-the-threat-of-stand-offs-between-mexico-,news,,project_date_missing
en:88,en,news,88,"Von Wobeser y Sierra, S.C. invites you to the Mexico City Global Pound Conference",https://www.vonwobeser.com/index.php/publication?p_id=88,https://www.vonwobeser.com/index.php/publications/news?start=540,"August, 2016",2016-08,month,200,correcto,https://www.vonwobeser.com/index.php/publication?p_id=88,,1,legacy_id,88,,ef4710ba-3255-4668-9507-29ae732cb170,von-wobeser-y-sierra-s-c-invites-you-to-the-mexico-city-global-pound-conference,news,,project_date_missing
en:86,en,news,86,Global Competition Review-GCR – Fernando Carreño: Mexican enforcer urges freight industry deregulation.,https://www.vonwobeser.com/index.php/publication?p_id=86,https://www.vonwobeser.com/index.php/publications/news?start=540,"August, 2016",2016-08,month,200,correcto,https://www.vonwobeser.com/index.php/publication?p_id=86,,1,legacy_id,86,,b9ac452a-833c-47a7-84dc-9309a312ff6d,global-competition-review-gcr-fernando-carreno-mexican-enforcer-urges-freight-in,news,,project_date_missing
en:84,en,news,84,"Von Wobeser y Sierra, S.C. is recognized as “Elite” firm in Global Competition Review",https://www.vonwobeser.com/index.php/publication?p_id=84,https://www.vonwobeser.com/index.php/publications/news?start=540,"August, 2016",2016-08,month,200,correcto,https://www.vonwobeser.com/index.php/publication?p_id=84,,1,legacy_id,84,,ef9eb9b7-fe58-4026-8cf9-e7c1cbe70ea8,von-wobeser-y-sierra-s-c-is-recognized-as-elite-firm-in-global-competition-revie,Competencia Económica,,project_date_missing
en:82,en,news,82,Fernando Carreño - GCR – Global Competition Review: Mexico’s competition bar,https://www.vonwobeser.com/index.php/publication?p_id=82,https://www.vonwobeser.com/index.php/publications/news?start=540,"August, 2016",2016-08,month,200,correcto,https://www.vonwobeser.com/index.php/publication?p_id=82,,1,verified_language_counterpart,83,83,7e7fda58-32af-4036-86f6-9eccad41d87e,fernando-carreno-gcr-global-competition-review-mexico-s-competition-bar-83,news,2016-08-01,date_match
en:80,en,news,80,"Latin Lawyer –Luis Burgueño, Edmond Grieger, Rodolfo Trampe, Alberto Córdoba y Marisol Márquez : Bain Capital exits car parts maker in Mexico.",https://www.vonwobeser.com/index.php/publication?p_id=80,https://www.vonwobeser.com/index.php/publications/news?start=540,"August, 2016",2016-08,month,200,correcto,https://www.vonwobeser.com/index.php/publication?p_id=80,,1,legacy_id,80,,465c4ab5-167a-4b00-b5a6-eadd0223e705,latin-lawyer-luis-burgueno-edmond-grieger-rodolfo-trampe-alberto-cordoba-y-maris,news,,project_date_missing
en:78,en,news,78,"Lex Latin – Luis Burgueño, Edmond Grieger, Rodolfo Trampe, Alberto Córdoba, Marisol Márquez: Von Wobeser y Sierra after acquisition of FTE in Mexico",https://www.vonwobeser.com/index.php/publication?p_id=78,https://www.vonwobeser.com/index.php/publications/news?start=540,"August, 2016",2016-08,month,200,correcto,https://www.vonwobeser.com/index.php/publication?p_id=78,,1,legacy_id,78,,a9b5d535-77cb-48f5-bfb1-6dbb90d10259,lex-latin-luis-burgueno-edmond-grieger-rodolfo-trampe-alberto-cordoba-marisol-ma,news,,project_date_missing
en:76,en,news,76,"Latin Lawyer: Luis Burgueño, Rupert Hüttler, Alberto Cordoba: Von Wobeser & Allen Overy steer auto issuance",https://www.vonwobeser.com/index.php/publication?p_id=76,https://www.vonwobeser.com/index.php/publications/news?start=530,"September, 2016",2016-09,month,200,correcto,https://www.vonwobeser.com/index.php/publication?p_id=76,,1,legacy_id,76,,2f153e40-dbcf-421b-8879-3558e7571867,latin-lawyer-luis-burgueno-rupert-huttler-alberto-cordoba-von-wobeser-allen-over,news,,project_date_missing
en:74,en,news,74,Latin Lawyer: Fernando Carreño - Antitrust probe targets Cancún airport,https://www.vonwobeser.com/index.php/publication?p_id=74,https://www.vonwobeser.com/index.php/publications/news?start=530,"September, 2016",2016-09,month,200,correcto,https://www.vonwobeser.com/index.php/publication?p_id=74,,1,legacy_id,74,,92ac9ccd-c8be-4962-be5f-da76aff36ae2,latin-lawyer-fernando-carreno-antitrust-probe-targets-cancun-airport,news,,project_date_missing
en:72,en,news,72,Global Investigations Review (GIR 100) - Diego Sierra: The world´s leading investigations practices revealed.,https://www.vonwobeser.com/index.php/publication?p_id=72,https://www.vonwobeser.com/index.php/publications/news?start=530,"September, 2016",2016-09,month,200,correcto,https://www.vonwobeser.com/index.php/publication?p_id=72,,1,legacy_id,72,,898b346b-7de4-454f-af79-70a97101461d,global-investigations-review-gir-100-diego-sierra-the-world-s-leading-investigat,news,,project_date_missing
en:70,en,news,70,"CENACE announces the winners of the Second Long Term Auction for Energy, CELs and Capacity",https://www.vonwobeser.com/index.php/publication?p_id=70,https://www.vonwobeser.com/index.php/publications/news?start=530,"October, 2016",2016-10,month,200,correcto,https://www.vonwobeser.com/index.php/publication?p_id=70,,1,legacy_id,70,,450ff77f-095e-4340-b099-31aa52212336,cenace-announces-the-winners-of-the-second-long-term-auction-for-energy-cels-and,news,,project_date_missing
en:68,en,news,68,Arbitral Women in Latin America: Mexico City,https://www.vonwobeser.com/index.php/publication?p_id=68,https://www.vonwobeser.com/index.php/publications/news?start=530,"October, 2016",2016-10,month,200,correcto,https://www.vonwobeser.com/index.php/publication?p_id=68,,1,legacy_id,68,,053f72e0-5ec0-4b6a-8026-500e50eea64d,arbitral-women-in-latin-america-mexico-city,news,,project_date_missing
en:66,en,news,66,"Luis Burgueño, Gloria Martínez, Alberto Córdoba, Jorge Díaz y Marisol Márquez - LexLatin: San Benedetto sold shares in JV with Grupo Peñafiel",https://www.vonwobeser.com/index.php/publication?p_id=66,https://www.vonwobeser.com/index.php/publications/news?start=530,"October, 2016",2016-10,month,200,correcto,https://www.vonwobeser.com/index.php/publication?p_id=66,,1,legacy_id,66,,4267bd6f-2c5b-4399-b4f9-ce8008d827e8,luis-burgueno-gloria-martinez-alberto-cordoba-jorge-diaz-y-marisol-marquez-lexla,news,,project_date_missing
en:64,en,news,64,Von Wobeser y Sierra’s Attorneys Sign the IBA Anticorruption Compact,https://www.vonwobeser.com/index.php/publication?p_id=64,https://www.vonwobeser.com/index.php/publications/news?start=530,"October, 2016",2016-10,month,200,correcto,https://www.vonwobeser.com/index.php/publication?p_id=64,,1,legacy_id,64,,1c0aedf4-c27d-4bf6-b00c-268e825dc7d7,von-wobeser-y-sierra-s-attorneys-sign-the-iba-anticorruption-compact,news,,project_date_missing
en:62,en,news,62,IBA Judicial Integrity Initiative: judicial anti-corruption compact,https://www.vonwobeser.com/index.php/publication?p_id=62,https://www.vonwobeser.com/index.php/publications/news?start=530,"November, 2016",2016-11,month,200,correcto,https://www.vonwobeser.com/index.php/publication?p_id=62,,1,legacy_id,62,,b7149db0-f5a0-4884-86f9-a75ca200dc2f,iba-judicial-integrity-initiative-judicial-anti-corruption-compact,news,,project_date_missing
en:60,en,news,60,Potential withdrawal from the North American Free Trade Agreement,https://www.vonwobeser.com/index.php/publication?p_id=60,https://www.vonwobeser.com/index.php/publications/news?start=530,"November, 2016",2016-11,month,200,correcto,https://www.vonwobeser.com/index.php/publication?p_id=60,,1,legacy_id,60,,6d1be056-e7ce-4d9a-a9ec-8f8aaca30b54,potential-withdrawal-from-the-north-american-free-trade-agreement,news,,project_date_missing
en:58,en,news,58,"Fernando Carreño, Edmond Grieger, Luis Miguel Jiménez, Rodolfo Trampe, Pablo Saez Williams, Paloma Alcántara y Manuel Martínez - Latin Lawyer: Global Arbitration Review Constellation snaps up more Modelo assets",https://www.vonwobeser.com/index.php/publication?p_id=58,https://www.vonwobeser.com/index.php/publications/news?start=530,"November, 2016",2016-11,month,200,correcto,https://www.vonwobeser.com/index.php/publication?p_id=58,,1,legacy_id,58,,a3cf2fd9-c84d-42e0-a4b8-c0eea13be648,fernando-carreno-edmond-grieger-luis-miguel-jimenez-rodolfo-trampe-pablo-saez-wi,news,,project_date_missing
en:56,en,news,56,Peña Nieto proposes that Head of the Attorney General's Office be appointed by Senate,https://www.vonwobeser.com/index.php/publication?p_id=56,https://www.vonwobeser.com/index.php/publications/news?start=520,"December, 2016",2016-12,month,200,correcto,https://www.vonwobeser.com/index.php/publication?p_id=56,,1,legacy_id,56,,9bf45401-5780-4eec-a86f-5408d449ca26,pena-nieto-proposes-that-head-of-the-attorney-general-s-office-be-appointed-by-s,news,,project_date_missing
en:54,en,news,54,"Adrián Magallanes, Rodrigo Barradas - Global Arbitration Review (GAR) – Enforcement 2016 Mexico.",https://www.vonwobeser.com/index.php/publication?p_id=54,https://www.vonwobeser.com/index.php/publications/news?start=520,"December, 2016",2016-12,month,200,correcto,https://www.vonwobeser.com/index.php/publication?p_id=54,,1,legacy_id,54,,85649e92-50a4-4196-8458-7940c3599d92,adrian-magallanes-rodrigo-barradas-global-arbitration-review-gar-enforcement-201,news,,project_date_missing
en:52,en,news,52,Who´s Who Legal recognizes Future Leaders 2017. These are Partners and Non- Partners aged 45 or under who are considered to be the future leaders of the international arbitration.,https://www.vonwobeser.com/index.php/publication?p_id=52,https://www.vonwobeser.com/index.php/publications/news?start=520,"December, 2016",2016-12,month,200,correcto,https://www.vonwobeser.com/index.php/publication?p_id=52,,1,legacy_id,52,,efe85edf-18c2-4d4b-8be2-44c6031503c3,who-s-who-legal-recognizes-future-leaders-2017-these-are-partners-and-non-partne,news,,project_date_missing
en:50,en,news,50,Latin Lawyer - Leading Lights: Von Wobeser y Sierra S.C. Latin American Pro Bono Leader,https://www.vonwobeser.com/index.php/publication?p_id=50,https://www.vonwobeser.com/index.php/publications/news?start=520,"December, 2016",2016-12,month,200,correcto,https://www.vonwobeser.com/index.php/publication?p_id=50,,1,legacy_id,50,,f1e534a4-6c8e-4e18-a56c-ee0e8ccec261,latin-lawyer-leading-lights-von-wobeser-y-sierra-s-c-latin-american-pro-bono-lea,news,,project_date_missing
en:48,en,news,48,"Leader League - Business and Leadership: Institute for Transnational Arbitration (ITA) - Montserrat Manzano, Chair of the Young Arbitrators Initiative (YAI).",https://www.vonwobeser.com/index.php/publication?p_id=48,https://www.vonwobeser.com/index.php/publications/news?start=520,"December, 2016",2016-12,month,200,correcto,https://www.vonwobeser.com/index.php/publication?p_id=48,,1,legacy_id,48,,a740d55e-983e-493f-b1f6-a5eeacab1b99,leader-league-business-and-leadership-institute-for-transnational-arbitration-it,Arbitraje,,project_date_missing
en:46,en,news,46,Energy Regulatory Commission sets forth requirements and grants a time extension to execute interconnection agreements for permit holders under the previous legal electricity framework.,https://www.vonwobeser.com/index.php/publication?p_id=46,https://www.vonwobeser.com/index.php/publications/news?start=520,"December, 2016",2016-12,month,200,correcto,https://www.vonwobeser.com/index.php/publication?p_id=46,,1,legacy_id,46,,e4fce872-f513-475a-b65c-2188b444a516,energy-regulatory-commission-sets-forth-requirements-and-grants-a-time-extension,news,,project_date_missing
en:44,en,news,44,"ICC- International Chamber of Commerce: ICC Mexico Mediation Committee, Alexandra von Wobeser.",https://www.vonwobeser.com/index.php/publication?p_id=44,https://www.vonwobeser.com/index.php/publications/news?start=520,"December, 2016",2016-12,month,200,correcto,https://www.vonwobeser.com/index.php/publication?p_id=44,,1,legacy_id,44,,487293ee-b268-4e1e-9935-c076317d1dd5,icc-international-chamber-of-commerce-icc-mexico-mediation-committee-alexandra-v,news,,project_date_missing
en:42,en,news,42,Who´s Who Legal recognizes Partners & Associates of Von Wobeser y Sierra in Who´s Who Legal Mexico,https://www.vonwobeser.com/index.php/publication?p_id=42,https://www.vonwobeser.com/index.php/publications/news?start=520,"December, 2016",2016-12,month,200,correcto,https://www.vonwobeser.com/index.php/publication?p_id=42,,1,legacy_id,42,,dd54fb2b-dc66-475c-919f-aa0c76397bf5,who-s-who-legal-recognizes-partners-associates-of-von-wobeser-y-sierra-in-who-s-,news,,project_date_missing
en:40,en,news,40,Who´s Who Legal recognizes Partners & Lawyers at Von Wobeser y Sierra,https://www.vonwobeser.com/index.php/publication?p_id=40,https://www.vonwobeser.com/index.php/publications/news?start=520,"December, 2016",2016-12,month,200,correcto,https://www.vonwobeser.com/index.php/publication?p_id=40,,1,legacy_id,40,,6ed95b34-e257-4735-aa6d-b991d7b66df7,who-s-who-legal-recognizes-partners-lawyers-at-von-wobeser-y-sierra,news,,project_date_missing
en:38,en,news,38,Latin Lawyer – Fernando Carreño – Post closing tax liabilities among the gratest challenges for M&A deals.,https://www.vonwobeser.com/index.php/publication?p_id=38,https://www.vonwobeser.com/index.php/publications/news?start=520,"December, 2016",2016-12,month,200,correcto,https://www.vonwobeser.com/index.php/publication?p_id=38,,1,legacy_id,38,,602323d1-91d0-41f8-b21e-b7bd47eb1583,latin-lawyer-fernando-carreno-post-closing-tax-liabilities-among-the-gratest-cha,news,,project_date_missing
en:36,en,news,36,"Latin Lawyer – Andrés Nieto, Rodolfo Trampe, Edmond Grieger y Alberto Córdoba – Prince International acquires chemical company.",https://www.vonwobeser.com/index.php/publication?p_id=36,https://www.vonwobeser.com/index.php/publications/news?start=510,"January, 2017",2017-01,month,200,correcto,https://www.vonwobeser.com/index.php/publication?p_id=36,,1,legacy_id,36,,f97e4d8d-53f7-4938-814d-b9a5fdfff854,latin-lawyer-andres-nieto-rodolfo-trampe-edmond-grieger-y-alberto-cordoba-prince,news,,project_date_missing
en:34,en,news,34,"Latin Lawyer – Claus von Wobeser, Rupert Hüttler, Diego Sierra, Javier Lizardi, Rodolfo Trampe, Gibrán Castañeda, Alejandro González, Claudia Díaz – Corvaglia ends shareholder dispute, ups control of Mexico arm.",https://www.vonwobeser.com/index.php/publication?p_id=34,https://www.vonwobeser.com/index.php/publications/news?start=510,"January, 2017",2017-01,month,200,correcto,https://www.vonwobeser.com/index.php/publication?p_id=34,,1,legacy_id,34,,2e8fac33-77d7-46bf-91a5-a65832dba0b5,latin-lawyer-claus-von-wobeser-rupert-huttler-diego-sierra-javier-lizardi-rodolf,news,,project_date_missing
en:32,en,news,32,Principal Changes to Tax Provisions for 2017,https://www.vonwobeser.com/index.php/publication?p_id=32,https://www.vonwobeser.com/index.php/publications/news?start=510,"January, 2017",2017-01,month,200,correcto,https://www.vonwobeser.com/index.php/publication?p_id=32,,1,legacy_id,32,,40ea2e53-623e-4b28-a707-36a4db19bde2,principal-changes-to-tax-provisions-for-2017,news,,project_date_missing
en:30,en,news,30,Client Communication: Personal data protection in Mexico,https://www.vonwobeser.com/index.php/publication?p_id=30,https://www.vonwobeser.com/index.php/publications/news?start=510,"February, 2017",2017-02,month,200,correcto,https://www.vonwobeser.com/index.php/publication?p_id=30,,1,legacy_id,30,,d3e383f8-328f-4bab-b426-a3db2c3acebb,client-communication-personal-data-protection-in-mexico,news,,project_date_missing
en:28,en,news,28,"Montserrat Manzano - YAI Talks Miami: Conquering new grounds, the Finance and Banking Industry.",https://www.vonwobeser.com/index.php/publication?p_id=28,https://www.vonwobeser.com/index.php/publications/news?start=510,"February, 2017",2017-02,month,200,correcto,https://www.vonwobeser.com/index.php/publication?p_id=28,,1,legacy_id,28,,50bf9adf-1ff2-4657-ad77-149f4d82de6b,montserrat-manzano-yai-talks-miami-conquering-new-grounds-the-finance-and-bankin,news,,project_date_missing
en:26,en,news,26,Constitutional labor reform,https://www.vonwobeser.com/index.php/publication?p_id=26,https://www.vonwobeser.com/index.php/publications/news?start=510,"February, 2017",2017-02,month,200,correcto,https://www.vonwobeser.com/index.php/publication?p_id=26,,1,legacy_id,26,,7a884885-94a7-4129-b4dc-8908b5ab2ca2,constitutional-labor-reform,news,,project_date_missing
en:24,en,news,24,Global Competition Review (GCR) – Mexico pursues first criminal action against cartelists – Fernando Carreño,https://www.vonwobeser.com/index.php/publication?p_id=24,https://www.vonwobeser.com/index.php/publications/news?start=510,"February, 2017",2017-02,month,200,correcto,https://www.vonwobeser.com/index.php/publication?p_id=24,,1,legacy_id,24,,01a95395-7f4d-41c5-a1a8-859e5cb21695,global-competition-review-gcr-mexico-pursues-first-criminal-action-against-carte,news,,project_date_missing
en:22,en,news,22,Latin Lawyer – Mexico pursues first criminal action against cartelists – Fernando Carreño,https://www.vonwobeser.com/index.php/publication?p_id=22,https://www.vonwobeser.com/index.php/publications/news?start=510,"February, 2017",2017-02,month,200,correcto,https://www.vonwobeser.com/index.php/publication?p_id=22,,1,legacy_id,22,,3bb1071d-573e-4bfc-a773-7986bdf4678e,latin-lawyer-mexico-pursues-first-criminal-action-against-cartelists-fernando-ca,news,,project_date_missing
en:20,en,news,20,"Lex Latin – Luis Burgueño, Laura Maldonado – Kruger Brown acquire PendaForm in Mexico with the help from four law firms.",https://www.vonwobeser.com/index.php/publication?p_id=20,https://www.vonwobeser.com/index.php/publications/news?start=510,"February, 2017",2017-02,month,200,correcto,https://www.vonwobeser.com/index.php/publication?p_id=20,,1,legacy_id,20,,dd2766c6-543c-419c-a405-dc0289b9f7d4,lex-latin-luis-burgueno-laura-maldonado-kruger-brown-acquire-pendaform-in-mexico,news,,project_date_missing
en:18,en,news,18,COFECE finds evidence of anticompetitive practices in two markets,https://www.vonwobeser.com/index.php/publication?p_id=18,https://www.vonwobeser.com/index.php/publications/news?start=500,"February, 2017",2017-02,month,200,correcto,https://www.vonwobeser.com/index.php/publication?p_id=18,,1,legacy_id,18,,ac1361b7-6d38-452a-b4b9-faa8d17fe31e,cofece-finds-evidence-of-anticompetitive-practices-in-two-markets,news,2017-02-01,date_match
en:16,en,news,16,"Latin Lawyer – Fernando Carreño – Two enforcers will review AT&T / Time Warner merger, Mexican court rules.",https://www.vonwobeser.com/index.php/publication?p_id=16,https://www.vonwobeser.com/index.php/publications/news?start=500,"March, 2017",2017-03,month,200,correcto,https://www.vonwobeser.com/index.php/publication?p_id=16,,1,legacy_id,16,,45cbfa31-375a-43e4-9844-f0f6510c48fc,latin-lawyer-fernando-carreno-two-enforcers-will-review-at-t-time-warner-merger-,news,2017-03-01,date_match
en:14,en,news,14,"Latin Lawyer – Luis Burgueño, Laura Maldonado – Four firms behind Kruger Brown plastic acquisition.",https://www.vonwobeser.com/index.php/publication?p_id=14,https://www.vonwobeser.com/index.php/publications/news?start=500,"March, 2017",2017-03,month,200,correcto,https://www.vonwobeser.com/index.php/publication?p_id=14,,1,legacy_id,14,,55e2ccd4-d671-4343-b8ef-be7ed745c2a8,latin-lawyer-luis-burgueno-laura-maldonado-four-firms-behind-kruger-brown-plasti,news,2017-03-01,date_match
en:12,en,news,12,"Latin Lawyer – Edmond Grieger, Sofía López – Von Wobeser & Sierra, S.C. generates Modelo renewables PPA",https://www.vonwobeser.com/index.php/publication?p_id=12,https://www.vonwobeser.com/index.php/publications/news?start=500,"April, 2017",2017-04,month,200,correcto,https://www.vonwobeser.com/index.php/publication?p_id=12,,1,legacy_id,12,,93c1a412-fdcf-451e-895c-cfeb30b88f58,latin-lawyer-edmond-grieger-sofia-lopez-von-wobeser-sierra-s-c-generates-modelo-,news,2017-04-01,date_match
en:10,en,news,10,"Lex Latin – Edmond Grieger, Sofía López – Von Wobeser & Sierra, S.C. generates Modelo renewables PPA",https://www.vonwobeser.com/index.php/publication?p_id=10,https://www.vonwobeser.com/index.php/publications/news?start=500,"April, 2017",2017-04,month,200,correcto,https://www.vonwobeser.com/index.php/publication?p_id=10,,1,legacy_id,10,,cb387fca-d3d2-4250-b568-efb66b370078,lex-latin-edmond-grieger-sofia-lopez-von-wobeser-sierra-s-c-generates-modelo-ren,news,2017-04-01,date_match
en:6,en,news,6,"Edmund Duckwitz, Of Counsel at Von Wobeser y Sierra (Former German Ambassador to Mexico) is elected as President of CAMEXA",https://www.vonwobeser.com/index.php/publication?p_id=6,https://www.vonwobeser.com/index.php/publications/news?start=490,"May, 2017",2017-05,month,200,correcto,https://www.vonwobeser.com/index.php/publication?p_id=6,,1,legacy_id,6,,f563a1ab-cca6-4607-92fe-52b757e160db,edmund-duckwitz-of-counsel-at-von-wobeser-y-sierra-former-german-ambassador-to-m,news,2017-05-01,date_match
en:4,en,news,4,"ITAFOR announces 2017 collaborators and among these Montserrat Manzano, Von Wobeser y Sierra Senior Associate, was elected",https://www.vonwobeser.com/index.php/publication?p_id=4,https://www.vonwobeser.com/index.php/publications/news?start=490,"June, 2017",2017-06,month,200,correcto,https://www.vonwobeser.com/index.php/publication?p_id=4,,1,legacy_id,4,,d53e64f2-3095-47ec-85ad-9cff6d90637a,itafor-announces-2017-collaborators-and-among-these-montserrat-manzano-von-wobes,news,2017-06-01,date_match
en:1,en,news,1,Special session: “Combating corruption: Interaction and collaboration between Mexican authorities and foreign agencies in complex anti-corruption investigations.”,https://www.vonwobeser.com/index.php/publication?p_id=1,https://www.vonwobeser.com/index.php/publications/news?start=490,"June, 2017",2017-06,month,200,correcto,https://www.vonwobeser.com/index.php/publication?p_id=1,,1,legacy_id,1,,b640cb43-c710-4972-9631-cc35138671de,special-session-combating-corruption-interaction-and-collaboration-between-mexic,news,2017-06-01,date_match
es:2054,es,news,2054,"Medidas administrativas – Eventos relativos a la Copa Mundial FIFA 2026 en la Ciudad de México y en la zona metropolitana de Guadalajara, Jalisco.",https://www.vonwobeser.com/index.php/publicacion?p_id=2054,https://www.vonwobeser.com/index.php/publicaciones/noticias,"Junio, 2026",2026-06,month,200,correcto,https://www.vonwobeser.com/index.php/publicacion?p_id=2054,,1,legacy_id,2054,,89097a29-85a9-466e-b5c7-41392870006d,medidas-administrativas-eventos-relativos-a-la-copa-mundial-fifa-2026-en-la-ciud,Labor & Employment,2026-06-01,date_match
es:2052,es,news,2052,CFE Adjudica Proyectos Bajo El Esquema Para El Desarrollo Mixto Y Sener Prórroga Plazos De La Segunda Convocatoria Para Permisos De Generación,https://www.vonwobeser.com/index.php/publicacion?p_id=2052,https://www.vonwobeser.com/index.php/publicaciones/noticias,"Junio, 2026",2026-06,month,200,correcto,https://www.vonwobeser.com/index.php/publicacion?p_id=2052,,1,legacy_id,2052,,434cc479-3fa2-4a98-bf3f-df0fa6f555be,cfe-adjudica-proyectos-bajo-el-esquema-para-el-desarrollo-mixto-y-sener-prorroga,Energy & Natural Resources,2026-06-01,date_match
es:2049,es,news,2049,Medidas administrativas – Inauguración de la Copa Mundial FIFA 2026 en la Ciudad de México.,https://www.vonwobeser.com/index.php/publicacion?p_id=2049,https://www.vonwobeser.com/index.php/publicaciones/noticias,"Junio, 2026",2026-06,month,200,correcto,https://www.vonwobeser.com/index.php/publicacion?p_id=2049,,1,legacy_id,2049,,578f9cb1-1fc5-4841-9268-5a2bade164e5,medidas-administrativas-inauguracion-de-la-copa-mundial-fifa-2026-en-la-ciudad-d,news,2026-06-01,date_match
es:2047,es,news,2047,Nuevos Valores de la UMA vigentes a partir del 1º de febrero de 2026,https://www.vonwobeser.com/index.php/publicacion?p_id=2047,https://www.vonwobeser.com/index.php/publicaciones/noticias?start=20,"Enero, 2026",2026-01,month,200,correcto,https://www.vonwobeser.com/index.php/publicacion?p_id=2047,,1,legacy_id,2047,,5da8aeab-f67b-45af-9f1c-caa8021ca590,nuevos-valores-de-la-uma-vigentes-a-partir-del-1-de-febrero-de-2026,news,2026-01-01,date_match
es:2045,es,news,2045,"Nuevas Obligaciones para Empleadores: Igualdad de Género, Prevención y erradicación de la Discriminación y la Violencia",https://www.vonwobeser.com/index.php/publicacion?p_id=2045,https://www.vonwobeser.com/index.php/publicaciones/noticias?start=20,"Enero, 2026",2026-01,month,200,correcto,https://www.vonwobeser.com/index.php/publicacion?p_id=2045,,1,legacy_id,2045,,cb74c451-98c1-4d0d-9db2-1ef337c6bff2,nuevas-obligaciones-para-empleadores-igualdad-de-genero-prevencion-y-erradicacio,news,2026-01-01,date_match
es:2043,es,news,2043,Nuevo marco jurídico para impulsar la Economía Circular en México,https://www.vonwobeser.com/index.php/publicacion?p_id=2043,https://www.vonwobeser.com/index.php/publicaciones/noticias?start=20,"Enero, 2026",2026-01,month,200,correcto,https://www.vonwobeser.com/index.php/publicacion?p_id=2043,,1,legacy_id,2043,,349549d4-7cc6-4862-a27d-e539539ec55c,nuevo-marco-juridico-para-impulsar-la-economia-circular-en-mexico,news,2026-01-01,date_match
es:2041,es,news,2041,"La Comisión Federal de Electricidad Emite los “Lineamientos de los Esquemas para el Desarrollo Mixto de la Empresa Pública del Estado, Comisión Federal de Electricidad”",https://www.vonwobeser.com/index.php/publicacion?p_id=2041,https://www.vonwobeser.com/index.php/publicaciones/noticias?start=20,"Febrero, 2026",2026-02,month,200,correcto,https://www.vonwobeser.com/index.php/publicacion?p_id=2041,,1,legacy_id,2041,,f63809a5-e678-464c-9252-b493d49aca03,la-comision-federal-de-electricidad-emite-los-lineamientos-de-los-esquemas-para-,news,2026-02-01,date_match
es:2039,es,news,2039,Se otorga un estímulo fiscal mediante crédito fiscal transferible a la producción cinematográfica y audiovisual en México,https://www.vonwobeser.com/index.php/publicacion?p_id=2039,https://www.vonwobeser.com/index.php/publicaciones/noticias?start=20,"Febrero, 2026",2026-02,month,200,correcto,https://www.vonwobeser.com/index.php/publicacion?p_id=2039,,1,legacy_id,2039,,017d7a10-306e-4eee-98a0-3d3039bea8f7,se-otorga-un-estimulo-fiscal-mediante-credito-fiscal-transferible-a-la-produccio,news,2026-02-01,date_match
es:2038,es,news,2038,Reforma Constitucional: Reducción de la Jornada Laboral.,https://www.vonwobeser.com/index.php/publicacion?p_id=2038,https://www.vonwobeser.com/index.php/publicaciones/noticias?start=20,"Marzo, 2026",2026-03,month,200,correcto,https://www.vonwobeser.com/index.php/publicacion?p_id=2038,,1,legacy_id,2038,,59e9ff37-2233-4362-bd5c-4c2e121c15e7,reforma-constitucional-reduccion-de-la-jornada-laboral,news,2026-03-01,date_match
es:2035,es,news,2035,Nuevo modelo de contrato de Interconexión y Conexión: cambios estructurales que permiten nuevos esquemas en el sector eléctrico,https://www.vonwobeser.com/index.php/publicacion?p_id=2035,https://www.vonwobeser.com/index.php/publicaciones/noticias?start=20,"Marzo, 2026",2026-03,month,200,correcto,https://www.vonwobeser.com/index.php/publicacion?p_id=2035,,1,legacy_id,2035,,ac525602-f256-46ae-8311-4736e5c8a285,nuevo-modelo-de-contrato-de-interconexion-y-conexion-cambios-estructurales-que-p,news,2026-03-01,date_match
es:2034,es,news,2034,Oportunidades de inversión en el Sector Eléctrico proyectos de transmisión y transformación - esquemas para el desarrollo mixto,https://www.vonwobeser.com/index.php/publicacion?p_id=2034,https://www.vonwobeser.com/index.php/publicaciones/noticias?start=10,"Abril, 2026",2026-04,month,200,correcto,https://www.vonwobeser.com/index.php/publicacion?p_id=2034,,1,legacy_id,2034,,2bba7f29-ca90-47cc-8167-ad10bc5a85b9,oportunidades-de-inversion-en-el-sector-electrico-proyectos-de-transmision-y-tra,news,2026-04-01,date_match
es:2031,es,news,2031,Tribunal declara inconstitucional política de Pemex que restringía contratos con empresas en litigio,https://www.vonwobeser.com/index.php/publicacion?p_id=2031,https://www.vonwobeser.com/index.php/publicaciones/noticias?start=20,"Marzo, 2026",2026-03,month,200,correcto,https://www.vonwobeser.com/index.php/publicacion?p_id=2031,,1,legacy_id,2031,,f631673c-ed67-4502-9907-5126c5966791,tribunal-declara-inconstitucional-politica-de-pemex-que-restringia-contratos-con,news,2026-03-01,date_match
es:2029,es,news,2029,Client Alert: Reforma al Reglamento de la Ley Antilavado (LFPIORPI),https://www.vonwobeser.com/index.php/publicacion?p_id=2029,https://www.vonwobeser.com/index.php/publicaciones/noticias?start=20,"Marzo, 2026",2026-03,month,200,correcto,https://www.vonwobeser.com/index.php/publicacion?p_id=2029,,1,legacy_id,2029,,d9b9e480-a057-48cc-8ba3-530af50416b5,client-alert-reforma-al-reglamento-de-la-ley-antilavado-lfpiorpi,news,2026-03-01,date_match
es:2027,es,news,2027,"México emite nuevas disposiciones administrativas para los mecanismos competitivos de CENACE en la adquisición de electricidad, capacidad, servicios conexos, productos asociados y el CENACE publica la primera Convocatoria",https://www.vonwobeser.com/index.php/publicacion?p_id=2027,https://www.vonwobeser.com/index.php/publicaciones/noticias?start=10,"Abril, 2026",2026-04,month,200,correcto,https://www.vonwobeser.com/index.php/publicacion?p_id=2027,,1,legacy_id,2027,,e9833b55-aadc-4c33-8148-c0770b3f3653,mexico-emite-nuevas-disposiciones-administrativas-para-los-mecanismos-competitiv,news,2026-04-01,date_match
es:2025,es,news,2025,Bloqueo de Cuentas por UIF Constitucional: La sentencia de la SCJN recuerda a los empresarios que sus programas de cumplimiento son clave para evitar las medidas de la UIF,https://www.vonwobeser.com/index.php/publicacion?p_id=2025,https://www.vonwobeser.com/index.php/publicaciones/noticias?start=20,"Abril, 2026",2026-04,month,200,correcto,https://www.vonwobeser.com/index.php/publicacion?p_id=2025,,1,legacy_id,2025,,80ca1abb-8b52-4106-b9b0-9f8fac0c3d56,bloqueo-de-cuentas-por-uif-constitucional-la-sentencia-de-la-scjn-recuerda-a-los,news,2026-04-01,date_match
es:2022,es,news,2022,Decreto por el que se reforma el artículo 141 del Código Fiscal de la Federación,https://www.vonwobeser.com/index.php/publicacion?p_id=2022,https://www.vonwobeser.com/index.php/publicaciones/noticias?start=10,"Abril, 2026",2026-04,month,200,correcto,https://www.vonwobeser.com/index.php/publicacion?p_id=2022,,1,legacy_id,2022,,407ff722-5940-43f2-922a-9da128218536,decreto-por-el-que-se-reforma-el-articulo-141-del-codigo-fiscal-de-la-federacion,news,2026-04-01,date_match
es:2021,es,news,2021,La Secretaría de Energía emite los lineamientos para la Migración Voluntaria de Permisos de Producción Independiente de Energía Eléctrica,https://www.vonwobeser.com/index.php/publicacion?p_id=2021,https://www.vonwobeser.com/index.php/publicaciones/noticias?start=10,"Abril, 2026",2026-04,month,200,correcto,https://www.vonwobeser.com/index.php/publicacion?p_id=2021,,1,legacy_id,2021,,8c69f981-22a7-4f04-8bc1-c0bea6881a2d,la-secretaria-de-energia-emite-los-lineamientos-para-la-migracion-voluntaria-de-,news,2026-04-01,date_match
es:2019,es,news,2019,Reformas a la Ley Federal de Protección a la Propiedad Industrial,https://www.vonwobeser.com/index.php/publicacion?p_id=2019,https://www.vonwobeser.com/index.php/publicaciones/noticias?start=10,"Abril, 2026",2026-04,month,200,correcto,https://www.vonwobeser.com/index.php/publicacion?p_id=2019,,1,legacy_id,2019,,93815070-2eb4-47f0-b0e8-b03d642e1bb1,reformas-a-la-ley-federal-de-proteccion-a-la-propiedad-industrial,news,2026-04-01,date_match
es:2018,es,news,2018,Sener emite la Segunda Convocatoria para la atención prioritaria de solicitudes de permisos de generación eléctrica e interconexión al SEN,https://www.vonwobeser.com/index.php/publicacion?p_id=2018,https://www.vonwobeser.com/index.php/publicaciones/noticias,"Mayo, 2026",2026-05,month,200,correcto,https://www.vonwobeser.com/index.php/publicacion?p_id=2018,,1,legacy_id,2018,,b37834dd-42f3-4067-b620-bec9c3821b7c,sener-emite-la-segunda-convocatoria-para-la-atencion-prioritaria-de-solicitudes-,news,2026-05-01,date_match
es:2016,es,news,2016,"Client Alert: Reforma a la Ley General en Materia de Desaparición Forzada de Personas, Desaparición Cometida por Particulares y del Sistema Nacional de Búsqueda de Personas (“LDP”); obligación de Interconexión con la Plataforma Única de Identidad (“PUI”)",https://www.vonwobeser.com/index.php/publicacion?p_id=2016,https://www.vonwobeser.com/index.php/publicaciones/noticias?start=10,"Abril, 2026",2026-04,month,200,correcto,https://www.vonwobeser.com/index.php/publicacion?p_id=2016,,1,legacy_id,2016,,14d94d6b-a3eb-4ac6-a2f7-127c52a1e9f9,client-alert-reforma-a-la-ley-general-en-materia-de-desaparicion-forzada-de-pers,news,2026-04-01,date_match
es:2013,es,news,2013,Modificaciones a los Lineamientos Generales para la Expedición de Visas,https://www.vonwobeser.com/index.php/publicacion?p_id=2013,https://www.vonwobeser.com/index.php/publicaciones/noticias,"Junio, 2026",2026-06,month,200,correcto,https://www.vonwobeser.com/index.php/publicacion?p_id=2013,,1,legacy_id,2013,,87984ee1-21ec-45b1-8014-e8e02473f389,modificaciones-a-los-lineamientos-generales-para-la-expedicion-de-visas,news,2026-06-01,date_match
es:2011,es,news,2011,Se expide la ley para el fomento de la inversión en infraestructura estratégica para el desarrollo con bienestar,https://www.vonwobeser.com/index.php/publicacion?p_id=2011,https://www.vonwobeser.com/index.php/publicaciones/noticias?start=10,"Abril, 2026",2026-04,month,200,correcto,https://www.vonwobeser.com/index.php/publicacion?p_id=2011,,1,legacy_id,2011,,6be67ebb-6f68-4566-8504-5c337c97ea80,se-expide-la-ley-para-el-fomento-de-la-inversion-en-infraestructura-estrategica-,news,2026-04-01,date_match
es:2009,es,news,2009,Nuevas disposiciones de la CNE regulan la integración de sistemas de almacenamiento de energía eléctrica al Sistema Eléctrico Nacional,https://www.vonwobeser.com/index.php/publicacion?p_id=2009,https://www.vonwobeser.com/index.php/publicaciones/noticias?start=10,"Abril, 2026",2026-04,month,200,correcto,https://www.vonwobeser.com/index.php/publicacion?p_id=2009,,1,legacy_id,2009,,9026f6a2-09f5-4b75-9906-95962d77493f,nuevas-disposiciones-de-la-cne-regulan-la-integracion-de-sistemas-de-almacenamie,news,2026-04-01,date_match
es:2007,es,news,2007,Publicación del Reglamento de la Ley Federal de Protección a la Propiedad Industrial,https://www.vonwobeser.com/index.php/publicacion?p_id=2007,https://www.vonwobeser.com/index.php/publicaciones/noticias?start=10,"Abril, 2026",2026-04,month,200,correcto,https://www.vonwobeser.com/index.php/publicacion?p_id=2007,,1,legacy_id,2007,,fb1545f6-e3e6-46b4-9fff-5e902e9e2779,publicacion-del-reglamento-de-la-ley-federal-de-proteccion-a-la-propiedad-indust,news,2026-04-01,date_match
es:2005,es,news,2005,Reforma al Reglamento de Insumos para la Salud,https://www.vonwobeser.com/index.php/publicacion?p_id=2005,https://www.vonwobeser.com/index.php/publicaciones/noticias?start=10,"Mayo, 2026",2026-05,month,200,correcto,https://www.vonwobeser.com/index.php/publicacion?p_id=2005,,1,legacy_id,2005,,419f4a63-fc15-4ef6-ae7d-a884779c1554,reforma-al-reglamento-de-insumos-para-la-salud,news,2026-05-01,date_match
es:2003,es,news,2003,Plan México — Acciones Inmediatas para la Inversión:,https://www.vonwobeser.com/index.php/publicacion?p_id=2003,https://www.vonwobeser.com/index.php/publicaciones/noticias,"Mayo, 2026",2026-05,month,200,correcto,https://www.vonwobeser.com/index.php/publicacion?p_id=2003,,1,legacy_id,2003,,b90baa98-bd82-4d3b-a891-53faaef837cd,plan-mexico-acciones-inmediatas-para-la-inversion,news,2026-05-01,date_match
es:2001,es,news,2001,Impacto en México de la Estrategia Antidrogas 2026 de EUA y el nuevo paradigma de cumplimiento comercial y financiero ligado a seguridad nacional,https://www.vonwobeser.com/index.php/publicacion?p_id=2001,https://www.vonwobeser.com/index.php/publicaciones/noticias,"Mayo, 2026",2026-05,month,200,correcto,https://www.vonwobeser.com/index.php/publicacion?p_id=2001,,1,legacy_id,2001,,ba467993-4ab3-4b85-bd36-26a521944bd4,impacto-en-mexico-de-la-estrategia-antidrogas-2026-de-eua-y-el-nuevo-paradigma-d,news,2026-05-01,date_match
es:1999,es,news,1999,SENER emite la Modificación a la Segunda Convocatoria para la atención prioritaria de solicitudes de permisos de generación de energía eléctrica e interconexión al SEN,https://www.vonwobeser.com/index.php/publicacion?p_id=1999,https://www.vonwobeser.com/index.php/publicaciones/noticias,"Mayo, 2026",2026-05,month,200,correcto,https://www.vonwobeser.com/index.php/publicacion?p_id=1999,,1,legacy_id,1999,,5a59e500-a215-41ce-a28d-d3659fd6dff1,sener-emite-la-modificacion-a-la-segunda-convocatoria-para-la-atencion-prioritar,news,2026-05-01,date_match
es:1998,es,news,1998,Publicación de la Reforma a la Ley Federal del Trabajo en materia de Reducción a la Jornada Laboral (48 a 40 horas),https://www.vonwobeser.com/index.php/publicacion?p_id=1998,https://www.vonwobeser.com/index.php/publicaciones/noticias,"Mayo, 2026",2026-05,month,200,correcto,https://www.vonwobeser.com/index.php/publicacion?p_id=1998,,1,legacy_id,1998,,aeefb567-9ebe-451e-90a4-893e0418718b,publicacion-de-la-reforma-a-la-ley-federal-del-trabajo-en-materia-de-reduccion-a,news,2026-05-01,date_match
es:1996,es,news,1996,México y la Unión Europea firman el Acuerdo Global Modernizado: nuevo régimen de protección de inversiones y próximos pasos para su entrada en vigor,https://www.vonwobeser.com/index.php/publicacion?p_id=1996,https://www.vonwobeser.com/index.php/publicaciones/noticias,"Junio, 2026",2026-06,month,200,correcto,https://www.vonwobeser.com/index.php/publicacion?p_id=1996,,1,legacy_id,1996,,33ae9dba-f36e-443e-b586-ee36f35cb797,mexico-y-la-union-europea-firman-el-acuerdo-global-modernizado-nuevo-regimen-de-,news,2026-06-01,date_match
es:1993,es,news,1993,"Von Wobeser fortalece sus prácticas de disputas, competencia económica, fiscal y compliance con el nombramiento de cuatro nuevos socios",https://www.vonwobeser.com/index.php/publicacion?p_id=1993,https://www.vonwobeser.com/index.php/publicaciones/noticias?start=30,"Diciembre, 2025",2025-12,month,200,correcto,https://www.vonwobeser.com/index.php/publicacion?p_id=1993,,1,legacy_id,1993,,f7527e9b-3b1f-4e4f-bbdd-331c967a1a22,von-wobeser-fortalece-sus-practicas-de-disputas-competencia-economica-fiscal-y-c,news,,project_date_missing
es:1991,es,news,1991,Von Wobeser y Sierra completa transición a sus nuevas oficinas: una inversión estratégica en el futuro de la firma,https://www.vonwobeser.com/index.php/publicacion?p_id=1991,https://www.vonwobeser.com/index.php/publicaciones/noticias?start=30,"Noviembre, 2025",2025-11,month,200,correcto,https://www.vonwobeser.com/index.php/publicacion?p_id=1991,,1,legacy_id,1991,,d2483fe5-7b42-4725-bf39-c888f5abc37d,von-wobeser-y-sierra-completa-transicion-a-sus-nuevas-oficinas-una-inversion-est,news,,project_date_missing
es:1987,es,news,1987,"Nueva Ley de Adquisiciones, Arrendamientos y Servicios del Sector Público.",https://www.vonwobeser.com/index.php/publicacion?p_id=1987,https://www.vonwobeser.com/index.php/publicaciones/noticias?start=30,"Mayo, 2025",2025-05,month,200,correcto,https://www.vonwobeser.com/index.php/publicacion?p_id=1987,,1,legacy_id,1987,,0c9112d3-5199-415e-a3ab-ceed87c4e227,nueva-ley-de-adquisiciones-arrendamientos-y-servicios-del-sector-publico,news,,project_date_missing
es:1985,es,news,1985,Actualizaciones Regulatorias en el Sector de Hidrocarburos,https://www.vonwobeser.com/index.php/publicacion?p_id=1985,https://www.vonwobeser.com/index.php/publicaciones/noticias?start=30,"Julio, 2025",2025-07,month,200,correcto,https://www.vonwobeser.com/index.php/publicacion?p_id=1985,,1,legacy_id,1985,,58f2be9c-9298-4a84-b2eb-a80391bf5070,actualizaciones-regulatorias-en-el-sector-de,Energía y Recursos Naturales,2025-07-01,date_match
es:1983,es,news,1983,Ley Silla - Disposiciones sobre los factores de Riesgo de Trabajo,https://www.vonwobeser.com/index.php/publicacion?p_id=1983,https://www.vonwobeser.com/index.php/publicaciones/noticias?start=30,"Julio, 2025",2025-07,month,200,correcto,https://www.vonwobeser.com/index.php/publicacion?p_id=1983,,1,legacy_id,1983,,141c8f8e-30a8-4553-a556-8916e5a4fdba,ley-silla-disposiciones-sobre-los-factores-de,Laboral,2025-07-01,date_match
es:1981,es,news,1981,Flash News: Reforma a la Ley Antilavado (LFPIORPI) y Código Penal Federal,https://www.vonwobeser.com/index.php/publicacion?p_id=1981,https://www.vonwobeser.com/index.php/publicaciones/noticias?start=30,"Julio, 2025",2025-07,month,200,correcto,https://www.vonwobeser.com/index.php/publicacion?p_id=1981,,1,legacy_id,1981,,ea1006ea-aeb2-40bd-b86a-e672e9a6c567,flash-news-reforma-a-la-ley-antilavado-lfpiorpi-y-codigo-penal-federal,news,,project_date_missing
es:1979,es,news,1979,Se reanudan actividades: se publican plazos y términos oficiales de la Comisión Nacional de Energía,https://www.vonwobeser.com/index.php/publicacion?p_id=1979,https://www.vonwobeser.com/index.php/publicaciones/noticias?start=30,"Junio, 2025",2025-06,month,200,correcto,https://www.vonwobeser.com/index.php/publicacion?p_id=1979,,1,legacy_id,1979,,a2054554-191d-439e-ae93-50e166e2fe11,se-reanudan-actividades-se-publican-plazos-y-terminos-oficiales-de-la-comision-n,news,,project_date_missing
es:1977,es,news,1977,Simplificación y mejora regulatoria de trámites en materia de PLD,https://www.vonwobeser.com/index.php/publicacion?p_id=1977,https://www.vonwobeser.com/index.php/publicaciones/noticias?start=30,"Junio, 2025",2025-06,month,200,correcto,https://www.vonwobeser.com/index.php/publicacion?p_id=1977,,1,legacy_id,1977,,c3fc99f2-ff4c-4387-abd6-d790f7b26a7c,simplificacion-y-mejora-regulatoria-de,"Investigaciones, Anticorrupción y Compliance",2025-06-01,date_match
es:1975,es,news,1975,Se publica iniciativa de reforma a la Ley Federal de Competencia Económica,https://www.vonwobeser.com/index.php/publicacion?p_id=1975,https://www.vonwobeser.com/index.php/publicaciones/noticias?start=40,"Abril, 2025",2025-04,month,200,correcto,https://www.vonwobeser.com/index.php/publicacion?p_id=1975,,1,legacy_id,1975,,7cfc561e-3662-47be-aaa3-2ddeaaddf149,se-publica-iniciativa-de-reforma-a-la-ley,Competencia Económica,2025-04-01,date_match
es:1973,es,news,1973,Nueva Declaración Informativa sobre Ocupación de Inmuebles Habitacionales en la Ciudad de México,https://www.vonwobeser.com/index.php/publicacion?p_id=1973,https://www.vonwobeser.com/index.php/publicaciones/noticias?start=40,"Abril, 2025",2025-04,month,200,correcto,https://www.vonwobeser.com/index.php/publicacion?p_id=1973,,1,legacy_id,1973,,1d71da1b-f62b-4306-ab2e-316272415c17,nueva-declaracion-informativa-sobre,Inmobiliario,2025-04-01,date_match
es:1971,es,news,1971,Nuevas Leyes en materia de Transparencia y Protección de Datos Personales en México,https://www.vonwobeser.com/index.php/publicacion?p_id=1971,https://www.vonwobeser.com/index.php/publicaciones/noticias?start=40,"Marzo, 2025",2025-03,month,200,correcto,https://www.vonwobeser.com/index.php/publicacion?p_id=1971,,1,legacy_id,1971,,208f791b-7acb-4874-bdf4-29c2bb72a659,nuevas-leyes-en-materia-de,Derecho Administrativo,2025-03-01,date_match
es:1969,es,news,1969,Criterio emitido por el Instituto del Fondo Nacional de la Vivienda para los Trabajadores respecto de la Reforma al Artículo 29 de la Ley del INFONAVIT,https://www.vonwobeser.com/index.php/publicacion?p_id=1969,https://www.vonwobeser.com/index.php/publicaciones/noticias?start=40,"Marzo, 2025",2025-03,month,200,correcto,https://www.vonwobeser.com/index.php/publicacion?p_id=1969,,1,verified_language_counterpart,1970,1970,97c59e33-0043-49f6-87d8-2ca5fad7d84f,criterio-emitido-por-el-instituto-del,Laboral,2025-03-01,date_match
es:1967,es,news,1967,Nuevas Leyes Secundarias para el Sector Eléctrico (Segunda Parte),https://www.vonwobeser.com/index.php/publicacion?p_id=1967,https://www.vonwobeser.com/index.php/publicaciones/noticias?start=40,"Marzo, 2025",2025-03,month,200,correcto,https://www.vonwobeser.com/index.php/publicacion?p_id=1967,,1,legacy_id,1967,,238873f6-31e5-4b53-9526-2e23b4012653,nuevas-leyes-secundarias-para-el-sector,Energía y Recursos Naturales,2025-03-01,date_match
es:1965,es,news,1965,Implicaciones Fiscales de las Recientes Invitaciones del SAT sobre Subcontratación Y REPSE,https://www.vonwobeser.com/index.php/publicacion?p_id=1965,https://www.vonwobeser.com/index.php/publicaciones/noticias?start=40,"Marzo, 2025",2025-03,month,200,correcto,https://www.vonwobeser.com/index.php/publicacion?p_id=1965,,1,legacy_id,1965,,f7065f97-30c1-4ccf-a67e-99ad8404a02d,implicaciones-fiscales-de-las-recientes,Fiscal,2025-03-01,date_match
es:1963,es,news,1963,Entran en vigor Disposiciones para la integración de Sistemas de Almacenamiento de Energía Eléctrica al Sistema Eléctrico Nacional.,https://www.vonwobeser.com/index.php/publicacion?p_id=1963,https://www.vonwobeser.com/index.php/publicaciones/noticias?start=40,"Marzo, 2025",2025-03,month,200,correcto,https://www.vonwobeser.com/index.php/publicacion?p_id=1963,,1,legacy_id,1963,,ddf693b2-43c4-4891-9920-702dff51a66a,entran-en-vigor-disposiciones-para-la,Energía y Recursos Naturales,2025-03-01,date_match
es:1962,es,news,1962,Reforma sobre Ley de Obras Públicas y Servicios Relacionados con las Mismas,https://www.vonwobeser.com/index.php/publicacion?p_id=1962,https://www.vonwobeser.com/index.php/publicaciones/noticias?start=30,"Mayo, 2025",2025-05,month,200,correcto,https://www.vonwobeser.com/index.php/publicacion?p_id=1962,,1,legacy_id,1962,,3edb0939-7fbf-4a7a-ab6f-e69a4390dd6f,reforma-sobre-ley-de-obras-publicas-y-servicios-relacionados-con-las-mismas,news,,project_date_missing
es:1960,es,news,1960,Se Otorgan Estímulos Fiscales a Contribuyentes que Operen dentro de los Polos de Desarrollo Económico para el Bienestar,https://www.vonwobeser.com/index.php/publicacion?p_id=1960,https://www.vonwobeser.com/index.php/publicaciones/noticias?start=30,"Mayo, 2025",2025-05,month,200,correcto,https://www.vonwobeser.com/index.php/publicacion?p_id=1960,,0,,,1959,,,,,project_missing
es:1957,es,news,1957,Nuevas Leyes Secundarias Modifican el Sector Energético en México,https://www.vonwobeser.com/index.php/publicacion?p_id=1957,https://www.vonwobeser.com/index.php/publicaciones/noticias?start=40,"Marzo, 2025",2025-03,month,200,correcto,https://www.vonwobeser.com/index.php/publicacion?p_id=1957,,1,legacy_id,1957,,189aeb89-a442-43ba-b643-e593623c6e96,nuevas-leyes-secundarias-modifican-el,Energía y Recursos Naturales,2025-03-01,date_match
es:1955,es,news,1955,Iniciativa de Nuevas Leyes Secundarias para el Sector De Hidrocarburos,https://www.vonwobeser.com/index.php/publicacion?p_id=1955,https://www.vonwobeser.com/index.php/publicaciones/noticias?start=40,"Febrero, 2025",2025-02,month,200,correcto,https://www.vonwobeser.com/index.php/publicacion?p_id=1955,,1,legacy_id,1955,,cd3bd427-d754-43b8-ac98-d581800092c3,iniciativa-de-nuevas-leyes-secundarias-para-el-sector-de-hidrocarburos,news,,project_date_missing
es:1953,es,news,1953,Publicación de Criterio sobre Responsabilidad Penal de Personas Morales.,https://www.vonwobeser.com/index.php/publicacion?p_id=1953,https://www.vonwobeser.com/index.php/publicaciones/noticias?start=40,"Febrero, 2025",2025-02,month,200,correcto,https://www.vonwobeser.com/index.php/publicacion?p_id=1953,,1,legacy_id,1953,,fa066d4b-e4be-4395-b3e7-ba2ea8662b32,publicacion-de-criterio-sobre,"Investigaciones, Anticorrupción y Compliance",2025-02-01,date_match
es:1951,es,news,1951,Se publica iniciativa de Ley Federal Antimonopolio y de Competencia Económica,https://www.vonwobeser.com/index.php/publicacion?p_id=1951,https://www.vonwobeser.com/index.php/publicaciones/noticias?start=50,"Febrero, 2025",2025-02,month,200,correcto,https://www.vonwobeser.com/index.php/publicacion?p_id=1951,,1,legacy_id,1951,,1cc587ad-d339-45c2-9ae3-59a0027f81aa,se-publica-iniciativa-de-ley-federal-antimonopolio-y-de-competencia-economica,news,2025-02-01,date_match
es:1950,es,news,1950,SAT aumenta verificaciones de domicilio que pueden derivar en restricción de sellos digitales,https://www.vonwobeser.com/index.php/publicacion?p_id=1950,https://www.vonwobeser.com/index.php/publicaciones/noticias?start=70,"Agosto, 2024",2024-08,month,200,correcto,https://www.vonwobeser.com/index.php/publicacion?p_id=1950,,1,legacy_id,1950,,78119f43-4506-4b0e-a916-b32d59de3401,sat-aumenta-verificaciones-de-domicilio-que-pueden-derivar-en-restriccion-de-sel,news,2024-08-01,date_match
es:1948,es,news,1948,En memoria de Rodolfo Trampe,https://www.vonwobeser.com/index.php/publicacion?p_id=1948,https://www.vonwobeser.com/index.php/publicaciones/noticias?start=60,"Noviembre, 2024",2024-11,month,200,correcto,https://www.vonwobeser.com/index.php/publicacion?p_id=1948,,1,legacy_id,1948,,63d0fd10-807e-4c3e-8bde-c05aefffaf33,en-memoria-de-rodolfo-trampe,news,2024-11-01,date_match
es:1945,es,news,1945,Reforma para Ampliar Delitos con Prisión Preventiva Oficiosa,https://www.vonwobeser.com/index.php/publicacion?p_id=1945,https://www.vonwobeser.com/index.php/publicaciones/noticias?start=60,"Noviembre, 2024",2024-11,month,200,correcto,https://www.vonwobeser.com/index.php/publicacion?p_id=1945,,1,legacy_id,1945,,92d252ab-946b-4fa4-b647-eddffeba24d9,reforma-para-ampliar-delitos-con-prision-preventiva-oficiosa-2,news,2024-11-01,date_match
es:1944,es,news,1944,Von Wobeser y Sierra reconocido en GIR 100 2024,https://www.vonwobeser.com/index.php/publicacion?p_id=1944,https://www.vonwobeser.com/index.php/publicaciones/noticias?start=50,"Diciembre, 2024",2024-12,month,200,correcto,https://www.vonwobeser.com/index.php/publicacion?p_id=1944,,1,legacy_id,1944,,e77b318a-4d49-42ee-b4af-52166fdbad33,von-wobeser-y-sierra-reconocido-en-gir-100-2024,news,2024-12-01,date_match
es:1941,es,news,1941,Decreto de estímulos fiscales publicado el 21 de enero de 2025,https://www.vonwobeser.com/index.php/publicacion?p_id=1941,https://www.vonwobeser.com/index.php/publicaciones/noticias?start=50,"Enero, 2025",2025-01,month,200,correcto,https://www.vonwobeser.com/index.php/publicacion?p_id=1941,,1,legacy_id,1941,,d2b19620-6eed-4a6d-a044-2f3902482741,decreto-de-estimulos-fiscales-publicado-el-21-de-enero-de-2025,news,2025-01-01,date_match
es:1939,es,news,1939,Flexibilización de la prohibición de importación temporal de textiles y confecciones bajo programas IMMEX,https://www.vonwobeser.com/index.php/publicacion?p_id=1939,https://www.vonwobeser.com/index.php/publicaciones/noticias?start=50,"Enero, 2025",2025-01,month,200,correcto,https://www.vonwobeser.com/index.php/publicacion?p_id=1939,,1,legacy_id,1939,,511b1b18-e06c-4ade-b955-768b42f5bb8e,flexibilizacion-de-la-prohibicion-de,Comercio Exterior,2025-01-01,date_match
es:1937,es,news,1937,Reforma Laboral en materia de Trabajo en Plataformas Digitales,https://www.vonwobeser.com/index.php/publicacion?p_id=1937,https://www.vonwobeser.com/index.php/publicaciones/noticias?start=50,"Enero, 2025",2025-01,month,200,correcto,https://www.vonwobeser.com/index.php/publicacion?p_id=1937,,1,legacy_id,1937,,242eccd7-8db8-4e4d-99ab-a035fccdf591,reforma-laboral-en-materia-de-trabajo,Laboral,2025-01-01,date_match
es:1935,es,news,1935,Propuesta de Servicios Legales y de Cumplimiento: Preparación frente a las Regulaciones OFAC y la Designación de Cárteles como Organizaciones Terroristas,https://www.vonwobeser.com/index.php/publicacion?p_id=1935,https://www.vonwobeser.com/index.php/publicaciones/noticias?start=50,"Enero, 2025",2025-01,month,200,correcto,https://www.vonwobeser.com/index.php/publicacion?p_id=1935,,1,legacy_id,1935,,b5dcec5e-c153-4ee6-8e23-da458e1a39f8,propuesta-de-servicios-legales-y-de,"Investigaciones, Anticorrupción y Compliance",2025-01-01,date_match
es:1933,es,news,1933,Nuevos Valores de la UMA vigentes a partir del 1º de febrero de 2025,https://www.vonwobeser.com/index.php/publicacion?p_id=1933,https://www.vonwobeser.com/index.php/publicaciones/noticias?start=50,"Enero, 2025",2025-01,month,200,correcto,https://www.vonwobeser.com/index.php/publicacion?p_id=1933,,1,legacy_id,1933,,7cfcec9f-6f61-4260-87d4-5f1539e03564,nuevos-valores-de-la-uma-vigentes-a,Derecho Administrativo,2025-01-01,date_match
es:1932,es,news,1932,Von Wobeser y Sierra anuncia transición de liderazgo y cambios en su Comité Ejecutivo,https://www.vonwobeser.com/index.php/publicacion?p_id=1932,https://www.vonwobeser.com/index.php/publicaciones/noticias?start=50,"Febrero, 2025",2025-02,month,200,correcto,https://www.vonwobeser.com/index.php/publicacion?p_id=1932,,1,legacy_id,1932,,1a5f44d8-e213-4aa2-8a0e-593ecf4b80eb,von-wobeser-y-sierra-anuncia-transicion-de-liderazgo-y-cambios-en-su-comite-ejec,news,2025-02-01,date_match
es:1930,es,news,1930,México expresa a la ONU posición restrictiva sobre uso de la fuerza en territorio extranjero,https://www.vonwobeser.com/index.php/publicacion?p_id=1930,https://www.vonwobeser.com/index.php/publicaciones/noticias?start=50,"Febrero, 2025",2025-02,month,200,correcto,https://www.vonwobeser.com/index.php/publicacion?p_id=1930,,1,legacy_id,1930,,30af31ac-2a9f-4988-aacd-fd857a3fe8a2,mexico-expresa-a-la-onu-posicion,Derecho Administrativo,2025-02-01,date_match
es:1927,es,news,1927,Nuevos salarios mínimos a partir del 1° de enero de 2025,https://www.vonwobeser.com/index.php/publicacion?p_id=1927,https://www.vonwobeser.com/index.php/publicaciones/noticias?start=50,"Enero, 2025",2025-01,month,200,correcto,https://www.vonwobeser.com/index.php/publicacion?p_id=1927,,1,legacy_id,1927,,5a7e0fe2-0d8a-4175-be4f-aabea56862fa,nuevos-salarios-minimos-a-partir-del-1,Laboral,2025-01-01,date_match
es:1925,es,news,1925,Paquete Económico 2025,https://www.vonwobeser.com/index.php/publicacion?p_id=1925,https://www.vonwobeser.com/index.php/publicaciones/noticias?start=60,"Noviembre, 2024",2024-11,month,200,correcto,https://www.vonwobeser.com/index.php/publicacion?p_id=1925,,1,legacy_id,1925,,ead776ec-acb1-4d40-859a-d345a7279f81,paquete-economico-2025,news,2024-11-01,date_match
es:1923,es,news,1923,Von Wobeser y Sierra fortalece su práctica Fiscal con la integración del consejero Eric Palacios,https://www.vonwobeser.com/index.php/publicacion?p_id=1923,https://www.vonwobeser.com/index.php/publicaciones/noticias?start=70,"Agosto, 2024",2024-08,month,200,correcto,https://www.vonwobeser.com/index.php/publicacion?p_id=1923,,1,legacy_id,1923,,846caeee-180f-410d-a30d-1aca72e000db,von-wobeser-y-sierra-fortalece-su-practica-fiscal-con-la-integracion-del-conseje,news,2024-08-01,date_match
es:1921,es,news,1921,TD Bank: Lecciones sobre la Importancia de Controles Eficientes en la Prevención de Lavado de Dinero,https://www.vonwobeser.com/index.php/publicacion?p_id=1921,https://www.vonwobeser.com/index.php/publicaciones/noticias?start=60,"Octubre, 2024",2024-10,month,200,correcto,https://www.vonwobeser.com/index.php/publicacion?p_id=1921,,1,legacy_id,1921,,76719534-72ba-4bc8-b10d-014ffc7b35f7,td-bank-lecciones-sobre-la-importancia-de-controles-eficientes-en-la-prevencion-,news,2024-10-01,date_match
es:1919,es,news,1919,Reforma Constitucional en materia de derechos de Comunidades Indígenas y Afromexicanas,https://www.vonwobeser.com/index.php/publicacion?p_id=1919,https://www.vonwobeser.com/index.php/publicaciones/noticias?start=60,"Octubre, 2024",2024-10,month,200,correcto,https://www.vonwobeser.com/index.php/publicacion?p_id=1919,,1,legacy_id,1919,,e80a4b18-11f9-41a6-b858-557aca47be07,reforma-constitucional-en-materia-de-derechos-de-comunidades-indigenas-y-afromex,news,2024-10-01,date_match
es:1917,es,news,1917,Reforma para Ampliar Delitos con Prisión Preventiva Oficiosa,https://www.vonwobeser.com/index.php/publicacion?p_id=1917,https://www.vonwobeser.com/index.php/publicaciones/noticias?start=60,"Noviembre, 2024",2024-11,month,200,correcto,https://www.vonwobeser.com/index.php/publicacion?p_id=1917,,1,legacy_id,1917,,389dd252-10bb-4f71-a21d-0c86239d02a4,reforma-para-ampliar-delitos-con-prision-preventiva-oficiosa,news,2024-11-01,date_match
es:1915,es,news,1915,EE. UU. Introduce Nuevas Regulaciones de Banca Abierta (Open Banking),https://www.vonwobeser.com/index.php/publicacion?p_id=1915,https://www.vonwobeser.com/index.php/publicaciones/noticias?start=60,"Noviembre, 2024",2024-11,month,200,correcto,https://www.vonwobeser.com/index.php/publicacion?p_id=1915,,1,legacy_id,1915,,ef9c173e-c114-4b24-9a54-526acd6c1fa7,ee-uu-introduce-nuevas-regulaciones-de-banca-abierta-open-banking,news,2024-11-01,date_match
es:1913,es,news,1913,"Nueva Reforma Constitucional en Áreas y Empresas Estratégicas (Energía, Ferrocarriles, Telecomunicaciones y Recursos Naturales)",https://www.vonwobeser.com/index.php/publicacion?p_id=1913,https://www.vonwobeser.com/index.php/publicaciones/noticias?start=60,"Octubre, 2024",2024-10,month,200,correcto,https://www.vonwobeser.com/index.php/publicacion?p_id=1913,,1,legacy_id,1913,,197a2ea1-b9b7-49ab-90d9-671d1f264771,nueva-reforma-constitucional-en-areas-y-empresas-estrategicas-energia-ferrocarri,news,2024-10-01,date_match
es:1911,es,news,1911,Propuesta de Reforma a la LFPIORPI y al CPF para Fortalecer la Prevención de Lavado de Dinero y el Financiamiento al Terrorismo,https://www.vonwobeser.com/index.php/publicacion?p_id=1911,https://www.vonwobeser.com/index.php/publicaciones/noticias?start=60,"Octubre, 2024",2024-10,month,200,correcto,https://www.vonwobeser.com/index.php/publicacion?p_id=1911,,1,legacy_id,1911,,ff4ea0b6-481a-43d2-9aac-c790ca47c8fd,propuesta-de-reforma-a-la-lfpiorpi-y,"Investigaciones, Anticorrupción y Compliance",2024-10-01,date_match
es:1909,es,news,1909,Nuevas disposiciones para la infraestructura de recarga de vehículos eléctricos en México,https://www.vonwobeser.com/index.php/publicacion?p_id=1909,https://www.vonwobeser.com/index.php/publicaciones/noticias?start=60,"Octubre, 2024",2024-10,month,200,correcto,https://www.vonwobeser.com/index.php/publicacion?p_id=1909,,1,legacy_id,1909,,149d7977-7aaa-483f-adc4-f63f381f6266,nuevas-disposiciones-para-la-infraestructura-de-recarga-de-vehiculos-electricos-,news,2024-10-01,date_match
es:1907,es,news,1907,Importante precedente en relación con la deducción de erogaciones por concepto de gastos de urbanización e infraestructura como gasto del ejercicio y no como costo de ventas,https://www.vonwobeser.com/index.php/publicacion?p_id=1907,https://www.vonwobeser.com/index.php/publicaciones/noticias?start=70,"Septiembre, 2024",2024-09,month,200,correcto,https://www.vonwobeser.com/index.php/publicacion?p_id=1907,,1,legacy_id,1907,,29d7d601-0f07-42a6-b43d-d1718f1b1620,importante-precedente-en-relacion-con-la-deduccion-de-erogaciones-por-concepto-d,news,2024-09-01,date_match
es:1905,es,news,1905,1º de octubre: Día de descanso obligatorio,https://www.vonwobeser.com/index.php/publicacion?p_id=1905,https://www.vonwobeser.com/index.php/publicaciones/noticias?start=70,"Septiembre, 2024",2024-09,month,200,correcto,https://www.vonwobeser.com/index.php/publicacion?p_id=1905,,1,legacy_id,1905,,143a9f71-d822-4ee7-8e63-aaa6b314b68d,1-de-octubre-dia-de-descanso-obligatorio,news,2024-09-01,date_match
es:1903,es,news,1903,Importante precedente para evitar la cancelación de sellos digitales,https://www.vonwobeser.com/index.php/publicacion?p_id=1903,https://www.vonwobeser.com/index.php/publicaciones/noticias?start=70,"Septiembre, 2024",2024-09,month,200,correcto,https://www.vonwobeser.com/index.php/publicacion?p_id=1903,,1,legacy_id,1903,,b00297ac-0580-4247-b8c7-bb40764c6064,importante-precedente-para-evitar-la-cancelacion-de-sellos-digitales,news,2024-09-01,date_match
es:1901,es,news,1901,Publicación de lineamientos del buzón del Instituto Mexicano del Seguro Social,https://www.vonwobeser.com/index.php/publicacion?p_id=1901,https://www.vonwobeser.com/index.php/publicaciones/noticias?start=70,"Agosto, 2024",2024-08,month,200,correcto,https://www.vonwobeser.com/index.php/publicacion?p_id=1901,,1,legacy_id,1901,,ab5c568f-b628-4e33-97ae-08baf5f99ff2,publicacion-de-lineamientos-del-buzon-del-instituto-mexicano-del-seguro-social,news,2024-08-01,date_match
es:1894,es,news,1894,Grupak de México adquiere lgsapack para la autosuficiencia eléctrica,https://www.vonwobeser.com/index.php/publicacion?p_id=1894,https://www.vonwobeser.com/index.php/publicaciones/noticias?start=70,"Agosto, 2024",2024-08,month,200,correcto,https://www.vonwobeser.com/index.php/publicacion?p_id=1894,,1,legacy_id,1894,,99669cf6-f5cb-4e3f-9ff6-11edb06353b6,grupak-de-mexico-adquiere-lgsapack-para-la-autosuficiencia-electrica,news,2024-08-01,date_match
es:1888,es,news,1888,IMSS: Integración del salario base de cotización por pago de alimentos y habitación,https://www.vonwobeser.com/index.php/publicacion?p_id=1888,https://www.vonwobeser.com/index.php/publicaciones/noticias?start=70,"Julio, 2024",2024-07,month,200,correcto,https://www.vonwobeser.com/index.php/publicacion?p_id=1888,,1,legacy_id,1888,,124670e0-37b6-47c0-822e-7a2fb2ba444a,imss-integracion-del-salario-base-de-cotizacion-por-pago-de-alimentos-y-habitaci,news,2024-07-01,date_match
es:1886,es,news,1886,COFECE publica lineamientos para el uso de medios electrónicos en sus procedimientos,https://www.vonwobeser.com/index.php/publicacion?p_id=1886,https://www.vonwobeser.com/index.php/publicaciones/noticias?start=110,"Marzo, 2023",2023-03,month,200,correcto,https://www.vonwobeser.com/index.php/publicacion?p_id=1886,,1,legacy_id,1886,,fbba13df-f5a7-4aab-9479-59064830a006,cofece-publica-lineamientos-para-el-uso-de-medios-electronicos-en-sus-procedimie,news,2023-03-01,date_match
es:1884,es,news,1884,La restricción a la venta de productos con grasas trans ya está en vigor,https://www.vonwobeser.com/index.php/publicacion?p_id=1884,https://www.vonwobeser.com/index.php/publicaciones/noticias?start=100,"Septiembre, 2023",2023-09,month,200,correcto,https://www.vonwobeser.com/index.php/publicacion?p_id=1884,,1,legacy_id,1884,,9828a138-3358-4ec8-ad46-fab27339b60d,la-restriccion-a-la-venta-de-productos-con-grasas-trans-ya-esta-en-vigor,news,,project_date_missing
es:1882,es,news,1882,Uso de Medios Electrónicos para la Celebración de Asambleas de Socios y Accionistas,https://www.vonwobeser.com/index.php/publicacion?p_id=1882,https://www.vonwobeser.com/index.php/publicaciones/noticias?start=100,"Septiembre, 2023",2023-09,month,200,correcto,https://www.vonwobeser.com/index.php/publicacion?p_id=1882,,1,legacy_id,1882,,d6038178-cdc1-48f0-8356-fc0b21942bd8,uso-de-medios-electronicos-para-la-celebracion-de-asambleas-de-socios-y-accionis,news,,project_date_missing
es:1878,es,news,1878,Investigación en Materia de Competencia Económica en el Mercado de la Comercialización de Avisos Inmobiliarios Clasificados,https://www.vonwobeser.com/index.php/publicacion?p_id=1878,https://www.vonwobeser.com/index.php/publicaciones/noticias?start=100,"Octubre, 2023",2023-10,month,200,correcto,https://www.vonwobeser.com/index.php/publicacion?p_id=1878,,1,legacy_id,1878,,cbf21e71-04dc-4a21-8dd2-0e2f2ed78cf1,investigacion-en-materia-de-competencia-economica-en-el-mercado-de-la-comerciali,news,,project_date_missing
es:1876,es,news,1876,Se otorgan importantes estímulos fiscales a sectores clave de la industria de manufactura para la exportación,https://www.vonwobeser.com/index.php/publicacion?p_id=1876,https://www.vonwobeser.com/index.php/publicaciones/noticias?start=100,"Octubre, 2023",2023-10,month,200,correcto,https://www.vonwobeser.com/index.php/publicacion?p_id=1876,,1,legacy_id,1876,,0af3f04d-df69-419a-a397-f16b6df9ab14,se-otorgan-importantes-estimulos-fiscales-a-sectores-clave-de-la-industria-de-ma,news,,project_date_missing
es:1875,es,news,1875,Nuevas Directrices del SAT en relación con el CFDI,https://www.vonwobeser.com/index.php/publicacion?p_id=1875,https://www.vonwobeser.com/index.php/publicaciones/noticias?start=90,"Octubre, 2023",2023-10,month,200,correcto,https://www.vonwobeser.com/index.php/publicacion?p_id=1875,,1,legacy_id,1875,,4ae438d5-503a-4c9b-a60a-92c09c794404,nuevas-directrices-del-sat-en-relacion-con-el-cfdi,news,2023-10-01,date_match
es:1873,es,news,1873,Decreto – Beneficios fiscales a los contribuyentes de las zonas afectadas del estado de Guerrero,https://www.vonwobeser.com/index.php/publicacion?p_id=1873,https://www.vonwobeser.com/index.php/publicaciones/noticias?start=90,"Octubre, 2023",2023-10,month,200,correcto,https://www.vonwobeser.com/index.php/publicacion?p_id=1873,,1,legacy_id,1873,,30d363f6-3a50-4ce1-b026-fc3207a0ff3f,decreto-beneficios-fiscales-a-los-contribuyentes-de-las-zonas-afectadas-del-esta,news,2023-10-01,date_match
es:1871,es,news,1871,Próxima entrada en vigor de la NOM-037,https://www.vonwobeser.com/index.php/publicacion?p_id=1871,https://www.vonwobeser.com/index.php/publicaciones/noticias?start=90,"Noviembre, 2023",2023-11,month,200,correcto,https://www.vonwobeser.com/index.php/publicacion?p_id=1871,,1,legacy_id,1871,,9f1931d3-4964-4ebe-a8b8-3fb4dd01e81e,proxima-entrada-en-vigor-de-la-nom-037,news,2023-11-01,date_match
es:1869,es,news,1869,Reporte BEPS – Acción 14 “Hacer que los mecanismos de Resolución de Controversias sean más Efectivos”,https://www.vonwobeser.com/index.php/publicacion?p_id=1869,https://www.vonwobeser.com/index.php/publicaciones/noticias?start=90,"Noviembre, 2023",2023-11,month,200,correcto,https://www.vonwobeser.com/index.php/publicacion?p_id=1869,,1,legacy_id,1869,,d19370fb-796a-44d7-80a5-a44382ca55f4,reporte-beps-accion-14-hacer-que-los-mecanismos-de-resolucion-de-controversias-s,news,2023-11-01,date_match
es:1867,es,news,1867,Modificaciones relevantes en leyes fiscales y presupuestarias para 2024,https://www.vonwobeser.com/index.php/publicacion?p_id=1867,https://www.vonwobeser.com/index.php/publicaciones/noticias?start=90,"Noviembre, 2023",2023-11,month,200,correcto,https://www.vonwobeser.com/index.php/publicacion?p_id=1867,,1,legacy_id,1867,,e24ba672-756f-4e66-bd81-1a8cd577d025,modificaciones-relevantes-en-leyes-fiscales-y-presupuestarias-para-2024,news,2023-11-01,date_match
es:1865,es,news,1865,Reforma en materia de juegos y sorteos,https://www.vonwobeser.com/index.php/publicacion?p_id=1865,https://www.vonwobeser.com/index.php/publicaciones/noticias?start=90,"Noviembre, 2023",2023-11,month,200,correcto,https://www.vonwobeser.com/index.php/publicacion?p_id=1865,,1,legacy_id,1865,,6a9d6547-8ca6-4059-9d00-5138715e072b,reforma-en-materia-de-juegos-y-sorteos,news,2023-11-01,date_match
es:1863,es,news,1863,Nuevos salarios mínimos a partir del 1o de enero de 2024,https://www.vonwobeser.com/index.php/publicacion?p_id=1863,https://www.vonwobeser.com/index.php/publicaciones/noticias?start=90,"Diciembre, 2023",2023-12,month,200,correcto,https://www.vonwobeser.com/index.php/publicacion?p_id=1863,,1,legacy_id,1863,,017842c2-6728-4cce-8fa6-a7fefdf3e88a,nuevos-salarios-minimos-a-partir-del-1o-de-enero-de-2024,news,2023-12-01,date_match
es:1861,es,news,1861,Investigación de oficio por barreras a la competencia y libre concurrencia y/o insumos esenciales en el Mercado del Servicio Público de Transporte Ferroviario de Carga,https://www.vonwobeser.com/index.php/publicacion?p_id=1861,https://www.vonwobeser.com/index.php/publicaciones/noticias?start=90,"Enero, 2024",2024-01,month,200,correcto,https://www.vonwobeser.com/index.php/publicacion?p_id=1861,,1,legacy_id,1861,,7c560e2f-d537-4915-82dc-290861a233ac,investigacion-de-oficio-por-barreras-a-la-competencia-y-libre-concurrencia-y-o-i,news,2024-01-01,date_match
es:1859,es,news,1859,Reforma al Reglamento Interior del Tribunal Federal de Justicia Administrativa,https://www.vonwobeser.com/index.php/publicacion?p_id=1859,https://www.vonwobeser.com/index.php/publicaciones/noticias?start=90,"Febrero, 2024",2024-02,month,200,correcto,https://www.vonwobeser.com/index.php/publicacion?p_id=1859,,1,legacy_id,1859,,5425467c-7806-4c3e-941b-61f90a7c74f8,reforma-al-reglamento-interior-del-tribunal-federal-de-justicia-administrativa,news,2024-02-01,date_match
es:1857,es,news,1857,La Suprema Corte de Justicia de la Nación confirma amparos en contra de la reciente reforma a la Ley de la Industria Eléctrica,https://www.vonwobeser.com/index.php/publicacion?p_id=1857,https://www.vonwobeser.com/index.php/publicaciones/noticias?start=80,"Febrero, 2024",2024-02,month,200,correcto,https://www.vonwobeser.com/index.php/publicacion?p_id=1857,,1,legacy_id,1857,,7beec9d5-9e2e-4295-adf1-ca7516f71510,la-suprema-corte-de-justicia-de-la-nacion-confirma-amparos-en-contra-de-la-recie,news,,project_date_missing
es:1855,es,news,1855,Impuesto Predial - Inconstitucionalidad de la fracción IV del Artículo 282 del Código Fiscal de la Ciudad de México,https://www.vonwobeser.com/index.php/publicacion?p_id=1855,https://www.vonwobeser.com/index.php/publicaciones/noticias?start=80,"Febrero, 2024",2024-02,month,200,correcto,https://www.vonwobeser.com/index.php/publicacion?p_id=1855,,1,legacy_id,1855,,98b1acbf-1bd5-4238-b202-39b449bd729d,impuesto-predial-inconstitucionalidad-de-la-fraccion-iv-del-articulo-282-del-cod,news,,project_date_missing
es:1853,es,news,1853,Renovaciones REPSE 2024,https://www.vonwobeser.com/index.php/publicacion?p_id=1853,https://www.vonwobeser.com/index.php/publicaciones/noticias?start=80,"Febrero, 2024",2024-02,month,200,correcto,https://www.vonwobeser.com/index.php/publicacion?p_id=1853,,1,legacy_id,1853,,9414a8d3-1ea4-4357-8a34-b553197b0d7c,renovaciones-repse-2024,news,,project_date_missing
es:1851,es,news,1851,Acuerdo sobre la competencia territorial de las Unidades Administrativas de la PRODECON en materia de acuerdos conclusivos,https://www.vonwobeser.com/index.php/publicacion?p_id=1851,https://www.vonwobeser.com/index.php/publicaciones/noticias?start=80,"Marzo, 2024",2024-03,month,200,correcto,https://www.vonwobeser.com/index.php/publicacion?p_id=1851,,1,legacy_id,1851,,cab116c8-dcc1-4837-a53a-eea1cb1fa793,acuerdo-sobre-la-competencia-territorial-de-las-unidades-administrativas-de-la-p,news,,project_date_missing
es:1849,es,news,1849,Reforma a la Ley General de Títulos y Operaciones de Crédito y a la Ley General de Organizaciones y Actividades Auxiliares del Crédito,https://www.vonwobeser.com/index.php/publicacion?p_id=1849,https://www.vonwobeser.com/index.php/publicaciones/noticias?start=80,"Abril, 2024",2024-04,month,200,correcto,https://www.vonwobeser.com/index.php/publicacion?p_id=1849,,1,legacy_id,1849,,6e3699aa-f2fa-4edb-bb96-79865d31a15a,reforma-a-la-ley-general-de-titulos-y-operaciones-de-credito-y-a-la-ley-general-,news,,project_date_missing
es:1847,es,news,1847,La limitación del plazo para cancelar comprobantes fiscales digitales por internet al ejercicio en que se expidan es inconstitucional: Primera Sala,https://www.vonwobeser.com/index.php/publicacion?p_id=1847,https://www.vonwobeser.com/index.php/publicaciones/noticias?start=80,"Abril, 2024",2024-04,month,200,correcto,https://www.vonwobeser.com/index.php/publicacion?p_id=1847,,1,legacy_id,1847,,34bd63c2-b4da-4356-8012-9500ba8296a9,la-limitacion-del-plazo-para-cancelar-comprobantes-fiscales-digitales-por-intern,news,,project_date_missing
es:1845,es,news,1845,Von Wobeser y Sierra recibe reconocimientos en The Legal 500 Mexico Awards 2024,https://www.vonwobeser.com/index.php/publicacion?p_id=1845,https://www.vonwobeser.com/index.php/publicaciones/noticias?start=80,"Abril, 2024",2024-04,month,200,correcto,https://www.vonwobeser.com/index.php/publicacion?p_id=1845,,1,legacy_id,1845,,06e71597-6b34-4c96-873f-edb1df810381,von-wobeser-y-sierra-recibe-reconocimientos-en-the-legal-500-mexico-awards-2024,news,,project_date_missing
es:1843,es,news,1843,Instalación del Consejo Nacional de Mecanismos Alternativos de Solución de Controversias,https://www.vonwobeser.com/index.php/publicacion?p_id=1843,https://www.vonwobeser.com/index.php/publicaciones/noticias?start=80,"Junio, 2024",2024-06,month,200,correcto,https://www.vonwobeser.com/index.php/publicacion?p_id=1843,,1,legacy_id,1843,,e2cd9d00-a0f6-445d-83fd-58b2f9947a41,instalacion-del-consejo-nacional-de-mecanismos-alternativos-de-solucion-de-contr,news,,project_date_missing
es:1841,es,news,1841,Investigación por prácticas monopólicas absolutas en servicios médicos de tamiz metabólico neonatal del sector público en México.,https://www.vonwobeser.com/index.php/publicacion?p_id=1841,https://www.vonwobeser.com/index.php/publicaciones/noticias?start=80,"Junio, 2024",2024-06,month,200,correcto,https://www.vonwobeser.com/index.php/publicacion?p_id=1841,,1,legacy_id,1841,,f372271e-9f4d-4da3-bf66-92469e612c9a,investigacion-por-practicas-monopolicas-absolutas-en-servicios-medicos-de-tamiz-,news,,project_date_missing
es:1839,es,news,1839,Reforma en materia de trata de personas: Enfoque en la explotación laboral,https://www.vonwobeser.com/index.php/publicacion?p_id=1839,https://www.vonwobeser.com/index.php/publicaciones/noticias?start=80,"Junio, 2024",2024-06,month,200,correcto,https://www.vonwobeser.com/index.php/publicacion?p_id=1839,,1,legacy_id,1839,,38415856-76ff-4bb0-b3af-3f8b7b69653d,reforma-en-materia-de-trata-de-personas-enfoque-en-la-explotacion-laboral,news,,project_date_missing
es:1837,es,news,1837,"Inconstitucionalidad del artículo 130, fracción I del Código Fiscal de la Ciudad de México vigente en el ejercicio fiscal de 2023.",https://www.vonwobeser.com/index.php/publicacion?p_id=1837,https://www.vonwobeser.com/index.php/publicaciones/noticias?start=70,"Junio, 2024",2024-06,month,200,correcto,https://www.vonwobeser.com/index.php/publicacion?p_id=1837,,1,legacy_id,1837,,b2711a7b-b5fb-4312-9876-3054a9f95cc3,inconstitucionalidad-del-articulo-130-fraccion-i-del-codigo-fiscal-de-la-ciudad-,news,2024-06-01,date_match
es:1835,es,news,1835,Estímulos fiscales importantes en Yucatán,https://www.vonwobeser.com/index.php/publicacion?p_id=1835,https://www.vonwobeser.com/index.php/publicaciones/noticias?start=70,"Julio, 2024",2024-07,month,200,correcto,https://www.vonwobeser.com/index.php/publicacion?p_id=1835,,1,legacy_id,1835,,61f4b42e-ad8f-498c-a26e-c2fb0ce8e724,estimulos-fiscales-importantes-en-yucatan,news,2024-07-01,date_match
es:1802,es,news,1802,La fecha límite para presentar reclamaciones de inversiones existentes bajo el TLCAN se acerca. Es momento de que los inversionistas evalúen sus opciones,https://www.vonwobeser.com/index.php/publicacion?p_id=1802,https://www.vonwobeser.com/index.php/publicaciones/noticias?start=110,"Enero, 2023",2023-01,month,200,correcto,https://www.vonwobeser.com/index.php/publicacion?p_id=1802,,1,legacy_id,1802,,12fbd865-ce33-418a-83b9-423f75e16b05,la-fecha-limite-para-presentar-reclamaciones-de-inversiones-existentes-bajo-el-t,news,2023-01-01,date_match
es:1800,es,news,1800,"Von Wobeser y Sierra colabora con Datasaur para lanzar VonBot, un chatbot impulsado por IA",https://www.vonwobeser.com/index.php/publicacion?p_id=1800,https://www.vonwobeser.com/index.php/publicaciones/noticias?start=90,"Octubre, 2023",2023-10,month,200,correcto,https://www.vonwobeser.com/index.php/publicacion?p_id=1800,,1,legacy_id,1800,,3e5a6166-9ad1-4e0b-bdc8-e8c407f02584,von-wobeser-y-sierra-colabora-con-datasaur-para-lanzar-vonbot-un-chatbot-impulsa,news,2023-10-01,date_match
es:1798,es,news,1798,El Sistema de Solicitud Electrónica de Licitaciones y Opiniones (SISELO) de la Comisión Federal de Competencia Económica (COFECE) inicia operaciones,https://www.vonwobeser.com/index.php/publicacion?p_id=1798,https://www.vonwobeser.com/index.php/publicaciones/noticias?start=100,"Septiembre, 2023",2023-09,month,200,correcto,https://www.vonwobeser.com/index.php/publicacion?p_id=1798,,1,legacy_id,1798,,9f876181-b431-4e3c-be02-4c984f2e14b4,el-sistema-de-solicitud-electronica-de-licitaciones-y-opiniones-siselo-de-la-com,news,,project_date_missing
es:1796,es,news,1796,Se declara terminada la emergencia sanitaria derivada del Covid-19,https://www.vonwobeser.com/index.php/publicacion?p_id=1796,https://www.vonwobeser.com/index.php/publicaciones/noticias?start=110,"Mayo, 2023",2023-05,month,200,correcto,https://www.vonwobeser.com/index.php/publicacion?p_id=1796,,1,legacy_id,1796,,69100d3b-2283-49b2-a3ba-dfdcc1055c6e,se-declara-terminada-la-emergencia-sanitaria-derivada-del-covid-19,news,2023-05-01,date_match
es:1794,es,news,1794,Nearshoring: beneficios y facilidades para inversiones en el Istmo de Tehuantepec,https://www.vonwobeser.com/index.php/publicacion?p_id=1794,https://www.vonwobeser.com/index.php/publicaciones/noticias?start=100,"Junio, 2023",2023-06,month,200,correcto,https://www.vonwobeser.com/index.php/publicacion?p_id=1794,,1,legacy_id,1794,,0f1efca3-31bf-434e-8f17-67aced390567,nearshoring-beneficios-y-facilidades-para-inversiones-en-el-istmo-de-tehuantepec,news,,project_date_missing
es:1792,es,news,1792,La CRE emite acuerdo que promueve la regresión de la transición energética,https://www.vonwobeser.com/index.php/publicacion?p_id=1792,https://www.vonwobeser.com/index.php/publicaciones/noticias?start=100,"Junio, 2023",2023-06,month,200,correcto,https://www.vonwobeser.com/index.php/publicacion?p_id=1792,,1,legacy_id,1792,,3b7332f7-88c0-4366-a267-a20c37df8a52,la-cre-emite-acuerdo-que-promueve-la-regresion-de-la-transicion-energetica,news,,project_date_missing
es:1790,es,news,1790,"Invalidez de la Ley para la Transparencia, Prevención y Combate de Prácticas Indebidas en Materia de Contratación de Publicidad",https://www.vonwobeser.com/index.php/publicacion?p_id=1790,https://www.vonwobeser.com/index.php/publicaciones/noticias?start=100,"Junio, 2023",2023-06,month,200,correcto,https://www.vonwobeser.com/index.php/publicacion?p_id=1790,,1,legacy_id,1790,,caaaa975-fbb1-41dd-8c8e-40ed8b68a0f5,invalidez-de-la-ley-para-la-transparencia-prevencion-y-combate-de-practicas-inde,news,,project_date_missing
es:1788,es,news,1788,"NOM-037, sobre Teletrabajo - Condiciones de Seguridad y Salud en el Trabajo",https://www.vonwobeser.com/index.php/publicacion?p_id=1788,https://www.vonwobeser.com/index.php/publicaciones/noticias?start=100,"Junio, 2023",2023-06,month,200,correcto,https://www.vonwobeser.com/index.php/publicacion?p_id=1788,,1,legacy_id,1788,,7ba693c6-5763-43c8-8b88-1532f5dc1a3e,nom-037-sobre-teletrabajo-condiciones-de-seguridad-y-salud-en-el-trabajo,news,,project_date_missing
es:1786,es,news,1786,Prohibición de la importación de bienes producidos con Trabajo Forzoso,https://www.vonwobeser.com/index.php/publicacion?p_id=1786,https://www.vonwobeser.com/index.php/publicaciones/noticias?start=100,"Mayo, 2023",2023-05,month,200,correcto,https://www.vonwobeser.com/index.php/publicacion?p_id=1786,,1,legacy_id,1786,,6265b966-7523-4c28-be92-e60c9394fd09,prohibicion-de-la-importacion-de-bienes-producidos-con-trabajo-forzoso,news,,project_date_missing
es:1780,es,news,1780,Iniciativa de reforma integral que impacta a la Industria Minera Mexicana,https://www.vonwobeser.com/index.php/publicacion?p_id=1780,https://www.vonwobeser.com/index.php/publicaciones/noticias?start=110,"Marzo, 2023",2023-03,month,200,correcto,https://www.vonwobeser.com/index.php/publicacion?p_id=1780,,1,legacy_id,1780,,21b6b3f0-95cb-438f-82d5-154acd970002,iniciativa-de-reforma-integral-que-impacta-a-la-industria-minera-mexicana,news,2023-03-01,date_match
es:1778,es,news,1778,Plazos y términos legales de la Comisión Reguladora de Energía se reanudan,https://www.vonwobeser.com/index.php/publicacion?p_id=1778,https://www.vonwobeser.com/index.php/publicaciones/noticias?start=110,"Marzo, 2023",2023-03,month,200,correcto,https://www.vonwobeser.com/index.php/publicacion?p_id=1778,,1,legacy_id,1778,,77417093-af03-43e6-afed-01529529c62e,plazos-y-terminos-legales-de-la-comision-reguladora-de-energia-se-reanudan,news,2023-03-01,date_match
es:1776,es,news,1776,Entrada en vigor de la Reforma al Reglamento de la Ley General para el Control del Tabaco,https://www.vonwobeser.com/index.php/publicacion?p_id=1776,https://www.vonwobeser.com/index.php/publicaciones/noticias?start=110,"Enero, 2023",2023-01,month,200,correcto,https://www.vonwobeser.com/index.php/publicacion?p_id=1776,,1,legacy_id,1776,,97523686-908f-4bcf-b893-8e15161f159c,entrada-en-vigor-de-la-reforma-al-reglamento-de-la-ley-general-para-el-control-d,news,2023-01-01,date_match
es:1774,es,news,1774,Modificaciones a las disposiciones del REPSE,https://www.vonwobeser.com/index.php/publicacion?p_id=1774,https://www.vonwobeser.com/index.php/publicaciones/noticias?start=110,"Febrero, 2023",2023-02,month,200,correcto,https://www.vonwobeser.com/index.php/publicacion?p_id=1774,,1,legacy_id,1774,,530cac47-9c5c-4111-a1a2-f85b3bad4dce,modificaciones-a-las-disposiciones-del-repse,news,2023-02-01,date_match
es:1772,es,news,1772,Von Wobeser y Sierra ha sido reconocido por Chambers and Partners Global 2023,https://www.vonwobeser.com/index.php/publicacion?p_id=1772,https://www.vonwobeser.com/index.php/publicaciones/noticias?start=110,"Febrero, 2023",2023-02,month,200,correcto,https://www.vonwobeser.com/index.php/publicacion?p_id=1772,,1,legacy_id,1772,,e25ac12b-e9a2-4e09-8088-d6d970d68b19,von-wobeser-y-sierra-ha-sido-reconocido-por-chambers-and-partners-global-2023,news,2023-02-01,date_match
es:1770,es,news,1770,Chambers: Litigation 2023 Mexico Guide,https://www.vonwobeser.com/index.php/publicacion?p_id=1770,https://www.vonwobeser.com/index.php/publicaciones/noticias?start=110,"Enero, 2023",2023-01,month,200,correcto,https://www.vonwobeser.com/index.php/publicacion?p_id=1770,,1,legacy_id,1770,,51412a32-0ab0-41f2-8bc5-641a4b899573,chambers-litigation-2023-mexico-guide-2,news,2023-01-01,date_match
es:1768,es,news,1768,Von Wobeser y Sierra reconocido como Pro Bono Leading Light 2022,https://www.vonwobeser.com/index.php/publicacion?p_id=1768,https://www.vonwobeser.com/index.php/publicaciones/noticias?start=110,"Enero, 2023",2023-01,month,200,correcto,https://www.vonwobeser.com/index.php/publicacion?p_id=1768,,1,legacy_id,1768,,b1fe1c55-c8cd-49cd-9b5b-f54b000db016,von-wobeser-y-sierra-reconocido-como-pro-bono-leading-light-2022,news,2023-01-01,date_match
es:1766,es,news,1766,Nuevos valores de la UMA vigentes a partir del 1º de febrero de 2023,https://www.vonwobeser.com/index.php/publicacion?p_id=1766,https://www.vonwobeser.com/index.php/publicaciones/noticias?start=120,"Enero, 2023",2023-01,month,200,correcto,https://www.vonwobeser.com/index.php/publicacion?p_id=1766,,1,legacy_id,1766,,f6d65f65-12ba-4a07-952e-3652cb627210,nuevos-valores-de-la-uma-vigentes-a-partir-del-1-de-febrero-de-2023,news,,project_date_missing
es:1762,es,news,1762,Nuevos salarios mínimos a partir del 1° de enero de 2023,https://www.vonwobeser.com/index.php/publicacion?p_id=1762,https://www.vonwobeser.com/index.php/publicaciones/noticias?start=120,"Diciembre, 2022",2022-12,month,200,correcto,https://www.vonwobeser.com/index.php/publicacion?p_id=1762,,1,legacy_id,1762,,22436601-17ff-496a-a8ba-cd54e5e134a7,nuevos-salarios-minimos-a-partir-del-1-de-enero-de-2023,news,,project_date_missing
es:1760,es,news,1760,Regulación del Mercado de Cripto-Activos en la Unión Europea (MiCA),https://www.vonwobeser.com/index.php/publicacion?p_id=1760,https://www.vonwobeser.com/index.php/publicaciones/noticias?start=120,"Noviembre, 2022",2022-11,month,200,correcto,https://www.vonwobeser.com/index.php/publicacion?p_id=1760,,1,legacy_id,1760,,c3a57277-02b2-43f7-a1bb-94c487df4c6e,regulacion-del-mercado-de-cripto-activos-en-la-union-europea-mica,news,,project_date_missing
es:1758,es,news,1758,Nuevos Lineamientos ante Covid-19,https://www.vonwobeser.com/index.php/publicacion?p_id=1758,https://www.vonwobeser.com/index.php/publicaciones/noticias?start=120,"Octubre, 2022",2022-10,month,200,correcto,https://www.vonwobeser.com/index.php/publicacion?p_id=1758,,1,legacy_id,1758,,2e8a87ed-13d1-4063-a3dd-be2fffd66846,nuevos-lineamientos-ante-covid-19,news,,project_date_missing
es:1754,es,news,1754,Modificaciones de las disposiciones fiscales para el Ejercicio Fiscal de 2023,https://www.vonwobeser.com/index.php/publicacion?p_id=1754,https://www.vonwobeser.com/index.php/publicaciones/noticias?start=120,"Septiembre, 2022",2022-09,month,200,correcto,https://www.vonwobeser.com/index.php/publicacion?p_id=1754,,1,legacy_id,1754,,1a03fefd-c4b9-4863-8600-b358ad7a9047,modificaciones-de-las-disposiciones-fiscales-para-el-ejercicio-fiscal-de-2023,news,,project_date_missing
es:1752,es,news,1752,Mexico: New District Courts in bankruptcy matters,https://www.vonwobeser.com/index.php/publicacion?p_id=1752,https://www.vonwobeser.com/index.php/publicaciones/noticias?start=120,"Septiembre, 2022",2022-09,month,200,correcto,https://www.vonwobeser.com/index.php/publicacion?p_id=1752,,1,legacy_id,1752,,49cb1584-d6f7-4720-9bee-45ddfb662771,mexico-new-district-courts-in-bankruptcy-matters-2,news,,project_date_missing
es:1750,es,news,1750,"“Litio para México”, el nuevo organismo público descentralizado",https://www.vonwobeser.com/index.php/publicacion?p_id=1750,https://www.vonwobeser.com/index.php/publicaciones/noticias?start=120,"Agosto, 2022",2022-08,month,200,correcto,https://www.vonwobeser.com/index.php/publicacion?p_id=1750,,1,legacy_id,1750,,03bb669a-fd0a-4770-a168-856359cd4dd2,litio-para-mexico-el-nuevo-organismo-publico-descentralizado,news,,project_date_missing
es:1746,es,news,1746,Proyecto de NOM sobre Teletrabajo – Condiciones de Seguridad y Salud,https://www.vonwobeser.com/index.php/publicacion?p_id=1746,https://www.vonwobeser.com/index.php/publicaciones/noticias?start=120,"Julio, 2022",2022-07,month,200,correcto,https://www.vonwobeser.com/index.php/publicacion?p_id=1746,,1,legacy_id,1746,,21d0e47b-f772-451e-90ac-a60e9c5d2485,proyecto-de-nom-sobre-teletrabajo-condiciones-de-seguridad-y-salud,news,,project_date_missing
es:1744,es,news,1744,Medidas transitorias frente a sequías severas en México,https://www.vonwobeser.com/index.php/publicacion?p_id=1744,https://www.vonwobeser.com/index.php/publicaciones/noticias?start=120,"Julio, 2022",2022-07,month,200,correcto,https://www.vonwobeser.com/index.php/publicacion?p_id=1744,,1,legacy_id,1744,,84c6c2b4-9be2-4574-ab92-4bc80caf5ff2,medidas-transitorias-frente-a-sequias-severas-en-mexico,news,,project_date_missing
es:1742,es,news,1742,Se aplaza entrada en vigor de reforma laboral,https://www.vonwobeser.com/index.php/publicacion?p_id=1742,https://www.vonwobeser.com/index.php/publicaciones/noticias?start=120,"Mayo, 2022",2022-05,month,200,correcto,https://www.vonwobeser.com/index.php/publicacion?p_id=1742,,1,legacy_id,1742,,d50bc1d0-6cdf-4d2a-861a-d8eae71d360a,se-aplaza-entrada-en-vigor-de-reforma-laboral,news,,project_date_missing
es:1740,es,news,1740,Informe Energía 360 | El riesgo de no ser sostenible,https://www.vonwobeser.com/index.php/publicacion?p_id=1740,https://www.vonwobeser.com/index.php/publicaciones/noticias?start=130,"Abril, 2022",2022-04,month,200,correcto,https://www.vonwobeser.com/index.php/publicacion?p_id=1740,,1,legacy_id,1740,,f1d6dcf3-e8cf-45dc-9cc7-c8a6d443df27,informe-energia-360-el-riesgo-de-no-ser-sostenible-2,news,2022-04-01,date_match
es:1738,es,news,1738,"Después de cuatro años, Monex compra participación restante en Arrendadora Avance",https://www.vonwobeser.com/index.php/publicacion?p_id=1738,https://www.vonwobeser.com/index.php/publicaciones/noticias?start=130,"Mayo, 2022",2022-05,month,200,correcto,https://www.vonwobeser.com/index.php/publicacion?p_id=1738,,1,legacy_id,1738,,ff4a1f20-653d-479f-a29a-b424697a9658,despues-de-cuatro-anos-monex-compra-participacion-restante-en-arrendadora-avance-2,news,2022-05-01,date_match
es:1735,es,news,1735,"Con sus recientes adquisiciones, Clayton, Dubilier & Rice se convierte en el fabricante de etiquetas más grande del mundo",https://www.vonwobeser.com/index.php/publicacion?p_id=1735,https://www.vonwobeser.com/index.php/publicaciones/noticias?start=130,"Mayo, 2022",2022-05,month,200,correcto,https://www.vonwobeser.com/index.php/publicacion?p_id=1735,,1,legacy_id,1735,,2df3ccda-e189-4b72-8b5d-0ec4bac7540b,con-sus-recientes-adquisiciones-clayton-dubilier-rice-se-convierte-en-el-fabrica-2,news,2022-05-01,date_match
es:1733,es,news,1733,Criterios ESG en los arbitrajes: ¿Cómo funcionan los Dispute Boards?,https://www.vonwobeser.com/index.php/publicacion?p_id=1733,https://www.vonwobeser.com/index.php/publicaciones/noticias?start=130,"Mayo, 2022",2022-05,month,200,correcto,https://www.vonwobeser.com/index.php/publicacion?p_id=1733,,1,legacy_id,1733,,0e74b683-1610-469d-be7c-27bd79a155a0,criterios-esg-en-los-arbitrajes-como-funcionan-los-dispute-boards-2,news,2022-05-01,date_match
es:1731,es,news,1731,US private equity group buys Mexican label maker assets,https://www.vonwobeser.com/index.php/publicacion?p_id=1731,https://www.vonwobeser.com/index.php/publicaciones/noticias?start=130,"Abril, 2022",2022-04,month,200,correcto,https://www.vonwobeser.com/index.php/publicacion?p_id=1731,,1,legacy_id,1731,,3ca5c635-81e5-4e39-b83d-a1d1e48e5f96,us-private-equity-group-buys-mexican-label-maker-assets-2,news,2022-04-01,date_match
es:1729,es,news,1729,"Limitarían, aún más, a generadores de IP",https://www.vonwobeser.com/index.php/publicacion?p_id=1729,https://www.vonwobeser.com/index.php/publicaciones/noticias?start=130,"Mayo, 2022",2022-05,month,200,correcto,https://www.vonwobeser.com/index.php/publicacion?p_id=1729,,1,legacy_id,1729,,f066c684-ef51-49c0-8caf-8279159b0f8f,limitarian-aun-mas-a-generadores-de-ip-2,news,2022-05-01,date_match
es:1727,es,news,1727,Tienen empresas opciones de suministro eléctrico barato,https://www.vonwobeser.com/index.php/publicacion?p_id=1727,https://www.vonwobeser.com/index.php/publicaciones/noticias?start=130,"Abril, 2022",2022-04,month,200,correcto,https://www.vonwobeser.com/index.php/publicacion?p_id=1727,,1,legacy_id,1727,,7462f0fc-91ce-47b7-a32e-d50de2e23f82,tienen-empresas-opciones-de-suministro-electrico-barato-2,news,2022-04-01,date_match
es:1723,es,news,1723,Nuevas reglas que impactan a la operación de empresas con programas IMMEX y PROSEC,https://www.vonwobeser.com/index.php/publicacion?p_id=1723,https://www.vonwobeser.com/index.php/publicaciones/noticias?start=130,"Mayo, 2022",2022-05,month,200,correcto,https://www.vonwobeser.com/index.php/publicacion?p_id=1723,,1,legacy_id,1723,,ebf2def2-085a-4c10-9a6d-4a0bb8431979,nuevas-reglas-que-impactan-a-la-operacion-de-empresas-con-programas-immex-y-pros,news,2022-05-01,date_match
es:1720,es,news,1720,Se declara inconstitucional restricción a largo plazo para que funcionarios públicos trabajen en sector privado,https://www.vonwobeser.com/index.php/publicacion?p_id=1720,https://www.vonwobeser.com/index.php/publicaciones/noticias?start=130,"Abril, 2022",2022-04,month,200,correcto,https://www.vonwobeser.com/index.php/publicacion?p_id=1720,,1,legacy_id,1720,,b30c82d1-2c34-437c-a98a-6f8cdb3481d9,se-declara-inconstitucional-restriccion-a-largo-plazo-para-que-funcionarios-publ,news,2022-04-01,date_match
es:1716,es,news,1716,Lineamientos para la Sustanciación del Procedimiento de Sanción Administrativa a los Especialistas de Concursos Mercantiles,https://www.vonwobeser.com/index.php/publicacion?p_id=1716,https://www.vonwobeser.com/index.php/publicaciones/noticias?start=130,"Marzo, 2022",2022-03,month,200,correcto,https://www.vonwobeser.com/index.php/publicacion?p_id=1716,,1,legacy_id,1716,,41bcab31-f165-4410-a6f6-72fed0ef8e4c,lineamientos-para-la-sustanciacion-del-procedimiento-de-sancion-administrativa-a,news,2022-03-01,date_match
es:1713,es,news,1713,Norma oficial mexicana establece nuevos límites permisibles de contaminantes en descargas a aguas de jurisdicción nacional,https://www.vonwobeser.com/index.php/publicacion?p_id=1713,https://www.vonwobeser.com/index.php/publicaciones/noticias?start=140,"Marzo, 2022",2022-03,month,200,correcto,https://www.vonwobeser.com/index.php/publicacion?p_id=1713,,1,legacy_id,1713,,ab6d69b7-0598-483f-bd0e-04152cf99ed9,norma-oficial-mexicana-establece-nuevos-limites-permisibles-de-contaminantes-en-,news,2022-03-01,date_match
es:1711,es,news,1711,Creación de Juzgados de Distrito en materia de Concursos Mercantiles,https://www.vonwobeser.com/index.php/publicacion?p_id=1711,https://www.vonwobeser.com/index.php/publicaciones/noticias?start=140,"Marzo, 2022",2022-03,month,200,correcto,https://www.vonwobeser.com/index.php/publicacion?p_id=1711,,1,legacy_id,1711,,a4b3b9f9-0e04-48fb-8712-1d7d6b21c0e9,creacion-de-juzgados-de-distrito-en-materia-de-concursos-mercantiles,news,2022-03-01,date_match
es:1709,es,news,1709,Von Wobeser y Sierra celebra el Día Internacional de la Mujer (DIM),https://www.vonwobeser.com/index.php/publicacion?p_id=1709,https://www.vonwobeser.com/index.php/publicaciones/noticias?start=140,"Marzo, 2022",2022-03,month,200,correcto,https://www.vonwobeser.com/index.php/publicacion?p_id=1709,,1,legacy_id,1709,,1c6f145e-2e8a-4c64-849e-63b8faa0d452,von-wobeser-y-sierra-celebra-el-dia-internacional-de-la-mujer-dim,news,2022-03-01,date_match
es:1706,es,news,1706,Adhesión a los Principios de Empoderamiento de las Mujeres de ONU Mujeres,https://www.vonwobeser.com/index.php/publicacion?p_id=1706,https://www.vonwobeser.com/index.php/publicaciones/noticias?start=140,"Febrero, 2022",2022-02,month,200,correcto,https://www.vonwobeser.com/index.php/publicacion?p_id=1706,,1,legacy_id,1706,,7fdd893d-c043-4efc-a5a6-afe52c861c4f,adhesion-a-los-principios-de-empoderamiento-de-las-mujeres-de-onu-mujeres,news,2022-02-01,date_match
es:1703,es,news,1703,La administración Biden lanza la primera Estrategia de Estados Unidos Contra la Corrupción,https://www.vonwobeser.com/index.php/publicacion?p_id=1703,https://www.vonwobeser.com/index.php/publicaciones/noticias?start=140,"Diciembre, 2021",2021-12,month,200,correcto,https://www.vonwobeser.com/index.php/publicacion?p_id=1703,,1,legacy_id,1703,,85d95fe0-4002-40b9-97d5-3e49dd035611,la-administracion-biden-lanza-la-primera-estrategia-de-estados-unidos-contra-la-,news,2021-12-01,date_match
es:1698,es,news,1698,Von Wobeser y Sierra recognized as a Pro Bono Leading Light,https://www.vonwobeser.com/index.php/publicacion?p_id=1698,https://www.vonwobeser.com/index.php/publicaciones/noticias?start=140,"Febrero, 2022",2022-02,month,200,correcto,https://www.vonwobeser.com/index.php/publicacion?p_id=1698,,1,legacy_id,1698,,7331c35f-9415-4f6b-84be-fa7a1738bcdd,von-wobeser-y-sierra-recognized-as-a-pro-bono-leading-light-2,news,2022-02-01,date_match
es:1691,es,news,1691,Se “oficializa” la regularización de vehículos extranjeros ubicados ilegalmente en México,https://www.vonwobeser.com/index.php/publicacion?p_id=1691,https://www.vonwobeser.com/index.php/publicaciones/noticias?start=140,"Enero, 2022",2022-01,month,200,correcto,https://www.vonwobeser.com/index.php/publicacion?p_id=1691,,1,legacy_id,1691,,5816f967-ddb3-4876-b861-6cf4b048b307,se-oficializa-la-regularizacion-de-vehiculos-extranjeros-ubicados-ilegalmente-en,news,2022-01-01,date_match
es:1689,es,news,1689,La Comisión Reguladora de Energía emite el nuevo Código de Red para el Sistema Eléctrico Nacional,https://www.vonwobeser.com/index.php/publicacion?p_id=1689,https://www.vonwobeser.com/index.php/publicaciones/noticias?start=140,"Enero, 2022",2022-01,month,200,correcto,https://www.vonwobeser.com/index.php/publicacion?p_id=1689,,1,legacy_id,1689,,c9788145-6324-4dcd-b086-4724445ade7f,la-comision-reguladora-de-energia-emite-el-nuevo-codigo-de-red-para-el-sistema-e,news,2022-01-01,date_match
es:1686,es,news,1686,"Fort Dearborn Company, Multi-Color Corporation merge to form world's largest label supplier.",https://www.vonwobeser.com/index.php/publicacion?p_id=1686,https://www.vonwobeser.com/index.php/publicaciones/noticias?start=140,"Enero, 2022",2022-01,month,200,correcto,https://www.vonwobeser.com/index.php/publicacion?p_id=1686,,1,legacy_id,1686,,c3647288-87c6-4f21-8897-8ded65dd98b1,fort-dearborn-company-multi-color-corporation-merge-to-form-world-s-largest-labe-2,news,2022-01-01,date_match
es:1685,es,news,1685,La Comisión Reguladora de Energía modifica los esquemas de generación/suministro de energía eléctrica (Abasto Aislado y Generación Local),https://www.vonwobeser.com/index.php/publicacion?p_id=1685,https://www.vonwobeser.com/index.php/publicaciones/noticias?start=140,"Enero, 2022",2022-01,month,200,correcto,https://www.vonwobeser.com/index.php/publicacion?p_id=1685,,1,legacy_id,1685,,fb2edbda-2c66-4e5f-903b-77e88803794a,la-comision-reguladora-de-energia-modifica-los-esquemas-de-generacion-suministro,news,2022-01-01,date_match
es:1681,es,news,1681,Von Wobeser y Sierra fortalece su equipo y oferta de servicios integrales con el nombramiento de nuevos socios y consejeros,https://www.vonwobeser.com/index.php/publicacion?p_id=1681,https://www.vonwobeser.com/index.php/publicaciones/noticias?start=150,"Diciembre, 2021",2021-12,month,200,correcto,https://www.vonwobeser.com/index.php/publicacion?p_id=1681,,1,legacy_id,1681,,fd6b62e4-fede-43be-879a-2032e099475f,von-wobeser-y-sierra-fortalece-su-equipo-y-oferta-de-servicios-integrales-con-el,news,2021-12-01,date_match
es:1677,es,news,1677,Nuevos salarios mínimos a partir del 1º de enero de 2022,https://www.vonwobeser.com/index.php/publicacion?p_id=1677,https://www.vonwobeser.com/index.php/publicaciones/noticias?start=150,"Diciembre, 2021",2021-12,month,200,correcto,https://www.vonwobeser.com/index.php/publicacion?p_id=1677,,1,legacy_id,1677,,53d12e76-a1ad-47fc-8e6d-bc67ea5eb236,nuevos-salarios-minimos-a-partir-del-1-de-enero-de-2022,news,2021-12-01,date_match
es:1673,es,news,1673,"Von Wobeser y Sierra, S.C. Mejores Lugares para Trabajar LGBTQ+ 2022",https://www.vonwobeser.com/index.php/publicacion?p_id=1673,https://www.vonwobeser.com/index.php/publicaciones/noticias?start=150,"Diciembre, 2021",2021-12,month,200,correcto,https://www.vonwobeser.com/index.php/publicacion?p_id=1673,,1,legacy_id,1673,,f8e39f1a-b330-48e7-88d6-c75697f705b9,von-wobeser-y-sierra-s-c-mejores-lugares-para-trabajar-lgbtq-2022,news,2021-12-01,date_match
es:1669,es,news,1669,Otro precedente judicial hacia la liberalización del cannabis,https://www.vonwobeser.com/index.php/publicacion?p_id=1669,https://www.vonwobeser.com/index.php/publicaciones/noticias?start=150,"Diciembre, 2021",2021-12,month,200,correcto,https://www.vonwobeser.com/index.php/publicacion?p_id=1669,,1,legacy_id,1669,,c4c734be-9b47-458f-8f25-0b03f27d329c,otro-precedente-judicial-hacia-la-liberalizacion-del-cannabis,news,2021-12-01,date_match
es:1667,es,news,1667,Salarios mínimos 2022,https://www.vonwobeser.com/index.php/publicacion?p_id=1667,https://www.vonwobeser.com/index.php/publicaciones/noticias?start=150,"Diciembre, 2021",2021-12,month,200,correcto,https://www.vonwobeser.com/index.php/publicacion?p_id=1667,,1,legacy_id,1667,,5d5952ac-deee-4819-b5c0-1729c86396c7,salarios-minimos-2022,news,2021-12-01,date_match
es:1665,es,news,1665,Modificaciones a las disposiciones fiscales para 2022,https://www.vonwobeser.com/index.php/publicacion?p_id=1665,https://www.vonwobeser.com/index.php/publicaciones/noticias?start=150,"Noviembre, 2021",2021-11,month,200,correcto,https://www.vonwobeser.com/index.php/publicacion?p_id=1665,,1,legacy_id,1665,,fcf9e26d-bcaf-48fa-a6a3-b3d1177efeca,modificaciones-a-las-disposiciones-fiscales-para-2022,news,2021-11-01,date_match
es:1660,es,news,1660,"Alberto Aguilar: Nombres, nombres y... nombres | Sustentabilidad reto a recursos, México largo trecho y Von Wobeser nuevo grupo.",https://www.vonwobeser.com/index.php/publicacion?p_id=1660,https://www.vonwobeser.com/index.php/publicaciones/noticias?start=150,"Noviembre, 2021",2021-11,month,200,correcto,https://www.vonwobeser.com/index.php/publicacion?p_id=1660,,1,legacy_id,1660,,b9a1d1b0-e7d5-438c-b99a-5a47c4da7775,alberto-aguilar-nombres-nombres-y-nombres-sustentabilidad-reto-a-recursos-mexico,news,2021-11-01,date_match
es:1659,es,news,1659,Von Wobeser y Sierra anuncia la creación de un grupo de práctica de ESG,https://www.vonwobeser.com/index.php/publicacion?p_id=1659,https://www.vonwobeser.com/index.php/publicaciones/noticias?start=160,"Agosto, 2021",2021-08,month,200,correcto,https://www.vonwobeser.com/index.php/publicacion?p_id=1659,,1,legacy_id,1659,,4ff6aa29-1c0a-45be-8ecd-2c5be152dfaf,von-wobeser-y-sierra-anuncia-la-creacion-de-un-grupo-de-practica-de-esg,news,2021-08-01,date_match
es:1657,es,news,1657,Gestión con perspectiva ESG: ¿novedad o necesidad?,https://www.vonwobeser.com/index.php/publicacion?p_id=1657,https://www.vonwobeser.com/index.php/publicaciones/noticias?start=150,"Noviembre, 2021",2021-11,month,200,correcto,https://www.vonwobeser.com/index.php/publicacion?p_id=1657,,1,legacy_id,1657,,9a9e1f74-1f2d-4d32-9c00-ccc32f2d14f8,gestion-con-perspectiva-esg-novedad-o-necesidad,news,2021-11-01,date_match
es:1653,es,news,1653,Empresas de autopartes podrían pagar más impuesto sobre la renta por su operación de maquila en México,https://www.vonwobeser.com/index.php/publicacion?p_id=1653,https://www.vonwobeser.com/index.php/publicaciones/noticias?start=150,"Noviembre, 2021",2021-11,month,200,correcto,https://www.vonwobeser.com/index.php/publicacion?p_id=1653,,1,legacy_id,1653,,5b6681d6-9bb4-40d9-9fea-d2a3d1d27e3c,empresas-de-autopartes-podrian-pagar-mas-impuesto-sobre-la-renta-por-su-operacio,news,2021-11-01,date_match
es:1645,es,news,1645,Bases para la importación y regularización de vehículos usados de origen extranjero,https://www.vonwobeser.com/index.php/publicacion?p_id=1645,https://www.vonwobeser.com/index.php/publicaciones/noticias?start=150,"Octubre, 2021",2021-10,month,200,correcto,https://www.vonwobeser.com/index.php/publicacion?p_id=1645,,1,legacy_id,1645,,1980f7bf-3242-4dbb-b767-d497bb313d22,bases-para-la-importacion-y-regularizacion-de-vehiculos-usados-de-origen-extranj,news,2021-10-01,date_match
es:1643,es,news,1643,Nuevo Juzgado Especializado en Competencia y Telecomunicaciones,https://www.vonwobeser.com/index.php/publicacion?p_id=1643,https://www.vonwobeser.com/index.php/publicaciones/noticias?start=160,"Octubre, 2021",2021-10,month,200,correcto,https://www.vonwobeser.com/index.php/publicacion?p_id=1643,,1,legacy_id,1643,,fde0a170-37b1-4a54-a7eb-efe524a77d2b,nuevo-juzgado-especializado-en-competencia-y-telecomunicaciones,news,2021-10-01,date_match
es:1637,es,news,1637,Integración de estrategias ESG efectivas para proyectos de energía renovable en México,https://www.vonwobeser.com/index.php/publicacion?p_id=1637,https://www.vonwobeser.com/index.php/publicaciones/noticias?start=160,"Octubre, 2021",2021-10,month,200,correcto,https://www.vonwobeser.com/index.php/publicacion?p_id=1637,,1,legacy_id,1637,,2c3a6a9f-779d-4204-91aa-010641b4597b,integracion-de-estrategias-esg-efectivas-para-proyectos-de-energia-renovable-en-,news,2021-10-01,date_match
es:1631,es,news,1631,Iniciativa de Reforma Constitucional en Materia Energética,https://www.vonwobeser.com/index.php/publicacion?p_id=1631,https://www.vonwobeser.com/index.php/publicaciones/noticias?start=160,"Octubre, 2021",2021-10,month,200,correcto,https://www.vonwobeser.com/index.php/publicacion?p_id=1631,,1,legacy_id,1631,,72ff3af2-9bad-42d3-b572-88518a474016,iniciativa-de-reforma-constitucional-en-materia-energetica,news,2021-10-01,date_match
es:1629,es,news,1629,COFECE publica disposiciones para denuncias de la nueva Ley de Contratación de Publicidad,https://www.vonwobeser.com/index.php/publicacion?p_id=1629,https://www.vonwobeser.com/index.php/publicaciones/noticias?start=160,"Septiembre, 2021",2021-09,month,200,correcto,https://www.vonwobeser.com/index.php/publicacion?p_id=1629,,1,legacy_id,1629,,29583dd2-a2e1-4202-bf0d-c0ea7bc0ece7,cofece-publica-disposiciones-para-denuncias-de-la-nueva-ley-de-contratacion-de-p,news,2021-09-01,date_match
es:1625,es,news,1625,"Líderes Mexicanos: entrevista realizada a nuestro socio fundador Claus Von Wobeser, “Hacer las cosas con pasión”.",https://www.vonwobeser.com/index.php/publicacion?p_id=1625,https://www.vonwobeser.com/index.php/publicaciones/noticias?start=160,"Agosto, 2021",2021-08,month,200,correcto,https://www.vonwobeser.com/index.php/publicacion?p_id=1625,,1,legacy_id,1625,,679ea479-a60e-4726-9e37-4e56875435dd,lideres-mexicanos-entrevista-realizada-a-nuestro-socio-fundador-claus-von-wobese,news,2021-08-01,date_match
es:1602,es,news,1602,Von Wobeser y Sierra lanza grupo de práctica ESG,https://www.vonwobeser.com/index.php/publicacion?p_id=1602,https://www.vonwobeser.com/index.php/publicaciones/noticias?start=160,"Agosto, 2021",2021-08,month,200,correcto,https://www.vonwobeser.com/index.php/publicacion?p_id=1602,,1,legacy_id,1602,,89b5ecf7-fbd7-498d-801d-a0eda3818260,von-wobeser-y-sierra-lanza-grupo-de-practica-esg,news,2021-08-01,date_match
es:1600,es,news,1600,Conceden prórroga para la implementación de la Reforma en materia de subcontratación,https://www.vonwobeser.com/index.php/publicacion?p_id=1600,https://www.vonwobeser.com/index.php/publicaciones/noticias?start=160,"Agosto, 2021",2021-08,month,200,correcto,https://www.vonwobeser.com/index.php/publicacion?p_id=1600,,1,legacy_id,1600,,0ab88716-48cb-4934-af0b-18fd31514317,conceden-prorroga-para-la-implementacion-de-la-reforma-en-materia-de-subcontrata,news,2021-08-01,date_match
es:1598,es,news,1598,Arbitral Women: Munia El Harti Alonso se incorpora a Von Wobeser y Sierra como asociada.,https://www.vonwobeser.com/index.php/publicacion?p_id=1598,https://www.vonwobeser.com/index.php/publicaciones/noticias?start=170,"Abril, 2021",2021-04,month,200,correcto,https://www.vonwobeser.com/index.php/publicacion?p_id=1598,,1,legacy_id,1598,,fedc2c85-5b2f-4e49-8753-ef5a9acf5309,arbitral-women-munia-el-harti-alonso-se-incorpora-a-von-wobeser-y-sierra-como-as,news,2021-04-01,date_match
es:1596,es,news,1596,Se crea la Agencia Nacional de Aduanas de México como nueva autoridad en materia aduanera y fiscal,https://www.vonwobeser.com/index.php/publicacion?p_id=1596,https://www.vonwobeser.com/index.php/publicaciones/noticias?start=160,"Julio, 2021",2021-07,month,200,correcto,https://www.vonwobeser.com/index.php/publicacion?p_id=1596,,1,legacy_id,1596,,a6641a66-4ab1-4991-ab2d-f105cd49022c,se-crea-la-agencia-nacional-de-aduanas-de-mexico-como-nueva-autoridad-en-materia,news,2021-07-01,date_match
es:1594,es,news,1594,Continúan las medidas restrictivas a los particulares en materia de hidrocarburos y existen argumentos de inconstitucionalidad en su contra,https://www.vonwobeser.com/index.php/publicacion?p_id=1594,https://www.vonwobeser.com/index.php/publicaciones/noticias?start=160,"Julio, 2021",2021-07,month,200,correcto,https://www.vonwobeser.com/index.php/publicacion?p_id=1594,,1,legacy_id,1594,,1bfd2103-41db-46ab-b472-b2b5bd333e34,continuan-las-medidas-restrictivas-a-los-particulares-en-materia-de-hidrocarburo,news,2021-07-01,date_match
es:1592,es,news,1592,Von Wobeser ayuda al Grupo Modelo a la incorporación de JV software,https://www.vonwobeser.com/index.php/publicacion?p_id=1592,https://www.vonwobeser.com/index.php/publicaciones/noticias?start=170,"Julio, 2021",2021-07,month,200,correcto,https://www.vonwobeser.com/index.php/publicacion?p_id=1592,,1,legacy_id,1592,,9d55445f-dbb0-4ab5-815b-439138efd4ec,von-wobeser-ayuda-al-grupo-modelo-a-la-incorporacion-de-jv-software,news,2021-07-01,date_match
es:1590,es,news,1590,La Secretaría de Energía publica el nuevo Programa para el Desarrollo del Sistema Eléctrico Nacional,https://www.vonwobeser.com/index.php/publicacion?p_id=1590,https://www.vonwobeser.com/index.php/publicaciones/noticias?start=170,"Julio, 2021",2021-07,month,200,correcto,https://www.vonwobeser.com/index.php/publicacion?p_id=1590,,1,legacy_id,1590,,ec9451e3-1177-46a7-8bbc-7e3377196242,la-secretaria-de-energia-publica-el-nuevo-programa-para-el-desarrollo-del-sistem,news,2021-07-01,date_match
es:1588,es,news,1588,Von Wobeser ficha a exejecutivo de AB InBev,https://www.vonwobeser.com/index.php/publicacion?p_id=1588,https://www.vonwobeser.com/index.php/publicaciones/noticias?start=170,"Junio, 2021",2021-06,month,200,correcto,https://www.vonwobeser.com/index.php/publicacion?p_id=1588,,1,legacy_id,1588,,6fd0f493-3776-499e-bbe9-6bb9a8e35d21,von-wobeser-ficha-a-exejecutivo-de-ab-inbev,news,2021-06-01,date_match
es:1586,es,news,1586,Breves Comentarios sobre la nueva Ley de Contratación de Publicidad,https://www.vonwobeser.com/index.php/publicacion?p_id=1586,https://www.vonwobeser.com/index.php/publicaciones/noticias?start=170,"Junio, 2021",2021-06,month,200,correcto,https://www.vonwobeser.com/index.php/publicacion?p_id=1586,,1,legacy_id,1586,,1881b024-b92b-4c66-b349-ae70739af8be,breves-comentarios-sobre-la-nueva-ley-de-contratacion-de-publicidad,news,2021-06-01,date_match
es:1584,es,news,1584,Ex Director Jurídico de Grupo Modelo se une a Von Wobeser y Sierra como socio,https://www.vonwobeser.com/index.php/publicacion?p_id=1584,https://www.vonwobeser.com/index.php/publicaciones/noticias?start=170,"Junio, 2021",2021-06,month,200,correcto,https://www.vonwobeser.com/index.php/publicacion?p_id=1584,,1,legacy_id,1584,,2114bd2b-2bd5-4e79-b471-f4f14e0679ff,ex-director-juridico-de-grupo-modelo-se-une-a-von-wobeser-y-sierra-como-socio,news,2021-06-01,date_match
es:1581,es,news,1581,Page Knowledge Base – Pablo Jiménez: ¿Cómo una compañía cervecera nos puede unir cuando estamos alejados?,https://www.vonwobeser.com/index.php/publicacion?p_id=1581,https://www.vonwobeser.com/index.php/publicaciones/noticias?start=280,"Junio, 2020",2020-06,month,200,correcto,https://www.vonwobeser.com/index.php/publicacion?p_id=1581,,1,legacy_id,1581,,dfc4473a-03c7-46b5-9712-175e1a145927,page-knowledge-base-pablo-jimenez-como-una-compania-cervecera-nos-puede-unir-cua,news,,project_date_missing
es:1579,es,news,1579,"Purpose 360 – Pablo Jiménez: Impulsando una causa con AB InBev, 2020",https://www.vonwobeser.com/index.php/publicacion?p_id=1579,https://www.vonwobeser.com/index.php/publicaciones/noticias?start=300,"Mayo, 2020",2020-05,month,200,correcto,https://www.vonwobeser.com/index.php/publicacion?p_id=1579,,1,legacy_id,1579,,d3d478ed-0cb4-40ff-aa95-71d0d79f564d,purpose-360-pablo-jimenez-impulsando-una-causa-con-ab-inbev-2020,news,,project_date_missing
es:1577,es,news,1577,Pablo Jiménez – Reforma – Agua Capital: por un México con Agua,https://www.vonwobeser.com/index.php/publicacion?p_id=1577,https://www.vonwobeser.com/index.php/publicaciones/noticias?start=450,"Abril, 2018",2018-04,month,200,correcto,https://www.vonwobeser.com/index.php/publicacion?p_id=1577,,1,legacy_id,1577,,e007f510-7eab-4c2a-87e7-e513fc9ea8f2,pablo-jimenez-reforma-agua-capital-por-un-mexico-con-agua,news,,project_date_missing
es:1575,es,news,1575,"ACC Docket – Pablo Jiménez: Tomando de una fuente: cómo Pablo Jiménez Zorrilla se convirtió en Vicepresidente Legal y de Asuntos Corporativos de AB InBev Middle Americas, 2017",https://www.vonwobeser.com/index.php/publicacion?p_id=1575,https://www.vonwobeser.com/index.php/publicaciones/noticias?start=490,"Abril, 2017",2017-04,month,200,correcto,https://www.vonwobeser.com/index.php/publicacion?p_id=1575,,1,legacy_id,1575,,c9fe7cf9-9ec9-4989-86bd-b7805b8ab6d7,acc-docket-pablo-jimenez-tomando-de-una-fuente-como-pablo-jimenez-zorrilla-se-co,news,,project_date_missing
es:1573,es,news,1573,"Expansión – Pablo Jiménez: Pablo Jiménez, el hombre que ‘defiende’ a Grupo Modelo, 2017",https://www.vonwobeser.com/index.php/publicacion?p_id=1573,https://www.vonwobeser.com/index.php/publicaciones/noticias?start=490,"Abril, 2017",2017-04,month,200,correcto,https://www.vonwobeser.com/index.php/publicacion?p_id=1573,,1,legacy_id,1573,,5bf12224-41c7-4803-ac79-ee9b0464de0e,expansion-pablo-jimenez-pablo-jimenez-el-hombre-que-defiende-a-grupo-modelo-2017,news,,project_date_missing
es:1545,es,news,1545,Se publica en el Diario Oficial de la Federación la suspensión del artículo 57 de la Ley de Hidrocarburos,https://www.vonwobeser.com/index.php/publicacion?p_id=1545,https://www.vonwobeser.com/index.php/publicaciones/noticias?start=170,"Mayo, 2021",2021-05,month,200,correcto,https://www.vonwobeser.com/index.php/publicacion?p_id=1545,,1,legacy_id,1545,,428a74f2-b4d9-45a5-84cd-1f0eebb4640b,se-publica-en-el-diario-oficial-de-la-federacion-la-suspension-del-articulo-57-d,news,2021-05-01,date_match
es:1543,es,news,1543,Reforma de outsourcing. Lineamientos para el registro de personas físicas o morales que presten servicios especializados o ejecuten obras especializadas,https://www.vonwobeser.com/index.php/publicacion?p_id=1543,https://www.vonwobeser.com/index.php/publicaciones/noticias?start=170,"Mayo, 2021",2021-05,month,200,correcto,https://www.vonwobeser.com/index.php/publicacion?p_id=1543,,1,legacy_id,1543,,4c5ca3e5-1da5-4389-9e16-cf780ea6a84c,reforma-de-outsourcing-lineamientos-para-el-registro-de-personas-fisicas-o-moral,news,2021-05-01,date_match
es:1541,es,news,1541,Reforma en materia de hidrocarburos es publicada en el Diario Oficial de la Federación,https://www.vonwobeser.com/index.php/publicacion?p_id=1541,https://www.vonwobeser.com/index.php/publicaciones/noticias?start=170,"Mayo, 2021",2021-05,month,200,correcto,https://www.vonwobeser.com/index.php/publicacion?p_id=1541,,1,legacy_id,1541,,d3a11c6f-72e4-4eaa-8a0c-99c43548ee51,reforma-en-materia-de-hidrocarburos-es-publicada-en-el-diario-oficial-de-la-fede,news,2021-05-01,date_match
es:1539,es,news,1539,La Comisión Federal de Electricidad lanza cuatro licitaciones internacionales para la construcción de centrales de ciclo combinado en México,https://www.vonwobeser.com/index.php/publicacion?p_id=1539,https://www.vonwobeser.com/index.php/publicaciones/noticias?start=170,"Mayo, 2021",2021-05,month,200,correcto,https://www.vonwobeser.com/index.php/publicacion?p_id=1539,,1,legacy_id,1539,,fd53603f-6bc2-47c6-aab3-9b0d567db9e0,la-comision-federal-de-electricidad-lanza-cuatro-licitaciones-internacionales-pa,news,2021-05-01,date_match
es:1537,es,news,1537,Reforma en materia de subcontratación trae cambios relevantes al mercado laboral en México,https://www.vonwobeser.com/index.php/publicacion?p_id=1537,https://www.vonwobeser.com/index.php/publicaciones/noticias?start=180,"Abril, 2021",2021-04,month,200,correcto,https://www.vonwobeser.com/index.php/publicacion?p_id=1537,,1,legacy_id,1537,,4fc7ee76-bbb7-4e31-8c44-37ea172451c8,reforma-en-materia-de-subcontratacion-trae-cambios-relevantes-al-mercado-laboral,news,,project_date_missing
es:1535,es,news,1535,Publicación en el DOF del Padrón Nacional de Usuarios de Telefonía Móvil,https://www.vonwobeser.com/index.php/publicacion?p_id=1535,https://www.vonwobeser.com/index.php/publicaciones/noticias?start=180,"Abril, 2021",2021-04,month,200,correcto,https://www.vonwobeser.com/index.php/publicacion?p_id=1535,,1,legacy_id,1535,,bbb653a8-1456-40d2-b34b-642061f4ca7f,publicacion-en-el-dof-del-padron-nacional-de-usuarios-de-telefonia-movil,news,,project_date_missing
es:1533,es,news,1533,Aprobación en Cámara de Senadores de la iniciativa de reforma en materia de subcontratación,https://www.vonwobeser.com/index.php/publicacion?p_id=1533,https://www.vonwobeser.com/index.php/publicaciones/noticias?start=180,"Abril, 2021",2021-04,month,200,correcto,https://www.vonwobeser.com/index.php/publicacion?p_id=1533,,1,legacy_id,1533,,27409bfb-f1df-45d6-a1b7-c5db96ad75d8,aprobacion-en-camara-de-senadores-de-la-iniciativa-de-reforma-en-materia-de-subc,news,,project_date_missing
es:1531,es,news,1531,Aprobación en Cámara de Diputados de la iniciativa de Reforma en materia de subcontratación,https://www.vonwobeser.com/index.php/publicacion?p_id=1531,https://www.vonwobeser.com/index.php/publicaciones/noticias?start=180,"Abril, 2021",2021-04,month,200,correcto,https://www.vonwobeser.com/index.php/publicacion?p_id=1531,,1,legacy_id,1531,,1f9513cd-effc-448d-9799-8ec20e8d8a0f,aprobacion-en-camara-de-diputados-de-la-iniciativa-de-reforma-en-materia-de-subc,news,,project_date_missing
es:1529,es,news,1529,COFECE emite modificaciones a la Guía para la Notificación de Concentraciones,https://www.vonwobeser.com/index.php/publicacion?p_id=1529,https://www.vonwobeser.com/index.php/publicaciones/noticias?start=180,"Abril, 2021",2021-04,month,200,correcto,https://www.vonwobeser.com/index.php/publicacion?p_id=1529,,1,legacy_id,1529,,c6dfe1b7-e52e-4cd4-b5eb-ef5fed592c09,cofece-emite-modificaciones-a-la-guia-para-la-notificacion-de-concentraciones,news,,project_date_missing
es:1527,es,news,1527,Acuerdo sobre la iniciativa de Reforma a la Ley Federal del Trabajo en materia de subcontratación,https://www.vonwobeser.com/index.php/publicacion?p_id=1527,https://www.vonwobeser.com/index.php/publicaciones/noticias?start=180,"Abril, 2021",2021-04,month,200,correcto,https://www.vonwobeser.com/index.php/publicacion?p_id=1527,,1,legacy_id,1527,,4d179e7f-66dd-41d4-b2ec-a0ba1bacb5d1,acuerdo-sobre-la-iniciativa-de-reforma-a-la-ley-federal-del-trabajo-en-materia-d,news,,project_date_missing
es:1525,es,news,1525,Ejecutivo envía a la Cámara de Diputados Iniciativa de Reforma en Materia de Hidrocarburos,https://www.vonwobeser.com/index.php/publicacion?p_id=1525,https://www.vonwobeser.com/index.php/publicaciones/noticias?start=180,"Marzo, 2021",2021-03,month,200,correcto,https://www.vonwobeser.com/index.php/publicacion?p_id=1525,,1,legacy_id,1525,,d7cf06ab-c63e-4875-863b-68d2710d2030,ejecutivo-envia-a-la-camara-de-diputados-iniciativa-de-reforma-en-materia-de-hid,news,,project_date_missing
es:1523,es,news,1523,Modificaciones al Protocolo para la Legitimación de Contratos Colectivos de Trabajo,https://www.vonwobeser.com/index.php/publicacion?p_id=1523,https://www.vonwobeser.com/index.php/publicaciones/noticias?start=190,"Febrero, 2021",2021-02,month,200,correcto,https://www.vonwobeser.com/index.php/publicacion?p_id=1523,,1,legacy_id,1523,,b5f8f1d2-fc41-43a3-b7a2-a6669c969fce,modificaciones-al-protocolo-para-la-legitimacion-de-contratos-colectivos-de-trab,news,,project_date_missing
es:1521,es,news,1521,Decreto de Reforma a la Ley de la Industria Eléctrica y Acuerdo de Insubsistencia de la Política de Confiabilidad de SENER,https://www.vonwobeser.com/index.php/publicacion?p_id=1521,https://www.vonwobeser.com/index.php/publicaciones/noticias?start=180,"Marzo, 2021",2021-03,month,200,correcto,https://www.vonwobeser.com/index.php/publicacion?p_id=1521,,1,legacy_id,1521,,2f5418bf-a3e6-4f65-9465-4e2459bc1954,decreto-de-reforma-a-la-ley-de-la-industria-electrica-y-acuerdo-de-insubsistenci,news,,project_date_missing
es:1519,es,news,1519,La Cámara de Diputados retoma la aprobación de la Ley Federal para la Regulación del Cannabis,https://www.vonwobeser.com/index.php/publicacion?p_id=1519,https://www.vonwobeser.com/index.php/publicaciones/noticias?start=180,"Marzo, 2021",2021-03,month,200,correcto,https://www.vonwobeser.com/index.php/publicacion?p_id=1519,,1,legacy_id,1519,,16073ed8-2d28-4e86-88db-6f5e5e560879,la-camara-de-diputados-retoma-la-aprobacion-de-la-ley-federal-para-la-regulacion,news,,project_date_missing
es:1517,es,news,1517,Latin Lawyer: Los ascensos en las empresas de América Latina aumentaron a finales de año,https://www.vonwobeser.com/index.php/publicacion?p_id=1517,https://www.vonwobeser.com/index.php/publicaciones/noticias?start=180,"Febrero, 2021",2021-02,month,200,correcto,https://www.vonwobeser.com/index.php/publicacion?p_id=1517,,1,legacy_id,1517,,aae7d93a-d271-4ddc-babf-c7fa0b2f3d2a,latin-lawyer-los-ascensos-en-las-empresas-de-america-latina-aumentaron-a-finales,news,,project_date_missing
es:1515,es,news,1515,Lex Latin: Von Wobeser y Sierra refuerza su plantilla con promociones,https://www.vonwobeser.com/index.php/publicacion?p_id=1515,https://www.vonwobeser.com/index.php/publicaciones/noticias?start=190,"Febrero, 2021",2021-02,month,200,correcto,https://www.vonwobeser.com/index.php/publicacion?p_id=1515,,1,legacy_id,1515,,1f89aed2-02d6-4959-b026-32f7b089f151,lex-latin-von-wobeser-y-sierra-refuerza-su-plantilla-con-promociones,news,,project_date_missing
es:1513,es,news,1513,Leaders League: Von Wobeser de México añade dos socios y cinco counsel,https://www.vonwobeser.com/index.php/publicacion?p_id=1513,https://www.vonwobeser.com/index.php/publicaciones/noticias?start=190,"Febrero, 2021",2021-02,month,200,correcto,https://www.vonwobeser.com/index.php/publicacion?p_id=1513,,1,legacy_id,1513,,d0d16e93-fc1e-40a8-92be-432c71bf116f,leaders-league-von-wobeser-de-mexico-anade-dos-socios-y-cinco-counsel,news,,project_date_missing
es:1511,es,news,1511,Chambers and Partners 2021 Rankings,https://www.vonwobeser.com/index.php/publicacion?p_id=1511,https://www.vonwobeser.com/index.php/publicaciones/noticias?start=190,"Febrero, 2021",2021-02,month,200,correcto,https://www.vonwobeser.com/index.php/publicacion?p_id=1511,,1,legacy_id,1511,,94d8838e-ac8a-498b-8e99-af4e34ad92c9,chambers-and-partners-2021-rankings-2,news,,project_date_missing
es:1503,es,news,1503,Acontecimientos relevantes en el sector eléctrico: Iniciativa de reforma a la Ley de la Industria Eléctrica y resolución de la Controversia Constitucional por la Suprema Corte,https://www.vonwobeser.com/index.php/publicacion?p_id=1503,https://www.vonwobeser.com/index.php/publicaciones/noticias?start=190,"Febrero, 2021",2021-02,month,200,correcto,https://www.vonwobeser.com/index.php/publicacion?p_id=1503,,1,legacy_id,1503,,cd33d40c-6085-4a35-a90d-821653dd9357,acontecimientos-relevantes-en-el-sector-electrico-iniciativa-de-reforma-a-la-ley,news,,project_date_missing
es:1501,es,news,1501,"Se exenta a las empresas IMMEX, ALTEX y ECEX del cumplimiento de los niveles mínimos de exportación necesarios para mantener sus programas",https://www.vonwobeser.com/index.php/publicacion?p_id=1501,https://www.vonwobeser.com/index.php/publicaciones/noticias?start=190,"Febrero, 2021",2021-02,month,200,correcto,https://www.vonwobeser.com/index.php/publicacion?p_id=1501,,1,legacy_id,1501,,cecd2e63-f3cb-48f6-bf2c-e6467715a9b2,se-exenta-a-las-empresas-immex-altex-y-ecex-del-cumplimiento-de-los-niveles-mini,news,,project_date_missing
es:1499,es,news,1499,Tercera suspensión de las actividades de la Comisión Federal de Competencia Económica y sus procedimientos,https://www.vonwobeser.com/index.php/publicacion?p_id=1499,https://www.vonwobeser.com/index.php/publicaciones/noticias?start=190,"Enero, 2021",2021-01,month,200,correcto,https://www.vonwobeser.com/index.php/publicacion?p_id=1499,,1,legacy_id,1499,,b6f1b0b1-0623-4157-a7ef-a5e70a02c3d6,tercera-suspension-de-las-actividades-de-la-comision-federal-de-competencia-econ,news,,project_date_missing
es:1497,es,news,1497,Se regula la adquisición de vacunas contra la COVID-19 por parte de los gobiernos estatales y entidades integrantes del Sistema Nacional de Salud,https://www.vonwobeser.com/index.php/publicacion?p_id=1497,https://www.vonwobeser.com/index.php/publicaciones/noticias?start=190,"Enero, 2021",2021-01,month,200,correcto,https://www.vonwobeser.com/index.php/publicacion?p_id=1497,,1,legacy_id,1497,,6b3a9c0b-7315-46c3-940a-088b946fd8bf,se-regula-la-adquisicion-de-vacunas-contra-la-covid-19-por-parte-de-los-gobierno,news,,project_date_missing
es:1495,es,news,1495,Von Wobeser refuerza equipo con nuevos socios y consejeros,https://www.vonwobeser.com/index.php/publicacion?p_id=1495,https://www.vonwobeser.com/index.php/publicaciones/noticias?start=190,"Enero, 2021",2021-01,month,200,correcto,https://www.vonwobeser.com/index.php/publicacion?p_id=1495,,1,legacy_id,1495,,bfd961a2-8009-4202-9ca7-7b3cdc6ae6f6,von-wobeser-refuerza-equipo-con-nuevos-socios-y-consejeros,news,,project_date_missing
es:1493,es,news,1493,Se crea el Comité Nacional de Facilitación del Comercio,https://www.vonwobeser.com/index.php/publicacion?p_id=1493,https://www.vonwobeser.com/index.php/publicaciones/noticias?start=190,"Enero, 2021",2021-01,month,200,correcto,https://www.vonwobeser.com/index.php/publicacion?p_id=1493,,1,legacy_id,1493,,4794da5f-34e1-4a39-ac8e-c39c0d19b123,se-crea-el-comite-nacional-de-facilitacion-del-comercio,news,,project_date_missing
es:1491,es,news,1491,WhatsApp anuncia modificaciones a sus términos y condiciones,https://www.vonwobeser.com/index.php/publicacion?p_id=1491,https://www.vonwobeser.com/index.php/publicaciones/noticias?start=200,"Enero, 2021",2021-01,month,200,correcto,https://www.vonwobeser.com/index.php/publicacion?p_id=1491,,1,legacy_id,1491,,96a2c83a-1857-4a0b-af19-3827d39ee427,whatsapp-anuncia-modificaciones-a-sus-terminos-y-condiciones,news,,project_date_missing
es:1489,es,news,1489,Suspensión de plazos y términos de la Comisión Reguladora de Energía,https://www.vonwobeser.com/index.php/publicacion?p_id=1489,https://www.vonwobeser.com/index.php/publicaciones/noticias?start=200,"Enero, 2021",2021-01,month,200,correcto,https://www.vonwobeser.com/index.php/publicacion?p_id=1489,,1,legacy_id,1489,,88aab015-0fec-4842-8cb4-bec28e0b8062,suspension-de-plazos-y-terminos-de-la-comision-reguladora-de-energia,news,,project_date_missing
es:1487,es,news,1487,Se suspenden actividades no esenciales en la Ciudad de México y en el Estado de México,https://www.vonwobeser.com/index.php/publicacion?p_id=1487,https://www.vonwobeser.com/index.php/publicaciones/noticias?start=210,"Diciembre, 2020",2020-12,month,200,correcto,https://www.vonwobeser.com/index.php/publicacion?p_id=1487,,1,legacy_id,1487,,17d54030-868d-4433-a091-8cc0b0bcec2a,se-suspenden-actividades-no-esenciales-en-la-ciudad-de-mexico-y-en-el-estado-de-,news,,project_date_missing
es:1485,es,news,1485,Segunda suspensión de las actividades de la Comisión Federal de Competencia Económica y sus procedimientos,https://www.vonwobeser.com/index.php/publicacion?p_id=1485,https://www.vonwobeser.com/index.php/publicaciones/noticias?start=200,"Enero, 2021",2021-01,month,200,correcto,https://www.vonwobeser.com/index.php/publicacion?p_id=1485,,1,legacy_id,1485,,0e8dbe48-d82a-4518-9b45-dbbce56686d5,segunda-suspension-de-las-actividades-de-la-comision-federal-de-competencia-econ,news,,project_date_missing
es:1483,es,news,1483,Se expide el reglamento que regula el uso medicinal de la cannabis y sus derivados farmacológicos,https://www.vonwobeser.com/index.php/publicacion?p_id=1483,https://www.vonwobeser.com/index.php/publicaciones/noticias?start=200,"Enero, 2021",2021-01,month,200,correcto,https://www.vonwobeser.com/index.php/publicacion?p_id=1483,,1,legacy_id,1483,,4b76bc60-6ff8-4373-b0e5-52564c01e7e6,se-expide-el-reglamento-que-regula-el-uso-medicinal-de-la-cannabis-y-sus-derivad,news,,project_date_missing
es:1481,es,news,1481,Nuevas reglas y obligaciones en materia de teletrabajo (home office),https://www.vonwobeser.com/index.php/publicacion?p_id=1481,https://www.vonwobeser.com/index.php/publicaciones/noticias?start=200,"Enero, 2021",2021-01,month,200,correcto,https://www.vonwobeser.com/index.php/publicacion?p_id=1481,,1,legacy_id,1481,,eaacda0a-b01d-480f-9487-b210e9c28278,nuevas-reglas-y-obligaciones-en-materia-de-teletrabajo-home-office,news,,project_date_missing
es:1477,es,news,1477,Valores de la Unidad de Medida y Actualización vigentes a partir del 1º de febrero de 2021,https://www.vonwobeser.com/index.php/publicacion?p_id=1477,https://www.vonwobeser.com/index.php/publicaciones/noticias?start=200,"Enero, 2021",2021-01,month,200,correcto,https://www.vonwobeser.com/index.php/publicacion?p_id=1477,,1,legacy_id,1477,,7e19c1e0-e80e-424c-a60a-4e70793f3f51,valores-de-la-unidad-de-medida-y-actualizacion-vigentes-a-partir-del-1-de-febrer,news,,project_date_missing
es:1475,es,news,1475,Estímulos fiscales vigentes a partir del 1 de enero de 2021,https://www.vonwobeser.com/index.php/publicacion?p_id=1475,https://www.vonwobeser.com/index.php/publicaciones/noticias?start=200,"Enero, 2021",2021-01,month,200,correcto,https://www.vonwobeser.com/index.php/publicacion?p_id=1475,,1,legacy_id,1475,,8b9422a2-5c16-4220-8d54-e05c970165a1,estimulos-fiscales-vigentes-a-partir-del-1-de-enero-de-2021,news,,project_date_missing
es:1473,es,news,1473,Nueva obligación en materia de Impuesto Sobre Nóminas en la Ciudad de México,https://www.vonwobeser.com/index.php/publicacion?p_id=1473,https://www.vonwobeser.com/index.php/publicaciones/noticias?start=200,"Enero, 2021",2021-01,month,200,correcto,https://www.vonwobeser.com/index.php/publicacion?p_id=1473,,1,legacy_id,1473,,58b79a28-a4ae-4e1f-b2a0-6be1fdafe22d,nueva-obligacion-en-materia-de-impuesto-sobre-nominas-en-la-ciudad-de-mexico,news,,project_date_missing
es:1471,es,news,1471,Entran en vigor restricciones al uso de productos fabricados con plásticos de un solo uso en la Ciudad de México,https://www.vonwobeser.com/index.php/publicacion?p_id=1471,https://www.vonwobeser.com/index.php/publicaciones/noticias?start=200,"Enero, 2021",2021-01,month,200,correcto,https://www.vonwobeser.com/index.php/publicacion?p_id=1471,,1,legacy_id,1471,,31603708-84ab-421c-a47f-b1151f6401e9,entran-en-vigor-restricciones-al-uso-de-productos-fabricados-con-plasticos-de-un,news,,project_date_missing
es:1469,es,news,1469,Nuevos salarios mínimos a partir del 1° de enero de 2021,https://www.vonwobeser.com/index.php/publicacion?p_id=1469,https://www.vonwobeser.com/index.php/publicaciones/noticias?start=200,"Diciembre, 2020",2020-12,month,200,correcto,https://www.vonwobeser.com/index.php/publicacion?p_id=1469,,1,legacy_id,1469,,0cfaa3f6-2ac2-4a86-b78c-4ab6f47fbfd4,nuevos-salarios-minimos-a-partir-del-1-de-enero-de-2021,news,,project_date_missing
es:1467,es,news,1467,Salarios Mínimos 2021,https://www.vonwobeser.com/index.php/publicacion?p_id=1467,https://www.vonwobeser.com/index.php/publicaciones/noticias?start=210,"Diciembre, 2020",2020-12,month,200,correcto,https://www.vonwobeser.com/index.php/publicacion?p_id=1467,,1,legacy_id,1467,,994c35f6-93df-44e3-8f74-4c4b45c35815,salarios-minimos-2021,news,,project_date_missing
es:1465,es,news,1465,Reforma al Sistema de Pensiones,https://www.vonwobeser.com/index.php/publicacion?p_id=1465,https://www.vonwobeser.com/index.php/publicaciones/noticias?start=210,"Diciembre, 2020",2020-12,month,200,correcto,https://www.vonwobeser.com/index.php/publicacion?p_id=1465,,1,legacy_id,1465,,2aa2c659-5954-4d04-8651-b441fa52dd4d,reforma-al-sistema-de-pensiones,news,,project_date_missing
es:1456,es,news,1456,Suspensión de las actividades de la Comisión Federal de Competencia Económica y su procedimientos,https://www.vonwobeser.com/index.php/publicacion?p_id=1456,https://www.vonwobeser.com/index.php/publicaciones/noticias?start=210,"Diciembre, 2020",2020-12,month,200,correcto,https://www.vonwobeser.com/index.php/publicacion?p_id=1456,,1,legacy_id,1456,,14a5f7a4-5896-4d69-8eaa-1aa2c0490af8,suspension-de-las-actividades-de-la-comision-federal-de-competencia-economica-y-,news,,project_date_missing
es:1454,es,news,1454,Se prorroga de nueva cuenta el plazo para que el Congreso de la Unión regule diversos usos del cannabis,https://www.vonwobeser.com/index.php/publicacion?p_id=1454,https://www.vonwobeser.com/index.php/publicaciones/noticias?start=210,"Diciembre, 2020",2020-12,month,200,correcto,https://www.vonwobeser.com/index.php/publicacion?p_id=1454,,1,legacy_id,1454,,9cb5111a-881b-4f94-8bab-4cacc5488b29,se-prorroga-de-nueva-cuenta-el-plazo-para-que-el-congreso-de-la-union-regule-div,news,,project_date_missing
es:1452,es,news,1452,Aprueban iniciativa de reforma en materia de Teletrabajo,https://www.vonwobeser.com/index.php/publicacion?p_id=1452,https://www.vonwobeser.com/index.php/publicaciones/noticias?start=210,"Diciembre, 2020",2020-12,month,200,correcto,https://www.vonwobeser.com/index.php/publicacion?p_id=1452,,1,legacy_id,1452,,b63975fa-f06a-4439-92a1-0eb42764ae5c,aprueban-iniciativa-de-reforma-en-materia-de-teletrabajo,news,,project_date_missing
es:1446,es,news,1446,Tercera Resolución de Modificaciones a la Resolución Miscelánea Fiscal para 2020,https://www.vonwobeser.com/index.php/publicacion?p_id=1446,https://www.vonwobeser.com/index.php/publicaciones/noticias?start=210,"Noviembre, 2020",2020-11,month,200,correcto,https://www.vonwobeser.com/index.php/publicacion?p_id=1446,,1,legacy_id,1446,,a5419ff9-d153-49e2-adcd-d9d3eed4bd72,tercera-resolucion-de-modificaciones-a-la-resolucion-miscelanea-fiscal-para-2020,news,,project_date_missing
es:1444,es,news,1444,El Senado aprueba la regulación del cannabis,https://www.vonwobeser.com/index.php/publicacion?p_id=1444,https://www.vonwobeser.com/index.php/publicaciones/noticias?start=210,"Noviembre, 2020",2020-11,month,200,correcto,https://www.vonwobeser.com/index.php/publicacion?p_id=1444,,1,legacy_id,1444,,fefb073c-09d3-4466-867a-48f49bedd610,el-senado-aprueba-la-regulacion-del-cannabis,news,,project_date_missing
es:1442,es,news,1442,Se reducen los tiempos para el registro sanitario en México de ciertos medicamentos e insumos para la salud,https://www.vonwobeser.com/index.php/publicacion?p_id=1442,https://www.vonwobeser.com/index.php/publicaciones/noticias?start=210,"Noviembre, 2020",2020-11,month,200,correcto,https://www.vonwobeser.com/index.php/publicacion?p_id=1442,,1,legacy_id,1442,,1cc80608-41fd-4e60-be28-aade22c7b74d,se-reducen-los-tiempos-para-el-registro-sanitario-en-mexico-de-ciertos-medicamen,news,,project_date_missing
es:1440,es,news,1440,Implicaciones fiscales de la iniciativa de reforma en materia subcontratación,https://www.vonwobeser.com/index.php/publicacion?p_id=1440,https://www.vonwobeser.com/index.php/publicaciones/noticias?start=210,"Noviembre, 2020",2020-11,month,200,correcto,https://www.vonwobeser.com/index.php/publicacion?p_id=1440,,1,legacy_id,1440,,a82ec98e-3215-4c17-b63d-b72bab9ba3c4,implicaciones-fiscales-de-la-iniciativa-de-reforma-en-materia-subcontratacion,news,,project_date_missing
es:1438,es,news,1438,Inminente regulación sobre los diversos usos de la cannabis en México,https://www.vonwobeser.com/index.php/publicacion?p_id=1438,https://www.vonwobeser.com/index.php/publicaciones/noticias?start=220,"Noviembre, 2020",2020-11,month,200,correcto,https://www.vonwobeser.com/index.php/publicacion?p_id=1438,,1,legacy_id,1438,,ecd42757-5a2a-4cb6-a727-8ac849ecca9d,inminente-regulacion-sobre-los-diversos-usos-de-la-cannabis-en-mexico,news,,project_date_missing
es:1436,es,news,1436,Implementación de la reforma en materia laboral,https://www.vonwobeser.com/index.php/publicacion?p_id=1436,https://www.vonwobeser.com/index.php/publicaciones/noticias?start=220,"Noviembre, 2020",2020-11,month,200,correcto,https://www.vonwobeser.com/index.php/publicacion?p_id=1436,,1,legacy_id,1436,,f42fb360-bda6-4f42-b736-1aa8df0016cc,implementacion-de-la-reforma-en-materia-laboral,news,,project_date_missing
es:1434,es,news,1434,Iniciativa de Reforma a la Ley Federal del Trabajo en materia de subcontratación,https://www.vonwobeser.com/index.php/publicacion?p_id=1434,https://www.vonwobeser.com/index.php/publicaciones/noticias?start=220,"Noviembre, 2020",2020-11,month,200,correcto,https://www.vonwobeser.com/index.php/publicacion?p_id=1434,,1,legacy_id,1434,,8bba6463-1fad-49d7-b5e2-fcb4085cad00,iniciativa-de-reforma-a-la-ley-federal-del-trabajo-en-materia-de-subcontratacion,news,,project_date_missing
es:1432,es,news,1432,"Decreto por el que se reforman diversos artículos de la Ley de Migración y de la Ley Sobre Refugiados, Protección Complementaria y Asilo Político en materia de infancia migrante",https://www.vonwobeser.com/index.php/publicacion?p_id=1432,https://www.vonwobeser.com/index.php/publicaciones/noticias?start=220,"Noviembre, 2020",2020-11,month,200,correcto,https://www.vonwobeser.com/index.php/publicacion?p_id=1432,,1,legacy_id,1432,,46a41a6c-0560-41df-8e98-f961c14ee629,decreto-por-el-que-se-reforman-diversos-articulos-de-la-ley-de-migracion-y-de-la,news,,project_date_missing
es:1430,es,news,1430,Aprobación por el Congreso de la Unión del Paquete Económico para 2021,https://www.vonwobeser.com/index.php/publicacion?p_id=1430,https://www.vonwobeser.com/index.php/publicaciones/noticias?start=220,"Noviembre, 2020",2020-11,month,200,correcto,https://www.vonwobeser.com/index.php/publicacion?p_id=1430,,1,legacy_id,1430,,124ed59d-6568-48d6-85a4-7b39bff0d978,aprobacion-por-el-congreso-de-la-union-del-paquete-economico-para-2021,news,,project_date_missing
es:1428,es,news,1428,Nueva Ley Federal de Protección de la Propiedad Industrial,https://www.vonwobeser.com/index.php/publicacion?p_id=1428,https://www.vonwobeser.com/index.php/publicaciones/noticias?start=220,"Noviembre, 2020",2020-11,month,200,correcto,https://www.vonwobeser.com/index.php/publicacion?p_id=1428,,1,legacy_id,1428,,1dbb4f2d-800d-4a1c-b9b0-60a4d17a6e7e,nueva-ley-federal-de-proteccion-de-la-propiedad-industrial,news,,project_date_missing
es:1426,es,news,1426,Emisión del Protocolo de Protección para Personas Alertadoras de la Corrupción,https://www.vonwobeser.com/index.php/publicacion?p_id=1426,https://www.vonwobeser.com/index.php/publicaciones/noticias?start=220,"Octubre, 2020",2020-10,month,200,correcto,https://www.vonwobeser.com/index.php/publicacion?p_id=1426,,1,legacy_id,1426,,7d3a7a40-6d54-4836-9023-b8c9e249ed32,emision-del-protocolo-de-proteccion-para-personas-alertadoras-de-la-corrupcion,news,,project_date_missing
es:1424,es,news,1424,La Cámara de Diputados aprobó las modificaciones a las disposiciones fiscales para 2021,https://www.vonwobeser.com/index.php/publicacion?p_id=1424,https://www.vonwobeser.com/index.php/publicaciones/noticias?start=220,"Octubre, 2020",2020-10,month,200,correcto,https://www.vonwobeser.com/index.php/publicacion?p_id=1424,,1,legacy_id,1424,,48cc3cab-90ea-4ef9-abef-7f9f5ec4ff49,la-camara-de-diputados-aprobo-las-modificaciones-a-las-disposiciones-fiscales-pa,news,,project_date_missing
es:1422,es,news,1422,Entrada en vigor de diversas obligaciones de la NOM-035-STPS-2018,https://www.vonwobeser.com/index.php/publicacion?p_id=1422,https://www.vonwobeser.com/index.php/publicaciones/noticias?start=220,"Octubre, 2020",2020-10,month,200,correcto,https://www.vonwobeser.com/index.php/publicacion?p_id=1422,,1,legacy_id,1422,,9d69f5e4-0084-4e9b-afb0-c1b4abd67aa4,entrada-en-vigor-de-diversas-obligaciones-de-la-nom-035-stps-2018,news,,project_date_missing
es:1420,es,news,1420,La CRE impone restricciones para modificar Permisos de Autoabastecimiento y Cogeneración,https://www.vonwobeser.com/index.php/publicacion?p_id=1420,https://www.vonwobeser.com/index.php/publicaciones/noticias?start=220,"Octubre, 2020",2020-10,month,200,correcto,https://www.vonwobeser.com/index.php/publicacion?p_id=1420,,1,legacy_id,1420,,a54e4d8f-0f17-446b-9f10-178e2a04e855,la-cre-impone-restricciones-para-modificar-permisos-de-autoabastecimiento-y-coge,news,,project_date_missing
es:1418,es,news,1418,Emisión de recomendaciones por parte de la COFECE en materia energética,https://www.vonwobeser.com/index.php/publicacion?p_id=1418,https://www.vonwobeser.com/index.php/publicaciones/noticias?start=230,"Octubre, 2020",2020-10,month,200,correcto,https://www.vonwobeser.com/index.php/publicacion?p_id=1418,,1,legacy_id,1418,,d97b32c3-7dc7-4405-8a90-1435b4d7b545,emision-de-recomendaciones-por-parte-de-la-cofece-en-materia-energetica,news,,project_date_missing
es:1416,es,news,1416,Eliminación de Cartas de no comercialización y otras modificaciones del Anexo de NOMs,https://www.vonwobeser.com/index.php/publicacion?p_id=1416,https://www.vonwobeser.com/index.php/publicaciones/noticias?start=230,"Octubre, 2020",2020-10,month,200,correcto,https://www.vonwobeser.com/index.php/publicacion?p_id=1416,,1,legacy_id,1416,,51cb8a78-25a4-4763-abb0-e71da750ce46,eliminacion-de-cartas-de-no-comercializacion-y-otras-modificaciones-del-anexo-de,news,,project_date_missing
es:1414,es,news,1414,América Móvil se desprende del negocio de telefonía móvil prepagado en EE.UU. por 6.900 millones de dólares,https://www.vonwobeser.com/index.php/publicacion?p_id=1414,https://www.vonwobeser.com/index.php/publicaciones/noticias?start=230,"Septiembre, 2020",2020-09,month,200,correcto,https://www.vonwobeser.com/index.php/publicacion?p_id=1414,,1,legacy_id,1414,,d2012b6c-eaed-4daa-ba8d-d044223a1de3,america-movil-se-desprende-del-negocio-de-telefonia-movil-prepagado-en-ee-uu-por,news,,project_date_missing
es:1412,es,news,1412,América Móvil vende subsidiaria en Estados Unidos a Verizon,https://www.vonwobeser.com/index.php/publicacion?p_id=1412,https://www.vonwobeser.com/index.php/publicaciones/noticias?start=230,"Septiembre, 2020",2020-09,month,200,correcto,https://www.vonwobeser.com/index.php/publicacion?p_id=1412,,1,legacy_id,1412,,304aad9c-2294-4a3f-bcfd-6f0441a91962,america-movil-vende-subsidiaria-en-estados-unidos-a-verizon,news,,project_date_missing
es:1410,es,news,1410,ICC llama a fortalecer las instituciones anticorrupción en México,https://www.vonwobeser.com/index.php/publicacion?p_id=1410,https://www.vonwobeser.com/index.php/publicaciones/noticias?start=240,"Agosto, 2020",2020-08,month,200,correcto,https://www.vonwobeser.com/index.php/publicacion?p_id=1410,,1,legacy_id,1410,,5672b30b-706c-4d70-be98-806742c3db2d,icc-llama-a-fortalecer-las-instituciones-anticorrupcion-en-mexico,news,,project_date_missing
es:1408,es,news,1408,Modificación a los Lineamientos para la Ejecución del Plan Gradual hacia la Nueva Normalidad en la Ciudad de México,https://www.vonwobeser.com/index.php/publicacion?p_id=1408,https://www.vonwobeser.com/index.php/publicaciones/noticias?start=230,"Septiembre, 2020",2020-09,month,200,correcto,https://www.vonwobeser.com/index.php/publicacion?p_id=1408,,1,legacy_id,1408,,fa398ec2-0e9c-4cc0-9ec8-6ce8625c6bf4,modificacion-a-los-lineamientos-para-la-ejecucion-del-plan-gradual-hacia-la-nuev,news,,project_date_missing
es:1406,es,news,1406,Compliance Laboral respecto al T-MEC. El incumplimiento de obligaciones laborales en México puede resultar en la imposición de sanciones,https://www.vonwobeser.com/index.php/publicacion?p_id=1406,https://www.vonwobeser.com/index.php/publicaciones/noticias?start=230,"Septiembre, 2020",2020-09,month,200,correcto,https://www.vonwobeser.com/index.php/publicacion?p_id=1406,,1,legacy_id,1406,,15dbee81-c317-44ec-b09a-32d6873240a4,compliance-laboral-respecto-al-t-mec-el-incumplimiento-de-obligaciones-laborales,news,,project_date_missing
es:1404,es,news,1404,Von Wobeser y Sierra aconseja a Merck-Iberdrola en México en relación a PPA de energías renovables,https://www.vonwobeser.com/index.php/publicacion?p_id=1404,https://www.vonwobeser.com/index.php/publicaciones/noticias?start=230,"Septiembre, 2020",2020-09,month,200,correcto,https://www.vonwobeser.com/index.php/publicacion?p_id=1404,,1,legacy_id,1404,,6478da03-9276-4c0e-a17d-bc5dc49250f2,von-wobeser-y-sierra-aconseja-a-merck-iberdrola-en-mexico-en-relacion-a-ppa-de-e,news,,project_date_missing
es:1402,es,news,1402,Merck firma PPA con Iberdrola en México,https://www.vonwobeser.com/index.php/publicacion?p_id=1402,https://www.vonwobeser.com/index.php/publicaciones/noticias?start=240,"Agosto, 2020",2020-08,month,200,correcto,https://www.vonwobeser.com/index.php/publicacion?p_id=1402,,1,legacy_id,1402,,be7e3f2b-7009-4440-8f7e-f9fdc882357e,merck-firma-ppa-con-iberdrola-en-mexico,news,,project_date_missing
es:1400,es,news,1400,Modificaciones a las disposiciones fiscales para 2021,https://www.vonwobeser.com/index.php/publicacion?p_id=1400,https://www.vonwobeser.com/index.php/publicaciones/noticias?start=230,"Septiembre, 2020",2020-09,month,200,correcto,https://www.vonwobeser.com/index.php/publicacion?p_id=1400,,1,legacy_id,1400,,a1d342b4-c199-4f84-b882-a484f4c13032,modificaciones-a-las-disposiciones-fiscales-para-2021,news,,project_date_missing
es:1398,es,news,1398,Santander Desarrolla una Nueva Estrategia de Pagos en México,https://www.vonwobeser.com/index.php/publicacion?p_id=1398,https://www.vonwobeser.com/index.php/publicaciones/noticias?start=340,"Marzo, 2020",2020-03,month,200,correcto,https://www.vonwobeser.com/index.php/publicacion?p_id=1398,,1,legacy_id,1398,,01a2ff8e-8c1e-4207-bb1f-6894bd90c833,santander-desarrolla-una-nueva-estrategia-de-pagos-en-mexico,news,,project_date_missing
es:1396,es,news,1396,México Investiga el Mercado de la Publicidad Digital,https://www.vonwobeser.com/index.php/publicacion?p_id=1396,https://www.vonwobeser.com/index.php/publicaciones/noticias?start=230,"Septiembre, 2020",2020-09,month,200,correcto,https://www.vonwobeser.com/index.php/publicacion?p_id=1396,,1,legacy_id,1396,,02b1e197-81ad-4242-b5ce-90df9d839c0d,mexico-investiga-el-mercado-de-la-publicidad-digital,news,,project_date_missing
es:1394,es,news,1394,12 Años de Lucha y Latinoamérica Mantiene el Mismo Nivel de Corrupción,https://www.vonwobeser.com/index.php/publicacion?p_id=1394,https://www.vonwobeser.com/index.php/publicaciones/noticias?start=230,"Agosto, 2020",2020-08,month,200,correcto,https://www.vonwobeser.com/index.php/publicacion?p_id=1394,,1,legacy_id,1394,,1f0cbfea-daaf-45a2-8d7a-cbe74f5830ac,12-anos-de-lucha-y-latinoamerica-mantiene-el-mismo-nivel-de-corrupcion,news,,project_date_missing
es:1392,es,news,1392,Temas relevantes en materia laboral (Compliance laboral),https://www.vonwobeser.com/index.php/publicacion?p_id=1392,https://www.vonwobeser.com/index.php/publicaciones/noticias?start=240,"Agosto, 2020",2020-08,month,200,correcto,https://www.vonwobeser.com/index.php/publicacion?p_id=1392,,1,legacy_id,1392,,e35c9578-9ea8-4ed7-9c89-10c880e9592b,temas-relevantes-en-materia-laboral-compliance-laboral,news,,project_date_missing
es:1390,es,news,1390,Concluye suspensión de plazos y términos legales de la Secretaría de Medio Ambiente y Recursos Naturales,https://www.vonwobeser.com/index.php/publicacion?p_id=1390,https://www.vonwobeser.com/index.php/publicaciones/noticias?start=240,"Agosto, 2020",2020-08,month,200,correcto,https://www.vonwobeser.com/index.php/publicacion?p_id=1390,,1,legacy_id,1390,,a5678ae4-d08a-4756-8005-49b6d105b554,concluye-suspension-de-plazos-y-terminos-legales-de-la-secretaria-de-medio-ambie,news,,project_date_missing
es:1388,es,news,1388,Von Wobeser partner to chair Americas arbitration group,https://www.vonwobeser.com/index.php/publicacion?p_id=1388,https://www.vonwobeser.com/index.php/publicaciones/noticias?start=240,"Agosto, 2020",2020-08,month,200,correcto,https://www.vonwobeser.com/index.php/publicacion?p_id=1388,,1,legacy_id,1388,,691ed894-98b2-49af-ba77-b11810467263,von-wobeser-partner-to-chair-americas-arbitration-group-4,news,,project_date_missing
es:1386,es,news,1386,Actualización: Concluye la suspensión de términos y plazos de la Comisión Reguladora de Energía,https://www.vonwobeser.com/index.php/publicacion?p_id=1386,https://www.vonwobeser.com/index.php/publicaciones/noticias?start=240,"Agosto, 2020",2020-08,month,200,correcto,https://www.vonwobeser.com/index.php/publicacion?p_id=1386,,1,legacy_id,1386,,bfdc75a2-8196-411d-bae9-681257f9b65d,actualizacion-concluye-la-suspension-de-terminos-y-plazos-de-la-comision-regulad,news,,project_date_missing
es:1383,es,news,1383,El ex presidente de México Peña Nieto investigado por corrupción,https://www.vonwobeser.com/index.php/publicacion?p_id=1383,https://www.vonwobeser.com/index.php/publicaciones/noticias?start=240,"Agosto, 2020",2020-08,month,200,correcto,https://www.vonwobeser.com/index.php/publicacion?p_id=1383,,1,legacy_id,1383,,d35dcd76-6b6a-433a-8c1a-65e2cddc9e36,el-ex-presidente-de-mexico-pena-nieto-investigado-por-corrupcion,news,,project_date_missing
es:1382,es,news,1382,Las oportunidades para empresas en el sector tecnológico con la crisis sanitaria,https://www.vonwobeser.com/index.php/publicacion?p_id=1382,https://www.vonwobeser.com/index.php/publicaciones/noticias?start=240,"Agosto, 2020",2020-08,month,200,correcto,https://www.vonwobeser.com/index.php/publicacion?p_id=1382,,1,legacy_id,1382,,ad8c5b12-54b0-45ad-983d-69a723f340c0,las-oportunidades-para-empresas-en-el-sector-tecnologico-con-la-crisis-sanitaria,news,,project_date_missing
es:1380,es,news,1380,"Entra en vigor el decreto que modifica la Ley de Adquisiciones, Arrendamientos y Servicios del Sector Público",https://www.vonwobeser.com/index.php/publicacion?p_id=1380,https://www.vonwobeser.com/index.php/publicaciones/noticias?start=240,"Agosto, 2020",2020-08,month,200,correcto,https://www.vonwobeser.com/index.php/publicacion?p_id=1380,,1,legacy_id,1380,,5bcca0ad-5e4a-4384-9a59-b43c764f55f3,entra-en-vigor-el-decreto-que-modifica-la-ley-de-adquisiciones-arrendamientos-y-,news,,project_date_missing
es:1378,es,news,1378,Acuerdo por el que la Comisión Nacional de Hidrocarburos establece diversas medidas a fin de promover el desarrollo de las actividades petroleras,https://www.vonwobeser.com/index.php/publicacion?p_id=1378,https://www.vonwobeser.com/index.php/publicaciones/noticias?start=240,"Agosto, 2020",2020-08,month,200,correcto,https://www.vonwobeser.com/index.php/publicacion?p_id=1378,,1,legacy_id,1378,,373386b7-1082-4cdf-93e3-e63070924637,acuerdo-por-el-que-la-comision-nacional-de-hidrocarburos-establece-diversas-medi,news,,project_date_missing
es:1376,es,news,1376,Cobro de nuevos derechos a Empresas Certificadas bajo la modalidad IVA e IEPS,https://www.vonwobeser.com/index.php/publicacion?p_id=1376,https://www.vonwobeser.com/index.php/publicaciones/noticias?start=250,"Agosto, 2020",2020-08,month,200,correcto,https://www.vonwobeser.com/index.php/publicacion?p_id=1376,,1,legacy_id,1376,,44e4a530-6862-4f24-a402-6e4429400863,cobro-de-nuevos-derechos-a-empresas-certificadas-bajo-la-modalidad-iva-e-ieps,news,,project_date_missing
es:1374,es,news,1374,Acuerdo por el que se establecen nuevas actividades esenciales,https://www.vonwobeser.com/index.php/publicacion?p_id=1374,https://www.vonwobeser.com/index.php/publicaciones/noticias?start=250,"Agosto, 2020",2020-08,month,200,correcto,https://www.vonwobeser.com/index.php/publicacion?p_id=1374,,1,legacy_id,1374,,ba32c632-15ac-4dbb-bfcd-e06ef3a44a3c,acuerdo-por-el-que-se-establecen-nuevas-actividades-esenciales,news,,project_date_missing
es:1371,es,news,1371,Von Wobeser Partner Appointed Chair of ITA Americas Initiative,https://www.vonwobeser.com/index.php/publicacion?p_id=1371,https://www.vonwobeser.com/index.php/publicaciones/noticias?start=250,"Agosto, 2020",2020-08,month,200,correcto,https://www.vonwobeser.com/index.php/publicacion?p_id=1371,,1,legacy_id,1371,,491c053f-119e-4208-b8a9-572b44a65697,von-wobeser-partner-appointed-chair-of-ita-americas-initiative-2,news,,project_date_missing
es:1369,es,news,1369,Von Wobeser partner to chair Americas arbitration group,https://www.vonwobeser.com/index.php/publicacion?p_id=1369,https://www.vonwobeser.com/index.php/publicaciones/noticias?start=250,"Julio, 2020",2020-07,month,200,correcto,https://www.vonwobeser.com/index.php/publicacion?p_id=1369,,1,legacy_id,1369,,120b3058-f84f-411f-9777-f0393970bf19,von-wobeser-partner-to-chair-americas-arbitration-group-3,news,,project_date_missing
es:1368,es,news,1368,Modificación de los criterios de aplicación de pruebas de detección de COVID-19 a los empleados en la Ciudad de México,https://www.vonwobeser.com/index.php/publicacion?p_id=1368,https://www.vonwobeser.com/index.php/publicaciones/noticias?start=250,"Julio, 2020",2020-07,month,200,correcto,https://www.vonwobeser.com/index.php/publicacion?p_id=1368,,1,legacy_id,1368,,a0307c0b-2fe5-45a8-a5ec-f11f6aa41bee,modificacion-de-los-criterios-de-aplicacion-de-pruebas-de-deteccion-de-covid-19-,news,,project_date_missing
es:1366,es,news,1366,Acuerdo por el que se da a conocer el medio de difusión de los criterios para las poblaciones en situación de vulnerabilidad,https://www.vonwobeser.com/index.php/publicacion?p_id=1366,https://www.vonwobeser.com/index.php/publicaciones/noticias?start=250,"Julio, 2020",2020-07,month,200,correcto,https://www.vonwobeser.com/index.php/publicacion?p_id=1366,,1,legacy_id,1366,,cabcb38c-7115-4ee7-ad22-b74e82bf0aa6,acuerdo-por-el-que-se-da-a-conocer-el-medio-de-difusion-de-los-criterios-para-la,news,,project_date_missing
es:1364,es,news,1364,Proyecto de reglamento de cannabis para uso medicinal,https://www.vonwobeser.com/index.php/publicacion?p_id=1364,https://www.vonwobeser.com/index.php/publicaciones/noticias?start=250,"Julio, 2020",2020-07,month,200,correcto,https://www.vonwobeser.com/index.php/publicacion?p_id=1364,,1,legacy_id,1364,,72efd968-0e77-4a68-81ac-c338671ee02b,proyecto-de-reglamento-de-cannabis-para-uso-medicinal,news,,project_date_missing
es:1362,es,news,1362,Actualización: Concluye suspensión de términos y plazos de la Comisión Nacional de Hidrocarburos,https://www.vonwobeser.com/index.php/publicacion?p_id=1362,https://www.vonwobeser.com/index.php/publicaciones/noticias?start=250,"Julio, 2020",2020-07,month,200,correcto,https://www.vonwobeser.com/index.php/publicacion?p_id=1362,,1,legacy_id,1362,,7f86cc6d-49f5-4869-b54d-a3d38a7a916b,actualizacion-concluye-suspension-de-terminos-y-plazos-de-la-comision-nacional-d,news,,project_date_missing
es:1360,es,news,1360,Extensión en la suspensión de las actividades y plazos del Tribunal Federal de Justicia Administrativa,https://www.vonwobeser.com/index.php/publicacion?p_id=1360,https://www.vonwobeser.com/index.php/publicaciones/noticias?start=250,"Julio, 2020",2020-07,month,200,correcto,https://www.vonwobeser.com/index.php/publicacion?p_id=1360,,1,legacy_id,1360,,67192823-fada-4221-9297-5fad84705207,extension-en-la-suspension-de-las-actividades-y-plazos-del-tribunal-federal-de-j-4,news,,project_date_missing
es:1358,es,news,1358,Posible prórroga a la implementación del nuevo sistema de etiquetado frontal de advertencia bajo la NOM-051- SCFI/SSA1-2010,https://www.vonwobeser.com/index.php/publicacion?p_id=1358,https://www.vonwobeser.com/index.php/publicaciones/noticias?start=250,"Julio, 2020",2020-07,month,200,correcto,https://www.vonwobeser.com/index.php/publicacion?p_id=1358,,1,legacy_id,1358,,4f6def5f-ee5b-4ead-a902-63e91f588492,posible-prorroga-a-la-implementacion-del-nuevo-sistema-de-etiquetado-frontal-de-,news,,project_date_missing
es:1356,es,news,1356,Iniciativa de reforma a la Ley del Seguro Social respecto al Sistema de Pensiones,https://www.vonwobeser.com/index.php/publicacion?p_id=1356,https://www.vonwobeser.com/index.php/publicaciones/noticias?start=260,"Julio, 2020",2020-07,month,200,correcto,https://www.vonwobeser.com/index.php/publicacion?p_id=1356,,1,legacy_id,1356,,f1fa44e1-9701-478d-84d9-bdd6a85caa26,iniciativa-de-reforma-a-la-ley-del-seguro-social-respecto-al-sistema-de-pensione,news,,project_date_missing
es:1354,es,news,1354,Iniciativa de reforma a la Ley Federal del Trabajo en materia de Teletrabajo,https://www.vonwobeser.com/index.php/publicacion?p_id=1354,https://www.vonwobeser.com/index.php/publicaciones/noticias?start=260,"Julio, 2020",2020-07,month,200,correcto,https://www.vonwobeser.com/index.php/publicacion?p_id=1354,,1,legacy_id,1354,,bf0f540e-fa19-4253-aae9-ec15d6db0040,iniciativa-de-reforma-a-la-ley-federal-del-trabajo-en-materia-de-teletrabajo,news,,project_date_missing
es:1352,es,news,1352,Actualización: Quinta ampliación de la suspensión de términos y plazos del Centro Nacional de Control de Energía,https://www.vonwobeser.com/index.php/publicacion?p_id=1352,https://www.vonwobeser.com/index.php/publicaciones/noticias?start=260,"Julio, 2020",2020-07,month,200,correcto,https://www.vonwobeser.com/index.php/publicacion?p_id=1352,,1,legacy_id,1352,,7e668610-f449-4637-9e0c-64dde1f6a3bc,actualizacion-quinta-ampliacion-de-la-suspension-de-terminos-y-plazos-del-centro,news,,project_date_missing
es:1350,es,news,1350,El Instituto Mexicano de la Propiedad Industrial reinicia actividades,https://www.vonwobeser.com/index.php/publicacion?p_id=1350,https://www.vonwobeser.com/index.php/publicaciones/noticias?start=260,"Julio, 2020",2020-07,month,200,correcto,https://www.vonwobeser.com/index.php/publicacion?p_id=1350,,1,legacy_id,1350,,4b6eb862-5e02-43e8-8c7e-0d11e9237ab1,el-instituto-mexicano-de-la-propiedad-industrial-reinicia-actividades,news,,project_date_missing
es:1348,es,news,1348,"Posibles criterios para verificar el cumplimiento de la NOM-051-SCFI/SSA1-2010 en el punto de venta de productos, a partir del 1° de octubre de 2020",https://www.vonwobeser.com/index.php/publicacion?p_id=1348,https://www.vonwobeser.com/index.php/publicaciones/noticias?start=260,"Julio, 2020",2020-07,month,200,correcto,https://www.vonwobeser.com/index.php/publicacion?p_id=1348,,1,legacy_id,1348,,de1a1144-e29c-4d68-8527-f2edc463a886,posibles-criterios-para-verificar-el-cumplimiento-de-la-nom-051-scfi-ssa1-2010-e,news,,project_date_missing
es:1346,es,news,1346,Se emiten nuevas leyes que impactan a la importación y exportación de mercancías,https://www.vonwobeser.com/index.php/publicacion?p_id=1346,https://www.vonwobeser.com/index.php/publicaciones/noticias?start=260,"Julio, 2020",2020-07,month,200,correcto,https://www.vonwobeser.com/index.php/publicacion?p_id=1346,,1,legacy_id,1346,,d654b0d0-93a1-4b4a-b99b-dbc942eefc69,se-emiten-nuevas-leyes-que-impactan-a-la-importacion-y-exportacion-de-mercancias,news,,project_date_missing
es:1344,es,news,1344,"CONAGUA establece medidas transitorias para garantizar el abastecimiento de agua en los centros de población, durante la contingencia generada por el virus SARS-CoV-2 (COVID-19)",https://www.vonwobeser.com/index.php/publicacion?p_id=1344,https://www.vonwobeser.com/index.php/publicaciones/noticias?start=260,"Julio, 2020",2020-07,month,200,correcto,https://www.vonwobeser.com/index.php/publicacion?p_id=1344,,1,legacy_id,1344,,6f340163-3093-4c07-8e6f-262ec26ee302,conagua-establece-medidas-transitorias-para-garantizar-el-abastecimiento-de-agua,news,,project_date_missing
es:1342,es,news,1342,Sexta extensión en la suspensión de las actividades de la Comisión Federal de Competencia Económica y sus procedimientos,https://www.vonwobeser.com/index.php/publicacion?p_id=1342,https://www.vonwobeser.com/index.php/publicaciones/noticias?start=260,"Junio, 2020",2020-06,month,200,correcto,https://www.vonwobeser.com/index.php/publicacion?p_id=1342,,1,legacy_id,1342,,9630171c-d3ba-4866-a12a-2a179a9f2973,sexta-extension-en-la-suspension-de-las-actividades-de-la-comision-federal-de-co,news,,project_date_missing
es:1340,es,news,1340,Publicación de disposiciones legales en preparación a la entrada en vigor del T-MEC,https://www.vonwobeser.com/index.php/publicacion?p_id=1340,https://www.vonwobeser.com/index.php/publicaciones/noticias?start=260,"Junio, 2020",2020-06,month,200,correcto,https://www.vonwobeser.com/index.php/publicacion?p_id=1340,,1,legacy_id,1340,,8f834e57-52ef-400a-b9be-5e4a37989771,publicacion-de-disposiciones-legales-en-preparacion-a-la-entrada-en-vigor-del-t-,news,,project_date_missing
es:1336,es,news,1336,Aviso de actualización de socios o accionistas ante el Registro Federal de Contribuyentes,https://www.vonwobeser.com/index.php/publicacion?p_id=1336,https://www.vonwobeser.com/index.php/publicaciones/noticias?start=260,"Junio, 2020",2020-06,month,200,correcto,https://www.vonwobeser.com/index.php/publicacion?p_id=1336,,1,legacy_id,1336,,34c1a7c3-2df8-4acd-8520-a8799e65896c,aviso-de-actualizacion-de-socios-o-accionistas-ante-el-registro-federal-de-contr,news,,project_date_missing
es:1334,es,news,1334,Extensión en la suspensión de las actividades y plazos del Tribunal Federal de Justicia Administrativa,https://www.vonwobeser.com/index.php/publicacion?p_id=1334,https://www.vonwobeser.com/index.php/publicaciones/noticias?start=270,"Junio, 2020",2020-06,month,200,correcto,https://www.vonwobeser.com/index.php/publicacion?p_id=1334,,1,legacy_id,1334,,25e75e86-a962-49bf-870a-b721e188f5d3,extension-en-la-suspension-de-las-actividades-y-plazos-del-tribunal-federal-de-j-3,news,,project_date_missing
es:1332,es,news,1332,Actualización: Cuarta ampliación de la suspensión de términos y plazos del Centro Nacional de Control de Energía,https://www.vonwobeser.com/index.php/publicacion?p_id=1332,https://www.vonwobeser.com/index.php/publicaciones/noticias?start=270,"Junio, 2020",2020-06,month,200,correcto,https://www.vonwobeser.com/index.php/publicacion?p_id=1332,,1,legacy_id,1332,,41c60da4-902f-419f-8b72-1ae176a307f5,actualizacion-cuarta-ampliacion-de-la-suspension-de-terminos-y-plazos-del-centro,news,,project_date_missing
es:1330,es,news,1330,Quinta extensión en la supensión de las actividades de la Comisión Federal de Competencia Económica y sus procedimientos,https://www.vonwobeser.com/index.php/publicacion?p_id=1330,https://www.vonwobeser.com/index.php/publicaciones/noticias?start=270,"Junio, 2020",2020-06,month,200,correcto,https://www.vonwobeser.com/index.php/publicacion?p_id=1330,,1,legacy_id,1330,,d39e9c3c-db76-44db-883c-f6e2a5cc8d77,quinta-extension-en-la-supension-de-las-actividades-de-la-comision-federal-de-co,news,,project_date_missing
es:1328,es,news,1328,Nueva extensión en la suspensión de las actividades y términos del Instituto Nacional del Derecho de Autor,https://www.vonwobeser.com/index.php/publicacion?p_id=1328,https://www.vonwobeser.com/index.php/publicaciones/noticias?start=270,"Junio, 2020",2020-06,month,200,correcto,https://www.vonwobeser.com/index.php/publicacion?p_id=1328,,1,legacy_id,1328,,78d2cf49-fae5-46d6-aef2-462f12d12ecd,nueva-extension-en-la-suspension-de-las-actividades-y-terminos-del-instituto-nac,news,,project_date_missing
es:1324,es,news,1324,Procedimientos electrónicos en materia concursal y comercial,https://www.vonwobeser.com/index.php/publicacion?p_id=1324,https://www.vonwobeser.com/index.php/publicaciones/noticias?start=270,"Junio, 2020",2020-06,month,200,correcto,https://www.vonwobeser.com/index.php/publicacion?p_id=1324,,1,legacy_id,1324,,56279420-001c-457e-b1e1-fd5150a41e3f,procedimientos-electronicos-en-materia-concursal-y-comercial,news,,project_date_missing
es:1322,es,news,1322,Diseños Industriales – México se adhiere al Sistema de la Haya,https://www.vonwobeser.com/index.php/publicacion?p_id=1322,https://www.vonwobeser.com/index.php/publicaciones/noticias?start=270,"Junio, 2020",2020-06,month,200,correcto,https://www.vonwobeser.com/index.php/publicacion?p_id=1322,,1,legacy_id,1322,,6434f1c3-856b-49e0-84c5-acc57ac9828c,disenos-industriales-mexico-se-adhiere-al-sistema-de-la-haya,news,,project_date_missing
es:1320,es,news,1320,Cuarta extensión en la suspensión de las actividades de la Comisión Federal de Competencia Económica y sus procedimientos,https://www.vonwobeser.com/index.php/publicacion?p_id=1320,https://www.vonwobeser.com/index.php/publicaciones/noticias?start=280,"Mayo, 2020",2020-05,month,200,correcto,https://www.vonwobeser.com/index.php/publicacion?p_id=1320,,1,legacy_id,1320,,47da2b0c-78a7-4c55-afda-0ec8ba406649,cuarta-extension-en-la-suspension-de-las-actividades-de-la-comision-federal-de-c,news,,project_date_missing
es:1318,es,news,1318,"El Socio Líder de nuestra Práctica de Energía, Edmond Grieger fue entrevistado por la publicación de energía de Mexico Business, Marco Eléctrico de México: Tema de Contención.",https://www.vonwobeser.com/index.php/publicacion?p_id=1318,https://www.vonwobeser.com/index.php/publicaciones/noticias?start=270,"Junio, 2020",2020-06,month,200,correcto,https://www.vonwobeser.com/index.php/publicacion?p_id=1318,,1,legacy_id,1318,,a2a608a6-a95b-4574-88be-24e0a2795a22,el-socio-lider-de-nuestra-practica-de-energia-edmond-grieger-fue-entrevistado-po,news,,project_date_missing
es:1316,es,news,1316,Actualización: Disposiciones de carácter general relativas a las interfaces de programación de aplicaciones informáticas estandarizadas a que hace referencia la Ley para Regular las Instituciones de Tecnología Financiera,https://www.vonwobeser.com/index.php/publicacion?p_id=1316,https://www.vonwobeser.com/index.php/publicaciones/noticias?start=270,"Junio, 2020",2020-06,month,200,correcto,https://www.vonwobeser.com/index.php/publicacion?p_id=1316,,1,legacy_id,1316,,37fb59c6-a277-4149-8cd5-cbea8eb73fce,actualizacion-disposiciones-de-caracter-general-relativas-a-las-interfaces-de-pr,news,,project_date_missing
es:1314,es,news,1314,Posibles restricciones a la publicidad de alimentos y bebidas no alcohólicas que contengan sellos y leyendas de advertencia,https://www.vonwobeser.com/index.php/publicacion?p_id=1314,https://www.vonwobeser.com/index.php/publicaciones/noticias?start=270,"Junio, 2020",2020-06,month,200,correcto,https://www.vonwobeser.com/index.php/publicacion?p_id=1314,,1,legacy_id,1314,,b805653b-e1d7-47d5-8609-a769274d47a2,posibles-restricciones-a-la-publicidad-de-alimentos-y-bebidas-no-alcoholicas-que,news,,project_date_missing
es:1312,es,news,1312,Actualización: Tercera ampliación de la suspensión de términos y plazos de la Comisión Nacional de Hidrocarburos,https://www.vonwobeser.com/index.php/publicacion?p_id=1312,https://www.vonwobeser.com/index.php/publicaciones/noticias?start=270,"Junio, 2020",2020-06,month,200,correcto,https://www.vonwobeser.com/index.php/publicacion?p_id=1312,,1,legacy_id,1312,,c12147d6-958b-47d2-bf37-2e92106f74db,actualizacion-tercera-ampliacion-de-la-suspension-de-terminos-y-plazos-de-la-com,news,,project_date_missing
es:1310,es,news,1310,Actualización: Tercera ampliación de la suspensión de términos y plazos del Centro Nacional de Control de Energía,https://www.vonwobeser.com/index.php/publicacion?p_id=1310,https://www.vonwobeser.com/index.php/publicaciones/noticias?start=280,"Junio, 2020",2020-06,month,200,correcto,https://www.vonwobeser.com/index.php/publicacion?p_id=1310,,1,legacy_id,1310,,88105b38-3806-4c80-b84a-5f3feabdeef2,actualizacion-tercera-ampliacion-de-la-suspension-de-terminos-y-plazos-del-centr,news,,project_date_missing
es:1308,es,news,1308,Se publica la versión preliminar de las “Reglamentaciones Uniformes” del T-MEC,https://www.vonwobeser.com/index.php/publicacion?p_id=1308,https://www.vonwobeser.com/index.php/publicaciones/noticias?start=280,"Junio, 2020",2020-06,month,200,correcto,https://www.vonwobeser.com/index.php/publicacion?p_id=1308,,1,legacy_id,1308,,2cc2d0bb-9897-4e45-bd44-2d84643c08ec,se-publica-la-version-preliminar-de-las-reglamentaciones-uniformes-del-t-mec,news,,project_date_missing
es:1306,es,news,1306,Extensión en la suspensión de las actividades y plazos del Tribunal Federal de Justicia Administrativa,https://www.vonwobeser.com/index.php/publicacion?p_id=1306,https://www.vonwobeser.com/index.php/publicaciones/noticias?start=280,"Junio, 2020",2020-06,month,200,correcto,https://www.vonwobeser.com/index.php/publicacion?p_id=1306,,1,legacy_id,1306,,f8df44ac-7d76-4451-99ac-05ebd6d1d8aa,extension-en-la-suspension-de-las-actividades-y-plazos-del-tribunal-federal-de-j-2,news,,project_date_missing
es:1304,es,news,1304,Ampliación de la suspensión de los plazos de la CNBV,https://www.vonwobeser.com/index.php/publicacion?p_id=1304,https://www.vonwobeser.com/index.php/publicaciones/noticias?start=280,"Mayo, 2020",2020-05,month,200,correcto,https://www.vonwobeser.com/index.php/publicacion?p_id=1304,,1,legacy_id,1304,,8250424e-2f15-4d9c-afea-bab4219ca3d5,ampliacion-de-la-suspension-de-los-plazos-de-la-cnbv,news,,project_date_missing
es:1302,es,news,1302,Extensión en la suspensión de las actividades y plazos del Tribunal Federal de Justicia Administrativa,https://www.vonwobeser.com/index.php/publicacion?p_id=1302,https://www.vonwobeser.com/index.php/publicaciones/noticias?start=300,"Abril, 2020",2020-04,month,200,correcto,https://www.vonwobeser.com/index.php/publicacion?p_id=1302,,1,legacy_id,1302,,76dbd890-fa39-47af-9f77-1b6351c7c7f0,extension-en-la-suspension-de-las-actividades-y-plazos-del-tribunal-federal-de-j,news,,project_date_missing
es:1300,es,news,1300,Actualización: Suspensión de términos y plazos de la SEMARNAT y habilitación de días y horas hábiles para la ASEA y CONAGUA,https://www.vonwobeser.com/index.php/publicacion?p_id=1300,https://www.vonwobeser.com/index.php/publicaciones/noticias?start=280,"Junio, 2020",2020-06,month,200,correcto,https://www.vonwobeser.com/index.php/publicacion?p_id=1300,,1,legacy_id,1300,,4175afd9-2633-40e2-9b13-c880e775e414,actualizacion-suspension-de-terminos-y-plazos-de-la-semarnat-y-habilitacion-de-d-2,news,,project_date_missing
es:1298,es,news,1298,Actualización: Suspensión de términos y plazos de la Secretaría de Energía y la Comisión Reguladora de Energía,https://www.vonwobeser.com/index.php/publicacion?p_id=1298,https://www.vonwobeser.com/index.php/publicaciones/noticias?start=280,"Junio, 2020",2020-06,month,200,correcto,https://www.vonwobeser.com/index.php/publicacion?p_id=1298,,1,legacy_id,1298,,26f3275f-676e-4b62-86a4-dfc1dac07d05,actualizacion-suspension-de-terminos-y-plazos-de-la-secretaria-de-energia-y-la-c,news,,project_date_missing
es:1296,es,news,1296,Extensión en la suspensión de las actividades y plazos del Instituto Mexicano de la Propiedad Industrial,https://www.vonwobeser.com/index.php/publicacion?p_id=1296,https://www.vonwobeser.com/index.php/publicaciones/noticias?start=280,"Junio, 2020",2020-06,month,200,correcto,https://www.vonwobeser.com/index.php/publicacion?p_id=1296,,1,legacy_id,1296,,3b729c7e-ce0a-44d4-95eb-5461bc772dce,extension-en-la-suspension-de-las-actividades-y-plazos-del-instituto-mexicano-de,news,,project_date_missing
es:1294,es,news,1294,Publicación de los Lineamientos Técnicos Específicos para la Reapertura de las Actividades Económicas,https://www.vonwobeser.com/index.php/publicacion?p_id=1294,https://www.vonwobeser.com/index.php/publicaciones/noticias?start=280,"Mayo, 2020",2020-05,month,200,correcto,https://www.vonwobeser.com/index.php/publicacion?p_id=1294,,1,legacy_id,1294,,d6c55787-9607-4438-a9c7-307a94d86a16,publicacion-de-los-lineamientos-tecnicos-especificos-para-la-reapertura-de-las-a,news,,project_date_missing
es:1292,es,news,1292,Se establecen días y horas hábiles para la obtención y renovación del Certificado Ambiental y Certificación de Vehículos Nuevos o en su caso vehículos nuevos en planta en las diferentes modalidades,https://www.vonwobeser.com/index.php/publicacion?p_id=1292,https://www.vonwobeser.com/index.php/publicaciones/noticias?start=290,"Mayo, 2020",2020-05,month,200,correcto,https://www.vonwobeser.com/index.php/publicacion?p_id=1292,,1,legacy_id,1292,,42ea2653-3b99-48cb-a9f5-a867aa0b34bf,se-establecen-dias-y-horas-habiles-para-la-obtencion-y-renovacion-del-certificad,news,,project_date_missing
es:1290,es,news,1290,Actualización: Suspensión de términos y plazos del Centro Nacional de Control de Energía,https://www.vonwobeser.com/index.php/publicacion?p_id=1290,https://www.vonwobeser.com/index.php/publicaciones/noticias?start=320,"Abril, 2020",2020-04,month,200,correcto,https://www.vonwobeser.com/index.php/publicacion?p_id=1290,,1,legacy_id,1290,,452a5952-0ffa-4da0-9325-09f147ffd712,actualizacion-suspension-de-terminos-y-plazos-del-centro-nacional-de-control-de-,news,,project_date_missing
es:1286,es,news,1286,Importante transacción de un Contrato de Cobertura Eléctrica,https://www.vonwobeser.com/index.php/publicacion?p_id=1286,https://www.vonwobeser.com/index.php/publicaciones/noticias?start=290,"Mayo, 2020",2020-05,month,200,correcto,https://www.vonwobeser.com/index.php/publicacion?p_id=1286,,1,legacy_id,1286,,8cbde6be-cd46-453a-b809-c51e007aac72,importante-transaccion-de-un-contrato-de-cobertura-electrica,news,,project_date_missing
es:1284,es,news,1284,Actualización: Resolución por la que se expide la información y se dan a conocer los medios electrónicos para cumplir con obligaciones en materia de prevención de lavado de dinero,https://www.vonwobeser.com/index.php/publicacion?p_id=1284,https://www.vonwobeser.com/index.php/publicaciones/noticias?start=290,"Mayo, 2020",2020-05,month,200,correcto,https://www.vonwobeser.com/index.php/publicacion?p_id=1284,,1,legacy_id,1284,,32a5d553-3ad8-42d5-87bf-eb17afdba216,actualizacion-resolucion-por-la-que-se-expide-la-informacion-y-se-dan-a-conocer-,news,,project_date_missing
es:1282,es,news,1282,Audiencias Virtuales en Arbitraje: Un vistazo hacia las Reglas Institucionales,https://www.vonwobeser.com/index.php/publicacion?p_id=1282,https://www.vonwobeser.com/index.php/publicaciones/noticias?start=290,"Mayo, 2020",2020-05,month,200,correcto,https://www.vonwobeser.com/index.php/publicacion?p_id=1282,,1,legacy_id,1282,,817f08bc-c37a-4367-83ef-b797d2a48311,audiencias-virtuales-en-arbitraje-un-vistazo-hacia-las-reglas-institucionales,news,,project_date_missing
es:1280,es,news,1280,Lineamientos Técnicos de Seguridad Sanitaria en el Entorno Laboral,https://www.vonwobeser.com/index.php/publicacion?p_id=1280,https://www.vonwobeser.com/index.php/publicaciones/noticias?start=290,"Mayo, 2020",2020-05,month,200,correcto,https://www.vonwobeser.com/index.php/publicacion?p_id=1280,,1,legacy_id,1280,,73db2017-5f81-42e3-a54b-8bd64ceb7b7d,lineamientos-tecnicos-de-seguridad-sanitaria-en-el-entorno-laboral,news,,project_date_missing
es:1278,es,news,1278,Secretaría de Energía impone límites al desarrollo de energías renovables y abre la posibilidad de interponer mecanismos de defensa,https://www.vonwobeser.com/index.php/publicacion?p_id=1278,https://www.vonwobeser.com/index.php/publicaciones/noticias?start=290,"Mayo, 2020",2020-05,month,200,correcto,https://www.vonwobeser.com/index.php/publicacion?p_id=1278,,1,legacy_id,1278,,bcd91d62-456e-420c-9265-575d0c9817e3,secretaria-de-energia-impone-limites-al-desarrollo-de-energias-renovables-y-abre,news,,project_date_missing
es:1276,es,news,1276,"Se aclara el reinicio de las actividades esenciales consistentes en la fabricación de equipo de transporte, la minería y la construcción",https://www.vonwobeser.com/index.php/publicacion?p_id=1276,https://www.vonwobeser.com/index.php/publicaciones/noticias?start=290,"Mayo, 2020",2020-05,month,200,correcto,https://www.vonwobeser.com/index.php/publicacion?p_id=1276,,1,legacy_id,1276,,05b97bf3-2461-479f-bded-5f7dd5e5a280,se-aclara-el-reinicio-de-las-actividades-esenciales-consistentes-en-la-fabricaci,news,,project_date_missing
es:1274,es,news,1274,Criterio normativo sobre la retención del 6% de Impuesto al Valor Agregado tratándose de ciertos servicios,https://www.vonwobeser.com/index.php/publicacion?p_id=1274,https://www.vonwobeser.com/index.php/publicaciones/noticias?start=290,"Mayo, 2020",2020-05,month,200,correcto,https://www.vonwobeser.com/index.php/publicacion?p_id=1274,,1,legacy_id,1274,,ec0589a8-bff6-475a-afff-88e5d6d95e0a,criterio-normativo-sobre-la-retencion-del-6-de-impuesto-al-valor-agregado-tratan,news,,project_date_missing
es:1272,es,news,1272,"Se incluyen como actividades esenciales la fabricación de equipo de autotransporte, la minería y la construcción",https://www.vonwobeser.com/index.php/publicacion?p_id=1272,https://www.vonwobeser.com/index.php/publicaciones/noticias?start=290,"Mayo, 2020",2020-05,month,200,correcto,https://www.vonwobeser.com/index.php/publicacion?p_id=1272,,1,legacy_id,1272,,a821672c-8252-4410-9b61-d34bdac50528,se-incluyen-como-actividades-esenciales-la-fabricacion-de-equipo-de-autotranspor,news,,project_date_missing
es:1270,es,news,1270,Publicación de la Primera Resolución de Modificaciones a la Resolución Miscelánea Fiscal para 2020,https://www.vonwobeser.com/index.php/publicacion?p_id=1270,https://www.vonwobeser.com/index.php/publicaciones/noticias?start=290,"Mayo, 2020",2020-05,month,200,correcto,https://www.vonwobeser.com/index.php/publicacion?p_id=1270,,1,legacy_id,1270,,f28bbcde-9155-443a-a727-baadcb712ec2,publicacion-de-la-primera-resolucion-de-modificaciones-a-la-resolucion-miscelane,news,,project_date_missing
es:1268,es,news,1268,Uso del Arbitraje Comercial en Tiempos del COVID-19,https://www.vonwobeser.com/index.php/publicacion?p_id=1268,https://www.vonwobeser.com/index.php/publicaciones/noticias?start=300,"Mayo, 2020",2020-05,month,200,correcto,https://www.vonwobeser.com/index.php/publicacion?p_id=1268,,1,legacy_id,1268,,bf302934-8b93-458c-9a52-7be8e1ea3f7b,uso-del-arbitraje-comercial-en-tiempos-del-covid-19,news,,project_date_missing
es:1265,es,news,1265,"CENACE suspende pruebas preoperativas e impone límites a la transmisión de centrales eléctricas fotovoltaicas y eólicas, y abre la puerta a la promoción de medios de defensa de las empresas afectadas",https://www.vonwobeser.com/index.php/publicacion?p_id=1265,https://www.vonwobeser.com/index.php/publicaciones/noticias?start=300,"Mayo, 2020",2020-05,month,200,correcto,https://www.vonwobeser.com/index.php/publicacion?p_id=1265,,1,legacy_id,1265,,5dcec8ed-049b-4321-b076-3713a07b0648,cenace-suspende-pruebas-preoperativas-e-impone-limites-a-la-transmision-de-centrales-electricas-1265,news,2020-05-01,date_match
es:1264,es,news,1264,Suspensión de plazos y términos legales del Servicio de Administración Tributaria,https://www.vonwobeser.com/index.php/publicacion?p_id=1264,https://www.vonwobeser.com/index.php/publicaciones/noticias?start=300,"Mayo, 2020",2020-05,month,200,correcto,https://www.vonwobeser.com/index.php/publicacion?p_id=1264,,1,legacy_id,1264,,c25fe97a-6b94-4fa9-bba1-59bbeae3dc96,suspension-de-plazos-y-terminos-legales-del-servicio-de-administracion-tributari,news,,project_date_missing
es:1262,es,news,1262,"Actualización: Suspensión de términos y plazos de la Secretaría de Energía, la Comisión Reguladora de Energía y del Centro Nacional de Control de Energía",https://www.vonwobeser.com/index.php/publicacion?p_id=1262,https://www.vonwobeser.com/index.php/publicaciones/noticias?start=300,"Abril, 2020",2020-04,month,200,correcto,https://www.vonwobeser.com/index.php/publicacion?p_id=1262,,1,legacy_id,1262,,7c3bfaea-cff7-4c74-949c-b70567e9904b,actualizacion-suspension-de-terminos-y-plazos-de-la-secretaria-de-energia-la-com,news,,project_date_missing
es:1260,es,news,1260,Actualización: Segunda ampliación de la suspensión de términos y plazos de la Comisión Nacional de Hidrocarburos,https://www.vonwobeser.com/index.php/publicacion?p_id=1260,https://www.vonwobeser.com/index.php/publicaciones/noticias?start=300,"Mayo, 2020",2020-05,month,200,correcto,https://www.vonwobeser.com/index.php/publicacion?p_id=1260,,1,legacy_id,1260,,49a71b56-fed2-4349-b614-da7580451af0,actualizacion-segunda-ampliacion-de-la-suspension-de-terminos-y-plazos-de-la-com,news,,project_date_missing
es:1258,es,news,1258,Actualización: Suspensión de términos y plazos de la SEMARNAT y habilitación de días y horas hábiles para la ASEA,https://www.vonwobeser.com/index.php/publicacion?p_id=1258,https://www.vonwobeser.com/index.php/publicaciones/noticias?start=300,"Mayo, 2020",2020-05,month,200,correcto,https://www.vonwobeser.com/index.php/publicacion?p_id=1258,,1,legacy_id,1258,,fd6eba25-4273-4c1c-be66-398c3b29aaf1,actualizacion-suspension-de-terminos-y-plazos-de-la-semarnat-y-habilitacion-de-d,news,,project_date_missing
es:1256,es,news,1256,Criterios de calificación del COVID-19 como enfermedad de trabajo,https://www.vonwobeser.com/index.php/publicacion?p_id=1256,https://www.vonwobeser.com/index.php/publicaciones/noticias?start=300,"Mayo, 2020",2020-05,month,200,correcto,https://www.vonwobeser.com/index.php/publicacion?p_id=1256,,1,legacy_id,1256,,03b0289d-12ed-4fb1-9368-f6dab3291ac5,criterios-de-calificacion-del-covid-19-como-enfermedad-de-trabajo,news,,project_date_missing
es:1254,es,news,1254,Extensión en la suspensión de las actividades y plazos del Instituto Nacional del Derecho de Autor,https://www.vonwobeser.com/index.php/publicacion?p_id=1254,https://www.vonwobeser.com/index.php/publicaciones/noticias?start=300,"Mayo, 2020",2020-05,month,200,correcto,https://www.vonwobeser.com/index.php/publicacion?p_id=1254,,1,legacy_id,1254,,3856d6b4-9f50-4261-8c19-b64f7889990e,extension-en-la-suspension-de-las-actividades-y-plazos-del-instituto-nacional-de,news,,project_date_missing
es:1252,es,news,1252,¿Cómo sobrevivir al COVID-19? Guía para Consejeros y Directores de Empresas,https://www.vonwobeser.com/index.php/publicacion?p_id=1252,https://www.vonwobeser.com/index.php/publicaciones/noticias?start=310,"Abril, 2020",2020-04,month,200,correcto,https://www.vonwobeser.com/index.php/publicacion?p_id=1252,,1,legacy_id,1252,,c87a4001-66b9-48f6-94f1-07b7df775765,como-sobrevivir-al-covid-19-guia-para-consejeros-y-directores-de-empresas,news,,project_date_missing
es:1250,es,news,1250,El CJF considera “asunto urgente” a las medidas cautelares en concursos mercantiles,https://www.vonwobeser.com/index.php/publicacion?p_id=1250,https://www.vonwobeser.com/index.php/publicaciones/noticias?start=310,"Abril, 2020",2020-04,month,200,correcto,https://www.vonwobeser.com/index.php/publicacion?p_id=1250,,1,legacy_id,1250,,44aff1af-87d0-47ea-aba4-fe05e5029ae9,el-cjf-considera-asunto-urgente-a-las-medidas-cautelares-en-concursos-mercantiles-1250,news,2020-04-01,date_match
es:1248,es,news,1248,Tercera extensión en la suspensión de las actividades de la Comisión Federal de Competencia Económica y sus procedimientos,https://www.vonwobeser.com/index.php/publicacion?p_id=1248,https://www.vonwobeser.com/index.php/publicaciones/noticias?start=310,"Abril, 2020",2020-04,month,200,correcto,https://www.vonwobeser.com/index.php/publicacion?p_id=1248,,1,legacy_id,1248,,22ec1b51-2ccc-4cc7-a969-b0ab20d491c8,tercera-extension-en-la-suspension-de-las-actividades-de-la-comision-federal-de-,news,,project_date_missing
es:1246,es,news,1246,Medidas de Banco de México para fomentar la liquidez en el Mercado Financiero ante la pandemia de COVID-19,https://www.vonwobeser.com/index.php/publicacion?p_id=1246,https://www.vonwobeser.com/index.php/publicaciones/noticias?start=310,"Abril, 2020",2020-04,month,200,correcto,https://www.vonwobeser.com/index.php/publicacion?p_id=1246,,1,legacy_id,1246,,76782a4d-d30b-40ee-9072-c9a4bf0cf706,medidas-de-banco-de-mexico-para-fomentar-la-liquidez-en-el-mercado-financiero-an,news,,project_date_missing
es:1244,es,news,1244,El T-MEC entrará en vigor el 1º de julio de 2020,https://www.vonwobeser.com/index.php/publicacion?p_id=1244,https://www.vonwobeser.com/index.php/publicaciones/noticias?start=310,"Abril, 2020",2020-04,month,200,correcto,https://www.vonwobeser.com/index.php/publicacion?p_id=1244,,1,legacy_id,1244,,4a7aad5e-8f1f-4eb3-8fd3-5230a7e8ace1,el-t-mec-entrara-en-vigor-el-1-de-julio-de-2020,news,,project_date_missing
es:1242,es,news,1242,Inspecciones laborales y posibles alternativas desde la perspectiva laboral para hacer frente a la emergencia sanitaria generada por el virus SARS-CoV2 (COVID-19),https://www.vonwobeser.com/index.php/publicacion?p_id=1242,https://www.vonwobeser.com/index.php/publicaciones/noticias?start=310,"Abril, 2020",2020-04,month,200,correcto,https://www.vonwobeser.com/index.php/publicacion?p_id=1242,,1,legacy_id,1242,,7d68786e-fb1d-4161-b31b-60a90b5de0cf,inspecciones-laborales-y-posibles-alternativas-desde-la-perspectiva-laboral-para,news,,project_date_missing
es:1240,es,news,1240,Se modifica la aplicación de las acciones extraordinarias adoptadas contra el virus SARS-CoV2 (COVID-19),https://www.vonwobeser.com/index.php/publicacion?p_id=1240,https://www.vonwobeser.com/index.php/publicaciones/noticias?start=310,"Abril, 2020",2020-04,month,200,correcto,https://www.vonwobeser.com/index.php/publicacion?p_id=1240,,1,legacy_id,1240,,36a36d72-598a-498a-9061-cf448ddfebd2,se-modifica-la-aplicacion-de-las-acciones-extraordinarias-adoptadas-contra-el-vi,news,,project_date_missing
es:1238,es,news,1238,Decreto por el que se otorgan beneficios fiscales,https://www.vonwobeser.com/index.php/publicacion?p_id=1238,https://www.vonwobeser.com/index.php/publicaciones/noticias?start=310,"Abril, 2020",2020-04,month,200,correcto,https://www.vonwobeser.com/index.php/publicacion?p_id=1238,,1,legacy_id,1238,,03ab23c2-080d-4f1a-90d7-d67d07abeaab,decreto-por-el-que-se-otorgan-beneficios-fiscales,news,,project_date_missing
es:1236,es,news,1236,Nuevos acuerdos de extensión a la suspensión deplazos y actividades de diversas autoridades en materia de Propiedad Intelectual,https://www.vonwobeser.com/index.php/publicacion?p_id=1236,https://www.vonwobeser.com/index.php/publicaciones/noticias?start=310,"Abril, 2020",2020-04,month,200,correcto,https://www.vonwobeser.com/index.php/publicacion?p_id=1236,,1,legacy_id,1236,,8bca5c8f-95fc-4a6b-bd52-c71daef3e0a7,nuevos-acuerdos-de-extension-a-la-suspension-deplazos-y-actividades-de-diversas-,news,,project_date_missing
es:1234,es,news,1234,Actualización: Suspensión de términos y plazos para la Secretaría de Energía,https://www.vonwobeser.com/index.php/publicacion?p_id=1234,https://www.vonwobeser.com/index.php/publicaciones/noticias?start=320,"Abril, 2020",2020-04,month,200,correcto,https://www.vonwobeser.com/index.php/publicacion?p_id=1234,,1,legacy_id,1234,,4781bbce-4c65-4726-b1d1-225a8bcbd21f,actualizacion-suspension-de-terminos-y-plazos-para-la-secretaria-de-energia-2,news,,project_date_missing
es:1232,es,news,1232,Actualización: Ampliación de la suspensión de términos y plazos de la Comisión Nacional de Hidrocarburos,https://www.vonwobeser.com/index.php/publicacion?p_id=1232,https://www.vonwobeser.com/index.php/publicaciones/noticias?start=320,"Abril, 2020",2020-04,month,200,correcto,https://www.vonwobeser.com/index.php/publicacion?p_id=1232,,1,legacy_id,1232,,935324ce-93c5-48c3-b0d4-7109ec271212,actualizacion-ampliacion-de-la-suspension-de-terminos-y-plazos-de-la-comision-na,news,,project_date_missing
es:1230,es,news,1230,Se prorroga el plazo para la emisión de la legislación sobre Cannabis,https://www.vonwobeser.com/index.php/publicacion?p_id=1230,https://www.vonwobeser.com/index.php/publicaciones/noticias?start=310,"Abril, 2020",2020-04,month,200,correcto,https://www.vonwobeser.com/index.php/publicacion?p_id=1230,,1,legacy_id,1230,,34e21337-b649-46ae-8b48-8164540af6c1,se-prorroga-el-plazo-para-la-emision-de-la-legislacion-sobre-cannabis,news,,project_date_missing
es:1228,es,news,1228,"Actualización: Suspensión de términos y plazos, así como habilitación de días y horas hábiles para la Secretaría de Medio Ambiente y Recursos Naturales",https://www.vonwobeser.com/index.php/publicacion?p_id=1228,https://www.vonwobeser.com/index.php/publicaciones/noticias?start=320,"Abril, 2020",2020-04,month,200,correcto,https://www.vonwobeser.com/index.php/publicacion?p_id=1228,,1,legacy_id,1228,,be6c8d99-5b43-48bb-8117-1df94a0e5e6c,actualizacion-suspension-de-terminos-y-plazos-asi-como-habilitacion-de-dias-y-ho,news,,project_date_missing
es:1226,es,news,1226,El impacto de COVID-19 en arrendamientos,https://www.vonwobeser.com/index.php/publicacion?p_id=1226,https://www.vonwobeser.com/index.php/publicaciones/noticias?start=320,"Abril, 2020",2020-04,month,200,correcto,https://www.vonwobeser.com/index.php/publicacion?p_id=1226,,1,legacy_id,1226,,c1974f18-a3e6-4dba-8baa-c135ab7abe34,el-impacto-de-covid-19-en-arrendamientos,news,,project_date_missing
es:1224,es,news,1224,Extensión en la suspensión de las actividades de la Comisión Federal de Competencia Económica y sus procedimientos,https://www.vonwobeser.com/index.php/publicacion?p_id=1224,https://www.vonwobeser.com/index.php/publicaciones/noticias?start=320,"Abril, 2020",2020-04,month,200,correcto,https://www.vonwobeser.com/index.php/publicacion?p_id=1224,,1,legacy_id,1224,,2bba216e-07c5-4425-8afd-8b9a9da2cc33,extension-en-la-suspension-de-las-actividades-de-la-comision-federal-de-competen,news,,project_date_missing
es:1222,es,news,1222,Difusión por parte del Instituto Mexicano del Seguro Social de los instrumentos legales y administrativos disponibles para facilitar el pago de cuotas obrero-patronales,https://www.vonwobeser.com/index.php/publicacion?p_id=1222,https://www.vonwobeser.com/index.php/publicaciones/noticias?start=320,"Abril, 2020",2020-04,month,200,correcto,https://www.vonwobeser.com/index.php/publicacion?p_id=1222,,1,legacy_id,1222,,311569c7-925a-436b-adf9-31c1cc2649ee,difusion-por-parte-del-instituto-mexicano-del-seguro-social-de-los-instrumentos-,news,,project_date_missing
es:1220,es,news,1220,Análisis de las facilidades administrativas y estímulos fiscales otorgados por diversos Estados de la República,https://www.vonwobeser.com/index.php/publicacion?p_id=1220,https://www.vonwobeser.com/index.php/publicaciones/noticias?start=320,"Abril, 2020",2020-04,month,200,correcto,https://www.vonwobeser.com/index.php/publicacion?p_id=1220,,1,legacy_id,1220,,61121da7-260a-477c-9671-817be10ff0fa,analisis-de-las-facilidades-administrativas-y-estimulos-fiscales-otorgados-por-d,news,,project_date_missing
es:1217,es,news,1217,Apoyos económicos y/o estímulos fiscales federales y estatales frente a COVID-19,https://www.vonwobeser.com/index.php/publicacion?p_id=1217,https://www.vonwobeser.com/index.php/publicaciones/noticias?start=320,"Abril, 2020",2020-04,month,200,correcto,https://www.vonwobeser.com/index.php/publicacion?p_id=1217,,1,legacy_id,1217,,1fad1958-b223-4052-a518-e4ead2cd02f5,apoyos-economicos-y-o-estimulos-fiscales-federales-y-estatales-frente-a-covid-19,news,,project_date_missing
es:1214,es,news,1214,Guía de Orientación Jurídica por Afectaciones Derivadas del COVID-19.,https://www.vonwobeser.com/index.php/publicacion?p_id=1214,https://www.vonwobeser.com/index.php/publicaciones/noticias?start=320,"Abril, 2020",2020-04,month,200,correcto,https://www.vonwobeser.com/index.php/publicacion?p_id=1214,,1,legacy_id,1214,,30f1cbcc-9eda-4817-934e-1106a5c4cb31,guia-de-orientacion-juridica-por-afectaciones-derivadas-del-covid-19,news,,project_date_missing
es:1213,es,news,1213,Suspensión otorgada en un juicio de amparo en relación con las facultades del Ejecutivo Federal contempladas por el artículo 39 del Código Fiscal de la Federación,https://www.vonwobeser.com/index.php/publicacion?p_id=1213,https://www.vonwobeser.com/index.php/publicaciones/noticias?start=330,"Abril, 2020",2020-04,month,200,correcto,https://www.vonwobeser.com/index.php/publicacion?p_id=1213,,1,legacy_id,1213,,2dbbb656-502b-4840-9e7c-1d12ebb37182,suspension-otorgada-en-un-juicio-de-amparo-en-relacion-con-las-facultades-del-ej,news,,project_date_missing
es:1211,es,news,1211,Se identifican actividades esenciales reguladas y supervisadas por la Secretaria de Comunicaciones y Transportes,https://www.vonwobeser.com/index.php/publicacion?p_id=1211,https://www.vonwobeser.com/index.php/publicaciones/noticias?start=330,"Abril, 2020",2020-04,month,200,correcto,https://www.vonwobeser.com/index.php/publicacion?p_id=1211,,1,legacy_id,1211,,b607704e-0a9b-41cc-8a6f-66ae0cf626ae,se-identifican-actividades-esenciales-reguladas-y-supervisadas-por-la-secretaria,news,,project_date_missing
es:1209,es,news,1209,Se habilitan días y horas para trámites y procedimientos de la Secretaría de Medio Ambiente y Recursos Naturales,https://www.vonwobeser.com/index.php/publicacion?p_id=1209,https://www.vonwobeser.com/index.php/publicaciones/noticias?start=330,"Abril, 2020",2020-04,month,200,correcto,https://www.vonwobeser.com/index.php/publicacion?p_id=1209,,1,legacy_id,1209,,668c085f-ea36-4c31-b872-3cacc69cdd8e,se-habilitan-dias-y-horas-para-tramites-y-procedimientos-de-la-secretaria-de-med,news,,project_date_missing
es:1207,es,news,1207,Criterios aplicables para el desarrollo de inspecciones laborales extraordinarias durante la contingencia provocada por la presencia del virus COVID-19,https://www.vonwobeser.com/index.php/publicacion?p_id=1207,https://www.vonwobeser.com/index.php/publicaciones/noticias?start=330,"Abril, 2020",2020-04,month,200,correcto,https://www.vonwobeser.com/index.php/publicacion?p_id=1207,,1,legacy_id,1207,,32c1b407-48d8-4102-a78a-3f7d712b5c84,criterios-aplicables-para-el-desarrollo-de-inspecciones-laborales-extraordinaria,news,,project_date_missing
es:1205,es,news,1205,Actualización: Suspensión de términos y plazos de la Comisión Reguladora de Energía,https://www.vonwobeser.com/index.php/publicacion?p_id=1205,https://www.vonwobeser.com/index.php/publicaciones/noticias?start=330,"Abril, 2020",2020-04,month,200,correcto,https://www.vonwobeser.com/index.php/publicacion?p_id=1205,,1,legacy_id,1205,,c540444c-565d-4cd3-84dd-cdc25aa475bb,actualizacion-suspension-de-terminos-y-plazos-de-la-comision-reguladora-de-energia-1205,news,2020-04-01,date_match
es:1203,es,news,1203,Se precisa el alcance de ciertas actividades no sujetas a suspensión,https://www.vonwobeser.com/index.php/publicacion?p_id=1203,https://www.vonwobeser.com/index.php/publicaciones/noticias?start=330,"Abril, 2020",2020-04,month,200,correcto,https://www.vonwobeser.com/index.php/publicacion?p_id=1203,,1,legacy_id,1203,,07021e04-d833-4511-97d7-60df3377d3c6,se-precisa-el-alcance-de-ciertas-actividades-no-sujetas-a-suspension,news,,project_date_missing
es:1201,es,news,1201,Reestructuras en época de COVID-19,https://www.vonwobeser.com/index.php/publicacion?p_id=1201,https://www.vonwobeser.com/index.php/publicaciones/noticias?start=330,"Abril, 2020",2020-04,month,200,correcto,https://www.vonwobeser.com/index.php/publicacion?p_id=1201,,1,legacy_id,1201,,d5118556-14c8-4e44-aeea-c36d29cf77ec,reestructuras-en-epoca-de-covid-19,news,,project_date_missing
es:1199,es,news,1199,"Se facilita al sector público la adquisición e importación de medicamentos, equipos e insumos médicos, necesarios para combatir la enfermedad COVID-19",https://www.vonwobeser.com/index.php/publicacion?p_id=1199,https://www.vonwobeser.com/index.php/publicaciones/noticias?start=330,"Abril, 2020",2020-04,month,200,correcto,https://www.vonwobeser.com/index.php/publicacion?p_id=1199,,1,legacy_id,1199,,860582e7-e171-4591-87cf-cdbdb211e3b1,se-facilita-al-sector-publico-la-adquisicion-e-importacion-de-medicamentos-equip,news,,project_date_missing
es:1197,es,news,1197,AB InBev reitera su apuesta por la energía renovable en México,https://www.vonwobeser.com/index.php/publicacion?p_id=1197,https://www.vonwobeser.com/index.php/publicaciones/noticias?start=370,"Diciembre, 2019",2019-12,month,200,correcto,https://www.vonwobeser.com/index.php/publicacion?p_id=1197,,1,legacy_id,1197,,a2f62cbc-24a7-4e58-96a4-b3d4ded3e828,ab-inbev-reitera-su-apuesta-por-la-energia-renovable-en-mexico-1197,news,2019-12-01,date_match
es:1196,es,news,1196,Santander desarrolla una estrategia de pagos en México,https://www.vonwobeser.com/index.php/publicacion?p_id=1196,https://www.vonwobeser.com/index.php/publicaciones/noticias?start=340,"Marzo, 2020",2020-03,month,200,correcto,https://www.vonwobeser.com/index.php/publicacion?p_id=1196,,1,legacy_id,1196,,78466f6a-166b-4507-a1a4-1502f649ae8a,santander-desarrolla-una-estrategia-de-pagos-en-mexico-1196,news,2020-03-01,date_match
es:1195,es,news,1195,Suspensión de términos y plazos para el Centro Nacional de Control de Energía,https://www.vonwobeser.com/index.php/publicacion?p_id=1195,https://www.vonwobeser.com/index.php/publicaciones/noticias?start=330,"Abril, 2020",2020-04,month,200,correcto,https://www.vonwobeser.com/index.php/publicacion?p_id=1195,,1,legacy_id,1195,,5d3188b2-26d1-4ec1-8674-700f68818a1b,suspension-de-terminos-y-plazos-para-el-centro-nacional-de-control-de-energia,news,,project_date_missing
es:1193,es,news,1193,La Secretaría de Salud adopta medidas extraordinarias adicionales para hacer frente a la enfermedad del COVID-19,https://www.vonwobeser.com/index.php/publicacion?p_id=1193,https://www.vonwobeser.com/index.php/publicaciones/noticias?start=330,"Abril, 2020",2020-04,month,200,correcto,https://www.vonwobeser.com/index.php/publicacion?p_id=1193,,1,legacy_id,1193,,d58f7820-7be7-45ac-91c4-6ac7c8f7bba1,la-secretaria-de-salud-adopta-medidas-extraordinarias-adicionales-para-hacer-fre,news,,project_date_missing
es:1191,es,news,1191,Impacto regulatorio en alimentos y bebidas,https://www.vonwobeser.com/index.php/publicacion?p_id=1191,https://www.vonwobeser.com/index.php/publicaciones/noticias?start=340,"Abril, 2020",2020-04,month,200,correcto,https://www.vonwobeser.com/index.php/publicacion?p_id=1191,,1,legacy_id,1191,,e8c86833-c00a-407f-b961-405819acbdf7,impacto-regulatorio-en-alimentos-y-bebidas,news,,project_date_missing
es:1189,es,news,1189,El IMPI emitió un nuevo acuerdo por medio del cual suspendió actividades,https://www.vonwobeser.com/index.php/publicacion?p_id=1189,https://www.vonwobeser.com/index.php/publicaciones/noticias?start=340,"Abril, 2020",2020-04,month,200,correcto,https://www.vonwobeser.com/index.php/publicacion?p_id=1189,,1,legacy_id,1189,,68c9cb6d-74ea-4dc5-889a-9a5ce4592dfb,el-impi-emitio-un-nuevo-acuerdo-por-medio-del-cual-suspendio-actividades,news,,project_date_missing
es:1187,es,news,1187,Se adoptan medidas extraordinarias adicionales para hacer frente a la enfermedad del COVID-19,https://www.vonwobeser.com/index.php/publicacion?p_id=1187,https://www.vonwobeser.com/index.php/publicaciones/noticias?start=340,"Marzo, 2020",2020-03,month,200,correcto,https://www.vonwobeser.com/index.php/publicacion?p_id=1187,,1,legacy_id,1187,,50d57813-82f8-4bfc-8178-8260efab778a,se-adoptan-medidas-extraordinarias-adicionales-para-hacer-frente-a-la-enfermedad,news,,project_date_missing
es:1185,es,news,1185,Nueva NOM de Etiquetado de alimentos y bebidas no alcohólicas (NOM-051-SCFI/SSA1-2010),https://www.vonwobeser.com/index.php/publicacion?p_id=1185,https://www.vonwobeser.com/index.php/publicaciones/noticias?start=340,"Marzo, 2020",2020-03,month,200,correcto,https://www.vonwobeser.com/index.php/publicacion?p_id=1185,,1,legacy_id,1185,,e19aa4bf-8bc7-4e9d-9bfb-2908d2f19a4c,nueva-nom-de-etiquetado-de-alimentos-y-bebidas-no-alcoholicas-nom-051-scfi-ssa1-,news,,project_date_missing
es:1183,es,news,1183,Medidas para mantener la operación de los trámites de Comercio Exterior,https://www.vonwobeser.com/index.php/publicacion?p_id=1183,https://www.vonwobeser.com/index.php/publicaciones/noticias?start=340,"Marzo, 2020",2020-03,month,200,correcto,https://www.vonwobeser.com/index.php/publicacion?p_id=1183,,1,legacy_id,1183,,2726c2a1-6560-43fd-bef2-96544f3f6bb0,medidas-para-mantener-la-operacion-de-los-tramites-de-comercio-exterior,news,,project_date_missing
es:1181,es,news,1181,Actualización: Suspensión de términos y plazos para la Secretaría de Energía,https://www.vonwobeser.com/index.php/publicacion?p_id=1181,https://www.vonwobeser.com/index.php/publicaciones/noticias?start=340,"Marzo, 2020",2020-03,month,200,correcto,https://www.vonwobeser.com/index.php/publicacion?p_id=1181,,1,legacy_id,1181,,c6094d27-ee37-493c-af9c-f9dce5d160dd,actualizacion-suspension-de-terminos-y-plazos-para-la-secretaria-de-energia,news,,project_date_missing
es:1179,es,news,1179,Suspensión de términos y plazos para autoridades federales del sector energético y ambiental,https://www.vonwobeser.com/index.php/publicacion?p_id=1179,https://www.vonwobeser.com/index.php/publicaciones/noticias?start=340,"Marzo, 2020",2020-03,month,200,correcto,https://www.vonwobeser.com/index.php/publicacion?p_id=1179,,1,legacy_id,1179,,5073aef9-cfb7-4c0c-95c4-587a2ff1f408,suspension-de-terminos-y-plazos-para-autoridades-federales-del-sector-energetico,news,,project_date_missing
es:1177,es,news,1177,La Secretaría de Salud anuncia medidas para hacer frente a contingencia COVID-19,https://www.vonwobeser.com/index.php/publicacion?p_id=1177,https://www.vonwobeser.com/index.php/publicaciones/noticias?start=350,"Marzo, 2020",2020-03,month,200,correcto,https://www.vonwobeser.com/index.php/publicacion?p_id=1177,,1,legacy_id,1177,,acb66f01-822b-4337-a71d-82bec3c19ce0,la-secretaria-de-salud-anuncia-medidas-para-hacer-frente-a-contingencia-covid-19,news,,project_date_missing
es:1175,es,news,1175,Acuerdo del IMPI del 23 de marzo de 2020,https://www.vonwobeser.com/index.php/publicacion?p_id=1175,https://www.vonwobeser.com/index.php/publicaciones/noticias?start=340,"Marzo, 2020",2020-03,month,200,correcto,https://www.vonwobeser.com/index.php/publicacion?p_id=1175,,1,legacy_id,1175,,36dcf821-e44e-4a75-ad16-60c6fedaf241,acuerdo-del-impi-del-23-de-marzo-de-2020,news,,project_date_missing
es:1173,es,news,1173,Declaratoria de la pandemia de COVID-19 como enfermedad grave y medidas previas de respuesta,https://www.vonwobeser.com/index.php/publicacion?p_id=1173,https://www.vonwobeser.com/index.php/publicaciones/noticias?start=350,"Marzo, 2020",2020-03,month,200,correcto,https://www.vonwobeser.com/index.php/publicacion?p_id=1173,,1,legacy_id,1173,,05b9ffda-0d56-47a6-a436-a0d1e4b76bfe,declaratoria-de-la-pandemia-de-covid-19-como-enfermedad-grave-y-medidas-previas-,news,,project_date_missing
es:1171,es,news,1171,"Impacto del COVID-19 en las empresas, el cumplimiento de contratos y otras obligaciones en México",https://www.vonwobeser.com/index.php/publicacion?p_id=1171,https://www.vonwobeser.com/index.php/publicaciones/noticias?start=350,"Marzo, 2020",2020-03,month,200,correcto,https://www.vonwobeser.com/index.php/publicacion?p_id=1171,,1,legacy_id,1171,,60be615a-16ec-48f2-96d9-1a0c246f0053,impacto-del-covid-19-en-las-empresas-el-cumplimiento-de-contratos-y-otras-obliga,news,,project_date_missing
es:1169,es,news,1169,Fe de erratas. Impacto del COVID-19 en las actividades de la Comisión Federal de Competencia Económica y sus procedimientos,https://www.vonwobeser.com/index.php/publicacion?p_id=1169,https://www.vonwobeser.com/index.php/publicaciones/noticias?start=350,"Marzo, 2020",2020-03,month,200,correcto,https://www.vonwobeser.com/index.php/publicacion?p_id=1169,,1,legacy_id,1169,,bc87d995-bc19-43ff-bb1d-c503c78f4d74,fe-de-erratas-impacto-del-covid-19-en-las-actividades-de-la-comision-federal-de-,news,,project_date_missing
es:1167,es,news,1167,Suspensión de términos y plazos para la Administración Pública de la Ciudad de México,https://www.vonwobeser.com/index.php/publicacion?p_id=1167,https://www.vonwobeser.com/index.php/publicaciones/noticias?start=350,"Marzo, 2020",2020-03,month,200,correcto,https://www.vonwobeser.com/index.php/publicacion?p_id=1167,,1,legacy_id,1167,,ed4e34ca-7a5d-4cb0-aaa2-925c6fac0262,suspension-de-terminos-y-plazos-para-la-administracion-publica-de-la-ciudad-de-m,news,,project_date_missing
es:1165,es,news,1165,COVID-19: Suspensión de términos procesales de autoridades mexicanas en materia de PI,https://www.vonwobeser.com/index.php/publicacion?p_id=1165,https://www.vonwobeser.com/index.php/publicaciones/noticias?start=350,"Marzo, 2020",2020-03,month,200,correcto,https://www.vonwobeser.com/index.php/publicacion?p_id=1165,,1,legacy_id,1165,,e88b82d9-708b-4706-a178-397e686307f6,covid-19-suspension-de-terminos-procesales-de-autoridades-mexicanas-en-materia-d,news,,project_date_missing
es:1163,es,news,1163,Impacto del COVID-19 en las actividades de la Comisión Federal de Competencia Económica y sus procedimientos,https://www.vonwobeser.com/index.php/publicacion?p_id=1163,https://www.vonwobeser.com/index.php/publicaciones/noticias?start=350,"Marzo, 2020",2020-03,month,200,correcto,https://www.vonwobeser.com/index.php/publicacion?p_id=1163,,1,legacy_id,1163,,a24e1d2a-2804-4e01-b964-3eb0f626b333,impacto-del-covid-19-en-las-actividades-de-la-comision-federal-de-competencia-ec,news,,project_date_missing
es:1161,es,news,1161,La entrada en vigor del T-MEC está cada vez más cerca,https://www.vonwobeser.com/index.php/publicacion?p_id=1161,https://www.vonwobeser.com/index.php/publicaciones/noticias?start=350,"Marzo, 2020",2020-03,month,200,correcto,https://www.vonwobeser.com/index.php/publicacion?p_id=1161,,1,legacy_id,1161,,eb3991a2-6a07-4690-a64f-77572cae01da,la-entrada-en-vigor-del-t-mec-esta-cada-vez-mas-cerca,news,,project_date_missing
es:1159,es,news,1159,Respuesta de VWyS ante el COVID-19,https://www.vonwobeser.com/index.php/publicacion?p_id=1159,https://www.vonwobeser.com/index.php/publicaciones/noticias?start=350,"Marzo, 2020",2020-03,month,200,correcto,https://www.vonwobeser.com/index.php/publicacion?p_id=1159,,1,legacy_id,1159,,55288b2d-47aa-4266-b5a9-5d17bad0dba9,respuesta-de-vwys-ante-el-covid-19,news,,project_date_missing
es:1156,es,news,1156,Nota sobre las Disposiciones Regulatorias del Programa de Inmunidad y Reducción de Sanciones,https://www.vonwobeser.com/index.php/publicacion?p_id=1156,https://www.vonwobeser.com/index.php/publicaciones/noticias?start=350,"Marzo, 2020",2020-03,month,200,correcto,https://www.vonwobeser.com/index.php/publicacion?p_id=1156,,1,legacy_id,1156,,67630adc-719c-4f86-b3a6-816f90948dfc,nota-sobre-las-disposiciones-regulatorias-del-programa-de-inmunidad-y-reduccion-,news,,project_date_missing
es:1155,es,news,1155,Posibles implicaciones en materia laboral relacionadas con el COVID-19,https://www.vonwobeser.com/index.php/publicacion?p_id=1155,https://www.vonwobeser.com/index.php/publicaciones/noticias?start=360,"Marzo, 2020",2020-03,month,200,correcto,https://www.vonwobeser.com/index.php/publicacion?p_id=1155,,1,legacy_id,1155,,3eb01746-cd8b-4f5d-bfce-94d6e50adb44,posibles-implicaciones-en-materia-laboral-relacionadas-con-el-covid-19,news,,project_date_missing
es:1153,es,news,1153,"Von Wobeser y Sierra, S.C. anuncia dos nuevos Socios y una nueva Consejera",https://www.vonwobeser.com/index.php/publicacion?p_id=1153,https://www.vonwobeser.com/index.php/publicaciones/noticias?start=360,"Febrero, 2020",2020-02,month,200,correcto,https://www.vonwobeser.com/index.php/publicacion?p_id=1153,,1,legacy_id,1153,,76259ab4-759d-483d-a5fd-a1fe7db8240e,von-wobeser-y-sierra-s-c-anuncia-dos-nuevos-socios-y-una-nueva-consejera,news,,project_date_missing
es:1149,es,news,1149,"Von Wobeser y Sierra, S.C. es galardonada con el premio “Leading Lights 2019”",https://www.vonwobeser.com/index.php/publicacion?p_id=1149,https://www.vonwobeser.com/index.php/publicaciones/noticias?start=360,"Febrero, 2020",2020-02,month,200,correcto,https://www.vonwobeser.com/index.php/publicacion?p_id=1149,,1,legacy_id,1149,,4481196f-b86b-4935-b5c4-5c8de2a827df,von-wobeser-y-sierra-s-c-es-galardonada-con-el-premio-leading-lights-2019,news,,project_date_missing
es:1147,es,news,1147,Modificación propuesta a los términos para solicitar la modificación de permisos de generación de energía eléctrica,https://www.vonwobeser.com/index.php/publicacion?p_id=1147,https://www.vonwobeser.com/index.php/publicaciones/noticias?start=360,"Febrero, 2020",2020-02,month,200,correcto,https://www.vonwobeser.com/index.php/publicacion?p_id=1147,,1,legacy_id,1147,,400b28b8-31d9-4e3d-b562-3500928f9294,modificacion-propuesta-a-los-terminos-para-solicitar-la-modificacion-de-permisos,news,,project_date_missing
es:1143,es,news,1143,La Secretaría de Energía actualiza la Estrategia de Transición para promover el uso de tecnologías y combustibles más limpios,https://www.vonwobeser.com/index.php/publicacion?p_id=1143,https://www.vonwobeser.com/index.php/publicaciones/noticias?start=360,"Febrero, 2020",2020-02,month,200,correcto,https://www.vonwobeser.com/index.php/publicacion?p_id=1143,,1,legacy_id,1143,,2d432cde-0720-43cf-a095-ef8185b63d20,la-secretaria-de-energia-actualiza-la-estrategia-de-transicion-para-promover-el-,news,,project_date_missing
es:1140,es,news,1140,Senado de los Estados Unidos de América ratifica TMEC,https://www.vonwobeser.com/index.php/publicacion?p_id=1140,https://www.vonwobeser.com/index.php/publicaciones/noticias?start=360,"Febrero, 2020",2020-02,month,200,correcto,https://www.vonwobeser.com/index.php/publicacion?p_id=1140,,1,legacy_id,1140,,38e45177-c1d4-489c-8a53-76832cdfdf60,senado-de-los-estados-unidos-de-america-ratifica-tmec,news,,project_date_missing
es:1139,es,news,1139,Valores de la Unidad de Medida y Actualización (UMA) vigentes a partir del 1o de febrero de 2020,https://www.vonwobeser.com/index.php/publicacion?p_id=1139,https://www.vonwobeser.com/index.php/publicaciones/noticias?start=360,"Enero, 2020",2020-01,month,200,correcto,https://www.vonwobeser.com/index.php/publicacion?p_id=1139,,1,legacy_id,1139,,6f7f723e-e1ef-4cc5-862c-802a4f7d188f,valores-de-la-unidad-de-medida-y-actualizacion-uma-vigentes-a-partir-del-1o-de-f,news,,project_date_missing
es:1137,es,news,1137,Centro Federal de Conciliación y Registro Laboral,https://www.vonwobeser.com/index.php/publicacion?p_id=1137,https://www.vonwobeser.com/index.php/publicaciones/noticias?start=360,"Enero, 2020",2020-01,month,200,correcto,https://www.vonwobeser.com/index.php/publicacion?p_id=1137,,1,legacy_id,1137,,aa6e9131-80cd-4cf6-b32e-98412c764a30,centro-federal-de-conciliacion-y-registro-laboral,news,,project_date_missing
es:1134,es,news,1134,Modificaciones a disposiciones fiscales para 2020,https://www.vonwobeser.com/index.php/publicacion?p_id=1134,https://www.vonwobeser.com/index.php/publicaciones/noticias?start=360,"Enero, 2020",2020-01,month,200,correcto,https://www.vonwobeser.com/index.php/publicacion?p_id=1134,,1,legacy_id,1134,,51b4e23b-a82c-439f-a07f-178d963f95e4,modificaciones-a-disposiciones-fiscales-para-2020-2,news,,project_date_missing
es:1133,es,news,1133,Diego Sierra - GRR - Restructuring of the Americas 2020 - México,https://www.vonwobeser.com/index.php/publicacion?p_id=1133,https://www.vonwobeser.com/index.php/publicaciones/noticias?start=360,"Enero, 2020",2020-01,month,200,correcto,https://www.vonwobeser.com/index.php/publicacion?p_id=1133,,1,legacy_id,1133,,ac5c7c52-6fa1-43a5-b7f3-6b35a59e6a30,diego-sierra-grr-restructuring-of-the-americas-2020-mexico-2,news,,project_date_missing
es:1131,es,news,1131,Adrián Magallanes & Diego Sierra - Latin Lawyer Reference Litigation 2020 - México,https://www.vonwobeser.com/index.php/publicacion?p_id=1131,https://www.vonwobeser.com/index.php/publicaciones/noticias?start=370,"Diciembre, 2019",2019-12,month,200,correcto,https://www.vonwobeser.com/index.php/publicacion?p_id=1131,,1,legacy_id,1131,,fd4183b6-5918-4b7f-a5cb-6271246312b3,adrian-magallanes-diego-sierra-latin-lawyer-reference-litigation-2020-mexico-2,news,,project_date_missing
es:1129,es,news,1129,Nuevo salario mínimo a partir del 1° de enero de 2020,https://www.vonwobeser.com/index.php/publicacion?p_id=1129,https://www.vonwobeser.com/index.php/publicaciones/noticias?start=370,"Diciembre, 2019",2019-12,month,200,correcto,https://www.vonwobeser.com/index.php/publicacion?p_id=1129,,1,legacy_id,1129,,a76eed01-2254-4b6a-b9e0-ac8cbf62e22b,nuevo-salario-minimo-a-partir-del-1-de-enero-de-2020,news,,project_date_missing
es:1127,es,news,1127,Mecanismo laboral de solución de controversias incluido en el T-MEC/USMCA,https://www.vonwobeser.com/index.php/publicacion?p_id=1127,https://www.vonwobeser.com/index.php/publicaciones/noticias?start=370,"Diciembre, 2019",2019-12,month,200,correcto,https://www.vonwobeser.com/index.php/publicacion?p_id=1127,,1,legacy_id,1127,,0c1868f1-2170-4f5b-a9ab-d1ef9144c705,mecanismo-laboral-de-solucion-de-controversias-incluido-en-el-t-mec-usmca,news,,project_date_missing
es:1125,es,news,1125,Modificaciones al T-MEC,https://www.vonwobeser.com/index.php/publicacion?p_id=1125,https://www.vonwobeser.com/index.php/publicaciones/noticias?start=370,"Diciembre, 2019",2019-12,month,200,correcto,https://www.vonwobeser.com/index.php/publicacion?p_id=1125,,1,legacy_id,1125,,fcb36660-3e8d-4437-b121-e40f752dba4b,modificaciones-al-t-mec,news,,project_date_missing
es:1123,es,news,1123,Modificaciones a disposiciones fiscales para 2020,https://www.vonwobeser.com/index.php/publicacion?p_id=1123,https://www.vonwobeser.com/index.php/publicaciones/noticias?start=370,"Diciembre, 2019",2019-12,month,200,correcto,https://www.vonwobeser.com/index.php/publicacion?p_id=1123,,1,legacy_id,1123,,c00799a2-c597-4362-9e51-50a42c01d97a,modificaciones-a-disposiciones-fiscales-para-2020,news,,project_date_missing
es:1121,es,news,1121,Modificaciones a las Reglas de Comercio Exterior emitidas por la Secretaría de Economía,https://www.vonwobeser.com/index.php/publicacion?p_id=1121,https://www.vonwobeser.com/index.php/publicaciones/noticias?start=370,"Diciembre, 2019",2019-12,month,200,correcto,https://www.vonwobeser.com/index.php/publicacion?p_id=1121,,1,legacy_id,1121,,c224f611-d6b1-4832-96e9-a481294cd5e6,modificaciones-a-las-reglas-de-comercio-exterior-emitidas-por-la-secretaria-de-e,news,,project_date_missing
es:1119,es,news,1119,Aprobación por el Congreso de la Unión del Paquete Económico 2020,https://www.vonwobeser.com/index.php/publicacion?p_id=1119,https://www.vonwobeser.com/index.php/publicaciones/noticias?start=370,"Noviembre, 2019",2019-11,month,200,correcto,https://www.vonwobeser.com/index.php/publicacion?p_id=1119,,1,legacy_id,1119,,6f1e29f9-be2a-4127-a23e-eb3a550caf93,aprobacion-por-el-congreso-de-la-union-del-paquete-economico-2020,news,,project_date_missing
es:1117,es,news,1117,La Secretaría de Energía modifica los lineamientos y criterios para el otorgamiento de certificados de energías limpias,https://www.vonwobeser.com/index.php/publicacion?p_id=1117,https://www.vonwobeser.com/index.php/publicaciones/noticias?start=370,"Octubre, 2019",2019-10,month,200,correcto,https://www.vonwobeser.com/index.php/publicacion?p_id=1117,,1,legacy_id,1117,,ff4f5935-2df7-4081-95ca-3df10c892f6a,la-secretaria-de-energia-modifica-los-lineamientos-y-criterios-para-el-otorgamie,news,,project_date_missing
es:1114,es,news,1114,"NOM-035-STPS-2018, factores de riesgo psicosocial en el trabajo; identificación, análisis y prevención",https://www.vonwobeser.com/index.php/publicacion?p_id=1114,https://www.vonwobeser.com/index.php/publicaciones/noticias?start=370,"Octubre, 2019",2019-10,month,200,correcto,https://www.vonwobeser.com/index.php/publicacion?p_id=1114,,1,legacy_id,1114,,cf18e8b7-9d23-4d2a-82f0-4767698d8eca,nom-035-stps-2018-factores-de-riesgo-psicosocial-en-el-trabajo-identificacion-an,news,,project_date_missing
es:1112,es,news,1112,Nuevo etiquetado frontal de alimentos,https://www.vonwobeser.com/index.php/publicacion?p_id=1112,https://www.vonwobeser.com/index.php/publicaciones/noticias?start=380,"Octubre, 2019",2019-10,month,200,correcto,https://www.vonwobeser.com/index.php/publicacion?p_id=1112,,1,legacy_id,1112,,1dad8960-a1a2-4d41-9dce-726608cbb3a8,nuevo-etiquetado-frontal-de-alimentos,news,,project_date_missing
es:1111,es,news,1111,Cobro Digital (CoDi),https://www.vonwobeser.com/index.php/publicacion?p_id=1111,https://www.vonwobeser.com/index.php/publicaciones/noticias?start=380,"Septiembre, 2019",2019-09,month,200,correcto,https://www.vonwobeser.com/index.php/publicacion?p_id=1111,,1,legacy_id,1111,,4d16eac8-2dc5-4a87-b1df-fdee01885f88,cobro-digital-codi,news,,project_date_missing
es:1109,es,news,1109,"PEP emite, para consulta pública, el Contrato de Servicios Integrales de Exploración y Extracción",https://www.vonwobeser.com/index.php/publicacion?p_id=1109,https://www.vonwobeser.com/index.php/publicaciones/noticias?start=380,"Agosto, 2019",2019-08,month,200,correcto,https://www.vonwobeser.com/index.php/publicacion?p_id=1109,,1,legacy_id,1109,,591e14b1-4b79-40d4-977a-95cd528e6fe1,pep-emite-para-consulta-publica-el-contrato-de-servicios-integrales-de-exploraci,news,,project_date_missing
es:1107,es,news,1107,Primera Resolución de Modificaciones a la Resolución Miscelánea Fiscal para 2019 y sus Anexos 1 y 1-A,https://www.vonwobeser.com/index.php/publicacion?p_id=1107,https://www.vonwobeser.com/index.php/publicaciones/noticias?start=380,"Agosto, 2019",2019-08,month,200,correcto,https://www.vonwobeser.com/index.php/publicacion?p_id=1107,,1,legacy_id,1107,,0a41e881-b7d8-4fb9-8e1d-3db54d1ee8cc,primera-resolucion-de-modificaciones-a-la-resolucion-miscelanea-fiscal-para-2019,news,,project_date_missing
es:1105,es,news,1105,Ley Nacional de Extinción de Dominio,https://www.vonwobeser.com/index.php/publicacion?p_id=1105,https://www.vonwobeser.com/index.php/publicaciones/noticias?start=380,"Agosto, 2019",2019-08,month,200,correcto,https://www.vonwobeser.com/index.php/publicacion?p_id=1105,,1,legacy_id,1105,,6b88e4f5-9624-4d27-a979-4e9bf0640be5,ley-nacional-de-extincion-de-dominio,news,,project_date_missing
es:1103,es,news,1103,Protocolo para la Legitimación de Contratos Colectivos de Trabajo,https://www.vonwobeser.com/index.php/publicacion?p_id=1103,https://www.vonwobeser.com/index.php/publicaciones/noticias?start=380,"Agosto, 2019",2019-08,month,200,correcto,https://www.vonwobeser.com/index.php/publicacion?p_id=1103,,1,legacy_id,1103,,71d3c474-99db-4bf1-a4a4-3d25346cf5de,protocolo-para-la-legitimacion-de-contratos-colectivos-de-trabajo,news,,project_date_missing
es:1100,es,news,1100,"Disposiciones de Carácter General en Transparencia y Sanas Prácticas, emitidas por la CONDUSEF, aplicables a las ITF",https://www.vonwobeser.com/index.php/publicacion?p_id=1100,https://www.vonwobeser.com/index.php/publicaciones/noticias?start=380,"Julio, 2019",2019-07,month,200,correcto,https://www.vonwobeser.com/index.php/publicacion?p_id=1100,,0,,,1101,,,,,project_missing
es:1098,es,news,1098,"Reforma a la Ley Federal del Trabajo y del Seguro Social, en materia de trabajadores del hogar",https://www.vonwobeser.com/index.php/publicacion?p_id=1098,https://www.vonwobeser.com/index.php/publicaciones/noticias?start=380,"Julio, 2019",2019-07,month,200,correcto,https://www.vonwobeser.com/index.php/publicacion?p_id=1098,,0,,,1099,,,,,project_missing
es:1096,es,news,1096,Reforma en relación al otorgamiento de licencias para padres cuyos hijos hayan sido diagnosticados con cáncer,https://www.vonwobeser.com/index.php/publicacion?p_id=1096,https://www.vonwobeser.com/index.php/publicaciones/noticias?start=380,"Junio, 2019",2019-06,month,200,correcto,https://www.vonwobeser.com/index.php/publicacion?p_id=1096,,0,,,1097,,,,,project_missing
es:1095,es,news,1095,Latin Lawyer- Entendiendo al Peje: lo que los abogados esperan de la presidencia de AMLO,https://www.vonwobeser.com/index.php/publicacion?p_id=1095,https://www.vonwobeser.com/index.php/publicaciones/noticias?start=380,"Mayo, 2019",2019-05,month,200,correcto,https://www.vonwobeser.com/index.php/publicacion?p_id=1095,,1,legacy_id,1095,,9579dee0-bfb9-47bf-8389-ba2db760f1f5,latin-lawyer-entendiendo-al-peje-lo-que-los-abogados-esperan-de-la-presidencia-de-amlo-1095,news,2019-05-01,date_match
es:1090,es,news,1090,Aprobación de la Reforma Laboral en México,https://www.vonwobeser.com/index.php/publicacion?p_id=1090,https://www.vonwobeser.com/index.php/publicaciones/noticias?start=390,"Mayo, 2019",2019-05,month,200,correcto,https://www.vonwobeser.com/index.php/publicacion?p_id=1090,,1,legacy_id,1090,,a0b3e371-a3ce-4d28-b781-f907c229e8bc,aprobacion-de-la-reforma-laboral-en-mexico,news,,project_date_missing
es:1088,es,news,1088,Disposiciones de Carácter General que regulan los Programas de Auto Regularización,https://www.vonwobeser.com/index.php/publicacion?p_id=1088,https://www.vonwobeser.com/index.php/publicaciones/noticias?start=390,"Abril, 2019",2019-04,month,200,correcto,https://www.vonwobeser.com/index.php/publicacion?p_id=1088,,1,legacy_id,1088,,dc0e740d-0b3c-4a25-b46c-ed5ceea3369f,disposiciones-de-caracter-general-que-regulan-los-programas-de-auto-regularizaci,news,,project_date_missing
es:1086,es,news,1086,"Resolución mediante la cual se condona el pago de adeudos, multas fiscales, recargos y gastos de ejecución y se brindan facilidades administrativas",https://www.vonwobeser.com/index.php/publicacion?p_id=1086,https://www.vonwobeser.com/index.php/publicaciones/noticias?start=390,"Abril, 2019",2019-04,month,200,correcto,https://www.vonwobeser.com/index.php/publicacion?p_id=1086,,1,legacy_id,1086,,cd8046b9-8e1f-4403-ba8f-aa79c1f79842,resolucion-mediante-la-cual-se-condona-el-pago-de-adeudos-multas-fiscales-recarg,news,,project_date_missing
es:1085,es,news,1085,Latin Lawyer- COFECE investiga el mercado de harina de maíz en México,https://www.vonwobeser.com/index.php/publicacion?p_id=1085,https://www.vonwobeser.com/index.php/publicaciones/noticias?start=390,"Abril, 2019",2019-04,month,200,correcto,https://www.vonwobeser.com/index.php/publicacion?p_id=1085,,1,legacy_id,1085,,b4bfe7e5-a40a-4f5d-a469-38f0985c6d5c,latin-lawyer-cofece-investiga-el-mercado-de-harina-de-maiz-en-mexico,news,,project_date_missing
es:1082,es,news,1082,La Cámara de Diputados aprueba la iniciativa de reforma a la Ley Federal Trabajo,https://www.vonwobeser.com/index.php/publicacion?p_id=1082,https://www.vonwobeser.com/index.php/publicaciones/noticias?start=390,"Abril, 2019",2019-04,month,200,correcto,https://www.vonwobeser.com/index.php/publicacion?p_id=1082,,1,legacy_id,1082,,3647d458-33bc-47b6-8010-5da4edc8b622,la-camara-de-diputados-aprueba-la-iniciativa-de-reforma-a-la-ley-federal-trabajo,news,,project_date_missing
es:1080,es,news,1080,"Adquisición centralizada de medicamentos y material de curación, por las entidades federativas, para el ejercicio 2019",https://www.vonwobeser.com/index.php/publicacion?p_id=1080,https://www.vonwobeser.com/index.php/publicaciones/noticias?start=390,"Abril, 2019",2019-04,month,200,correcto,https://www.vonwobeser.com/index.php/publicacion?p_id=1080,,1,legacy_id,1080,,614fb731-dc75-4d06-a104-c62b09ad47e3,adquisicion-centralizada-de-medicamentos-y-material-de-curacion-por-las-entidade,news,,project_date_missing
es:1078,es,news,1078,Disposiciones de Carácter General aplicables a Modelos Novedosos emitidas por la SHCP y CNBV,https://www.vonwobeser.com/index.php/publicacion?p_id=1078,https://www.vonwobeser.com/index.php/publicaciones/noticias?start=390,"Abril, 2019",2019-04,month,200,correcto,https://www.vonwobeser.com/index.php/publicacion?p_id=1078,,1,legacy_id,1078,,5e7a8105-ab6a-4ac1-a93a-ef7e1dd7a484,disposiciones-de-caracter-general-aplicables-a-modelos-novedosos-emitidas-por-la,news,,project_date_missing
es:1077,es,news,1077,Inicia cumplimiento obligatorio del Código de Red para todos los usuarios en media y alta tensión conectados a la red,https://www.vonwobeser.com/index.php/publicacion?p_id=1077,https://www.vonwobeser.com/index.php/publicaciones/noticias?start=390,"Abril, 2019",2019-04,month,200,correcto,https://www.vonwobeser.com/index.php/publicacion?p_id=1077,,1,legacy_id,1077,,e8063aaa-6326-439c-8ddd-037ec6a904ad,inicia-cumplimiento-obligatorio-del-codigo-de-red-para-todos-los-usuarios-en-med,news,,project_date_missing
es:1075,es,news,1075,Latin Lawyer- Von Wobeser apoya a proveedor de servicios petroleros para obtener contratos de Pemex,https://www.vonwobeser.com/index.php/publicacion?p_id=1075,https://www.vonwobeser.com/index.php/publicaciones/noticias?start=390,"Abril, 2019",2019-04,month,200,correcto,https://www.vonwobeser.com/index.php/publicacion?p_id=1075,,1,legacy_id,1075,,9fae6700-6587-4a42-8f22-968ee4cc8ed5,latin-lawyer-von-wobeser-apoya-a-proveedor-de-servicios-petroleros-para-obtener-,news,,project_date_missing
es:1073,es,news,1073,Lex Latin- Borr Drilling es adjudicada con contrato de servicios por Pemex,https://www.vonwobeser.com/index.php/publicacion?p_id=1073,https://www.vonwobeser.com/index.php/publicaciones/noticias?start=390,"Abril, 2019",2019-04,month,200,correcto,https://www.vonwobeser.com/index.php/publicacion?p_id=1073,,1,legacy_id,1073,,8c1607ea-a859-402c-9029-12954aaa42d6,lex-latin-borr-drilling-es-adjudicada-con-contrato-de-servicios-por-pemex,news,,project_date_missing
es:1070,es,news,1070,Lex Latin- Grupo Modelo invierte USD 726 millones en planta de producción en México,https://www.vonwobeser.com/index.php/publicacion?p_id=1070,https://www.vonwobeser.com/index.php/publicaciones/noticias?start=400,"Abril, 2019",2019-04,month,200,correcto,https://www.vonwobeser.com/index.php/publicacion?p_id=1070,,1,legacy_id,1070,,1eb04e77-d21a-4ec2-b202-f17f3bd13e19,lex-latin-grupo-modelo-invierte-usd-726-millones-en-planta-de-produccion-en-mexi,news,,project_date_missing
es:1068,es,news,1068,La Secretaría de Energía modifica los términos para la estricta separación legal de la Comisión Federal de Electricidad,https://www.vonwobeser.com/index.php/publicacion?p_id=1068,https://www.vonwobeser.com/index.php/publicaciones/noticias?start=400,"Abril, 2019",2019-04,month,200,correcto,https://www.vonwobeser.com/index.php/publicacion?p_id=1068,,1,legacy_id,1068,,b6e21a3c-025b-4528-b5aa-3f2b5c945308,la-secretaria-de-energia-modifica-los-terminos-para-la-estricta-separacion-legal,news,,project_date_missing
es:1067,es,news,1067,"El área de Competencia Económica, liderada por Fernando Carreño, es reconocida con el premio al “Asunto de abuso de dominancia del año en America” por Global Competition Review (GCR)",https://www.vonwobeser.com/index.php/publicacion?p_id=1067,https://www.vonwobeser.com/index.php/publicaciones/noticias?start=400,"Abril, 2019",2019-04,month,200,correcto,https://www.vonwobeser.com/index.php/publicacion?p_id=1067,,1,legacy_id,1067,,fa6e23ed-2346-40e6-9509-bbf19aae0f5b,el-area-de-competencia-economica-liderada-por-fernando-carreno-es-reconocida-con,news,,project_date_missing
es:1065,es,news,1065,Resolución que modifica las Disposiciones de Carácter General aplicables a las Instituciones de Tecnología Financiera,https://www.vonwobeser.com/index.php/publicacion?p_id=1065,https://www.vonwobeser.com/index.php/publicaciones/noticias?start=400,"Marzo, 2019",2019-03,month,200,correcto,https://www.vonwobeser.com/index.php/publicacion?p_id=1065,,1,legacy_id,1065,,0d1408ad-4aba-4855-917b-ec016ef8998f,resolucion-que-modifica-las-disposiciones-de-caracter-general-aplicables-a-las-i,news,,project_date_missing
es:1062,es,news,1062,Circulares emitidas por el Banco de México en materia de Mitigación de Riesgos; Operaciones con Activos Virtuales; Modelos Novedosos y Operaciones en Moneda Extranjera,https://www.vonwobeser.com/index.php/publicacion?p_id=1062,https://www.vonwobeser.com/index.php/publicaciones/noticias?start=400,"Marzo, 2019",2019-03,month,200,correcto,https://www.vonwobeser.com/index.php/publicacion?p_id=1062,,1,legacy_id,1062,,3aea0b85-7d94-4b97-bb9f-4b011e13a460,circulares-emitidas-por-el-banco-de-mexico-en-materia-de-mitigacion-de-riesgos-operaciones-con-a-1062,news,2019-03-01,date_match
es:1061,es,news,1061,Latin Lawyer- Fernando Carreño- Regulador de competencia económica multa a compañía de información crediticia por su negativa a negociar en México,https://www.vonwobeser.com/index.php/publicacion?p_id=1061,https://www.vonwobeser.com/index.php/publicaciones/noticias?start=400,"Marzo, 2019",2019-03,month,200,correcto,https://www.vonwobeser.com/index.php/publicacion?p_id=1061,,1,legacy_id,1061,,a1a828f6-6ec5-4a63-93f3-f9462c71eca4,latin-lawyer-fernando-carreno-regulador-de-competencia-economica-multa-a-compani,news,,project_date_missing
es:1059,es,news,1059,Global Competition Review- Fernando Carreño- Compañía de información crediticia multada por negarse a negociar en México,https://www.vonwobeser.com/index.php/publicacion?p_id=1059,https://www.vonwobeser.com/index.php/publicaciones/noticias?start=400,"Marzo, 2019",2019-03,month,200,correcto,https://www.vonwobeser.com/index.php/publicacion?p_id=1059,,1,legacy_id,1059,,d38dce0b-bcd4-4f12-ad76-923ad61c74b4,global-competition-review-fernando-carreno-compania-de-informacion-crediticia-multada-por-negars-1059,news,2019-03-01,date_match
es:1056,es,news,1056,Rankings Globales de Chambers and Partners 2019- Von Wobeser y Sierra,https://www.vonwobeser.com/index.php/publicacion?p_id=1056,https://www.vonwobeser.com/index.php/publicaciones/noticias?start=400,"Febrero, 2019",2019-02,month,200,correcto,https://www.vonwobeser.com/index.php/publicacion?p_id=1056,,1,legacy_id,1056,,89c4e7a9-7037-411a-8929-ce2c43c579bc,rankings-globales-de-chambers-and-partners-2019-von-wobeser-y-sierra,news,,project_date_missing
es:1055,es,news,1055,Nuevo mecanismo para fijar los precios máximos de venta al público de medicamentos de patente,https://www.vonwobeser.com/index.php/publicacion?p_id=1055,https://www.vonwobeser.com/index.php/publicaciones/noticias?start=400,"Febrero, 2019",2019-02,month,200,correcto,https://www.vonwobeser.com/index.php/publicacion?p_id=1055,,1,legacy_id,1055,,9be82e48-b9d0-4c40-a6b6-0632e3cdecea,nuevo-mecanismo-para-fijar-los-precios-maximos-de-venta-al-publico-de-medicament,news,,project_date_missing
es:1053,es,news,1053,Latin Lawyer- Von Wobeser & Sierra reconocido como Leading Light 2018 en relación a pro bono,https://www.vonwobeser.com/index.php/publicacion?p_id=1053,https://www.vonwobeser.com/index.php/publicaciones/noticias?start=400,"Febrero, 2019",2019-02,month,200,correcto,https://www.vonwobeser.com/index.php/publicacion?p_id=1053,,1,legacy_id,1053,,02d5ae58-6b61-4215-bc5c-bc233699e21a,latin-lawyer-von-wobeser-sierra-reconocido-como-leading-light-2018-en-relacion-a,news,,project_date_missing
es:1050,es,news,1050,Criterios y Procedimiento PLD aplicables a Transmisores de Dinero,https://www.vonwobeser.com/index.php/publicacion?p_id=1050,https://www.vonwobeser.com/index.php/publicaciones/noticias?start=410,"Febrero, 2019",2019-02,month,200,correcto,https://www.vonwobeser.com/index.php/publicacion?p_id=1050,,1,legacy_id,1050,,05fb56b6-db06-482b-a013-f2300b156e34,criterios-y-procedimiento-pld-aplicables-a-transmisores-de-dinero,news,,project_date_missing
es:1048,es,news,1048,Iniciativa de Reforma a la Ley Federal Trabajo,https://www.vonwobeser.com/index.php/publicacion?p_id=1048,https://www.vonwobeser.com/index.php/publicaciones/noticias?start=410,"Enero, 2019",2019-01,month,200,correcto,https://www.vonwobeser.com/index.php/publicacion?p_id=1048,,1,legacy_id,1048,,ec62978c-b080-4c53-b52b-5a21d65d68c2,iniciativa-de-reforma-a-la-ley-federal-trabajo,news,,project_date_missing
es:1045,es,news,1045,Global Competition Review (GCR 100) reconoce una vez más a Von Wobeser y Sierra como Firma Elite,https://www.vonwobeser.com/index.php/publicacion?p_id=1045,https://www.vonwobeser.com/index.php/publicaciones/noticias?start=410,"Enero, 2019",2019-01,month,200,correcto,https://www.vonwobeser.com/index.php/publicacion?p_id=1045,,1,legacy_id,1045,,9a680aa4-d9a0-4f76-9378-eb74569d48a7,global-competition-review-gcr-100-reconoce-una-vez-mas-a-von-wobeser-y-sierra-co,news,,project_date_missing
es:1041,es,news,1041,Valores de la Unidad de Medida y Actualización (UMA) vigentes a partir del 1º de febrero de 2019,https://www.vonwobeser.com/index.php/publicacion?p_id=1041,https://www.vonwobeser.com/index.php/publicaciones/noticias?start=410,"Enero, 2019",2019-01,month,200,correcto,https://www.vonwobeser.com/index.php/publicacion?p_id=1041,,1,legacy_id,1041,,c30baee1-5f5e-4677-a539-040bca6ddcc3,valores-de-la-unidad-de-medida-y-actualizacion-uma-vigentes-a-partir-del-1-de-fe,news,,project_date_missing
es:1038,es,news,1038,Latin Lawyer- Claus von Wobeser- Consorcio del Canal de Panamá obligado a pagar,https://www.vonwobeser.com/index.php/publicacion?p_id=1038,https://www.vonwobeser.com/index.php/publicaciones/noticias?start=410,"Enero, 2019",2019-01,month,200,correcto,https://www.vonwobeser.com/index.php/publicacion?p_id=1038,,1,legacy_id,1038,,a9c6777c-dca0-4785-a82d-017550f67c98,latin-lawyer-claus-von-wobeser-consorcio-del-canal-de-panama-obligado-a-pagar,news,,project_date_missing
es:1036,es,news,1036,Global Arbitration Review- Claus von Wobeser- Consorcio del Canal de Panamá obligado a pagar,https://www.vonwobeser.com/index.php/publicacion?p_id=1036,https://www.vonwobeser.com/index.php/publicaciones/noticias?start=410,"Diciembre, 2018",2018-12,month,200,correcto,https://www.vonwobeser.com/index.php/publicacion?p_id=1036,,1,legacy_id,1036,,4daba686-ed6b-40cb-be48-97c76fcf3b12,global-arbitration-review-claus-von-wobeser-consorcio-del-canal-de-panama-obliga,news,,project_date_missing
es:1032,es,news,1032,Nuevo salario mínimo general a partir del 1 de enero de 2019,https://www.vonwobeser.com/index.php/publicacion?p_id=1032,https://www.vonwobeser.com/index.php/publicaciones/noticias?start=410,"Diciembre, 2018",2018-12,month,200,correcto,https://www.vonwobeser.com/index.php/publicacion?p_id=1032,,1,legacy_id,1032,,2f4c05ee-7fde-4007-9fb0-63a696050b04,nuevo-salario-minimo-general-a-partir-del-1-de-enero-de-2019,Laboral,,project_date_missing
es:1029,es,news,1029,Suprema Corte de Justicia de la Nación declara inconstitucional la exclusión de los empleados domésticos del régimen obligatorio del Instituto Mexicano del Seguro Social,https://www.vonwobeser.com/index.php/publicacion?p_id=1029,https://www.vonwobeser.com/index.php/publicaciones/noticias?start=410,"Diciembre, 2018",2018-12,month,200,correcto,https://www.vonwobeser.com/index.php/publicacion?p_id=1029,,1,legacy_id,1029,,95283f43-6ffc-42a0-9894-64bcd514b9ce,suprema-corte-de-justicia-de-la-nacion-declara-inconstitucional-la-exclusion-de-,news,,project_date_missing
es:1028,es,news,1028,Nuevo salario mínimo a partir del 1 de enero de 2019 y creación de Salario Mínimo General Fronterizo,https://www.vonwobeser.com/index.php/publicacion?p_id=1028,https://www.vonwobeser.com/index.php/publicaciones/noticias?start=410,"Diciembre, 2018",2018-12,month,200,correcto,https://www.vonwobeser.com/index.php/publicacion?p_id=1028,,1,legacy_id,1028,,4663f6ca-5f9b-41d7-a3d5-671db41db907,nuevo-salario-minimo-a-partir-del-1-de-enero-de-2019-y-creacion-de-salario-minim,news,,project_date_missing
es:1017,es,news,1017,Latin Lawyer- Fernando Carreño- La entidad mexicana reguladora de competencia económica investiga el mercado de sistemas de cobro con tarjeta,https://www.vonwobeser.com/index.php/publicacion?p_id=1017,https://www.vonwobeser.com/index.php/publicaciones/noticias?start=410,"Noviembre, 2018",2018-11,month,200,correcto,https://www.vonwobeser.com/index.php/publicacion?p_id=1017,,1,legacy_id,1017,,c046d4e8-ee67-4688-b862-ff77e810cec4,latin-lawyer-fernando-carreno-la-entidad-mexicana-reguladora-de-competencia-econ,news,,project_date_missing
es:1015,es,news,1015,Evento: Implicaciones Jurídicas de la Terminación del Proyecto del Nuevo Aeropuerto de la CDMX,https://www.vonwobeser.com/index.php/publicacion?p_id=1015,https://www.vonwobeser.com/index.php/publicaciones/noticias?start=420,"Octubre, 2018",2018-10,month,200,correcto,https://www.vonwobeser.com/index.php/publicacion?p_id=1015,,1,legacy_id,1015,,d23ee913-89f8-4295-9b01-63827ea6535d,evento-implicaciones-juridicas-de-la-terminacion-del-proyecto-del-nuevo-aeropuer,news,,project_date_missing
es:1010,es,news,1010,Evento: Planning Past Unconscious Bias: The ArbitralWomen Diversity Toolkit,https://www.vonwobeser.com/index.php/publicacion?p_id=1010,https://www.vonwobeser.com/index.php/publicaciones/noticias?start=420,"Octubre, 2018",2018-10,month,200,correcto,https://www.vonwobeser.com/index.php/publicacion?p_id=1010,,1,legacy_id,1010,,ac20a02f-ce79-44aa-942b-47fc713a04b5,evento-planning-past-unconscious-bias-the-arbitralwomen-diversity-toolkit-1010,news,2018-10-01,date_match
es:1009,es,news,1009,Global Arbitration Review- Adrián Magallanes- IBA revela nueva junta de oficiales,https://www.vonwobeser.com/index.php/publicacion?p_id=1009,https://www.vonwobeser.com/index.php/publicaciones/noticias?start=420,"Octubre, 2018",2018-10,month,200,correcto,https://www.vonwobeser.com/index.php/publicacion?p_id=1009,,1,legacy_id,1009,,a1d98bea-0116-4ba6-936a-540739ceefde,global-arbitration-review-adrian-magallanes-iba-revela-nueva-junta-de-oficiales,news,,project_date_missing
es:1007,es,news,1007,Latin Lawyer- Fernando Carreño- Manufacturera de acero multada por incumplimiento de compromisos de competencia económica,https://www.vonwobeser.com/index.php/publicacion?p_id=1007,https://www.vonwobeser.com/index.php/publicaciones/noticias?start=420,"Octubre, 2018",2018-10,month,200,correcto,https://www.vonwobeser.com/index.php/publicacion?p_id=1007,,1,legacy_id,1007,,4b010e6c-6192-4a75-a22f-3c6a1bae0e47,latin-lawyer-fernando-carreno-manufacturera-de-acero-multada-por-incumplimiento-,news,,project_date_missing
es:1005,es,news,1005,"Acuerdo entre Estado Unidos de América, México y Canadá y los aranceles al acero",https://www.vonwobeser.com/index.php/publicacion?p_id=1005,https://www.vonwobeser.com/index.php/publicaciones/noticias?start=420,"Octubre, 2018",2018-10,month,200,correcto,https://www.vonwobeser.com/index.php/publicacion?p_id=1005,,1,legacy_id,1005,,6a8d05d3-1a15-4cd4-a132-4400293f2ced,acuerdo-entre-estado-unidos-de-america-mexico-y-canada-y-los-aranceles-al-acero,news,,project_date_missing
es:1003,es,news,1003,Ley Orgánica de la Fiscalía General de la República,https://www.vonwobeser.com/index.php/publicacion?p_id=1003,https://www.vonwobeser.com/index.php/publicaciones/noticias?start=420,"Octubre, 2018",2018-10,month,200,correcto,https://www.vonwobeser.com/index.php/publicacion?p_id=1003,,1,legacy_id,1003,,516faca4-512c-4ac8-ad4b-6e7df018beef,ley-organica-de-la-fiscalia-general-de-la-republica,news,,project_date_missing
es:1001,es,news,1001,"Lex Latin- Andrés Nieto, Rodolfo Trampe, Santiago Barraza & Alix Trimmer- Fondo Creation Investments invierte MXN 250 millones en financiera Pluscorp",https://www.vonwobeser.com/index.php/publicacion?p_id=1001,https://www.vonwobeser.com/index.php/publicaciones/noticias?start=420,"Septiembre, 2018",2018-09,month,200,correcto,https://www.vonwobeser.com/index.php/publicacion?p_id=1001,,1,legacy_id,1001,,fb7bd92d-a1fc-49db-9aa5-6affb8ec4edf,lex-latin-andres-nieto-rodolfo-trampe-santiago-barraza-alix-trimmer-fondo-creati,news,,project_date_missing
es:998,es,news,998,Ratificación Convenio 98 de la OIT y propuestas del Gobierno electo para cambiar el modelo laboral,https://www.vonwobeser.com/index.php/publicacion?p_id=998,https://www.vonwobeser.com/index.php/publicaciones/noticias?start=420,"Septiembre, 2018",2018-09,month,200,correcto,https://www.vonwobeser.com/index.php/publicacion?p_id=998,,1,legacy_id,998,,d3d87723-e0fd-4149-a378-9b748437ef3c,ratificacion-convenio-98-de-la-oit-y-propuestas-del-gobierno-electo-para-cambiar,news,,project_date_missing
es:996,es,news,996,Reformas y adiciones al Estatuto Orgánico de la Comisión Nacional para la Protección y Defensa de los Usuarios de Servicios Financieros,https://www.vonwobeser.com/index.php/publicacion?p_id=996,https://www.vonwobeser.com/index.php/publicaciones/noticias?start=420,"Septiembre, 2018",2018-09,month,200,correcto,https://www.vonwobeser.com/index.php/publicacion?p_id=996,,1,legacy_id,996,,69b23018-7e77-424c-aa21-4a86853e0b85,reformas-y-adiciones-al-estatuto-organico-de-la-comision-nacional-para-la-protec,news,,project_date_missing
es:995,es,news,995,"Legislación secundaria a la Ley para Regular Instituciones de Tecnología Financiera de carácter general, en materia de lavado de dinero y aplicable a las Instituciones de Fondos de Pago Electrónico",https://www.vonwobeser.com/index.php/publicacion?p_id=995,https://www.vonwobeser.com/index.php/publicaciones/noticias?start=420,"Septiembre, 2018",2018-09,month,200,correcto,https://www.vonwobeser.com/index.php/publicacion?p_id=995,,1,legacy_id,995,,9cbe63b4-01d7-4796-afda-2afbcb97dbcf,legislacion-secundaria-a-la-ley-para-regular-instituciones-de-tecnologia-financi,news,,project_date_missing
es:993,es,news,993,Resoluciones en materia de crédito y requerimientos de información por autoridades a Instituciones de Tecnología Financiera (ITF),https://www.vonwobeser.com/index.php/publicacion?p_id=993,https://www.vonwobeser.com/index.php/publicaciones/noticias?start=430,"Septiembre, 2018",2018-09,month,200,correcto,https://www.vonwobeser.com/index.php/publicacion?p_id=993,,1,legacy_id,993,,583c5e15-dd5a-499f-a709-df0f5dc402f9,resoluciones-en-materia-de-credito-y-requerimientos-de-informacion-por-autoridad,news,,project_date_missing
es:991,es,news,991,Global Arbitration Review- Claus von Wobeser- Laudo en contra de la compañía eléctrica del Estado de Tanzania mantenido,https://www.vonwobeser.com/index.php/publicacion?p_id=991,https://www.vonwobeser.com/index.php/publicaciones/noticias?start=430,"Septiembre, 2018",2018-09,month,200,correcto,https://www.vonwobeser.com/index.php/publicacion?p_id=991,,1,legacy_id,991,,b32601a3-4193-4547-a479-90f556cc8485,global-arbitration-review-claus-von-wobeser-laudo-en-contra-de-la-compania-elect,news,,project_date_missing
es:988,es,news,988,El CENAGAS emite bases preliminares de licitación para almacenamiento estratégico de gas natural en Veracruz,https://www.vonwobeser.com/index.php/publicacion?p_id=988,https://www.vonwobeser.com/index.php/publicaciones/noticias?start=430,"Agosto, 2018",2018-08,month,200,correcto,https://www.vonwobeser.com/index.php/publicacion?p_id=988,,1,legacy_id,988,,28604613-898a-4fcd-b8b6-6c878f2855b2,el-cenagas-emite-bases-preliminares-de-licitacion-para-almacenamiento-estrategico-de-gas-natural-988,news,2018-08-01,date_match
es:983,es,news,983,Latin Lawyer- Fernando Carreño- Pemex multado con $22 millones de dólares por entrega tardía de reporte de auditoría,https://www.vonwobeser.com/index.php/publicacion?p_id=983,https://www.vonwobeser.com/index.php/publicaciones/noticias?start=430,"Agosto, 2018",2018-08,month,200,correcto,https://www.vonwobeser.com/index.php/publicacion?p_id=983,,1,legacy_id,983,,cc54ba1d-fcf1-4625-8774-f33b6ca4dd49,latin-lawyer-fernando-carreno-pemex-multado-con-22-millones-de-dolares-por-entre,news,,project_date_missing
es:979,es,news,979,La profesora Andrea K. Bjorkland entrevistó a Claus von Wobeser,https://www.vonwobeser.com/index.php/publicacion?p_id=979,https://www.vonwobeser.com/index.php/publicaciones/noticias?start=430,"Agosto, 2018",2018-08,month,200,correcto,https://www.vonwobeser.com/index.php/publicacion?p_id=979,,1,legacy_id,979,,54fdb857-c22f-4426-85a1-005eacae99f8,la-profesora-andrea-k-bjorkland-entrevisto-a-claus-von-wobeser-979,news,2018-08-01,date_match
es:977,es,news,977,Reglas secundarias a la Ley para Regular las Instituciones de Tecnología Financiera en materia de lavado de dinero y de carácter general,https://www.vonwobeser.com/index.php/publicacion?p_id=977,https://www.vonwobeser.com/index.php/publicaciones/noticias?start=430,"Agosto, 2018",2018-08,month,200,correcto,https://www.vonwobeser.com/index.php/publicacion?p_id=977,,0,,,976,,,,,project_missing
es:970,es,news,970,Lex Latin- Luis Burgueño y Marisol Márquez- Monex adquiere mayoría de Arrendadora Avance en México,https://www.vonwobeser.com/index.php/publicacion?p_id=970,https://www.vonwobeser.com/index.php/publicaciones/noticias?start=430,"Julio, 2018",2018-07,month,200,correcto,https://www.vonwobeser.com/index.php/publicacion?p_id=970,,0,,,973,,,,,project_missing
es:969,es,news,969,Latin Lawyer- Fernando Carreño- Comisionados de la COFECE consideran lineamientos redundantes,https://www.vonwobeser.com/index.php/publicacion?p_id=969,https://www.vonwobeser.com/index.php/publicaciones/noticias?start=430,"Julio, 2018",2018-07,month,200,correcto,https://www.vonwobeser.com/index.php/publicacion?p_id=969,,0,,,968,,,,,project_missing
es:967,es,news,967,LACCA- Claus von Wobeser- Abogados llaman a AMLO a elaborar una estrategia para combatir la corrupción,https://www.vonwobeser.com/index.php/publicacion?p_id=967,https://www.vonwobeser.com/index.php/publicaciones/noticias?start=430,"Julio, 2018",2018-07,month,200,correcto,https://www.vonwobeser.com/index.php/publicacion?p_id=967,,0,,,966,,,,,project_missing
es:965,es,news,965,Las primeras disposiciones de carácter general de la Ley Fintech serán publicadas en septiembre,https://www.vonwobeser.com/index.php/publicacion?p_id=965,https://www.vonwobeser.com/index.php/publicaciones/noticias?start=430,"Julio, 2018",2018-07,month,200,correcto,https://www.vonwobeser.com/index.php/publicacion?p_id=965,,0,,,964,,,,,project_missing
es:963,es,news,963,“Erradicar la corrupción y la impunidad será la misión principal del nuevo gobierno”: Andrés Manuel López Obrador,https://www.vonwobeser.com/index.php/publicacion?p_id=963,https://www.vonwobeser.com/index.php/publicaciones/noticias?start=440,"Julio, 2018",2018-07,month,200,correcto,https://www.vonwobeser.com/index.php/publicacion?p_id=963,,1,legacy_id,963,,b5f14a79-bff5-422f-a8b9-a319f62a6e54,erradicar-la-corrupcion-y-la-impunidad-sera-la-mision-principal-del-nuevo-gobier,news,,project_date_missing
es:961,es,news,961,Latin Lawyer- Luis Burgueño- El triunfo electoral de López Obrador no agobia a los abogados mexicanos,https://www.vonwobeser.com/index.php/publicacion?p_id=961,https://www.vonwobeser.com/index.php/publicaciones/noticias?start=440,"Julio, 2018",2018-07,month,200,correcto,https://www.vonwobeser.com/index.php/publicacion?p_id=961,,0,,,960,,,,,project_missing
es:959,es,news,959,Forbes- Diego Sierra- Especial de Abogados: Cómo atacar la corrupción,https://www.vonwobeser.com/index.php/publicacion?p_id=959,https://www.vonwobeser.com/index.php/publicaciones/noticias?start=440,"Julio, 2018",2018-07,month,200,correcto,https://www.vonwobeser.com/index.php/publicacion?p_id=959,,0,,,958,,,,,project_missing
es:957,es,news,957,Modificaciones a la Ley Aduanera y creación de la figura de la “Agencia Aduanal”,https://www.vonwobeser.com/index.php/publicacion?p_id=957,https://www.vonwobeser.com/index.php/publicaciones/noticias?start=440,"Junio, 2018",2018-06,month,200,correcto,https://www.vonwobeser.com/index.php/publicacion?p_id=957,,0,,,956,,,,,project_missing
es:951,es,news,951,Reforma exige publicación de los socios y accionistas de las sociedades de responsabilidad limitada y sociedades anónimas en México,https://www.vonwobeser.com/index.php/publicacion?p_id=951,https://www.vonwobeser.com/index.php/publicaciones/noticias?start=440,"Junio, 2018",2018-06,month,200,correcto,https://www.vonwobeser.com/index.php/publicacion?p_id=951,,0,,,952,,,,,project_missing
es:950,es,news,950,Latin Lawyer- Fernando Carreño- Comentan especialistas que México podría desechar los lineamientos de alianzas estratégicas en relación a competencia económica,https://www.vonwobeser.com/index.php/publicacion?p_id=950,https://www.vonwobeser.com/index.php/publicaciones/noticias?start=440,"Junio, 2018",2018-06,month,200,correcto,https://www.vonwobeser.com/index.php/publicacion?p_id=950,,1,legacy_id,950,,65ffd8c1-a9a6-40a3-b5f0-c3049b2f23eb,latin-lawyer-fernando-carreno-comentan-especialistas-que-mexico-podria-desechar-,news,,project_date_missing
es:945,es,news,945,Lex Latin- Edmond Grieger y Ariel Garfio- Von Wobeser asesora a Faurecia en contrato de energías limpias,https://www.vonwobeser.com/index.php/publicacion?p_id=945,https://www.vonwobeser.com/index.php/publicaciones/noticias?start=440,"Junio, 2018",2018-06,month,200,correcto,https://www.vonwobeser.com/index.php/publicacion?p_id=945,,1,legacy_id,945,,b3575aa1-6174-413f-8ac9-8b016626d567,lex-latin-edmond-grieger-y-ariel-garfio-von-wobeser-asesora-a-faurecia-en-contra,news,,project_date_missing
es:944,es,news,944,"Fernando Carreño, es reconocido “Abogado del año - con menos de 40 años” por Global Competition Review (GCR)",https://www.vonwobeser.com/index.php/publicacion?p_id=944,https://www.vonwobeser.com/index.php/publicaciones/noticias?start=450,"Abril, 2018",2018-04,month,200,correcto,https://www.vonwobeser.com/index.php/publicacion?p_id=944,,1,legacy_id,944,,468f39e9-bdac-4a1c-a206-32720fe8733b,fernando-carreno-es-reconocido-abogado-del-ano-con-menos-de-40-anos-por-global-c,news,,project_date_missing
es:941,es,news,941,Lex Latin- Edmond Grieger y Ariel Garfio- Invenergy vende electricidad al Cenace con asesoría de Von Wobeser,https://www.vonwobeser.com/index.php/publicacion?p_id=941,https://www.vonwobeser.com/index.php/publicaciones/noticias?start=440,"Junio, 2018",2018-06,month,200,correcto,https://www.vonwobeser.com/index.php/publicacion?p_id=941,,1,legacy_id,941,,fe49946c-8ca7-4d63-b4cd-5b0924a9c09d,lex-latin-edmond-grieger-y-ariel-garfio-invenergy-vende-electricidad-al-cenace-c,news,,project_date_missing
es:938,es,news,938,La SEMARNAT expide la nueva Ley General de Desarrollo Forestal Sustentable,https://www.vonwobeser.com/index.php/publicacion?p_id=938,https://www.vonwobeser.com/index.php/publicaciones/noticias?start=440,"Junio, 2018",2018-06,month,200,correcto,https://www.vonwobeser.com/index.php/publicacion?p_id=938,,1,legacy_id,938,,6ba3cc4f-f007-4a3a-ae0b-4bb30256f255,la-semarnat-expide-la-nueva-ley-general-de-desarrollo-forestal-sustentable,news,,project_date_missing
es:936,es,news,936,Global Competition Review- Fernando Carreño- Bayer/Monsanto recibe luz verde,https://www.vonwobeser.com/index.php/publicacion?p_id=936,https://www.vonwobeser.com/index.php/publicaciones/noticias?start=440,"Junio, 2018",2018-06,month,200,correcto,https://www.vonwobeser.com/index.php/publicacion?p_id=936,,1,legacy_id,936,,45f2bca7-7cee-4e54-986f-d4cd5d12169b,global-competition-review-fernando-carreno-bayer-monsanto-recibe-luz-verde,news,,project_date_missing
es:934,es,news,934,México elimina ciertas preferencias arancelarias bajo el TLCAN e incrementa los aranceles a diversos productos originarios de Estados Unidos de América,https://www.vonwobeser.com/index.php/publicacion?p_id=934,https://www.vonwobeser.com/index.php/publicaciones/noticias?start=450,"Junio, 2018",2018-06,month,200,correcto,https://www.vonwobeser.com/index.php/publicacion?p_id=934,,1,legacy_id,934,,f935a2d6-94ee-4a1b-a94b-613ab4415ad2,mexico-elimina-ciertas-preferencias-arancelarias-bajo-el-tlcan-e-incrementa-los-,news,,project_date_missing
es:930,es,news,930,México anuncia la imposición de aranceles de represalia a diversos productos originarios de Estados Unidos de América,https://www.vonwobeser.com/index.php/publicacion?p_id=930,https://www.vonwobeser.com/index.php/publicaciones/noticias?start=450,"Junio, 2018",2018-06,month,200,correcto,https://www.vonwobeser.com/index.php/publicacion?p_id=930,,1,legacy_id,930,,5b0d415c-45ee-45fa-ba51-11c0ddcb2ec2,mexico-anuncia-la-imposicion-de-aranceles-de-represalia-a-diversos-productos-ori,news,,project_date_missing
es:928,es,news,928,Latin Lawyer- Fernando Carreño- El programa de lenidad de México como amenaza a la competencia económica,https://www.vonwobeser.com/index.php/publicacion?p_id=928,https://www.vonwobeser.com/index.php/publicaciones/noticias?start=450,"Mayo, 2018",2018-05,month,200,correcto,https://www.vonwobeser.com/index.php/publicacion?p_id=928,,1,legacy_id,928,,68e53b88-60fe-425f-8c02-e4d81cb7ca31,latin-lawyer-fernando-carreno-el-programa-de-lenidad-de-mexico-como-amenaza-a-la,news,,project_date_missing
es:924,es,news,924,Evento: LCIA in Mexico - Introduction and Discussion Panel,https://www.vonwobeser.com/index.php/publicacion?p_id=924,https://www.vonwobeser.com/index.php/publicaciones/noticias?start=450,"Mayo, 2018",2018-05,month,200,correcto,https://www.vonwobeser.com/index.php/publicacion?p_id=924,,1,legacy_id,924,,22c827a3-f9a6-47d1-8296-a9880d2f6096,evento-lcia-in-mexico-introduction-and-discussion-panel,news,,project_date_missing
es:913,es,news,913,Reglamento General de Protección de Datos (RGDP),https://www.vonwobeser.com/index.php/publicacion?p_id=913,https://www.vonwobeser.com/index.php/publicaciones/noticias?start=450,"Mayo, 2018",2018-05,month,200,correcto,https://www.vonwobeser.com/index.php/publicacion?p_id=913,,1,legacy_id,913,,ae459d5c-a19a-4801-8262-f0a9bf2596b9,reglamento-general-de-proteccion-de-datos-rgdp,news,,project_date_missing
es:912,es,news,912,México aprueba el “Acuerdo Global y Progresivo para la Asociación Transpacífico”,https://www.vonwobeser.com/index.php/publicacion?p_id=912,https://www.vonwobeser.com/index.php/publicaciones/noticias?start=450,"Mayo, 2018",2018-05,month,200,correcto,https://www.vonwobeser.com/index.php/publicacion?p_id=912,,1,legacy_id,912,,af561c54-31c4-48db-9a91-fe1c7dcb042e,mexico-aprueba-el-acuerdo-global-y-progresivo-para-la-asociacion-transpacifico,news,,project_date_missing
es:908,es,news,908,Firma del “Acuerdo Global y Progresivo para la Asociación Transpacífico”,https://www.vonwobeser.com/index.php/publicacion?p_id=908,https://www.vonwobeser.com/index.php/publicaciones/noticias?start=450,"Marzo, 2018",2018-03,month,200,correcto,https://www.vonwobeser.com/index.php/publicacion?p_id=908,,1,legacy_id,908,,747bd0cf-999c-4519-93ac-2b1be5b23824,firma-del-acuerdo-global-y-progresivo-para-la-asociacion-transpacifico,news,,project_date_missing
es:904,es,news,904,Aprobación de la Ley Fintech mexicana,https://www.vonwobeser.com/index.php/publicacion?p_id=904,https://www.vonwobeser.com/index.php/publicaciones/noticias?start=450,"Marzo, 2018",2018-03,month,200,correcto,https://www.vonwobeser.com/index.php/publicacion?p_id=904,,1,legacy_id,904,,17c98706-3c33-4566-9385-82a8f6e18124,aprobacion-de-la-ley-fintech-mexicana,news,,project_date_missing
es:902,es,news,902,La Comisión Federal de Electricidad publicó las bases de la licitación para la primer línea de transmisión en corriente directa.,https://www.vonwobeser.com/index.php/publicacion?p_id=902,https://www.vonwobeser.com/index.php/publicaciones/noticias?start=460,"Marzo, 2018",2018-03,month,200,correcto,https://www.vonwobeser.com/index.php/publicacion?p_id=902,,1,legacy_id,902,,9c9b497c-3ba5-43e0-95a2-94c34983dc7c,la-comision-federal-de-electricidad-publico-las-bases-de-la-licitacion-para-la-p,news,,project_date_missing
es:900,es,news,900,Necesidad de optimizar programas de compliance a la luz de la iniciativa de reforma del artículo 102 Constitucional.,https://www.vonwobeser.com/index.php/publicacion?p_id=900,https://www.vonwobeser.com/index.php/publicaciones/noticias?start=460,"Febrero, 2018",2018-02,month,200,correcto,https://www.vonwobeser.com/index.php/publicacion?p_id=900,,1,legacy_id,900,,ea4295a7-af35-4921-a858-1d4095720526,necesidad-de-optimizar-programas-de-compliance-a-la-luz-de-la-iniciativa-de-refo,news,,project_date_missing
es:897,es,news,897,La Secretaría de Energía convoca a la licitación pública internacional para interconectar los sistemas eléctricos mexicanos.,https://www.vonwobeser.com/index.php/publicacion?p_id=897,https://www.vonwobeser.com/index.php/publicaciones/noticias?start=460,"Febrero, 2018",2018-02,month,200,correcto,https://www.vonwobeser.com/index.php/publicacion?p_id=897,,1,legacy_id,897,,4a482b72-5070-4bc4-a730-68a26a8c2070,la-secretaria-de-energia-convoca-a-la-licitacion-publica-internacional-para-inte,news,,project_date_missing
es:896,es,news,896,Iniciativa Ciudadana de reforma: Apartado A del Artículo 102° Constitucional a la luz de la responsabilidad penal de las personas morales,https://www.vonwobeser.com/index.php/publicacion?p_id=896,https://www.vonwobeser.com/index.php/publicaciones/noticias?start=460,"Febrero, 2018",2018-02,month,200,correcto,https://www.vonwobeser.com/index.php/publicacion?p_id=896,,1,legacy_id,896,,e48e2255-c6fb-4893-828e-49808355b635,iniciativa-ciudadana-de-reforma-apartado-a-del-articulo-102-constitucional-a-la-,news,,project_date_missing
es:893,es,news,893,La Secretaría de Energía emite el manual para la interconexión de Centrales Eléctricas y conexión de Centros de Carga.,https://www.vonwobeser.com/index.php/publicacion?p_id=893,https://www.vonwobeser.com/index.php/publicaciones/noticias?start=460,"Febrero, 2018",2018-02,month,200,correcto,https://www.vonwobeser.com/index.php/publicacion?p_id=893,,1,legacy_id,893,,57453077-86a1-43ca-92b4-52a3d98ea351,la-secretaria-de-energia-emite-el-manual-para-la-interconexion-de-centrales-elec,news,,project_date_missing
es:891,es,news,891,"Fernando Carreño, nominado como “Abogado del año"" con menos de 40 años por Global Competition Review (GCR)",https://www.vonwobeser.com/index.php/publicacion?p_id=891,https://www.vonwobeser.com/index.php/publicaciones/noticias?start=460,"Febrero, 2018",2018-02,month,200,correcto,https://www.vonwobeser.com/index.php/publicacion?p_id=891,,1,legacy_id,891,,685fdec4-9385-48af-b5b3-698ba6564828,fernando-carreno-nominado-como-abogado-del-ano-con-menos-de-40-anos-por-global-c,news,,project_date_missing
es:889,es,news,889,La Comisión Nacional de Hidrocarburos emite la convocatoria y bases de la segunda licitación de la ronda 3 para yacimientos terrestres.,https://www.vonwobeser.com/index.php/publicacion?p_id=889,https://www.vonwobeser.com/index.php/publicaciones/noticias?start=460,"Febrero, 2018",2018-02,month,200,correcto,https://www.vonwobeser.com/index.php/publicacion?p_id=889,,1,legacy_id,889,,1df02289-8e32-4af8-ba26-0b73dad2ea11,la-comision-nacional-de-hidrocarburos-emite-la-convocatoria-y-bases-de-la-segund,news,,project_date_missing
es:886,es,news,886,Latin Lawyer- Despachos mexicanos promueven nuevos socios,https://www.vonwobeser.com/index.php/publicacion?p_id=886,https://www.vonwobeser.com/index.php/publicaciones/noticias?start=460,"Febrero, 2018",2018-02,month,200,correcto,https://www.vonwobeser.com/index.php/publicacion?p_id=886,,1,legacy_id,886,,80117fac-2639-4dc5-9e37-4feb3c9f03fc,latin-lawyer-despachos-mexicanos-promueven-nuevos-socios,news,,project_date_missing
es:883,es,news,883,Leaders League- Von Wobeser y Sierra nombra dos nuevos Socios,https://www.vonwobeser.com/index.php/publicacion?p_id=883,https://www.vonwobeser.com/index.php/publicaciones/noticias?start=460,"Enero, 2018",2018-01,month,200,correcto,https://www.vonwobeser.com/index.php/publicacion?p_id=883,,1,legacy_id,883,,0fad9a15-6fca-4dd7-a6e5-3d858b048696,leaders-league-von-wobeser-y-sierra-nombra-dos-nuevos-socios,news,,project_date_missing
es:881,es,news,881,"Von Wobeser y Sierra, S.C. anuncia nuevos socios para 2018",https://www.vonwobeser.com/index.php/publicacion?p_id=881,https://www.vonwobeser.com/index.php/publicaciones/noticias?start=460,"Enero, 2018",2018-01,month,200,correcto,https://www.vonwobeser.com/index.php/publicacion?p_id=881,,1,legacy_id,881,,f94430d5-6451-439a-a792-2c9f66d6625d,von-wobeser-y-sierra-s-c-anuncia-nuevos-socios-para-2018,news,,project_date_missing
es:879,es,news,879,GCR 100 reconoce Von Wobeser y Sierra como uno de los mejores 100 despachos en la Práctica de Competencia Económica.,https://www.vonwobeser.com/index.php/publicacion?p_id=879,https://www.vonwobeser.com/index.php/publicaciones/noticias?start=470,"Enero, 2018",2018-01,month,200,correcto,https://www.vonwobeser.com/index.php/publicacion?p_id=879,,1,legacy_id,879,,7a2c3058-a280-4063-8f4d-b33c9b0d3c3c,gcr-100-reconoce-von-wobeser-y-sierra-como-uno-de-los-mejores-100-despachos-en-l,news,,project_date_missing
es:878,es,news,878,Law360- México busca atraer inversionistas mientras las pláticas de intercambio comercial continúan,https://www.vonwobeser.com/index.php/publicacion?p_id=878,https://www.vonwobeser.com/index.php/publicaciones/noticias?start=470,"Enero, 2018",2018-01,month,200,correcto,https://www.vonwobeser.com/index.php/publicacion?p_id=878,,1,legacy_id,878,,7547591d-ebc2-4841-8c1e-98aedfbd5004,law360-mexico-busca-atraer-inversionistas-mientras-las-platicas-de-intercambio-c,news,,project_date_missing
es:876,es,news,876,Latin Lawyer- Grupo Modelo adquiere propiedad para invertir en una nueva planta,https://www.vonwobeser.com/index.php/publicacion?p_id=876,https://www.vonwobeser.com/index.php/publicaciones/noticias?start=470,"Enero, 2018",2018-01,month,200,correcto,https://www.vonwobeser.com/index.php/publicacion?p_id=876,,1,legacy_id,876,,76427789-b56a-4a40-847e-899c7ebd71f9,latin-lawyer-grupo-modelo-adquiere-propiedad-para-invertir-en-una-nueva-planta,news,,project_date_missing
es:874,es,news,874,Von Wobeser y Sierra recibió el reconocimiento de Leading Lights 2017,https://www.vonwobeser.com/index.php/publicacion?p_id=874,https://www.vonwobeser.com/index.php/publicaciones/noticias?start=470,"Enero, 2018",2018-01,month,200,correcto,https://www.vonwobeser.com/index.php/publicacion?p_id=874,,1,legacy_id,874,,11b0c7d0-b753-42ab-9f80-445387939b0e,von-wobeser-y-sierra-recibio-el-reconocimiento-de-leading-lights-2017,news,,project_date_missing
es:870,es,news,870,Montserrat Manzano reconocida en la Lista de Future Leaders Menores de 45 en Arbitraje de Who’s Who Legal,https://www.vonwobeser.com/index.php/publicacion?p_id=870,https://www.vonwobeser.com/index.php/publicaciones/noticias?start=470,"Diciembre, 2017",2017-12,month,200,correcto,https://www.vonwobeser.com/index.php/publicacion?p_id=870,,1,legacy_id,870,,cee0a18e-2c10-4245-b936-3ce42e0a3e84,montserrat-manzano-reconocida-en-la-lista-de-future-leaders-menores-de-45-en-arb,news,,project_date_missing
es:862,es,news,862,Lex Latin- Key Safety Systems adquiere Takata,https://www.vonwobeser.com/index.php/publicacion?p_id=862,https://www.vonwobeser.com/index.php/publicaciones/noticias?start=470,"Diciembre, 2017",2017-12,month,200,correcto,https://www.vonwobeser.com/index.php/publicacion?p_id=862,,1,legacy_id,862,,38feeb92-3d2d-4965-b251-c0d773f5460a,lex-latin-key-safety-systems-adquiere-takata,news,,project_date_missing
es:860,es,news,860,Lex Latin- Von Wobeser asesora a Grupo Modelo para construir planta de cerveza en México,https://www.vonwobeser.com/index.php/publicacion?p_id=860,https://www.vonwobeser.com/index.php/publicaciones/noticias?start=470,"Diciembre, 2017",2017-12,month,200,correcto,https://www.vonwobeser.com/index.php/publicacion?p_id=860,,1,legacy_id,860,,2346a84c-5085-4155-9a9b-65e9487f66e8,lex-latin-von-wobeser-asesora-a-grupo-modelo-para-construir-planta-de-cerveza-en,news,,project_date_missing
es:858,es,news,858,Latin Lawyer- Takata cambia de manos tras concurso mercantil,https://www.vonwobeser.com/index.php/publicacion?p_id=858,https://www.vonwobeser.com/index.php/publicaciones/noticias?start=470,"Diciembre, 2017",2017-12,month,200,correcto,https://www.vonwobeser.com/index.php/publicacion?p_id=858,,1,legacy_id,858,,17ca4be4-3f81-4501-8d28-c009901176b7,latin-lawyer-takata-cambia-de-manos-tras-concurso-mercantil,news,,project_date_missing
es:856,es,news,856,Comunicado Oficial de la Comisión Reguladora de Energía y del Centro Nacional de Control de Energía,https://www.vonwobeser.com/index.php/publicacion?p_id=856,https://www.vonwobeser.com/index.php/publicaciones/noticias?start=480,"Septiembre, 2017",2017-09,month,200,correcto,https://www.vonwobeser.com/index.php/publicacion?p_id=856,,1,legacy_id,856,,9d9935a0-2ed8-4efc-b862-47d96d2bd545,comunicado-oficial-de-la-comision-reguladora-de-energia-y-del-centro-nacional-de,news,,project_date_missing
es:854,es,news,854,Socios de Von Wobeser y Sierra reconocidos por Best Lawyers,https://www.vonwobeser.com/index.php/publicacion?p_id=854,https://www.vonwobeser.com/index.php/publicaciones/noticias?start=470,"Diciembre, 2017",2017-12,month,200,correcto,https://www.vonwobeser.com/index.php/publicacion?p_id=854,,1,legacy_id,854,,82181cd8-c5df-413f-a1a2-07cfdf6fbe62,socios-de-von-wobeser-y-sierra-reconocidos-por-best-lawyers,news,,project_date_missing
es:852,es,news,852,Nuevo salario mínimo a partir del 1 de diciembre de 2017,https://www.vonwobeser.com/index.php/publicacion?p_id=852,https://www.vonwobeser.com/index.php/publicaciones/noticias?start=470,"Noviembre, 2017",2017-11,month,200,correcto,https://www.vonwobeser.com/index.php/publicacion?p_id=852,,1,legacy_id,852,,a1a470a3-b46c-4a48-87e8-b85246a7aac5,nuevo-salario-minimo-a-partir-del-1-de-diciembre-de-2017,news,,project_date_missing
es:850,es,news,850,La Comisión Reguladora De Energía emite el acuerdo que describe aspectos generales sobre el abasto aislado y generación local de energía eléctrica,https://www.vonwobeser.com/index.php/publicacion?p_id=850,https://www.vonwobeser.com/index.php/publicaciones/noticias?start=480,"Noviembre, 2017",2017-11,month,200,correcto,https://www.vonwobeser.com/index.php/publicacion?p_id=850,,1,legacy_id,850,,6d60dd2c-96b4-4fe8-b975-904c6eb69baf,la-comision-reguladora-de-energia-emite-el-acuerdo-que-describe-aspectos-general,news,,project_date_missing
es:845,es,news,845,Claus von Wobeser es honrado con el Lifetime Achievement Award por parte de Chambers & Partners,https://www.vonwobeser.com/index.php/publicacion?p_id=845,https://www.vonwobeser.com/index.php/publicaciones/noticias?start=480,"Noviembre, 2017",2017-11,month,200,correcto,https://www.vonwobeser.com/index.php/publicacion?p_id=845,,1,legacy_id,845,,dae3ad3e-45e8-4eec-beb3-b9ae238e60d2,claus-von-wobeser-es-honrado-con-el-lifetime-achievement-award-por-parte-de-cham,news,,project_date_missing
es:830,es,news,830,Lex Latin- Motherson Sumi recauda EUR 300 millones en oferta pública,https://www.vonwobeser.com/index.php/publicacion?p_id=830,https://www.vonwobeser.com/index.php/publicaciones/noticias?start=480,"Noviembre, 2017",2017-11,month,200,correcto,https://www.vonwobeser.com/index.php/publicacion?p_id=830,,1,legacy_id,830,,2b668616-a0d5-48b9-81ee-b6ef25685078,lex-latin-motherson-sumi-recauda-eur-300-millones-en-oferta-publica,news,,project_date_missing
es:828,es,news,828,Cuatro Socios de Von Wobeser y Sierra aprobados por LACCA para 2018,https://www.vonwobeser.com/index.php/publicacion?p_id=828,https://www.vonwobeser.com/index.php/publicaciones/noticias?start=480,"Noviembre, 2017",2017-11,month,200,correcto,https://www.vonwobeser.com/index.php/publicacion?p_id=828,,1,legacy_id,828,,d7d36285-9836-4153-8ea2-c1416e7eb565,cuatro-socios-de-von-wobeser-y-sierra-aprobados-por-lacca-para-2018,news,,project_date_missing
es:826,es,news,826,Global Investigation Review (GIR)- Von Wobeser y Sierra firma seleccionada en 2017,https://www.vonwobeser.com/index.php/publicacion?p_id=826,https://www.vonwobeser.com/index.php/publicaciones/noticias?start=480,"Noviembre, 2017",2017-11,month,200,correcto,https://www.vonwobeser.com/index.php/publicacion?p_id=826,,1,legacy_id,826,,4e93941c-795c-495d-b6c1-ba1148bbb730,global-investigation-review-gir-von-wobeser-y-sierra-firma-seleccionada-en-2017,news,,project_date_missing
es:824,es,news,824,"Latin Lawyer- Rupert Hüttler, Luis Burgueño y Alberto Córdoba- Von Wobeser y Sierra dirige a la subsidiaria mexicana de Motherson Sumi en emisión de deuda",https://www.vonwobeser.com/index.php/publicacion?p_id=824,https://www.vonwobeser.com/index.php/publicaciones/noticias?start=480,"Octubre, 2017",2017-10,month,200,correcto,https://www.vonwobeser.com/index.php/publicacion?p_id=824,,1,legacy_id,824,,8a582c01-e2aa-4dbe-a671-c3b9776796e9,latin-lawyer-rupert-huttler-luis-burgueno-y-alberto-cordoba-von-wobeser-y-sierra,news,,project_date_missing
es:821,es,news,821,Andres Nieto- Panelista en la primera edición para Latinoamérica del entrenamiento TrustLaw,https://www.vonwobeser.com/index.php/publicacion?p_id=821,https://www.vonwobeser.com/index.php/publicaciones/noticias?start=480,"Octubre, 2017",2017-10,month,200,correcto,https://www.vonwobeser.com/index.php/publicacion?p_id=821,,1,legacy_id,821,,626e2bab-973e-407f-88b2-fa2757311828,andres-nieto-panelista-en-la-primera-edicion-para-latinoamerica-del-entrenamient,news,,project_date_missing
es:818,es,news,818,La Comisión Nacional de Hidrocarburos emite la convocatoria y bases para la primera licitación de la Ronda 3,https://www.vonwobeser.com/index.php/publicacion?p_id=818,https://www.vonwobeser.com/index.php/publicaciones/noticias?start=480,"Septiembre, 2017",2017-09,month,200,correcto,https://www.vonwobeser.com/index.php/publicacion?p_id=818,,1,legacy_id,818,,8b2b3a24-97ff-4e73-85ce-82c7437f96f1,la-comision-nacional-de-hidrocarburos-emite-la-convocatoria-y-bases-para-la-prim,news,,project_date_missing
es:807,es,news,807,Acuerdo Oficial del Instituto Mexicano de la Propiedad Industrial y Aviso del Instituto Nacional del Derecho de Autor,https://www.vonwobeser.com/index.php/publicacion?p_id=807,https://www.vonwobeser.com/index.php/publicaciones/noticias?start=480,"Septiembre, 2017",2017-09,month,200,correcto,https://www.vonwobeser.com/index.php/publicacion?p_id=807,,1,legacy_id,807,,432381c1-0638-46b0-abd7-069a5dda9ca8,acuerdo-oficial-del-instituto-mexicano-de-la-propiedad-industrial-y-aviso-del-in,news,,project_date_missing
es:801,es,news,801,Sesión Especial: “Perspectiva internacional sobre el combate a la corrupción desde la sociedad civil organizada”,https://www.vonwobeser.com/index.php/publicacion?p_id=801,https://www.vonwobeser.com/index.php/publicaciones/noticias?start=490,"Septiembre, 2017",2017-09,month,200,correcto,https://www.vonwobeser.com/index.php/publicacion?p_id=801,,1,legacy_id,801,,8c979f7b-254f-46c8-b5cc-ee018941b49c,sesion-especial-perspectiva-internacional-sobre-el-combate-a-la-corrupcion-desde,news,,project_date_missing
es:799,es,news,799,Licitaciones Ronda Uno para el Sector de Hidrocarburos,https://www.vonwobeser.com/index.php/publicacion?p_id=799,https://www.vonwobeser.com/index.php/publicaciones/noticias?start=620,"Enero, 2015",2015-01,month,200,correcto,https://www.vonwobeser.com/index.php/publicacion?p_id=799,,1,legacy_id,799,,0ae1662e-7043-480a-82c6-917fcba855c3,licitaciones-ronda-uno-para-el-sector-de-hidrocarburos,news,,project_date_missing
es:797,es,news,797,"Montserrat Manzano, Asociada Senior de Von Wobeser y Sierra ha sido nombrada como miembro y representante del Consejo Editorial de News & Notes del Center for American & International Law",https://www.vonwobeser.com/index.php/publicacion?p_id=797,https://www.vonwobeser.com/index.php/publicaciones/noticias?start=610,"Enero, 2015",2015-01,month,200,correcto,https://www.vonwobeser.com/index.php/publicacion?p_id=797,,1,legacy_id,797,,bb1038a8-0947-4faa-a5a6-a4c6eeff5af9,montserrat-manzano-asociada-senior-de-von-wobeser-y-sierra-ha-sido-nombrada-como,news,,project_date_missing
es:795,es,news,795,Global Competition Review- México revisa las franjas horarias en aeropuertos su primera investigación relacionada a “barreras de competencia”,https://www.vonwobeser.com/index.php/publicacion?p_id=795,https://www.vonwobeser.com/index.php/publicaciones/noticias?start=610,"Febrero, 2015",2015-02,month,200,correcto,https://www.vonwobeser.com/index.php/publicacion?p_id=795,,1,legacy_id,795,,02bc5a70-4768-4b84-85d9-829b19ee9f00,global-competition-review-mexico-revisa-las-franjas-horarias-en-aeropuertos-su-p,news,,project_date_missing
es:793,es,news,793,Latin American Corporate Counsel Association (LACCA) –Top 100: México.,https://www.vonwobeser.com/index.php/publicacion?p_id=793,https://www.vonwobeser.com/index.php/publicaciones/noticias?start=610,"Febrero, 2015",2015-02,month,200,correcto,https://www.vonwobeser.com/index.php/publicacion?p_id=793,,1,legacy_id,793,,0d58d5f1-ffdb-4fe1-bb5a-e624cd1ef33b,latin-american-corporate-counsel-association-lacca-top-100-mexico,news,,project_date_missing
es:791,es,news,791,"Guillermo Ortíz Mayagoitia, Consejero de Von Wobeser y Sierra (Ex Ministro de la Suprema Corte de Justicia de la Nación) y nuestro Socio, Diego Sierra participaron en la Judicial Integrity Initiative de la International Bar Association en Londres",https://www.vonwobeser.com/index.php/publicacion?p_id=791,https://www.vonwobeser.com/index.php/publicaciones/noticias?start=610,"Febrero, 2015",2015-02,month,200,correcto,https://www.vonwobeser.com/index.php/publicacion?p_id=791,,1,legacy_id,791,,6ea279f7-7b01-43cd-9dc2-d02944920028,guillermo-ortiz-mayagoitia-consejero-de-von-wobeser-y-sierra-ex-ministro-de-la-s,news,,project_date_missing
es:789,es,news,789,Latin Lawyer- Von Wobeser en Estados Unidos de América se encarga de componentes electrónicos,https://www.vonwobeser.com/index.php/publicacion?p_id=789,https://www.vonwobeser.com/index.php/publicaciones/noticias?start=610,"Febrero, 2015",2015-02,month,200,correcto,https://www.vonwobeser.com/index.php/publicacion?p_id=789,,1,legacy_id,789,,b1607284-0c1b-4d3c-bb76-f84facfaa073,latin-lawyer-von-wobeser-en-estados-unidos-de-america-se-encarga-de-componentes-,news,,project_date_missing
es:787,es,news,787,"Global Arbitration Review - The GAR 100, La Guía de Firmas Especializadas en Arbitraje",https://www.vonwobeser.com/index.php/publicacion?p_id=787,https://www.vonwobeser.com/index.php/publicaciones/noticias?start=610,"Febrero, 2015",2015-02,month,200,correcto,https://www.vonwobeser.com/index.php/publicacion?p_id=787,,1,legacy_id,787,,e1135758-d3e5-48a5-b066-00bf48a8da7a,global-arbitration-review-the-gar-100-la-guia-de-firmas-especializadas-en-arbitr,news,,project_date_missing
es:785,es,news,785,Latin Lawyer- Von Wobeser asesora a Grupo Modelo invertir en octava cervecería mexicana,https://www.vonwobeser.com/index.php/publicacion?p_id=785,https://www.vonwobeser.com/index.php/publicaciones/noticias?start=610,"Febrero, 2015",2015-02,month,200,correcto,https://www.vonwobeser.com/index.php/publicacion?p_id=785,,1,legacy_id,785,,f915914b-a399-4e4e-91a2-a0d725eca006,latin-lawyer-von-wobeser-asesora-a-grupo-modelo-invertir-en-octava-cerveceria-me,news,,project_date_missing
es:783,es,news,783,"Latin Lawyer - Costa Rica desata polémica, con un examen de admisión para practicantes",https://www.vonwobeser.com/index.php/publicacion?p_id=783,https://www.vonwobeser.com/index.php/publicaciones/noticias?start=610,"Marzo, 2015",2015-03,month,200,correcto,https://www.vonwobeser.com/index.php/publicacion?p_id=783,,1,legacy_id,783,,ddce88d1-f287-4459-a536-32853d99ded9,latin-lawyer-costa-rica-desata-polemica-con-un-examen-de-admision-para-practican,news,,project_date_missing
es:781,es,news,781,Latin Lawyer – México investiga el incremento en el alto precio del huevo,https://www.vonwobeser.com/index.php/publicacion?p_id=781,https://www.vonwobeser.com/index.php/publicaciones/noticias?start=610,"Marzo, 2015",2015-03,month,200,correcto,https://www.vonwobeser.com/index.php/publicacion?p_id=781,,1,legacy_id,781,,e31b357f-c064-4386-8b81-09b84ea40792,latin-lawyer-mexico-investiga-el-incremento-en-el-alto-precio-del-huevo,news,,project_date_missing
es:779,es,news,779,Cámara de Diputados aprueba reformas a la Ley Federal del Trabajo,https://www.vonwobeser.com/index.php/publicacion?p_id=779,https://www.vonwobeser.com/index.php/publicaciones/noticias?start=610,"Abril, 2015",2015-04,month,200,correcto,https://www.vonwobeser.com/index.php/publicacion?p_id=779,,1,legacy_id,779,,d97b5339-c1cc-46fa-a9e3-78f2136bd53a,camara-de-diputados-aprueba-reformas-a-la-ley-federal-del-trabajo,news,,project_date_missing
es:777,es,news,777,Reforma en Materia de Combate a la Corrupción,https://www.vonwobeser.com/index.php/publicacion?p_id=777,https://www.vonwobeser.com/index.php/publicaciones/noticias?start=600,"Abril, 2015",2015-04,month,200,correcto,https://www.vonwobeser.com/index.php/publicacion?p_id=777,,1,legacy_id,777,,6bdb81a9-21d6-46c4-8613-e374eaa53c5c,reforma-en-materia-de-combate-a-la-corrupcion,news,,project_date_missing
es:775,es,news,775,"Andrés Nieto, Socio, conferencista en 4ta Conferencia Finanzas Corporativas Latin Lawyer en NY",https://www.vonwobeser.com/index.php/publicacion?p_id=775,https://www.vonwobeser.com/index.php/publicaciones/noticias?start=600,"Junio, 2015",2015-06,month,200,correcto,https://www.vonwobeser.com/index.php/publicacion?p_id=775,,1,legacy_id,775,,ec50483e-496b-4143-89c5-83cf75cfbee7,andres-nieto-socio-conferencista-en-4ta-conferencia-finanzas-corporativas-latin-,news,,project_date_missing
es:773,es,news,773,Entra en vigor la Nueva Ley General de Transparencia y Acceso a la Información Pública,https://www.vonwobeser.com/index.php/publicacion?p_id=773,https://www.vonwobeser.com/index.php/publicaciones/noticias?start=600,"Junio, 2015",2015-06,month,200,correcto,https://www.vonwobeser.com/index.php/publicacion?p_id=773,,1,legacy_id,773,,967fcc4e-310e-4e0e-a13e-fbef894b5953,entra-en-vigor-la-nueva-ley-general-de-transparencia-y-acceso-a-la-informacion-p,news,,project_date_missing
es:771,es,news,771,Se Publica Reglamento de la Ley de Ayuda para los Trabajadores,https://www.vonwobeser.com/index.php/publicacion?p_id=771,https://www.vonwobeser.com/index.php/publicaciones/noticias?start=600,"Junio, 2015",2015-06,month,200,correcto,https://www.vonwobeser.com/index.php/publicacion?p_id=771,,1,legacy_id,771,,9aa76155-9c62-4ae9-8a1c-d2f5c56254aa,se-publica-reglamento-de-la-ley-de-ayuda-para-los-trabajadores,news,,project_date_missing
es:769,es,news,769,Bases de Licitación y Modelo de Contrato de Producción Compartida Definitivos Convocatoria 1 -Ronda Uno- Aguas Someras,https://www.vonwobeser.com/index.php/publicacion?p_id=769,https://www.vonwobeser.com/index.php/publicaciones/noticias?start=600,"Junio, 2015",2015-06,month,200,correcto,https://www.vonwobeser.com/index.php/publicacion?p_id=769,,1,legacy_id,769,,d5b67183-74ea-48e8-b153-494b88902676,bases-de-licitacion-y-modelo-de-contrato-de-produccion-compartida-definitivos-co,news,,project_date_missing
es:767,es,news,767,Se adiciona el artículo 29 Bis a la Ley del Instituto del Fondo de la Vivienda para los Trabajadores en materia de Subcontratación,https://www.vonwobeser.com/index.php/publicacion?p_id=767,https://www.vonwobeser.com/index.php/publicaciones/noticias?start=600,"Junio, 2015",2015-06,month,200,correcto,https://www.vonwobeser.com/index.php/publicacion?p_id=767,,1,legacy_id,767,,aba75ae4-443f-4b3b-b081-1d23f92cfebf,se-adiciona-el-articulo-29-bis-a-la-ley-del-instituto-del-fondo-de-la-vivienda-p,news,,project_date_missing
es:765,es,news,765,"Von Wobeser y Sierra, S.C. es reconocido por Thompson Reuters en su reporte “2015 TrustLaw Index of Pro Bono 2015”",https://www.vonwobeser.com/index.php/publicacion?p_id=765,https://www.vonwobeser.com/index.php/publicaciones/noticias?start=600,"Junio, 2015",2015-06,month,200,correcto,https://www.vonwobeser.com/index.php/publicacion?p_id=765,,1,legacy_id,765,,4a80e0c4-340f-4828-9cc8-68af9d3d3cc6,von-wobeser-y-sierra-s-c-es-reconocido-por-thompson-reuters-en-su-reporte-2015-t,news,,project_date_missing
es:763,es,news,763,Latin Lawyer – México investiga pensiones,https://www.vonwobeser.com/index.php/publicacion?p_id=763,https://www.vonwobeser.com/index.php/publicaciones/noticias?start=600,"Julio, 2015",2015-07,month,200,correcto,https://www.vonwobeser.com/index.php/publicacion?p_id=763,,1,legacy_id,763,,08278fde-7301-4aae-b27e-501ab26c9037,latin-lawyer-mexico-investiga-pensiones,news,,project_date_missing
es:761,es,news,761,Contratos de la Ronda Uno; Observaciones generales en materia de Obligaciones Ambientales,https://www.vonwobeser.com/index.php/publicacion?p_id=761,https://www.vonwobeser.com/index.php/publicaciones/noticias?start=600,"Julio, 2015",2015-07,month,200,correcto,https://www.vonwobeser.com/index.php/publicacion?p_id=761,,1,legacy_id,761,,47c19334-4a99-4286-8176-c131538126ce,contratos-de-la-ronda-uno-observaciones-generales-en-materia-de-obligaciones-amb,news,,project_date_missing
es:759,es,news,759,Modificaciones a las bases y al modelo de contrato de la Licitación No. CNH-R01-L02/2015,https://www.vonwobeser.com/index.php/publicacion?p_id=759,https://www.vonwobeser.com/index.php/publicaciones/noticias?start=600,"Agosto, 2015",2015-08,month,200,correcto,https://www.vonwobeser.com/index.php/publicacion?p_id=759,,1,legacy_id,759,,ce744d46-b563-4274-a1c4-4da21bb31392,modificaciones-a-las-bases-y-al-modelo-de-contrato-de-la-licitacion-no-cnh-r01-l,news,,project_date_missing
es:757,es,news,757,Ronda Uno- Aspectos Legales Relevantes,https://www.vonwobeser.com/index.php/publicacion?p_id=757,https://www.vonwobeser.com/index.php/publicaciones/noticias?start=590,"Septiembre, 2015",2015-09,month,200,correcto,https://www.vonwobeser.com/index.php/publicacion?p_id=757,,1,legacy_id,757,,2af2e41d-ab2e-4088-9e88-77e752d9845b,ronda-uno-aspectos-legales-relevantes,news,,project_date_missing
es:755,es,news,755,Acciones ejecutivas de la Secretaría de la Función Pública en materia de combate a la corrupción,https://www.vonwobeser.com/index.php/publicacion?p_id=755,https://www.vonwobeser.com/index.php/publicaciones/noticias?start=590,"Septiembre, 2015",2015-09,month,200,correcto,https://www.vonwobeser.com/index.php/publicacion?p_id=755,,1,legacy_id,755,,c43a8f6a-5be5-47ce-815b-7578c816e1db,acciones-ejecutivas-de-la-secretaria-de-la-funcion-publica-en-materia-de-combate,news,,project_date_missing
es:753,es,news,753,Homologación del salario mínimo en todo el país,https://www.vonwobeser.com/index.php/publicacion?p_id=753,https://www.vonwobeser.com/index.php/publicaciones/noticias?start=590,"Septiembre, 2015",2015-09,month,200,correcto,https://www.vonwobeser.com/index.php/publicacion?p_id=753,,1,legacy_id,753,,82ebec1b-0a6c-486e-b316-c4ba7858e9e6,homologacion-del-salario-minimo-en-todo-el-pais,news,,project_date_missing
es:751,es,news,751,Chambers Latin America 2016,https://www.vonwobeser.com/index.php/publicacion?p_id=751,https://www.vonwobeser.com/index.php/publicaciones/noticias?start=590,"Septiembre, 2015",2015-09,month,200,correcto,https://www.vonwobeser.com/index.php/publicacion?p_id=751,,1,legacy_id,751,,dc9cf16e-397f-43c5-bb2b-2f3723018f8b,chambers-latin-america-2016-2,news,,project_date_missing
es:749,es,news,749,The Legal 500 Latin America,https://www.vonwobeser.com/index.php/publicacion?p_id=749,https://www.vonwobeser.com/index.php/publicaciones/noticias?start=590,"Septiembre, 2015",2015-09,month,200,correcto,https://www.vonwobeser.com/index.php/publicacion?p_id=749,,1,legacy_id,749,,d9add830-f398-44e2-81e5-1ad2d414f5a0,the-legal-500-latin-america-2,news,,project_date_missing
es:747,es,news,747,GIR 100 Selected firm 2015,https://www.vonwobeser.com/index.php/publicacion?p_id=747,https://www.vonwobeser.com/index.php/publicaciones/noticias?start=590,"Septiembre, 2015",2015-09,month,200,correcto,https://www.vonwobeser.com/index.php/publicacion?p_id=747,,1,legacy_id,747,,988a0b1c-944f-4d22-83b5-aa4e1cc179e4,gir-100-selected-firm-2015-2,news,,project_date_missing
es:745,es,news,745,Nuevos instrumentos de inversión en proyectos de energía e infraestructura: Fibras E,https://www.vonwobeser.com/index.php/publicacion?p_id=745,https://www.vonwobeser.com/index.php/publicaciones/noticias?start=590,"Octubre, 2015",2015-10,month,200,correcto,https://www.vonwobeser.com/index.php/publicacion?p_id=745,,1,legacy_id,745,,d691a070-8468-424c-9bfe-695cdb73161f,nuevos-instrumentos-de-inversion-en-proyectos-de-energia-e-infraestructura-fibra,news,,project_date_missing
es:743,es,news,743,Conferencia Anual USMBA 2015: Energizando la Región Estados Unidos-México Región,https://www.vonwobeser.com/index.php/publicacion?p_id=743,https://www.vonwobeser.com/index.php/publicaciones/noticias?start=590,"Octubre, 2015",2015-10,month,200,correcto,https://www.vonwobeser.com/index.php/publicacion?p_id=743,,1,legacy_id,743,,063b8b22-dd52-4f29-bc17-85c47e98d9fa,conferencia-anual-usmba-2015-energizando-la-region-estados-unidos-mexico-region,news,,project_date_missing
es:741,es,news,741,Modificaciones a las bases de la licitación y al modelo de contrato de la tercera convocatoria de licitaciones de la ronda uno,https://www.vonwobeser.com/index.php/publicacion?p_id=741,https://www.vonwobeser.com/index.php/publicaciones/noticias?start=590,"Noviembre, 2015",2015-11,month,200,correcto,https://www.vonwobeser.com/index.php/publicacion?p_id=741,,1,legacy_id,741,,bedddf8c-af8d-4932-873c-bb5fb68bf106,modificaciones-a-las-bases-de-la-licitacion-y-al-modelo-de-contrato-de-la-tercer,news,,project_date_missing
es:739,es,news,739,Latin Lawyer- Pro Bono 2015: Leading Lights,https://www.vonwobeser.com/index.php/publicacion?p_id=739,https://www.vonwobeser.com/index.php/publicaciones/noticias?start=590,"Diciembre, 2015",2015-12,month,200,correcto,https://www.vonwobeser.com/index.php/publicacion?p_id=739,,1,legacy_id,739,,f5ab9789-e2f7-4e94-9269-f5be8e20cba2,latin-lawyer-pro-bono-2015-leading-lights-2,news,,project_date_missing
es:737,es,news,737,"Dr. Edmund Duckwitz, Of Counsel en Von Wobeser y Sierra, S.C. ha recibido la más alta distinción del gobierno mexicano “La Orden Mexicana del Águila Azteca en grado de banda”",https://www.vonwobeser.com/index.php/publicacion?p_id=737,https://www.vonwobeser.com/index.php/publicaciones/noticias?start=580,"Diciembre, 2015",2015-12,month,200,correcto,https://www.vonwobeser.com/index.php/publicacion?p_id=737,,1,legacy_id,737,,f8ddcd70-c13f-492a-ba10-55e2fe9de327,dr-edmund-duckwitz-of-counsel-en-von-wobeser-y-sierra-s-c-ha-recibido-la-mas-alt,news,,project_date_missing
es:735,es,news,735,GCR- Reconoce Global Competition Review a Fernando Carreño,https://www.vonwobeser.com/index.php/publicacion?p_id=735,https://www.vonwobeser.com/index.php/publicaciones/noticias?start=580,"Diciembre, 2015",2015-12,month,200,correcto,https://www.vonwobeser.com/index.php/publicacion?p_id=735,,1,legacy_id,735,,ca6cbcfa-362e-49f4-aefd-d7e4855f5b1b,gcr-reconoce-global-competition-review-a-fernando-carreno,news,,project_date_missing
es:733,es,news,733,VWYS apoya y celebra la Judicial Integrity Initiative de la IBA mediante la presentación de los resultados preliminares de la JII,https://www.vonwobeser.com/index.php/publicacion?p_id=733,https://www.vonwobeser.com/index.php/publicaciones/noticias?start=580,"Diciembre, 2015",2015-12,month,200,correcto,https://www.vonwobeser.com/index.php/publicacion?p_id=733,,1,legacy_id,733,,8ece1157-2427-4de4-9c17-61511c5a5a6b,vwys-apoya-y-celebra-la-judicial-integrity-initiative-de-la-iba-mediante-la-pres,news,,project_date_missing
es:731,es,news,731,Se publica Acuerdo por el que se crea el SIAAT y se dan a conocer los formatos para informar los accidentes y defunciones de los trabajadores,https://www.vonwobeser.com/index.php/publicacion?p_id=731,https://www.vonwobeser.com/index.php/publicaciones/noticias?start=580,"Diciembre, 2015",2015-12,month,200,correcto,https://www.vonwobeser.com/index.php/publicacion?p_id=731,,1,legacy_id,731,,46458bea-ffa8-44e6-b065-3eb7df668865,se-publica-acuerdo-por-el-que-se-crea-el-siaat-y-se-dan-a-conocer-los-formatos-p,news,,project_date_missing
es:724,es,news,724,International Chamber of Commerce (ICC) – Andrés Nieto – Conferencia de Arbitraje Financiero,https://www.vonwobeser.com/index.php/publicacion?p_id=724,https://www.vonwobeser.com/index.php/publicaciones/noticias?start=500,"Marzo, 2017",2017-03,month,200,correcto,https://www.vonwobeser.com/index.php/publicacion?p_id=724,,1,legacy_id,724,,bd9e34db-810b-4cd1-98c0-e9422841368c,international-chamber-of-commerce-icc-andres-nieto-conferencia-de-arbitraje-fina,news,,project_date_missing
es:721,es,news,721,"Claus von Wobeser Ha Sido Electo Presidente de CAMEXA, Julio 2009.",https://www.vonwobeser.com/index.php/publicacion?p_id=721,https://www.vonwobeser.com/index.php/publicaciones/noticias?start=760,"Julio, 2009",2009-07,month,200,correcto,https://www.vonwobeser.com/index.php/publicacion?p_id=721,,1,legacy_id,721,,2c4f4714-49e5-4cf3-bdea-85a7a762940a,claus-von-wobeser-ha-sido-electo-presidente-de-camexa-julio-2009,news,2009-07-01,date_match
es:719,es,news,719,"Von Wobeser y Sierra es Seleccionado Top 100 Despachos de Arbitraje del Mundo, Octubre 2009.",https://www.vonwobeser.com/index.php/publicacion?p_id=719,https://www.vonwobeser.com/index.php/publicaciones/noticias?start=760,"Octubre, 2009",2009-10,month,200,correcto,https://www.vonwobeser.com/index.php/publicacion?p_id=719,,1,legacy_id,719,,d6d00979-f07f-4a89-b56a-5501ab1b1356,von-wobeser-y-sierra-es-seleccionado-top-100-despachos-de-arbitraje-del-mundo-oc,news,2009-10-01,date_match
es:717,es,news,717,"Von Wobeser y Sierra es Reconocida como Firma Líder, Octubre 2009.",https://www.vonwobeser.com/index.php/publicacion?p_id=717,https://www.vonwobeser.com/index.php/publicaciones/noticias?start=760,"Octubre, 2009",2009-10,month,200,correcto,https://www.vonwobeser.com/index.php/publicacion?p_id=717,,1,legacy_id,717,,cb869198-2574-4a26-b55e-a4629a7a1fef,von-wobeser-y-sierra-es-reconocida-como-firma-lider-octubre-2009,news,2009-10-01,date_match
es:715,es,news,715,"Nuevo Sitio de Internet de Von Wobeser y Sierra, Enero 2010.",https://www.vonwobeser.com/index.php/publicacion?p_id=715,https://www.vonwobeser.com/index.php/publicaciones/noticias?start=760,"Enero, 2010",2010-01,month,200,correcto,https://www.vonwobeser.com/index.php/publicacion?p_id=715,,1,legacy_id,715,,df125d11-f3cf-4fd8-8c97-b643f5b0e681,nuevo-sitio-de-internet-de-von-wobeser-y-sierra-enero-2010,news,2010-01-01,date_match
es:713,es,news,713,"Global Arbitration Review - Von Wobeser y Sierra Promueve Nuevo Socio, Enero 2010.",https://www.vonwobeser.com/index.php/publicacion?p_id=713,https://www.vonwobeser.com/index.php/publicaciones/noticias?start=750,"Enero, 2010",2010-01,month,200,correcto,https://www.vonwobeser.com/index.php/publicacion?p_id=713,,1,legacy_id,713,,5233e05d-275e-41cf-a76c-7e9799f214e3,global-arbitration-review-von-wobeser-y-sierra-promueve-nuevo-socio-enero-2010,news,2010-01-01,date_match
es:711,es,news,711,Von Wobeser y Sierra Gana Arbitraje Asesorando a una Empresa Líder en el Sector Químico,https://www.vonwobeser.com/index.php/publicacion?p_id=711,https://www.vonwobeser.com/index.php/publicaciones/noticias?start=750,"Julio, 2010",2010-07,month,200,correcto,https://www.vonwobeser.com/index.php/publicacion?p_id=711,,1,legacy_id,711,,370a95a4-8b17-4b97-b7aa-c98de73bd903,von-wobeser-y-sierra-gana-arbitraje-asesorando-a-una-empresa-lider-en-el-sector-,news,2010-07-01,date_match
es:709,es,news,709,Don Manuel Lizardi es nombrado Profesor Emérito de la Escuela Libre de Derecho y Publica Nuevo Libro,https://www.vonwobeser.com/index.php/publicacion?p_id=709,https://www.vonwobeser.com/index.php/publicaciones/noticias?start=750,"Julio, 2010",2010-07,month,200,correcto,https://www.vonwobeser.com/index.php/publicacion?p_id=709,,1,legacy_id,709,,80918504-5a95-40d8-a721-7c133bd9b5f9,don-manuel-lizardi-es-nombrado-profesor-emerito-de-la-escuela-libre-de-derecho-y,news,2010-07-01,date_match
es:707,es,news,707,Von Wobeser y Sierra Obtiene Laudo Favorable para Anheuser-Busch InBev,https://www.vonwobeser.com/index.php/publicacion?p_id=707,https://www.vonwobeser.com/index.php/publicaciones/noticias?start=750,"Julio, 2010",2010-07,month,200,correcto,https://www.vonwobeser.com/index.php/publicacion?p_id=707,,1,legacy_id,707,,70f31c20-5333-4397-9f44-60618157c806,von-wobeser-y-sierra-obtiene-laudo-favorable-para-anheuser-busch-inbev,news,2010-07-01,date_match
es:705,es,news,705,Latin Lawyer - Consejero de ICC se integra a Von Wobeser y Sierra S.C.,https://www.vonwobeser.com/index.php/publicacion?p_id=705,https://www.vonwobeser.com/index.php/publicaciones/noticias?start=750,"Diciembre, 2011",2011-12,month,200,correcto,https://www.vonwobeser.com/index.php/publicacion?p_id=705,,1,legacy_id,705,,cb3633a1-be5b-4ec7-9db7-3fbce968bcab,latin-lawyer-consejero-de-icc-se-integra-a-von-wobeser-y-sierra-s-c,news,2011-12-01,date_match
es:703,es,news,703,Von Wobeser y Sierra Promueve a Andrés Nieto como Nuevo Socio,https://www.vonwobeser.com/index.php/publicacion?p_id=703,https://www.vonwobeser.com/index.php/publicaciones/noticias?start=750,"Enero, 2012",2012-01,month,200,correcto,https://www.vonwobeser.com/index.php/publicacion?p_id=703,,1,legacy_id,703,,9a943c66-65c0-4d43-8ec9-3a49b2a3a0ea,von-wobeser-y-sierra-promueve-a-andres-nieto-como-nuevo-socio,news,2012-01-01,date_match
es:701,es,news,701,"Corporate Livewire - Von Wobeser y Sierra S.C. Ganó reconocimiento como el despacho del Año en Arbitraje y en Energía, Febrero 2012.",https://www.vonwobeser.com/index.php/publicacion?p_id=701,https://www.vonwobeser.com/index.php/publicaciones/noticias?start=750,"Febrero, 2012",2012-02,month,200,correcto,https://www.vonwobeser.com/index.php/publicacion?p_id=701,,1,legacy_id,701,,2a88b07e-9df7-4bfd-a77e-7a9d64abd387,corporate-livewire-von-wobeser-y-sierra-s-c-gano-reconocimiento-como-el-despacho,news,2012-02-01,date_match
es:699,es,news,699,Von Wobeser & Sierra S.C. le da la bienvenida a Victor M. Ruiz a nuestro equipo de Arbitraje,https://www.vonwobeser.com/index.php/publicacion?p_id=699,https://www.vonwobeser.com/index.php/publicaciones/noticias?start=750,"Febrero, 2012",2012-02,month,200,correcto,https://www.vonwobeser.com/index.php/publicacion?p_id=699,,1,legacy_id,699,,80119af7-26a9-41eb-8b87-2635e2ddc63e,von-wobeser-sierra-s-c-le-da-la-bienvenida-a-victor-m-ruiz-a-nuestro-equipo-de-a,news,2012-02-01,date_match
es:697,es,news,697,"Global Arbitration Review - El despacho mexicano líder en arbitraje integra a Ex miembro del ICC, Marzo 2012.",https://www.vonwobeser.com/index.php/publicacion?p_id=697,https://www.vonwobeser.com/index.php/publicaciones/noticias?start=750,"Marzo, 2012",2012-03,month,200,correcto,https://www.vonwobeser.com/index.php/publicacion?p_id=697,,1,legacy_id,697,,f2769be0-7d08-484b-9849-26ef5797ae0c,global-arbitration-review-el-despacho-mexicano-lider-en-arbitraje-integra-a-ex-m,news,2012-03-01,date_match
es:695,es,news,695,Von Wobeser y Sierra S.C. participará activamente en la conferencia del “American Bar Association” del 14 al 16 de junio 2012,https://www.vonwobeser.com/index.php/publicacion?p_id=695,https://www.vonwobeser.com/index.php/publicaciones/noticias?start=750,"Mayo, 2012",2012-05,month,200,correcto,https://www.vonwobeser.com/index.php/publicacion?p_id=695,,1,legacy_id,695,,78dc5b0d-ad84-423a-aeb8-6209a6b71ac6,von-wobeser-y-sierra-s-c-participara-activamente-en-la-conferencia-del-american-,news,2012-05-01,date_match
es:693,es,news,693,Latin Lawyer - Von Wobeser ayuda a minera New Gold,https://www.vonwobeser.com/index.php/publicacion?p_id=693,https://www.vonwobeser.com/index.php/publicaciones/noticias?start=740,"Mayo, 2012",2012-05,month,200,correcto,https://www.vonwobeser.com/index.php/publicacion?p_id=693,,1,legacy_id,693,,9ff96c2e-d6f8-4a66-8106-06709744243e,latin-lawyer-von-wobeser-ayuda-a-minera-new-gold,,,project_date_missing
es:691,es,news,691,Von Wobeser y Sierra S.C. representó a Anheuser Busch InBev en la compra de Grupo Modelo,https://www.vonwobeser.com/index.php/publicacion?p_id=691,https://www.vonwobeser.com/index.php/publicaciones/noticias?start=740,"Julio, 2012",2012-07,month,200,correcto,https://www.vonwobeser.com/index.php/publicacion?p_id=691,,1,legacy_id,691,,4a0b74c3-7ecc-450a-ad47-b35e87e46033,von-wobeser-y-sierra-s-c-represento-a-anheuser-busch-inbev-en-la-compra-de-grupo,news,,project_date_missing
es:689,es,news,689,Latin Lawyer - Ocho despachos involucrados en la compra de Grupo Modelo,https://www.vonwobeser.com/index.php/publicacion?p_id=689,https://www.vonwobeser.com/index.php/publicaciones/noticias?start=740,"Julio, 2012",2012-07,month,200,correcto,https://www.vonwobeser.com/index.php/publicacion?p_id=689,,1,legacy_id,689,,6f2d235e-ec85-499c-bb22-dfdb6e57dddf,latin-lawyer-ocho-despachos-involucrados-en-la-compra-de-grupo-modelo,news,,project_date_missing
es:687,es,news,687,"Global Arbitration Review - Von Wobeser en el asiento de conductor en relación a juicio en Costa Rica, Agosto 2012",https://www.vonwobeser.com/index.php/publicacion?p_id=687,https://www.vonwobeser.com/index.php/publicaciones/noticias?start=740,"Agosto, 2012",2012-08,month,200,correcto,https://www.vonwobeser.com/index.php/publicacion?p_id=687,,1,legacy_id,687,,9252454f-4439-4c48-a2c1-e99518be355f,global-arbitration-review-von-wobeser-en-el-asiento-de-conductor-en-relacion-a-j,news,,project_date_missing
es:685,es,news,685,Von Wobeser y Sierra S.C. reconocido por Chambers Latin America.,https://www.vonwobeser.com/index.php/publicacion?p_id=685,https://www.vonwobeser.com/index.php/publicaciones/noticias?start=740,"Septiembre, 2012",2012-09,month,200,correcto,https://www.vonwobeser.com/index.php/publicacion?p_id=685,,1,legacy_id,685,,d8122f93-77d8-4535-af69-11c6fc720942,von-wobeser-y-sierra-s-c-reconocido-por-chambers-latin-america,news,,project_date_missing
es:683,es,news,683,Von Wobeser y Sierra S.C. reconocido por Legal 500.,https://www.vonwobeser.com/index.php/publicacion?p_id=683,https://www.vonwobeser.com/index.php/publicaciones/noticias?start=740,"Septiembre, 2012",2012-09,month,200,correcto,https://www.vonwobeser.com/index.php/publicacion?p_id=683,,1,legacy_id,683,,9e65e5a5-a33d-40a1-8bae-b78d525871c1,von-wobeser-y-sierra-s-c-reconocido-por-legal-500,news,,project_date_missing
es:682,es,news,682,"Von Wobeser y Sierra S.C., participó en el taller “Enhancing Global Cartel Enforcement, Building on Solid Foundations” del ICN.",https://www.vonwobeser.com/index.php/publicacion?p_id=682,https://www.vonwobeser.com/index.php/publicaciones/noticias?start=740,"Octubre, 2012",2012-10,month,200,correcto,https://www.vonwobeser.com/index.php/publicacion?p_id=682,,1,legacy_id,682,,15777536-5882-43ff-bf60-1efbc3f6acd8,von-wobeser-y-sierra-s-c-participo-en-el-taller-enhancing-global-cartel-enforcem,news,,project_date_missing
es:680,es,news,680,"Von Wobeser y Sierra S.C.participará en el Seminario de la ICC, “Solución de Controversias Financieras”",https://www.vonwobeser.com/index.php/publicacion?p_id=680,https://www.vonwobeser.com/index.php/publicaciones/noticias?start=740,"Octubre, 2012",2012-10,month,200,correcto,https://www.vonwobeser.com/index.php/publicacion?p_id=680,,1,legacy_id,680,,0a1cc0cf-af3e-4829-805d-470dc4abdd70,von-wobeser-y-sierra-s-c-participara-en-el-seminario-de-la-icc-solucion-de-contr,news,,project_date_missing
es:676,es,news,676,Global Competition Review - AB InBev/Grupo Modelo aprobado en México,https://www.vonwobeser.com/index.php/publicacion?p_id=676,https://www.vonwobeser.com/index.php/publicaciones/noticias?start=740,"Noviembre, 2012",2012-11,month,200,correcto,https://www.vonwobeser.com/index.php/publicacion?p_id=676,,1,legacy_id,676,,921548d8-aad6-4b67-8160-e098914e2929,global-competition-review-ab-inbev-grupo-modelo-aprobado-en-mexico,news,,project_date_missing
es:674,es,news,674,Latin Lawyer - AB InBev/Grupo Modelo aprobado en México,https://www.vonwobeser.com/index.php/publicacion?p_id=674,https://www.vonwobeser.com/index.php/publicaciones/noticias?start=740,"Noviembre, 2012",2012-11,month,200,correcto,https://www.vonwobeser.com/index.php/publicacion?p_id=674,,1,legacy_id,674,,2520185f-498e-41ff-a800-9c08d5332b0d,latin-lawyer-ab-inbev-grupo-modelo-aprobado-en-mexico,news,,project_date_missing
es:672,es,news,672,Latin Lawyer-New Gold regresa a despachos conocidos para expedición de $500 millones,https://www.vonwobeser.com/index.php/publicacion?p_id=672,https://www.vonwobeser.com/index.php/publicaciones/noticias?start=730,"Noviembre, 2012",2012-11,month,200,correcto,https://www.vonwobeser.com/index.php/publicacion?p_id=672,,1,legacy_id,672,,d3f34b86-b491-403a-9fdd-6e3537fe4c37,latin-lawyer-new-gold-regresa-a-despachos-conocidos-para-expedicion-de-500-millo,news,,project_date_missing
es:670,es,news,670,Reformas a la Ley Federal del Trabajo,https://www.vonwobeser.com/index.php/publicacion?p_id=670,https://www.vonwobeser.com/index.php/publicaciones/noticias?start=730,"Diciembre, 2012",2012-12,month,200,correcto,https://www.vonwobeser.com/index.php/publicacion?p_id=670,,1,legacy_id,670,,f95cbd0b-713a-41b0-ab5f-7986154ba7bb,reformas-a-la-ley-federal-del-trabajo-2,news,,project_date_missing
es:668,es,news,668,Nueva Legislación Migratoria en México,https://www.vonwobeser.com/index.php/publicacion?p_id=668,https://www.vonwobeser.com/index.php/publicaciones/noticias?start=730,"Diciembre, 2012",2012-12,month,200,correcto,https://www.vonwobeser.com/index.php/publicacion?p_id=668,,1,legacy_id,668,,d1e0e884-6731-4e22-929f-64441a14ec04,nueva-legislacion-migratoria-en-mexico,news,,project_date_missing
es:666,es,news,666,Ley Federal para la Prevención e Identificación de Operaciones con Recursos de Procedencia Ilícita,https://www.vonwobeser.com/index.php/publicacion?p_id=666,https://www.vonwobeser.com/index.php/publicaciones/noticias?start=730,"Enero, 2013",2013-01,month,200,correcto,https://www.vonwobeser.com/index.php/publicacion?p_id=666,,1,legacy_id,666,,b865e51d-a34e-4c83-9dd5-c27f2f47e8a6,ley-federal-para-la-prevencion-e-identificacion-de-operaciones-con-recursos-de-p-6,news,,project_date_missing
es:664,es,news,664,Reformas a la ley Federal del Trabajo,https://www.vonwobeser.com/index.php/publicacion?p_id=664,https://www.vonwobeser.com/index.php/publicaciones/noticias?start=730,"Enero, 2013",2013-01,month,200,correcto,https://www.vonwobeser.com/index.php/publicacion?p_id=664,,1,legacy_id,664,,179323c7-5b2e-45d5-a389-06015325b530,reformas-a-la-ley-federal-del-trabajo,news,,project_date_missing
es:662,es,news,662,Von Wobeser y Sierra S.C. promueve a Adrían Magallanes a Socio,https://www.vonwobeser.com/index.php/publicacion?p_id=662,https://www.vonwobeser.com/index.php/publicaciones/noticias?start=730,"Enero, 2013",2013-01,month,200,correcto,https://www.vonwobeser.com/index.php/publicacion?p_id=662,,1,legacy_id,662,,5057c946-417a-47ed-a0f9-80115c051b84,von-wobeser-y-sierra-s-c-promueve-a-adrian-magallanes-a-socio,news,,project_date_missing
es:660,es,news,660,Von Wobeser y Sierra S.C. promueve a Edmond Grieger a Socio,https://www.vonwobeser.com/index.php/publicacion?p_id=660,https://www.vonwobeser.com/index.php/publicaciones/noticias?start=730,"Enero, 2013",2013-01,month,200,correcto,https://www.vonwobeser.com/index.php/publicacion?p_id=660,,1,legacy_id,660,,a11f84b4-cb73-4463-bb6b-4e43c76d859d,von-wobeser-y-sierra-s-c-promueve-a-edmond-grieger-a-socio,news,,project_date_missing
es:658,es,news,658,Von Wobeser y Sierra S.C. participará en la reunión de Alto Nivel sobre Arbitraje Comercial Internacional de la Organización de los Estados Americanos (OEA),https://www.vonwobeser.com/index.php/publicacion?p_id=658,https://www.vonwobeser.com/index.php/publicaciones/noticias?start=730,"Enero, 2013",2013-01,month,200,correcto,https://www.vonwobeser.com/index.php/publicacion?p_id=658,,1,legacy_id,658,,beecea3d-ae5c-42b9-9b19-4dc8e9b824e9,von-wobeser-y-sierra-s-c-participara-en-la-reunion-de-alto-nivel-sobre-arbitraje,news,,project_date_missing
es:656,es,news,656,Latin Lawyer - Más firmas promueven Socios,https://www.vonwobeser.com/index.php/publicacion?p_id=656,https://www.vonwobeser.com/index.php/publicaciones/noticias?start=730,"Enero, 2013",2013-01,month,200,correcto,https://www.vonwobeser.com/index.php/publicacion?p_id=656,,1,legacy_id,656,,bef3ba83-0461-4fb2-9e0b-3a6724dbbb33,latin-lawyer-mas-firmas-promueven-socios,news,,project_date_missing
es:654,es,news,654,Global Arbitration Review - Von Wobeser promueve nuevo Socio,https://www.vonwobeser.com/index.php/publicacion?p_id=654,https://www.vonwobeser.com/index.php/publicaciones/noticias?start=730,"Enero, 2013",2013-01,month,200,correcto,https://www.vonwobeser.com/index.php/publicacion?p_id=654,,1,legacy_id,654,,220fac9a-a997-49ce-9343-2c2c48748add,global-arbitration-review-von-wobeser-promueve-nuevo-socio,news,,project_date_missing
es:652,es,news,652,Latin Lawyer - AB InBev ofrece propuesta al Departamento de Justicia de Estados Unidos,https://www.vonwobeser.com/index.php/publicacion?p_id=652,https://www.vonwobeser.com/index.php/publicaciones/noticias?start=720,"Febrero, 2013",2013-02,month,200,correcto,https://www.vonwobeser.com/index.php/publicacion?p_id=652,,1,legacy_id,652,,727947f3-ac62-4097-93e7-46c84b316f0a,latin-lawyer-ab-inbev-ofrece-propuesta-al-departamento-de-justicia-de-estados-un,news,2013-02-01,date_match
es:650,es,news,650,Nueva Ley de Amparo,https://www.vonwobeser.com/index.php/publicacion?p_id=650,https://www.vonwobeser.com/index.php/publicaciones/noticias?start=720,"Marzo, 2013",2013-03,month,200,correcto,https://www.vonwobeser.com/index.php/publicacion?p_id=650,,1,legacy_id,650,,ccea5a99-e06a-4a09-a194-e5153c819cdd,nueva-ley-de-amparo,news,2013-03-01,date_match
es:648,es,news,648,"Von Wobeser y Sierra, S.C. participa activamente en la ANADE",https://www.vonwobeser.com/index.php/publicacion?p_id=648,https://www.vonwobeser.com/index.php/publicaciones/noticias?start=720,"Abril, 2013",2013-04,month,200,correcto,https://www.vonwobeser.com/index.php/publicacion?p_id=648,,1,legacy_id,648,,c6f45a8c-ae1a-48c3-b6d9-5fbd56348068,von-wobeser-y-sierra-s-c-participa-activamente-en-la-anade,news,2013-04-01,date_match
es:646,es,news,646,Entrada en Vigor de la Nueva Ley de Amparo,https://www.vonwobeser.com/index.php/publicacion?p_id=646,https://www.vonwobeser.com/index.php/publicaciones/noticias?start=720,"Abril, 2013",2013-04,month,200,correcto,https://www.vonwobeser.com/index.php/publicacion?p_id=646,,1,legacy_id,646,,c484ee6b-8835-4e99-afed-c10c9330aea5,entrada-en-vigor-de-la-nueva-ley-de-amparo,news,2013-04-01,date_match
es:644,es,news,644,El Aviso de Privacidad y la Protección de Datos Personales,https://www.vonwobeser.com/index.php/publicacion?p_id=644,https://www.vonwobeser.com/index.php/publicaciones/noticias?start=720,"Abril, 2013",2013-04,month,200,correcto,https://www.vonwobeser.com/index.php/publicacion?p_id=644,,1,legacy_id,644,,fae727c8-4240-41a8-a9c8-d642947d469d,el-aviso-de-privacidad-y-la-proteccion-de-datos-personales,news,2013-04-01,date_match
es:642,es,news,642,"Fernando Carreño de Von Wobeser y Sierra, S.C. expositor en el Primer Taller de Competencia Económica",https://www.vonwobeser.com/index.php/publicacion?p_id=642,https://www.vonwobeser.com/index.php/publicaciones/noticias?start=720,"Abril, 2013",2013-04,month,200,correcto,https://www.vonwobeser.com/index.php/publicacion?p_id=642,,1,legacy_id,642,,84725a17-1c57-4e4f-b007-9b4b1d71be8c,fernando-carreno-de-von-wobeser-y-sierra-s-c-expositor-en-el-primer-taller-de-co,news,2013-04-01,date_match
es:640,es,news,640,"Von Wobeser y Sierra, S.C. participa activamente en la INTA 2013",https://www.vonwobeser.com/index.php/publicacion?p_id=640,https://www.vonwobeser.com/index.php/publicaciones/noticias?start=720,"Abril, 2013",2013-04,month,200,correcto,https://www.vonwobeser.com/index.php/publicacion?p_id=640,,1,legacy_id,640,,4a4d5e6c-96cb-4e15-9ce7-753e915b950b,von-wobeser-y-sierra-s-c-participa-activamente-en-la-inta-2013,news,2013-04-01,date_match
es:638,es,news,638,"Von Wobeser y Sierra, S.C. estará presente en la reunión anual de la INTA 2013",https://www.vonwobeser.com/index.php/publicacion?p_id=638,https://www.vonwobeser.com/index.php/publicaciones/noticias?start=720,"Abril, 2013",2013-04,month,200,correcto,https://www.vonwobeser.com/index.php/publicacion?p_id=638,,1,legacy_id,638,,b65d5c9f-fbfb-4eac-8fa6-e48cd8793d55,von-wobeser-y-sierra-s-c-estara-presente-en-la-reunion-anual-de-la-inta-2013,news,2013-04-01,date_match
es:636,es,news,636,Propuesta de Reforma Constitucional en Materia de Adquisición de Inmuebles,https://www.vonwobeser.com/index.php/publicacion?p_id=636,https://www.vonwobeser.com/index.php/publicaciones/noticias?start=720,"Abril, 2013",2013-04,month,200,correcto,https://www.vonwobeser.com/index.php/publicacion?p_id=636,,1,legacy_id,636,,884fc9ee-9fdc-4b0d-8b25-804d94eefdbf,propuesta-de-reforma-constitucional-en-materia-de-adquisicion-de-inmuebles,news,2013-04-01,date_match
es:634,es,news,634,Von Wobeser y Sierra S.C. es reconocido por su contribución en Pro Bono,https://www.vonwobeser.com/index.php/publicacion?p_id=634,https://www.vonwobeser.com/index.php/publicaciones/noticias?start=720,"Mayo, 2013",2013-05,month,200,correcto,https://www.vonwobeser.com/index.php/publicacion?p_id=634,,1,legacy_id,634,,fa7897c4-6143-4094-aa86-4a690c993d10,von-wobeser-y-sierra-s-c-es-reconocido-por-su-contribucion-en-pro-bono,news,2013-05-01,date_match
es:632,es,news,632,Von Wobeser y Sierra S.C. es reconocido por Latin Lawyer 250 como uno de los mejores despachos en Latinoamérica,https://www.vonwobeser.com/index.php/publicacion?p_id=632,https://www.vonwobeser.com/index.php/publicaciones/noticias?start=710,"Mayo, 2013",2013-05,month,200,correcto,https://www.vonwobeser.com/index.php/publicacion?p_id=632,,1,legacy_id,632,,ffd062e1-d8ce-4997-8e6c-b57ce5725cf3,von-wobeser-y-sierra-s-c-es-reconocido-por-latin-lawyer-250-como-uno-de-los-mejo,news,2013-05-01,date_match
es:630,es,news,630,Von Wobeser y Sierra S.C. es reconocido por Chambers & Partners Global,https://www.vonwobeser.com/index.php/publicacion?p_id=630,https://www.vonwobeser.com/index.php/publicaciones/noticias?start=710,"Mayo, 2013",2013-05,month,200,correcto,https://www.vonwobeser.com/index.php/publicacion?p_id=630,,1,legacy_id,630,,d84f43eb-31a8-4e48-aedf-508e8ab1f640,von-wobeser-y-sierra-s-c-es-reconocido-por-chambers-partners-global,news,2013-05-01,date_match
es:628,es,news,628,Von Wobeser y Sierra S.C. es reconocido por IFLR 1000,https://www.vonwobeser.com/index.php/publicacion?p_id=628,https://www.vonwobeser.com/index.php/publicaciones/noticias?start=710,"Mayo, 2013",2013-05,month,200,correcto,https://www.vonwobeser.com/index.php/publicacion?p_id=628,,1,legacy_id,628,,5ddef520-1e8d-4cfa-91ae-a07455f0aeb3,von-wobeser-y-sierra-s-c-es-reconocido-por-iflr-1000,news,2013-05-01,date_match
es:626,es,news,626,Von Wobeser y Sierra S.C. es reconocido por IFLR 1000 Latin America Energy & Infrastructure Guide,https://www.vonwobeser.com/index.php/publicacion?p_id=626,https://www.vonwobeser.com/index.php/publicaciones/noticias?start=710,"Mayo, 2013",2013-05,month,200,correcto,https://www.vonwobeser.com/index.php/publicacion?p_id=626,,1,legacy_id,626,,26e4e073-e586-4ec5-be9d-68bb0c46a677,von-wobeser-y-sierra-s-c-es-reconocido-por-iflr-1000-latin-america-energy-infras,news,2013-05-01,date_match
es:624,es,news,624,Latin Lawyer-Suprema Corta de Justicia de Estados Unidos acepta adquisición de Anheuser Busch InBev,https://www.vonwobeser.com/index.php/publicacion?p_id=624,https://www.vonwobeser.com/index.php/publicaciones/noticias?start=710,"Mayo, 2013",2013-05,month,200,correcto,https://www.vonwobeser.com/index.php/publicacion?p_id=624,,1,legacy_id,624,,39fe4147-45b9-40d3-af26-dd988263642e,latin-lawyer-suprema-corta-de-justicia-de-estados-unidos-acepta-adquisicion-de-a,news,2013-05-01,date_match
es:622,es,news,622,Latin Lawyer-Alsea compra franquicia de Burger King en México,https://www.vonwobeser.com/index.php/publicacion?p_id=622,https://www.vonwobeser.com/index.php/publicaciones/noticias?start=710,"Mayo, 2013",2013-05,month,200,correcto,https://www.vonwobeser.com/index.php/publicacion?p_id=622,,1,legacy_id,622,,0272c23d-f7b2-4bf2-966b-7c3fb40be638,latin-lawyer-alsea-compra-franquicia-de-burger-king-en-mexico,news,2013-05-01,date_match
es:621,es,news,621,14 de Mayo 2013 Seminario: Presentación de la nueva Ley de Amparo,https://www.vonwobeser.com/index.php/publicacion?p_id=621,https://www.vonwobeser.com/index.php/publicaciones/noticias?start=710,"Mayo, 2013",2013-05,month,200,correcto,https://www.vonwobeser.com/index.php/publicacion?p_id=621,,1,legacy_id,621,,53d9f5b2-3b64-49e4-97a5-86eb21b99607,14-de-mayo-2013-seminario-presentacion-de-la-nueva-ley-de-amparo,news,2013-05-01,date_match
es:619,es,news,619,"Von Wobeser y Sierra S.C., capacitará a Jueces de la República Dominicana en temas relativos a la intervención del Poder Judicial bajo la Ley Modelo de la UNCITRAL sobre Arbitraje Comercial Internacional",https://www.vonwobeser.com/index.php/publicacion?p_id=619,https://www.vonwobeser.com/index.php/publicaciones/noticias?start=710,"Mayo, 2013",2013-05,month,200,correcto,https://www.vonwobeser.com/index.php/publicacion?p_id=619,,1,legacy_id,619,,565a2ef0-343d-4ca8-b0f5-9c165bde8370,von-wobeser-y-sierra-s-c-capacitara-a-jueces-de-la-republica-dominicana-en-temas,news,2013-05-01,date_match
es:617,es,news,617,"Von Wobeser y Sierra, S.C., felicita al Lic. Silverio Sandate por la obtención de su especialidad en Derecho Autoral del Instituto de Propiedad Intelectual y Derecho de la Competencia (IPIDEC)",https://www.vonwobeser.com/index.php/publicacion?p_id=617,https://www.vonwobeser.com/index.php/publicaciones/noticias?start=710,"Mayo, 2013",2013-05,month,200,correcto,https://www.vonwobeser.com/index.php/publicacion?p_id=617,,1,legacy_id,617,,221e60c1-bfa9-4dd5-825b-747e25fd227b,von-wobeser-y-sierra-s-c-felicita-al-lic-silverio-sandate-por-la-obtencion-de-su,news,2013-05-01,date_match
es:615,es,news,615,"Von Wobeser y Sierra S.C., participará en el curso del ICC Dispute Boards en América Latina",https://www.vonwobeser.com/index.php/publicacion?p_id=615,https://www.vonwobeser.com/index.php/publicaciones/noticias?start=710,"Mayo, 2013",2013-05,month,200,correcto,https://www.vonwobeser.com/index.php/publicacion?p_id=615,,1,legacy_id,615,,1912fbb6-f5a6-4285-9a53-cda84a36081e,von-wobeser-y-sierra-s-c-participara-en-el-curso-del-icc-dispute-boards-en-ameri,news,2013-05-01,date_match
es:613,es,news,613,"Von Wobeser y Sierra S.C., asesoró a AB InBev en oferta pública 20,100 millones de dólares",https://www.vonwobeser.com/index.php/publicacion?p_id=613,https://www.vonwobeser.com/index.php/publicaciones/noticias?start=700,"Junio, 2013",2013-06,month,200,correcto,https://www.vonwobeser.com/index.php/publicacion?p_id=613,,1,legacy_id,613,,e411709e-fb6c-43c2-b640-f5a563cf38cd,von-wobeser-y-sierra-s-c-asesoro-a-ab-inbev-en-oferta-publica-20-100-millones-de,news,2013-06-01,date_match
es:611,es,news,611,Nueva Ley de Responsabilidad Ambiental,https://www.vonwobeser.com/index.php/publicacion?p_id=611,https://www.vonwobeser.com/index.php/publicaciones/noticias?start=700,"Junio, 2013",2013-06,month,200,correcto,https://www.vonwobeser.com/index.php/publicacion?p_id=611,,1,legacy_id,611,,7b489854-ea7c-4f4e-ad5b-0e84980699b9,nueva-ley-de-responsabilidad-ambiental,news,2013-06-01,date_match
es:609,es,news,609,"Adrián Magallanes, Socio de VWyS, S.C. en la “Onceava Conferencia de Arbitraje Internacional”",https://www.vonwobeser.com/index.php/publicacion?p_id=609,https://www.vonwobeser.com/index.php/publicaciones/noticias?start=700,"Junio, 2013",2013-06,month,200,correcto,https://www.vonwobeser.com/index.php/publicacion?p_id=609,,1,legacy_id,609,,10f4bfea-9719-48c4-9ef2-be17031ebd19,adrian-magallanes-socio-de-vwys-s-c-en-la-onceava-conferencia-de-arbitraje-inter,news,2013-06-01,date_match
es:607,es,news,607,"Von Wobeser y Sierra, S.C. colabora con el Congreso de la Unión en relación a la Reforma Financiera",https://www.vonwobeser.com/index.php/publicacion?p_id=607,https://www.vonwobeser.com/index.php/publicaciones/noticias?start=700,"Junio, 2013",2013-06,month,200,correcto,https://www.vonwobeser.com/index.php/publicacion?p_id=607,,1,legacy_id,607,,10366f3c-031d-4f3c-9ee7-22044c84de7c,von-wobeser-y-sierra-s-c-colabora-con-el-congreso-de-la-union-en-relacion-a-la-r,news,2013-06-01,date_match
es:605,es,news,605,Ley Federal para la Prevención e Identificación de Operaciones con Recursos de Procedencia Ilícita,https://www.vonwobeser.com/index.php/publicacion?p_id=605,https://www.vonwobeser.com/index.php/publicaciones/noticias?start=700,"Julio, 2013",2013-07,month,200,correcto,https://www.vonwobeser.com/index.php/publicacion?p_id=605,,1,legacy_id,605,,d7c0fcaf-f347-4283-a263-ba7a30e07fae,ley-federal-para-la-prevencion-e-identificacion-de-operaciones-con-recursos-de-p-5,news,2013-07-01,date_match
es:603,es,news,603,Latin Lawyer - Se espera el fallo de SAB en los próximos días,https://www.vonwobeser.com/index.php/publicacion?p_id=603,https://www.vonwobeser.com/index.php/publicaciones/noticias?start=700,"Julio, 2013",2013-07,month,200,correcto,https://www.vonwobeser.com/index.php/publicacion?p_id=603,,1,legacy_id,603,,821c65e7-868e-4062-b012-9a9cf524d573,latin-lawyer-se-espera-el-fallo-de-sab-en-los-proximos-dias,news,2013-07-01,date_match
es:601,es,news,601,Latin Lawyer - México restringe contratos exclusivos de cervecera,https://www.vonwobeser.com/index.php/publicacion?p_id=601,https://www.vonwobeser.com/index.php/publicaciones/noticias?start=700,"Julio, 2013",2013-07,month,200,correcto,https://www.vonwobeser.com/index.php/publicacion?p_id=601,,1,legacy_id,601,,1140abb0-c24f-424c-8927-423d283f657c,latin-lawyer-mexico-restringe-contratos-exclusivos-de-cervecera,Competencia Económica,2013-07-01,date_match
es:599,es,news,599,Latin Lawyer - 3G Gana aprobación mexicana incondicional para Heinz,https://www.vonwobeser.com/index.php/publicacion?p_id=599,https://www.vonwobeser.com/index.php/publicaciones/noticias?start=700,"Julio, 2013",2013-07,month,200,correcto,https://www.vonwobeser.com/index.php/publicacion?p_id=599,,1,legacy_id,599,,bfcd45d8-a010-4393-a8f2-ebef5d7e2a49,latin-lawyer-3g-gana-aprobacion-mexicana-incondicional-para-heinz,news,2013-07-01,date_match
es:597,es,news,597,"Creación de los juzgados y tribunales especializados en competencia económica, radiodifusión y telecomunicaciones",https://www.vonwobeser.com/index.php/publicacion?p_id=597,https://www.vonwobeser.com/index.php/publicaciones/noticias?start=700,"Agosto, 2013",2013-08,month,200,correcto,https://www.vonwobeser.com/index.php/publicacion?p_id=597,,1,legacy_id,597,,31fb146b-2bab-4816-8972-3e3a667efe72,creacion-de-los-juzgados-y-tribunales-especializados-en-competencia-economica-ra,news,2013-08-01,date_match
es:595,es,news,595,Iniciativa de Reforma Energética,https://www.vonwobeser.com/index.php/publicacion?p_id=595,https://www.vonwobeser.com/index.php/publicaciones/noticias?start=700,"Agosto, 2013",2013-08,month,200,correcto,https://www.vonwobeser.com/index.php/publicacion?p_id=595,,1,legacy_id,595,,34e63797-2371-463f-a1e0-aff2c7d7cd12,iniciativa-de-reforma-energetica,news,2013-08-01,date_match
es:593,es,news,593,Latin Lawyer - Von Wobeser ayuda a Modelo a despedirse del equipo de futbol,https://www.vonwobeser.com/index.php/publicacion?p_id=593,https://www.vonwobeser.com/index.php/publicaciones/noticias?start=690,"Agosto, 2013",2013-08,month,200,correcto,https://www.vonwobeser.com/index.php/publicacion?p_id=593,,1,legacy_id,593,,8b9b1240-fe37-4b91-ae0d-7dbf0203b99e,latin-lawyer-von-wobeser-ayuda-a-modelo-a-despedirse-del-equipo-de-futbol,news,2013-08-01,date_match
es:591,es,news,591,3ra Conferencia Regional de Norteamérica y el Caribe de la IAP,https://www.vonwobeser.com/index.php/publicacion?p_id=591,https://www.vonwobeser.com/index.php/publicaciones/noticias?start=690,"Agosto, 2013",2013-08,month,200,correcto,https://www.vonwobeser.com/index.php/publicacion?p_id=591,,1,legacy_id,591,,0287b194-3f5d-45c0-9b29-aac4da24bde9,3ra-conferencia-regional-de-norteamerica-y-el-caribe-de-la-iap,news,2013-08-01,date_match
es:589,es,news,589,"Ley Federal para la Prevención e Identificación de Operaciones con Recursos de Procedencia Ilícita, Agosto 2013",https://www.vonwobeser.com/index.php/publicacion?p_id=589,https://www.vonwobeser.com/index.php/publicaciones/noticias?start=690,"Agosto, 2013",2013-08,month,200,correcto,https://www.vonwobeser.com/index.php/publicacion?p_id=589,,1,legacy_id,589,,24673c96-eb59-47a1-85c7-f8c5177b9cc6,ley-federal-para-la-prevencion-e-identificacion-de-operaciones-con-recursos-de-p-4,news,2013-08-01,date_match
es:587,es,news,587,"Global Arbitration Review - El laudo en contra de PEMEX se reconoció como válido a pesar de su anulación en México, Septiembre 2013",https://www.vonwobeser.com/index.php/publicacion?p_id=587,https://www.vonwobeser.com/index.php/publicaciones/noticias?start=690,"Septiembre, 2013",2013-09,month,200,correcto,https://www.vonwobeser.com/index.php/publicacion?p_id=587,,1,legacy_id,587,,2001069c-cf24-453a-9152-0807ac9bb765,global-arbitration-review-el-laudo-en-contra-de-pemex-se-reconocio-como-valido-a,news,2013-09-01,date_match
es:585,es,news,585,"Ley Federal para la Prevención e Identificación de Operaciones con Recursos de Procedencia ilícita, Septiembre 2013",https://www.vonwobeser.com/index.php/publicacion?p_id=585,https://www.vonwobeser.com/index.php/publicaciones/noticias?start=690,"Septiembre, 2013",2013-09,month,200,correcto,https://www.vonwobeser.com/index.php/publicacion?p_id=585,,1,legacy_id,585,,345c96c2-5baa-4f0c-b12c-05b3c4b154d1,ley-federal-para-la-prevencion-e-identificacion-de-operaciones-con-recursos-de-p-3,news,2013-09-01,date_match
es:584,es,news,584,23 de septiembre de 2013 Seminario: Presentación Nueva Ley Anti-lavado,https://www.vonwobeser.com/index.php/publicacion?p_id=584,https://www.vonwobeser.com/index.php/publicaciones/noticias?start=690,"Septiembre, 2013",2013-09,month,200,correcto,https://www.vonwobeser.com/index.php/publicacion?p_id=584,,1,legacy_id,584,,60153a9c-7372-4764-a93f-86484185e138,23-de-septiembre-de-2013-seminario-presentacion-nueva-ley-anti-lavado,news,2013-09-01,date_match
es:582,es,news,582,"Von Wobeser y Sierra, S.C. gana el reconocimiento de “Mexico Tax Firm of the Year” de parte de International Tax Review, Septiembre 2013.",https://www.vonwobeser.com/index.php/publicacion?p_id=582,https://www.vonwobeser.com/index.php/publicaciones/noticias?start=690,"Septiembre, 2013",2013-09,month,200,correcto,https://www.vonwobeser.com/index.php/publicacion?p_id=582,,1,legacy_id,582,,0e20bcf9-7b01-427d-bce3-957521ded37e,von-wobeser-y-sierra-s-c-gana-el-reconocimiento-de-mexico-tax-firm-of-the-year-d,news,2013-09-01,date_match
es:580,es,news,580,Sesión de Arbitraje ICDR/CANACO,https://www.vonwobeser.com/index.php/publicacion?p_id=580,https://www.vonwobeser.com/index.php/publicaciones/noticias?start=690,"Octubre, 2013",2013-10,month,200,correcto,https://www.vonwobeser.com/index.php/publicacion?p_id=580,,1,legacy_id,580,,35fba1a8-8473-4607-b69d-6e92bfa6cf35,sesion-de-arbitraje-icdr-canaco,news,2013-10-01,date_match
es:578,es,news,578,Global Arbitration Review - Asientos Latinoamericanos van mano-a-mano en GAR Live,https://www.vonwobeser.com/index.php/publicacion?p_id=578,https://www.vonwobeser.com/index.php/publicaciones/noticias?start=690,"Octubre, 2013",2013-10,month,200,correcto,https://www.vonwobeser.com/index.php/publicacion?p_id=578,,1,legacy_id,578,,b509a07b-2e96-41df-824f-094710f26537,global-arbitration-review-asientos-latinoamericanos-van-mano-a-mano-en-gar-live,news,2013-10-01,date_match
es:577,es,news,577,Von Wobeser y Sierra gana reconocimiento “Americas M&A Tax Deal of the Year 2013”,https://www.vonwobeser.com/index.php/publicacion?p_id=577,https://www.vonwobeser.com/index.php/publicaciones/noticias?start=690,"Octubre, 2013",2013-10,month,200,correcto,https://www.vonwobeser.com/index.php/publicacion?p_id=577,,1,legacy_id,577,,c98b5c5e-ad03-4e53-882c-83fd39d7a21c,von-wobeser-y-sierra-gana-reconocimiento-americas-m-a-tax-deal-of-the-year-2013,news,2013-10-01,date_match
es:575,es,news,575,"Who´s Who Legal – Von Wobeser y Sierra, S.C. entre los 10 despachos líderes a nivel",https://www.vonwobeser.com/index.php/publicacion?p_id=575,https://www.vonwobeser.com/index.php/publicaciones/noticias?start=680,"Octubre, 2013",2013-10,month,200,correcto,https://www.vonwobeser.com/index.php/publicacion?p_id=575,,1,legacy_id,575,,5f1aa53e-4442-428b-b5be-3ab628df8f2c,who-s-who-legal-von-wobeser-y-sierra-s-c-entre-los-10-despachos-lideres-a-nivel,news,2013-10-01,date_match
es:573,es,news,573,Principales Modificaciones a Disposiciones Fiscales para 2014,https://www.vonwobeser.com/index.php/publicacion?p_id=573,https://www.vonwobeser.com/index.php/publicaciones/noticias?start=680,"Noviembre, 2013",2013-11,month,200,correcto,https://www.vonwobeser.com/index.php/publicacion?p_id=573,,1,legacy_id,573,,c7ed4188-7aed-4372-a58f-ed7f4f3dfaa1,principales-modificaciones-a-disposiciones-fiscales-para-2014,news,2013-11-01,date_match
es:571,es,news,571,Firma Lider Pro Bono,https://www.vonwobeser.com/index.php/publicacion?p_id=571,https://www.vonwobeser.com/index.php/publicaciones/noticias?start=680,"Noviembre, 2013",2013-11,month,200,correcto,https://www.vonwobeser.com/index.php/publicacion?p_id=571,,1,legacy_id,571,,7a199f3c-f2ff-4b5f-baae-28b8a9cf6691,firma-lider-pro-bono,news,2013-11-01,date_match
es:569,es,news,569,"Von Wobeser y Sierra, S.C. represento exitosamente a Pierburg Pump Technology",https://www.vonwobeser.com/index.php/publicacion?p_id=569,https://www.vonwobeser.com/index.php/publicaciones/noticias?start=680,"Noviembre, 2013",2013-11,month,200,correcto,https://www.vonwobeser.com/index.php/publicacion?p_id=569,,1,legacy_id,569,,902c0751-df23-41bf-a5ab-d4f604cf7cf6,von-wobeser-y-sierra-s-c-represento-exitosamente-a-pierburg-pump-technology,news,2013-11-01,date_match
es:567,es,news,567,"Ley Federal para la Prevención e Identificación de Operaciones con Recursos de Procedencia Ilícita, Noviembre 2013",https://www.vonwobeser.com/index.php/publicacion?p_id=567,https://www.vonwobeser.com/index.php/publicaciones/noticias?start=680,"Noviembre, 2013",2013-11,month,200,correcto,https://www.vonwobeser.com/index.php/publicacion?p_id=567,,1,legacy_id,567,,0137fe9d-435c-4d9f-a94a-4bef507a3164,ley-federal-para-la-prevencion-e-identificacion-de-operaciones-con-recursos-de-p-2,news,2013-11-01,date_match
es:565,es,news,565,Latin Lawyer - La Suprema Corte de Justicia de México dicta sentencia en una demanda de maquila que inició hace dos años.,https://www.vonwobeser.com/index.php/publicacion?p_id=565,https://www.vonwobeser.com/index.php/publicaciones/noticias?start=680,"Diciembre, 2013",2013-12,month,200,correcto,https://www.vonwobeser.com/index.php/publicacion?p_id=565,,1,legacy_id,565,,c0b90363-48cf-435e-97d1-b097bb7989e8,latin-lawyer-la-suprema-corte-de-justicia-de-mexico-dicta-sentencia-en-una-deman,news,2013-12-01,date_match
es:563,es,news,563,"Principales Modificaciones a Disposiciones Fiscales para 2014, Diciembre 2013",https://www.vonwobeser.com/index.php/publicacion?p_id=563,https://www.vonwobeser.com/index.php/publicaciones/noticias?start=680,"Diciembre, 2013",2013-12,month,200,correcto,https://www.vonwobeser.com/index.php/publicacion?p_id=563,,1,legacy_id,563,,a08930ba-e230-412f-a5f3-1b1f7cc4c082,principales-modificaciones-a-disposiciones-fiscales-para-2014-diciembre-2013,news,2013-12-01,date_match
es:561,es,news,561,Reforma energética abre el mercado energético Mexicano a la iniciativa privada nacional y extranjera,https://www.vonwobeser.com/index.php/publicacion?p_id=561,https://www.vonwobeser.com/index.php/publicaciones/noticias?start=680,"Diciembre, 2013",2013-12,month,200,correcto,https://www.vonwobeser.com/index.php/publicacion?p_id=561,,1,legacy_id,561,,64cbf321-f7c3-4850-9b52-f089ea12be0c,reforma-energetica-abre-el-mercado-energetico-mexicano-a-la-iniciativa-privada-n,news,2013-12-01,date_match
es:559,es,news,559,"Ley Federal para la Prevención e Identificación de Operaciones con Recursos de Procedencia Ilícita, Diciembre 2013.",https://www.vonwobeser.com/index.php/publicacion?p_id=559,https://www.vonwobeser.com/index.php/publicaciones/noticias?start=680,"Diciembre, 2013",2013-12,month,200,correcto,https://www.vonwobeser.com/index.php/publicacion?p_id=559,,1,legacy_id,559,,b26b04f2-ffa3-4cf4-b45c-a6d211f15ec4,ley-federal-para-la-prevencion-e-identificacion-de-operaciones-con-recursos-de-p,news,2013-12-01,date_match
es:557,es,news,557,"Von Wobeser y Sierra, S.C. gana el shortlist de “M&A Deal of the Year” por parte de IFLR en el 9th “Annual Americas Awards”",https://www.vonwobeser.com/index.php/publicacion?p_id=557,https://www.vonwobeser.com/index.php/publicaciones/noticias?start=680,"Enero, 2014",2014-01,month,200,correcto,https://www.vonwobeser.com/index.php/publicacion?p_id=557,,1,legacy_id,557,,ed0cfc83-3ea2-45b4-a531-0fefea26a9a2,von-wobeser-y-sierra-s-c-gana-el-shortlist-de-m-a-deal-of-the-year-por-parte-de-,news,2014-01-01,date_match
es:555,es,news,555,"Von Wobeser y Sierra, S.C. gana el shortlist de “Matter of the Year” por parte de Global Competition Review",https://www.vonwobeser.com/index.php/publicacion?p_id=555,https://www.vonwobeser.com/index.php/publicaciones/noticias?start=670,"Enero, 2014",2014-01,month,200,correcto,https://www.vonwobeser.com/index.php/publicacion?p_id=555,,1,legacy_id,555,,29123b70-8c32-43bd-9929-b323657d2cbb,von-wobeser-y-sierra-s-c-gana-el-shortlist-de-matter-of-the-year-por-parte-de-gl,news,2014-01-01,date_match
es:553,es,news,553,Cumplimiento de obligaciones patronales con motivo de las reformas laboral y fiscal,https://www.vonwobeser.com/index.php/publicacion?p_id=553,https://www.vonwobeser.com/index.php/publicaciones/noticias?start=670,"Enero, 2014",2014-01,month,200,correcto,https://www.vonwobeser.com/index.php/publicacion?p_id=553,,1,legacy_id,553,,4975f65c-38f4-4faf-b866-b809221d01b3,cumplimiento-de-obligaciones-patronales-con-motivo-de-las-reformas-laboral-y-fis,news,2014-01-01,date_match
es:551,es,news,551,"Latin Lawyer-Leading Lights-Von Wobeser y Sierra, S.C. Líder Pro Bono",https://www.vonwobeser.com/index.php/publicacion?p_id=551,https://www.vonwobeser.com/index.php/publicaciones/noticias?start=670,"Enero, 2014",2014-01,month,200,correcto,https://www.vonwobeser.com/index.php/publicacion?p_id=551,,1,legacy_id,551,,fd8af126-0244-4539-99bf-c84d62b6ba85,latin-lawyer-leading-lights-von-wobeser-y-sierra-s-c-lider-pro-bono,news,2014-01-01,date_match
es:549,es,news,549,"Diego Sierra nuevo Socio de Von Wobeser y Sierra, S.C.",https://www.vonwobeser.com/index.php/publicacion?p_id=549,https://www.vonwobeser.com/index.php/publicaciones/noticias?start=670,"Enero, 2014",2014-01,month,200,correcto,https://www.vonwobeser.com/index.php/publicacion?p_id=549,,1,legacy_id,549,,a534b961-b099-44f7-be01-dc300d3f3ca7,diego-sierra-nuevo-socio-de-von-wobeser-y-sierra-s-c,news,2014-01-01,date_match
es:547,es,news,547,"Diego Sierra, Socio de Von Wobeser y Sierra, S.C. participará en la Conferencia del IBA/ICCV",https://www.vonwobeser.com/index.php/publicacion?p_id=547,https://www.vonwobeser.com/index.php/publicaciones/noticias?start=670,"Febrero, 2014",2014-02,month,200,correcto,https://www.vonwobeser.com/index.php/publicacion?p_id=547,,1,legacy_id,547,,b40c667e-f828-4ac0-a8ca-94beb08d96df,diego-sierra-socio-de-von-wobeser-y-sierra-s-c-participara-en-la-conferencia-del,news,2014-02-01,date_match
es:545,es,news,545,Latin Lawyer-Nuevos Socios nombrados en despachos de Colombia y México,https://www.vonwobeser.com/index.php/publicacion?p_id=545,https://www.vonwobeser.com/index.php/publicaciones/noticias?start=670,"Febrero, 2014",2014-02,month,200,correcto,https://www.vonwobeser.com/index.php/publicacion?p_id=545,,1,legacy_id,545,,6561ac92-fa57-4968-b22c-093349f69e4a,latin-lawyer-nuevos-socios-nombrados-en-despachos-de-colombia-y-mexico,news,2014-02-01,date_match
es:543,es,news,543,Iniciativa del Ejecutivo de la nueva Ley Federal de Competencia Económica,https://www.vonwobeser.com/index.php/publicacion?p_id=543,https://www.vonwobeser.com/index.php/publicaciones/noticias?start=670,"Febrero, 2014",2014-02,month,200,correcto,https://www.vonwobeser.com/index.php/publicacion?p_id=543,,1,legacy_id,543,,531e2def-88fc-466f-b7ff-50c9febb2192,iniciativa-del-ejecutivo-de-la-nueva-ley-federal-de-competencia-economica,news,2014-02-01,date_match
es:541,es,news,541,"Global Arbitration Review 100 (GAR 100) - Análisis de Von Wobeser y Sierra, S.C., Uno de los Despachos Top del Mundo",https://www.vonwobeser.com/index.php/publicacion?p_id=541,https://www.vonwobeser.com/index.php/publicaciones/noticias?start=670,"Febrero, 2014",2014-02,month,200,correcto,https://www.vonwobeser.com/index.php/publicacion?p_id=541,,1,legacy_id,541,,b271d81b-9fb0-4d01-9789-0a607c5ef24b,global-arbitration-review-100-gar-100-analisis-de-von-wobeser-y-sierra-s-c-uno-d,news,2014-02-01,date_match
es:539,es,news,539,Latin Lawyer-Presidente de México envía Nueva Iniciativa sobre Competencia a la Cámara,https://www.vonwobeser.com/index.php/publicacion?p_id=539,https://www.vonwobeser.com/index.php/publicaciones/noticias?start=670,"Febrero, 2014",2014-02,month,200,correcto,https://www.vonwobeser.com/index.php/publicacion?p_id=539,,1,legacy_id,539,,cf8a0a41-ccf1-4bbf-b669-54a385a1f1bc,latin-lawyer-presidente-de-mexico-envia-nueva-iniciativa-sobre-competencia-a-la-,news,2014-02-01,date_match
es:537,es,news,537,"IFLR 1000-Partner Moves, Von Wobeser amplía su grupo de socios",https://www.vonwobeser.com/index.php/publicacion?p_id=537,https://www.vonwobeser.com/index.php/publicaciones/noticias?start=670,"Febrero, 2014",2014-02,month,200,correcto,https://www.vonwobeser.com/index.php/publicacion?p_id=537,,1,legacy_id,537,,4d649999-65a7-4295-ad48-448d57c803c5,iflr-1000-partner-moves-von-wobeser-amplia-su-grupo-de-socios,news,2014-02-01,date_match
es:535,es,news,535,"Latin Lawyer - Von Wobeser y Sierra, S.C. gana “M&A Deal of the Year 2013”",https://www.vonwobeser.com/index.php/publicacion?p_id=535,https://www.vonwobeser.com/index.php/publicaciones/noticias?start=660,"Marzo, 2014",2014-03,month,200,correcto,https://www.vonwobeser.com/index.php/publicacion?p_id=535,,1,legacy_id,535,,ef4fa80b-1703-43c2-bb4c-9ea763e3f6a8,latin-lawyer-von-wobeser-y-sierra-s-c-gana-m-a-deal-of-the-year-2013,news,,project_date_missing
es:533,es,news,533,"Seminario, “Nuevas Alternativas para la Solución de Controversias en un Mercado Global""",https://www.vonwobeser.com/index.php/publicacion?p_id=533,https://www.vonwobeser.com/index.php/publicaciones/noticias?start=660,"Abril, 2014",2014-04,month,200,correcto,https://www.vonwobeser.com/index.php/publicacion?p_id=533,,1,legacy_id,533,,07078c3f-14ba-47dd-9c6c-6c0052a07182,seminario-nuevas-alternativas-para-la-solucion-de-controversias-en-un-mercado-gl,news,,project_date_missing
es:531,es,news,531,"Von Wobeser y Sierra, S.C. gana el “M&A Deal of the Year” de Latin Lawyer",https://www.vonwobeser.com/index.php/publicacion?p_id=531,https://www.vonwobeser.com/index.php/publicaciones/noticias?start=660,"Abril, 2014",2014-04,month,200,correcto,https://www.vonwobeser.com/index.php/publicacion?p_id=531,,1,legacy_id,531,,197b09c3-3119-409d-bdc5-b3a41cfbb66a,von-wobeser-y-sierra-s-c-gana-el-m-a-deal-of-the-year-de-latin-lawyer,news,,project_date_missing
es:529,es,news,529,"Von Wobeser y Sierra, S.C. participó en conjunto con la CWAG",https://www.vonwobeser.com/index.php/publicacion?p_id=529,https://www.vonwobeser.com/index.php/publicaciones/noticias?start=660,"Abril, 2014",2014-04,month,200,correcto,https://www.vonwobeser.com/index.php/publicacion?p_id=529,,1,legacy_id,529,,0dd6e160-bc58-4466-aaf6-c005db0bf94d,von-wobeser-y-sierra-s-c-participo-en-conjunto-con-la-cwag,news,,project_date_missing
es:527,es,news,527,Nueva Ley Federal de Competencia Económica,https://www.vonwobeser.com/index.php/publicacion?p_id=527,https://www.vonwobeser.com/index.php/publicaciones/noticias?start=660,"Mayo, 2014",2014-05,month,200,correcto,https://www.vonwobeser.com/index.php/publicacion?p_id=527,,1,legacy_id,527,,bed9bfb0-62fe-438b-bfc5-62fcd1840a3c,nueva-ley-federal-de-competencia-economica,news,,project_date_missing
es:525,es,news,525,"Latin Lawyer - Von Wobeser y Sierra, SC es reconocido con el premio anual de Latin Lawyer “M&A Deal of the Year”",https://www.vonwobeser.com/index.php/publicacion?p_id=525,https://www.vonwobeser.com/index.php/publicaciones/noticias?start=660,"Mayo, 2014",2014-05,month,200,correcto,https://www.vonwobeser.com/index.php/publicacion?p_id=525,,1,legacy_id,525,,f626bbdc-78f2-4fea-910a-c0406e4688e8,latin-lawyer-von-wobeser-y-sierra-sc-es-reconocido-con-el-premio-anual-de-latin-,news,,project_date_missing
es:523,es,news,523,IFLR Energy & Infrastructure Latam - Edmond Grieger es reconocido como abogado líder.,https://www.vonwobeser.com/index.php/publicacion?p_id=523,https://www.vonwobeser.com/index.php/publicaciones/noticias?start=660,"Mayo, 2014",2014-05,month,200,correcto,https://www.vonwobeser.com/index.php/publicacion?p_id=523,,1,legacy_id,523,,817c1529-77af-4ac1-b262-a8e2b929c3cc,iflr-energy-infrastructure-latam-edmond-grieger-es-reconocido-como-abogado-lider,news,,project_date_missing
es:521,es,news,521,"Von Wobeser y Sierra, S.C. estará presente en la conferencia INTA 2014",https://www.vonwobeser.com/index.php/publicacion?p_id=521,https://www.vonwobeser.com/index.php/publicaciones/noticias?start=660,"Mayo, 2014",2014-05,month,200,correcto,https://www.vonwobeser.com/index.php/publicacion?p_id=521,,1,legacy_id,521,,99723673-f9e8-4546-ab07-7d95072763e8,von-wobeser-y-sierra-s-c-estara-presente-en-la-conferencia-inta-2014,news,,project_date_missing
es:519,es,news,519,Latin Lawyer - Arca y Coca-Cola cierran compra en Ecuador,https://www.vonwobeser.com/index.php/publicacion?p_id=519,https://www.vonwobeser.com/index.php/publicaciones/noticias?start=660,"Mayo, 2014",2014-05,month,200,correcto,https://www.vonwobeser.com/index.php/publicacion?p_id=519,,1,legacy_id,519,,7686ebe0-1000-4856-8a05-77e7f74b6279,latin-lawyer-arca-y-coca-cola-cierran-compra-en-ecuador,news,,project_date_missing
es:517,es,news,517,"Latin Lawyer - El despacho Von Wobeser y Sierra, S.C. guía la adquisición de Palladium",https://www.vonwobeser.com/index.php/publicacion?p_id=517,https://www.vonwobeser.com/index.php/publicaciones/noticias?start=660,"Junio, 2014",2014-06,month,200,correcto,https://www.vonwobeser.com/index.php/publicacion?p_id=517,,1,legacy_id,517,,f960773a-150b-4530-8acc-e640014bfd0e,latin-lawyer-el-despacho-von-wobeser-y-sierra-s-c-guia-la-adquisicion-de-palladi,news,,project_date_missing
es:515,es,news,515,"Von Wobeser y Sierra, S.C. gana reconocimiento, Global Awards 2014: Despacho Legal en México relacionado al Arbitraje 2014",https://www.vonwobeser.com/index.php/publicacion?p_id=515,https://www.vonwobeser.com/index.php/publicaciones/noticias?start=650,"Junio, 2014",2014-06,month,200,correcto,https://www.vonwobeser.com/index.php/publicacion?p_id=515,,1,legacy_id,515,,bfc77b95-1aae-40fc-a8a8-1cfccdf10581,von-wobeser-y-sierra-s-c-gana-reconocimiento-global-awards-2014-despacho-legal-e,news,,project_date_missing
es:513,es,news,513,"Socio, Andrés Nieto es nombrado Vicepresidente del Comité de Ética Internacional de la Sección Internacional de Derecho en la Barra Americana de Abogados (ABA)Sección Internacional de Derecho en la Barra Americana de Abogados (ABA)",https://www.vonwobeser.com/index.php/publicacion?p_id=513,https://www.vonwobeser.com/index.php/publicaciones/noticias?start=650,"Junio, 2014",2014-06,month,200,correcto,https://www.vonwobeser.com/index.php/publicacion?p_id=513,,1,legacy_id,513,,f5eaab02-bb26-401f-8f39-48b8cc03b34c,socio-andres-nieto-es-nombrado-vicepresidente-del-comite-de-etica-internacional-,news,,project_date_missing
es:511,es,news,511,"Von Wobeser y Sierra, S.C. participó en la conferencia organizada por ALARB y la ICC-México.",https://www.vonwobeser.com/index.php/publicacion?p_id=511,https://www.vonwobeser.com/index.php/publicaciones/noticias?start=650,"Junio, 2014",2014-06,month,200,correcto,https://www.vonwobeser.com/index.php/publicacion?p_id=511,,1,legacy_id,511,,530785ac-c0f4-462c-b56b-3ef25277aba7,von-wobeser-y-sierra-s-c-participo-en-la-conferencia-organizada-por-alarb-y-la-i,news,,project_date_missing
es:509,es,news,509,"Von Wobeser y Sierra, S.C. asesora a BMW en su inversión de USD mil millones en México.",https://www.vonwobeser.com/index.php/publicacion?p_id=509,https://www.vonwobeser.com/index.php/publicaciones/noticias?start=650,"Julio, 2014",2014-07,month,200,correcto,https://www.vonwobeser.com/index.php/publicacion?p_id=509,,1,legacy_id,509,,37dd6562-c4fd-4e05-96cc-0cc452ae4472,von-wobeser-y-sierra-s-c-asesora-a-bmw-en-su-inversion-de-usd-mil-millones-en-me,news,,project_date_missing
es:507,es,news,507,"Von Wobeser y Sierra, S.C. incorpora al Dr. Edmund Duckwitz, Ex Embajador de Alemania en México a su equipo",https://www.vonwobeser.com/index.php/publicacion?p_id=507,https://www.vonwobeser.com/index.php/publicaciones/noticias?start=650,"Julio, 2014",2014-07,month,200,correcto,https://www.vonwobeser.com/index.php/publicacion?p_id=507,,1,legacy_id,507,,e53d1767-b919-4fc0-a61e-d6cd3c7d8230,von-wobeser-y-sierra-s-c-incorpora-al-dr-edmund-duckwitz-ex-embajador-de-alemani,news,,project_date_missing
es:505,es,news,505,"Latin Lawyer - Von Wobeser y Sierra, S.C. devela la creación de una planta de BMW por un valor de mil millones de dólares en México",https://www.vonwobeser.com/index.php/publicacion?p_id=505,https://www.vonwobeser.com/index.php/publicaciones/noticias?start=650,"Julio, 2014",2014-07,month,200,correcto,https://www.vonwobeser.com/index.php/publicacion?p_id=505,,1,legacy_id,505,,939bcefd-3f15-428a-93b9-607491e8a543,latin-lawyer-von-wobeser-y-sierra-s-c-devela-la-creacion-de-una-planta-de-bmw-po,news,,project_date_missing
es:503,es,news,503,Global Competition Review - Reestructuración de América Móvil anticipando cambios en la ley,https://www.vonwobeser.com/index.php/publicacion?p_id=503,https://www.vonwobeser.com/index.php/publicaciones/noticias?start=650,"Julio, 2014",2014-07,month,200,correcto,https://www.vonwobeser.com/index.php/publicacion?p_id=503,,1,legacy_id,503,,6f5fb29d-5496-4087-9cf0-4b3043d4ae0d,global-competition-review-reestructuracion-de-america-movil-anticipando-cambios-,news,,project_date_missing
es:501,es,news,501,"IFLR 1000 – Von Wobeser y Sierra, S.C. asesorá a BMW en su inversión de mil millones de dólares",https://www.vonwobeser.com/index.php/publicacion?p_id=501,https://www.vonwobeser.com/index.php/publicaciones/noticias?start=650,"Julio, 2014",2014-07,month,200,correcto,https://www.vonwobeser.com/index.php/publicacion?p_id=501,,1,legacy_id,501,,ba9996c7-cbc4-4656-a4f4-0d8441a8538e,iflr-1000-von-wobeser-y-sierra-s-c-asesora-a-bmw-en-su-inversion-de-mil-millones,news,,project_date_missing
es:499,es,news,499,Latin Lawyer - El misterio de nuestra profesión,https://www.vonwobeser.com/index.php/publicacion?p_id=499,https://www.vonwobeser.com/index.php/publicaciones/noticias?start=650,"Julio, 2014",2014-07,month,200,correcto,https://www.vonwobeser.com/index.php/publicacion?p_id=499,,1,legacy_id,499,,a14c5575-e171-4aec-82c5-011dc8a4c43b,latin-lawyer-el-misterio-de-nuestra-profesion,news,,project_date_missing
es:497,es,news,497,"Von Wobeser y Sierra, S.C. asesoró a Enerflex en la adquisición estratégica de un negocio de contratos internacionales para servicios de compresión, procesamiento y refacciones por 430 millones de dólares",https://www.vonwobeser.com/index.php/publicacion?p_id=497,https://www.vonwobeser.com/index.php/publicaciones/noticias?start=650,"Julio, 2014",2014-07,month,200,correcto,https://www.vonwobeser.com/index.php/publicacion?p_id=497,,1,legacy_id,497,,e314da90-757b-423b-ba9e-0d69bae3161e,von-wobeser-y-sierra-s-c-asesoro-a-enerflex-en-la-adquisicion-estrategica-de-un-,news,,project_date_missing
es:495,es,news,495,Latin Lawyer - La reforma de base a las telecomunicaciones en México en vías de promulgarse,https://www.vonwobeser.com/index.php/publicacion?p_id=495,https://www.vonwobeser.com/index.php/publicaciones/noticias?start=640,"Julio, 2014",2014-07,month,200,correcto,https://www.vonwobeser.com/index.php/publicacion?p_id=495,,1,legacy_id,495,,43e9c29a-e00e-417d-af05-c80897d97344,latin-lawyer-la-reforma-de-base-a-las-telecomunicaciones-en-mexico-en-vias-de-pr,news,,project_date_missing
es:493,es,news,493,"Latin Lawyer-Von Wobeser y Sierra, S.C. contrata a Ex Embajador de Alemania en México como asesor",https://www.vonwobeser.com/index.php/publicacion?p_id=493,https://www.vonwobeser.com/index.php/publicaciones/noticias?start=640,"Julio, 2014",2014-07,month,200,correcto,https://www.vonwobeser.com/index.php/publicacion?p_id=493,,1,legacy_id,493,,3950b5d3-32da-4607-8c84-c0974d051f90,latin-lawyer-von-wobeser-y-sierra-s-c-contrata-a-ex-embajador-de-alemania-en-mex,news,,project_date_missing
es:491,es,news,491,Latin Lawyer - VWyS y Creel participan en convenio Enerflex-Axip,https://www.vonwobeser.com/index.php/publicacion?p_id=491,https://www.vonwobeser.com/index.php/publicaciones/noticias?start=640,"Julio, 2014",2014-07,month,200,correcto,https://www.vonwobeser.com/index.php/publicacion?p_id=491,,1,legacy_id,491,,3a980d5d-ea84-4df7-bffb-59f1e62554b7,latin-lawyer-vwys-y-creel-participan-en-convenio-enerflex-axip,news,,project_date_missing
es:489,es,news,489,Investigación en Materia de Competencia Económica de los Mercados del Sector Financiero,https://www.vonwobeser.com/index.php/publicacion?p_id=489,https://www.vonwobeser.com/index.php/publicaciones/noticias?start=640,"Julio, 2014",2014-07,month,200,correcto,https://www.vonwobeser.com/index.php/publicacion?p_id=489,,1,legacy_id,489,,377fd39f-0ed9-4524-b002-eb460f6ba6a4,investigacion-en-materia-de-competencia-economica-de-los-mercados-del-sector-fin,news,,project_date_missing
es:487,es,news,487,Leyes Reglamentarias a la Reforma Constitucional en Materia de Telecomunicaciones,https://www.vonwobeser.com/index.php/publicacion?p_id=487,https://www.vonwobeser.com/index.php/publicaciones/noticias?start=640,"Julio, 2014",2014-07,month,200,correcto,https://www.vonwobeser.com/index.php/publicacion?p_id=487,,1,legacy_id,487,,eed759e2-50b9-421a-9441-a9f49a94067b,leyes-reglamentarias-a-la-reforma-constitucional-en-materia-de-telecomunicacione,news,,project_date_missing
es:485,es,news,485,Latin Lawyer-Von Wobeser dirige acuerdo de compra de energía eólica mexicana,https://www.vonwobeser.com/index.php/publicacion?p_id=485,https://www.vonwobeser.com/index.php/publicaciones/noticias?start=640,"Julio, 2014",2014-07,month,200,correcto,https://www.vonwobeser.com/index.php/publicacion?p_id=485,,1,legacy_id,485,,6128c6e6-5722-454b-8ade-d6097109b937,latin-lawyer-von-wobeser-dirige-acuerdo-de-compra-de-energia-eolica-mexicana,news,,project_date_missing
es:483,es,news,483,Juicios de Amparo contra diversas disposiciones fiscales vigentes en 2014,https://www.vonwobeser.com/index.php/publicacion?p_id=483,https://www.vonwobeser.com/index.php/publicaciones/noticias?start=640,"Agosto, 2014",2014-08,month,200,correcto,https://www.vonwobeser.com/index.php/publicacion?p_id=483,,1,legacy_id,483,,cac725a3-21c8-47cd-8cac-074019e6f295,juicios-de-amparo-contra-diversas-disposiciones-fiscales-vigentes-en-2014,news,,project_date_missing
es:481,es,news,481,Reforma Energética - Legislación Secundaria,https://www.vonwobeser.com/index.php/publicacion?p_id=481,https://www.vonwobeser.com/index.php/publicaciones/noticias?start=640,"Agosto, 2014",2014-08,month,200,correcto,https://www.vonwobeser.com/index.php/publicacion?p_id=481,,1,legacy_id,481,,a9f1ba4a-d2f3-4596-bdf9-37036cd6fdee,reforma-energetica-legislacion-secundaria,news,,project_date_missing
es:479,es,news,479,"Periódico am, Impulsará Energética a las Manufacturas, Agosto 2014.",https://www.vonwobeser.com/index.php/publicacion?p_id=479,https://www.vonwobeser.com/index.php/publicaciones/noticias?start=640,"Agosto, 2014",2014-08,month,200,correcto,https://www.vonwobeser.com/index.php/publicacion?p_id=479,,1,legacy_id,479,,de577727-9988-4918-8fe1-4f19f1390056,periodico-am-impulsara-energetica-a-las-manufacturas-agosto-2014,news,,project_date_missing
es:477,es,news,477,VWyS reconocido por Global Investigations Review,https://www.vonwobeser.com/index.php/publicacion?p_id=477,https://www.vonwobeser.com/index.php/publicaciones/noticias?start=640,"Agosto, 2014",2014-08,month,200,correcto,https://www.vonwobeser.com/index.php/publicacion?p_id=477,,1,legacy_id,477,,92e00891-3065-4df2-9088-ed6a55a9da08,vwys-reconocido-por-global-investigations-review,news,,project_date_missing
es:475,es,news,475,Conagua otorga concesiones de agua para 'uso ambiental',https://www.vonwobeser.com/index.php/publicacion?p_id=475,https://www.vonwobeser.com/index.php/publicaciones/noticias?start=630,"Agosto, 2014",2014-08,month,200,correcto,https://www.vonwobeser.com/index.php/publicacion?p_id=475,,1,legacy_id,475,,2347b468-cf45-493f-a67d-04bf05c43d47,conagua-otorga-concesiones-de-agua-para-uso-ambiental,news,,project_date_missing
es:473,es,news,473,Latin Lawyer-Von Wobeser hace Pro Bono en ayuda a preservar agua de Pro Natura.,https://www.vonwobeser.com/index.php/publicacion?p_id=473,https://www.vonwobeser.com/index.php/publicaciones/noticias?start=630,"Agosto, 2014",2014-08,month,200,correcto,https://www.vonwobeser.com/index.php/publicacion?p_id=473,,1,legacy_id,473,,7f528d7c-c765-4000-8a2e-debfed46618f,latin-lawyer-von-wobeser-hace-pro-bono-en-ayuda-a-preservar-agua-de-pro-natura,news,,project_date_missing
es:471,es,news,471,Los Métodos de Resolución de Controversias en la Reforma Energética,https://www.vonwobeser.com/index.php/publicacion?p_id=471,https://www.vonwobeser.com/index.php/publicaciones/noticias?start=630,"Agosto, 2014",2014-08,month,200,correcto,https://www.vonwobeser.com/index.php/publicacion?p_id=471,,1,legacy_id,471,,fda90166-c6d5-44a1-9f08-141763c17ac3,los-metodos-de-resolucion-de-controversias-en-la-reforma-energetica,news,,project_date_missing
es:469,es,news,469,Entrada en vigor de disposiciones legales en materia de Anticorrupción,https://www.vonwobeser.com/index.php/publicacion?p_id=469,https://www.vonwobeser.com/index.php/publicaciones/noticias?start=490,"Julio, 2017",2017-07,month,200,correcto,https://www.vonwobeser.com/index.php/publicacion?p_id=469,,1,legacy_id,469,,9753643c-85d1-4592-86dc-ba8d5f70e51b,entrada-en-vigor-de-disposiciones-legales-en-materia-de-anticorrupcion,news,,project_date_missing
es:439,es,news,439,Von Wobeser y Sierra reconocido por GCR 100 como uno de los mejores despachos del mundo en competencia,https://www.vonwobeser.com/index.php/publicacion?p_id=439,https://www.vonwobeser.com/index.php/publicaciones/noticias?start=510,"Enero, 2017",2017-01,month,200,correcto,https://www.vonwobeser.com/index.php/publicacion?p_id=439,,0,,,422,,,,,project_missing
es:409,es,news,409,Von Wobeser y Sierra gana el asunto del año en GCR Awards 2017,https://www.vonwobeser.com/index.php/publicacion?p_id=409,https://www.vonwobeser.com/index.php/publicaciones/noticias?start=500,"Marzo, 2017",2017-03,month,200,correcto,https://www.vonwobeser.com/index.php/publicacion?p_id=409,,1,legacy_id,409,,6c2db10a-9ebb-4c2b-a7bb-555d4ef8ec67,von-wobeser-y-sierra-gana-el-asunto-del-ano-en-gcr-awards-2017,news,,project_date_missing
es:378,es,news,378,Nuevos salarios mínimos a partir del 1 de enero de 2015,https://www.vonwobeser.com/index.php/publicacion?p_id=378,https://www.vonwobeser.com/index.php/publicaciones/noticias?start=620,"Diciembre, 2014",2014-12,month,200,correcto,https://www.vonwobeser.com/index.php/publicacion?p_id=378,,1,legacy_id,378,,b5881b7b-d202-42f6-acc4-87f7d9304052,nuevos-salarios-minimos-a-partir-del-1-de-enero-de-2015,news,,project_date_missing
es:370,es,news,370,"Latin Lawyer – Empresas continúan abatidas de CADE, dice panel",https://www.vonwobeser.com/index.php/publicacion?p_id=370,https://www.vonwobeser.com/index.php/publicaciones/noticias?start=620,"Diciembre, 2014",2014-12,month,200,correcto,https://www.vonwobeser.com/index.php/publicacion?p_id=370,,1,legacy_id,370,,818ef439-acfc-4585-a398-f58762d39e3b,latin-lawyer-empresas-continuan-abatidas-de-cade-dice-panel,news,,project_date_missing
es:368,es,news,368,Latin Lawyer - Von Wobeser Líder Pro Bono,https://www.vonwobeser.com/index.php/publicacion?p_id=368,https://www.vonwobeser.com/index.php/publicaciones/noticias?start=620,"Noviembre, 2014",2014-11,month,200,correcto,https://www.vonwobeser.com/index.php/publicacion?p_id=368,,1,legacy_id,368,,65a1b57b-ae8d-4227-86a6-bc1f8a349f84,latin-lawyer-von-wobeser-lider-pro-bono,news,,project_date_missing
es:366,es,news,366,Global Investigations Review-Mexico: en una encrucijada at a crossroads.,https://www.vonwobeser.com/index.php/publicacion?p_id=366,https://www.vonwobeser.com/index.php/publicaciones/noticias?start=620,"Noviembre, 2014",2014-11,month,200,correcto,https://www.vonwobeser.com/index.php/publicacion?p_id=366,,1,legacy_id,366,,793efe08-a8a7-4f16-ba04-349a66b21902,global-investigations-review-mexico-en-una-encrucijada-at-a-crossroads,news,,project_date_missing
es:364,es,news,364,Global Competition Review-Mexico publica controversias regulaciones antimonopólicas,https://www.vonwobeser.com/index.php/publicacion?p_id=364,https://www.vonwobeser.com/index.php/publicaciones/noticias?start=620,"Noviembre, 2014",2014-11,month,200,correcto,https://www.vonwobeser.com/index.php/publicacion?p_id=364,,1,legacy_id,364,,2f072ea7-a2bb-40d8-ac02-cccf003b2c2a,global-competition-review-mexico-publica-controversias-regulaciones-antimonopoli,news,,project_date_missing
es:362,es,news,362,"Latin Lawyer - México publica controversias regulaciones antimonopólicas, Noviembre",https://www.vonwobeser.com/index.php/publicacion?p_id=362,https://www.vonwobeser.com/index.php/publicaciones/noticias?start=620,"Noviembre, 2014",2014-11,month,200,correcto,https://www.vonwobeser.com/index.php/publicacion?p_id=362,,1,legacy_id,362,,805eb3a4-4e33-45b0-9bf6-1ce3d63fc336,latin-lawyer-mexico-publica-controversias-regulaciones-antimonopolicas-noviembre,news,,project_date_missing
es:360,es,news,360,"Latin American Corporate Counsel Association (LACCA) reconoce a Von Wobeser y Sierra, S.C.",https://www.vonwobeser.com/index.php/publicacion?p_id=360,https://www.vonwobeser.com/index.php/publicaciones/noticias?start=620,"Octubre, 2014",2014-10,month,200,correcto,https://www.vonwobeser.com/index.php/publicacion?p_id=360,,1,legacy_id,360,,7a93327f-6fb8-457f-aab4-b4dd80976ea7,latin-american-corporate-counsel-association-lacca-reconoce-a-von-wobeser-y-sier,news,,project_date_missing
es:358,es,news,358,"Latin Lawyer-Von Wobeser ayuda a extender contrato portuario, resuelve disputa",https://www.vonwobeser.com/index.php/publicacion?p_id=358,https://www.vonwobeser.com/index.php/publicaciones/noticias?start=620,"Octubre, 2014",2014-10,month,200,correcto,https://www.vonwobeser.com/index.php/publicacion?p_id=358,,1,legacy_id,358,,5f534cc7-56e8-4a28-a30a-57356e92e7d4,latin-lawyer-von-wobeser-ayuda-a-extender-contrato-portuario-resuelve-disputa,news,,project_date_missing
es:356,es,news,356,"Latin Lawyer - Tomando la Delantera, Septiembre 2014.",https://www.vonwobeser.com/index.php/publicacion?p_id=356,https://www.vonwobeser.com/index.php/publicaciones/noticias?start=630,"Septiembre, 2014",2014-09,month,200,correcto,https://www.vonwobeser.com/index.php/publicacion?p_id=356,,1,legacy_id,356,,58e8860c-4ce5-481e-afb2-f1de6c7d4e88,latin-lawyer-tomando-la-delantera-septiembre-2014,news,,project_date_missing
es:354,es,news,354,"IFLR 1000 - New Gold finaliza financiamiento de $ 300 millones de dólares, Septiembre",https://www.vonwobeser.com/index.php/publicacion?p_id=354,https://www.vonwobeser.com/index.php/publicaciones/noticias?start=630,"Septiembre, 2014",2014-09,month,200,correcto,https://www.vonwobeser.com/index.php/publicacion?p_id=354,,1,legacy_id,354,,e3f26cb4-dd8e-4d40-baf5-5788ca8aac24,iflr-1000-new-gold-finaliza-financiamiento-de-300-millones-de-dolares-septiembre,news,,project_date_missing
es:352,es,news,352,Compañía crediticia minera Canadiense representada por consejo mexicano,https://www.vonwobeser.com/index.php/publicacion?p_id=352,https://www.vonwobeser.com/index.php/publicaciones/noticias?start=630,"Agosto, 2014",2014-08,month,200,correcto,https://www.vonwobeser.com/index.php/publicacion?p_id=352,,1,legacy_id,352,,0c08ee56-72ef-4dd8-bb79-6cdb57f44dd6,compania-crediticia-minera-canadiense-representada-por-consejo-mexicano,news,,project_date_missing
es:298,es,news,298,"Fernando Carreño , Paloma Alcántara - Global Competition Review - The Antitrust Review of the Americas 2015, México",https://www.vonwobeser.com/index.php/publicacion?p_id=298,https://www.vonwobeser.com/index.php/publicaciones/noticias?start=630,"Septiembre, 2014",2014-09,month,200,correcto,https://www.vonwobeser.com/index.php/publicacion?p_id=298,,1,legacy_id,298,,555fa473-7485-4a29-a7a7-215abc12a2e2,fernando-carreno-paloma-alcantara-global-competition-review-the-antitrust-review-4,news,,project_date_missing
es:286,es,news,286,"Rodolfo Trampe, Jorge Díaz, Luis Alberto King , Fernando de Buen - Getting the Deal Through, Outsourcing México 2015",https://www.vonwobeser.com/index.php/publicacion?p_id=286,https://www.vonwobeser.com/index.php/publicaciones/noticias?start=630,"Octubre, 2014",2014-10,month,200,correcto,https://www.vonwobeser.com/index.php/publicacion?p_id=286,,1,legacy_id,286,,832c103a-cf0b-4e04-b4d8-6ce20a7506c5,rodolfo-trampe-jorge-diaz-luis-alberto-king-fernando-de-buen-getting-the-deal-th-3,news,,project_date_missing
es:283,es,news,283,"Diego Sierra - Global Investigations Review, The Investigations Review of the Americas",https://www.vonwobeser.com/index.php/publicacion?p_id=283,https://www.vonwobeser.com/index.php/publicaciones/noticias?start=630,"Octubre, 2014",2014-10,month,200,correcto,https://www.vonwobeser.com/index.php/publicacion?p_id=283,,1,legacy_id,283,,1e44c0a2-57e1-4fcb-ac50-9f98bddae90f,diego-sierra-global-investigations-review-the-investigations-review-of-the-ameri-3,news,,project_date_missing
es:282,es,news,282,"Andrés Nieto, Luis Burgueño - Getting the Deal Through, Private Equity",https://www.vonwobeser.com/index.php/publicacion?p_id=282,https://www.vonwobeser.com/index.php/publicaciones/noticias?start=630,"Octubre, 2014",2014-10,month,200,correcto,https://www.vonwobeser.com/index.php/publicacion?p_id=282,,1,legacy_id,282,,77a14c47-5eff-4882-a19d-4b01d35cb6d5,andres-nieto-luis-burgueno-getting-the-deal-through-private-equity,news,,project_date_missing
es:278,es,news,278,"Claus von Wobeser, Adrián Magallanes - Getting The Deal Through, Arbitraje Inversionista-Estado",https://www.vonwobeser.com/index.php/publicacion?p_id=278,https://www.vonwobeser.com/index.php/publicaciones/noticias?start=620,"Noviembre, 2014",2014-11,month,200,correcto,https://www.vonwobeser.com/index.php/publicacion?p_id=278,,1,legacy_id,278,,199f5800-d83b-4ef9-991d-11c03dfd4ef2,claus-von-wobeser-adrian-magallanes-getting-the-deal-through-arbitraje-inversion,news,,project_date_missing
es:274,es,news,274,Nuevo salario mínimo a partir del 1 de enero de 2016,https://www.vonwobeser.com/index.php/publicacion?p_id=274,https://www.vonwobeser.com/index.php/publicaciones/noticias?start=580,"Diciembre, 2015",2015-12,month,200,correcto,https://www.vonwobeser.com/index.php/publicacion?p_id=274,,1,verified_language_counterpart,275,275,4a58c594-6b5b-4f1a-b8a5-1826836b4bdc,new-minimum-wage-as-of-january-1st-2016,news,2015-12-01,date_match
es:236,es,news,236,"Dr. Edmund Duckwitz - Dr. Edmund Duckwitz, Of Counsel en Von Wobeser y Sierra, S.C. ha recibido la más alta distinción del gobierno mexicano “La Orden Mexicana del Águila Azteca en grado de banda”.",https://www.vonwobeser.com/index.php/publicacion?p_id=236,https://www.vonwobeser.com/index.php/publicaciones/noticias?start=580,"Diciembre, 2015",2015-12,month,200,correcto,https://www.vonwobeser.com/index.php/publicacion?p_id=236,,1,legacy_id,236,,39aede04-9186-45b0-b085-da08a1705894,dr-edmund-duckwitz-dr-edmund-duckwitz-of-counsel-en-von-wobeser-y-sierra-s-c-ha-,news,,project_date_missing
es:222,es,news,222,Repatriación de Capitales- Decreto que otorga diversas facilidades administrativas en materia del Impuesto Sobre la Renta,https://www.vonwobeser.com/index.php/publicacion?p_id=222,https://www.vonwobeser.com/index.php/publicaciones/noticias?start=490,"Mayo, 2017",2017-05,month,200,correcto,https://www.vonwobeser.com/index.php/publicacion?p_id=222,,1,legacy_id,222,,37cfa06c-27b0-4dfd-a63a-c01b7c04c4f4,repatriacion-de-capitales-decreto-que-otorga-diversas-facilidades-administrativa,news,,project_date_missing
es:188,es,news,188,Decreto que reforma los artículos 29 y 35; y adiciona los artículos 29 Ter y Quáter de la Ley del INFONAVIT,https://www.vonwobeser.com/index.php/publicacion?p_id=188,https://www.vonwobeser.com/index.php/publicaciones/noticias?start=580,"Enero, 2016",2016-01,month,200,correcto,https://www.vonwobeser.com/index.php/publicacion?p_id=188,,1,legacy_id,188,,9e6b24ba-1359-467e-b377-fa8ca636725e,decreto-que-reforma-los-articulos-29-y-35-y-adiciona-los-articulos-29-ter-y-quat,news,,project_date_missing
es:186,es,news,186,"Rodolfo Trampe es nombrado Socio de Von Wobeser y Sierra, S.C.",https://www.vonwobeser.com/index.php/publicacion?p_id=186,https://www.vonwobeser.com/index.php/publicaciones/noticias?start=580,"Enero, 2016",2016-01,month,200,correcto,https://www.vonwobeser.com/index.php/publicacion?p_id=186,,1,legacy_id,186,,2554889f-dc6c-4b5f-8911-d24670c7f510,rodolfo-trampe-es-nombrado-socio-de-von-wobeser-y-sierra-s-c,news,,project_date_missing
es:184,es,news,184,Paquete Fiscal 2016,https://www.vonwobeser.com/index.php/publicacion?p_id=184,https://www.vonwobeser.com/index.php/publicaciones/noticias?start=580,"Enero, 2016",2016-01,month,200,correcto,https://www.vonwobeser.com/index.php/publicacion?p_id=184,,1,legacy_id,184,,721652ac-1812-4894-a1c4-632cb8897439,paquete-fiscal-2016,news,,project_date_missing
es:180,es,news,180,Latin Lawyer-Nuevos Socios nombrados en despachos de México,https://www.vonwobeser.com/index.php/publicacion?p_id=180,https://www.vonwobeser.com/index.php/publicaciones/noticias?start=580,"Enero, 2016",2016-01,month,200,correcto,https://www.vonwobeser.com/index.php/publicacion?p_id=180,,1,legacy_id,180,,dccee1f5-1c66-4e51-9f40-e438a71e6785,latin-lawyer-nuevos-socios-nombrados-en-despachos-de-mexico,news,,project_date_missing
es:178,es,news,178,Constitucionalidad del límite a los salarios vencidos contemplado en la reforma a la Ley Federal del Trabajo de 2012,https://www.vonwobeser.com/index.php/publicacion?p_id=178,https://www.vonwobeser.com/index.php/publicaciones/noticias?start=570,"Febrero, 2016",2016-02,month,200,correcto,https://www.vonwobeser.com/index.php/publicacion?p_id=178,,1,legacy_id,178,,08f5d595-01db-4f41-9aed-f448cc0dec04,constitucionalidad-del-limite-a-los-salarios-vencidos-contemplado-en-la-reforma-,news,,project_date_missing
es:176,es,news,176,Comentarios al Modelo de Contrato de Licencia para la licitación de exploración en aguas profundas - 2016,https://www.vonwobeser.com/index.php/publicacion?p_id=176,https://www.vonwobeser.com/index.php/publicaciones/noticias?start=570,"Febrero, 2016",2016-02,month,200,correcto,https://www.vonwobeser.com/index.php/publicacion?p_id=176,,1,legacy_id,176,,b2c5dda7-cf9a-480b-8e14-f0684b199364,comentarios-al-modelo-de-contrato-de-licencia-para-la-licitacion-de-exploracion-,news,,project_date_missing
es:174,es,news,174,Modificación al Protocolo de actuación en materia de contrataciones públicas,https://www.vonwobeser.com/index.php/publicacion?p_id=174,https://www.vonwobeser.com/index.php/publicaciones/noticias?start=570,"Febrero, 2016",2016-02,month,200,correcto,https://www.vonwobeser.com/index.php/publicacion?p_id=174,,1,legacy_id,174,,73efeb45-5061-417c-9c96-fb58bfb260a4,modificacion-al-protocolo-de-actuacion-en-materia-de-contrataciones-publicas,news,,project_date_missing
es:172,es,news,172,Sociedades por Acciones Simplificadas: La nueva promesa para las empresas en México,https://www.vonwobeser.com/index.php/publicacion?p_id=172,https://www.vonwobeser.com/index.php/publicaciones/noticias?start=570,"Marzo, 2016",2016-03,month,200,correcto,https://www.vonwobeser.com/index.php/publicacion?p_id=172,,1,legacy_id,172,,f60d9fb3-b2e7-4022-976e-10b719294256,sociedades-por-acciones-simplificadas-la-nueva-promesa-para-las-empresas-en-mexi,news,,project_date_missing
es:170,es,news,170,"Latin Lawyer-Claus von Wobeser, Diego Sierra: Panel de ICC resuelve controversia de bebidas mexicanas",https://www.vonwobeser.com/index.php/publicacion?p_id=170,https://www.vonwobeser.com/index.php/publicaciones/noticias?start=570,"Marzo, 2016",2016-03,month,200,correcto,https://www.vonwobeser.com/index.php/publicacion?p_id=170,,1,legacy_id,170,,7ddcfd0b-5956-4316-b0a7-320afdcc8e5f,latin-lawyer-claus-von-wobeser-diego-sierra-panel-de-icc-resuelve-controversia-d,news,,project_date_missing
es:168,es,news,168,"Global Arbitration Review 100 (GAR 100) - Claus von Wobeser, Diego Sierra: Panel de ICC resuelve controversia de bebidas mexicanas",https://www.vonwobeser.com/index.php/publicacion?p_id=168,https://www.vonwobeser.com/index.php/publicaciones/noticias?start=570,"Abril, 2016",2016-04,month,200,correcto,https://www.vonwobeser.com/index.php/publicacion?p_id=168,,1,legacy_id,168,,12ca79bf-56c9-4965-bcb6-4d6cd9afcf4c,global-arbitration-review-100-gar-100-claus-von-wobeser-diego-sierra-panel-de-ic,news,,project_date_missing
es:166,es,news,166,Se implementa en México el sistema de oposición en el derecho marcario,https://www.vonwobeser.com/index.php/publicacion?p_id=166,https://www.vonwobeser.com/index.php/publicaciones/noticias?start=570,"Abril, 2016",2016-04,month,200,correcto,https://www.vonwobeser.com/index.php/publicacion?p_id=166,,1,legacy_id,166,,fbe71c29-acc6-44a8-8597-9797e167ea32,se-implementa-en-mexico-el-sistema-de-oposicion-en-el-derecho-marcario,news,,project_date_missing
es:164,es,news,164,LACCA: Quien representa las grandes empresas de América Latina 2015,https://www.vonwobeser.com/index.php/publicacion?p_id=164,https://www.vonwobeser.com/index.php/publicaciones/noticias?start=570,"Abril, 2016",2016-04,month,200,correcto,https://www.vonwobeser.com/index.php/publicacion?p_id=164,,1,legacy_id,164,,e5519246-b25e-4d04-a66f-a38a25931959,lacca-quien-representa-las-grandes-empresas-de-america-latina-2015,news,,project_date_missing
es:162,es,news,162,Mars compra productor de chocolates de la marca Conejo en México.,https://www.vonwobeser.com/index.php/publicacion?p_id=162,https://www.vonwobeser.com/index.php/publicaciones/noticias?start=570,"Abril, 2016",2016-04,month,200,correcto,https://www.vonwobeser.com/index.php/publicacion?p_id=162,,1,legacy_id,162,,48b039a9-4bbc-4d81-8760-c4921731ef6e,mars-compra-productor-de-chocolates-de-la-marca-conejo-en-mexico,news,,project_date_missing
es:160,es,news,160,Rodolfo Trampe - International Bar Association (IBA) – Annual Employment and Discrimation Law Conference 2016,https://www.vonwobeser.com/index.php/publicacion?p_id=160,https://www.vonwobeser.com/index.php/publicaciones/noticias?start=570,"Abril, 2016",2016-04,month,200,correcto,https://www.vonwobeser.com/index.php/publicacion?p_id=160,,1,legacy_id,160,,e3af71b8-1bc4-4189-8531-a7d3d504e27a,rodolfo-trampe-international-bar-association-iba-annual-employment-and-discrimat,news,,project_date_missing
es:158,es,news,158,Global Competition Review – GCR - AB InBev/SABMiller elimina obstáculos en América latina.,https://www.vonwobeser.com/index.php/publicacion?p_id=158,https://www.vonwobeser.com/index.php/publicaciones/noticias?start=560,"Mayo, 2016",2016-05,month,200,correcto,https://www.vonwobeser.com/index.php/publicacion?p_id=158,,1,legacy_id,158,,572f708e-dc03-458d-8364-e9136a9df338,global-competition-review-gcr-ab-inbev-sabmiller-elimina-obstaculos-en-america-l,news,,project_date_missing
es:156,es,news,156,Latin Lawyer – 2016 - AB InBev/SABMiller elimina obstáculos en América latina.,https://www.vonwobeser.com/index.php/publicacion?p_id=156,https://www.vonwobeser.com/index.php/publicaciones/noticias?start=560,"Mayo, 2016",2016-05,month,200,correcto,https://www.vonwobeser.com/index.php/publicacion?p_id=156,,1,legacy_id,156,,f23dbae4-8dd7-42ea-baab-afba95c7664f,latin-lawyer-2016-ab-inbev-sabmiller-elimina-obstaculos-en-america-latina,news,,project_date_missing
es:154,es,news,154,Latin Lawyer: COFECE keeps focus on Mexico City airport – Fernando Carreño,https://www.vonwobeser.com/index.php/publicacion?p_id=154,https://www.vonwobeser.com/index.php/publicaciones/noticias?start=560,"Mayo, 2016",2016-05,month,200,correcto,https://www.vonwobeser.com/index.php/publicacion?p_id=154,,1,legacy_id,154,,ffce5cb2-52fc-4b02-acba-be7befbd554d,latin-lawyer-cofece-keeps-focus-on-mexico-city-airport-fernando-carreno-2,news,,project_date_missing
es:152,es,news,152,"El CENACE convoca para la Segunda Subasta de Largo Plazo de Energía Eléctrica, CELs y Potencia",https://www.vonwobeser.com/index.php/publicacion?p_id=152,https://www.vonwobeser.com/index.php/publicaciones/noticias?start=560,"Mayo, 2016",2016-05,month,200,correcto,https://www.vonwobeser.com/index.php/publicacion?p_id=152,,1,legacy_id,152,,ae09e9e3-ebf8-4452-a34f-ed0d1c21374c,el-cenace-convoca-para-la-segunda-subasta-de-largo-plazo-de-energia-electrica-ce,news,,project_date_missing
es:150,es,news,150,CONAGUA- beneficios para los concesionarios que cuenten con títulos vencidos o que no hayan sido prorrogados,https://www.vonwobeser.com/index.php/publicacion?p_id=150,https://www.vonwobeser.com/index.php/publicaciones/noticias?start=560,"Mayo, 2016",2016-05,month,200,correcto,https://www.vonwobeser.com/index.php/publicacion?p_id=150,,1,legacy_id,150,,a4c4ce1f-01f2-44ae-ab4f-ddea652bcec4,conagua-beneficios-para-los-concesionarios-que-cuenten-con-titulos-vencidos-o-qu,news,,project_date_missing
es:148,es,news,148,"Claus von Wobeser, Adrián Magallanes, Katerina Lundahl, Pablo Fautsch y Rodrigo Macin, Latin Lawyer: Arbitro emite orden de emergencia por la disputa de terminal portuaria mexicana.",https://www.vonwobeser.com/index.php/publicacion?p_id=148,https://www.vonwobeser.com/index.php/publicaciones/noticias?start=560,"Mayo, 2016",2016-05,month,200,correcto,https://www.vonwobeser.com/index.php/publicacion?p_id=148,,1,legacy_id,148,,f8c09c2a-f3a2-4b6d-ad03-1a523e76efa8,claus-von-wobeser-adrian-magallanes-katerina-lundahl-pablo-fautsch-y-rodrigo-mac-2,news,,project_date_missing
es:146,es,news,146,"Claus von Wobeser, Adrián Magallanes- Global Arbitration Review (GAR): Kirby issues emergency order in Mexican port dispute.",https://www.vonwobeser.com/index.php/publicacion?p_id=146,https://www.vonwobeser.com/index.php/publicaciones/noticias?start=560,"Mayo, 2016",2016-05,month,200,correcto,https://www.vonwobeser.com/index.php/publicacion?p_id=146,,1,legacy_id,146,,ff0d990a-09b4-48cf-9fa8-f7969ca81b9b,claus-von-wobeser-adrian-magallanes-global-arbitration-review-gar-kirby-issues-e-2,news,,project_date_missing
es:144,es,news,144,Luis Burgueño - LACCA (Latin American Corporate Counsel Association): Top 100 México,https://www.vonwobeser.com/index.php/publicacion?p_id=144,https://www.vonwobeser.com/index.php/publicaciones/noticias?start=560,"Mayo, 2016",2016-05,month,200,correcto,https://www.vonwobeser.com/index.php/publicacion?p_id=144,,1,legacy_id,144,,e96553ec-505e-48fc-9af2-123c1f326c9c,luis-burgueno-lacca-latin-american-corporate-counsel-association-top-100-mexico-2,news,,project_date_missing
es:142,es,news,142,Próxima entrada en vigor del Sistema de Oposición en México,https://www.vonwobeser.com/index.php/publicacion?p_id=142,https://www.vonwobeser.com/index.php/publicaciones/noticias?start=560,"Junio, 2016",2016-06,month,200,correcto,https://www.vonwobeser.com/index.php/publicacion?p_id=142,,1,legacy_id,142,,b15b671f-cf12-4bc3-a51b-34942eb9ec43,proxima-entrada-en-vigor-del-sistema-de-oposicion-en-mexico,news,,project_date_missing
es:140,es,news,140,"Latin Lawyer – Andrés Nieto, Edmond Grieger, Rodolfo Trampe, Alberto Córdoba, Alix Trimmer y Roberto Flores - Paul Weiss y Von Wobeser firman adquisición electrónica.",https://www.vonwobeser.com/index.php/publicacion?p_id=140,https://www.vonwobeser.com/index.php/publicaciones/noticias?start=560,"Junio, 2016",2016-06,month,200,correcto,https://www.vonwobeser.com/index.php/publicacion?p_id=140,,1,legacy_id,140,,dcc23116-1478-4649-a0a5-49f9e57bdfae,latin-lawyer-andres-nieto-edmond-grieger-rodolfo-trampe-alberto-cordoba-alix-tri-2,news,,project_date_missing
es:138,es,news,138,"Von Wobeser, Aziz & Kaye and Chévez Ruiz firman la venta de agencia publicitaria.",https://www.vonwobeser.com/index.php/publicacion?p_id=138,https://www.vonwobeser.com/index.php/publicaciones/noticias?start=550,"Junio, 2016",2016-06,month,200,correcto,https://www.vonwobeser.com/index.php/publicacion?p_id=138,,1,legacy_id,138,,04828a83-de2b-41b9-b7a8-8e1246a70f6f,von-wobeser-aziz-kaye-and-chevez-ruiz-firman-la-venta-de-agencia-publicitaria,news,,project_date_missing
es:136,es,news,136,Modificaciones a las Bases y Modelos de Contrato de la Convocatoria para Aguas Profundas del Golfo de México,https://www.vonwobeser.com/index.php/publicacion?p_id=136,https://www.vonwobeser.com/index.php/publicaciones/noticias?start=550,"Junio, 2016",2016-06,month,200,correcto,https://www.vonwobeser.com/index.php/publicacion?p_id=136,,1,legacy_id,136,,885593b9-6bb5-49b6-9c00-5d503f6e38ca,modificaciones-a-las-bases-y-modelos-de-contrato-de-la-convocatoria-para-aguas-p,news,,project_date_missing
es:132,es,news,132,"Luis Burgueño, Edmond Grieger, Rodolfo Trampe, Gloria Martínez, Laura Maldonado, Ariel Garfio, Alix Trimmer – Latin Lawyer: Coca Cola compra la bebida de soja de Unilever",https://www.vonwobeser.com/index.php/publicacion?p_id=132,https://www.vonwobeser.com/index.php/publicaciones/noticias?start=550,"Junio, 2016",2016-06,month,200,correcto,https://www.vonwobeser.com/index.php/publicacion?p_id=132,,1,legacy_id,132,,029c5201-ab96-4892-8c51-bdd8f0759718,luis-burgueno-edmond-grieger-rodolfo-trampe-gloria-martinez-laura-maldonado-arie-2,news,,project_date_missing
es:129,es,news,129,Criterio sobre el cálculo de salarios caídos,https://www.vonwobeser.com/index.php/publicacion?p_id=129,https://www.vonwobeser.com/index.php/publicaciones/noticias?start=550,"Junio, 2016",2016-06,month,200,correcto,https://www.vonwobeser.com/index.php/publicacion?p_id=129,,1,legacy_id,129,,d6f3abba-13ce-4143-bb9a-6bd53bf02a10,criterio-sobre-el-calculo-de-salarios-caidos,news,,project_date_missing
es:127,es,news,127,Global Arbitration Review (GAR) – Modelo takes Crown in beer dispute.,https://www.vonwobeser.com/index.php/publicacion?p_id=127,https://www.vonwobeser.com/index.php/publicaciones/noticias?start=550,"Junio, 2016",2016-06,month,200,correcto,https://www.vonwobeser.com/index.php/publicacion?p_id=127,,1,legacy_id,127,,9a921390-f949-460a-885a-7d5318917a91,global-arbitration-review-gar-modelo-takes-crown-in-beer-dispute-2,news,,project_date_missing
es:121,es,news,121,Global Investigations Review (GIR): México aprueba “loca” ley de transparencia – Adrián Magallanes,https://www.vonwobeser.com/index.php/publicacion?p_id=121,https://www.vonwobeser.com/index.php/publicaciones/noticias?start=550,"Junio, 2016",2016-06,month,200,correcto,https://www.vonwobeser.com/index.php/publicacion?p_id=121,,0,,,120,,,,,project_missing
es:119,es,news,119,Latin Lawyer: México aprueba “loca” ley de transparencia – Adrián Magallanes,https://www.vonwobeser.com/index.php/publicacion?p_id=119,https://www.vonwobeser.com/index.php/publicaciones/noticias?start=550,"Junio, 2016",2016-06,month,200,correcto,https://www.vonwobeser.com/index.php/publicacion?p_id=119,,0,,,118,,,,,project_missing
es:117,es,news,117,Global Competition Review (GCR): Panama Papers leak sparks Mexican investigation – Fernando Carreño,https://www.vonwobeser.com/index.php/publicacion?p_id=117,https://www.vonwobeser.com/index.php/publicaciones/noticias?start=550,"Junio, 2016",2016-06,month,200,correcto,https://www.vonwobeser.com/index.php/publicacion?p_id=117,,0,,,116,,,,,project_missing
es:115,es,news,115,Latin Lawyer: Panama Papers leak sparks Mexican investigation – Fernando Carreño,https://www.vonwobeser.com/index.php/publicacion?p_id=115,https://www.vonwobeser.com/index.php/publicaciones/noticias?start=550,"Junio, 2016",2016-06,month,200,correcto,https://www.vonwobeser.com/index.php/publicacion?p_id=115,,0,,,114,,,,,project_missing
es:113,es,news,113,Congreso Mexicano Emite Regulación Secundaria Anticorrupción,https://www.vonwobeser.com/index.php/publicacion?p_id=113,https://www.vonwobeser.com/index.php/publicaciones/noticias?start=550,"Junio, 2016",2016-06,month,200,correcto,https://www.vonwobeser.com/index.php/publicacion?p_id=113,,0,,,112,,,,,project_missing
es:111,es,news,111,El nuevo paradigma de anticorrupción en México,https://www.vonwobeser.com/index.php/publicacion?p_id=111,https://www.vonwobeser.com/index.php/publicaciones/noticias?start=540,"Julio, 2016",2016-07,month,200,correcto,https://www.vonwobeser.com/index.php/publicacion?p_id=111,,0,,,110,,,,,project_missing
es:109,es,news,109,Comunicado sobre Protección de Datos Personales en México,https://www.vonwobeser.com/index.php/publicacion?p_id=109,https://www.vonwobeser.com/index.php/publicaciones/noticias?start=540,"Julio, 2016",2016-07,month,200,correcto,https://www.vonwobeser.com/index.php/publicacion?p_id=109,,0,,,108,,,,,project_missing
es:107,es,news,107,La Comisión Nacional de Hidrocarburos emite la convocatoria y las bases de la primera licitación de la Ronda 2,https://www.vonwobeser.com/index.php/publicacion?p_id=107,https://www.vonwobeser.com/index.php/publicaciones/noticias?start=540,"Agosto, 2016",2016-08,month,200,correcto,https://www.vonwobeser.com/index.php/publicacion?p_id=107,,0,,,106,,,,,project_missing
es:105,es,news,105,"Von Wobeser y Sierra, S.C. participa en La Encuesta de Corrupción Latinoamericana 2016",https://www.vonwobeser.com/index.php/publicacion?p_id=105,https://www.vonwobeser.com/index.php/publicaciones/noticias?start=540,"Agosto, 2016",2016-08,month,200,correcto,https://www.vonwobeser.com/index.php/publicacion?p_id=105,,0,,,104,,,,,project_missing
es:103,es,news,103,"Adrián Magallanes – Global Pound Conference: El futuro de la resolución de controversias y la mejora del acceso a la justicia- 25 de Agosto, 2016",https://www.vonwobeser.com/index.php/publicacion?p_id=103,https://www.vonwobeser.com/index.php/publicaciones/noticias?start=540,"Agosto, 2016",2016-08,month,200,correcto,https://www.vonwobeser.com/index.php/publicacion?p_id=103,,0,,,102,,,,,project_missing
es:101,es,news,101,"Andrés Nieto – Global Pound Conference: El futuro de la resolución de controversias y la mejora del acceso a la justicia- 25 de Agosto, 2016",https://www.vonwobeser.com/index.php/publicacion?p_id=101,https://www.vonwobeser.com/index.php/publicaciones/noticias?start=540,"Agosto, 2016",2016-08,month,200,correcto,https://www.vonwobeser.com/index.php/publicacion?p_id=101,,0,,,100,,,,,project_missing
es:99,es,news,99,Thomson Reuters Foundation – Andrés Nieto - Pro Bono en México,https://www.vonwobeser.com/index.php/publicacion?p_id=99,https://www.vonwobeser.com/index.php/publicaciones/noticias?start=540,"Agosto, 2016",2016-08,month,200,correcto,https://www.vonwobeser.com/index.php/publicacion?p_id=99,,1,verified_language_counterpart,98,98,8a8ee2cb-7674-43d9-aa79-f113ee659370,thomson-reuters-foundation-andres-nieto-pro-bono-in-mexico,news,,project_date_missing
es:97,es,news,97,"Von Wobeser y Sierra, S.C. es reconocido por Trust Law Index of Pro Bono 2016",https://www.vonwobeser.com/index.php/publicacion?p_id=97,https://www.vonwobeser.com/index.php/publicaciones/noticias?start=540,"Agosto, 2016",2016-08,month,200,correcto,https://www.vonwobeser.com/index.php/publicacion?p_id=97,,0,,,96,,,,,project_missing
es:91,es,news,91,GCR-Global Competition Review - Las guerras territoriales: la amenaza de separaciones entre las autoridades de competencia de México,https://www.vonwobeser.com/index.php/publicacion?p_id=91,https://www.vonwobeser.com/index.php/publicaciones/noticias?start=540,"Agosto, 2016",2016-08,month,200,correcto,https://www.vonwobeser.com/index.php/publicacion?p_id=91,,0,,,90,,,,,project_missing
es:89,es,news,89,"Von Wobeser y Sierra, S.C. tiene el honor de invitarte a la conferencia ""Global Pound Conference de la Ciudad de México""",https://www.vonwobeser.com/index.php/publicacion?p_id=89,https://www.vonwobeser.com/index.php/publicaciones/noticias?start=540,"Agosto, 2016",2016-08,month,200,correcto,https://www.vonwobeser.com/index.php/publicacion?p_id=89,,0,,,88,,,,,project_missing
es:87,es,news,87,Global Competition Review-GCR – Fernando Carreño: ejecutor mexicano impulsa la desregulación de la industria de carga,https://www.vonwobeser.com/index.php/publicacion?p_id=87,https://www.vonwobeser.com/index.php/publicaciones/noticias?start=530,"Agosto, 2016",2016-08,month,200,correcto,https://www.vonwobeser.com/index.php/publicacion?p_id=87,,0,,,86,,,,,project_missing
es:85,es,news,85,"Von Wobeser y Sierra, S.C. es reconocida como firma “Elite” por la publicación Global Competition Review",https://www.vonwobeser.com/index.php/publicacion?p_id=85,https://www.vonwobeser.com/index.php/publicaciones/noticias?start=530,"Agosto, 2016",2016-08,month,200,correcto,https://www.vonwobeser.com/index.php/publicacion?p_id=85,,0,,,84,,,,,project_missing
es:83,es,news,83,Fernando Carreño - GCR – Global Competition Review: Mexico’s competition bar,https://www.vonwobeser.com/index.php/publicacion?p_id=83,https://www.vonwobeser.com/index.php/publicaciones/noticias?start=530,"Agosto, 2016",2016-08,month,200,correcto,https://www.vonwobeser.com/index.php/publicacion?p_id=83,,1,legacy_id,83,,7e7fda58-32af-4036-86f6-9eccad41d87e,fernando-carreno-gcr-global-competition-review-mexico-s-competition-bar-83,news,2016-08-01,date_match
es:81,es,news,81,"Latin Lawyer –Luis Burgueño, Edmond Grieger, Rodolfo Trampe, Alberto Córdoba y Marisol Márquez : Bain Capital exits car parts maker in Mexico.",https://www.vonwobeser.com/index.php/publicacion?p_id=81,https://www.vonwobeser.com/index.php/publicaciones/noticias?start=530,"Agosto, 2016",2016-08,month,200,correcto,https://www.vonwobeser.com/index.php/publicacion?p_id=81,,0,,,80,,,,,project_missing
es:79,es,news,79,"Lex Latin – Luis Burgueño, Edmond Grieger, Rodolfo Trampe, Alberto Córdoba, Marisol Márquez: Von Wobeser y Sierra tras adquisición de FTE en México",https://www.vonwobeser.com/index.php/publicacion?p_id=79,https://www.vonwobeser.com/index.php/publicaciones/noticias?start=530,"Agosto, 2016",2016-08,month,200,correcto,https://www.vonwobeser.com/index.php/publicacion?p_id=79,,0,,,78,,,,,project_missing
es:77,es,news,77,"Latin Lawyer: Luis Burgueño, Rupert Hüttler, Alberto Cordoba: Von Wobeser & Allen Overy diregen la la emisión de la notas de Automotive Samvardhana Motherson",https://www.vonwobeser.com/index.php/publicacion?p_id=77,https://www.vonwobeser.com/index.php/publicaciones/noticias?start=530,"Septiembre, 2016",2016-09,month,200,correcto,https://www.vonwobeser.com/index.php/publicacion?p_id=77,,0,,,76,,,,,project_missing
es:75,es,news,75,Latin Lawyer: Fernando Carreño - Antitrust probe targets Cancún airport,https://www.vonwobeser.com/index.php/publicacion?p_id=75,https://www.vonwobeser.com/index.php/publicaciones/noticias?start=530,"Septiembre, 2016",2016-09,month,200,correcto,https://www.vonwobeser.com/index.php/publicacion?p_id=75,,0,,,74,,,,,project_missing
es:73,es,news,73,Global Investigations Review (GIR 100) – Diego Sierra: Revelación de las prácticas líderes de investigación.,https://www.vonwobeser.com/index.php/publicacion?p_id=73,https://www.vonwobeser.com/index.php/publicaciones/noticias?start=530,"Septiembre, 2016",2016-09,month,200,correcto,https://www.vonwobeser.com/index.php/publicacion?p_id=73,,0,,,72,,,,,project_missing
es:71,es,news,71,"El CENACE da a conocer a los ganadores de la Segunda Subasta de Largo Plazo de Energía, CELs y Potencia",https://www.vonwobeser.com/index.php/publicacion?p_id=71,https://www.vonwobeser.com/index.php/publicaciones/noticias?start=530,"Octubre, 2016",2016-10,month,200,correcto,https://www.vonwobeser.com/index.php/publicacion?p_id=71,,0,,,70,,,,,project_missing
es:69,es,news,69,Arbitral Women en América Latina: Ciudad de México,https://www.vonwobeser.com/index.php/publicacion?p_id=69,https://www.vonwobeser.com/index.php/publicaciones/noticias?start=530,"Octubre, 2016",2016-10,month,200,correcto,https://www.vonwobeser.com/index.php/publicacion?p_id=69,,1,verified_language_counterpart,68,68,053f72e0-5ec0-4b6a-8026-500e50eea64d,arbitral-women-in-latin-america-mexico-city,news,,project_date_missing
es:67,es,news,67,"Luis Burgueño, Gloria Martínez, Alberto Córdoba, Jorge Díaz y Marisol Márquez - LexLatin: San Benedetto vende participación en JV con Grupo Peñafiel",https://www.vonwobeser.com/index.php/publicacion?p_id=67,https://www.vonwobeser.com/index.php/publicaciones/noticias?start=520,"Octubre, 2016",2016-10,month,200,correcto,https://www.vonwobeser.com/index.php/publicacion?p_id=67,,0,,,66,,,,,project_missing
es:65,es,news,65,Los Abogados de Von Wobeser y Sierra Firman el Compromiso Anticorrupción,https://www.vonwobeser.com/index.php/publicacion?p_id=65,https://www.vonwobeser.com/index.php/publicaciones/noticias?start=520,"Octubre, 2016",2016-10,month,200,correcto,https://www.vonwobeser.com/index.php/publicacion?p_id=65,,0,,,64,,,,,project_missing
es:63,es,news,63,Iniciativa de Integridad Judicial de la IBA: compromiso de anticorrupción judicial,https://www.vonwobeser.com/index.php/publicacion?p_id=63,https://www.vonwobeser.com/index.php/publicaciones/noticias?start=520,"Noviembre, 2016",2016-11,month,200,correcto,https://www.vonwobeser.com/index.php/publicacion?p_id=63,,0,,,62,,,,,project_missing
es:61,es,news,61,Potencial denuncia del Tratado de Libre Comercio de América del Norte,https://www.vonwobeser.com/index.php/publicacion?p_id=61,https://www.vonwobeser.com/index.php/publicaciones/noticias?start=520,"Noviembre, 2016",2016-11,month,200,correcto,https://www.vonwobeser.com/index.php/publicacion?p_id=61,,0,,,60,,,,,project_missing
es:59,es,news,59,"Fernando Carreño, Edmond Grieger, Luis Miguel Jiménez, Rodolfo Trampe, Pablo Saez Williams, Paloma Alcántara y Manuel Martínez - Latin Lawyer: Global Arbitration Review Constellation snaps up more Modelo assets",https://www.vonwobeser.com/index.php/publicacion?p_id=59,https://www.vonwobeser.com/index.php/publicaciones/noticias?start=520,"Noviembre, 2016",2016-11,month,200,correcto,https://www.vonwobeser.com/index.php/publicacion?p_id=59,,1,legacy_id,59,,49d87277-7659-4b2c-93b8-a307c2ddf535,fernando-carreno-edmond-grieger-luis-miguel-jimenez-rodolfo-trampe-pablo-saez-wi-2,news,,project_date_missing
es:57,es,news,57,Peña Nieto propone que Titular de la Fiscalía General de la República sea designado por Cámara de Senadores,https://www.vonwobeser.com/index.php/publicacion?p_id=57,https://www.vonwobeser.com/index.php/publicaciones/noticias?start=520,"Diciembre, 2016",2016-12,month,200,correcto,https://www.vonwobeser.com/index.php/publicacion?p_id=57,,0,,,56,,,,,project_missing
es:55,es,news,55,"Adrián Magallanes, Rodrigo Barradas - Global Arbitration Review (GAR) – Enforcement 2016 México.",https://www.vonwobeser.com/index.php/publicacion?p_id=55,https://www.vonwobeser.com/index.php/publicaciones/noticias?start=520,"Diciembre, 2016",2016-12,month,200,correcto,https://www.vonwobeser.com/index.php/publicacion?p_id=55,,1,legacy_id,55,,d494e597-be56-4386-b5fc-a456f15468d3,adrian-magallanes-rodrigo-barradas-global-arbitration-review-gar-enforcement-201-2,news,,project_date_missing
es:53,es,news,53,Who's Who Legal reconoce a futuros líderes 2017. Las personas reconocidas son Socios y Asociados de 45 años o menos considerados como los futuros líderes del arbitraje internacional.,https://www.vonwobeser.com/index.php/publicacion?p_id=53,https://www.vonwobeser.com/index.php/publicaciones/noticias?start=520,"Diciembre, 2016",2016-12,month,200,correcto,https://www.vonwobeser.com/index.php/publicacion?p_id=53,,0,,,52,,,,,project_missing
es:51,es,news,51,"Latin Lawyer-Leading Lights-Von Wobeser y Sierra, S.C. Líder Pro Bono",https://www.vonwobeser.com/index.php/publicacion?p_id=51,https://www.vonwobeser.com/index.php/publicaciones/noticias?start=520,"Diciembre, 2016",2016-12,month,200,correcto,https://www.vonwobeser.com/index.php/publicacion?p_id=51,,0,,,50,,,,,project_missing
es:49,es,news,49,"Leader League – Business and Leadership: Instituto de Arbitraje Transnacional (ITA)- Montserrat Manzano, Presidenta de la Iniciativa de Jóvenes Árbitros (YAI).",https://www.vonwobeser.com/index.php/publicacion?p_id=49,https://www.vonwobeser.com/index.php/publicaciones/noticias?start=520,"Diciembre, 2016",2016-12,month,200,correcto,https://www.vonwobeser.com/index.php/publicacion?p_id=49,,0,,,48,,,,,project_missing
es:47,es,news,47,Comisión Reguladora de Energía establece requisitos y otorga extensión de plazos relativos a la celebración de contratos de interconexión legados,https://www.vonwobeser.com/index.php/publicacion?p_id=47,https://www.vonwobeser.com/index.php/publicaciones/noticias?start=510,"Diciembre, 2016",2016-12,month,200,correcto,https://www.vonwobeser.com/index.php/publicacion?p_id=47,,0,,,46,,,,,project_missing
es:45,es,news,45,"ICC- International Chamber of Commerce: Comité de Mediación de la ICC México, Alexandra von Wobeser",https://www.vonwobeser.com/index.php/publicacion?p_id=45,https://www.vonwobeser.com/index.php/publicaciones/noticias?start=510,"Diciembre, 2016",2016-12,month,200,correcto,https://www.vonwobeser.com/index.php/publicacion?p_id=45,,0,,,44,,,,,project_missing
es:43,es,news,43,Who's Who Legal reconoce socios y abogados en Von Wobeser y Sierra,https://www.vonwobeser.com/index.php/publicacion?p_id=43,https://www.vonwobeser.com/index.php/publicaciones/noticias?start=510,"Diciembre, 2016",2016-12,month,200,correcto,https://www.vonwobeser.com/index.php/publicacion?p_id=43,,0,,,42,,,,,project_missing
es:41,es,news,41,Who's Who Legal reconoce socios y abogados en Von Wobeser y Sierra en Who's Who Legal Mexico,https://www.vonwobeser.com/index.php/publicacion?p_id=41,https://www.vonwobeser.com/index.php/publicaciones/noticias?start=510,"Diciembre, 2016",2016-12,month,200,correcto,https://www.vonwobeser.com/index.php/publicacion?p_id=41,,0,,,40,,,,,project_missing
es:39,es,news,39,Latin Lawyer – Fernando Carreño – Pasivos fiscales posteriores al cierre entre los mayores retos de las fusiones y adquisiciones.,https://www.vonwobeser.com/index.php/publicacion?p_id=39,https://www.vonwobeser.com/index.php/publicaciones/noticias?start=510,"Diciembre, 2016",2016-12,month,200,correcto,https://www.vonwobeser.com/index.php/publicacion?p_id=39,,0,,,38,,,,,project_missing
es:37,es,news,37,"Latin Lawyer – Andrés Nieto, Rodolfo Trampe, Edmond Grieger y Alberto Córdoba – Prince International acquires chemical company.",https://www.vonwobeser.com/index.php/publicacion?p_id=37,https://www.vonwobeser.com/index.php/publicaciones/noticias?start=510,"Enero, 2017",2017-01,month,200,correcto,https://www.vonwobeser.com/index.php/publicacion?p_id=37,,0,,,36,,,,,project_missing
es:35,es,news,35,"Latin Lawyer – Claus von Wobeser, Rupert Hüttler, Diego Sierra, Javier Lizardi, Rodolfo Trampe, Gibrán Castañeda, Alejandro González, Claudia Díaz – Corvaglia finaliza disputa de accionistas, aumenta el control por parte de México.",https://www.vonwobeser.com/index.php/publicacion?p_id=35,https://www.vonwobeser.com/index.php/publicaciones/noticias?start=510,"Enero, 2017",2017-01,month,200,correcto,https://www.vonwobeser.com/index.php/publicacion?p_id=35,,1,legacy_id,35,,89c36199-0cc4-4184-ac03-2bfe217fb48e,latin-lawyer-claus-von-wobeser-rupert-huttler-diego-sierra-javier-lizardi-rodolf-2,news,,project_date_missing
es:33,es,news,33,Principales Modificaciones a Disposiciones Fiscales para 2017,https://www.vonwobeser.com/index.php/publicacion?p_id=33,https://www.vonwobeser.com/index.php/publicaciones/noticias?start=510,"Enero, 2017",2017-01,month,200,correcto,https://www.vonwobeser.com/index.php/publicacion?p_id=33,,0,,,32,,,,,project_missing
es:31,es,news,31,Comunicado: Protección de datos personales en México,https://www.vonwobeser.com/index.php/publicacion?p_id=31,https://www.vonwobeser.com/index.php/publicaciones/noticias?start=510,"Febrero, 2017",2017-02,month,200,correcto,https://www.vonwobeser.com/index.php/publicacion?p_id=31,,0,,,30,,,,,project_missing
es:29,es,news,29,Montserrat Manzano - YAI Talks Miami: Conquistando Nuevos Esquemas en la Industria Bancaria y Financiera.,https://www.vonwobeser.com/index.php/publicacion?p_id=29,https://www.vonwobeser.com/index.php/publicaciones/noticias?start=500,"Febrero, 2017",2017-02,month,200,correcto,https://www.vonwobeser.com/index.php/publicacion?p_id=29,,0,,,28,,,,,project_missing
es:27,es,news,27,Reforma constitucional laboral,https://www.vonwobeser.com/index.php/publicacion?p_id=27,https://www.vonwobeser.com/index.php/publicaciones/noticias?start=500,"Febrero, 2017",2017-02,month,200,correcto,https://www.vonwobeser.com/index.php/publicacion?p_id=27,,0,,,26,,,,,project_missing
es:25,es,news,25,Global Competition Review (GCR) – México inicia primera acción criminal contra cartelistas – Fernando Carreño,https://www.vonwobeser.com/index.php/publicacion?p_id=25,https://www.vonwobeser.com/index.php/publicaciones/noticias?start=500,"Febrero, 2017",2017-02,month,200,correcto,https://www.vonwobeser.com/index.php/publicacion?p_id=25,,0,,,24,,,,,project_missing
es:23,es,news,23,Latin Lawyer – México inicia primera acción criminal contra cartelistas – Fernando Carreño,https://www.vonwobeser.com/index.php/publicacion?p_id=23,https://www.vonwobeser.com/index.php/publicaciones/noticias?start=500,"Febrero, 2017",2017-02,month,200,correcto,https://www.vonwobeser.com/index.php/publicacion?p_id=23,,0,,,22,,,,,project_missing
es:21,es,news,21,"Lex Latin – Luis Burgueño, Laura Maldonado - Kruger Brown adquiere PendaForm en México con ayuda de cuatro firmas.",https://www.vonwobeser.com/index.php/publicacion?p_id=21,https://www.vonwobeser.com/index.php/publicaciones/noticias?start=500,"Febrero, 2017",2017-02,month,200,correcto,https://www.vonwobeser.com/index.php/publicacion?p_id=21,,1,legacy_id,21,,f4763f3c-bace-466e-a19e-504d5f73e451,lex-latin-luis-burgueno-laura-maldonado-kruger-brown-adquiere-pendaform-en-mexic,news,,project_date_missing
es:19,es,news,19,COFECE encuentra evidencia de prácticas anticompetitivas en dos mercados,https://www.vonwobeser.com/index.php/publicacion?p_id=19,https://www.vonwobeser.com/index.php/publicaciones/noticias?start=500,"Febrero, 2017",2017-02,month,200,correcto,https://www.vonwobeser.com/index.php/publicacion?p_id=19,,1,legacy_id,19,,37da34d6-5b14-4c81-8e91-02e21f3bb871,cofece-encuentra-evidencia-de-practicas-anticompetitivas-en-dos-mercados,news,,project_date_missing
es:17,es,news,17,"Latin Lawyer – Fernando Carreño - Dos fiscales revisarán la fusión de AT&T / Time Warner, las reglas de la corte mexicana.",https://www.vonwobeser.com/index.php/publicacion?p_id=17,https://www.vonwobeser.com/index.php/publicaciones/noticias?start=500,"Marzo, 2017",2017-03,month,200,correcto,https://www.vonwobeser.com/index.php/publicacion?p_id=17,,1,legacy_id,17,,27d6eb03-6381-457a-8481-647b2b436000,latin-lawyer-fernando-carreno-dos-fiscales-revisaran-la-fusion-de-at-t-time-warn,news,,project_date_missing
es:15,es,news,15,"Latin Lawyer – Luis Burgueño, Laura Maldonado – Cuatro firmas legales detrás de la adquisición de plásticos Kruger Brown.",https://www.vonwobeser.com/index.php/publicacion?p_id=15,https://www.vonwobeser.com/index.php/publicaciones/noticias?start=500,"Marzo, 2017",2017-03,month,200,correcto,https://www.vonwobeser.com/index.php/publicacion?p_id=15,,1,legacy_id,15,,f80b9154-c519-435c-9ce5-b98d784b1b10,latin-lawyer-luis-burgueno-laura-maldonado-cuatro-firmas-legales-detras-de-la-ad,news,,project_date_missing
es:13,es,news,13,"Latin Lawyer – Edmond Grieger, Sofía López – Von Wobeser & Sierra, S.C. genera Modelo energía renovables PPA.",https://www.vonwobeser.com/index.php/publicacion?p_id=13,https://www.vonwobeser.com/index.php/publicaciones/noticias?start=490,"Abril, 2017",2017-04,month,200,correcto,https://www.vonwobeser.com/index.php/publicacion?p_id=13,,1,legacy_id,13,,b93121b3-88f0-4213-beb8-7ab619feda11,latin-lawyer-edmond-grieger-sofia-lopez-von-wobeser-sierra-s-c-genera-modelo-ene,news,,project_date_missing
es:11,es,news,11,"Lex Latin – Edmond Grieger, Sofía López – Von Wobeser & Sierra, S.C. genera Modelo energía renovables PPA.",https://www.vonwobeser.com/index.php/publicacion?p_id=11,https://www.vonwobeser.com/index.php/publicaciones/noticias?start=490,"Abril, 2017",2017-04,month,200,correcto,https://www.vonwobeser.com/index.php/publicacion?p_id=11,,1,legacy_id,11,,032c81d4-6e6c-4d33-9ce2-f3f9eb53b8e1,lex-latin-edmond-grieger-sofia-lopez-von-wobeser-sierra-s-c-genera-modelo-energi,news,,project_date_missing
es:7,es,news,7,"Dr. Edmund Duckwitz, Consejero de Von Wobeser y Sierra, (Ex Embajador de Alemania en México) es electo Presidente de CAMEXA",https://www.vonwobeser.com/index.php/publicacion?p_id=7,https://www.vonwobeser.com/index.php/publicaciones/noticias?start=490,"Mayo, 2017",2017-05,month,200,correcto,https://www.vonwobeser.com/index.php/publicacion?p_id=7,,1,legacy_id,7,,ac50e073-1f16-45f5-9706-2c0ecbdb1a9d,dr-edmund-duckwitz-consejero-de-von-wobeser-y-sierra-ex-embajador-de-alemania-en,news,,project_date_missing
es:5,es,news,5,"ITAFOR anuncia colaboradores 2017 entre los cuales incluyeron a Montserrat Manzano, Abogada Senior de Von Wobeser y Sierra, S.C.",https://www.vonwobeser.com/index.php/publicacion?p_id=5,https://www.vonwobeser.com/index.php/publicaciones/noticias?start=490,"Junio, 2017",2017-06,month,200,correcto,https://www.vonwobeser.com/index.php/publicacion?p_id=5,,1,legacy_id,5,,4e682977-f196-4202-b25c-4b5e3fb24e2f,itafor-anuncia-colaboradores-2017-entre-los-cuales-incluyeron-a-montserrat-manza,news,,project_date_missing
es:3,es,news,3,Sesión Especial: “Combate a la Corrupción: Interacción y cooperación con autoridades extranjeras en investigaciones complejas anticorrupción”.,https://www.vonwobeser.com/index.php/publicacion?p_id=3,https://www.vonwobeser.com/index.php/publicaciones/noticias?start=490,"Junio, 2017",2017-06,month,200,correcto,https://www.vonwobeser.com/index.php/publicacion?p_id=3,,1,legacy_id,3,,dc1ddbd8-3b17-423f-a53b-d842bf3b6ba8,sesion-especial-combate-a-la-corrupcion-interaccion-y-cooperacion-con-autoridade,news,,project_date_missing
