sourceKey,language,type,legacyId,titleOfficial,officialUrl,listingUrl,officialDateRaw,officialDateNormalized,officialDatePrecision,detailStatus,detailClassification,detailFinalUrl,detailError,projectMatchCount,projectMatchMethod,projectMatchedLegacyIds,officialCounterpartLegacyId,projectIds,projectSlugs,projectCategories,projectDates,comparison
en:1947,en,news,1947,In memory of Rodolfo Trampe,https://www.vonwobeser.com/index.php/publication?p_id=1947,https://www.vonwobeser.com/index.php/publications/news?start=60,"November, 2024",2024-11,month,200,correcto,https://www.vonwobeser.com/index.php/publication?p_id=1947,,1,legacy_id,1947,,2741aa52-8aa7-4f7f-b1c9-9d3601b458a6,in-memory-of-rodolfo-trampe,news,,project_date_missing
en:1946,en,news,1946,Reform to Expand Crimes with Mandatory Pretrial Detention,https://www.vonwobeser.com/index.php/publication?p_id=1946,https://www.vonwobeser.com/index.php/publications/news?start=60,"November, 2024",2024-11,month,200,correcto,https://www.vonwobeser.com/index.php/publication?p_id=1946,,1,legacy_id,1946,,4fcec068-484e-4cd6-9972-a90c3bc12812,reform-to-expand-crimes-with-mandatory-pretrial-detention-2,news,,project_date_missing
en:1926,en,news,1926,Economic Package for fiscal year 2025,https://www.vonwobeser.com/index.php/publication?p_id=1926,https://www.vonwobeser.com/index.php/publications/news?start=60,"November, 2024",2024-11,month,200,correcto,https://www.vonwobeser.com/index.php/publication?p_id=1926,,1,legacy_id,1926,,7e2013fc-832a-4b61-8c52-9bfb50d437b3,economic-package-for-fiscal-year-2025,news,,project_date_missing
en:1922,en,news,1922,TD Bank: Lessons on the Importance of Effective Controls in Money Laundering Prevention,https://www.vonwobeser.com/index.php/publication?p_id=1922,https://www.vonwobeser.com/index.php/publications/news?start=60,"October, 2024",2024-10,month,200,correcto,https://www.vonwobeser.com/index.php/publication?p_id=1922,,1,legacy_id,1922,,13fd80e9-dd0a-44a2-9a1f-eca6ec6431ee,td-bank-lessons-on-the-importance-of-effective-controls-in-money-laundering-prev,news,,project_date_missing
en:1920,en,news,1920,Constitutional Reform on the Rights of Indigenous and Afro-Mexican Communities,https://www.vonwobeser.com/index.php/publication?p_id=1920,https://www.vonwobeser.com/index.php/publications/news?start=60,"October, 2024",2024-10,month,200,correcto,https://www.vonwobeser.com/index.php/publication?p_id=1920,,1,legacy_id,1920,,dca1656f-3b88-48b8-8324-0f5a9a026391,constitutional-reform-on-the-rights-of-indigenous-and-afro-mexican-communities,news,,project_date_missing
en:1918,en,news,1918,Reform to Expand Crimes with Mandatory Pretrial Detention,https://www.vonwobeser.com/index.php/publication?p_id=1918,https://www.vonwobeser.com/index.php/publications/news?start=60,"November, 2024",2024-11,month,200,correcto,https://www.vonwobeser.com/index.php/publication?p_id=1918,,1,legacy_id,1918,,c17265e1-aada-446a-9d3d-20b86598919f,reform-to-expand-crimes-with-mandatory-pretrial-detention,news,,project_date_missing
en:1916,en,news,1916,U.S. Introduces New Open Banking Regulations,https://www.vonwobeser.com/index.php/publication?p_id=1916,https://www.vonwobeser.com/index.php/publications/news?start=60,"November, 2024",2024-11,month,200,correcto,https://www.vonwobeser.com/index.php/publication?p_id=1916,,1,legacy_id,1916,,c7333213-ff81-4ec1-a82f-178e7d7917f5,u-s-introduces-new-open-banking-regulations,news,,project_date_missing
en:1914,en,news,1914,"New Constitutional Reform in Strategic Areas and Companies (Energy, Railroads, Telecommunications and Natural Resources)",https://www.vonwobeser.com/index.php/publication?p_id=1914,https://www.vonwobeser.com/index.php/publications/news?start=60,"October, 2024",2024-10,month,200,correcto,https://www.vonwobeser.com/index.php/publication?p_id=1914,,1,legacy_id,1914,,029620d3-f79b-4435-bbb7-24698d07420d,new-constitutional-reform-in-strategic-areas-and-companies-energy-railroads-tele,news,,project_date_missing
en:1912,en,news,1912,Proposal for Reform of the LFPIORPI and CPF to Enhance Anti-Money Laundering and Combating Financing Terrorism Efforts,https://www.vonwobeser.com/index.php/publication?p_id=1912,https://www.vonwobeser.com/index.php/publications/news?start=60,"October, 2024",2024-10,month,200,correcto,https://www.vonwobeser.com/index.php/publication?p_id=1912,,1,legacy_id,1912,,fb0057ff-99f2-4ea8-93ba-35b3aa4fc184,proposal-for-reform-of-the-lfpiorpi-and-cpf-to-enhance-anti-money-laundering-and,news,,project_date_missing
en:1910,en,news,1910,New Provisions for Electric Vehicle Charging Infrastructure in Mexico,https://www.vonwobeser.com/index.php/publication?p_id=1910,https://www.vonwobeser.com/index.php/publications/news?start=60,"October, 2024",2024-10,month,200,correcto,https://www.vonwobeser.com/index.php/publication?p_id=1910,,1,legacy_id,1910,,7569560a-841c-4dea-810b-62ef4a8911ba,new-provisions-for-electric-vehicle-charging-infrastructure-in-mexico,news,,project_date_missing
en:1890,en,news,1890,Mexico’s Grupak acquires Igsapak for electricity self-supply,https://www.vonwobeser.com/index.php/publication?p_id=1890,https://www.vonwobeser.com/index.php/publications/news?start=90,"October, 2023",2023-10,month,200,correcto,https://www.vonwobeser.com/index.php/publication?p_id=1890,,1,legacy_id,1890,,2fa6a410-c6f9-489e-9b87-b2e8caa2bc4b,mexico-s-grupak-acquires-igsapak-for-electricity-self-supply,news,,project_date_missing
en:1885,en,news,1885,The restriction on the sale of products containing trans fats is now in effect,https://www.vonwobeser.com/index.php/publication?p_id=1885,https://www.vonwobeser.com/index.php/publications/news?start=100,"September, 2023",2023-09,month,200,correcto,https://www.vonwobeser.com/index.php/publication?p_id=1885,,1,legacy_id,1885,,f09d32bd-1ba6-4c02-a87c-722e64b66b53,the-restriction-on-the-sale-of-products-containing-trans-fats-is-now-in-effect,news,,project_date_missing
en:1883,en,news,1883,Use of Electronic Means for the Holding of Partners and Shareholders’ Meetings,https://www.vonwobeser.com/index.php/publication?p_id=1883,https://www.vonwobeser.com/index.php/publications/news?start=100,"September, 2023",2023-09,month,200,correcto,https://www.vonwobeser.com/index.php/publication?p_id=1883,,1,legacy_id,1883,,a44a5c11-2882-4996-815d-95316988ac60,use-of-electronic-means-for-the-holding-of-partners-and-shareholders-meetings,news,,project_date_missing
en:1879,en,news,1879,Investigation on Antitrust Matters in the Market for Commercialization of Real Estates Classified Advertisements,https://www.vonwobeser.com/index.php/publication?p_id=1879,https://www.vonwobeser.com/index.php/publications/news?start=100,"October, 2023",2023-10,month,200,correcto,https://www.vonwobeser.com/index.php/publication?p_id=1879,,1,legacy_id,1879,,f4c17cff-a9ab-496a-b475-35a3eeb5759b,investigation-on-antitrust-matters-in-the-market-for-commercialization-of-real-e,news,,project_date_missing
en:1877,en,news,1877,Significant tax incentives granted to key sectors of the manufacturing industry for export,https://www.vonwobeser.com/index.php/publication?p_id=1877,https://www.vonwobeser.com/index.php/publications/news?start=90,"October, 2023",2023-10,month,200,correcto,https://www.vonwobeser.com/index.php/publication?p_id=1877,,1,legacy_id,1877,,dee26923-1f14-4168-bdef-b7e0e2b0f457,significant-tax-incentives-granted-to-key-sectors-of-the-manufacturing-industry-,news,,project_date_missing
en:1874,en,news,1874,Decree - Tax benefits to taxpayers of the affected areas of the state of Guerrero,https://www.vonwobeser.com/index.php/publication?p_id=1874,https://www.vonwobeser.com/index.php/publications/news?start=90,"October, 2023",2023-10,month,200,correcto,https://www.vonwobeser.com/index.php/publication?p_id=1874,,1,legacy_id,1874,,9f1f9706-ae64-4165-8042-8dcbaae8f13c,decree-tax-benefits-to-taxpayers-of-the-affected-areas-of-the-state-of-guerrero,news,,project_date_missing
en:1872,en,news,1872,NOM-037 enters into force soon,https://www.vonwobeser.com/index.php/publication?p_id=1872,https://www.vonwobeser.com/index.php/publications/news?start=90,"November, 2023",2023-11,month,200,correcto,https://www.vonwobeser.com/index.php/publication?p_id=1872,,1,legacy_id,1872,,3242626b-a693-4f14-82c7-c77075b63884,nom-037-enters-into-force-soon,news,,project_date_missing
en:1870,en,news,1870,Report on BEPS Action 14 “Making Dispute Resolution Mechanisms More Effective”,https://www.vonwobeser.com/index.php/publication?p_id=1870,https://www.vonwobeser.com/index.php/publications/news?start=90,"November, 2023",2023-11,month,200,correcto,https://www.vonwobeser.com/index.php/publication?p_id=1870,,1,legacy_id,1870,,4bda3979-f08a-439b-95b4-46c67363501d,report-on-beps-action-14-making-dispute-resolution-mechanisms-more-effective,news,,project_date_missing
en:1868,en,news,1868,Relevant modifications in tax and budget laws for 2024,https://www.vonwobeser.com/index.php/publication?p_id=1868,https://www.vonwobeser.com/index.php/publications/news?start=90,"November, 2023",2023-11,month,200,correcto,https://www.vonwobeser.com/index.php/publication?p_id=1868,,1,legacy_id,1868,,3538c25c-4927-4837-a580-4393d030ba1d,relevant-modifications-in-tax-and-budget-laws-for-2024,news,,project_date_missing
en:1866,en,news,1866,Gambling and Raffles reform,https://www.vonwobeser.com/index.php/publication?p_id=1866,https://www.vonwobeser.com/index.php/publications/news?start=90,"November, 2023",2023-11,month,200,correcto,https://www.vonwobeser.com/index.php/publication?p_id=1866,,1,legacy_id,1866,,f5025d61-8ddb-4252-af69-8ef24513e66a,gambling-and-raffles-reform,news,,project_date_missing
en:1864,en,news,1864,"New minimum wages as of January 1, 2024",https://www.vonwobeser.com/index.php/publication?p_id=1864,https://www.vonwobeser.com/index.php/publications/news?start=90,"December, 2023",2023-12,month,200,correcto,https://www.vonwobeser.com/index.php/publication?p_id=1864,,1,legacy_id,1864,,7cdface0-d314-4191-ba6f-93999b9b7360,new-minimum-wages-as-of-january-1-2024,news,,project_date_missing
en:1862,en,news,1862,Ex officio investigation for barriers to competition and free market and/or essential inputs in the Public Railroad Freight Transportation Service Market,https://www.vonwobeser.com/index.php/publication?p_id=1862,https://www.vonwobeser.com/index.php/publications/news?start=90,"January, 2024",2024-01,month,200,correcto,https://www.vonwobeser.com/index.php/publication?p_id=1862,,1,legacy_id,1862,,41480454-9096-4c9e-ad34-ea4b891d583d,ex-officio-investigation-for-barriers-to-competition-and-free-market-and-or-esse,news,,project_date_missing
en:1860,en,news,1860,Amendment to the Federal Court of Administrative Justice Bylaws,https://www.vonwobeser.com/index.php/publication?p_id=1860,https://www.vonwobeser.com/index.php/publications/news?start=80,"February, 2024",2024-02,month,200,correcto,https://www.vonwobeser.com/index.php/publication?p_id=1860,,1,legacy_id,1860,,c9f5392d-2d3e-4461-8aac-67ea20a471a2,amendment-to-the-federal-court-of-administrative-justice-bylaws,news,,project_date_missing
en:1858,en,news,1858,Mexico’s Supreme Court of Justice confirms ruling against the recent reform of the Electricity Industry Law,https://www.vonwobeser.com/index.php/publication?p_id=1858,https://www.vonwobeser.com/index.php/publications/news?start=80,"February, 2024",2024-02,month,200,correcto,https://www.vonwobeser.com/index.php/publication?p_id=1858,,1,legacy_id,1858,,5beabc11-0aa9-4974-8549-d45714412b57,mexico-s-supreme-court-of-justice-confirms-ruling-against-the-recent-reform-of-t,news,,project_date_missing
en:1856,en,news,1856,Property Tax - Unconstitutionality of section IV of Article 282 of the Mexico City Tax Code,https://www.vonwobeser.com/index.php/publication?p_id=1856,https://www.vonwobeser.com/index.php/publications/news?start=80,"February, 2024",2024-02,month,200,correcto,https://www.vonwobeser.com/index.php/publication?p_id=1856,,1,legacy_id,1856,,924c5853-3f39-47fb-86a8-347da41092fe,property-tax-unconstitutionality-of-section-iv-of-article-282-of-the-mexico-city,news,,project_date_missing
en:1854,en,news,1854,2024 REPSE renewals,https://www.vonwobeser.com/index.php/publication?p_id=1854,https://www.vonwobeser.com/index.php/publications/news?start=80,"February, 2024",2024-02,month,200,correcto,https://www.vonwobeser.com/index.php/publication?p_id=1854,,1,legacy_id,1854,,3231d3e1-7c01-4114-abe4-9c4cc1a9d250,2024-repse-renewals,news,,project_date_missing
en:1852,en,news,1852,Official Letter on the territorial competence of the Administrative Units of the Taxpayers’ Ombudsman regarding conclusive agreements,https://www.vonwobeser.com/index.php/publication?p_id=1852,https://www.vonwobeser.com/index.php/publications/news?start=80,"March, 2024",2024-03,month,200,correcto,https://www.vonwobeser.com/index.php/publication?p_id=1852,,1,legacy_id,1852,,ed772eb2-aa4a-41dd-a99f-7e88cfd11b06,official-letter-on-the-territorial-competence-of-the-administrative-units-of-the,news,,project_date_missing
en:1850,en,news,1850,Amendment to the Credit Instruments and Operations General Law and the Law of Credit Organizations and Auxiliary Activities,https://www.vonwobeser.com/index.php/publication?p_id=1850,https://www.vonwobeser.com/index.php/publications/news?start=80,"April, 2024",2024-04,month,200,correcto,https://www.vonwobeser.com/index.php/publication?p_id=1850,,1,legacy_id,1850,,4f851c6a-9996-437c-a0a6-42c56579f716,amendment-to-the-credit-instruments-and-operations-general-law-and-the-law-of-cr,news,,project_date_missing
en:1848,en,news,1848,The First Chamber holds that restricting the cancellation of digital tax invoices via the internet exclusively to the fiscal year of their issuance is unconstitutional,https://www.vonwobeser.com/index.php/publication?p_id=1848,https://www.vonwobeser.com/index.php/publications/news?start=80,"April, 2024",2024-04,month,200,correcto,https://www.vonwobeser.com/index.php/publication?p_id=1848,,1,legacy_id,1848,,45032755-c632-47e0-acdd-25bb0b8589ce,the-first-chamber-holds-that-restricting-the-cancellation-of-digital-tax-invoice,news,,project_date_missing
en:1846,en,news,1846,Von Wobeser y Sierra receives accolades at The Legal 500 Mexico Awards 2024,https://www.vonwobeser.com/index.php/publication?p_id=1846,https://www.vonwobeser.com/index.php/publications/news?start=80,"April, 2024",2024-04,month,200,correcto,https://www.vonwobeser.com/index.php/publication?p_id=1846,,1,legacy_id,1846,,99c0a1e0-f7c5-4d6b-8b82-af59a41c1232,von-wobeser-y-sierra-receives-accolades-at-the-legal-500-mexico-awards-2024,news,,project_date_missing
en:1844,en,news,1844,Establishment of the National Council for Alternative Dispute Resolution Mechanisms,https://www.vonwobeser.com/index.php/publication?p_id=1844,https://www.vonwobeser.com/index.php/publications/news?start=80,"June, 2024",2024-06,month,200,correcto,https://www.vonwobeser.com/index.php/publication?p_id=1844,,1,legacy_id,1844,,f7f30439-47c6-4d68-8dec-b14b518dc71e,establishment-of-the-national-council-for-alternative-dispute-resolution-mechani,news,,project_date_missing
en:1842,en,news,1842,Antitrust investigation on cartel conducts in neonatal screening services contracted by public health institutions in Mexico.,https://www.vonwobeser.com/index.php/publication?p_id=1842,https://www.vonwobeser.com/index.php/publications/news?start=80,"June, 2024",2024-06,month,200,correcto,https://www.vonwobeser.com/index.php/publication?p_id=1842,,1,legacy_id,1842,,135f98d9-4847-4221-9cc6-1b4830b2a69e,antitrust-investigation-on-cartel-conducts-in-neonatal-screening-services-contra,news,,project_date_missing
en:1799,en,news,1799,"Von Wobeser y Sierra Collaborates with Datasaur to Launch AI-powered chatbot, VonBot",https://www.vonwobeser.com/index.php/publication?p_id=1799,https://www.vonwobeser.com/index.php/publications/news?start=90,"October, 2023",2023-10,month,200,correcto,https://www.vonwobeser.com/index.php/publication?p_id=1799,,1,legacy_id,1799,,e621c909-7786-4ab2-bb9a-c4ff66027e0f,von-wobeser-y-sierra-collaborates-with-datasaur-to-launch-ai-powered-chatbot-von,news,,project_date_missing
en:1797,en,news,1797,The Electronic Bidding and Opinion Request System (SISELO) of the Federal Economic Competition Commission (COFECE) starts operations,https://www.vonwobeser.com/index.php/publication?p_id=1797,https://www.vonwobeser.com/index.php/publications/news?start=100,"September, 2023",2023-09,month,200,correcto,https://www.vonwobeser.com/index.php/publication?p_id=1797,,1,legacy_id,1797,,441bcea3-820b-4f1a-9970-d838d8b0e65e,the-electronic-bidding-and-opinion-request-system-siselo-of-the-federal-economic,news,,project_date_missing
en:1795,en,news,1795,The end of the Covid-19 health emergency is declared,https://www.vonwobeser.com/index.php/publication?p_id=1795,https://www.vonwobeser.com/index.php/publications/news?start=100,"May, 2023",2023-05,month,200,correcto,https://www.vonwobeser.com/index.php/publication?p_id=1795,,1,legacy_id,1795,,3271d850-f9f6-45b5-bae0-a4e69f3b3f3e,the-end-of-the-covid-19-health-emergency-is-declared,news,,project_date_missing
en:1793,en,news,1793,Nearshoring: benefits and facilities for investments in the Isthmus of Tehuantepec,https://www.vonwobeser.com/index.php/publication?p_id=1793,https://www.vonwobeser.com/index.php/publications/news?start=100,"June, 2023",2023-06,month,200,correcto,https://www.vonwobeser.com/index.php/publication?p_id=1793,,1,legacy_id,1793,,25417e73-16af-4ade-897a-923544554d62,nearshoring-benefits-and-facilities-for-investments-in-the-isthmus-of-tehuantepe,news,,project_date_missing
en:1791,en,news,1791,The Energy Regulatory Commission rolls back the energy transition,https://www.vonwobeser.com/index.php/publication?p_id=1791,https://www.vonwobeser.com/index.php/publications/news?start=100,"June, 2023",2023-06,month,200,correcto,https://www.vonwobeser.com/index.php/publication?p_id=1791,,1,legacy_id,1791,,fe0db0ca-b82f-46fb-9ac4-fcecf2e62db0,the-energy-regulatory-commission-rolls-back-the-energy-transition,news,,project_date_missing
en:1789,en,news,1789,"Invalidity of the Law for the Transparency, Prevention and Combat of Improper Practices in Advertising Contracting",https://www.vonwobeser.com/index.php/publication?p_id=1789,https://www.vonwobeser.com/index.php/publications/news?start=100,"June, 2023",2023-06,month,200,correcto,https://www.vonwobeser.com/index.php/publication?p_id=1789,,1,legacy_id,1789,,c3d62e7d-b0db-4426-962b-c7664a76a505,invalidity-of-the-law-for-the-transparency-prevention-and-combat-of-improper-pra,news,,project_date_missing
en:1787,en,news,1787,"NOM-037, on Telework - Safety and Health Conditions at Work",https://www.vonwobeser.com/index.php/publication?p_id=1787,https://www.vonwobeser.com/index.php/publications/news?start=100,"June, 2023",2023-06,month,200,correcto,https://www.vonwobeser.com/index.php/publication?p_id=1787,,1,legacy_id,1787,,1ed3911a-faa5-48e5-b4bd-c68448f92c0b,nom-037-on-telework-safety-and-health-conditions-at-work,news,,project_date_missing
en:1785,en,news,1785,Prohibition on importing goods produced with Forced Labor,https://www.vonwobeser.com/index.php/publication?p_id=1785,https://www.vonwobeser.com/index.php/publications/news?start=100,"May, 2023",2023-05,month,200,correcto,https://www.vonwobeser.com/index.php/publication?p_id=1785,,1,legacy_id,1785,,ecd1da0a-31b7-46d5-ba23-8790782a6d2d,prohibition-on-importing-goods-produced-with-forced-labor,news,,project_date_missing
en:1739,en,news,1739,Informe Energía 360 | El riesgo de no ser sostenible,https://www.vonwobeser.com/index.php/publication?p_id=1739,https://www.vonwobeser.com/index.php/publications/news?start=130,"April, 2022",2022-04,month,200,correcto,https://www.vonwobeser.com/index.php/publication?p_id=1739,,1,legacy_id,1739,,98fd3eab-b374-41ee-8246-d665436a90b8,informe-energia-360-el-riesgo-de-no-ser-sostenible,Energía y Recursos Naturales,,project_date_missing
en:1737,en,news,1737,"Después de cuatro años, Monex compra participación restante en Arrendadora Avance",https://www.vonwobeser.com/index.php/publication?p_id=1737,https://www.vonwobeser.com/index.php/publications/news?start=130,"May, 2022",2022-05,month,200,correcto,https://www.vonwobeser.com/index.php/publication?p_id=1737,,1,legacy_id,1737,,cb08df04-f794-4b56-9675-685a63f6cc9f,despues-de-cuatro-anos-monex-compra-participacion-restante-en-arrendadora-avance,news,,project_date_missing
en:1736,en,news,1736,"Con sus recientes adquisiciones, Clayton, Dubilier & Rice se convierte en el fabricante de etiquetas más grande del mundo",https://www.vonwobeser.com/index.php/publication?p_id=1736,https://www.vonwobeser.com/index.php/publications/news?start=130,"May, 2022",2022-05,month,200,correcto,https://www.vonwobeser.com/index.php/publication?p_id=1736,,1,legacy_id,1736,,483cf0b2-8687-4218-a268-239492c5b7bb,con-sus-recientes-adquisiciones-clayton-dubilier-rice-se-convierte-en-el-fabrica,news,,project_date_missing
en:1734,en,news,1734,Criterios ESG en los arbitrajes: ¿Cómo funcionan los Dispute Boards?,https://www.vonwobeser.com/index.php/publication?p_id=1734,https://www.vonwobeser.com/index.php/publications/news?start=130,"May, 2022",2022-05,month,200,correcto,https://www.vonwobeser.com/index.php/publication?p_id=1734,,1,legacy_id,1734,,0df946e4-9956-4b77-8add-4f56785955dd,criterios-esg-en-los-arbitrajes-como-funcionan-los-dispute-boards,news,,project_date_missing
en:1732,en,news,1732,US private equity group buys Mexican label maker assets,https://www.vonwobeser.com/index.php/publication?p_id=1732,https://www.vonwobeser.com/index.php/publications/news?start=130,"April, 2022",2022-04,month,200,correcto,https://www.vonwobeser.com/index.php/publication?p_id=1732,,1,legacy_id,1732,,c8116b93-5211-4036-81aa-6dfa7d6468dd,us-private-equity-group-buys-mexican-label-maker-assets,news,,project_date_missing
en:1730,en,news,1730,"Limitarían, aún más, a generadores de IP",https://www.vonwobeser.com/index.php/publication?p_id=1730,https://www.vonwobeser.com/index.php/publications/news?start=130,"May, 2022",2022-05,month,200,correcto,https://www.vonwobeser.com/index.php/publication?p_id=1730,,1,legacy_id,1730,,84b9526e-ce20-45cb-b3e9-3ecc14da6686,limitarian-aun-mas-a-generadores-de-ip,news,,project_date_missing
en:1728,en,news,1728,Tienen empresas opciones de suministro eléctrico barato,https://www.vonwobeser.com/index.php/publication?p_id=1728,https://www.vonwobeser.com/index.php/publications/news?start=130,"April, 2022",2022-04,month,200,correcto,https://www.vonwobeser.com/index.php/publication?p_id=1728,,1,legacy_id,1728,,166b61a9-817a-41e8-beb1-0c6edcbf582d,tienen-empresas-opciones-de-suministro-electrico-barato,news,,project_date_missing
en:1722,en,news,1722,New rules impacting the operation of companies with IMMEX and PROSEC programs,https://www.vonwobeser.com/index.php/publication?p_id=1722,https://www.vonwobeser.com/index.php/publications/news?start=130,"May, 2022",2022-05,month,200,correcto,https://www.vonwobeser.com/index.php/publication?p_id=1722,,1,legacy_id,1722,,68c4f01e-cec1-4d9a-b6a2-666fa2dff127,new-rules-impacting-the-operation-of-companies-with-immex-and-prosec-programs,news,,project_date_missing
en:1721,en,news,1721,"Von Wobeser y Sierra, S.C. - WWL 2022 Mexico Report",https://www.vonwobeser.com/index.php/publication?p_id=1721,https://www.vonwobeser.com/index.php/publications/news?start=130,"May, 2022",2022-05,month,200,correcto,https://www.vonwobeser.com/index.php/publication?p_id=1721,,1,legacy_id,1721,,ddbdbad6-c7e9-4bb9-9026-94ac0933c9a8,von-wobeser-y-sierra-s-c-wwl-2022-mexico-report,news,,project_date_missing
en:1719,en,news,1719,Long term restriction for public officers to work in private sector declared unconstitutional,https://www.vonwobeser.com/index.php/publication?p_id=1719,https://www.vonwobeser.com/index.php/publications/news?start=130,"April, 2022",2022-04,month,200,correcto,https://www.vonwobeser.com/index.php/publication?p_id=1719,,1,legacy_id,1719,,8f9f9ee1-cbcc-409d-8828-5e7d2b8e8811,long-term-restriction-for-public-officers-to-work-in-private-sector-declared-unc,news,,project_date_missing
en:1101,en,news,1101,General Transparency and Healthy Practices Provisions issued by the CONDUSEF applicable to the FTI,https://www.vonwobeser.com/index.php/publication?p_id=1101,https://www.vonwobeser.com/index.php/publications/news?start=390,"July, 2019",2019-07,month,200,correcto,https://www.vonwobeser.com/index.php/publication?p_id=1101,,1,legacy_id,1101,,61a39dc7-5cfc-4a16-82b0-441bf9c11374,general-transparency-and-healthy-practices-provisions-issued-by-the-condusef-app,news,,project_date_missing
en:1099,en,news,1099,Reform of the Federal Labor and Social Security Laws in relation to domestic workers,https://www.vonwobeser.com/index.php/publication?p_id=1099,https://www.vonwobeser.com/index.php/publications/news?start=390,"July, 2019",2019-07,month,200,correcto,https://www.vonwobeser.com/index.php/publication?p_id=1099,,1,legacy_id,1099,,c662f27c-fd89-4d15-8b4f-99ac0d537a99,reform-of-the-federal-labor-and-social-security-laws-in-relation-to-domestic-wor,news,,project_date_missing
en:1097,en,news,1097,Reform in relation to the granting of leave for parents whose children have been diagnosed with cancer,https://www.vonwobeser.com/index.php/publication?p_id=1097,https://www.vonwobeser.com/index.php/publications/news?start=390,"June, 2019",2019-06,month,200,correcto,https://www.vonwobeser.com/index.php/publication?p_id=1097,,1,legacy_id,1097,,86015d69-303e-4e25-bc3c-f709ac344643,reform-in-relation-to-the-granting-of-leave-for-parents-whose-children-have-been,news,,project_date_missing
en:1094,en,news,1094,Latin Lawyer- Catching El Peje: what lawyers expect from AMLO's presidency,https://www.vonwobeser.com/index.php/publication?p_id=1094,https://www.vonwobeser.com/index.php/publications/news?start=390,"May, 2019",2019-05,month,200,correcto,https://www.vonwobeser.com/index.php/publication?p_id=1094,,1,legacy_id,1094,,430a602b-42d2-4c7c-8f3d-15d2ffb29a1f,latin-lawyer-catching-el-peje-what-lawyers-expect-from-amlo-s-presidency,news,,project_date_missing
en:1091,en,news,1091,Approval of the Mexican Labor Reform,https://www.vonwobeser.com/index.php/publication?p_id=1091,https://www.vonwobeser.com/index.php/publications/news?start=390,"May, 2019",2019-05,month,200,correcto,https://www.vonwobeser.com/index.php/publication?p_id=1091,,1,legacy_id,1091,,2c583b6d-db0e-4051-8fd2-5dc3e5afd49b,approval-of-the-mexican-labor-reform,news,,project_date_missing
en:1089,en,news,1089,General Provisions Regulating the AML Self-Regularization Programs,https://www.vonwobeser.com/index.php/publication?p_id=1089,https://www.vonwobeser.com/index.php/publications/news?start=390,"April, 2019",2019-04,month,200,correcto,https://www.vonwobeser.com/index.php/publication?p_id=1089,,1,legacy_id,1089,,e048a535-9704-4c0c-b859-fa0dc954b005,general-provisions-regulating-the-aml-self-regularization-programs,news,,project_date_missing
en:1087,en,news,1087,"Ruling waiving the payment of debts, fiscal fines, surcharges and enforcement expenditures as well as the granting of administrative benefits",https://www.vonwobeser.com/index.php/publication?p_id=1087,https://www.vonwobeser.com/index.php/publications/news?start=390,"April, 2019",2019-04,month,200,correcto,https://www.vonwobeser.com/index.php/publication?p_id=1087,,1,legacy_id,1087,,86f273b0-6350-4c26-beac-7756e1d4caa3,ruling-waiving-the-payment-of-debts-fiscal-fines-surcharges-and-enforcement-expe,news,,project_date_missing
en:1084,en,news,1084,Latin Lawyer- COFECE probes Mexico corn flour market,https://www.vonwobeser.com/index.php/publication?p_id=1084,https://www.vonwobeser.com/index.php/publications/news?start=390,"April, 2019",2019-04,month,200,correcto,https://www.vonwobeser.com/index.php/publication?p_id=1084,,1,legacy_id,1084,,9caf736b-f8e8-4409-b3ff-6ddb0747f3c2,latin-lawyer-cofece-probes-mexico-corn-flour-market,news,,project_date_missing
en:1083,en,news,1083,The Chamber of Deputies passes bill reforming Federal Labor Law,https://www.vonwobeser.com/index.php/publication?p_id=1083,https://www.vonwobeser.com/index.php/publications/news?start=390,"April, 2019",2019-04,month,200,correcto,https://www.vonwobeser.com/index.php/publication?p_id=1083,,1,legacy_id,1083,,cca16ad7-2a04-473b-918e-2f63291df857,the-chamber-of-deputies-passes-bill-reforming-federal-labor-law,news,,project_date_missing
en:1081,en,news,1081,"Centralized acquisition of medicines and healing material, for the federal entities, for year 2019",https://www.vonwobeser.com/index.php/publication?p_id=1081,https://www.vonwobeser.com/index.php/publications/news?start=390,"April, 2019",2019-04,month,200,correcto,https://www.vonwobeser.com/index.php/publication?p_id=1081,,1,legacy_id,1081,,2112291c-4d2e-4a20-97bd-dc94186e17f9,centralized-acquisition-of-medicines-and-healing-material-for-the-federal-entiti,news,,project_date_missing
en:422,en,news,422,Von Wobeser y Sierra recognized by GCR 100 as one of the best 100 firms in Competition in the world,https://www.vonwobeser.com/index.php/publication?p_id=422,https://www.vonwobeser.com/index.php/publications/news?start=510,"January, 2017",2017-01,month,200,correcto,https://www.vonwobeser.com/index.php/publication?p_id=422,,1,legacy_id,422,,20b57df0-ca79-4bd2-9a67-9cca470b588d,von-wobeser-y-sierra-recognized-by-gcr-100-as-one-of-the-best-100-firms-in-compe,news,,project_date_missing
en:120,en,news,120,Global Investigations Review (GIR): Mexico Passes “Crazy” transparency law – Adrián Magallanes,https://www.vonwobeser.com/index.php/publication?p_id=120,https://www.vonwobeser.com/index.php/publications/news?start=550,"June, 2016",2016-06,month,200,correcto,https://www.vonwobeser.com/index.php/publication?p_id=120,,1,legacy_id,120,,5ebb1385-30d0-467b-ae94-601ca30ddf23,global-investigations-review-gir-mexico-passes-crazy-transparency-law-adrian-mag,news,,project_date_missing
en:118,en,news,118,Latin Lawyer: Mexico Passes “Crazy” transparency law – Adrián Magallanes,https://www.vonwobeser.com/index.php/publication?p_id=118,https://www.vonwobeser.com/index.php/publications/news?start=550,"June, 2016",2016-06,month,200,correcto,https://www.vonwobeser.com/index.php/publication?p_id=118,,1,legacy_id,118,,6e5cf411-8eae-4f51-8f1b-f250e8ad64a7,latin-lawyer-mexico-passes-crazy-transparency-law-adrian-magallanes,news,,project_date_missing
en:116,en,news,116,Global Competition Review (GCR): Panama Papers leak sparks Mexican investigation – Fernando Carreño,https://www.vonwobeser.com/index.php/publication?p_id=116,https://www.vonwobeser.com/index.php/publications/news?start=550,"June, 2016",2016-06,month,200,correcto,https://www.vonwobeser.com/index.php/publication?p_id=116,,1,legacy_id,116,,04f51fe0-ea47-4806-a353-5dc2999ab7ab,global-competition-review-gcr-panama-papers-leak-sparks-mexican-investigation-fe,news,,project_date_missing
en:114,en,news,114,Latin Lawyer: Panama Papers leak sparks Mexican investigation – Fernando Carreño,https://www.vonwobeser.com/index.php/publication?p_id=114,https://www.vonwobeser.com/index.php/publications/news?start=550,"June, 2016",2016-06,month,200,correcto,https://www.vonwobeser.com/index.php/publication?p_id=114,,1,legacy_id,114,,bbd69080-a7d1-4d95-b7b5-69170c71bd35,latin-lawyer-panama-papers-leak-sparks-mexican-investigation-fernando-carreno,news,,project_date_missing
en:112,en,news,112,Mexican Congress Issues Secondary Anticorruption Regulations,https://www.vonwobeser.com/index.php/publication?p_id=112,https://www.vonwobeser.com/index.php/publications/news?start=550,"June, 2016",2016-06,month,200,correcto,https://www.vonwobeser.com/index.php/publication?p_id=112,,1,legacy_id,112,,82e42e46-e36d-44b5-bd95-947708dd2d56,mexican-congress-issues-secondary-anticorruption-regulations,news,,project_date_missing
en:110,en,news,110,Mexico's New Anti-corruption Paradigm,https://www.vonwobeser.com/index.php/publication?p_id=110,https://www.vonwobeser.com/index.php/publications/news?start=550,"July, 2016",2016-07,month,200,correcto,https://www.vonwobeser.com/index.php/publication?p_id=110,,1,legacy_id,110,,4c600c53-c657-43e3-bf9c-f00bfc21f1b0,mexico-s-new-anti-corruption-paradigm,news,,project_date_missing
en:108,en,news,108,Communication regarding Mexican Data Privacy Protection,https://www.vonwobeser.com/index.php/publication?p_id=108,https://www.vonwobeser.com/index.php/publications/news?start=550,"July, 2016",2016-07,month,200,correcto,https://www.vonwobeser.com/index.php/publication?p_id=108,,1,legacy_id,108,,e8aa2e3d-ecfc-4ef3-83d2-1caa247612d6,communication-regarding-mexican-data-privacy-protection,news,,project_date_missing
en:106,en,news,106,The National Hydrocarbons Commission issued the call and the rules for the first bidding of Round 2,https://www.vonwobeser.com/index.php/publication?p_id=106,https://www.vonwobeser.com/index.php/publications/news?start=550,"August, 2016",2016-08,month,200,correcto,https://www.vonwobeser.com/index.php/publication?p_id=106,,1,legacy_id,106,,b475ea2e-9067-4aaf-9cbf-5db12d65eb71,the-national-hydrocarbons-commission-issued-the-call-and-the-rules-for-the-first,news,,project_date_missing
en:104,en,news,104,Von Wobeser y Sierra participates in LatinAmerica Corruption Survey 2016,https://www.vonwobeser.com/index.php/publication?p_id=104,https://www.vonwobeser.com/index.php/publications/news?start=550,"August, 2016",2016-08,month,200,correcto,https://www.vonwobeser.com/index.php/publication?p_id=104,,1,legacy_id,104,,b5463b1a-5694-46a9-99d9-e11adcf0b086,von-wobeser-y-sierra-participates-in-latinamerica-corruption-survey-2016,news,,project_date_missing
en:102,en,news,102,"Adrián Magallanes – Global Pound Conference: Shaping the future of dispute resolution and improving access to justice - August 25, 2016",https://www.vonwobeser.com/index.php/publication?p_id=102,https://www.vonwobeser.com/index.php/publications/news?start=550,"August, 2016",2016-08,month,200,correcto,https://www.vonwobeser.com/index.php/publication?p_id=102,,1,legacy_id,102,,6183d86f-0efa-4dda-8819-3fba8131d7c4,adrian-magallanes-global-pound-conference-shaping-the-future-of-dispute-resoluti,news,,project_date_missing
en:100,en,news,100,"Andrés Nieto – Global Pound Conference: Shaping the future of dispute resolution and improving access to justice - August 25, 2016",https://www.vonwobeser.com/index.php/publication?p_id=100,https://www.vonwobeser.com/index.php/publications/news?start=540,"August, 2016",2016-08,month,200,correcto,https://www.vonwobeser.com/index.php/publication?p_id=100,,1,legacy_id,100,,4ba1e602-26ef-42ed-a117-f32cdf9a5aa1,andres-nieto-global-pound-conference-shaping-the-future-of-dispute-resolution-an,news,,project_date_missing
en:98,en,news,98,Thomson Reuters Foundation – Andrés Nieto - Pro Bono in Mexico,https://www.vonwobeser.com/index.php/publication?p_id=98,https://www.vonwobeser.com/index.php/publications/news?start=540,"August, 2016",2016-08,month,200,correcto,https://www.vonwobeser.com/index.php/publication?p_id=98,,1,legacy_id,98,,8a8ee2cb-7674-43d9-aa79-f113ee659370,thomson-reuters-foundation-andres-nieto-pro-bono-in-mexico,news,,project_date_missing
en:96,en,news,96,Von Wobeser y Sierra recognized in Trust LawIndex of Pro Bono 2016,https://www.vonwobeser.com/index.php/publication?p_id=96,https://www.vonwobeser.com/index.php/publications/news?start=540,"August, 2016",2016-08,month,200,correcto,https://www.vonwobeser.com/index.php/publication?p_id=96,,1,legacy_id,96,,c3a47ed5-8e59-45df-bfe6-80a54a85b854,von-wobeser-y-sierra-recognized-in-trust-lawindex-of-pro-bono-2016,news,,project_date_missing
en:90,en,news,90,GCR-Global Competition Review -Turf wars: the threat of stand-offs between Mexico’s competition enforcers,https://www.vonwobeser.com/index.php/publication?p_id=90,https://www.vonwobeser.com/index.php/publications/news?start=540,"August, 2016",2016-08,month,200,correcto,https://www.vonwobeser.com/index.php/publication?p_id=90,,1,legacy_id,90,,5d4ca987-760d-4d17-89a0-b5be16ce0812,gcr-global-competition-review-turf-wars-the-threat-of-stand-offs-between-mexico-,news,,project_date_missing
en:88,en,news,88,"Von Wobeser y Sierra, S.C. invites you to the Mexico City Global Pound Conference",https://www.vonwobeser.com/index.php/publication?p_id=88,https://www.vonwobeser.com/index.php/publications/news?start=540,"August, 2016",2016-08,month,200,correcto,https://www.vonwobeser.com/index.php/publication?p_id=88,,1,legacy_id,88,,ef4710ba-3255-4668-9507-29ae732cb170,von-wobeser-y-sierra-s-c-invites-you-to-the-mexico-city-global-pound-conference,news,,project_date_missing
en:86,en,news,86,Global Competition Review-GCR – Fernando Carreño: Mexican enforcer urges freight industry deregulation.,https://www.vonwobeser.com/index.php/publication?p_id=86,https://www.vonwobeser.com/index.php/publications/news?start=540,"August, 2016",2016-08,month,200,correcto,https://www.vonwobeser.com/index.php/publication?p_id=86,,1,legacy_id,86,,b9ac452a-833c-47a7-84dc-9309a312ff6d,global-competition-review-gcr-fernando-carreno-mexican-enforcer-urges-freight-in,news,,project_date_missing
en:84,en,news,84,"Von Wobeser y Sierra, S.C. is recognized as “Elite” firm in Global Competition Review",https://www.vonwobeser.com/index.php/publication?p_id=84,https://www.vonwobeser.com/index.php/publications/news?start=540,"August, 2016",2016-08,month,200,correcto,https://www.vonwobeser.com/index.php/publication?p_id=84,,1,legacy_id,84,,ef9eb9b7-fe58-4026-8cf9-e7c1cbe70ea8,von-wobeser-y-sierra-s-c-is-recognized-as-elite-firm-in-global-competition-revie,Competencia Económica,,project_date_missing
en:80,en,news,80,"Latin Lawyer –Luis Burgueño, Edmond Grieger, Rodolfo Trampe, Alberto Córdoba y Marisol Márquez : Bain Capital exits car parts maker in Mexico.",https://www.vonwobeser.com/index.php/publication?p_id=80,https://www.vonwobeser.com/index.php/publications/news?start=540,"August, 2016",2016-08,month,200,correcto,https://www.vonwobeser.com/index.php/publication?p_id=80,,1,legacy_id,80,,465c4ab5-167a-4b00-b5a6-eadd0223e705,latin-lawyer-luis-burgueno-edmond-grieger-rodolfo-trampe-alberto-cordoba-y-maris,news,,project_date_missing
en:78,en,news,78,"Lex Latin – Luis Burgueño, Edmond Grieger, Rodolfo Trampe, Alberto Córdoba, Marisol Márquez: Von Wobeser y Sierra after acquisition of FTE in Mexico",https://www.vonwobeser.com/index.php/publication?p_id=78,https://www.vonwobeser.com/index.php/publications/news?start=540,"August, 2016",2016-08,month,200,correcto,https://www.vonwobeser.com/index.php/publication?p_id=78,,1,legacy_id,78,,a9b5d535-77cb-48f5-bfb1-6dbb90d10259,lex-latin-luis-burgueno-edmond-grieger-rodolfo-trampe-alberto-cordoba-marisol-ma,news,,project_date_missing
en:76,en,news,76,"Latin Lawyer: Luis Burgueño, Rupert Hüttler, Alberto Cordoba: Von Wobeser & Allen Overy steer auto issuance",https://www.vonwobeser.com/index.php/publication?p_id=76,https://www.vonwobeser.com/index.php/publications/news?start=530,"September, 2016",2016-09,month,200,correcto,https://www.vonwobeser.com/index.php/publication?p_id=76,,1,legacy_id,76,,2f153e40-dbcf-421b-8879-3558e7571867,latin-lawyer-luis-burgueno-rupert-huttler-alberto-cordoba-von-wobeser-allen-over,news,,project_date_missing
en:74,en,news,74,Latin Lawyer: Fernando Carreño - Antitrust probe targets Cancún airport,https://www.vonwobeser.com/index.php/publication?p_id=74,https://www.vonwobeser.com/index.php/publications/news?start=530,"September, 2016",2016-09,month,200,correcto,https://www.vonwobeser.com/index.php/publication?p_id=74,,1,legacy_id,74,,92ac9ccd-c8be-4962-be5f-da76aff36ae2,latin-lawyer-fernando-carreno-antitrust-probe-targets-cancun-airport,news,,project_date_missing
en:72,en,news,72,Global Investigations Review (GIR 100) - Diego Sierra: The world´s leading investigations practices revealed.,https://www.vonwobeser.com/index.php/publication?p_id=72,https://www.vonwobeser.com/index.php/publications/news?start=530,"September, 2016",2016-09,month,200,correcto,https://www.vonwobeser.com/index.php/publication?p_id=72,,1,legacy_id,72,,898b346b-7de4-454f-af79-70a97101461d,global-investigations-review-gir-100-diego-sierra-the-world-s-leading-investigat,news,,project_date_missing
en:70,en,news,70,"CENACE announces the winners of the Second Long Term Auction for Energy, CELs and Capacity",https://www.vonwobeser.com/index.php/publication?p_id=70,https://www.vonwobeser.com/index.php/publications/news?start=530,"October, 2016",2016-10,month,200,correcto,https://www.vonwobeser.com/index.php/publication?p_id=70,,1,legacy_id,70,,450ff77f-095e-4340-b099-31aa52212336,cenace-announces-the-winners-of-the-second-long-term-auction-for-energy-cels-and,news,,project_date_missing
en:68,en,news,68,Arbitral Women in Latin America: Mexico City,https://www.vonwobeser.com/index.php/publication?p_id=68,https://www.vonwobeser.com/index.php/publications/news?start=530,"October, 2016",2016-10,month,200,correcto,https://www.vonwobeser.com/index.php/publication?p_id=68,,1,legacy_id,68,,053f72e0-5ec0-4b6a-8026-500e50eea64d,arbitral-women-in-latin-america-mexico-city,news,,project_date_missing
en:66,en,news,66,"Luis Burgueño, Gloria Martínez, Alberto Córdoba, Jorge Díaz y Marisol Márquez - LexLatin: San Benedetto sold shares in JV with Grupo Peñafiel",https://www.vonwobeser.com/index.php/publication?p_id=66,https://www.vonwobeser.com/index.php/publications/news?start=530,"October, 2016",2016-10,month,200,correcto,https://www.vonwobeser.com/index.php/publication?p_id=66,,1,legacy_id,66,,4267bd6f-2c5b-4399-b4f9-ce8008d827e8,luis-burgueno-gloria-martinez-alberto-cordoba-jorge-diaz-y-marisol-marquez-lexla,news,,project_date_missing
en:64,en,news,64,Von Wobeser y Sierra’s Attorneys Sign the IBA Anticorruption Compact,https://www.vonwobeser.com/index.php/publication?p_id=64,https://www.vonwobeser.com/index.php/publications/news?start=530,"October, 2016",2016-10,month,200,correcto,https://www.vonwobeser.com/index.php/publication?p_id=64,,1,legacy_id,64,,1c0aedf4-c27d-4bf6-b00c-268e825dc7d7,von-wobeser-y-sierra-s-attorneys-sign-the-iba-anticorruption-compact,news,,project_date_missing
en:62,en,news,62,IBA Judicial Integrity Initiative: judicial anti-corruption compact,https://www.vonwobeser.com/index.php/publication?p_id=62,https://www.vonwobeser.com/index.php/publications/news?start=530,"November, 2016",2016-11,month,200,correcto,https://www.vonwobeser.com/index.php/publication?p_id=62,,1,legacy_id,62,,b7149db0-f5a0-4884-86f9-a75ca200dc2f,iba-judicial-integrity-initiative-judicial-anti-corruption-compact,news,,project_date_missing
en:60,en,news,60,Potential withdrawal from the North American Free Trade Agreement,https://www.vonwobeser.com/index.php/publication?p_id=60,https://www.vonwobeser.com/index.php/publications/news?start=530,"November, 2016",2016-11,month,200,correcto,https://www.vonwobeser.com/index.php/publication?p_id=60,,1,legacy_id,60,,6d1be056-e7ce-4d9a-a9ec-8f8aaca30b54,potential-withdrawal-from-the-north-american-free-trade-agreement,news,,project_date_missing
en:58,en,news,58,"Fernando Carreño, Edmond Grieger, Luis Miguel Jiménez, Rodolfo Trampe, Pablo Saez Williams, Paloma Alcántara y Manuel Martínez - Latin Lawyer: Global Arbitration Review Constellation snaps up more Modelo assets",https://www.vonwobeser.com/index.php/publication?p_id=58,https://www.vonwobeser.com/index.php/publications/news?start=530,"November, 2016",2016-11,month,200,correcto,https://www.vonwobeser.com/index.php/publication?p_id=58,,1,legacy_id,58,,a3cf2fd9-c84d-42e0-a4b8-c0eea13be648,fernando-carreno-edmond-grieger-luis-miguel-jimenez-rodolfo-trampe-pablo-saez-wi,news,,project_date_missing
en:56,en,news,56,Peña Nieto proposes that Head of the Attorney General's Office be appointed by Senate,https://www.vonwobeser.com/index.php/publication?p_id=56,https://www.vonwobeser.com/index.php/publications/news?start=520,"December, 2016",2016-12,month,200,correcto,https://www.vonwobeser.com/index.php/publication?p_id=56,,1,legacy_id,56,,9bf45401-5780-4eec-a86f-5408d449ca26,pena-nieto-proposes-that-head-of-the-attorney-general-s-office-be-appointed-by-s,news,,project_date_missing
en:54,en,news,54,"Adrián Magallanes, Rodrigo Barradas - Global Arbitration Review (GAR) – Enforcement 2016 Mexico.",https://www.vonwobeser.com/index.php/publication?p_id=54,https://www.vonwobeser.com/index.php/publications/news?start=520,"December, 2016",2016-12,month,200,correcto,https://www.vonwobeser.com/index.php/publication?p_id=54,,1,legacy_id,54,,85649e92-50a4-4196-8458-7940c3599d92,adrian-magallanes-rodrigo-barradas-global-arbitration-review-gar-enforcement-201,news,,project_date_missing
en:52,en,news,52,Who´s Who Legal recognizes Future Leaders 2017. These are Partners and Non- Partners aged 45 or under who are considered to be the future leaders of the international arbitration.,https://www.vonwobeser.com/index.php/publication?p_id=52,https://www.vonwobeser.com/index.php/publications/news?start=520,"December, 2016",2016-12,month,200,correcto,https://www.vonwobeser.com/index.php/publication?p_id=52,,1,legacy_id,52,,efe85edf-18c2-4d4b-8be2-44c6031503c3,who-s-who-legal-recognizes-future-leaders-2017-these-are-partners-and-non-partne,news,,project_date_missing
en:50,en,news,50,Latin Lawyer - Leading Lights: Von Wobeser y Sierra S.C. Latin American Pro Bono Leader,https://www.vonwobeser.com/index.php/publication?p_id=50,https://www.vonwobeser.com/index.php/publications/news?start=520,"December, 2016",2016-12,month,200,correcto,https://www.vonwobeser.com/index.php/publication?p_id=50,,1,legacy_id,50,,f1e534a4-6c8e-4e18-a56c-ee0e8ccec261,latin-lawyer-leading-lights-von-wobeser-y-sierra-s-c-latin-american-pro-bono-lea,news,,project_date_missing
en:48,en,news,48,"Leader League - Business and Leadership: Institute for Transnational Arbitration (ITA) - Montserrat Manzano, Chair of the Young Arbitrators Initiative (YAI).",https://www.vonwobeser.com/index.php/publication?p_id=48,https://www.vonwobeser.com/index.php/publications/news?start=520,"December, 2016",2016-12,month,200,correcto,https://www.vonwobeser.com/index.php/publication?p_id=48,,1,legacy_id,48,,a740d55e-983e-493f-b1f6-a5eeacab1b99,leader-league-business-and-leadership-institute-for-transnational-arbitration-it,Arbitraje,,project_date_missing
en:46,en,news,46,Energy Regulatory Commission sets forth requirements and grants a time extension to execute interconnection agreements for permit holders under the previous legal electricity framework.,https://www.vonwobeser.com/index.php/publication?p_id=46,https://www.vonwobeser.com/index.php/publications/news?start=520,"December, 2016",2016-12,month,200,correcto,https://www.vonwobeser.com/index.php/publication?p_id=46,,1,legacy_id,46,,e4fce872-f513-475a-b65c-2188b444a516,energy-regulatory-commission-sets-forth-requirements-and-grants-a-time-extension,news,,project_date_missing
en:44,en,news,44,"ICC- International Chamber of Commerce: ICC Mexico Mediation Committee, Alexandra von Wobeser.",https://www.vonwobeser.com/index.php/publication?p_id=44,https://www.vonwobeser.com/index.php/publications/news?start=520,"December, 2016",2016-12,month,200,correcto,https://www.vonwobeser.com/index.php/publication?p_id=44,,1,legacy_id,44,,487293ee-b268-4e1e-9935-c076317d1dd5,icc-international-chamber-of-commerce-icc-mexico-mediation-committee-alexandra-v,news,,project_date_missing
en:42,en,news,42,Who´s Who Legal recognizes Partners & Associates of Von Wobeser y Sierra in Who´s Who Legal Mexico,https://www.vonwobeser.com/index.php/publication?p_id=42,https://www.vonwobeser.com/index.php/publications/news?start=520,"December, 2016",2016-12,month,200,correcto,https://www.vonwobeser.com/index.php/publication?p_id=42,,1,legacy_id,42,,dd54fb2b-dc66-475c-919f-aa0c76397bf5,who-s-who-legal-recognizes-partners-associates-of-von-wobeser-y-sierra-in-who-s-,news,,project_date_missing
en:40,en,news,40,Who´s Who Legal recognizes Partners & Lawyers at Von Wobeser y Sierra,https://www.vonwobeser.com/index.php/publication?p_id=40,https://www.vonwobeser.com/index.php/publications/news?start=520,"December, 2016",2016-12,month,200,correcto,https://www.vonwobeser.com/index.php/publication?p_id=40,,1,legacy_id,40,,6ed95b34-e257-4735-aa6d-b991d7b66df7,who-s-who-legal-recognizes-partners-lawyers-at-von-wobeser-y-sierra,news,,project_date_missing
en:38,en,news,38,Latin Lawyer – Fernando Carreño – Post closing tax liabilities among the gratest challenges for M&A deals.,https://www.vonwobeser.com/index.php/publication?p_id=38,https://www.vonwobeser.com/index.php/publications/news?start=520,"December, 2016",2016-12,month,200,correcto,https://www.vonwobeser.com/index.php/publication?p_id=38,,1,legacy_id,38,,602323d1-91d0-41f8-b21e-b7bd47eb1583,latin-lawyer-fernando-carreno-post-closing-tax-liabilities-among-the-gratest-cha,news,,project_date_missing
en:36,en,news,36,"Latin Lawyer – Andrés Nieto, Rodolfo Trampe, Edmond Grieger y Alberto Córdoba – Prince International acquires chemical company.",https://www.vonwobeser.com/index.php/publication?p_id=36,https://www.vonwobeser.com/index.php/publications/news?start=510,"January, 2017",2017-01,month,200,correcto,https://www.vonwobeser.com/index.php/publication?p_id=36,,1,legacy_id,36,,f97e4d8d-53f7-4938-814d-b9a5fdfff854,latin-lawyer-andres-nieto-rodolfo-trampe-edmond-grieger-y-alberto-cordoba-prince,news,,project_date_missing
en:34,en,news,34,"Latin Lawyer – Claus von Wobeser, Rupert Hüttler, Diego Sierra, Javier Lizardi, Rodolfo Trampe, Gibrán Castañeda, Alejandro González, Claudia Díaz – Corvaglia ends shareholder dispute, ups control of Mexico arm.",https://www.vonwobeser.com/index.php/publication?p_id=34,https://www.vonwobeser.com/index.php/publications/news?start=510,"January, 2017",2017-01,month,200,correcto,https://www.vonwobeser.com/index.php/publication?p_id=34,,1,legacy_id,34,,2e8fac33-77d7-46bf-91a5-a65832dba0b5,latin-lawyer-claus-von-wobeser-rupert-huttler-diego-sierra-javier-lizardi-rodolf,news,,project_date_missing
en:32,en,news,32,Principal Changes to Tax Provisions for 2017,https://www.vonwobeser.com/index.php/publication?p_id=32,https://www.vonwobeser.com/index.php/publications/news?start=510,"January, 2017",2017-01,month,200,correcto,https://www.vonwobeser.com/index.php/publication?p_id=32,,1,legacy_id,32,,40ea2e53-623e-4b28-a707-36a4db19bde2,principal-changes-to-tax-provisions-for-2017,news,,project_date_missing
en:30,en,news,30,Client Communication: Personal data protection in Mexico,https://www.vonwobeser.com/index.php/publication?p_id=30,https://www.vonwobeser.com/index.php/publications/news?start=510,"February, 2017",2017-02,month,200,correcto,https://www.vonwobeser.com/index.php/publication?p_id=30,,1,legacy_id,30,,d3e383f8-328f-4bab-b426-a3db2c3acebb,client-communication-personal-data-protection-in-mexico,news,,project_date_missing
en:28,en,news,28,"Montserrat Manzano - YAI Talks Miami: Conquering new grounds, the Finance and Banking Industry.",https://www.vonwobeser.com/index.php/publication?p_id=28,https://www.vonwobeser.com/index.php/publications/news?start=510,"February, 2017",2017-02,month,200,correcto,https://www.vonwobeser.com/index.php/publication?p_id=28,,1,legacy_id,28,,50bf9adf-1ff2-4657-ad77-149f4d82de6b,montserrat-manzano-yai-talks-miami-conquering-new-grounds-the-finance-and-bankin,news,,project_date_missing
en:26,en,news,26,Constitutional labor reform,https://www.vonwobeser.com/index.php/publication?p_id=26,https://www.vonwobeser.com/index.php/publications/news?start=510,"February, 2017",2017-02,month,200,correcto,https://www.vonwobeser.com/index.php/publication?p_id=26,,1,legacy_id,26,,7a884885-94a7-4129-b4dc-8908b5ab2ca2,constitutional-labor-reform,news,,project_date_missing
en:24,en,news,24,Global Competition Review (GCR) – Mexico pursues first criminal action against cartelists – Fernando Carreño,https://www.vonwobeser.com/index.php/publication?p_id=24,https://www.vonwobeser.com/index.php/publications/news?start=510,"February, 2017",2017-02,month,200,correcto,https://www.vonwobeser.com/index.php/publication?p_id=24,,1,legacy_id,24,,01a95395-7f4d-41c5-a1a8-859e5cb21695,global-competition-review-gcr-mexico-pursues-first-criminal-action-against-carte,news,,project_date_missing
en:22,en,news,22,Latin Lawyer – Mexico pursues first criminal action against cartelists – Fernando Carreño,https://www.vonwobeser.com/index.php/publication?p_id=22,https://www.vonwobeser.com/index.php/publications/news?start=510,"February, 2017",2017-02,month,200,correcto,https://www.vonwobeser.com/index.php/publication?p_id=22,,1,legacy_id,22,,3bb1071d-573e-4bfc-a773-7986bdf4678e,latin-lawyer-mexico-pursues-first-criminal-action-against-cartelists-fernando-ca,news,,project_date_missing
en:20,en,news,20,"Lex Latin – Luis Burgueño, Laura Maldonado – Kruger Brown acquire PendaForm in Mexico with the help from four law firms.",https://www.vonwobeser.com/index.php/publication?p_id=20,https://www.vonwobeser.com/index.php/publications/news?start=510,"February, 2017",2017-02,month,200,correcto,https://www.vonwobeser.com/index.php/publication?p_id=20,,1,legacy_id,20,,dd2766c6-543c-419c-a405-dc0289b9f7d4,lex-latin-luis-burgueno-laura-maldonado-kruger-brown-acquire-pendaform-in-mexico,news,,project_date_missing
es:1993,es,news,1993,"Von Wobeser fortalece sus prácticas de disputas, competencia económica, fiscal y compliance con el nombramiento de cuatro nuevos socios",https://www.vonwobeser.com/index.php/publicacion?p_id=1993,https://www.vonwobeser.com/index.php/publicaciones/noticias?start=30,"Diciembre, 2025",2025-12,month,200,correcto,https://www.vonwobeser.com/index.php/publicacion?p_id=1993,,1,legacy_id,1993,,f7527e9b-3b1f-4e4f-bbdd-331c967a1a22,von-wobeser-fortalece-sus-practicas-de-disputas-competencia-economica-fiscal-y-c,news,,project_date_missing
es:1991,es,news,1991,Von Wobeser y Sierra completa transición a sus nuevas oficinas: una inversión estratégica en el futuro de la firma,https://www.vonwobeser.com/index.php/publicacion?p_id=1991,https://www.vonwobeser.com/index.php/publicaciones/noticias?start=30,"Noviembre, 2025",2025-11,month,200,correcto,https://www.vonwobeser.com/index.php/publicacion?p_id=1991,,1,legacy_id,1991,,d2483fe5-7b42-4725-bf39-c888f5abc37d,von-wobeser-y-sierra-completa-transicion-a-sus-nuevas-oficinas-una-inversion-est,news,,project_date_missing
es:1987,es,news,1987,"Nueva Ley de Adquisiciones, Arrendamientos y Servicios del Sector Público.",https://www.vonwobeser.com/index.php/publicacion?p_id=1987,https://www.vonwobeser.com/index.php/publicaciones/noticias?start=30,"Mayo, 2025",2025-05,month,200,correcto,https://www.vonwobeser.com/index.php/publicacion?p_id=1987,,1,legacy_id,1987,,0c9112d3-5199-415e-a3ab-ceed87c4e227,nueva-ley-de-adquisiciones-arrendamientos-y-servicios-del-sector-publico,news,,project_date_missing
es:1981,es,news,1981,Flash News: Reforma a la Ley Antilavado (LFPIORPI) y Código Penal Federal,https://www.vonwobeser.com/index.php/publicacion?p_id=1981,https://www.vonwobeser.com/index.php/publicaciones/noticias?start=30,"Julio, 2025",2025-07,month,200,correcto,https://www.vonwobeser.com/index.php/publicacion?p_id=1981,,1,legacy_id,1981,,ea1006ea-aeb2-40bd-b86a-e672e9a6c567,flash-news-reforma-a-la-ley-antilavado-lfpiorpi-y-codigo-penal-federal,news,,project_date_missing
es:1979,es,news,1979,Se reanudan actividades: se publican plazos y términos oficiales de la Comisión Nacional de Energía,https://www.vonwobeser.com/index.php/publicacion?p_id=1979,https://www.vonwobeser.com/index.php/publicaciones/noticias?start=30,"Junio, 2025",2025-06,month,200,correcto,https://www.vonwobeser.com/index.php/publicacion?p_id=1979,,1,legacy_id,1979,,a2054554-191d-439e-ae93-50e166e2fe11,se-reanudan-actividades-se-publican-plazos-y-terminos-oficiales-de-la-comision-n,news,,project_date_missing
es:1962,es,news,1962,Reforma sobre Ley de Obras Públicas y Servicios Relacionados con las Mismas,https://www.vonwobeser.com/index.php/publicacion?p_id=1962,https://www.vonwobeser.com/index.php/publicaciones/noticias?start=30,"Mayo, 2025",2025-05,month,200,correcto,https://www.vonwobeser.com/index.php/publicacion?p_id=1962,,1,legacy_id,1962,,3edb0939-7fbf-4a7a-ab6f-e69a4390dd6f,reforma-sobre-ley-de-obras-publicas-y-servicios-relacionados-con-las-mismas,news,,project_date_missing
es:1960,es,news,1960,Se Otorgan Estímulos Fiscales a Contribuyentes que Operen dentro de los Polos de Desarrollo Económico para el Bienestar,https://www.vonwobeser.com/index.php/publicacion?p_id=1960,https://www.vonwobeser.com/index.php/publicaciones/noticias?start=30,"Mayo, 2025",2025-05,month,200,correcto,https://www.vonwobeser.com/index.php/publicacion?p_id=1960,,0,,,1959,,,,,project_missing
es:1955,es,news,1955,Iniciativa de Nuevas Leyes Secundarias para el Sector De Hidrocarburos,https://www.vonwobeser.com/index.php/publicacion?p_id=1955,https://www.vonwobeser.com/index.php/publicaciones/noticias?start=40,"Febrero, 2025",2025-02,month,200,correcto,https://www.vonwobeser.com/index.php/publicacion?p_id=1955,,1,legacy_id,1955,,cd3bd427-d754-43b8-ac98-d581800092c3,iniciativa-de-nuevas-leyes-secundarias-para-el-sector-de-hidrocarburos,news,,project_date_missing
es:1884,es,news,1884,La restricción a la venta de productos con grasas trans ya está en vigor,https://www.vonwobeser.com/index.php/publicacion?p_id=1884,https://www.vonwobeser.com/index.php/publicaciones/noticias?start=100,"Septiembre, 2023",2023-09,month,200,correcto,https://www.vonwobeser.com/index.php/publicacion?p_id=1884,,1,legacy_id,1884,,9828a138-3358-4ec8-ad46-fab27339b60d,la-restriccion-a-la-venta-de-productos-con-grasas-trans-ya-esta-en-vigor,news,,project_date_missing
es:1882,es,news,1882,Uso de Medios Electrónicos para la Celebración de Asambleas de Socios y Accionistas,https://www.vonwobeser.com/index.php/publicacion?p_id=1882,https://www.vonwobeser.com/index.php/publicaciones/noticias?start=100,"Septiembre, 2023",2023-09,month,200,correcto,https://www.vonwobeser.com/index.php/publicacion?p_id=1882,,1,legacy_id,1882,,d6038178-cdc1-48f0-8356-fc0b21942bd8,uso-de-medios-electronicos-para-la-celebracion-de-asambleas-de-socios-y-accionis,news,,project_date_missing
es:1878,es,news,1878,Investigación en Materia de Competencia Económica en el Mercado de la Comercialización de Avisos Inmobiliarios Clasificados,https://www.vonwobeser.com/index.php/publicacion?p_id=1878,https://www.vonwobeser.com/index.php/publicaciones/noticias?start=100,"Octubre, 2023",2023-10,month,200,correcto,https://www.vonwobeser.com/index.php/publicacion?p_id=1878,,1,legacy_id,1878,,cbf21e71-04dc-4a21-8dd2-0e2f2ed78cf1,investigacion-en-materia-de-competencia-economica-en-el-mercado-de-la-comerciali,news,,project_date_missing
es:1876,es,news,1876,Se otorgan importantes estímulos fiscales a sectores clave de la industria de manufactura para la exportación,https://www.vonwobeser.com/index.php/publicacion?p_id=1876,https://www.vonwobeser.com/index.php/publicaciones/noticias?start=100,"Octubre, 2023",2023-10,month,200,correcto,https://www.vonwobeser.com/index.php/publicacion?p_id=1876,,1,legacy_id,1876,,0af3f04d-df69-419a-a397-f16b6df9ab14,se-otorgan-importantes-estimulos-fiscales-a-sectores-clave-de-la-industria-de-ma,news,,project_date_missing
es:1857,es,news,1857,La Suprema Corte de Justicia de la Nación confirma amparos en contra de la reciente reforma a la Ley de la Industria Eléctrica,https://www.vonwobeser.com/index.php/publicacion?p_id=1857,https://www.vonwobeser.com/index.php/publicaciones/noticias?start=80,"Febrero, 2024",2024-02,month,200,correcto,https://www.vonwobeser.com/index.php/publicacion?p_id=1857,,1,legacy_id,1857,,7beec9d5-9e2e-4295-adf1-ca7516f71510,la-suprema-corte-de-justicia-de-la-nacion-confirma-amparos-en-contra-de-la-recie,news,,project_date_missing
es:1855,es,news,1855,Impuesto Predial - Inconstitucionalidad de la fracción IV del Artículo 282 del Código Fiscal de la Ciudad de México,https://www.vonwobeser.com/index.php/publicacion?p_id=1855,https://www.vonwobeser.com/index.php/publicaciones/noticias?start=80,"Febrero, 2024",2024-02,month,200,correcto,https://www.vonwobeser.com/index.php/publicacion?p_id=1855,,1,legacy_id,1855,,98b1acbf-1bd5-4238-b202-39b449bd729d,impuesto-predial-inconstitucionalidad-de-la-fraccion-iv-del-articulo-282-del-cod,news,,project_date_missing
es:1853,es,news,1853,Renovaciones REPSE 2024,https://www.vonwobeser.com/index.php/publicacion?p_id=1853,https://www.vonwobeser.com/index.php/publicaciones/noticias?start=80,"Febrero, 2024",2024-02,month,200,correcto,https://www.vonwobeser.com/index.php/publicacion?p_id=1853,,1,legacy_id,1853,,9414a8d3-1ea4-4357-8a34-b553197b0d7c,renovaciones-repse-2024,news,,project_date_missing
es:1851,es,news,1851,Acuerdo sobre la competencia territorial de las Unidades Administrativas de la PRODECON en materia de acuerdos conclusivos,https://www.vonwobeser.com/index.php/publicacion?p_id=1851,https://www.vonwobeser.com/index.php/publicaciones/noticias?start=80,"Marzo, 2024",2024-03,month,200,correcto,https://www.vonwobeser.com/index.php/publicacion?p_id=1851,,1,legacy_id,1851,,cab116c8-dcc1-4837-a53a-eea1cb1fa793,acuerdo-sobre-la-competencia-territorial-de-las-unidades-administrativas-de-la-p,news,,project_date_missing
es:1849,es,news,1849,Reforma a la Ley General de Títulos y Operaciones de Crédito y a la Ley General de Organizaciones y Actividades Auxiliares del Crédito,https://www.vonwobeser.com/index.php/publicacion?p_id=1849,https://www.vonwobeser.com/index.php/publicaciones/noticias?start=80,"Abril, 2024",2024-04,month,200,correcto,https://www.vonwobeser.com/index.php/publicacion?p_id=1849,,1,legacy_id,1849,,6e3699aa-f2fa-4edb-bb96-79865d31a15a,reforma-a-la-ley-general-de-titulos-y-operaciones-de-credito-y-a-la-ley-general-,news,,project_date_missing
es:1847,es,news,1847,La limitación del plazo para cancelar comprobantes fiscales digitales por internet al ejercicio en que se expidan es inconstitucional: Primera Sala,https://www.vonwobeser.com/index.php/publicacion?p_id=1847,https://www.vonwobeser.com/index.php/publicaciones/noticias?start=80,"Abril, 2024",2024-04,month,200,correcto,https://www.vonwobeser.com/index.php/publicacion?p_id=1847,,1,legacy_id,1847,,34bd63c2-b4da-4356-8012-9500ba8296a9,la-limitacion-del-plazo-para-cancelar-comprobantes-fiscales-digitales-por-intern,news,,project_date_missing
es:1845,es,news,1845,Von Wobeser y Sierra recibe reconocimientos en The Legal 500 Mexico Awards 2024,https://www.vonwobeser.com/index.php/publicacion?p_id=1845,https://www.vonwobeser.com/index.php/publicaciones/noticias?start=80,"Abril, 2024",2024-04,month,200,correcto,https://www.vonwobeser.com/index.php/publicacion?p_id=1845,,1,legacy_id,1845,,06e71597-6b34-4c96-873f-edb1df810381,von-wobeser-y-sierra-recibe-reconocimientos-en-the-legal-500-mexico-awards-2024,news,,project_date_missing
es:1843,es,news,1843,Instalación del Consejo Nacional de Mecanismos Alternativos de Solución de Controversias,https://www.vonwobeser.com/index.php/publicacion?p_id=1843,https://www.vonwobeser.com/index.php/publicaciones/noticias?start=80,"Junio, 2024",2024-06,month,200,correcto,https://www.vonwobeser.com/index.php/publicacion?p_id=1843,,1,legacy_id,1843,,e2cd9d00-a0f6-445d-83fd-58b2f9947a41,instalacion-del-consejo-nacional-de-mecanismos-alternativos-de-solucion-de-contr,news,,project_date_missing
es:1841,es,news,1841,Investigación por prácticas monopólicas absolutas en servicios médicos de tamiz metabólico neonatal del sector público en México.,https://www.vonwobeser.com/index.php/publicacion?p_id=1841,https://www.vonwobeser.com/index.php/publicaciones/noticias?start=80,"Junio, 2024",2024-06,month,200,correcto,https://www.vonwobeser.com/index.php/publicacion?p_id=1841,,1,legacy_id,1841,,f372271e-9f4d-4da3-bf66-92469e612c9a,investigacion-por-practicas-monopolicas-absolutas-en-servicios-medicos-de-tamiz-,news,,project_date_missing
es:1839,es,news,1839,Reforma en materia de trata de personas: Enfoque en la explotación laboral,https://www.vonwobeser.com/index.php/publicacion?p_id=1839,https://www.vonwobeser.com/index.php/publicaciones/noticias?start=80,"Junio, 2024",2024-06,month,200,correcto,https://www.vonwobeser.com/index.php/publicacion?p_id=1839,,1,legacy_id,1839,,38415856-76ff-4bb0-b3af-3f8b7b69653d,reforma-en-materia-de-trata-de-personas-enfoque-en-la-explotacion-laboral,news,,project_date_missing
es:1798,es,news,1798,El Sistema de Solicitud Electrónica de Licitaciones y Opiniones (SISELO) de la Comisión Federal de Competencia Económica (COFECE) inicia operaciones,https://www.vonwobeser.com/index.php/publicacion?p_id=1798,https://www.vonwobeser.com/index.php/publicaciones/noticias?start=100,"Septiembre, 2023",2023-09,month,200,correcto,https://www.vonwobeser.com/index.php/publicacion?p_id=1798,,1,legacy_id,1798,,9f876181-b431-4e3c-be02-4c984f2e14b4,el-sistema-de-solicitud-electronica-de-licitaciones-y-opiniones-siselo-de-la-com,news,,project_date_missing
es:1794,es,news,1794,Nearshoring: beneficios y facilidades para inversiones en el Istmo de Tehuantepec,https://www.vonwobeser.com/index.php/publicacion?p_id=1794,https://www.vonwobeser.com/index.php/publicaciones/noticias?start=100,"Junio, 2023",2023-06,month,200,correcto,https://www.vonwobeser.com/index.php/publicacion?p_id=1794,,1,legacy_id,1794,,0f1efca3-31bf-434e-8f17-67aced390567,nearshoring-beneficios-y-facilidades-para-inversiones-en-el-istmo-de-tehuantepec,news,,project_date_missing
es:1792,es,news,1792,La CRE emite acuerdo que promueve la regresión de la transición energética,https://www.vonwobeser.com/index.php/publicacion?p_id=1792,https://www.vonwobeser.com/index.php/publicaciones/noticias?start=100,"Junio, 2023",2023-06,month,200,correcto,https://www.vonwobeser.com/index.php/publicacion?p_id=1792,,1,legacy_id,1792,,3b7332f7-88c0-4366-a267-a20c37df8a52,la-cre-emite-acuerdo-que-promueve-la-regresion-de-la-transicion-energetica,news,,project_date_missing
es:1790,es,news,1790,"Invalidez de la Ley para la Transparencia, Prevención y Combate de Prácticas Indebidas en Materia de Contratación de Publicidad",https://www.vonwobeser.com/index.php/publicacion?p_id=1790,https://www.vonwobeser.com/index.php/publicaciones/noticias?start=100,"Junio, 2023",2023-06,month,200,correcto,https://www.vonwobeser.com/index.php/publicacion?p_id=1790,,1,legacy_id,1790,,caaaa975-fbb1-41dd-8c8e-40ed8b68a0f5,invalidez-de-la-ley-para-la-transparencia-prevencion-y-combate-de-practicas-inde,news,,project_date_missing
es:1788,es,news,1788,"NOM-037, sobre Teletrabajo - Condiciones de Seguridad y Salud en el Trabajo",https://www.vonwobeser.com/index.php/publicacion?p_id=1788,https://www.vonwobeser.com/index.php/publicaciones/noticias?start=100,"Junio, 2023",2023-06,month,200,correcto,https://www.vonwobeser.com/index.php/publicacion?p_id=1788,,1,legacy_id,1788,,7ba693c6-5763-43c8-8b88-1532f5dc1a3e,nom-037-sobre-teletrabajo-condiciones-de-seguridad-y-salud-en-el-trabajo,news,,project_date_missing
es:1786,es,news,1786,Prohibición de la importación de bienes producidos con Trabajo Forzoso,https://www.vonwobeser.com/index.php/publicacion?p_id=1786,https://www.vonwobeser.com/index.php/publicaciones/noticias?start=100,"Mayo, 2023",2023-05,month,200,correcto,https://www.vonwobeser.com/index.php/publicacion?p_id=1786,,1,legacy_id,1786,,6265b966-7523-4c28-be92-e60c9394fd09,prohibicion-de-la-importacion-de-bienes-producidos-con-trabajo-forzoso,news,,project_date_missing
es:1766,es,news,1766,Nuevos valores de la UMA vigentes a partir del 1º de febrero de 2023,https://www.vonwobeser.com/index.php/publicacion?p_id=1766,https://www.vonwobeser.com/index.php/publicaciones/noticias?start=120,"Enero, 2023",2023-01,month,200,correcto,https://www.vonwobeser.com/index.php/publicacion?p_id=1766,,1,legacy_id,1766,,f6d65f65-12ba-4a07-952e-3652cb627210,nuevos-valores-de-la-uma-vigentes-a-partir-del-1-de-febrero-de-2023,news,,project_date_missing
es:1762,es,news,1762,Nuevos salarios mínimos a partir del 1° de enero de 2023,https://www.vonwobeser.com/index.php/publicacion?p_id=1762,https://www.vonwobeser.com/index.php/publicaciones/noticias?start=120,"Diciembre, 2022",2022-12,month,200,correcto,https://www.vonwobeser.com/index.php/publicacion?p_id=1762,,1,legacy_id,1762,,22436601-17ff-496a-a8ba-cd54e5e134a7,nuevos-salarios-minimos-a-partir-del-1-de-enero-de-2023,news,,project_date_missing
es:1760,es,news,1760,Regulación del Mercado de Cripto-Activos en la Unión Europea (MiCA),https://www.vonwobeser.com/index.php/publicacion?p_id=1760,https://www.vonwobeser.com/index.php/publicaciones/noticias?start=120,"Noviembre, 2022",2022-11,month,200,correcto,https://www.vonwobeser.com/index.php/publicacion?p_id=1760,,1,legacy_id,1760,,c3a57277-02b2-43f7-a1bb-94c487df4c6e,regulacion-del-mercado-de-cripto-activos-en-la-union-europea-mica,news,,project_date_missing
es:1758,es,news,1758,Nuevos Lineamientos ante Covid-19,https://www.vonwobeser.com/index.php/publicacion?p_id=1758,https://www.vonwobeser.com/index.php/publicaciones/noticias?start=120,"Octubre, 2022",2022-10,month,200,correcto,https://www.vonwobeser.com/index.php/publicacion?p_id=1758,,1,legacy_id,1758,,2e8a87ed-13d1-4063-a3dd-be2fffd66846,nuevos-lineamientos-ante-covid-19,news,,project_date_missing
es:1754,es,news,1754,Modificaciones de las disposiciones fiscales para el Ejercicio Fiscal de 2023,https://www.vonwobeser.com/index.php/publicacion?p_id=1754,https://www.vonwobeser.com/index.php/publicaciones/noticias?start=120,"Septiembre, 2022",2022-09,month,200,correcto,https://www.vonwobeser.com/index.php/publicacion?p_id=1754,,1,legacy_id,1754,,1a03fefd-c4b9-4863-8600-b358ad7a9047,modificaciones-de-las-disposiciones-fiscales-para-el-ejercicio-fiscal-de-2023,news,,project_date_missing
es:1752,es,news,1752,Mexico: New District Courts in bankruptcy matters,https://www.vonwobeser.com/index.php/publicacion?p_id=1752,https://www.vonwobeser.com/index.php/publicaciones/noticias?start=120,"Septiembre, 2022",2022-09,month,200,correcto,https://www.vonwobeser.com/index.php/publicacion?p_id=1752,,1,legacy_id,1752,,49cb1584-d6f7-4720-9bee-45ddfb662771,mexico-new-district-courts-in-bankruptcy-matters-2,news,,project_date_missing
es:1750,es,news,1750,"“Litio para México”, el nuevo organismo público descentralizado",https://www.vonwobeser.com/index.php/publicacion?p_id=1750,https://www.vonwobeser.com/index.php/publicaciones/noticias?start=120,"Agosto, 2022",2022-08,month,200,correcto,https://www.vonwobeser.com/index.php/publicacion?p_id=1750,,1,legacy_id,1750,,03bb669a-fd0a-4770-a168-856359cd4dd2,litio-para-mexico-el-nuevo-organismo-publico-descentralizado,news,,project_date_missing
es:1746,es,news,1746,Proyecto de NOM sobre Teletrabajo – Condiciones de Seguridad y Salud,https://www.vonwobeser.com/index.php/publicacion?p_id=1746,https://www.vonwobeser.com/index.php/publicaciones/noticias?start=120,"Julio, 2022",2022-07,month,200,correcto,https://www.vonwobeser.com/index.php/publicacion?p_id=1746,,1,legacy_id,1746,,21d0e47b-f772-451e-90ac-a60e9c5d2485,proyecto-de-nom-sobre-teletrabajo-condiciones-de-seguridad-y-salud,news,,project_date_missing
es:1744,es,news,1744,Medidas transitorias frente a sequías severas en México,https://www.vonwobeser.com/index.php/publicacion?p_id=1744,https://www.vonwobeser.com/index.php/publicaciones/noticias?start=120,"Julio, 2022",2022-07,month,200,correcto,https://www.vonwobeser.com/index.php/publicacion?p_id=1744,,1,legacy_id,1744,,84c6c2b4-9be2-4574-ab92-4bc80caf5ff2,medidas-transitorias-frente-a-sequias-severas-en-mexico,news,,project_date_missing
es:1742,es,news,1742,Se aplaza entrada en vigor de reforma laboral,https://www.vonwobeser.com/index.php/publicacion?p_id=1742,https://www.vonwobeser.com/index.php/publicaciones/noticias?start=120,"Mayo, 2022",2022-05,month,200,correcto,https://www.vonwobeser.com/index.php/publicacion?p_id=1742,,1,legacy_id,1742,,d50bc1d0-6cdf-4d2a-861a-d8eae71d360a,se-aplaza-entrada-en-vigor-de-reforma-laboral,news,,project_date_missing
es:1581,es,news,1581,Page Knowledge Base – Pablo Jiménez: ¿Cómo una compañía cervecera nos puede unir cuando estamos alejados?,https://www.vonwobeser.com/index.php/publicacion?p_id=1581,https://www.vonwobeser.com/index.php/publicaciones/noticias?start=280,"Junio, 2020",2020-06,month,200,correcto,https://www.vonwobeser.com/index.php/publicacion?p_id=1581,,1,legacy_id,1581,,dfc4473a-03c7-46b5-9712-175e1a145927,page-knowledge-base-pablo-jimenez-como-una-compania-cervecera-nos-puede-unir-cua,news,,project_date_missing
es:1579,es,news,1579,"Purpose 360 – Pablo Jiménez: Impulsando una causa con AB InBev, 2020",https://www.vonwobeser.com/index.php/publicacion?p_id=1579,https://www.vonwobeser.com/index.php/publicaciones/noticias?start=300,"Mayo, 2020",2020-05,month,200,correcto,https://www.vonwobeser.com/index.php/publicacion?p_id=1579,,1,legacy_id,1579,,d3d478ed-0cb4-40ff-aa95-71d0d79f564d,purpose-360-pablo-jimenez-impulsando-una-causa-con-ab-inbev-2020,news,,project_date_missing
es:1577,es,news,1577,Pablo Jiménez – Reforma – Agua Capital: por un México con Agua,https://www.vonwobeser.com/index.php/publicacion?p_id=1577,https://www.vonwobeser.com/index.php/publicaciones/noticias?start=450,"Abril, 2018",2018-04,month,200,correcto,https://www.vonwobeser.com/index.php/publicacion?p_id=1577,,1,legacy_id,1577,,e007f510-7eab-4c2a-87e7-e513fc9ea8f2,pablo-jimenez-reforma-agua-capital-por-un-mexico-con-agua,news,,project_date_missing
es:1575,es,news,1575,"ACC Docket – Pablo Jiménez: Tomando de una fuente: cómo Pablo Jiménez Zorrilla se convirtió en Vicepresidente Legal y de Asuntos Corporativos de AB InBev Middle Americas, 2017",https://www.vonwobeser.com/index.php/publicacion?p_id=1575,https://www.vonwobeser.com/index.php/publicaciones/noticias?start=490,"Abril, 2017",2017-04,month,200,correcto,https://www.vonwobeser.com/index.php/publicacion?p_id=1575,,1,legacy_id,1575,,c9fe7cf9-9ec9-4989-86bd-b7805b8ab6d7,acc-docket-pablo-jimenez-tomando-de-una-fuente-como-pablo-jimenez-zorrilla-se-co,news,,project_date_missing
es:1573,es,news,1573,"Expansión – Pablo Jiménez: Pablo Jiménez, el hombre que ‘defiende’ a Grupo Modelo, 2017",https://www.vonwobeser.com/index.php/publicacion?p_id=1573,https://www.vonwobeser.com/index.php/publicaciones/noticias?start=490,"Abril, 2017",2017-04,month,200,correcto,https://www.vonwobeser.com/index.php/publicacion?p_id=1573,,1,legacy_id,1573,,5bf12224-41c7-4803-ac79-ee9b0464de0e,expansion-pablo-jimenez-pablo-jimenez-el-hombre-que-defiende-a-grupo-modelo-2017,news,,project_date_missing
es:1537,es,news,1537,Reforma en materia de subcontratación trae cambios relevantes al mercado laboral en México,https://www.vonwobeser.com/index.php/publicacion?p_id=1537,https://www.vonwobeser.com/index.php/publicaciones/noticias?start=180,"Abril, 2021",2021-04,month,200,correcto,https://www.vonwobeser.com/index.php/publicacion?p_id=1537,,1,legacy_id,1537,,4fc7ee76-bbb7-4e31-8c44-37ea172451c8,reforma-en-materia-de-subcontratacion-trae-cambios-relevantes-al-mercado-laboral,news,,project_date_missing
es:1535,es,news,1535,Publicación en el DOF del Padrón Nacional de Usuarios de Telefonía Móvil,https://www.vonwobeser.com/index.php/publicacion?p_id=1535,https://www.vonwobeser.com/index.php/publicaciones/noticias?start=180,"Abril, 2021",2021-04,month,200,correcto,https://www.vonwobeser.com/index.php/publicacion?p_id=1535,,1,legacy_id,1535,,bbb653a8-1456-40d2-b34b-642061f4ca7f,publicacion-en-el-dof-del-padron-nacional-de-usuarios-de-telefonia-movil,news,,project_date_missing
es:1533,es,news,1533,Aprobación en Cámara de Senadores de la iniciativa de reforma en materia de subcontratación,https://www.vonwobeser.com/index.php/publicacion?p_id=1533,https://www.vonwobeser.com/index.php/publicaciones/noticias?start=180,"Abril, 2021",2021-04,month,200,correcto,https://www.vonwobeser.com/index.php/publicacion?p_id=1533,,1,legacy_id,1533,,27409bfb-f1df-45d6-a1b7-c5db96ad75d8,aprobacion-en-camara-de-senadores-de-la-iniciativa-de-reforma-en-materia-de-subc,news,,project_date_missing
es:1531,es,news,1531,Aprobación en Cámara de Diputados de la iniciativa de Reforma en materia de subcontratación,https://www.vonwobeser.com/index.php/publicacion?p_id=1531,https://www.vonwobeser.com/index.php/publicaciones/noticias?start=180,"Abril, 2021",2021-04,month,200,correcto,https://www.vonwobeser.com/index.php/publicacion?p_id=1531,,1,legacy_id,1531,,1f9513cd-effc-448d-9799-8ec20e8d8a0f,aprobacion-en-camara-de-diputados-de-la-iniciativa-de-reforma-en-materia-de-subc,news,,project_date_missing
es:1529,es,news,1529,COFECE emite modificaciones a la Guía para la Notificación de Concentraciones,https://www.vonwobeser.com/index.php/publicacion?p_id=1529,https://www.vonwobeser.com/index.php/publicaciones/noticias?start=180,"Abril, 2021",2021-04,month,200,correcto,https://www.vonwobeser.com/index.php/publicacion?p_id=1529,,1,legacy_id,1529,,c6dfe1b7-e52e-4cd4-b5eb-ef5fed592c09,cofece-emite-modificaciones-a-la-guia-para-la-notificacion-de-concentraciones,news,,project_date_missing
es:1527,es,news,1527,Acuerdo sobre la iniciativa de Reforma a la Ley Federal del Trabajo en materia de subcontratación,https://www.vonwobeser.com/index.php/publicacion?p_id=1527,https://www.vonwobeser.com/index.php/publicaciones/noticias?start=180,"Abril, 2021",2021-04,month,200,correcto,https://www.vonwobeser.com/index.php/publicacion?p_id=1527,,1,legacy_id,1527,,4d179e7f-66dd-41d4-b2ec-a0ba1bacb5d1,acuerdo-sobre-la-iniciativa-de-reforma-a-la-ley-federal-del-trabajo-en-materia-d,news,,project_date_missing
es:1525,es,news,1525,Ejecutivo envía a la Cámara de Diputados Iniciativa de Reforma en Materia de Hidrocarburos,https://www.vonwobeser.com/index.php/publicacion?p_id=1525,https://www.vonwobeser.com/index.php/publicaciones/noticias?start=180,"Marzo, 2021",2021-03,month,200,correcto,https://www.vonwobeser.com/index.php/publicacion?p_id=1525,,1,legacy_id,1525,,d7cf06ab-c63e-4875-863b-68d2710d2030,ejecutivo-envia-a-la-camara-de-diputados-iniciativa-de-reforma-en-materia-de-hid,news,,project_date_missing
es:1523,es,news,1523,Modificaciones al Protocolo para la Legitimación de Contratos Colectivos de Trabajo,https://www.vonwobeser.com/index.php/publicacion?p_id=1523,https://www.vonwobeser.com/index.php/publicaciones/noticias?start=190,"Febrero, 2021",2021-02,month,200,correcto,https://www.vonwobeser.com/index.php/publicacion?p_id=1523,,1,legacy_id,1523,,b5f8f1d2-fc41-43a3-b7a2-a6669c969fce,modificaciones-al-protocolo-para-la-legitimacion-de-contratos-colectivos-de-trab,news,,project_date_missing
es:1521,es,news,1521,Decreto de Reforma a la Ley de la Industria Eléctrica y Acuerdo de Insubsistencia de la Política de Confiabilidad de SENER,https://www.vonwobeser.com/index.php/publicacion?p_id=1521,https://www.vonwobeser.com/index.php/publicaciones/noticias?start=180,"Marzo, 2021",2021-03,month,200,correcto,https://www.vonwobeser.com/index.php/publicacion?p_id=1521,,1,legacy_id,1521,,2f5418bf-a3e6-4f65-9465-4e2459bc1954,decreto-de-reforma-a-la-ley-de-la-industria-electrica-y-acuerdo-de-insubsistenci,news,,project_date_missing
es:1519,es,news,1519,La Cámara de Diputados retoma la aprobación de la Ley Federal para la Regulación del Cannabis,https://www.vonwobeser.com/index.php/publicacion?p_id=1519,https://www.vonwobeser.com/index.php/publicaciones/noticias?start=180,"Marzo, 2021",2021-03,month,200,correcto,https://www.vonwobeser.com/index.php/publicacion?p_id=1519,,1,legacy_id,1519,,16073ed8-2d28-4e86-88db-6f5e5e560879,la-camara-de-diputados-retoma-la-aprobacion-de-la-ley-federal-para-la-regulacion,news,,project_date_missing
es:1517,es,news,1517,Latin Lawyer: Los ascensos en las empresas de América Latina aumentaron a finales de año,https://www.vonwobeser.com/index.php/publicacion?p_id=1517,https://www.vonwobeser.com/index.php/publicaciones/noticias?start=180,"Febrero, 2021",2021-02,month,200,correcto,https://www.vonwobeser.com/index.php/publicacion?p_id=1517,,1,legacy_id,1517,,aae7d93a-d271-4ddc-babf-c7fa0b2f3d2a,latin-lawyer-los-ascensos-en-las-empresas-de-america-latina-aumentaron-a-finales,news,,project_date_missing
es:1515,es,news,1515,Lex Latin: Von Wobeser y Sierra refuerza su plantilla con promociones,https://www.vonwobeser.com/index.php/publicacion?p_id=1515,https://www.vonwobeser.com/index.php/publicaciones/noticias?start=190,"Febrero, 2021",2021-02,month,200,correcto,https://www.vonwobeser.com/index.php/publicacion?p_id=1515,,1,legacy_id,1515,,1f89aed2-02d6-4959-b026-32f7b089f151,lex-latin-von-wobeser-y-sierra-refuerza-su-plantilla-con-promociones,news,,project_date_missing
es:1513,es,news,1513,Leaders League: Von Wobeser de México añade dos socios y cinco counsel,https://www.vonwobeser.com/index.php/publicacion?p_id=1513,https://www.vonwobeser.com/index.php/publicaciones/noticias?start=190,"Febrero, 2021",2021-02,month,200,correcto,https://www.vonwobeser.com/index.php/publicacion?p_id=1513,,1,legacy_id,1513,,d0d16e93-fc1e-40a8-92be-432c71bf116f,leaders-league-von-wobeser-de-mexico-anade-dos-socios-y-cinco-counsel,news,,project_date_missing
es:1511,es,news,1511,Chambers and Partners 2021 Rankings,https://www.vonwobeser.com/index.php/publicacion?p_id=1511,https://www.vonwobeser.com/index.php/publicaciones/noticias?start=190,"Febrero, 2021",2021-02,month,200,correcto,https://www.vonwobeser.com/index.php/publicacion?p_id=1511,,1,legacy_id,1511,,94d8838e-ac8a-498b-8e99-af4e34ad92c9,chambers-and-partners-2021-rankings-2,news,,project_date_missing
es:1503,es,news,1503,Acontecimientos relevantes en el sector eléctrico: Iniciativa de reforma a la Ley de la Industria Eléctrica y resolución de la Controversia Constitucional por la Suprema Corte,https://www.vonwobeser.com/index.php/publicacion?p_id=1503,https://www.vonwobeser.com/index.php/publicaciones/noticias?start=190,"Febrero, 2021",2021-02,month,200,correcto,https://www.vonwobeser.com/index.php/publicacion?p_id=1503,,1,legacy_id,1503,,cd33d40c-6085-4a35-a90d-821653dd9357,acontecimientos-relevantes-en-el-sector-electrico-iniciativa-de-reforma-a-la-ley,news,,project_date_missing
es:1501,es,news,1501,"Se exenta a las empresas IMMEX, ALTEX y ECEX del cumplimiento de los niveles mínimos de exportación necesarios para mantener sus programas",https://www.vonwobeser.com/index.php/publicacion?p_id=1501,https://www.vonwobeser.com/index.php/publicaciones/noticias?start=190,"Febrero, 2021",2021-02,month,200,correcto,https://www.vonwobeser.com/index.php/publicacion?p_id=1501,,1,legacy_id,1501,,cecd2e63-f3cb-48f6-bf2c-e6467715a9b2,se-exenta-a-las-empresas-immex-altex-y-ecex-del-cumplimiento-de-los-niveles-mini,news,,project_date_missing
es:1499,es,news,1499,Tercera suspensión de las actividades de la Comisión Federal de Competencia Económica y sus procedimientos,https://www.vonwobeser.com/index.php/publicacion?p_id=1499,https://www.vonwobeser.com/index.php/publicaciones/noticias?start=190,"Enero, 2021",2021-01,month,200,correcto,https://www.vonwobeser.com/index.php/publicacion?p_id=1499,,1,legacy_id,1499,,b6f1b0b1-0623-4157-a7ef-a5e70a02c3d6,tercera-suspension-de-las-actividades-de-la-comision-federal-de-competencia-econ,news,,project_date_missing
es:1497,es,news,1497,Se regula la adquisición de vacunas contra la COVID-19 por parte de los gobiernos estatales y entidades integrantes del Sistema Nacional de Salud,https://www.vonwobeser.com/index.php/publicacion?p_id=1497,https://www.vonwobeser.com/index.php/publicaciones/noticias?start=190,"Enero, 2021",2021-01,month,200,correcto,https://www.vonwobeser.com/index.php/publicacion?p_id=1497,,1,legacy_id,1497,,6b3a9c0b-7315-46c3-940a-088b946fd8bf,se-regula-la-adquisicion-de-vacunas-contra-la-covid-19-por-parte-de-los-gobierno,news,,project_date_missing
es:1495,es,news,1495,Von Wobeser refuerza equipo con nuevos socios y consejeros,https://www.vonwobeser.com/index.php/publicacion?p_id=1495,https://www.vonwobeser.com/index.php/publicaciones/noticias?start=190,"Enero, 2021",2021-01,month,200,correcto,https://www.vonwobeser.com/index.php/publicacion?p_id=1495,,1,legacy_id,1495,,bfd961a2-8009-4202-9ca7-7b3cdc6ae6f6,von-wobeser-refuerza-equipo-con-nuevos-socios-y-consejeros,news,,project_date_missing
es:1493,es,news,1493,Se crea el Comité Nacional de Facilitación del Comercio,https://www.vonwobeser.com/index.php/publicacion?p_id=1493,https://www.vonwobeser.com/index.php/publicaciones/noticias?start=190,"Enero, 2021",2021-01,month,200,correcto,https://www.vonwobeser.com/index.php/publicacion?p_id=1493,,1,legacy_id,1493,,4794da5f-34e1-4a39-ac8e-c39c0d19b123,se-crea-el-comite-nacional-de-facilitacion-del-comercio,news,,project_date_missing
es:1491,es,news,1491,WhatsApp anuncia modificaciones a sus términos y condiciones,https://www.vonwobeser.com/index.php/publicacion?p_id=1491,https://www.vonwobeser.com/index.php/publicaciones/noticias?start=200,"Enero, 2021",2021-01,month,200,correcto,https://www.vonwobeser.com/index.php/publicacion?p_id=1491,,1,legacy_id,1491,,96a2c83a-1857-4a0b-af19-3827d39ee427,whatsapp-anuncia-modificaciones-a-sus-terminos-y-condiciones,news,,project_date_missing
es:1489,es,news,1489,Suspensión de plazos y términos de la Comisión Reguladora de Energía,https://www.vonwobeser.com/index.php/publicacion?p_id=1489,https://www.vonwobeser.com/index.php/publicaciones/noticias?start=200,"Enero, 2021",2021-01,month,200,correcto,https://www.vonwobeser.com/index.php/publicacion?p_id=1489,,1,legacy_id,1489,,88aab015-0fec-4842-8cb4-bec28e0b8062,suspension-de-plazos-y-terminos-de-la-comision-reguladora-de-energia,news,,project_date_missing
es:1487,es,news,1487,Se suspenden actividades no esenciales en la Ciudad de México y en el Estado de México,https://www.vonwobeser.com/index.php/publicacion?p_id=1487,https://www.vonwobeser.com/index.php/publicaciones/noticias?start=210,"Diciembre, 2020",2020-12,month,200,correcto,https://www.vonwobeser.com/index.php/publicacion?p_id=1487,,1,legacy_id,1487,,17d54030-868d-4433-a091-8cc0b0bcec2a,se-suspenden-actividades-no-esenciales-en-la-ciudad-de-mexico-y-en-el-estado-de-,news,,project_date_missing
es:1485,es,news,1485,Segunda suspensión de las actividades de la Comisión Federal de Competencia Económica y sus procedimientos,https://www.vonwobeser.com/index.php/publicacion?p_id=1485,https://www.vonwobeser.com/index.php/publicaciones/noticias?start=200,"Enero, 2021",2021-01,month,200,correcto,https://www.vonwobeser.com/index.php/publicacion?p_id=1485,,1,legacy_id,1485,,0e8dbe48-d82a-4518-9b45-dbbce56686d5,segunda-suspension-de-las-actividades-de-la-comision-federal-de-competencia-econ,news,,project_date_missing
es:1483,es,news,1483,Se expide el reglamento que regula el uso medicinal de la cannabis y sus derivados farmacológicos,https://www.vonwobeser.com/index.php/publicacion?p_id=1483,https://www.vonwobeser.com/index.php/publicaciones/noticias?start=200,"Enero, 2021",2021-01,month,200,correcto,https://www.vonwobeser.com/index.php/publicacion?p_id=1483,,1,legacy_id,1483,,4b76bc60-6ff8-4373-b0e5-52564c01e7e6,se-expide-el-reglamento-que-regula-el-uso-medicinal-de-la-cannabis-y-sus-derivad,news,,project_date_missing
es:1481,es,news,1481,Nuevas reglas y obligaciones en materia de teletrabajo (home office),https://www.vonwobeser.com/index.php/publicacion?p_id=1481,https://www.vonwobeser.com/index.php/publicaciones/noticias?start=200,"Enero, 2021",2021-01,month,200,correcto,https://www.vonwobeser.com/index.php/publicacion?p_id=1481,,1,legacy_id,1481,,eaacda0a-b01d-480f-9487-b210e9c28278,nuevas-reglas-y-obligaciones-en-materia-de-teletrabajo-home-office,news,,project_date_missing
es:1477,es,news,1477,Valores de la Unidad de Medida y Actualización vigentes a partir del 1º de febrero de 2021,https://www.vonwobeser.com/index.php/publicacion?p_id=1477,https://www.vonwobeser.com/index.php/publicaciones/noticias?start=200,"Enero, 2021",2021-01,month,200,correcto,https://www.vonwobeser.com/index.php/publicacion?p_id=1477,,1,legacy_id,1477,,7e19c1e0-e80e-424c-a60a-4e70793f3f51,valores-de-la-unidad-de-medida-y-actualizacion-vigentes-a-partir-del-1-de-febrer,news,,project_date_missing
es:1475,es,news,1475,Estímulos fiscales vigentes a partir del 1 de enero de 2021,https://www.vonwobeser.com/index.php/publicacion?p_id=1475,https://www.vonwobeser.com/index.php/publicaciones/noticias?start=200,"Enero, 2021",2021-01,month,200,correcto,https://www.vonwobeser.com/index.php/publicacion?p_id=1475,,1,legacy_id,1475,,8b9422a2-5c16-4220-8d54-e05c970165a1,estimulos-fiscales-vigentes-a-partir-del-1-de-enero-de-2021,news,,project_date_missing
es:1473,es,news,1473,Nueva obligación en materia de Impuesto Sobre Nóminas en la Ciudad de México,https://www.vonwobeser.com/index.php/publicacion?p_id=1473,https://www.vonwobeser.com/index.php/publicaciones/noticias?start=200,"Enero, 2021",2021-01,month,200,correcto,https://www.vonwobeser.com/index.php/publicacion?p_id=1473,,1,legacy_id,1473,,58b79a28-a4ae-4e1f-b2a0-6be1fdafe22d,nueva-obligacion-en-materia-de-impuesto-sobre-nominas-en-la-ciudad-de-mexico,news,,project_date_missing
es:1471,es,news,1471,Entran en vigor restricciones al uso de productos fabricados con plásticos de un solo uso en la Ciudad de México,https://www.vonwobeser.com/index.php/publicacion?p_id=1471,https://www.vonwobeser.com/index.php/publicaciones/noticias?start=200,"Enero, 2021",2021-01,month,200,correcto,https://www.vonwobeser.com/index.php/publicacion?p_id=1471,,1,legacy_id,1471,,31603708-84ab-421c-a47f-b1151f6401e9,entran-en-vigor-restricciones-al-uso-de-productos-fabricados-con-plasticos-de-un,news,,project_date_missing
es:1469,es,news,1469,Nuevos salarios mínimos a partir del 1° de enero de 2021,https://www.vonwobeser.com/index.php/publicacion?p_id=1469,https://www.vonwobeser.com/index.php/publicaciones/noticias?start=200,"Diciembre, 2020",2020-12,month,200,correcto,https://www.vonwobeser.com/index.php/publicacion?p_id=1469,,1,legacy_id,1469,,0cfaa3f6-2ac2-4a86-b78c-4ab6f47fbfd4,nuevos-salarios-minimos-a-partir-del-1-de-enero-de-2021,news,,project_date_missing
es:1467,es,news,1467,Salarios Mínimos 2021,https://www.vonwobeser.com/index.php/publicacion?p_id=1467,https://www.vonwobeser.com/index.php/publicaciones/noticias?start=210,"Diciembre, 2020",2020-12,month,200,correcto,https://www.vonwobeser.com/index.php/publicacion?p_id=1467,,1,legacy_id,1467,,994c35f6-93df-44e3-8f74-4c4b45c35815,salarios-minimos-2021,news,,project_date_missing
es:1465,es,news,1465,Reforma al Sistema de Pensiones,https://www.vonwobeser.com/index.php/publicacion?p_id=1465,https://www.vonwobeser.com/index.php/publicaciones/noticias?start=210,"Diciembre, 2020",2020-12,month,200,correcto,https://www.vonwobeser.com/index.php/publicacion?p_id=1465,,1,legacy_id,1465,,2aa2c659-5954-4d04-8651-b441fa52dd4d,reforma-al-sistema-de-pensiones,news,,project_date_missing
es:1456,es,news,1456,Suspensión de las actividades de la Comisión Federal de Competencia Económica y su procedimientos,https://www.vonwobeser.com/index.php/publicacion?p_id=1456,https://www.vonwobeser.com/index.php/publicaciones/noticias?start=210,"Diciembre, 2020",2020-12,month,200,correcto,https://www.vonwobeser.com/index.php/publicacion?p_id=1456,,1,legacy_id,1456,,14a5f7a4-5896-4d69-8eaa-1aa2c0490af8,suspension-de-las-actividades-de-la-comision-federal-de-competencia-economica-y-,news,,project_date_missing
es:1454,es,news,1454,Se prorroga de nueva cuenta el plazo para que el Congreso de la Unión regule diversos usos del cannabis,https://www.vonwobeser.com/index.php/publicacion?p_id=1454,https://www.vonwobeser.com/index.php/publicaciones/noticias?start=210,"Diciembre, 2020",2020-12,month,200,correcto,https://www.vonwobeser.com/index.php/publicacion?p_id=1454,,1,legacy_id,1454,,9cb5111a-881b-4f94-8bab-4cacc5488b29,se-prorroga-de-nueva-cuenta-el-plazo-para-que-el-congreso-de-la-union-regule-div,news,,project_date_missing
es:1452,es,news,1452,Aprueban iniciativa de reforma en materia de Teletrabajo,https://www.vonwobeser.com/index.php/publicacion?p_id=1452,https://www.vonwobeser.com/index.php/publicaciones/noticias?start=210,"Diciembre, 2020",2020-12,month,200,correcto,https://www.vonwobeser.com/index.php/publicacion?p_id=1452,,1,legacy_id,1452,,b63975fa-f06a-4439-92a1-0eb42764ae5c,aprueban-iniciativa-de-reforma-en-materia-de-teletrabajo,news,,project_date_missing
es:1446,es,news,1446,Tercera Resolución de Modificaciones a la Resolución Miscelánea Fiscal para 2020,https://www.vonwobeser.com/index.php/publicacion?p_id=1446,https://www.vonwobeser.com/index.php/publicaciones/noticias?start=210,"Noviembre, 2020",2020-11,month,200,correcto,https://www.vonwobeser.com/index.php/publicacion?p_id=1446,,1,legacy_id,1446,,a5419ff9-d153-49e2-adcd-d9d3eed4bd72,tercera-resolucion-de-modificaciones-a-la-resolucion-miscelanea-fiscal-para-2020,news,,project_date_missing
es:1444,es,news,1444,El Senado aprueba la regulación del cannabis,https://www.vonwobeser.com/index.php/publicacion?p_id=1444,https://www.vonwobeser.com/index.php/publicaciones/noticias?start=210,"Noviembre, 2020",2020-11,month,200,correcto,https://www.vonwobeser.com/index.php/publicacion?p_id=1444,,1,legacy_id,1444,,fefb073c-09d3-4466-867a-48f49bedd610,el-senado-aprueba-la-regulacion-del-cannabis,news,,project_date_missing
es:1442,es,news,1442,Se reducen los tiempos para el registro sanitario en México de ciertos medicamentos e insumos para la salud,https://www.vonwobeser.com/index.php/publicacion?p_id=1442,https://www.vonwobeser.com/index.php/publicaciones/noticias?start=210,"Noviembre, 2020",2020-11,month,200,correcto,https://www.vonwobeser.com/index.php/publicacion?p_id=1442,,1,legacy_id,1442,,1cc80608-41fd-4e60-be28-aade22c7b74d,se-reducen-los-tiempos-para-el-registro-sanitario-en-mexico-de-ciertos-medicamen,news,,project_date_missing
es:1440,es,news,1440,Implicaciones fiscales de la iniciativa de reforma en materia subcontratación,https://www.vonwobeser.com/index.php/publicacion?p_id=1440,https://www.vonwobeser.com/index.php/publicaciones/noticias?start=210,"Noviembre, 2020",2020-11,month,200,correcto,https://www.vonwobeser.com/index.php/publicacion?p_id=1440,,1,legacy_id,1440,,a82ec98e-3215-4c17-b63d-b72bab9ba3c4,implicaciones-fiscales-de-la-iniciativa-de-reforma-en-materia-subcontratacion,news,,project_date_missing
es:1438,es,news,1438,Inminente regulación sobre los diversos usos de la cannabis en México,https://www.vonwobeser.com/index.php/publicacion?p_id=1438,https://www.vonwobeser.com/index.php/publicaciones/noticias?start=220,"Noviembre, 2020",2020-11,month,200,correcto,https://www.vonwobeser.com/index.php/publicacion?p_id=1438,,1,legacy_id,1438,,ecd42757-5a2a-4cb6-a727-8ac849ecca9d,inminente-regulacion-sobre-los-diversos-usos-de-la-cannabis-en-mexico,news,,project_date_missing
es:1436,es,news,1436,Implementación de la reforma en materia laboral,https://www.vonwobeser.com/index.php/publicacion?p_id=1436,https://www.vonwobeser.com/index.php/publicaciones/noticias?start=220,"Noviembre, 2020",2020-11,month,200,correcto,https://www.vonwobeser.com/index.php/publicacion?p_id=1436,,1,legacy_id,1436,,f42fb360-bda6-4f42-b736-1aa8df0016cc,implementacion-de-la-reforma-en-materia-laboral,news,,project_date_missing
es:1434,es,news,1434,Iniciativa de Reforma a la Ley Federal del Trabajo en materia de subcontratación,https://www.vonwobeser.com/index.php/publicacion?p_id=1434,https://www.vonwobeser.com/index.php/publicaciones/noticias?start=220,"Noviembre, 2020",2020-11,month,200,correcto,https://www.vonwobeser.com/index.php/publicacion?p_id=1434,,1,legacy_id,1434,,8bba6463-1fad-49d7-b5e2-fcb4085cad00,iniciativa-de-reforma-a-la-ley-federal-del-trabajo-en-materia-de-subcontratacion,news,,project_date_missing
es:1432,es,news,1432,"Decreto por el que se reforman diversos artículos de la Ley de Migración y de la Ley Sobre Refugiados, Protección Complementaria y Asilo Político en materia de infancia migrante",https://www.vonwobeser.com/index.php/publicacion?p_id=1432,https://www.vonwobeser.com/index.php/publicaciones/noticias?start=220,"Noviembre, 2020",2020-11,month,200,correcto,https://www.vonwobeser.com/index.php/publicacion?p_id=1432,,1,legacy_id,1432,,46a41a6c-0560-41df-8e98-f961c14ee629,decreto-por-el-que-se-reforman-diversos-articulos-de-la-ley-de-migracion-y-de-la,news,,project_date_missing
es:1430,es,news,1430,Aprobación por el Congreso de la Unión del Paquete Económico para 2021,https://www.vonwobeser.com/index.php/publicacion?p_id=1430,https://www.vonwobeser.com/index.php/publicaciones/noticias?start=220,"Noviembre, 2020",2020-11,month,200,correcto,https://www.vonwobeser.com/index.php/publicacion?p_id=1430,,1,legacy_id,1430,,124ed59d-6568-48d6-85a4-7b39bff0d978,aprobacion-por-el-congreso-de-la-union-del-paquete-economico-para-2021,news,,project_date_missing
es:1428,es,news,1428,Nueva Ley Federal de Protección de la Propiedad Industrial,https://www.vonwobeser.com/index.php/publicacion?p_id=1428,https://www.vonwobeser.com/index.php/publicaciones/noticias?start=220,"Noviembre, 2020",2020-11,month,200,correcto,https://www.vonwobeser.com/index.php/publicacion?p_id=1428,,1,legacy_id,1428,,1dbb4f2d-800d-4a1c-b9b0-60a4d17a6e7e,nueva-ley-federal-de-proteccion-de-la-propiedad-industrial,news,,project_date_missing
es:1426,es,news,1426,Emisión del Protocolo de Protección para Personas Alertadoras de la Corrupción,https://www.vonwobeser.com/index.php/publicacion?p_id=1426,https://www.vonwobeser.com/index.php/publicaciones/noticias?start=220,"Octubre, 2020",2020-10,month,200,correcto,https://www.vonwobeser.com/index.php/publicacion?p_id=1426,,1,legacy_id,1426,,7d3a7a40-6d54-4836-9023-b8c9e249ed32,emision-del-protocolo-de-proteccion-para-personas-alertadoras-de-la-corrupcion,news,,project_date_missing
es:1424,es,news,1424,La Cámara de Diputados aprobó las modificaciones a las disposiciones fiscales para 2021,https://www.vonwobeser.com/index.php/publicacion?p_id=1424,https://www.vonwobeser.com/index.php/publicaciones/noticias?start=220,"Octubre, 2020",2020-10,month,200,correcto,https://www.vonwobeser.com/index.php/publicacion?p_id=1424,,1,legacy_id,1424,,48cc3cab-90ea-4ef9-abef-7f9f5ec4ff49,la-camara-de-diputados-aprobo-las-modificaciones-a-las-disposiciones-fiscales-pa,news,,project_date_missing
es:1422,es,news,1422,Entrada en vigor de diversas obligaciones de la NOM-035-STPS-2018,https://www.vonwobeser.com/index.php/publicacion?p_id=1422,https://www.vonwobeser.com/index.php/publicaciones/noticias?start=220,"Octubre, 2020",2020-10,month,200,correcto,https://www.vonwobeser.com/index.php/publicacion?p_id=1422,,1,legacy_id,1422,,9d69f5e4-0084-4e9b-afb0-c1b4abd67aa4,entrada-en-vigor-de-diversas-obligaciones-de-la-nom-035-stps-2018,news,,project_date_missing
es:1420,es,news,1420,La CRE impone restricciones para modificar Permisos de Autoabastecimiento y Cogeneración,https://www.vonwobeser.com/index.php/publicacion?p_id=1420,https://www.vonwobeser.com/index.php/publicaciones/noticias?start=220,"Octubre, 2020",2020-10,month,200,correcto,https://www.vonwobeser.com/index.php/publicacion?p_id=1420,,1,legacy_id,1420,,a54e4d8f-0f17-446b-9f10-178e2a04e855,la-cre-impone-restricciones-para-modificar-permisos-de-autoabastecimiento-y-coge,news,,project_date_missing
es:1418,es,news,1418,Emisión de recomendaciones por parte de la COFECE en materia energética,https://www.vonwobeser.com/index.php/publicacion?p_id=1418,https://www.vonwobeser.com/index.php/publicaciones/noticias?start=230,"Octubre, 2020",2020-10,month,200,correcto,https://www.vonwobeser.com/index.php/publicacion?p_id=1418,,1,legacy_id,1418,,d97b32c3-7dc7-4405-8a90-1435b4d7b545,emision-de-recomendaciones-por-parte-de-la-cofece-en-materia-energetica,news,,project_date_missing
es:1416,es,news,1416,Eliminación de Cartas de no comercialización y otras modificaciones del Anexo de NOMs,https://www.vonwobeser.com/index.php/publicacion?p_id=1416,https://www.vonwobeser.com/index.php/publicaciones/noticias?start=230,"Octubre, 2020",2020-10,month,200,correcto,https://www.vonwobeser.com/index.php/publicacion?p_id=1416,,1,legacy_id,1416,,51cb8a78-25a4-4763-abb0-e71da750ce46,eliminacion-de-cartas-de-no-comercializacion-y-otras-modificaciones-del-anexo-de,news,,project_date_missing
es:1414,es,news,1414,América Móvil se desprende del negocio de telefonía móvil prepagado en EE.UU. por 6.900 millones de dólares,https://www.vonwobeser.com/index.php/publicacion?p_id=1414,https://www.vonwobeser.com/index.php/publicaciones/noticias?start=230,"Septiembre, 2020",2020-09,month,200,correcto,https://www.vonwobeser.com/index.php/publicacion?p_id=1414,,1,legacy_id,1414,,d2012b6c-eaed-4daa-ba8d-d044223a1de3,america-movil-se-desprende-del-negocio-de-telefonia-movil-prepagado-en-ee-uu-por,news,,project_date_missing
es:1412,es,news,1412,América Móvil vende subsidiaria en Estados Unidos a Verizon,https://www.vonwobeser.com/index.php/publicacion?p_id=1412,https://www.vonwobeser.com/index.php/publicaciones/noticias?start=230,"Septiembre, 2020",2020-09,month,200,correcto,https://www.vonwobeser.com/index.php/publicacion?p_id=1412,,1,legacy_id,1412,,304aad9c-2294-4a3f-bcfd-6f0441a91962,america-movil-vende-subsidiaria-en-estados-unidos-a-verizon,news,,project_date_missing
es:1410,es,news,1410,ICC llama a fortalecer las instituciones anticorrupción en México,https://www.vonwobeser.com/index.php/publicacion?p_id=1410,https://www.vonwobeser.com/index.php/publicaciones/noticias?start=240,"Agosto, 2020",2020-08,month,200,correcto,https://www.vonwobeser.com/index.php/publicacion?p_id=1410,,1,legacy_id,1410,,5672b30b-706c-4d70-be98-806742c3db2d,icc-llama-a-fortalecer-las-instituciones-anticorrupcion-en-mexico,news,,project_date_missing
es:1408,es,news,1408,Modificación a los Lineamientos para la Ejecución del Plan Gradual hacia la Nueva Normalidad en la Ciudad de México,https://www.vonwobeser.com/index.php/publicacion?p_id=1408,https://www.vonwobeser.com/index.php/publicaciones/noticias?start=230,"Septiembre, 2020",2020-09,month,200,correcto,https://www.vonwobeser.com/index.php/publicacion?p_id=1408,,1,legacy_id,1408,,fa398ec2-0e9c-4cc0-9ec8-6ce8625c6bf4,modificacion-a-los-lineamientos-para-la-ejecucion-del-plan-gradual-hacia-la-nuev,news,,project_date_missing
es:1406,es,news,1406,Compliance Laboral respecto al T-MEC. El incumplimiento de obligaciones laborales en México puede resultar en la imposición de sanciones,https://www.vonwobeser.com/index.php/publicacion?p_id=1406,https://www.vonwobeser.com/index.php/publicaciones/noticias?start=230,"Septiembre, 2020",2020-09,month,200,correcto,https://www.vonwobeser.com/index.php/publicacion?p_id=1406,,1,legacy_id,1406,,15dbee81-c317-44ec-b09a-32d6873240a4,compliance-laboral-respecto-al-t-mec-el-incumplimiento-de-obligaciones-laborales,news,,project_date_missing
es:1404,es,news,1404,Von Wobeser y Sierra aconseja a Merck-Iberdrola en México en relación a PPA de energías renovables,https://www.vonwobeser.com/index.php/publicacion?p_id=1404,https://www.vonwobeser.com/index.php/publicaciones/noticias?start=230,"Septiembre, 2020",2020-09,month,200,correcto,https://www.vonwobeser.com/index.php/publicacion?p_id=1404,,1,legacy_id,1404,,6478da03-9276-4c0e-a17d-bc5dc49250f2,von-wobeser-y-sierra-aconseja-a-merck-iberdrola-en-mexico-en-relacion-a-ppa-de-e,news,,project_date_missing
es:1402,es,news,1402,Merck firma PPA con Iberdrola en México,https://www.vonwobeser.com/index.php/publicacion?p_id=1402,https://www.vonwobeser.com/index.php/publicaciones/noticias?start=240,"Agosto, 2020",2020-08,month,200,correcto,https://www.vonwobeser.com/index.php/publicacion?p_id=1402,,1,legacy_id,1402,,be7e3f2b-7009-4440-8f7e-f9fdc882357e,merck-firma-ppa-con-iberdrola-en-mexico,news,,project_date_missing
es:1400,es,news,1400,Modificaciones a las disposiciones fiscales para 2021,https://www.vonwobeser.com/index.php/publicacion?p_id=1400,https://www.vonwobeser.com/index.php/publicaciones/noticias?start=230,"Septiembre, 2020",2020-09,month,200,correcto,https://www.vonwobeser.com/index.php/publicacion?p_id=1400,,1,legacy_id,1400,,a1d342b4-c199-4f84-b882-a484f4c13032,modificaciones-a-las-disposiciones-fiscales-para-2021,news,,project_date_missing
es:1398,es,news,1398,Santander Desarrolla una Nueva Estrategia de Pagos en México,https://www.vonwobeser.com/index.php/publicacion?p_id=1398,https://www.vonwobeser.com/index.php/publicaciones/noticias?start=340,"Marzo, 2020",2020-03,month,200,correcto,https://www.vonwobeser.com/index.php/publicacion?p_id=1398,,1,legacy_id,1398,,01a2ff8e-8c1e-4207-bb1f-6894bd90c833,santander-desarrolla-una-nueva-estrategia-de-pagos-en-mexico,news,,project_date_missing
es:1396,es,news,1396,México Investiga el Mercado de la Publicidad Digital,https://www.vonwobeser.com/index.php/publicacion?p_id=1396,https://www.vonwobeser.com/index.php/publicaciones/noticias?start=230,"Septiembre, 2020",2020-09,month,200,correcto,https://www.vonwobeser.com/index.php/publicacion?p_id=1396,,1,legacy_id,1396,,02b1e197-81ad-4242-b5ce-90df9d839c0d,mexico-investiga-el-mercado-de-la-publicidad-digital,news,,project_date_missing
es:1394,es,news,1394,12 Años de Lucha y Latinoamérica Mantiene el Mismo Nivel de Corrupción,https://www.vonwobeser.com/index.php/publicacion?p_id=1394,https://www.vonwobeser.com/index.php/publicaciones/noticias?start=230,"Agosto, 2020",2020-08,month,200,correcto,https://www.vonwobeser.com/index.php/publicacion?p_id=1394,,1,legacy_id,1394,,1f0cbfea-daaf-45a2-8d7a-cbe74f5830ac,12-anos-de-lucha-y-latinoamerica-mantiene-el-mismo-nivel-de-corrupcion,news,,project_date_missing
es:1392,es,news,1392,Temas relevantes en materia laboral (Compliance laboral),https://www.vonwobeser.com/index.php/publicacion?p_id=1392,https://www.vonwobeser.com/index.php/publicaciones/noticias?start=240,"Agosto, 2020",2020-08,month,200,correcto,https://www.vonwobeser.com/index.php/publicacion?p_id=1392,,1,legacy_id,1392,,e35c9578-9ea8-4ed7-9c89-10c880e9592b,temas-relevantes-en-materia-laboral-compliance-laboral,news,,project_date_missing
es:1390,es,news,1390,Concluye suspensión de plazos y términos legales de la Secretaría de Medio Ambiente y Recursos Naturales,https://www.vonwobeser.com/index.php/publicacion?p_id=1390,https://www.vonwobeser.com/index.php/publicaciones/noticias?start=240,"Agosto, 2020",2020-08,month,200,correcto,https://www.vonwobeser.com/index.php/publicacion?p_id=1390,,1,legacy_id,1390,,a5678ae4-d08a-4756-8005-49b6d105b554,concluye-suspension-de-plazos-y-terminos-legales-de-la-secretaria-de-medio-ambie,news,,project_date_missing
es:1388,es,news,1388,Von Wobeser partner to chair Americas arbitration group,https://www.vonwobeser.com/index.php/publicacion?p_id=1388,https://www.vonwobeser.com/index.php/publicaciones/noticias?start=240,"Agosto, 2020",2020-08,month,200,correcto,https://www.vonwobeser.com/index.php/publicacion?p_id=1388,,1,legacy_id,1388,,691ed894-98b2-49af-ba77-b11810467263,von-wobeser-partner-to-chair-americas-arbitration-group-4,news,,project_date_missing
es:1386,es,news,1386,Actualización: Concluye la suspensión de términos y plazos de la Comisión Reguladora de Energía,https://www.vonwobeser.com/index.php/publicacion?p_id=1386,https://www.vonwobeser.com/index.php/publicaciones/noticias?start=240,"Agosto, 2020",2020-08,month,200,correcto,https://www.vonwobeser.com/index.php/publicacion?p_id=1386,,1,legacy_id,1386,,bfdc75a2-8196-411d-bae9-681257f9b65d,actualizacion-concluye-la-suspension-de-terminos-y-plazos-de-la-comision-regulad,news,,project_date_missing
es:1383,es,news,1383,El ex presidente de México Peña Nieto investigado por corrupción,https://www.vonwobeser.com/index.php/publicacion?p_id=1383,https://www.vonwobeser.com/index.php/publicaciones/noticias?start=240,"Agosto, 2020",2020-08,month,200,correcto,https://www.vonwobeser.com/index.php/publicacion?p_id=1383,,1,legacy_id,1383,,d35dcd76-6b6a-433a-8c1a-65e2cddc9e36,el-ex-presidente-de-mexico-pena-nieto-investigado-por-corrupcion,news,,project_date_missing
es:1382,es,news,1382,Las oportunidades para empresas en el sector tecnológico con la crisis sanitaria,https://www.vonwobeser.com/index.php/publicacion?p_id=1382,https://www.vonwobeser.com/index.php/publicaciones/noticias?start=240,"Agosto, 2020",2020-08,month,200,correcto,https://www.vonwobeser.com/index.php/publicacion?p_id=1382,,1,legacy_id,1382,,ad8c5b12-54b0-45ad-983d-69a723f340c0,las-oportunidades-para-empresas-en-el-sector-tecnologico-con-la-crisis-sanitaria,news,,project_date_missing
es:1380,es,news,1380,"Entra en vigor el decreto que modifica la Ley de Adquisiciones, Arrendamientos y Servicios del Sector Público",https://www.vonwobeser.com/index.php/publicacion?p_id=1380,https://www.vonwobeser.com/index.php/publicaciones/noticias?start=240,"Agosto, 2020",2020-08,month,200,correcto,https://www.vonwobeser.com/index.php/publicacion?p_id=1380,,1,legacy_id,1380,,5bcca0ad-5e4a-4384-9a59-b43c764f55f3,entra-en-vigor-el-decreto-que-modifica-la-ley-de-adquisiciones-arrendamientos-y-,news,,project_date_missing
es:1378,es,news,1378,Acuerdo por el que la Comisión Nacional de Hidrocarburos establece diversas medidas a fin de promover el desarrollo de las actividades petroleras,https://www.vonwobeser.com/index.php/publicacion?p_id=1378,https://www.vonwobeser.com/index.php/publicaciones/noticias?start=240,"Agosto, 2020",2020-08,month,200,correcto,https://www.vonwobeser.com/index.php/publicacion?p_id=1378,,1,legacy_id,1378,,373386b7-1082-4cdf-93e3-e63070924637,acuerdo-por-el-que-la-comision-nacional-de-hidrocarburos-establece-diversas-medi,news,,project_date_missing
es:1376,es,news,1376,Cobro de nuevos derechos a Empresas Certificadas bajo la modalidad IVA e IEPS,https://www.vonwobeser.com/index.php/publicacion?p_id=1376,https://www.vonwobeser.com/index.php/publicaciones/noticias?start=250,"Agosto, 2020",2020-08,month,200,correcto,https://www.vonwobeser.com/index.php/publicacion?p_id=1376,,1,legacy_id,1376,,44e4a530-6862-4f24-a402-6e4429400863,cobro-de-nuevos-derechos-a-empresas-certificadas-bajo-la-modalidad-iva-e-ieps,news,,project_date_missing
es:1374,es,news,1374,Acuerdo por el que se establecen nuevas actividades esenciales,https://www.vonwobeser.com/index.php/publicacion?p_id=1374,https://www.vonwobeser.com/index.php/publicaciones/noticias?start=250,"Agosto, 2020",2020-08,month,200,correcto,https://www.vonwobeser.com/index.php/publicacion?p_id=1374,,1,legacy_id,1374,,ba32c632-15ac-4dbb-bfcd-e06ef3a44a3c,acuerdo-por-el-que-se-establecen-nuevas-actividades-esenciales,news,,project_date_missing
es:1371,es,news,1371,Von Wobeser Partner Appointed Chair of ITA Americas Initiative,https://www.vonwobeser.com/index.php/publicacion?p_id=1371,https://www.vonwobeser.com/index.php/publicaciones/noticias?start=250,"Agosto, 2020",2020-08,month,200,correcto,https://www.vonwobeser.com/index.php/publicacion?p_id=1371,,1,legacy_id,1371,,491c053f-119e-4208-b8a9-572b44a65697,von-wobeser-partner-appointed-chair-of-ita-americas-initiative-2,news,,project_date_missing
es:1369,es,news,1369,Von Wobeser partner to chair Americas arbitration group,https://www.vonwobeser.com/index.php/publicacion?p_id=1369,https://www.vonwobeser.com/index.php/publicaciones/noticias?start=250,"Julio, 2020",2020-07,month,200,correcto,https://www.vonwobeser.com/index.php/publicacion?p_id=1369,,1,legacy_id,1369,,120b3058-f84f-411f-9777-f0393970bf19,von-wobeser-partner-to-chair-americas-arbitration-group-3,news,,project_date_missing
es:1368,es,news,1368,Modificación de los criterios de aplicación de pruebas de detección de COVID-19 a los empleados en la Ciudad de México,https://www.vonwobeser.com/index.php/publicacion?p_id=1368,https://www.vonwobeser.com/index.php/publicaciones/noticias?start=250,"Julio, 2020",2020-07,month,200,correcto,https://www.vonwobeser.com/index.php/publicacion?p_id=1368,,1,legacy_id,1368,,a0307c0b-2fe5-45a8-a5ec-f11f6aa41bee,modificacion-de-los-criterios-de-aplicacion-de-pruebas-de-deteccion-de-covid-19-,news,,project_date_missing
es:1366,es,news,1366,Acuerdo por el que se da a conocer el medio de difusión de los criterios para las poblaciones en situación de vulnerabilidad,https://www.vonwobeser.com/index.php/publicacion?p_id=1366,https://www.vonwobeser.com/index.php/publicaciones/noticias?start=250,"Julio, 2020",2020-07,month,200,correcto,https://www.vonwobeser.com/index.php/publicacion?p_id=1366,,1,legacy_id,1366,,cabcb38c-7115-4ee7-ad22-b74e82bf0aa6,acuerdo-por-el-que-se-da-a-conocer-el-medio-de-difusion-de-los-criterios-para-la,news,,project_date_missing
es:1364,es,news,1364,Proyecto de reglamento de cannabis para uso medicinal,https://www.vonwobeser.com/index.php/publicacion?p_id=1364,https://www.vonwobeser.com/index.php/publicaciones/noticias?start=250,"Julio, 2020",2020-07,month,200,correcto,https://www.vonwobeser.com/index.php/publicacion?p_id=1364,,1,legacy_id,1364,,72efd968-0e77-4a68-81ac-c338671ee02b,proyecto-de-reglamento-de-cannabis-para-uso-medicinal,news,,project_date_missing
es:1362,es,news,1362,Actualización: Concluye suspensión de términos y plazos de la Comisión Nacional de Hidrocarburos,https://www.vonwobeser.com/index.php/publicacion?p_id=1362,https://www.vonwobeser.com/index.php/publicaciones/noticias?start=250,"Julio, 2020",2020-07,month,200,correcto,https://www.vonwobeser.com/index.php/publicacion?p_id=1362,,1,legacy_id,1362,,7f86cc6d-49f5-4869-b54d-a3d38a7a916b,actualizacion-concluye-suspension-de-terminos-y-plazos-de-la-comision-nacional-d,news,,project_date_missing
es:1360,es,news,1360,Extensión en la suspensión de las actividades y plazos del Tribunal Federal de Justicia Administrativa,https://www.vonwobeser.com/index.php/publicacion?p_id=1360,https://www.vonwobeser.com/index.php/publicaciones/noticias?start=250,"Julio, 2020",2020-07,month,200,correcto,https://www.vonwobeser.com/index.php/publicacion?p_id=1360,,1,legacy_id,1360,,67192823-fada-4221-9297-5fad84705207,extension-en-la-suspension-de-las-actividades-y-plazos-del-tribunal-federal-de-j-4,news,,project_date_missing
es:1358,es,news,1358,Posible prórroga a la implementación del nuevo sistema de etiquetado frontal de advertencia bajo la NOM-051- SCFI/SSA1-2010,https://www.vonwobeser.com/index.php/publicacion?p_id=1358,https://www.vonwobeser.com/index.php/publicaciones/noticias?start=250,"Julio, 2020",2020-07,month,200,correcto,https://www.vonwobeser.com/index.php/publicacion?p_id=1358,,1,legacy_id,1358,,4f6def5f-ee5b-4ead-a902-63e91f588492,posible-prorroga-a-la-implementacion-del-nuevo-sistema-de-etiquetado-frontal-de-,news,,project_date_missing
es:1356,es,news,1356,Iniciativa de reforma a la Ley del Seguro Social respecto al Sistema de Pensiones,https://www.vonwobeser.com/index.php/publicacion?p_id=1356,https://www.vonwobeser.com/index.php/publicaciones/noticias?start=260,"Julio, 2020",2020-07,month,200,correcto,https://www.vonwobeser.com/index.php/publicacion?p_id=1356,,1,legacy_id,1356,,f1fa44e1-9701-478d-84d9-bdd6a85caa26,iniciativa-de-reforma-a-la-ley-del-seguro-social-respecto-al-sistema-de-pensione,news,,project_date_missing
es:1354,es,news,1354,Iniciativa de reforma a la Ley Federal del Trabajo en materia de Teletrabajo,https://www.vonwobeser.com/index.php/publicacion?p_id=1354,https://www.vonwobeser.com/index.php/publicaciones/noticias?start=260,"Julio, 2020",2020-07,month,200,correcto,https://www.vonwobeser.com/index.php/publicacion?p_id=1354,,1,legacy_id,1354,,bf0f540e-fa19-4253-aae9-ec15d6db0040,iniciativa-de-reforma-a-la-ley-federal-del-trabajo-en-materia-de-teletrabajo,news,,project_date_missing
es:1352,es,news,1352,Actualización: Quinta ampliación de la suspensión de términos y plazos del Centro Nacional de Control de Energía,https://www.vonwobeser.com/index.php/publicacion?p_id=1352,https://www.vonwobeser.com/index.php/publicaciones/noticias?start=260,"Julio, 2020",2020-07,month,200,correcto,https://www.vonwobeser.com/index.php/publicacion?p_id=1352,,1,legacy_id,1352,,7e668610-f449-4637-9e0c-64dde1f6a3bc,actualizacion-quinta-ampliacion-de-la-suspension-de-terminos-y-plazos-del-centro,news,,project_date_missing
es:1350,es,news,1350,El Instituto Mexicano de la Propiedad Industrial reinicia actividades,https://www.vonwobeser.com/index.php/publicacion?p_id=1350,https://www.vonwobeser.com/index.php/publicaciones/noticias?start=260,"Julio, 2020",2020-07,month,200,correcto,https://www.vonwobeser.com/index.php/publicacion?p_id=1350,,1,legacy_id,1350,,4b6eb862-5e02-43e8-8c7e-0d11e9237ab1,el-instituto-mexicano-de-la-propiedad-industrial-reinicia-actividades,news,,project_date_missing
es:1348,es,news,1348,"Posibles criterios para verificar el cumplimiento de la NOM-051-SCFI/SSA1-2010 en el punto de venta de productos, a partir del 1° de octubre de 2020",https://www.vonwobeser.com/index.php/publicacion?p_id=1348,https://www.vonwobeser.com/index.php/publicaciones/noticias?start=260,"Julio, 2020",2020-07,month,200,correcto,https://www.vonwobeser.com/index.php/publicacion?p_id=1348,,1,legacy_id,1348,,de1a1144-e29c-4d68-8527-f2edc463a886,posibles-criterios-para-verificar-el-cumplimiento-de-la-nom-051-scfi-ssa1-2010-e,news,,project_date_missing
es:1346,es,news,1346,Se emiten nuevas leyes que impactan a la importación y exportación de mercancías,https://www.vonwobeser.com/index.php/publicacion?p_id=1346,https://www.vonwobeser.com/index.php/publicaciones/noticias?start=260,"Julio, 2020",2020-07,month,200,correcto,https://www.vonwobeser.com/index.php/publicacion?p_id=1346,,1,legacy_id,1346,,d654b0d0-93a1-4b4a-b99b-dbc942eefc69,se-emiten-nuevas-leyes-que-impactan-a-la-importacion-y-exportacion-de-mercancias,news,,project_date_missing
es:1344,es,news,1344,"CONAGUA establece medidas transitorias para garantizar el abastecimiento de agua en los centros de población, durante la contingencia generada por el virus SARS-CoV-2 (COVID-19)",https://www.vonwobeser.com/index.php/publicacion?p_id=1344,https://www.vonwobeser.com/index.php/publicaciones/noticias?start=260,"Julio, 2020",2020-07,month,200,correcto,https://www.vonwobeser.com/index.php/publicacion?p_id=1344,,1,legacy_id,1344,,6f340163-3093-4c07-8e6f-262ec26ee302,conagua-establece-medidas-transitorias-para-garantizar-el-abastecimiento-de-agua,news,,project_date_missing
es:1342,es,news,1342,Sexta extensión en la suspensión de las actividades de la Comisión Federal de Competencia Económica y sus procedimientos,https://www.vonwobeser.com/index.php/publicacion?p_id=1342,https://www.vonwobeser.com/index.php/publicaciones/noticias?start=260,"Junio, 2020",2020-06,month,200,correcto,https://www.vonwobeser.com/index.php/publicacion?p_id=1342,,1,legacy_id,1342,,9630171c-d3ba-4866-a12a-2a179a9f2973,sexta-extension-en-la-suspension-de-las-actividades-de-la-comision-federal-de-co,news,,project_date_missing
es:1340,es,news,1340,Publicación de disposiciones legales en preparación a la entrada en vigor del T-MEC,https://www.vonwobeser.com/index.php/publicacion?p_id=1340,https://www.vonwobeser.com/index.php/publicaciones/noticias?start=260,"Junio, 2020",2020-06,month,200,correcto,https://www.vonwobeser.com/index.php/publicacion?p_id=1340,,1,legacy_id,1340,,8f834e57-52ef-400a-b9be-5e4a37989771,publicacion-de-disposiciones-legales-en-preparacion-a-la-entrada-en-vigor-del-t-,news,,project_date_missing
es:1336,es,news,1336,Aviso de actualización de socios o accionistas ante el Registro Federal de Contribuyentes,https://www.vonwobeser.com/index.php/publicacion?p_id=1336,https://www.vonwobeser.com/index.php/publicaciones/noticias?start=260,"Junio, 2020",2020-06,month,200,correcto,https://www.vonwobeser.com/index.php/publicacion?p_id=1336,,1,legacy_id,1336,,34c1a7c3-2df8-4acd-8520-a8799e65896c,aviso-de-actualizacion-de-socios-o-accionistas-ante-el-registro-federal-de-contr,news,,project_date_missing
es:1334,es,news,1334,Extensión en la suspensión de las actividades y plazos del Tribunal Federal de Justicia Administrativa,https://www.vonwobeser.com/index.php/publicacion?p_id=1334,https://www.vonwobeser.com/index.php/publicaciones/noticias?start=270,"Junio, 2020",2020-06,month,200,correcto,https://www.vonwobeser.com/index.php/publicacion?p_id=1334,,1,legacy_id,1334,,25e75e86-a962-49bf-870a-b721e188f5d3,extension-en-la-suspension-de-las-actividades-y-plazos-del-tribunal-federal-de-j-3,news,,project_date_missing
es:1332,es,news,1332,Actualización: Cuarta ampliación de la suspensión de términos y plazos del Centro Nacional de Control de Energía,https://www.vonwobeser.com/index.php/publicacion?p_id=1332,https://www.vonwobeser.com/index.php/publicaciones/noticias?start=270,"Junio, 2020",2020-06,month,200,correcto,https://www.vonwobeser.com/index.php/publicacion?p_id=1332,,1,legacy_id,1332,,41c60da4-902f-419f-8b72-1ae176a307f5,actualizacion-cuarta-ampliacion-de-la-suspension-de-terminos-y-plazos-del-centro,news,,project_date_missing
es:1330,es,news,1330,Quinta extensión en la supensión de las actividades de la Comisión Federal de Competencia Económica y sus procedimientos,https://www.vonwobeser.com/index.php/publicacion?p_id=1330,https://www.vonwobeser.com/index.php/publicaciones/noticias?start=270,"Junio, 2020",2020-06,month,200,correcto,https://www.vonwobeser.com/index.php/publicacion?p_id=1330,,1,legacy_id,1330,,d39e9c3c-db76-44db-883c-f6e2a5cc8d77,quinta-extension-en-la-supension-de-las-actividades-de-la-comision-federal-de-co,news,,project_date_missing
es:1328,es,news,1328,Nueva extensión en la suspensión de las actividades y términos del Instituto Nacional del Derecho de Autor,https://www.vonwobeser.com/index.php/publicacion?p_id=1328,https://www.vonwobeser.com/index.php/publicaciones/noticias?start=270,"Junio, 2020",2020-06,month,200,correcto,https://www.vonwobeser.com/index.php/publicacion?p_id=1328,,1,legacy_id,1328,,78d2cf49-fae5-46d6-aef2-462f12d12ecd,nueva-extension-en-la-suspension-de-las-actividades-y-terminos-del-instituto-nac,news,,project_date_missing
es:1324,es,news,1324,Procedimientos electrónicos en materia concursal y comercial,https://www.vonwobeser.com/index.php/publicacion?p_id=1324,https://www.vonwobeser.com/index.php/publicaciones/noticias?start=270,"Junio, 2020",2020-06,month,200,correcto,https://www.vonwobeser.com/index.php/publicacion?p_id=1324,,1,legacy_id,1324,,56279420-001c-457e-b1e1-fd5150a41e3f,procedimientos-electronicos-en-materia-concursal-y-comercial,news,,project_date_missing
es:1322,es,news,1322,Diseños Industriales – México se adhiere al Sistema de la Haya,https://www.vonwobeser.com/index.php/publicacion?p_id=1322,https://www.vonwobeser.com/index.php/publicaciones/noticias?start=270,"Junio, 2020",2020-06,month,200,correcto,https://www.vonwobeser.com/index.php/publicacion?p_id=1322,,1,legacy_id,1322,,6434f1c3-856b-49e0-84c5-acc57ac9828c,disenos-industriales-mexico-se-adhiere-al-sistema-de-la-haya,news,,project_date_missing
es:1320,es,news,1320,Cuarta extensión en la suspensión de las actividades de la Comisión Federal de Competencia Económica y sus procedimientos,https://www.vonwobeser.com/index.php/publicacion?p_id=1320,https://www.vonwobeser.com/index.php/publicaciones/noticias?start=280,"Mayo, 2020",2020-05,month,200,correcto,https://www.vonwobeser.com/index.php/publicacion?p_id=1320,,1,legacy_id,1320,,47da2b0c-78a7-4c55-afda-0ec8ba406649,cuarta-extension-en-la-suspension-de-las-actividades-de-la-comision-federal-de-c,news,,project_date_missing
es:1318,es,news,1318,"El Socio Líder de nuestra Práctica de Energía, Edmond Grieger fue entrevistado por la publicación de energía de Mexico Business, Marco Eléctrico de México: Tema de Contención.",https://www.vonwobeser.com/index.php/publicacion?p_id=1318,https://www.vonwobeser.com/index.php/publicaciones/noticias?start=270,"Junio, 2020",2020-06,month,200,correcto,https://www.vonwobeser.com/index.php/publicacion?p_id=1318,,1,legacy_id,1318,,a2a608a6-a95b-4574-88be-24e0a2795a22,el-socio-lider-de-nuestra-practica-de-energia-edmond-grieger-fue-entrevistado-po,news,,project_date_missing
es:1316,es,news,1316,Actualización: Disposiciones de carácter general relativas a las interfaces de programación de aplicaciones informáticas estandarizadas a que hace referencia la Ley para Regular las Instituciones de Tecnología Financiera,https://www.vonwobeser.com/index.php/publicacion?p_id=1316,https://www.vonwobeser.com/index.php/publicaciones/noticias?start=270,"Junio, 2020",2020-06,month,200,correcto,https://www.vonwobeser.com/index.php/publicacion?p_id=1316,,1,legacy_id,1316,,37fb59c6-a277-4149-8cd5-cbea8eb73fce,actualizacion-disposiciones-de-caracter-general-relativas-a-las-interfaces-de-pr,news,,project_date_missing
es:1314,es,news,1314,Posibles restricciones a la publicidad de alimentos y bebidas no alcohólicas que contengan sellos y leyendas de advertencia,https://www.vonwobeser.com/index.php/publicacion?p_id=1314,https://www.vonwobeser.com/index.php/publicaciones/noticias?start=270,"Junio, 2020",2020-06,month,200,correcto,https://www.vonwobeser.com/index.php/publicacion?p_id=1314,,1,legacy_id,1314,,b805653b-e1d7-47d5-8609-a769274d47a2,posibles-restricciones-a-la-publicidad-de-alimentos-y-bebidas-no-alcoholicas-que,news,,project_date_missing
es:1312,es,news,1312,Actualización: Tercera ampliación de la suspensión de términos y plazos de la Comisión Nacional de Hidrocarburos,https://www.vonwobeser.com/index.php/publicacion?p_id=1312,https://www.vonwobeser.com/index.php/publicaciones/noticias?start=270,"Junio, 2020",2020-06,month,200,correcto,https://www.vonwobeser.com/index.php/publicacion?p_id=1312,,1,legacy_id,1312,,c12147d6-958b-47d2-bf37-2e92106f74db,actualizacion-tercera-ampliacion-de-la-suspension-de-terminos-y-plazos-de-la-com,news,,project_date_missing
es:1310,es,news,1310,Actualización: Tercera ampliación de la suspensión de términos y plazos del Centro Nacional de Control de Energía,https://www.vonwobeser.com/index.php/publicacion?p_id=1310,https://www.vonwobeser.com/index.php/publicaciones/noticias?start=280,"Junio, 2020",2020-06,month,200,correcto,https://www.vonwobeser.com/index.php/publicacion?p_id=1310,,1,legacy_id,1310,,88105b38-3806-4c80-b84a-5f3feabdeef2,actualizacion-tercera-ampliacion-de-la-suspension-de-terminos-y-plazos-del-centr,news,,project_date_missing
es:1308,es,news,1308,Se publica la versión preliminar de las “Reglamentaciones Uniformes” del T-MEC,https://www.vonwobeser.com/index.php/publicacion?p_id=1308,https://www.vonwobeser.com/index.php/publicaciones/noticias?start=280,"Junio, 2020",2020-06,month,200,correcto,https://www.vonwobeser.com/index.php/publicacion?p_id=1308,,1,legacy_id,1308,,2cc2d0bb-9897-4e45-bd44-2d84643c08ec,se-publica-la-version-preliminar-de-las-reglamentaciones-uniformes-del-t-mec,news,,project_date_missing
es:1306,es,news,1306,Extensión en la suspensión de las actividades y plazos del Tribunal Federal de Justicia Administrativa,https://www.vonwobeser.com/index.php/publicacion?p_id=1306,https://www.vonwobeser.com/index.php/publicaciones/noticias?start=280,"Junio, 2020",2020-06,month,200,correcto,https://www.vonwobeser.com/index.php/publicacion?p_id=1306,,1,legacy_id,1306,,f8df44ac-7d76-4451-99ac-05ebd6d1d8aa,extension-en-la-suspension-de-las-actividades-y-plazos-del-tribunal-federal-de-j-2,news,,project_date_missing
es:1304,es,news,1304,Ampliación de la suspensión de los plazos de la CNBV,https://www.vonwobeser.com/index.php/publicacion?p_id=1304,https://www.vonwobeser.com/index.php/publicaciones/noticias?start=280,"Mayo, 2020",2020-05,month,200,correcto,https://www.vonwobeser.com/index.php/publicacion?p_id=1304,,1,legacy_id,1304,,8250424e-2f15-4d9c-afea-bab4219ca3d5,ampliacion-de-la-suspension-de-los-plazos-de-la-cnbv,news,,project_date_missing
es:1302,es,news,1302,Extensión en la suspensión de las actividades y plazos del Tribunal Federal de Justicia Administrativa,https://www.vonwobeser.com/index.php/publicacion?p_id=1302,https://www.vonwobeser.com/index.php/publicaciones/noticias?start=300,"Abril, 2020",2020-04,month,200,correcto,https://www.vonwobeser.com/index.php/publicacion?p_id=1302,,1,legacy_id,1302,,76dbd890-fa39-47af-9f77-1b6351c7c7f0,extension-en-la-suspension-de-las-actividades-y-plazos-del-tribunal-federal-de-j,news,,project_date_missing
es:1300,es,news,1300,Actualización: Suspensión de términos y plazos de la SEMARNAT y habilitación de días y horas hábiles para la ASEA y CONAGUA,https://www.vonwobeser.com/index.php/publicacion?p_id=1300,https://www.vonwobeser.com/index.php/publicaciones/noticias?start=280,"Junio, 2020",2020-06,month,200,correcto,https://www.vonwobeser.com/index.php/publicacion?p_id=1300,,1,legacy_id,1300,,4175afd9-2633-40e2-9b13-c880e775e414,actualizacion-suspension-de-terminos-y-plazos-de-la-semarnat-y-habilitacion-de-d-2,news,,project_date_missing
es:1298,es,news,1298,Actualización: Suspensión de términos y plazos de la Secretaría de Energía y la Comisión Reguladora de Energía,https://www.vonwobeser.com/index.php/publicacion?p_id=1298,https://www.vonwobeser.com/index.php/publicaciones/noticias?start=280,"Junio, 2020",2020-06,month,200,correcto,https://www.vonwobeser.com/index.php/publicacion?p_id=1298,,1,legacy_id,1298,,26f3275f-676e-4b62-86a4-dfc1dac07d05,actualizacion-suspension-de-terminos-y-plazos-de-la-secretaria-de-energia-y-la-c,news,,project_date_missing
es:1296,es,news,1296,Extensión en la suspensión de las actividades y plazos del Instituto Mexicano de la Propiedad Industrial,https://www.vonwobeser.com/index.php/publicacion?p_id=1296,https://www.vonwobeser.com/index.php/publicaciones/noticias?start=280,"Junio, 2020",2020-06,month,200,correcto,https://www.vonwobeser.com/index.php/publicacion?p_id=1296,,1,legacy_id,1296,,3b729c7e-ce0a-44d4-95eb-5461bc772dce,extension-en-la-suspension-de-las-actividades-y-plazos-del-instituto-mexicano-de,news,,project_date_missing
es:1294,es,news,1294,Publicación de los Lineamientos Técnicos Específicos para la Reapertura de las Actividades Económicas,https://www.vonwobeser.com/index.php/publicacion?p_id=1294,https://www.vonwobeser.com/index.php/publicaciones/noticias?start=280,"Mayo, 2020",2020-05,month,200,correcto,https://www.vonwobeser.com/index.php/publicacion?p_id=1294,,1,legacy_id,1294,,d6c55787-9607-4438-a9c7-307a94d86a16,publicacion-de-los-lineamientos-tecnicos-especificos-para-la-reapertura-de-las-a,news,,project_date_missing
es:1292,es,news,1292,Se establecen días y horas hábiles para la obtención y renovación del Certificado Ambiental y Certificación de Vehículos Nuevos o en su caso vehículos nuevos en planta en las diferentes modalidades,https://www.vonwobeser.com/index.php/publicacion?p_id=1292,https://www.vonwobeser.com/index.php/publicaciones/noticias?start=290,"Mayo, 2020",2020-05,month,200,correcto,https://www.vonwobeser.com/index.php/publicacion?p_id=1292,,1,legacy_id,1292,,42ea2653-3b99-48cb-a9f5-a867aa0b34bf,se-establecen-dias-y-horas-habiles-para-la-obtencion-y-renovacion-del-certificad,news,,project_date_missing
es:1290,es,news,1290,Actualización: Suspensión de términos y plazos del Centro Nacional de Control de Energía,https://www.vonwobeser.com/index.php/publicacion?p_id=1290,https://www.vonwobeser.com/index.php/publicaciones/noticias?start=320,"Abril, 2020",2020-04,month,200,correcto,https://www.vonwobeser.com/index.php/publicacion?p_id=1290,,1,legacy_id,1290,,452a5952-0ffa-4da0-9325-09f147ffd712,actualizacion-suspension-de-terminos-y-plazos-del-centro-nacional-de-control-de-,news,,project_date_missing
es:1286,es,news,1286,Importante transacción de un Contrato de Cobertura Eléctrica,https://www.vonwobeser.com/index.php/publicacion?p_id=1286,https://www.vonwobeser.com/index.php/publicaciones/noticias?start=290,"Mayo, 2020",2020-05,month,200,correcto,https://www.vonwobeser.com/index.php/publicacion?p_id=1286,,1,legacy_id,1286,,8cbde6be-cd46-453a-b809-c51e007aac72,importante-transaccion-de-un-contrato-de-cobertura-electrica,news,,project_date_missing
es:1284,es,news,1284,Actualización: Resolución por la que se expide la información y se dan a conocer los medios electrónicos para cumplir con obligaciones en materia de prevención de lavado de dinero,https://www.vonwobeser.com/index.php/publicacion?p_id=1284,https://www.vonwobeser.com/index.php/publicaciones/noticias?start=290,"Mayo, 2020",2020-05,month,200,correcto,https://www.vonwobeser.com/index.php/publicacion?p_id=1284,,1,legacy_id,1284,,32a5d553-3ad8-42d5-87bf-eb17afdba216,actualizacion-resolucion-por-la-que-se-expide-la-informacion-y-se-dan-a-conocer-,news,,project_date_missing
es:1282,es,news,1282,Audiencias Virtuales en Arbitraje: Un vistazo hacia las Reglas Institucionales,https://www.vonwobeser.com/index.php/publicacion?p_id=1282,https://www.vonwobeser.com/index.php/publicaciones/noticias?start=290,"Mayo, 2020",2020-05,month,200,correcto,https://www.vonwobeser.com/index.php/publicacion?p_id=1282,,1,legacy_id,1282,,817f08bc-c37a-4367-83ef-b797d2a48311,audiencias-virtuales-en-arbitraje-un-vistazo-hacia-las-reglas-institucionales,news,,project_date_missing
es:1280,es,news,1280,Lineamientos Técnicos de Seguridad Sanitaria en el Entorno Laboral,https://www.vonwobeser.com/index.php/publicacion?p_id=1280,https://www.vonwobeser.com/index.php/publicaciones/noticias?start=290,"Mayo, 2020",2020-05,month,200,correcto,https://www.vonwobeser.com/index.php/publicacion?p_id=1280,,1,legacy_id,1280,,73db2017-5f81-42e3-a54b-8bd64ceb7b7d,lineamientos-tecnicos-de-seguridad-sanitaria-en-el-entorno-laboral,news,,project_date_missing
es:1278,es,news,1278,Secretaría de Energía impone límites al desarrollo de energías renovables y abre la posibilidad de interponer mecanismos de defensa,https://www.vonwobeser.com/index.php/publicacion?p_id=1278,https://www.vonwobeser.com/index.php/publicaciones/noticias?start=290,"Mayo, 2020",2020-05,month,200,correcto,https://www.vonwobeser.com/index.php/publicacion?p_id=1278,,1,legacy_id,1278,,bcd91d62-456e-420c-9265-575d0c9817e3,secretaria-de-energia-impone-limites-al-desarrollo-de-energias-renovables-y-abre,news,,project_date_missing
es:1276,es,news,1276,"Se aclara el reinicio de las actividades esenciales consistentes en la fabricación de equipo de transporte, la minería y la construcción",https://www.vonwobeser.com/index.php/publicacion?p_id=1276,https://www.vonwobeser.com/index.php/publicaciones/noticias?start=290,"Mayo, 2020",2020-05,month,200,correcto,https://www.vonwobeser.com/index.php/publicacion?p_id=1276,,1,legacy_id,1276,,05b97bf3-2461-479f-bded-5f7dd5e5a280,se-aclara-el-reinicio-de-las-actividades-esenciales-consistentes-en-la-fabricaci,news,,project_date_missing
es:1274,es,news,1274,Criterio normativo sobre la retención del 6% de Impuesto al Valor Agregado tratándose de ciertos servicios,https://www.vonwobeser.com/index.php/publicacion?p_id=1274,https://www.vonwobeser.com/index.php/publicaciones/noticias?start=290,"Mayo, 2020",2020-05,month,200,correcto,https://www.vonwobeser.com/index.php/publicacion?p_id=1274,,1,legacy_id,1274,,ec0589a8-bff6-475a-afff-88e5d6d95e0a,criterio-normativo-sobre-la-retencion-del-6-de-impuesto-al-valor-agregado-tratan,news,,project_date_missing
es:1272,es,news,1272,"Se incluyen como actividades esenciales la fabricación de equipo de autotransporte, la minería y la construcción",https://www.vonwobeser.com/index.php/publicacion?p_id=1272,https://www.vonwobeser.com/index.php/publicaciones/noticias?start=290,"Mayo, 2020",2020-05,month,200,correcto,https://www.vonwobeser.com/index.php/publicacion?p_id=1272,,1,legacy_id,1272,,a821672c-8252-4410-9b61-d34bdac50528,se-incluyen-como-actividades-esenciales-la-fabricacion-de-equipo-de-autotranspor,news,,project_date_missing
es:1270,es,news,1270,Publicación de la Primera Resolución de Modificaciones a la Resolución Miscelánea Fiscal para 2020,https://www.vonwobeser.com/index.php/publicacion?p_id=1270,https://www.vonwobeser.com/index.php/publicaciones/noticias?start=290,"Mayo, 2020",2020-05,month,200,correcto,https://www.vonwobeser.com/index.php/publicacion?p_id=1270,,1,legacy_id,1270,,f28bbcde-9155-443a-a727-baadcb712ec2,publicacion-de-la-primera-resolucion-de-modificaciones-a-la-resolucion-miscelane,news,,project_date_missing
es:1268,es,news,1268,Uso del Arbitraje Comercial en Tiempos del COVID-19,https://www.vonwobeser.com/index.php/publicacion?p_id=1268,https://www.vonwobeser.com/index.php/publicaciones/noticias?start=300,"Mayo, 2020",2020-05,month,200,correcto,https://www.vonwobeser.com/index.php/publicacion?p_id=1268,,1,legacy_id,1268,,bf302934-8b93-458c-9a52-7be8e1ea3f7b,uso-del-arbitraje-comercial-en-tiempos-del-covid-19,news,,project_date_missing
es:1264,es,news,1264,Suspensión de plazos y términos legales del Servicio de Administración Tributaria,https://www.vonwobeser.com/index.php/publicacion?p_id=1264,https://www.vonwobeser.com/index.php/publicaciones/noticias?start=300,"Mayo, 2020",2020-05,month,200,correcto,https://www.vonwobeser.com/index.php/publicacion?p_id=1264,,1,legacy_id,1264,,c25fe97a-6b94-4fa9-bba1-59bbeae3dc96,suspension-de-plazos-y-terminos-legales-del-servicio-de-administracion-tributari,news,,project_date_missing
es:1262,es,news,1262,"Actualización: Suspensión de términos y plazos de la Secretaría de Energía, la Comisión Reguladora de Energía y del Centro Nacional de Control de Energía",https://www.vonwobeser.com/index.php/publicacion?p_id=1262,https://www.vonwobeser.com/index.php/publicaciones/noticias?start=300,"Abril, 2020",2020-04,month,200,correcto,https://www.vonwobeser.com/index.php/publicacion?p_id=1262,,1,legacy_id,1262,,7c3bfaea-cff7-4c74-949c-b70567e9904b,actualizacion-suspension-de-terminos-y-plazos-de-la-secretaria-de-energia-la-com,news,,project_date_missing
es:1260,es,news,1260,Actualización: Segunda ampliación de la suspensión de términos y plazos de la Comisión Nacional de Hidrocarburos,https://www.vonwobeser.com/index.php/publicacion?p_id=1260,https://www.vonwobeser.com/index.php/publicaciones/noticias?start=300,"Mayo, 2020",2020-05,month,200,correcto,https://www.vonwobeser.com/index.php/publicacion?p_id=1260,,1,legacy_id,1260,,49a71b56-fed2-4349-b614-da7580451af0,actualizacion-segunda-ampliacion-de-la-suspension-de-terminos-y-plazos-de-la-com,news,,project_date_missing
es:1258,es,news,1258,Actualización: Suspensión de términos y plazos de la SEMARNAT y habilitación de días y horas hábiles para la ASEA,https://www.vonwobeser.com/index.php/publicacion?p_id=1258,https://www.vonwobeser.com/index.php/publicaciones/noticias?start=300,"Mayo, 2020",2020-05,month,200,correcto,https://www.vonwobeser.com/index.php/publicacion?p_id=1258,,1,legacy_id,1258,,fd6eba25-4273-4c1c-be66-398c3b29aaf1,actualizacion-suspension-de-terminos-y-plazos-de-la-semarnat-y-habilitacion-de-d,news,,project_date_missing
es:1256,es,news,1256,Criterios de calificación del COVID-19 como enfermedad de trabajo,https://www.vonwobeser.com/index.php/publicacion?p_id=1256,https://www.vonwobeser.com/index.php/publicaciones/noticias?start=300,"Mayo, 2020",2020-05,month,200,correcto,https://www.vonwobeser.com/index.php/publicacion?p_id=1256,,1,legacy_id,1256,,03b0289d-12ed-4fb1-9368-f6dab3291ac5,criterios-de-calificacion-del-covid-19-como-enfermedad-de-trabajo,news,,project_date_missing
es:1254,es,news,1254,Extensión en la suspensión de las actividades y plazos del Instituto Nacional del Derecho de Autor,https://www.vonwobeser.com/index.php/publicacion?p_id=1254,https://www.vonwobeser.com/index.php/publicaciones/noticias?start=300,"Mayo, 2020",2020-05,month,200,correcto,https://www.vonwobeser.com/index.php/publicacion?p_id=1254,,1,legacy_id,1254,,3856d6b4-9f50-4261-8c19-b64f7889990e,extension-en-la-suspension-de-las-actividades-y-plazos-del-instituto-nacional-de,news,,project_date_missing
es:1252,es,news,1252,¿Cómo sobrevivir al COVID-19? Guía para Consejeros y Directores de Empresas,https://www.vonwobeser.com/index.php/publicacion?p_id=1252,https://www.vonwobeser.com/index.php/publicaciones/noticias?start=310,"Abril, 2020",2020-04,month,200,correcto,https://www.vonwobeser.com/index.php/publicacion?p_id=1252,,1,legacy_id,1252,,c87a4001-66b9-48f6-94f1-07b7df775765,como-sobrevivir-al-covid-19-guia-para-consejeros-y-directores-de-empresas,news,,project_date_missing
es:1248,es,news,1248,Tercera extensión en la suspensión de las actividades de la Comisión Federal de Competencia Económica y sus procedimientos,https://www.vonwobeser.com/index.php/publicacion?p_id=1248,https://www.vonwobeser.com/index.php/publicaciones/noticias?start=310,"Abril, 2020",2020-04,month,200,correcto,https://www.vonwobeser.com/index.php/publicacion?p_id=1248,,1,legacy_id,1248,,22ec1b51-2ccc-4cc7-a969-b0ab20d491c8,tercera-extension-en-la-suspension-de-las-actividades-de-la-comision-federal-de-,news,,project_date_missing
es:1246,es,news,1246,Medidas de Banco de México para fomentar la liquidez en el Mercado Financiero ante la pandemia de COVID-19,https://www.vonwobeser.com/index.php/publicacion?p_id=1246,https://www.vonwobeser.com/index.php/publicaciones/noticias?start=310,"Abril, 2020",2020-04,month,200,correcto,https://www.vonwobeser.com/index.php/publicacion?p_id=1246,,1,legacy_id,1246,,76782a4d-d30b-40ee-9072-c9a4bf0cf706,medidas-de-banco-de-mexico-para-fomentar-la-liquidez-en-el-mercado-financiero-an,news,,project_date_missing
es:1244,es,news,1244,El T-MEC entrará en vigor el 1º de julio de 2020,https://www.vonwobeser.com/index.php/publicacion?p_id=1244,https://www.vonwobeser.com/index.php/publicaciones/noticias?start=310,"Abril, 2020",2020-04,month,200,correcto,https://www.vonwobeser.com/index.php/publicacion?p_id=1244,,1,legacy_id,1244,,4a7aad5e-8f1f-4eb3-8fd3-5230a7e8ace1,el-t-mec-entrara-en-vigor-el-1-de-julio-de-2020,news,,project_date_missing
es:1242,es,news,1242,Inspecciones laborales y posibles alternativas desde la perspectiva laboral para hacer frente a la emergencia sanitaria generada por el virus SARS-CoV2 (COVID-19),https://www.vonwobeser.com/index.php/publicacion?p_id=1242,https://www.vonwobeser.com/index.php/publicaciones/noticias?start=310,"Abril, 2020",2020-04,month,200,correcto,https://www.vonwobeser.com/index.php/publicacion?p_id=1242,,1,legacy_id,1242,,7d68786e-fb1d-4161-b31b-60a90b5de0cf,inspecciones-laborales-y-posibles-alternativas-desde-la-perspectiva-laboral-para,news,,project_date_missing
es:1240,es,news,1240,Se modifica la aplicación de las acciones extraordinarias adoptadas contra el virus SARS-CoV2 (COVID-19),https://www.vonwobeser.com/index.php/publicacion?p_id=1240,https://www.vonwobeser.com/index.php/publicaciones/noticias?start=310,"Abril, 2020",2020-04,month,200,correcto,https://www.vonwobeser.com/index.php/publicacion?p_id=1240,,1,legacy_id,1240,,36a36d72-598a-498a-9061-cf448ddfebd2,se-modifica-la-aplicacion-de-las-acciones-extraordinarias-adoptadas-contra-el-vi,news,,project_date_missing
es:1238,es,news,1238,Decreto por el que se otorgan beneficios fiscales,https://www.vonwobeser.com/index.php/publicacion?p_id=1238,https://www.vonwobeser.com/index.php/publicaciones/noticias?start=310,"Abril, 2020",2020-04,month,200,correcto,https://www.vonwobeser.com/index.php/publicacion?p_id=1238,,1,legacy_id,1238,,03ab23c2-080d-4f1a-90d7-d67d07abeaab,decreto-por-el-que-se-otorgan-beneficios-fiscales,news,,project_date_missing
es:1236,es,news,1236,Nuevos acuerdos de extensión a la suspensión deplazos y actividades de diversas autoridades en materia de Propiedad Intelectual,https://www.vonwobeser.com/index.php/publicacion?p_id=1236,https://www.vonwobeser.com/index.php/publicaciones/noticias?start=310,"Abril, 2020",2020-04,month,200,correcto,https://www.vonwobeser.com/index.php/publicacion?p_id=1236,,1,legacy_id,1236,,8bca5c8f-95fc-4a6b-bd52-c71daef3e0a7,nuevos-acuerdos-de-extension-a-la-suspension-deplazos-y-actividades-de-diversas-,news,,project_date_missing
es:1234,es,news,1234,Actualización: Suspensión de términos y plazos para la Secretaría de Energía,https://www.vonwobeser.com/index.php/publicacion?p_id=1234,https://www.vonwobeser.com/index.php/publicaciones/noticias?start=320,"Abril, 2020",2020-04,month,200,correcto,https://www.vonwobeser.com/index.php/publicacion?p_id=1234,,1,legacy_id,1234,,4781bbce-4c65-4726-b1d1-225a8bcbd21f,actualizacion-suspension-de-terminos-y-plazos-para-la-secretaria-de-energia-2,news,,project_date_missing
es:1232,es,news,1232,Actualización: Ampliación de la suspensión de términos y plazos de la Comisión Nacional de Hidrocarburos,https://www.vonwobeser.com/index.php/publicacion?p_id=1232,https://www.vonwobeser.com/index.php/publicaciones/noticias?start=320,"Abril, 2020",2020-04,month,200,correcto,https://www.vonwobeser.com/index.php/publicacion?p_id=1232,,1,legacy_id,1232,,935324ce-93c5-48c3-b0d4-7109ec271212,actualizacion-ampliacion-de-la-suspension-de-terminos-y-plazos-de-la-comision-na,news,,project_date_missing
es:1230,es,news,1230,Se prorroga el plazo para la emisión de la legislación sobre Cannabis,https://www.vonwobeser.com/index.php/publicacion?p_id=1230,https://www.vonwobeser.com/index.php/publicaciones/noticias?start=310,"Abril, 2020",2020-04,month,200,correcto,https://www.vonwobeser.com/index.php/publicacion?p_id=1230,,1,legacy_id,1230,,34e21337-b649-46ae-8b48-8164540af6c1,se-prorroga-el-plazo-para-la-emision-de-la-legislacion-sobre-cannabis,news,,project_date_missing
es:1228,es,news,1228,"Actualización: Suspensión de términos y plazos, así como habilitación de días y horas hábiles para la Secretaría de Medio Ambiente y Recursos Naturales",https://www.vonwobeser.com/index.php/publicacion?p_id=1228,https://www.vonwobeser.com/index.php/publicaciones/noticias?start=320,"Abril, 2020",2020-04,month,200,correcto,https://www.vonwobeser.com/index.php/publicacion?p_id=1228,,1,legacy_id,1228,,be6c8d99-5b43-48bb-8117-1df94a0e5e6c,actualizacion-suspension-de-terminos-y-plazos-asi-como-habilitacion-de-dias-y-ho,news,,project_date_missing
es:1226,es,news,1226,El impacto de COVID-19 en arrendamientos,https://www.vonwobeser.com/index.php/publicacion?p_id=1226,https://www.vonwobeser.com/index.php/publicaciones/noticias?start=320,"Abril, 2020",2020-04,month,200,correcto,https://www.vonwobeser.com/index.php/publicacion?p_id=1226,,1,legacy_id,1226,,c1974f18-a3e6-4dba-8baa-c135ab7abe34,el-impacto-de-covid-19-en-arrendamientos,news,,project_date_missing
es:1224,es,news,1224,Extensión en la suspensión de las actividades de la Comisión Federal de Competencia Económica y sus procedimientos,https://www.vonwobeser.com/index.php/publicacion?p_id=1224,https://www.vonwobeser.com/index.php/publicaciones/noticias?start=320,"Abril, 2020",2020-04,month,200,correcto,https://www.vonwobeser.com/index.php/publicacion?p_id=1224,,1,legacy_id,1224,,2bba216e-07c5-4425-8afd-8b9a9da2cc33,extension-en-la-suspension-de-las-actividades-de-la-comision-federal-de-competen,news,,project_date_missing
es:1222,es,news,1222,Difusión por parte del Instituto Mexicano del Seguro Social de los instrumentos legales y administrativos disponibles para facilitar el pago de cuotas obrero-patronales,https://www.vonwobeser.com/index.php/publicacion?p_id=1222,https://www.vonwobeser.com/index.php/publicaciones/noticias?start=320,"Abril, 2020",2020-04,month,200,correcto,https://www.vonwobeser.com/index.php/publicacion?p_id=1222,,1,legacy_id,1222,,311569c7-925a-436b-adf9-31c1cc2649ee,difusion-por-parte-del-instituto-mexicano-del-seguro-social-de-los-instrumentos-,news,,project_date_missing
es:1220,es,news,1220,Análisis de las facilidades administrativas y estímulos fiscales otorgados por diversos Estados de la República,https://www.vonwobeser.com/index.php/publicacion?p_id=1220,https://www.vonwobeser.com/index.php/publicaciones/noticias?start=320,"Abril, 2020",2020-04,month,200,correcto,https://www.vonwobeser.com/index.php/publicacion?p_id=1220,,1,legacy_id,1220,,61121da7-260a-477c-9671-817be10ff0fa,analisis-de-las-facilidades-administrativas-y-estimulos-fiscales-otorgados-por-d,news,,project_date_missing
es:1217,es,news,1217,Apoyos económicos y/o estímulos fiscales federales y estatales frente a COVID-19,https://www.vonwobeser.com/index.php/publicacion?p_id=1217,https://www.vonwobeser.com/index.php/publicaciones/noticias?start=320,"Abril, 2020",2020-04,month,200,correcto,https://www.vonwobeser.com/index.php/publicacion?p_id=1217,,1,legacy_id,1217,,1fad1958-b223-4052-a518-e4ead2cd02f5,apoyos-economicos-y-o-estimulos-fiscales-federales-y-estatales-frente-a-covid-19,news,,project_date_missing
es:1214,es,news,1214,Guía de Orientación Jurídica por Afectaciones Derivadas del COVID-19.,https://www.vonwobeser.com/index.php/publicacion?p_id=1214,https://www.vonwobeser.com/index.php/publicaciones/noticias?start=320,"Abril, 2020",2020-04,month,200,correcto,https://www.vonwobeser.com/index.php/publicacion?p_id=1214,,1,legacy_id,1214,,30f1cbcc-9eda-4817-934e-1106a5c4cb31,guia-de-orientacion-juridica-por-afectaciones-derivadas-del-covid-19,news,,project_date_missing
es:1213,es,news,1213,Suspensión otorgada en un juicio de amparo en relación con las facultades del Ejecutivo Federal contempladas por el artículo 39 del Código Fiscal de la Federación,https://www.vonwobeser.com/index.php/publicacion?p_id=1213,https://www.vonwobeser.com/index.php/publicaciones/noticias?start=330,"Abril, 2020",2020-04,month,200,correcto,https://www.vonwobeser.com/index.php/publicacion?p_id=1213,,1,legacy_id,1213,,2dbbb656-502b-4840-9e7c-1d12ebb37182,suspension-otorgada-en-un-juicio-de-amparo-en-relacion-con-las-facultades-del-ej,news,,project_date_missing
es:1211,es,news,1211,Se identifican actividades esenciales reguladas y supervisadas por la Secretaria de Comunicaciones y Transportes,https://www.vonwobeser.com/index.php/publicacion?p_id=1211,https://www.vonwobeser.com/index.php/publicaciones/noticias?start=330,"Abril, 2020",2020-04,month,200,correcto,https://www.vonwobeser.com/index.php/publicacion?p_id=1211,,1,legacy_id,1211,,b607704e-0a9b-41cc-8a6f-66ae0cf626ae,se-identifican-actividades-esenciales-reguladas-y-supervisadas-por-la-secretaria,news,,project_date_missing
es:1209,es,news,1209,Se habilitan días y horas para trámites y procedimientos de la Secretaría de Medio Ambiente y Recursos Naturales,https://www.vonwobeser.com/index.php/publicacion?p_id=1209,https://www.vonwobeser.com/index.php/publicaciones/noticias?start=330,"Abril, 2020",2020-04,month,200,correcto,https://www.vonwobeser.com/index.php/publicacion?p_id=1209,,1,legacy_id,1209,,668c085f-ea36-4c31-b872-3cacc69cdd8e,se-habilitan-dias-y-horas-para-tramites-y-procedimientos-de-la-secretaria-de-med,news,,project_date_missing
es:1207,es,news,1207,Criterios aplicables para el desarrollo de inspecciones laborales extraordinarias durante la contingencia provocada por la presencia del virus COVID-19,https://www.vonwobeser.com/index.php/publicacion?p_id=1207,https://www.vonwobeser.com/index.php/publicaciones/noticias?start=330,"Abril, 2020",2020-04,month,200,correcto,https://www.vonwobeser.com/index.php/publicacion?p_id=1207,,1,legacy_id,1207,,32c1b407-48d8-4102-a78a-3f7d712b5c84,criterios-aplicables-para-el-desarrollo-de-inspecciones-laborales-extraordinaria,news,,project_date_missing
es:1203,es,news,1203,Se precisa el alcance de ciertas actividades no sujetas a suspensión,https://www.vonwobeser.com/index.php/publicacion?p_id=1203,https://www.vonwobeser.com/index.php/publicaciones/noticias?start=330,"Abril, 2020",2020-04,month,200,correcto,https://www.vonwobeser.com/index.php/publicacion?p_id=1203,,1,legacy_id,1203,,07021e04-d833-4511-97d7-60df3377d3c6,se-precisa-el-alcance-de-ciertas-actividades-no-sujetas-a-suspension,news,,project_date_missing
es:1201,es,news,1201,Reestructuras en época de COVID-19,https://www.vonwobeser.com/index.php/publicacion?p_id=1201,https://www.vonwobeser.com/index.php/publicaciones/noticias?start=330,"Abril, 2020",2020-04,month,200,correcto,https://www.vonwobeser.com/index.php/publicacion?p_id=1201,,1,legacy_id,1201,,d5118556-14c8-4e44-aeea-c36d29cf77ec,reestructuras-en-epoca-de-covid-19,news,,project_date_missing
es:1199,es,news,1199,"Se facilita al sector público la adquisición e importación de medicamentos, equipos e insumos médicos, necesarios para combatir la enfermedad COVID-19",https://www.vonwobeser.com/index.php/publicacion?p_id=1199,https://www.vonwobeser.com/index.php/publicaciones/noticias?start=330,"Abril, 2020",2020-04,month,200,correcto,https://www.vonwobeser.com/index.php/publicacion?p_id=1199,,1,legacy_id,1199,,860582e7-e171-4591-87cf-cdbdb211e3b1,se-facilita-al-sector-publico-la-adquisicion-e-importacion-de-medicamentos-equip,news,,project_date_missing
es:1195,es,news,1195,Suspensión de términos y plazos para el Centro Nacional de Control de Energía,https://www.vonwobeser.com/index.php/publicacion?p_id=1195,https://www.vonwobeser.com/index.php/publicaciones/noticias?start=330,"Abril, 2020",2020-04,month,200,correcto,https://www.vonwobeser.com/index.php/publicacion?p_id=1195,,1,legacy_id,1195,,5d3188b2-26d1-4ec1-8674-700f68818a1b,suspension-de-terminos-y-plazos-para-el-centro-nacional-de-control-de-energia,news,,project_date_missing
es:1193,es,news,1193,La Secretaría de Salud adopta medidas extraordinarias adicionales para hacer frente a la enfermedad del COVID-19,https://www.vonwobeser.com/index.php/publicacion?p_id=1193,https://www.vonwobeser.com/index.php/publicaciones/noticias?start=330,"Abril, 2020",2020-04,month,200,correcto,https://www.vonwobeser.com/index.php/publicacion?p_id=1193,,1,legacy_id,1193,,d58f7820-7be7-45ac-91c4-6ac7c8f7bba1,la-secretaria-de-salud-adopta-medidas-extraordinarias-adicionales-para-hacer-fre,news,,project_date_missing
es:1191,es,news,1191,Impacto regulatorio en alimentos y bebidas,https://www.vonwobeser.com/index.php/publicacion?p_id=1191,https://www.vonwobeser.com/index.php/publicaciones/noticias?start=340,"Abril, 2020",2020-04,month,200,correcto,https://www.vonwobeser.com/index.php/publicacion?p_id=1191,,1,legacy_id,1191,,e8c86833-c00a-407f-b961-405819acbdf7,impacto-regulatorio-en-alimentos-y-bebidas,news,,project_date_missing
es:1189,es,news,1189,El IMPI emitió un nuevo acuerdo por medio del cual suspendió actividades,https://www.vonwobeser.com/index.php/publicacion?p_id=1189,https://www.vonwobeser.com/index.php/publicaciones/noticias?start=340,"Abril, 2020",2020-04,month,200,correcto,https://www.vonwobeser.com/index.php/publicacion?p_id=1189,,1,legacy_id,1189,,68c9cb6d-74ea-4dc5-889a-9a5ce4592dfb,el-impi-emitio-un-nuevo-acuerdo-por-medio-del-cual-suspendio-actividades,news,,project_date_missing
es:1187,es,news,1187,Se adoptan medidas extraordinarias adicionales para hacer frente a la enfermedad del COVID-19,https://www.vonwobeser.com/index.php/publicacion?p_id=1187,https://www.vonwobeser.com/index.php/publicaciones/noticias?start=340,"Marzo, 2020",2020-03,month,200,correcto,https://www.vonwobeser.com/index.php/publicacion?p_id=1187,,1,legacy_id,1187,,50d57813-82f8-4bfc-8178-8260efab778a,se-adoptan-medidas-extraordinarias-adicionales-para-hacer-frente-a-la-enfermedad,news,,project_date_missing
es:1185,es,news,1185,Nueva NOM de Etiquetado de alimentos y bebidas no alcohólicas (NOM-051-SCFI/SSA1-2010),https://www.vonwobeser.com/index.php/publicacion?p_id=1185,https://www.vonwobeser.com/index.php/publicaciones/noticias?start=340,"Marzo, 2020",2020-03,month,200,correcto,https://www.vonwobeser.com/index.php/publicacion?p_id=1185,,1,legacy_id,1185,,e19aa4bf-8bc7-4e9d-9bfb-2908d2f19a4c,nueva-nom-de-etiquetado-de-alimentos-y-bebidas-no-alcoholicas-nom-051-scfi-ssa1-,news,,project_date_missing
es:1183,es,news,1183,Medidas para mantener la operación de los trámites de Comercio Exterior,https://www.vonwobeser.com/index.php/publicacion?p_id=1183,https://www.vonwobeser.com/index.php/publicaciones/noticias?start=340,"Marzo, 2020",2020-03,month,200,correcto,https://www.vonwobeser.com/index.php/publicacion?p_id=1183,,1,legacy_id,1183,,2726c2a1-6560-43fd-bef2-96544f3f6bb0,medidas-para-mantener-la-operacion-de-los-tramites-de-comercio-exterior,news,,project_date_missing
es:1181,es,news,1181,Actualización: Suspensión de términos y plazos para la Secretaría de Energía,https://www.vonwobeser.com/index.php/publicacion?p_id=1181,https://www.vonwobeser.com/index.php/publicaciones/noticias?start=340,"Marzo, 2020",2020-03,month,200,correcto,https://www.vonwobeser.com/index.php/publicacion?p_id=1181,,1,legacy_id,1181,,c6094d27-ee37-493c-af9c-f9dce5d160dd,actualizacion-suspension-de-terminos-y-plazos-para-la-secretaria-de-energia,news,,project_date_missing
es:1179,es,news,1179,Suspensión de términos y plazos para autoridades federales del sector energético y ambiental,https://www.vonwobeser.com/index.php/publicacion?p_id=1179,https://www.vonwobeser.com/index.php/publicaciones/noticias?start=340,"Marzo, 2020",2020-03,month,200,correcto,https://www.vonwobeser.com/index.php/publicacion?p_id=1179,,1,legacy_id,1179,,5073aef9-cfb7-4c0c-95c4-587a2ff1f408,suspension-de-terminos-y-plazos-para-autoridades-federales-del-sector-energetico,news,,project_date_missing
es:1177,es,news,1177,La Secretaría de Salud anuncia medidas para hacer frente a contingencia COVID-19,https://www.vonwobeser.com/index.php/publicacion?p_id=1177,https://www.vonwobeser.com/index.php/publicaciones/noticias?start=350,"Marzo, 2020",2020-03,month,200,correcto,https://www.vonwobeser.com/index.php/publicacion?p_id=1177,,1,legacy_id,1177,,acb66f01-822b-4337-a71d-82bec3c19ce0,la-secretaria-de-salud-anuncia-medidas-para-hacer-frente-a-contingencia-covid-19,news,,project_date_missing
es:1175,es,news,1175,Acuerdo del IMPI del 23 de marzo de 2020,https://www.vonwobeser.com/index.php/publicacion?p_id=1175,https://www.vonwobeser.com/index.php/publicaciones/noticias?start=340,"Marzo, 2020",2020-03,month,200,correcto,https://www.vonwobeser.com/index.php/publicacion?p_id=1175,,1,legacy_id,1175,,36dcf821-e44e-4a75-ad16-60c6fedaf241,acuerdo-del-impi-del-23-de-marzo-de-2020,news,,project_date_missing
es:1173,es,news,1173,Declaratoria de la pandemia de COVID-19 como enfermedad grave y medidas previas de respuesta,https://www.vonwobeser.com/index.php/publicacion?p_id=1173,https://www.vonwobeser.com/index.php/publicaciones/noticias?start=350,"Marzo, 2020",2020-03,month,200,correcto,https://www.vonwobeser.com/index.php/publicacion?p_id=1173,,1,legacy_id,1173,,05b9ffda-0d56-47a6-a436-a0d1e4b76bfe,declaratoria-de-la-pandemia-de-covid-19-como-enfermedad-grave-y-medidas-previas-,news,,project_date_missing
es:1171,es,news,1171,"Impacto del COVID-19 en las empresas, el cumplimiento de contratos y otras obligaciones en México",https://www.vonwobeser.com/index.php/publicacion?p_id=1171,https://www.vonwobeser.com/index.php/publicaciones/noticias?start=350,"Marzo, 2020",2020-03,month,200,correcto,https://www.vonwobeser.com/index.php/publicacion?p_id=1171,,1,legacy_id,1171,,60be615a-16ec-48f2-96d9-1a0c246f0053,impacto-del-covid-19-en-las-empresas-el-cumplimiento-de-contratos-y-otras-obliga,news,,project_date_missing
es:1169,es,news,1169,Fe de erratas. Impacto del COVID-19 en las actividades de la Comisión Federal de Competencia Económica y sus procedimientos,https://www.vonwobeser.com/index.php/publicacion?p_id=1169,https://www.vonwobeser.com/index.php/publicaciones/noticias?start=350,"Marzo, 2020",2020-03,month,200,correcto,https://www.vonwobeser.com/index.php/publicacion?p_id=1169,,1,legacy_id,1169,,bc87d995-bc19-43ff-bb1d-c503c78f4d74,fe-de-erratas-impacto-del-covid-19-en-las-actividades-de-la-comision-federal-de-,news,,project_date_missing
es:1167,es,news,1167,Suspensión de términos y plazos para la Administración Pública de la Ciudad de México,https://www.vonwobeser.com/index.php/publicacion?p_id=1167,https://www.vonwobeser.com/index.php/publicaciones/noticias?start=350,"Marzo, 2020",2020-03,month,200,correcto,https://www.vonwobeser.com/index.php/publicacion?p_id=1167,,1,legacy_id,1167,,ed4e34ca-7a5d-4cb0-aaa2-925c6fac0262,suspension-de-terminos-y-plazos-para-la-administracion-publica-de-la-ciudad-de-m,news,,project_date_missing
es:1165,es,news,1165,COVID-19: Suspensión de términos procesales de autoridades mexicanas en materia de PI,https://www.vonwobeser.com/index.php/publicacion?p_id=1165,https://www.vonwobeser.com/index.php/publicaciones/noticias?start=350,"Marzo, 2020",2020-03,month,200,correcto,https://www.vonwobeser.com/index.php/publicacion?p_id=1165,,1,legacy_id,1165,,e88b82d9-708b-4706-a178-397e686307f6,covid-19-suspension-de-terminos-procesales-de-autoridades-mexicanas-en-materia-d,news,,project_date_missing
es:1163,es,news,1163,Impacto del COVID-19 en las actividades de la Comisión Federal de Competencia Económica y sus procedimientos,https://www.vonwobeser.com/index.php/publicacion?p_id=1163,https://www.vonwobeser.com/index.php/publicaciones/noticias?start=350,"Marzo, 2020",2020-03,month,200,correcto,https://www.vonwobeser.com/index.php/publicacion?p_id=1163,,1,legacy_id,1163,,a24e1d2a-2804-4e01-b964-3eb0f626b333,impacto-del-covid-19-en-las-actividades-de-la-comision-federal-de-competencia-ec,news,,project_date_missing
es:1161,es,news,1161,La entrada en vigor del T-MEC está cada vez más cerca,https://www.vonwobeser.com/index.php/publicacion?p_id=1161,https://www.vonwobeser.com/index.php/publicaciones/noticias?start=350,"Marzo, 2020",2020-03,month,200,correcto,https://www.vonwobeser.com/index.php/publicacion?p_id=1161,,1,legacy_id,1161,,eb3991a2-6a07-4690-a64f-77572cae01da,la-entrada-en-vigor-del-t-mec-esta-cada-vez-mas-cerca,news,,project_date_missing
es:1159,es,news,1159,Respuesta de VWyS ante el COVID-19,https://www.vonwobeser.com/index.php/publicacion?p_id=1159,https://www.vonwobeser.com/index.php/publicaciones/noticias?start=350,"Marzo, 2020",2020-03,month,200,correcto,https://www.vonwobeser.com/index.php/publicacion?p_id=1159,,1,legacy_id,1159,,55288b2d-47aa-4266-b5a9-5d17bad0dba9,respuesta-de-vwys-ante-el-covid-19,news,,project_date_missing
es:1156,es,news,1156,Nota sobre las Disposiciones Regulatorias del Programa de Inmunidad y Reducción de Sanciones,https://www.vonwobeser.com/index.php/publicacion?p_id=1156,https://www.vonwobeser.com/index.php/publicaciones/noticias?start=350,"Marzo, 2020",2020-03,month,200,correcto,https://www.vonwobeser.com/index.php/publicacion?p_id=1156,,1,legacy_id,1156,,67630adc-719c-4f86-b3a6-816f90948dfc,nota-sobre-las-disposiciones-regulatorias-del-programa-de-inmunidad-y-reduccion-,news,,project_date_missing
es:1155,es,news,1155,Posibles implicaciones en materia laboral relacionadas con el COVID-19,https://www.vonwobeser.com/index.php/publicacion?p_id=1155,https://www.vonwobeser.com/index.php/publicaciones/noticias?start=360,"Marzo, 2020",2020-03,month,200,correcto,https://www.vonwobeser.com/index.php/publicacion?p_id=1155,,1,legacy_id,1155,,3eb01746-cd8b-4f5d-bfce-94d6e50adb44,posibles-implicaciones-en-materia-laboral-relacionadas-con-el-covid-19,news,,project_date_missing
es:1153,es,news,1153,"Von Wobeser y Sierra, S.C. anuncia dos nuevos Socios y una nueva Consejera",https://www.vonwobeser.com/index.php/publicacion?p_id=1153,https://www.vonwobeser.com/index.php/publicaciones/noticias?start=360,"Febrero, 2020",2020-02,month,200,correcto,https://www.vonwobeser.com/index.php/publicacion?p_id=1153,,1,legacy_id,1153,,76259ab4-759d-483d-a5fd-a1fe7db8240e,von-wobeser-y-sierra-s-c-anuncia-dos-nuevos-socios-y-una-nueva-consejera,news,,project_date_missing
es:1149,es,news,1149,"Von Wobeser y Sierra, S.C. es galardonada con el premio “Leading Lights 2019”",https://www.vonwobeser.com/index.php/publicacion?p_id=1149,https://www.vonwobeser.com/index.php/publicaciones/noticias?start=360,"Febrero, 2020",2020-02,month,200,correcto,https://www.vonwobeser.com/index.php/publicacion?p_id=1149,,1,legacy_id,1149,,4481196f-b86b-4935-b5c4-5c8de2a827df,von-wobeser-y-sierra-s-c-es-galardonada-con-el-premio-leading-lights-2019,news,,project_date_missing
es:1147,es,news,1147,Modificación propuesta a los términos para solicitar la modificación de permisos de generación de energía eléctrica,https://www.vonwobeser.com/index.php/publicacion?p_id=1147,https://www.vonwobeser.com/index.php/publicaciones/noticias?start=360,"Febrero, 2020",2020-02,month,200,correcto,https://www.vonwobeser.com/index.php/publicacion?p_id=1147,,1,legacy_id,1147,,400b28b8-31d9-4e3d-b562-3500928f9294,modificacion-propuesta-a-los-terminos-para-solicitar-la-modificacion-de-permisos,news,,project_date_missing
es:1143,es,news,1143,La Secretaría de Energía actualiza la Estrategia de Transición para promover el uso de tecnologías y combustibles más limpios,https://www.vonwobeser.com/index.php/publicacion?p_id=1143,https://www.vonwobeser.com/index.php/publicaciones/noticias?start=360,"Febrero, 2020",2020-02,month,200,correcto,https://www.vonwobeser.com/index.php/publicacion?p_id=1143,,1,legacy_id,1143,,2d432cde-0720-43cf-a095-ef8185b63d20,la-secretaria-de-energia-actualiza-la-estrategia-de-transicion-para-promover-el-,news,,project_date_missing
es:1140,es,news,1140,Senado de los Estados Unidos de América ratifica TMEC,https://www.vonwobeser.com/index.php/publicacion?p_id=1140,https://www.vonwobeser.com/index.php/publicaciones/noticias?start=360,"Febrero, 2020",2020-02,month,200,correcto,https://www.vonwobeser.com/index.php/publicacion?p_id=1140,,1,legacy_id,1140,,38e45177-c1d4-489c-8a53-76832cdfdf60,senado-de-los-estados-unidos-de-america-ratifica-tmec,news,,project_date_missing
es:1139,es,news,1139,Valores de la Unidad de Medida y Actualización (UMA) vigentes a partir del 1o de febrero de 2020,https://www.vonwobeser.com/index.php/publicacion?p_id=1139,https://www.vonwobeser.com/index.php/publicaciones/noticias?start=360,"Enero, 2020",2020-01,month,200,correcto,https://www.vonwobeser.com/index.php/publicacion?p_id=1139,,1,legacy_id,1139,,6f7f723e-e1ef-4cc5-862c-802a4f7d188f,valores-de-la-unidad-de-medida-y-actualizacion-uma-vigentes-a-partir-del-1o-de-f,news,,project_date_missing
es:1137,es,news,1137,Centro Federal de Conciliación y Registro Laboral,https://www.vonwobeser.com/index.php/publicacion?p_id=1137,https://www.vonwobeser.com/index.php/publicaciones/noticias?start=360,"Enero, 2020",2020-01,month,200,correcto,https://www.vonwobeser.com/index.php/publicacion?p_id=1137,,1,legacy_id,1137,,aa6e9131-80cd-4cf6-b32e-98412c764a30,centro-federal-de-conciliacion-y-registro-laboral,news,,project_date_missing
es:1134,es,news,1134,Modificaciones a disposiciones fiscales para 2020,https://www.vonwobeser.com/index.php/publicacion?p_id=1134,https://www.vonwobeser.com/index.php/publicaciones/noticias?start=360,"Enero, 2020",2020-01,month,200,correcto,https://www.vonwobeser.com/index.php/publicacion?p_id=1134,,1,legacy_id,1134,,51b4e23b-a82c-439f-a07f-178d963f95e4,modificaciones-a-disposiciones-fiscales-para-2020-2,news,,project_date_missing
es:1133,es,news,1133,Diego Sierra - GRR - Restructuring of the Americas 2020 - México,https://www.vonwobeser.com/index.php/publicacion?p_id=1133,https://www.vonwobeser.com/index.php/publicaciones/noticias?start=360,"Enero, 2020",2020-01,month,200,correcto,https://www.vonwobeser.com/index.php/publicacion?p_id=1133,,1,legacy_id,1133,,ac5c7c52-6fa1-43a5-b7f3-6b35a59e6a30,diego-sierra-grr-restructuring-of-the-americas-2020-mexico-2,news,,project_date_missing
es:1131,es,news,1131,Adrián Magallanes & Diego Sierra - Latin Lawyer Reference Litigation 2020 - México,https://www.vonwobeser.com/index.php/publicacion?p_id=1131,https://www.vonwobeser.com/index.php/publicaciones/noticias?start=370,"Diciembre, 2019",2019-12,month,200,correcto,https://www.vonwobeser.com/index.php/publicacion?p_id=1131,,1,legacy_id,1131,,fd4183b6-5918-4b7f-a5cb-6271246312b3,adrian-magallanes-diego-sierra-latin-lawyer-reference-litigation-2020-mexico-2,news,,project_date_missing
es:1129,es,news,1129,Nuevo salario mínimo a partir del 1° de enero de 2020,https://www.vonwobeser.com/index.php/publicacion?p_id=1129,https://www.vonwobeser.com/index.php/publicaciones/noticias?start=370,"Diciembre, 2019",2019-12,month,200,correcto,https://www.vonwobeser.com/index.php/publicacion?p_id=1129,,1,legacy_id,1129,,a76eed01-2254-4b6a-b9e0-ac8cbf62e22b,nuevo-salario-minimo-a-partir-del-1-de-enero-de-2020,news,,project_date_missing
es:1127,es,news,1127,Mecanismo laboral de solución de controversias incluido en el T-MEC/USMCA,https://www.vonwobeser.com/index.php/publicacion?p_id=1127,https://www.vonwobeser.com/index.php/publicaciones/noticias?start=370,"Diciembre, 2019",2019-12,month,200,correcto,https://www.vonwobeser.com/index.php/publicacion?p_id=1127,,1,legacy_id,1127,,0c1868f1-2170-4f5b-a9ab-d1ef9144c705,mecanismo-laboral-de-solucion-de-controversias-incluido-en-el-t-mec-usmca,news,,project_date_missing
es:1125,es,news,1125,Modificaciones al T-MEC,https://www.vonwobeser.com/index.php/publicacion?p_id=1125,https://www.vonwobeser.com/index.php/publicaciones/noticias?start=370,"Diciembre, 2019",2019-12,month,200,correcto,https://www.vonwobeser.com/index.php/publicacion?p_id=1125,,1,legacy_id,1125,,fcb36660-3e8d-4437-b121-e40f752dba4b,modificaciones-al-t-mec,news,,project_date_missing
es:1123,es,news,1123,Modificaciones a disposiciones fiscales para 2020,https://www.vonwobeser.com/index.php/publicacion?p_id=1123,https://www.vonwobeser.com/index.php/publicaciones/noticias?start=370,"Diciembre, 2019",2019-12,month,200,correcto,https://www.vonwobeser.com/index.php/publicacion?p_id=1123,,1,legacy_id,1123,,c00799a2-c597-4362-9e51-50a42c01d97a,modificaciones-a-disposiciones-fiscales-para-2020,news,,project_date_missing
es:1121,es,news,1121,Modificaciones a las Reglas de Comercio Exterior emitidas por la Secretaría de Economía,https://www.vonwobeser.com/index.php/publicacion?p_id=1121,https://www.vonwobeser.com/index.php/publicaciones/noticias?start=370,"Diciembre, 2019",2019-12,month,200,correcto,https://www.vonwobeser.com/index.php/publicacion?p_id=1121,,1,legacy_id,1121,,c224f611-d6b1-4832-96e9-a481294cd5e6,modificaciones-a-las-reglas-de-comercio-exterior-emitidas-por-la-secretaria-de-e,news,,project_date_missing
es:1119,es,news,1119,Aprobación por el Congreso de la Unión del Paquete Económico 2020,https://www.vonwobeser.com/index.php/publicacion?p_id=1119,https://www.vonwobeser.com/index.php/publicaciones/noticias?start=370,"Noviembre, 2019",2019-11,month,200,correcto,https://www.vonwobeser.com/index.php/publicacion?p_id=1119,,1,legacy_id,1119,,6f1e29f9-be2a-4127-a23e-eb3a550caf93,aprobacion-por-el-congreso-de-la-union-del-paquete-economico-2020,news,,project_date_missing
es:1117,es,news,1117,La Secretaría de Energía modifica los lineamientos y criterios para el otorgamiento de certificados de energías limpias,https://www.vonwobeser.com/index.php/publicacion?p_id=1117,https://www.vonwobeser.com/index.php/publicaciones/noticias?start=370,"Octubre, 2019",2019-10,month,200,correcto,https://www.vonwobeser.com/index.php/publicacion?p_id=1117,,1,legacy_id,1117,,ff4f5935-2df7-4081-95ca-3df10c892f6a,la-secretaria-de-energia-modifica-los-lineamientos-y-criterios-para-el-otorgamie,news,,project_date_missing
es:1114,es,news,1114,"NOM-035-STPS-2018, factores de riesgo psicosocial en el trabajo; identificación, análisis y prevención",https://www.vonwobeser.com/index.php/publicacion?p_id=1114,https://www.vonwobeser.com/index.php/publicaciones/noticias?start=370,"Octubre, 2019",2019-10,month,200,correcto,https://www.vonwobeser.com/index.php/publicacion?p_id=1114,,1,legacy_id,1114,,cf18e8b7-9d23-4d2a-82f0-4767698d8eca,nom-035-stps-2018-factores-de-riesgo-psicosocial-en-el-trabajo-identificacion-an,news,,project_date_missing
es:1112,es,news,1112,Nuevo etiquetado frontal de alimentos,https://www.vonwobeser.com/index.php/publicacion?p_id=1112,https://www.vonwobeser.com/index.php/publicaciones/noticias?start=380,"Octubre, 2019",2019-10,month,200,correcto,https://www.vonwobeser.com/index.php/publicacion?p_id=1112,,1,legacy_id,1112,,1dad8960-a1a2-4d41-9dce-726608cbb3a8,nuevo-etiquetado-frontal-de-alimentos,news,,project_date_missing
es:1111,es,news,1111,Cobro Digital (CoDi),https://www.vonwobeser.com/index.php/publicacion?p_id=1111,https://www.vonwobeser.com/index.php/publicaciones/noticias?start=380,"Septiembre, 2019",2019-09,month,200,correcto,https://www.vonwobeser.com/index.php/publicacion?p_id=1111,,1,legacy_id,1111,,4d16eac8-2dc5-4a87-b1df-fdee01885f88,cobro-digital-codi,news,,project_date_missing
es:1109,es,news,1109,"PEP emite, para consulta pública, el Contrato de Servicios Integrales de Exploración y Extracción",https://www.vonwobeser.com/index.php/publicacion?p_id=1109,https://www.vonwobeser.com/index.php/publicaciones/noticias?start=380,"Agosto, 2019",2019-08,month,200,correcto,https://www.vonwobeser.com/index.php/publicacion?p_id=1109,,1,legacy_id,1109,,591e14b1-4b79-40d4-977a-95cd528e6fe1,pep-emite-para-consulta-publica-el-contrato-de-servicios-integrales-de-exploraci,news,,project_date_missing
es:1107,es,news,1107,Primera Resolución de Modificaciones a la Resolución Miscelánea Fiscal para 2019 y sus Anexos 1 y 1-A,https://www.vonwobeser.com/index.php/publicacion?p_id=1107,https://www.vonwobeser.com/index.php/publicaciones/noticias?start=380,"Agosto, 2019",2019-08,month,200,correcto,https://www.vonwobeser.com/index.php/publicacion?p_id=1107,,1,legacy_id,1107,,0a41e881-b7d8-4fb9-8e1d-3db54d1ee8cc,primera-resolucion-de-modificaciones-a-la-resolucion-miscelanea-fiscal-para-2019,news,,project_date_missing
es:1105,es,news,1105,Ley Nacional de Extinción de Dominio,https://www.vonwobeser.com/index.php/publicacion?p_id=1105,https://www.vonwobeser.com/index.php/publicaciones/noticias?start=380,"Agosto, 2019",2019-08,month,200,correcto,https://www.vonwobeser.com/index.php/publicacion?p_id=1105,,1,legacy_id,1105,,6b88e4f5-9624-4d27-a979-4e9bf0640be5,ley-nacional-de-extincion-de-dominio,news,,project_date_missing
es:1103,es,news,1103,Protocolo para la Legitimación de Contratos Colectivos de Trabajo,https://www.vonwobeser.com/index.php/publicacion?p_id=1103,https://www.vonwobeser.com/index.php/publicaciones/noticias?start=380,"Agosto, 2019",2019-08,month,200,correcto,https://www.vonwobeser.com/index.php/publicacion?p_id=1103,,1,legacy_id,1103,,71d3c474-99db-4bf1-a4a4-3d25346cf5de,protocolo-para-la-legitimacion-de-contratos-colectivos-de-trabajo,news,,project_date_missing
es:1100,es,news,1100,"Disposiciones de Carácter General en Transparencia y Sanas Prácticas, emitidas por la CONDUSEF, aplicables a las ITF",https://www.vonwobeser.com/index.php/publicacion?p_id=1100,https://www.vonwobeser.com/index.php/publicaciones/noticias?start=380,"Julio, 2019",2019-07,month,200,correcto,https://www.vonwobeser.com/index.php/publicacion?p_id=1100,,0,,,1101,,,,,project_missing
es:1098,es,news,1098,"Reforma a la Ley Federal del Trabajo y del Seguro Social, en materia de trabajadores del hogar",https://www.vonwobeser.com/index.php/publicacion?p_id=1098,https://www.vonwobeser.com/index.php/publicaciones/noticias?start=380,"Julio, 2019",2019-07,month,200,correcto,https://www.vonwobeser.com/index.php/publicacion?p_id=1098,,0,,,1099,,,,,project_missing
es:1096,es,news,1096,Reforma en relación al otorgamiento de licencias para padres cuyos hijos hayan sido diagnosticados con cáncer,https://www.vonwobeser.com/index.php/publicacion?p_id=1096,https://www.vonwobeser.com/index.php/publicaciones/noticias?start=380,"Junio, 2019",2019-06,month,200,correcto,https://www.vonwobeser.com/index.php/publicacion?p_id=1096,,0,,,1097,,,,,project_missing
es:1090,es,news,1090,Aprobación de la Reforma Laboral en México,https://www.vonwobeser.com/index.php/publicacion?p_id=1090,https://www.vonwobeser.com/index.php/publicaciones/noticias?start=390,"Mayo, 2019",2019-05,month,200,correcto,https://www.vonwobeser.com/index.php/publicacion?p_id=1090,,1,legacy_id,1090,,a0b3e371-a3ce-4d28-b781-f907c229e8bc,aprobacion-de-la-reforma-laboral-en-mexico,news,,project_date_missing
es:1088,es,news,1088,Disposiciones de Carácter General que regulan los Programas de Auto Regularización,https://www.vonwobeser.com/index.php/publicacion?p_id=1088,https://www.vonwobeser.com/index.php/publicaciones/noticias?start=390,"Abril, 2019",2019-04,month,200,correcto,https://www.vonwobeser.com/index.php/publicacion?p_id=1088,,1,legacy_id,1088,,dc0e740d-0b3c-4a25-b46c-ed5ceea3369f,disposiciones-de-caracter-general-que-regulan-los-programas-de-auto-regularizaci,news,,project_date_missing
es:1086,es,news,1086,"Resolución mediante la cual se condona el pago de adeudos, multas fiscales, recargos y gastos de ejecución y se brindan facilidades administrativas",https://www.vonwobeser.com/index.php/publicacion?p_id=1086,https://www.vonwobeser.com/index.php/publicaciones/noticias?start=390,"Abril, 2019",2019-04,month,200,correcto,https://www.vonwobeser.com/index.php/publicacion?p_id=1086,,1,legacy_id,1086,,cd8046b9-8e1f-4403-ba8f-aa79c1f79842,resolucion-mediante-la-cual-se-condona-el-pago-de-adeudos-multas-fiscales-recarg,news,,project_date_missing
es:1085,es,news,1085,Latin Lawyer- COFECE investiga el mercado de harina de maíz en México,https://www.vonwobeser.com/index.php/publicacion?p_id=1085,https://www.vonwobeser.com/index.php/publicaciones/noticias?start=390,"Abril, 2019",2019-04,month,200,correcto,https://www.vonwobeser.com/index.php/publicacion?p_id=1085,,1,legacy_id,1085,,b4bfe7e5-a40a-4f5d-a469-38f0985c6d5c,latin-lawyer-cofece-investiga-el-mercado-de-harina-de-maiz-en-mexico,news,,project_date_missing
es:1082,es,news,1082,La Cámara de Diputados aprueba la iniciativa de reforma a la Ley Federal Trabajo,https://www.vonwobeser.com/index.php/publicacion?p_id=1082,https://www.vonwobeser.com/index.php/publicaciones/noticias?start=390,"Abril, 2019",2019-04,month,200,correcto,https://www.vonwobeser.com/index.php/publicacion?p_id=1082,,1,legacy_id,1082,,3647d458-33bc-47b6-8010-5da4edc8b622,la-camara-de-diputados-aprueba-la-iniciativa-de-reforma-a-la-ley-federal-trabajo,news,,project_date_missing
es:1080,es,news,1080,"Adquisición centralizada de medicamentos y material de curación, por las entidades federativas, para el ejercicio 2019",https://www.vonwobeser.com/index.php/publicacion?p_id=1080,https://www.vonwobeser.com/index.php/publicaciones/noticias?start=390,"Abril, 2019",2019-04,month,200,correcto,https://www.vonwobeser.com/index.php/publicacion?p_id=1080,,1,legacy_id,1080,,614fb731-dc75-4d06-a104-c62b09ad47e3,adquisicion-centralizada-de-medicamentos-y-material-de-curacion-por-las-entidade,news,,project_date_missing
es:1078,es,news,1078,Disposiciones de Carácter General aplicables a Modelos Novedosos emitidas por la SHCP y CNBV,https://www.vonwobeser.com/index.php/publicacion?p_id=1078,https://www.vonwobeser.com/index.php/publicaciones/noticias?start=390,"Abril, 2019",2019-04,month,200,correcto,https://www.vonwobeser.com/index.php/publicacion?p_id=1078,,1,legacy_id,1078,,5e7a8105-ab6a-4ac1-a93a-ef7e1dd7a484,disposiciones-de-caracter-general-aplicables-a-modelos-novedosos-emitidas-por-la,news,,project_date_missing
es:1077,es,news,1077,Inicia cumplimiento obligatorio del Código de Red para todos los usuarios en media y alta tensión conectados a la red,https://www.vonwobeser.com/index.php/publicacion?p_id=1077,https://www.vonwobeser.com/index.php/publicaciones/noticias?start=390,"Abril, 2019",2019-04,month,200,correcto,https://www.vonwobeser.com/index.php/publicacion?p_id=1077,,1,legacy_id,1077,,e8063aaa-6326-439c-8ddd-037ec6a904ad,inicia-cumplimiento-obligatorio-del-codigo-de-red-para-todos-los-usuarios-en-med,news,,project_date_missing
es:1075,es,news,1075,Latin Lawyer- Von Wobeser apoya a proveedor de servicios petroleros para obtener contratos de Pemex,https://www.vonwobeser.com/index.php/publicacion?p_id=1075,https://www.vonwobeser.com/index.php/publicaciones/noticias?start=390,"Abril, 2019",2019-04,month,200,correcto,https://www.vonwobeser.com/index.php/publicacion?p_id=1075,,1,legacy_id,1075,,9fae6700-6587-4a42-8f22-968ee4cc8ed5,latin-lawyer-von-wobeser-apoya-a-proveedor-de-servicios-petroleros-para-obtener-,news,,project_date_missing
es:1073,es,news,1073,Lex Latin- Borr Drilling es adjudicada con contrato de servicios por Pemex,https://www.vonwobeser.com/index.php/publicacion?p_id=1073,https://www.vonwobeser.com/index.php/publicaciones/noticias?start=390,"Abril, 2019",2019-04,month,200,correcto,https://www.vonwobeser.com/index.php/publicacion?p_id=1073,,1,legacy_id,1073,,8c1607ea-a859-402c-9029-12954aaa42d6,lex-latin-borr-drilling-es-adjudicada-con-contrato-de-servicios-por-pemex,news,,project_date_missing
es:1070,es,news,1070,Lex Latin- Grupo Modelo invierte USD 726 millones en planta de producción en México,https://www.vonwobeser.com/index.php/publicacion?p_id=1070,https://www.vonwobeser.com/index.php/publicaciones/noticias?start=400,"Abril, 2019",2019-04,month,200,correcto,https://www.vonwobeser.com/index.php/publicacion?p_id=1070,,1,legacy_id,1070,,1eb04e77-d21a-4ec2-b202-f17f3bd13e19,lex-latin-grupo-modelo-invierte-usd-726-millones-en-planta-de-produccion-en-mexi,news,,project_date_missing
es:1068,es,news,1068,La Secretaría de Energía modifica los términos para la estricta separación legal de la Comisión Federal de Electricidad,https://www.vonwobeser.com/index.php/publicacion?p_id=1068,https://www.vonwobeser.com/index.php/publicaciones/noticias?start=400,"Abril, 2019",2019-04,month,200,correcto,https://www.vonwobeser.com/index.php/publicacion?p_id=1068,,1,legacy_id,1068,,b6e21a3c-025b-4528-b5aa-3f2b5c945308,la-secretaria-de-energia-modifica-los-terminos-para-la-estricta-separacion-legal,news,,project_date_missing
es:1067,es,news,1067,"El área de Competencia Económica, liderada por Fernando Carreño, es reconocida con el premio al “Asunto de abuso de dominancia del año en America” por Global Competition Review (GCR)",https://www.vonwobeser.com/index.php/publicacion?p_id=1067,https://www.vonwobeser.com/index.php/publicaciones/noticias?start=400,"Abril, 2019",2019-04,month,200,correcto,https://www.vonwobeser.com/index.php/publicacion?p_id=1067,,1,legacy_id,1067,,fa6e23ed-2346-40e6-9509-bbf19aae0f5b,el-area-de-competencia-economica-liderada-por-fernando-carreno-es-reconocida-con,news,,project_date_missing
es:1065,es,news,1065,Resolución que modifica las Disposiciones de Carácter General aplicables a las Instituciones de Tecnología Financiera,https://www.vonwobeser.com/index.php/publicacion?p_id=1065,https://www.vonwobeser.com/index.php/publicaciones/noticias?start=400,"Marzo, 2019",2019-03,month,200,correcto,https://www.vonwobeser.com/index.php/publicacion?p_id=1065,,1,legacy_id,1065,,0d1408ad-4aba-4855-917b-ec016ef8998f,resolucion-que-modifica-las-disposiciones-de-caracter-general-aplicables-a-las-i,news,,project_date_missing
es:1061,es,news,1061,Latin Lawyer- Fernando Carreño- Regulador de competencia económica multa a compañía de información crediticia por su negativa a negociar en México,https://www.vonwobeser.com/index.php/publicacion?p_id=1061,https://www.vonwobeser.com/index.php/publicaciones/noticias?start=400,"Marzo, 2019",2019-03,month,200,correcto,https://www.vonwobeser.com/index.php/publicacion?p_id=1061,,1,legacy_id,1061,,a1a828f6-6ec5-4a63-93f3-f9462c71eca4,latin-lawyer-fernando-carreno-regulador-de-competencia-economica-multa-a-compani,news,,project_date_missing
es:1056,es,news,1056,Rankings Globales de Chambers and Partners 2019- Von Wobeser y Sierra,https://www.vonwobeser.com/index.php/publicacion?p_id=1056,https://www.vonwobeser.com/index.php/publicaciones/noticias?start=400,"Febrero, 2019",2019-02,month,200,correcto,https://www.vonwobeser.com/index.php/publicacion?p_id=1056,,1,legacy_id,1056,,89c4e7a9-7037-411a-8929-ce2c43c579bc,rankings-globales-de-chambers-and-partners-2019-von-wobeser-y-sierra,news,,project_date_missing
es:1055,es,news,1055,Nuevo mecanismo para fijar los precios máximos de venta al público de medicamentos de patente,https://www.vonwobeser.com/index.php/publicacion?p_id=1055,https://www.vonwobeser.com/index.php/publicaciones/noticias?start=400,"Febrero, 2019",2019-02,month,200,correcto,https://www.vonwobeser.com/index.php/publicacion?p_id=1055,,1,legacy_id,1055,,9be82e48-b9d0-4c40-a6b6-0632e3cdecea,nuevo-mecanismo-para-fijar-los-precios-maximos-de-venta-al-publico-de-medicament,news,,project_date_missing
es:1053,es,news,1053,Latin Lawyer- Von Wobeser & Sierra reconocido como Leading Light 2018 en relación a pro bono,https://www.vonwobeser.com/index.php/publicacion?p_id=1053,https://www.vonwobeser.com/index.php/publicaciones/noticias?start=400,"Febrero, 2019",2019-02,month,200,correcto,https://www.vonwobeser.com/index.php/publicacion?p_id=1053,,1,legacy_id,1053,,02d5ae58-6b61-4215-bc5c-bc233699e21a,latin-lawyer-von-wobeser-sierra-reconocido-como-leading-light-2018-en-relacion-a,news,,project_date_missing
es:1050,es,news,1050,Criterios y Procedimiento PLD aplicables a Transmisores de Dinero,https://www.vonwobeser.com/index.php/publicacion?p_id=1050,https://www.vonwobeser.com/index.php/publicaciones/noticias?start=410,"Febrero, 2019",2019-02,month,200,correcto,https://www.vonwobeser.com/index.php/publicacion?p_id=1050,,1,legacy_id,1050,,05fb56b6-db06-482b-a013-f2300b156e34,criterios-y-procedimiento-pld-aplicables-a-transmisores-de-dinero,news,,project_date_missing
es:1048,es,news,1048,Iniciativa de Reforma a la Ley Federal Trabajo,https://www.vonwobeser.com/index.php/publicacion?p_id=1048,https://www.vonwobeser.com/index.php/publicaciones/noticias?start=410,"Enero, 2019",2019-01,month,200,correcto,https://www.vonwobeser.com/index.php/publicacion?p_id=1048,,1,legacy_id,1048,,ec62978c-b080-4c53-b52b-5a21d65d68c2,iniciativa-de-reforma-a-la-ley-federal-trabajo,news,,project_date_missing
es:1045,es,news,1045,Global Competition Review (GCR 100) reconoce una vez más a Von Wobeser y Sierra como Firma Elite,https://www.vonwobeser.com/index.php/publicacion?p_id=1045,https://www.vonwobeser.com/index.php/publicaciones/noticias?start=410,"Enero, 2019",2019-01,month,200,correcto,https://www.vonwobeser.com/index.php/publicacion?p_id=1045,,1,legacy_id,1045,,9a680aa4-d9a0-4f76-9378-eb74569d48a7,global-competition-review-gcr-100-reconoce-una-vez-mas-a-von-wobeser-y-sierra-co,news,,project_date_missing
es:1041,es,news,1041,Valores de la Unidad de Medida y Actualización (UMA) vigentes a partir del 1º de febrero de 2019,https://www.vonwobeser.com/index.php/publicacion?p_id=1041,https://www.vonwobeser.com/index.php/publicaciones/noticias?start=410,"Enero, 2019",2019-01,month,200,correcto,https://www.vonwobeser.com/index.php/publicacion?p_id=1041,,1,legacy_id,1041,,c30baee1-5f5e-4677-a539-040bca6ddcc3,valores-de-la-unidad-de-medida-y-actualizacion-uma-vigentes-a-partir-del-1-de-fe,news,,project_date_missing
es:1038,es,news,1038,Latin Lawyer- Claus von Wobeser- Consorcio del Canal de Panamá obligado a pagar,https://www.vonwobeser.com/index.php/publicacion?p_id=1038,https://www.vonwobeser.com/index.php/publicaciones/noticias?start=410,"Enero, 2019",2019-01,month,200,correcto,https://www.vonwobeser.com/index.php/publicacion?p_id=1038,,1,legacy_id,1038,,a9c6777c-dca0-4785-a82d-017550f67c98,latin-lawyer-claus-von-wobeser-consorcio-del-canal-de-panama-obligado-a-pagar,news,,project_date_missing
es:1036,es,news,1036,Global Arbitration Review- Claus von Wobeser- Consorcio del Canal de Panamá obligado a pagar,https://www.vonwobeser.com/index.php/publicacion?p_id=1036,https://www.vonwobeser.com/index.php/publicaciones/noticias?start=410,"Diciembre, 2018",2018-12,month,200,correcto,https://www.vonwobeser.com/index.php/publicacion?p_id=1036,,1,legacy_id,1036,,4daba686-ed6b-40cb-be48-97c76fcf3b12,global-arbitration-review-claus-von-wobeser-consorcio-del-canal-de-panama-obliga,news,,project_date_missing
es:1032,es,news,1032,Nuevo salario mínimo general a partir del 1 de enero de 2019,https://www.vonwobeser.com/index.php/publicacion?p_id=1032,https://www.vonwobeser.com/index.php/publicaciones/noticias?start=410,"Diciembre, 2018",2018-12,month,200,correcto,https://www.vonwobeser.com/index.php/publicacion?p_id=1032,,1,legacy_id,1032,,2f4c05ee-7fde-4007-9fb0-63a696050b04,nuevo-salario-minimo-general-a-partir-del-1-de-enero-de-2019,Laboral,,project_date_missing
es:1029,es,news,1029,Suprema Corte de Justicia de la Nación declara inconstitucional la exclusión de los empleados domésticos del régimen obligatorio del Instituto Mexicano del Seguro Social,https://www.vonwobeser.com/index.php/publicacion?p_id=1029,https://www.vonwobeser.com/index.php/publicaciones/noticias?start=410,"Diciembre, 2018",2018-12,month,200,correcto,https://www.vonwobeser.com/index.php/publicacion?p_id=1029,,1,legacy_id,1029,,95283f43-6ffc-42a0-9894-64bcd514b9ce,suprema-corte-de-justicia-de-la-nacion-declara-inconstitucional-la-exclusion-de-,news,,project_date_missing
es:1028,es,news,1028,Nuevo salario mínimo a partir del 1 de enero de 2019 y creación de Salario Mínimo General Fronterizo,https://www.vonwobeser.com/index.php/publicacion?p_id=1028,https://www.vonwobeser.com/index.php/publicaciones/noticias?start=410,"Diciembre, 2018",2018-12,month,200,correcto,https://www.vonwobeser.com/index.php/publicacion?p_id=1028,,1,legacy_id,1028,,4663f6ca-5f9b-41d7-a3d5-671db41db907,nuevo-salario-minimo-a-partir-del-1-de-enero-de-2019-y-creacion-de-salario-minim,news,,project_date_missing
es:1017,es,news,1017,Latin Lawyer- Fernando Carreño- La entidad mexicana reguladora de competencia económica investiga el mercado de sistemas de cobro con tarjeta,https://www.vonwobeser.com/index.php/publicacion?p_id=1017,https://www.vonwobeser.com/index.php/publicaciones/noticias?start=410,"Noviembre, 2018",2018-11,month,200,correcto,https://www.vonwobeser.com/index.php/publicacion?p_id=1017,,1,legacy_id,1017,,c046d4e8-ee67-4688-b862-ff77e810cec4,latin-lawyer-fernando-carreno-la-entidad-mexicana-reguladora-de-competencia-econ,news,,project_date_missing
es:1015,es,news,1015,Evento: Implicaciones Jurídicas de la Terminación del Proyecto del Nuevo Aeropuerto de la CDMX,https://www.vonwobeser.com/index.php/publicacion?p_id=1015,https://www.vonwobeser.com/index.php/publicaciones/noticias?start=420,"Octubre, 2018",2018-10,month,200,correcto,https://www.vonwobeser.com/index.php/publicacion?p_id=1015,,1,legacy_id,1015,,d23ee913-89f8-4295-9b01-63827ea6535d,evento-implicaciones-juridicas-de-la-terminacion-del-proyecto-del-nuevo-aeropuer,news,,project_date_missing
es:1009,es,news,1009,Global Arbitration Review- Adrián Magallanes- IBA revela nueva junta de oficiales,https://www.vonwobeser.com/index.php/publicacion?p_id=1009,https://www.vonwobeser.com/index.php/publicaciones/noticias?start=420,"Octubre, 2018",2018-10,month,200,correcto,https://www.vonwobeser.com/index.php/publicacion?p_id=1009,,1,legacy_id,1009,,a1d98bea-0116-4ba6-936a-540739ceefde,global-arbitration-review-adrian-magallanes-iba-revela-nueva-junta-de-oficiales,news,,project_date_missing
es:1007,es,news,1007,Latin Lawyer- Fernando Carreño- Manufacturera de acero multada por incumplimiento de compromisos de competencia económica,https://www.vonwobeser.com/index.php/publicacion?p_id=1007,https://www.vonwobeser.com/index.php/publicaciones/noticias?start=420,"Octubre, 2018",2018-10,month,200,correcto,https://www.vonwobeser.com/index.php/publicacion?p_id=1007,,1,legacy_id,1007,,4b010e6c-6192-4a75-a22f-3c6a1bae0e47,latin-lawyer-fernando-carreno-manufacturera-de-acero-multada-por-incumplimiento-,news,,project_date_missing
es:1005,es,news,1005,"Acuerdo entre Estado Unidos de América, México y Canadá y los aranceles al acero",https://www.vonwobeser.com/index.php/publicacion?p_id=1005,https://www.vonwobeser.com/index.php/publicaciones/noticias?start=420,"Octubre, 2018",2018-10,month,200,correcto,https://www.vonwobeser.com/index.php/publicacion?p_id=1005,,1,legacy_id,1005,,6a8d05d3-1a15-4cd4-a132-4400293f2ced,acuerdo-entre-estado-unidos-de-america-mexico-y-canada-y-los-aranceles-al-acero,news,,project_date_missing
es:1003,es,news,1003,Ley Orgánica de la Fiscalía General de la República,https://www.vonwobeser.com/index.php/publicacion?p_id=1003,https://www.vonwobeser.com/index.php/publicaciones/noticias?start=420,"Octubre, 2018",2018-10,month,200,correcto,https://www.vonwobeser.com/index.php/publicacion?p_id=1003,,1,legacy_id,1003,,516faca4-512c-4ac8-ad4b-6e7df018beef,ley-organica-de-la-fiscalia-general-de-la-republica,news,,project_date_missing
es:1001,es,news,1001,"Lex Latin- Andrés Nieto, Rodolfo Trampe, Santiago Barraza & Alix Trimmer- Fondo Creation Investments invierte MXN 250 millones en financiera Pluscorp",https://www.vonwobeser.com/index.php/publicacion?p_id=1001,https://www.vonwobeser.com/index.php/publicaciones/noticias?start=420,"Septiembre, 2018",2018-09,month,200,correcto,https://www.vonwobeser.com/index.php/publicacion?p_id=1001,,1,legacy_id,1001,,fb7bd92d-a1fc-49db-9aa5-6affb8ec4edf,lex-latin-andres-nieto-rodolfo-trampe-santiago-barraza-alix-trimmer-fondo-creati,news,,project_date_missing
es:998,es,news,998,Ratificación Convenio 98 de la OIT y propuestas del Gobierno electo para cambiar el modelo laboral,https://www.vonwobeser.com/index.php/publicacion?p_id=998,https://www.vonwobeser.com/index.php/publicaciones/noticias?start=420,"Septiembre, 2018",2018-09,month,200,correcto,https://www.vonwobeser.com/index.php/publicacion?p_id=998,,1,legacy_id,998,,d3d87723-e0fd-4149-a378-9b748437ef3c,ratificacion-convenio-98-de-la-oit-y-propuestas-del-gobierno-electo-para-cambiar,news,,project_date_missing
es:996,es,news,996,Reformas y adiciones al Estatuto Orgánico de la Comisión Nacional para la Protección y Defensa de los Usuarios de Servicios Financieros,https://www.vonwobeser.com/index.php/publicacion?p_id=996,https://www.vonwobeser.com/index.php/publicaciones/noticias?start=420,"Septiembre, 2018",2018-09,month,200,correcto,https://www.vonwobeser.com/index.php/publicacion?p_id=996,,1,legacy_id,996,,69b23018-7e77-424c-aa21-4a86853e0b85,reformas-y-adiciones-al-estatuto-organico-de-la-comision-nacional-para-la-protec,news,,project_date_missing
es:995,es,news,995,"Legislación secundaria a la Ley para Regular Instituciones de Tecnología Financiera de carácter general, en materia de lavado de dinero y aplicable a las Instituciones de Fondos de Pago Electrónico",https://www.vonwobeser.com/index.php/publicacion?p_id=995,https://www.vonwobeser.com/index.php/publicaciones/noticias?start=420,"Septiembre, 2018",2018-09,month,200,correcto,https://www.vonwobeser.com/index.php/publicacion?p_id=995,,1,legacy_id,995,,9cbe63b4-01d7-4796-afda-2afbcb97dbcf,legislacion-secundaria-a-la-ley-para-regular-instituciones-de-tecnologia-financi,news,,project_date_missing
es:993,es,news,993,Resoluciones en materia de crédito y requerimientos de información por autoridades a Instituciones de Tecnología Financiera (ITF),https://www.vonwobeser.com/index.php/publicacion?p_id=993,https://www.vonwobeser.com/index.php/publicaciones/noticias?start=430,"Septiembre, 2018",2018-09,month,200,correcto,https://www.vonwobeser.com/index.php/publicacion?p_id=993,,1,legacy_id,993,,583c5e15-dd5a-499f-a709-df0f5dc402f9,resoluciones-en-materia-de-credito-y-requerimientos-de-informacion-por-autoridad,news,,project_date_missing
es:991,es,news,991,Global Arbitration Review- Claus von Wobeser- Laudo en contra de la compañía eléctrica del Estado de Tanzania mantenido,https://www.vonwobeser.com/index.php/publicacion?p_id=991,https://www.vonwobeser.com/index.php/publicaciones/noticias?start=430,"Septiembre, 2018",2018-09,month,200,correcto,https://www.vonwobeser.com/index.php/publicacion?p_id=991,,1,legacy_id,991,,b32601a3-4193-4547-a479-90f556cc8485,global-arbitration-review-claus-von-wobeser-laudo-en-contra-de-la-compania-elect,news,,project_date_missing
es:983,es,news,983,Latin Lawyer- Fernando Carreño- Pemex multado con $22 millones de dólares por entrega tardía de reporte de auditoría,https://www.vonwobeser.com/index.php/publicacion?p_id=983,https://www.vonwobeser.com/index.php/publicaciones/noticias?start=430,"Agosto, 2018",2018-08,month,200,correcto,https://www.vonwobeser.com/index.php/publicacion?p_id=983,,1,legacy_id,983,,cc54ba1d-fcf1-4625-8774-f33b6ca4dd49,latin-lawyer-fernando-carreno-pemex-multado-con-22-millones-de-dolares-por-entre,news,,project_date_missing
es:977,es,news,977,Reglas secundarias a la Ley para Regular las Instituciones de Tecnología Financiera en materia de lavado de dinero y de carácter general,https://www.vonwobeser.com/index.php/publicacion?p_id=977,https://www.vonwobeser.com/index.php/publicaciones/noticias?start=430,"Agosto, 2018",2018-08,month,200,correcto,https://www.vonwobeser.com/index.php/publicacion?p_id=977,,0,,,976,,,,,project_missing
es:970,es,news,970,Lex Latin- Luis Burgueño y Marisol Márquez- Monex adquiere mayoría de Arrendadora Avance en México,https://www.vonwobeser.com/index.php/publicacion?p_id=970,https://www.vonwobeser.com/index.php/publicaciones/noticias?start=430,"Julio, 2018",2018-07,month,200,correcto,https://www.vonwobeser.com/index.php/publicacion?p_id=970,,0,,,973,,,,,project_missing
es:969,es,news,969,Latin Lawyer- Fernando Carreño- Comisionados de la COFECE consideran lineamientos redundantes,https://www.vonwobeser.com/index.php/publicacion?p_id=969,https://www.vonwobeser.com/index.php/publicaciones/noticias?start=430,"Julio, 2018",2018-07,month,200,correcto,https://www.vonwobeser.com/index.php/publicacion?p_id=969,,0,,,968,,,,,project_missing
es:967,es,news,967,LACCA- Claus von Wobeser- Abogados llaman a AMLO a elaborar una estrategia para combatir la corrupción,https://www.vonwobeser.com/index.php/publicacion?p_id=967,https://www.vonwobeser.com/index.php/publicaciones/noticias?start=430,"Julio, 2018",2018-07,month,200,correcto,https://www.vonwobeser.com/index.php/publicacion?p_id=967,,0,,,966,,,,,project_missing
es:965,es,news,965,Las primeras disposiciones de carácter general de la Ley Fintech serán publicadas en septiembre,https://www.vonwobeser.com/index.php/publicacion?p_id=965,https://www.vonwobeser.com/index.php/publicaciones/noticias?start=430,"Julio, 2018",2018-07,month,200,correcto,https://www.vonwobeser.com/index.php/publicacion?p_id=965,,0,,,964,,,,,project_missing
es:963,es,news,963,“Erradicar la corrupción y la impunidad será la misión principal del nuevo gobierno”: Andrés Manuel López Obrador,https://www.vonwobeser.com/index.php/publicacion?p_id=963,https://www.vonwobeser.com/index.php/publicaciones/noticias?start=440,"Julio, 2018",2018-07,month,200,correcto,https://www.vonwobeser.com/index.php/publicacion?p_id=963,,1,legacy_id,963,,b5f14a79-bff5-422f-a8b9-a319f62a6e54,erradicar-la-corrupcion-y-la-impunidad-sera-la-mision-principal-del-nuevo-gobier,news,,project_date_missing
es:961,es,news,961,Latin Lawyer- Luis Burgueño- El triunfo electoral de López Obrador no agobia a los abogados mexicanos,https://www.vonwobeser.com/index.php/publicacion?p_id=961,https://www.vonwobeser.com/index.php/publicaciones/noticias?start=440,"Julio, 2018",2018-07,month,200,correcto,https://www.vonwobeser.com/index.php/publicacion?p_id=961,,0,,,960,,,,,project_missing
es:959,es,news,959,Forbes- Diego Sierra- Especial de Abogados: Cómo atacar la corrupción,https://www.vonwobeser.com/index.php/publicacion?p_id=959,https://www.vonwobeser.com/index.php/publicaciones/noticias?start=440,"Julio, 2018",2018-07,month,200,correcto,https://www.vonwobeser.com/index.php/publicacion?p_id=959,,0,,,958,,,,,project_missing
es:957,es,news,957,Modificaciones a la Ley Aduanera y creación de la figura de la “Agencia Aduanal”,https://www.vonwobeser.com/index.php/publicacion?p_id=957,https://www.vonwobeser.com/index.php/publicaciones/noticias?start=440,"Junio, 2018",2018-06,month,200,correcto,https://www.vonwobeser.com/index.php/publicacion?p_id=957,,0,,,956,,,,,project_missing
es:951,es,news,951,Reforma exige publicación de los socios y accionistas de las sociedades de responsabilidad limitada y sociedades anónimas en México,https://www.vonwobeser.com/index.php/publicacion?p_id=951,https://www.vonwobeser.com/index.php/publicaciones/noticias?start=440,"Junio, 2018",2018-06,month,200,correcto,https://www.vonwobeser.com/index.php/publicacion?p_id=951,,0,,,952,,,,,project_missing
es:950,es,news,950,Latin Lawyer- Fernando Carreño- Comentan especialistas que México podría desechar los lineamientos de alianzas estratégicas en relación a competencia económica,https://www.vonwobeser.com/index.php/publicacion?p_id=950,https://www.vonwobeser.com/index.php/publicaciones/noticias?start=440,"Junio, 2018",2018-06,month,200,correcto,https://www.vonwobeser.com/index.php/publicacion?p_id=950,,1,legacy_id,950,,65ffd8c1-a9a6-40a3-b5f0-c3049b2f23eb,latin-lawyer-fernando-carreno-comentan-especialistas-que-mexico-podria-desechar-,news,,project_date_missing
es:945,es,news,945,Lex Latin- Edmond Grieger y Ariel Garfio- Von Wobeser asesora a Faurecia en contrato de energías limpias,https://www.vonwobeser.com/index.php/publicacion?p_id=945,https://www.vonwobeser.com/index.php/publicaciones/noticias?start=440,"Junio, 2018",2018-06,month,200,correcto,https://www.vonwobeser.com/index.php/publicacion?p_id=945,,1,legacy_id,945,,b3575aa1-6174-413f-8ac9-8b016626d567,lex-latin-edmond-grieger-y-ariel-garfio-von-wobeser-asesora-a-faurecia-en-contra,news,,project_date_missing
es:944,es,news,944,"Fernando Carreño, es reconocido “Abogado del año - con menos de 40 años” por Global Competition Review (GCR)",https://www.vonwobeser.com/index.php/publicacion?p_id=944,https://www.vonwobeser.com/index.php/publicaciones/noticias?start=450,"Abril, 2018",2018-04,month,200,correcto,https://www.vonwobeser.com/index.php/publicacion?p_id=944,,1,legacy_id,944,,468f39e9-bdac-4a1c-a206-32720fe8733b,fernando-carreno-es-reconocido-abogado-del-ano-con-menos-de-40-anos-por-global-c,news,,project_date_missing
es:941,es,news,941,Lex Latin- Edmond Grieger y Ariel Garfio- Invenergy vende electricidad al Cenace con asesoría de Von Wobeser,https://www.vonwobeser.com/index.php/publicacion?p_id=941,https://www.vonwobeser.com/index.php/publicaciones/noticias?start=440,"Junio, 2018",2018-06,month,200,correcto,https://www.vonwobeser.com/index.php/publicacion?p_id=941,,1,legacy_id,941,,fe49946c-8ca7-4d63-b4cd-5b0924a9c09d,lex-latin-edmond-grieger-y-ariel-garfio-invenergy-vende-electricidad-al-cenace-c,news,,project_date_missing
es:938,es,news,938,La SEMARNAT expide la nueva Ley General de Desarrollo Forestal Sustentable,https://www.vonwobeser.com/index.php/publicacion?p_id=938,https://www.vonwobeser.com/index.php/publicaciones/noticias?start=440,"Junio, 2018",2018-06,month,200,correcto,https://www.vonwobeser.com/index.php/publicacion?p_id=938,,1,legacy_id,938,,6ba3cc4f-f007-4a3a-ae0b-4bb30256f255,la-semarnat-expide-la-nueva-ley-general-de-desarrollo-forestal-sustentable,news,,project_date_missing
es:936,es,news,936,Global Competition Review- Fernando Carreño- Bayer/Monsanto recibe luz verde,https://www.vonwobeser.com/index.php/publicacion?p_id=936,https://www.vonwobeser.com/index.php/publicaciones/noticias?start=440,"Junio, 2018",2018-06,month,200,correcto,https://www.vonwobeser.com/index.php/publicacion?p_id=936,,1,legacy_id,936,,45f2bca7-7cee-4e54-986f-d4cd5d12169b,global-competition-review-fernando-carreno-bayer-monsanto-recibe-luz-verde,news,,project_date_missing
es:934,es,news,934,México elimina ciertas preferencias arancelarias bajo el TLCAN e incrementa los aranceles a diversos productos originarios de Estados Unidos de América,https://www.vonwobeser.com/index.php/publicacion?p_id=934,https://www.vonwobeser.com/index.php/publicaciones/noticias?start=450,"Junio, 2018",2018-06,month,200,correcto,https://www.vonwobeser.com/index.php/publicacion?p_id=934,,1,legacy_id,934,,f935a2d6-94ee-4a1b-a94b-613ab4415ad2,mexico-elimina-ciertas-preferencias-arancelarias-bajo-el-tlcan-e-incrementa-los-,news,,project_date_missing
es:930,es,news,930,México anuncia la imposición de aranceles de represalia a diversos productos originarios de Estados Unidos de América,https://www.vonwobeser.com/index.php/publicacion?p_id=930,https://www.vonwobeser.com/index.php/publicaciones/noticias?start=450,"Junio, 2018",2018-06,month,200,correcto,https://www.vonwobeser.com/index.php/publicacion?p_id=930,,1,legacy_id,930,,5b0d415c-45ee-45fa-ba51-11c0ddcb2ec2,mexico-anuncia-la-imposicion-de-aranceles-de-represalia-a-diversos-productos-ori,news,,project_date_missing
es:928,es,news,928,Latin Lawyer- Fernando Carreño- El programa de lenidad de México como amenaza a la competencia económica,https://www.vonwobeser.com/index.php/publicacion?p_id=928,https://www.vonwobeser.com/index.php/publicaciones/noticias?start=450,"Mayo, 2018",2018-05,month,200,correcto,https://www.vonwobeser.com/index.php/publicacion?p_id=928,,1,legacy_id,928,,68e53b88-60fe-425f-8c02-e4d81cb7ca31,latin-lawyer-fernando-carreno-el-programa-de-lenidad-de-mexico-como-amenaza-a-la,news,,project_date_missing
es:924,es,news,924,Evento: LCIA in Mexico - Introduction and Discussion Panel,https://www.vonwobeser.com/index.php/publicacion?p_id=924,https://www.vonwobeser.com/index.php/publicaciones/noticias?start=450,"Mayo, 2018",2018-05,month,200,correcto,https://www.vonwobeser.com/index.php/publicacion?p_id=924,,1,legacy_id,924,,22c827a3-f9a6-47d1-8296-a9880d2f6096,evento-lcia-in-mexico-introduction-and-discussion-panel,news,,project_date_missing
es:913,es,news,913,Reglamento General de Protección de Datos (RGDP),https://www.vonwobeser.com/index.php/publicacion?p_id=913,https://www.vonwobeser.com/index.php/publicaciones/noticias?start=450,"Mayo, 2018",2018-05,month,200,correcto,https://www.vonwobeser.com/index.php/publicacion?p_id=913,,1,legacy_id,913,,ae459d5c-a19a-4801-8262-f0a9bf2596b9,reglamento-general-de-proteccion-de-datos-rgdp,news,,project_date_missing
es:912,es,news,912,México aprueba el “Acuerdo Global y Progresivo para la Asociación Transpacífico”,https://www.vonwobeser.com/index.php/publicacion?p_id=912,https://www.vonwobeser.com/index.php/publicaciones/noticias?start=450,"Mayo, 2018",2018-05,month,200,correcto,https://www.vonwobeser.com/index.php/publicacion?p_id=912,,1,legacy_id,912,,af561c54-31c4-48db-9a91-fe1c7dcb042e,mexico-aprueba-el-acuerdo-global-y-progresivo-para-la-asociacion-transpacifico,news,,project_date_missing
es:908,es,news,908,Firma del “Acuerdo Global y Progresivo para la Asociación Transpacífico”,https://www.vonwobeser.com/index.php/publicacion?p_id=908,https://www.vonwobeser.com/index.php/publicaciones/noticias?start=450,"Marzo, 2018",2018-03,month,200,correcto,https://www.vonwobeser.com/index.php/publicacion?p_id=908,,1,legacy_id,908,,747bd0cf-999c-4519-93ac-2b1be5b23824,firma-del-acuerdo-global-y-progresivo-para-la-asociacion-transpacifico,news,,project_date_missing
es:904,es,news,904,Aprobación de la Ley Fintech mexicana,https://www.vonwobeser.com/index.php/publicacion?p_id=904,https://www.vonwobeser.com/index.php/publicaciones/noticias?start=450,"Marzo, 2018",2018-03,month,200,correcto,https://www.vonwobeser.com/index.php/publicacion?p_id=904,,1,legacy_id,904,,17c98706-3c33-4566-9385-82a8f6e18124,aprobacion-de-la-ley-fintech-mexicana,news,,project_date_missing
es:902,es,news,902,La Comisión Federal de Electricidad publicó las bases de la licitación para la primer línea de transmisión en corriente directa.,https://www.vonwobeser.com/index.php/publicacion?p_id=902,https://www.vonwobeser.com/index.php/publicaciones/noticias?start=460,"Marzo, 2018",2018-03,month,200,correcto,https://www.vonwobeser.com/index.php/publicacion?p_id=902,,1,legacy_id,902,,9c9b497c-3ba5-43e0-95a2-94c34983dc7c,la-comision-federal-de-electricidad-publico-las-bases-de-la-licitacion-para-la-p,news,,project_date_missing
es:900,es,news,900,Necesidad de optimizar programas de compliance a la luz de la iniciativa de reforma del artículo 102 Constitucional.,https://www.vonwobeser.com/index.php/publicacion?p_id=900,https://www.vonwobeser.com/index.php/publicaciones/noticias?start=460,"Febrero, 2018",2018-02,month,200,correcto,https://www.vonwobeser.com/index.php/publicacion?p_id=900,,1,legacy_id,900,,ea4295a7-af35-4921-a858-1d4095720526,necesidad-de-optimizar-programas-de-compliance-a-la-luz-de-la-iniciativa-de-refo,news,,project_date_missing
es:897,es,news,897,La Secretaría de Energía convoca a la licitación pública internacional para interconectar los sistemas eléctricos mexicanos.,https://www.vonwobeser.com/index.php/publicacion?p_id=897,https://www.vonwobeser.com/index.php/publicaciones/noticias?start=460,"Febrero, 2018",2018-02,month,200,correcto,https://www.vonwobeser.com/index.php/publicacion?p_id=897,,1,legacy_id,897,,4a482b72-5070-4bc4-a730-68a26a8c2070,la-secretaria-de-energia-convoca-a-la-licitacion-publica-internacional-para-inte,news,,project_date_missing
es:896,es,news,896,Iniciativa Ciudadana de reforma: Apartado A del Artículo 102° Constitucional a la luz de la responsabilidad penal de las personas morales,https://www.vonwobeser.com/index.php/publicacion?p_id=896,https://www.vonwobeser.com/index.php/publicaciones/noticias?start=460,"Febrero, 2018",2018-02,month,200,correcto,https://www.vonwobeser.com/index.php/publicacion?p_id=896,,1,legacy_id,896,,e48e2255-c6fb-4893-828e-49808355b635,iniciativa-ciudadana-de-reforma-apartado-a-del-articulo-102-constitucional-a-la-,news,,project_date_missing
es:893,es,news,893,La Secretaría de Energía emite el manual para la interconexión de Centrales Eléctricas y conexión de Centros de Carga.,https://www.vonwobeser.com/index.php/publicacion?p_id=893,https://www.vonwobeser.com/index.php/publicaciones/noticias?start=460,"Febrero, 2018",2018-02,month,200,correcto,https://www.vonwobeser.com/index.php/publicacion?p_id=893,,1,legacy_id,893,,57453077-86a1-43ca-92b4-52a3d98ea351,la-secretaria-de-energia-emite-el-manual-para-la-interconexion-de-centrales-elec,news,,project_date_missing
es:891,es,news,891,"Fernando Carreño, nominado como “Abogado del año"" con menos de 40 años por Global Competition Review (GCR)",https://www.vonwobeser.com/index.php/publicacion?p_id=891,https://www.vonwobeser.com/index.php/publicaciones/noticias?start=460,"Febrero, 2018",2018-02,month,200,correcto,https://www.vonwobeser.com/index.php/publicacion?p_id=891,,1,legacy_id,891,,685fdec4-9385-48af-b5b3-698ba6564828,fernando-carreno-nominado-como-abogado-del-ano-con-menos-de-40-anos-por-global-c,news,,project_date_missing
es:889,es,news,889,La Comisión Nacional de Hidrocarburos emite la convocatoria y bases de la segunda licitación de la ronda 3 para yacimientos terrestres.,https://www.vonwobeser.com/index.php/publicacion?p_id=889,https://www.vonwobeser.com/index.php/publicaciones/noticias?start=460,"Febrero, 2018",2018-02,month,200,correcto,https://www.vonwobeser.com/index.php/publicacion?p_id=889,,1,legacy_id,889,,1df02289-8e32-4af8-ba26-0b73dad2ea11,la-comision-nacional-de-hidrocarburos-emite-la-convocatoria-y-bases-de-la-segund,news,,project_date_missing
es:886,es,news,886,Latin Lawyer- Despachos mexicanos promueven nuevos socios,https://www.vonwobeser.com/index.php/publicacion?p_id=886,https://www.vonwobeser.com/index.php/publicaciones/noticias?start=460,"Febrero, 2018",2018-02,month,200,correcto,https://www.vonwobeser.com/index.php/publicacion?p_id=886,,1,legacy_id,886,,80117fac-2639-4dc5-9e37-4feb3c9f03fc,latin-lawyer-despachos-mexicanos-promueven-nuevos-socios,news,,project_date_missing
es:883,es,news,883,Leaders League- Von Wobeser y Sierra nombra dos nuevos Socios,https://www.vonwobeser.com/index.php/publicacion?p_id=883,https://www.vonwobeser.com/index.php/publicaciones/noticias?start=460,"Enero, 2018",2018-01,month,200,correcto,https://www.vonwobeser.com/index.php/publicacion?p_id=883,,1,legacy_id,883,,0fad9a15-6fca-4dd7-a6e5-3d858b048696,leaders-league-von-wobeser-y-sierra-nombra-dos-nuevos-socios,news,,project_date_missing
es:881,es,news,881,"Von Wobeser y Sierra, S.C. anuncia nuevos socios para 2018",https://www.vonwobeser.com/index.php/publicacion?p_id=881,https://www.vonwobeser.com/index.php/publicaciones/noticias?start=460,"Enero, 2018",2018-01,month,200,correcto,https://www.vonwobeser.com/index.php/publicacion?p_id=881,,1,legacy_id,881,,f94430d5-6451-439a-a792-2c9f66d6625d,von-wobeser-y-sierra-s-c-anuncia-nuevos-socios-para-2018,news,,project_date_missing
es:879,es,news,879,GCR 100 reconoce Von Wobeser y Sierra como uno de los mejores 100 despachos en la Práctica de Competencia Económica.,https://www.vonwobeser.com/index.php/publicacion?p_id=879,https://www.vonwobeser.com/index.php/publicaciones/noticias?start=470,"Enero, 2018",2018-01,month,200,correcto,https://www.vonwobeser.com/index.php/publicacion?p_id=879,,1,legacy_id,879,,7a2c3058-a280-4063-8f4d-b33c9b0d3c3c,gcr-100-reconoce-von-wobeser-y-sierra-como-uno-de-los-mejores-100-despachos-en-l,news,,project_date_missing
es:878,es,news,878,Law360- México busca atraer inversionistas mientras las pláticas de intercambio comercial continúan,https://www.vonwobeser.com/index.php/publicacion?p_id=878,https://www.vonwobeser.com/index.php/publicaciones/noticias?start=470,"Enero, 2018",2018-01,month,200,correcto,https://www.vonwobeser.com/index.php/publicacion?p_id=878,,1,legacy_id,878,,7547591d-ebc2-4841-8c1e-98aedfbd5004,law360-mexico-busca-atraer-inversionistas-mientras-las-platicas-de-intercambio-c,news,,project_date_missing
es:876,es,news,876,Latin Lawyer- Grupo Modelo adquiere propiedad para invertir en una nueva planta,https://www.vonwobeser.com/index.php/publicacion?p_id=876,https://www.vonwobeser.com/index.php/publicaciones/noticias?start=470,"Enero, 2018",2018-01,month,200,correcto,https://www.vonwobeser.com/index.php/publicacion?p_id=876,,1,legacy_id,876,,76427789-b56a-4a40-847e-899c7ebd71f9,latin-lawyer-grupo-modelo-adquiere-propiedad-para-invertir-en-una-nueva-planta,news,,project_date_missing
es:874,es,news,874,Von Wobeser y Sierra recibió el reconocimiento de Leading Lights 2017,https://www.vonwobeser.com/index.php/publicacion?p_id=874,https://www.vonwobeser.com/index.php/publicaciones/noticias?start=470,"Enero, 2018",2018-01,month,200,correcto,https://www.vonwobeser.com/index.php/publicacion?p_id=874,,1,legacy_id,874,,11b0c7d0-b753-42ab-9f80-445387939b0e,von-wobeser-y-sierra-recibio-el-reconocimiento-de-leading-lights-2017,news,,project_date_missing
es:870,es,news,870,Montserrat Manzano reconocida en la Lista de Future Leaders Menores de 45 en Arbitraje de Who’s Who Legal,https://www.vonwobeser.com/index.php/publicacion?p_id=870,https://www.vonwobeser.com/index.php/publicaciones/noticias?start=470,"Diciembre, 2017",2017-12,month,200,correcto,https://www.vonwobeser.com/index.php/publicacion?p_id=870,,1,legacy_id,870,,cee0a18e-2c10-4245-b936-3ce42e0a3e84,montserrat-manzano-reconocida-en-la-lista-de-future-leaders-menores-de-45-en-arb,news,,project_date_missing
es:862,es,news,862,Lex Latin- Key Safety Systems adquiere Takata,https://www.vonwobeser.com/index.php/publicacion?p_id=862,https://www.vonwobeser.com/index.php/publicaciones/noticias?start=470,"Diciembre, 2017",2017-12,month,200,correcto,https://www.vonwobeser.com/index.php/publicacion?p_id=862,,1,legacy_id,862,,38feeb92-3d2d-4965-b251-c0d773f5460a,lex-latin-key-safety-systems-adquiere-takata,news,,project_date_missing
es:860,es,news,860,Lex Latin- Von Wobeser asesora a Grupo Modelo para construir planta de cerveza en México,https://www.vonwobeser.com/index.php/publicacion?p_id=860,https://www.vonwobeser.com/index.php/publicaciones/noticias?start=470,"Diciembre, 2017",2017-12,month,200,correcto,https://www.vonwobeser.com/index.php/publicacion?p_id=860,,1,legacy_id,860,,2346a84c-5085-4155-9a9b-65e9487f66e8,lex-latin-von-wobeser-asesora-a-grupo-modelo-para-construir-planta-de-cerveza-en,news,,project_date_missing
es:858,es,news,858,Latin Lawyer- Takata cambia de manos tras concurso mercantil,https://www.vonwobeser.com/index.php/publicacion?p_id=858,https://www.vonwobeser.com/index.php/publicaciones/noticias?start=470,"Diciembre, 2017",2017-12,month,200,correcto,https://www.vonwobeser.com/index.php/publicacion?p_id=858,,1,legacy_id,858,,17ca4be4-3f81-4501-8d28-c009901176b7,latin-lawyer-takata-cambia-de-manos-tras-concurso-mercantil,news,,project_date_missing
es:856,es,news,856,Comunicado Oficial de la Comisión Reguladora de Energía y del Centro Nacional de Control de Energía,https://www.vonwobeser.com/index.php/publicacion?p_id=856,https://www.vonwobeser.com/index.php/publicaciones/noticias?start=480,"Septiembre, 2017",2017-09,month,200,correcto,https://www.vonwobeser.com/index.php/publicacion?p_id=856,,1,legacy_id,856,,9d9935a0-2ed8-4efc-b862-47d96d2bd545,comunicado-oficial-de-la-comision-reguladora-de-energia-y-del-centro-nacional-de,news,,project_date_missing
es:854,es,news,854,Socios de Von Wobeser y Sierra reconocidos por Best Lawyers,https://www.vonwobeser.com/index.php/publicacion?p_id=854,https://www.vonwobeser.com/index.php/publicaciones/noticias?start=470,"Diciembre, 2017",2017-12,month,200,correcto,https://www.vonwobeser.com/index.php/publicacion?p_id=854,,1,legacy_id,854,,82181cd8-c5df-413f-a1a2-07cfdf6fbe62,socios-de-von-wobeser-y-sierra-reconocidos-por-best-lawyers,news,,project_date_missing
es:852,es,news,852,Nuevo salario mínimo a partir del 1 de diciembre de 2017,https://www.vonwobeser.com/index.php/publicacion?p_id=852,https://www.vonwobeser.com/index.php/publicaciones/noticias?start=470,"Noviembre, 2017",2017-11,month,200,correcto,https://www.vonwobeser.com/index.php/publicacion?p_id=852,,1,legacy_id,852,,a1a470a3-b46c-4a48-87e8-b85246a7aac5,nuevo-salario-minimo-a-partir-del-1-de-diciembre-de-2017,news,,project_date_missing
es:850,es,news,850,La Comisión Reguladora De Energía emite el acuerdo que describe aspectos generales sobre el abasto aislado y generación local de energía eléctrica,https://www.vonwobeser.com/index.php/publicacion?p_id=850,https://www.vonwobeser.com/index.php/publicaciones/noticias?start=480,"Noviembre, 2017",2017-11,month,200,correcto,https://www.vonwobeser.com/index.php/publicacion?p_id=850,,1,legacy_id,850,,6d60dd2c-96b4-4fe8-b975-904c6eb69baf,la-comision-reguladora-de-energia-emite-el-acuerdo-que-describe-aspectos-general,news,,project_date_missing
es:845,es,news,845,Claus von Wobeser es honrado con el Lifetime Achievement Award por parte de Chambers & Partners,https://www.vonwobeser.com/index.php/publicacion?p_id=845,https://www.vonwobeser.com/index.php/publicaciones/noticias?start=480,"Noviembre, 2017",2017-11,month,200,correcto,https://www.vonwobeser.com/index.php/publicacion?p_id=845,,1,legacy_id,845,,dae3ad3e-45e8-4eec-beb3-b9ae238e60d2,claus-von-wobeser-es-honrado-con-el-lifetime-achievement-award-por-parte-de-cham,news,,project_date_missing
es:830,es,news,830,Lex Latin- Motherson Sumi recauda EUR 300 millones en oferta pública,https://www.vonwobeser.com/index.php/publicacion?p_id=830,https://www.vonwobeser.com/index.php/publicaciones/noticias?start=480,"Noviembre, 2017",2017-11,month,200,correcto,https://www.vonwobeser.com/index.php/publicacion?p_id=830,,1,legacy_id,830,,2b668616-a0d5-48b9-81ee-b6ef25685078,lex-latin-motherson-sumi-recauda-eur-300-millones-en-oferta-publica,news,,project_date_missing
es:828,es,news,828,Cuatro Socios de Von Wobeser y Sierra aprobados por LACCA para 2018,https://www.vonwobeser.com/index.php/publicacion?p_id=828,https://www.vonwobeser.com/index.php/publicaciones/noticias?start=480,"Noviembre, 2017",2017-11,month,200,correcto,https://www.vonwobeser.com/index.php/publicacion?p_id=828,,1,legacy_id,828,,d7d36285-9836-4153-8ea2-c1416e7eb565,cuatro-socios-de-von-wobeser-y-sierra-aprobados-por-lacca-para-2018,news,,project_date_missing
es:826,es,news,826,Global Investigation Review (GIR)- Von Wobeser y Sierra firma seleccionada en 2017,https://www.vonwobeser.com/index.php/publicacion?p_id=826,https://www.vonwobeser.com/index.php/publicaciones/noticias?start=480,"Noviembre, 2017",2017-11,month,200,correcto,https://www.vonwobeser.com/index.php/publicacion?p_id=826,,1,legacy_id,826,,4e93941c-795c-495d-b6c1-ba1148bbb730,global-investigation-review-gir-von-wobeser-y-sierra-firma-seleccionada-en-2017,news,,project_date_missing
es:824,es,news,824,"Latin Lawyer- Rupert Hüttler, Luis Burgueño y Alberto Córdoba- Von Wobeser y Sierra dirige a la subsidiaria mexicana de Motherson Sumi en emisión de deuda",https://www.vonwobeser.com/index.php/publicacion?p_id=824,https://www.vonwobeser.com/index.php/publicaciones/noticias?start=480,"Octubre, 2017",2017-10,month,200,correcto,https://www.vonwobeser.com/index.php/publicacion?p_id=824,,1,legacy_id,824,,8a582c01-e2aa-4dbe-a671-c3b9776796e9,latin-lawyer-rupert-huttler-luis-burgueno-y-alberto-cordoba-von-wobeser-y-sierra,news,,project_date_missing
es:821,es,news,821,Andres Nieto- Panelista en la primera edición para Latinoamérica del entrenamiento TrustLaw,https://www.vonwobeser.com/index.php/publicacion?p_id=821,https://www.vonwobeser.com/index.php/publicaciones/noticias?start=480,"Octubre, 2017",2017-10,month,200,correcto,https://www.vonwobeser.com/index.php/publicacion?p_id=821,,1,legacy_id,821,,626e2bab-973e-407f-88b2-fa2757311828,andres-nieto-panelista-en-la-primera-edicion-para-latinoamerica-del-entrenamient,news,,project_date_missing
es:818,es,news,818,La Comisión Nacional de Hidrocarburos emite la convocatoria y bases para la primera licitación de la Ronda 3,https://www.vonwobeser.com/index.php/publicacion?p_id=818,https://www.vonwobeser.com/index.php/publicaciones/noticias?start=480,"Septiembre, 2017",2017-09,month,200,correcto,https://www.vonwobeser.com/index.php/publicacion?p_id=818,,1,legacy_id,818,,8b2b3a24-97ff-4e73-85ce-82c7437f96f1,la-comision-nacional-de-hidrocarburos-emite-la-convocatoria-y-bases-para-la-prim,news,,project_date_missing
es:807,es,news,807,Acuerdo Oficial del Instituto Mexicano de la Propiedad Industrial y Aviso del Instituto Nacional del Derecho de Autor,https://www.vonwobeser.com/index.php/publicacion?p_id=807,https://www.vonwobeser.com/index.php/publicaciones/noticias?start=480,"Septiembre, 2017",2017-09,month,200,correcto,https://www.vonwobeser.com/index.php/publicacion?p_id=807,,1,legacy_id,807,,432381c1-0638-46b0-abd7-069a5dda9ca8,acuerdo-oficial-del-instituto-mexicano-de-la-propiedad-industrial-y-aviso-del-in,news,,project_date_missing
es:801,es,news,801,Sesión Especial: “Perspectiva internacional sobre el combate a la corrupción desde la sociedad civil organizada”,https://www.vonwobeser.com/index.php/publicacion?p_id=801,https://www.vonwobeser.com/index.php/publicaciones/noticias?start=490,"Septiembre, 2017",2017-09,month,200,correcto,https://www.vonwobeser.com/index.php/publicacion?p_id=801,,1,legacy_id,801,,8c979f7b-254f-46c8-b5cc-ee018941b49c,sesion-especial-perspectiva-internacional-sobre-el-combate-a-la-corrupcion-desde,news,,project_date_missing
es:799,es,news,799,Licitaciones Ronda Uno para el Sector de Hidrocarburos,https://www.vonwobeser.com/index.php/publicacion?p_id=799,https://www.vonwobeser.com/index.php/publicaciones/noticias?start=620,"Enero, 2015",2015-01,month,200,correcto,https://www.vonwobeser.com/index.php/publicacion?p_id=799,,1,legacy_id,799,,0ae1662e-7043-480a-82c6-917fcba855c3,licitaciones-ronda-uno-para-el-sector-de-hidrocarburos,news,,project_date_missing
es:797,es,news,797,"Montserrat Manzano, Asociada Senior de Von Wobeser y Sierra ha sido nombrada como miembro y representante del Consejo Editorial de News & Notes del Center for American & International Law",https://www.vonwobeser.com/index.php/publicacion?p_id=797,https://www.vonwobeser.com/index.php/publicaciones/noticias?start=610,"Enero, 2015",2015-01,month,200,correcto,https://www.vonwobeser.com/index.php/publicacion?p_id=797,,1,legacy_id,797,,bb1038a8-0947-4faa-a5a6-a4c6eeff5af9,montserrat-manzano-asociada-senior-de-von-wobeser-y-sierra-ha-sido-nombrada-como,news,,project_date_missing
es:795,es,news,795,Global Competition Review- México revisa las franjas horarias en aeropuertos su primera investigación relacionada a “barreras de competencia”,https://www.vonwobeser.com/index.php/publicacion?p_id=795,https://www.vonwobeser.com/index.php/publicaciones/noticias?start=610,"Febrero, 2015",2015-02,month,200,correcto,https://www.vonwobeser.com/index.php/publicacion?p_id=795,,1,legacy_id,795,,02bc5a70-4768-4b84-85d9-829b19ee9f00,global-competition-review-mexico-revisa-las-franjas-horarias-en-aeropuertos-su-p,news,,project_date_missing
es:793,es,news,793,Latin American Corporate Counsel Association (LACCA) –Top 100: México.,https://www.vonwobeser.com/index.php/publicacion?p_id=793,https://www.vonwobeser.com/index.php/publicaciones/noticias?start=610,"Febrero, 2015",2015-02,month,200,correcto,https://www.vonwobeser.com/index.php/publicacion?p_id=793,,1,legacy_id,793,,0d58d5f1-ffdb-4fe1-bb5a-e624cd1ef33b,latin-american-corporate-counsel-association-lacca-top-100-mexico,news,,project_date_missing
es:791,es,news,791,"Guillermo Ortíz Mayagoitia, Consejero de Von Wobeser y Sierra (Ex Ministro de la Suprema Corte de Justicia de la Nación) y nuestro Socio, Diego Sierra participaron en la Judicial Integrity Initiative de la International Bar Association en Londres",https://www.vonwobeser.com/index.php/publicacion?p_id=791,https://www.vonwobeser.com/index.php/publicaciones/noticias?start=610,"Febrero, 2015",2015-02,month,200,correcto,https://www.vonwobeser.com/index.php/publicacion?p_id=791,,1,legacy_id,791,,6ea279f7-7b01-43cd-9dc2-d02944920028,guillermo-ortiz-mayagoitia-consejero-de-von-wobeser-y-sierra-ex-ministro-de-la-s,news,,project_date_missing
es:789,es,news,789,Latin Lawyer- Von Wobeser en Estados Unidos de América se encarga de componentes electrónicos,https://www.vonwobeser.com/index.php/publicacion?p_id=789,https://www.vonwobeser.com/index.php/publicaciones/noticias?start=610,"Febrero, 2015",2015-02,month,200,correcto,https://www.vonwobeser.com/index.php/publicacion?p_id=789,,1,legacy_id,789,,b1607284-0c1b-4d3c-bb76-f84facfaa073,latin-lawyer-von-wobeser-en-estados-unidos-de-america-se-encarga-de-componentes-,news,,project_date_missing
es:787,es,news,787,"Global Arbitration Review - The GAR 100, La Guía de Firmas Especializadas en Arbitraje",https://www.vonwobeser.com/index.php/publicacion?p_id=787,https://www.vonwobeser.com/index.php/publicaciones/noticias?start=610,"Febrero, 2015",2015-02,month,200,correcto,https://www.vonwobeser.com/index.php/publicacion?p_id=787,,1,legacy_id,787,,e1135758-d3e5-48a5-b066-00bf48a8da7a,global-arbitration-review-the-gar-100-la-guia-de-firmas-especializadas-en-arbitr,news,,project_date_missing
es:785,es,news,785,Latin Lawyer- Von Wobeser asesora a Grupo Modelo invertir en octava cervecería mexicana,https://www.vonwobeser.com/index.php/publicacion?p_id=785,https://www.vonwobeser.com/index.php/publicaciones/noticias?start=610,"Febrero, 2015",2015-02,month,200,correcto,https://www.vonwobeser.com/index.php/publicacion?p_id=785,,1,legacy_id,785,,f915914b-a399-4e4e-91a2-a0d725eca006,latin-lawyer-von-wobeser-asesora-a-grupo-modelo-invertir-en-octava-cerveceria-me,news,,project_date_missing
es:783,es,news,783,"Latin Lawyer - Costa Rica desata polémica, con un examen de admisión para practicantes",https://www.vonwobeser.com/index.php/publicacion?p_id=783,https://www.vonwobeser.com/index.php/publicaciones/noticias?start=610,"Marzo, 2015",2015-03,month,200,correcto,https://www.vonwobeser.com/index.php/publicacion?p_id=783,,1,legacy_id,783,,ddce88d1-f287-4459-a536-32853d99ded9,latin-lawyer-costa-rica-desata-polemica-con-un-examen-de-admision-para-practican,news,,project_date_missing
es:781,es,news,781,Latin Lawyer – México investiga el incremento en el alto precio del huevo,https://www.vonwobeser.com/index.php/publicacion?p_id=781,https://www.vonwobeser.com/index.php/publicaciones/noticias?start=610,"Marzo, 2015",2015-03,month,200,correcto,https://www.vonwobeser.com/index.php/publicacion?p_id=781,,1,legacy_id,781,,e31b357f-c064-4386-8b81-09b84ea40792,latin-lawyer-mexico-investiga-el-incremento-en-el-alto-precio-del-huevo,news,,project_date_missing
es:779,es,news,779,Cámara de Diputados aprueba reformas a la Ley Federal del Trabajo,https://www.vonwobeser.com/index.php/publicacion?p_id=779,https://www.vonwobeser.com/index.php/publicaciones/noticias?start=610,"Abril, 2015",2015-04,month,200,correcto,https://www.vonwobeser.com/index.php/publicacion?p_id=779,,1,legacy_id,779,,d97b5339-c1cc-46fa-a9e3-78f2136bd53a,camara-de-diputados-aprueba-reformas-a-la-ley-federal-del-trabajo,news,,project_date_missing
es:777,es,news,777,Reforma en Materia de Combate a la Corrupción,https://www.vonwobeser.com/index.php/publicacion?p_id=777,https://www.vonwobeser.com/index.php/publicaciones/noticias?start=600,"Abril, 2015",2015-04,month,200,correcto,https://www.vonwobeser.com/index.php/publicacion?p_id=777,,1,legacy_id,777,,6bdb81a9-21d6-46c4-8613-e374eaa53c5c,reforma-en-materia-de-combate-a-la-corrupcion,news,,project_date_missing
es:775,es,news,775,"Andrés Nieto, Socio, conferencista en 4ta Conferencia Finanzas Corporativas Latin Lawyer en NY",https://www.vonwobeser.com/index.php/publicacion?p_id=775,https://www.vonwobeser.com/index.php/publicaciones/noticias?start=600,"Junio, 2015",2015-06,month,200,correcto,https://www.vonwobeser.com/index.php/publicacion?p_id=775,,1,legacy_id,775,,ec50483e-496b-4143-89c5-83cf75cfbee7,andres-nieto-socio-conferencista-en-4ta-conferencia-finanzas-corporativas-latin-,news,,project_date_missing
es:773,es,news,773,Entra en vigor la Nueva Ley General de Transparencia y Acceso a la Información Pública,https://www.vonwobeser.com/index.php/publicacion?p_id=773,https://www.vonwobeser.com/index.php/publicaciones/noticias?start=600,"Junio, 2015",2015-06,month,200,correcto,https://www.vonwobeser.com/index.php/publicacion?p_id=773,,1,legacy_id,773,,967fcc4e-310e-4e0e-a13e-fbef894b5953,entra-en-vigor-la-nueva-ley-general-de-transparencia-y-acceso-a-la-informacion-p,news,,project_date_missing
es:771,es,news,771,Se Publica Reglamento de la Ley de Ayuda para los Trabajadores,https://www.vonwobeser.com/index.php/publicacion?p_id=771,https://www.vonwobeser.com/index.php/publicaciones/noticias?start=600,"Junio, 2015",2015-06,month,200,correcto,https://www.vonwobeser.com/index.php/publicacion?p_id=771,,1,legacy_id,771,,9aa76155-9c62-4ae9-8a1c-d2f5c56254aa,se-publica-reglamento-de-la-ley-de-ayuda-para-los-trabajadores,news,,project_date_missing
es:769,es,news,769,Bases de Licitación y Modelo de Contrato de Producción Compartida Definitivos Convocatoria 1 -Ronda Uno- Aguas Someras,https://www.vonwobeser.com/index.php/publicacion?p_id=769,https://www.vonwobeser.com/index.php/publicaciones/noticias?start=600,"Junio, 2015",2015-06,month,200,correcto,https://www.vonwobeser.com/index.php/publicacion?p_id=769,,1,legacy_id,769,,d5b67183-74ea-48e8-b153-494b88902676,bases-de-licitacion-y-modelo-de-contrato-de-produccion-compartida-definitivos-co,news,,project_date_missing
es:767,es,news,767,Se adiciona el artículo 29 Bis a la Ley del Instituto del Fondo de la Vivienda para los Trabajadores en materia de Subcontratación,https://www.vonwobeser.com/index.php/publicacion?p_id=767,https://www.vonwobeser.com/index.php/publicaciones/noticias?start=600,"Junio, 2015",2015-06,month,200,correcto,https://www.vonwobeser.com/index.php/publicacion?p_id=767,,1,legacy_id,767,,aba75ae4-443f-4b3b-b081-1d23f92cfebf,se-adiciona-el-articulo-29-bis-a-la-ley-del-instituto-del-fondo-de-la-vivienda-p,news,,project_date_missing
es:765,es,news,765,"Von Wobeser y Sierra, S.C. es reconocido por Thompson Reuters en su reporte “2015 TrustLaw Index of Pro Bono 2015”",https://www.vonwobeser.com/index.php/publicacion?p_id=765,https://www.vonwobeser.com/index.php/publicaciones/noticias?start=600,"Junio, 2015",2015-06,month,200,correcto,https://www.vonwobeser.com/index.php/publicacion?p_id=765,,1,legacy_id,765,,4a80e0c4-340f-4828-9cc8-68af9d3d3cc6,von-wobeser-y-sierra-s-c-es-reconocido-por-thompson-reuters-en-su-reporte-2015-t,news,,project_date_missing
es:763,es,news,763,Latin Lawyer – México investiga pensiones,https://www.vonwobeser.com/index.php/publicacion?p_id=763,https://www.vonwobeser.com/index.php/publicaciones/noticias?start=600,"Julio, 2015",2015-07,month,200,correcto,https://www.vonwobeser.com/index.php/publicacion?p_id=763,,1,legacy_id,763,,08278fde-7301-4aae-b27e-501ab26c9037,latin-lawyer-mexico-investiga-pensiones,news,,project_date_missing
es:761,es,news,761,Contratos de la Ronda Uno; Observaciones generales en materia de Obligaciones Ambientales,https://www.vonwobeser.com/index.php/publicacion?p_id=761,https://www.vonwobeser.com/index.php/publicaciones/noticias?start=600,"Julio, 2015",2015-07,month,200,correcto,https://www.vonwobeser.com/index.php/publicacion?p_id=761,,1,legacy_id,761,,47c19334-4a99-4286-8176-c131538126ce,contratos-de-la-ronda-uno-observaciones-generales-en-materia-de-obligaciones-amb,news,,project_date_missing
es:759,es,news,759,Modificaciones a las bases y al modelo de contrato de la Licitación No. CNH-R01-L02/2015,https://www.vonwobeser.com/index.php/publicacion?p_id=759,https://www.vonwobeser.com/index.php/publicaciones/noticias?start=600,"Agosto, 2015",2015-08,month,200,correcto,https://www.vonwobeser.com/index.php/publicacion?p_id=759,,1,legacy_id,759,,ce744d46-b563-4274-a1c4-4da21bb31392,modificaciones-a-las-bases-y-al-modelo-de-contrato-de-la-licitacion-no-cnh-r01-l,news,,project_date_missing
es:757,es,news,757,Ronda Uno- Aspectos Legales Relevantes,https://www.vonwobeser.com/index.php/publicacion?p_id=757,https://www.vonwobeser.com/index.php/publicaciones/noticias?start=590,"Septiembre, 2015",2015-09,month,200,correcto,https://www.vonwobeser.com/index.php/publicacion?p_id=757,,1,legacy_id,757,,2af2e41d-ab2e-4088-9e88-77e752d9845b,ronda-uno-aspectos-legales-relevantes,news,,project_date_missing
es:755,es,news,755,Acciones ejecutivas de la Secretaría de la Función Pública en materia de combate a la corrupción,https://www.vonwobeser.com/index.php/publicacion?p_id=755,https://www.vonwobeser.com/index.php/publicaciones/noticias?start=590,"Septiembre, 2015",2015-09,month,200,correcto,https://www.vonwobeser.com/index.php/publicacion?p_id=755,,1,legacy_id,755,,c43a8f6a-5be5-47ce-815b-7578c816e1db,acciones-ejecutivas-de-la-secretaria-de-la-funcion-publica-en-materia-de-combate,news,,project_date_missing
es:753,es,news,753,Homologación del salario mínimo en todo el país,https://www.vonwobeser.com/index.php/publicacion?p_id=753,https://www.vonwobeser.com/index.php/publicaciones/noticias?start=590,"Septiembre, 2015",2015-09,month,200,correcto,https://www.vonwobeser.com/index.php/publicacion?p_id=753,,1,legacy_id,753,,82ebec1b-0a6c-486e-b316-c4ba7858e9e6,homologacion-del-salario-minimo-en-todo-el-pais,news,,project_date_missing
es:751,es,news,751,Chambers Latin America 2016,https://www.vonwobeser.com/index.php/publicacion?p_id=751,https://www.vonwobeser.com/index.php/publicaciones/noticias?start=590,"Septiembre, 2015",2015-09,month,200,correcto,https://www.vonwobeser.com/index.php/publicacion?p_id=751,,1,legacy_id,751,,dc9cf16e-397f-43c5-bb2b-2f3723018f8b,chambers-latin-america-2016-2,news,,project_date_missing
es:749,es,news,749,The Legal 500 Latin America,https://www.vonwobeser.com/index.php/publicacion?p_id=749,https://www.vonwobeser.com/index.php/publicaciones/noticias?start=590,"Septiembre, 2015",2015-09,month,200,correcto,https://www.vonwobeser.com/index.php/publicacion?p_id=749,,1,legacy_id,749,,d9add830-f398-44e2-81e5-1ad2d414f5a0,the-legal-500-latin-america-2,news,,project_date_missing
es:747,es,news,747,GIR 100 Selected firm 2015,https://www.vonwobeser.com/index.php/publicacion?p_id=747,https://www.vonwobeser.com/index.php/publicaciones/noticias?start=590,"Septiembre, 2015",2015-09,month,200,correcto,https://www.vonwobeser.com/index.php/publicacion?p_id=747,,1,legacy_id,747,,988a0b1c-944f-4d22-83b5-aa4e1cc179e4,gir-100-selected-firm-2015-2,news,,project_date_missing
es:745,es,news,745,Nuevos instrumentos de inversión en proyectos de energía e infraestructura: Fibras E,https://www.vonwobeser.com/index.php/publicacion?p_id=745,https://www.vonwobeser.com/index.php/publicaciones/noticias?start=590,"Octubre, 2015",2015-10,month,200,correcto,https://www.vonwobeser.com/index.php/publicacion?p_id=745,,1,legacy_id,745,,d691a070-8468-424c-9bfe-695cdb73161f,nuevos-instrumentos-de-inversion-en-proyectos-de-energia-e-infraestructura-fibra,news,,project_date_missing
es:743,es,news,743,Conferencia Anual USMBA 2015: Energizando la Región Estados Unidos-México Región,https://www.vonwobeser.com/index.php/publicacion?p_id=743,https://www.vonwobeser.com/index.php/publicaciones/noticias?start=590,"Octubre, 2015",2015-10,month,200,correcto,https://www.vonwobeser.com/index.php/publicacion?p_id=743,,1,legacy_id,743,,063b8b22-dd52-4f29-bc17-85c47e98d9fa,conferencia-anual-usmba-2015-energizando-la-region-estados-unidos-mexico-region,news,,project_date_missing
es:741,es,news,741,Modificaciones a las bases de la licitación y al modelo de contrato de la tercera convocatoria de licitaciones de la ronda uno,https://www.vonwobeser.com/index.php/publicacion?p_id=741,https://www.vonwobeser.com/index.php/publicaciones/noticias?start=590,"Noviembre, 2015",2015-11,month,200,correcto,https://www.vonwobeser.com/index.php/publicacion?p_id=741,,1,legacy_id,741,,bedddf8c-af8d-4932-873c-bb5fb68bf106,modificaciones-a-las-bases-de-la-licitacion-y-al-modelo-de-contrato-de-la-tercer,news,,project_date_missing
es:739,es,news,739,Latin Lawyer- Pro Bono 2015: Leading Lights,https://www.vonwobeser.com/index.php/publicacion?p_id=739,https://www.vonwobeser.com/index.php/publicaciones/noticias?start=590,"Diciembre, 2015",2015-12,month,200,correcto,https://www.vonwobeser.com/index.php/publicacion?p_id=739,,1,legacy_id,739,,f5ab9789-e2f7-4e94-9269-f5be8e20cba2,latin-lawyer-pro-bono-2015-leading-lights-2,news,,project_date_missing
es:737,es,news,737,"Dr. Edmund Duckwitz, Of Counsel en Von Wobeser y Sierra, S.C. ha recibido la más alta distinción del gobierno mexicano “La Orden Mexicana del Águila Azteca en grado de banda”",https://www.vonwobeser.com/index.php/publicacion?p_id=737,https://www.vonwobeser.com/index.php/publicaciones/noticias?start=580,"Diciembre, 2015",2015-12,month,200,correcto,https://www.vonwobeser.com/index.php/publicacion?p_id=737,,1,legacy_id,737,,f8ddcd70-c13f-492a-ba10-55e2fe9de327,dr-edmund-duckwitz-of-counsel-en-von-wobeser-y-sierra-s-c-ha-recibido-la-mas-alt,news,,project_date_missing
es:735,es,news,735,GCR- Reconoce Global Competition Review a Fernando Carreño,https://www.vonwobeser.com/index.php/publicacion?p_id=735,https://www.vonwobeser.com/index.php/publicaciones/noticias?start=580,"Diciembre, 2015",2015-12,month,200,correcto,https://www.vonwobeser.com/index.php/publicacion?p_id=735,,1,legacy_id,735,,ca6cbcfa-362e-49f4-aefd-d7e4855f5b1b,gcr-reconoce-global-competition-review-a-fernando-carreno,news,,project_date_missing
es:733,es,news,733,VWYS apoya y celebra la Judicial Integrity Initiative de la IBA mediante la presentación de los resultados preliminares de la JII,https://www.vonwobeser.com/index.php/publicacion?p_id=733,https://www.vonwobeser.com/index.php/publicaciones/noticias?start=580,"Diciembre, 2015",2015-12,month,200,correcto,https://www.vonwobeser.com/index.php/publicacion?p_id=733,,1,legacy_id,733,,8ece1157-2427-4de4-9c17-61511c5a5a6b,vwys-apoya-y-celebra-la-judicial-integrity-initiative-de-la-iba-mediante-la-pres,news,,project_date_missing
es:731,es,news,731,Se publica Acuerdo por el que se crea el SIAAT y se dan a conocer los formatos para informar los accidentes y defunciones de los trabajadores,https://www.vonwobeser.com/index.php/publicacion?p_id=731,https://www.vonwobeser.com/index.php/publicaciones/noticias?start=580,"Diciembre, 2015",2015-12,month,200,correcto,https://www.vonwobeser.com/index.php/publicacion?p_id=731,,1,legacy_id,731,,46458bea-ffa8-44e6-b065-3eb7df668865,se-publica-acuerdo-por-el-que-se-crea-el-siaat-y-se-dan-a-conocer-los-formatos-p,news,,project_date_missing
es:724,es,news,724,International Chamber of Commerce (ICC) – Andrés Nieto – Conferencia de Arbitraje Financiero,https://www.vonwobeser.com/index.php/publicacion?p_id=724,https://www.vonwobeser.com/index.php/publicaciones/noticias?start=500,"Marzo, 2017",2017-03,month,200,correcto,https://www.vonwobeser.com/index.php/publicacion?p_id=724,,1,legacy_id,724,,bd9e34db-810b-4cd1-98c0-e9422841368c,international-chamber-of-commerce-icc-andres-nieto-conferencia-de-arbitraje-fina,news,,project_date_missing
es:693,es,news,693,Latin Lawyer - Von Wobeser ayuda a minera New Gold,https://www.vonwobeser.com/index.php/publicacion?p_id=693,https://www.vonwobeser.com/index.php/publicaciones/noticias?start=740,"Mayo, 2012",2012-05,month,200,correcto,https://www.vonwobeser.com/index.php/publicacion?p_id=693,,1,legacy_id,693,,9ff96c2e-d6f8-4a66-8106-06709744243e,latin-lawyer-von-wobeser-ayuda-a-minera-new-gold,,,project_date_missing
es:691,es,news,691,Von Wobeser y Sierra S.C. representó a Anheuser Busch InBev en la compra de Grupo Modelo,https://www.vonwobeser.com/index.php/publicacion?p_id=691,https://www.vonwobeser.com/index.php/publicaciones/noticias?start=740,"Julio, 2012",2012-07,month,200,correcto,https://www.vonwobeser.com/index.php/publicacion?p_id=691,,1,legacy_id,691,,4a0b74c3-7ecc-450a-ad47-b35e87e46033,von-wobeser-y-sierra-s-c-represento-a-anheuser-busch-inbev-en-la-compra-de-grupo,news,,project_date_missing
es:689,es,news,689,Latin Lawyer - Ocho despachos involucrados en la compra de Grupo Modelo,https://www.vonwobeser.com/index.php/publicacion?p_id=689,https://www.vonwobeser.com/index.php/publicaciones/noticias?start=740,"Julio, 2012",2012-07,month,200,correcto,https://www.vonwobeser.com/index.php/publicacion?p_id=689,,1,legacy_id,689,,6f2d235e-ec85-499c-bb22-dfdb6e57dddf,latin-lawyer-ocho-despachos-involucrados-en-la-compra-de-grupo-modelo,news,,project_date_missing
es:687,es,news,687,"Global Arbitration Review - Von Wobeser en el asiento de conductor en relación a juicio en Costa Rica, Agosto 2012",https://www.vonwobeser.com/index.php/publicacion?p_id=687,https://www.vonwobeser.com/index.php/publicaciones/noticias?start=740,"Agosto, 2012",2012-08,month,200,correcto,https://www.vonwobeser.com/index.php/publicacion?p_id=687,,1,legacy_id,687,,9252454f-4439-4c48-a2c1-e99518be355f,global-arbitration-review-von-wobeser-en-el-asiento-de-conductor-en-relacion-a-j,news,,project_date_missing
es:685,es,news,685,Von Wobeser y Sierra S.C. reconocido por Chambers Latin America.,https://www.vonwobeser.com/index.php/publicacion?p_id=685,https://www.vonwobeser.com/index.php/publicaciones/noticias?start=740,"Septiembre, 2012",2012-09,month,200,correcto,https://www.vonwobeser.com/index.php/publicacion?p_id=685,,1,legacy_id,685,,d8122f93-77d8-4535-af69-11c6fc720942,von-wobeser-y-sierra-s-c-reconocido-por-chambers-latin-america,news,,project_date_missing
es:683,es,news,683,Von Wobeser y Sierra S.C. reconocido por Legal 500.,https://www.vonwobeser.com/index.php/publicacion?p_id=683,https://www.vonwobeser.com/index.php/publicaciones/noticias?start=740,"Septiembre, 2012",2012-09,month,200,correcto,https://www.vonwobeser.com/index.php/publicacion?p_id=683,,1,legacy_id,683,,9e65e5a5-a33d-40a1-8bae-b78d525871c1,von-wobeser-y-sierra-s-c-reconocido-por-legal-500,news,,project_date_missing
es:682,es,news,682,"Von Wobeser y Sierra S.C., participó en el taller “Enhancing Global Cartel Enforcement, Building on Solid Foundations” del ICN.",https://www.vonwobeser.com/index.php/publicacion?p_id=682,https://www.vonwobeser.com/index.php/publicaciones/noticias?start=740,"Octubre, 2012",2012-10,month,200,correcto,https://www.vonwobeser.com/index.php/publicacion?p_id=682,,1,legacy_id,682,,15777536-5882-43ff-bf60-1efbc3f6acd8,von-wobeser-y-sierra-s-c-participo-en-el-taller-enhancing-global-cartel-enforcem,news,,project_date_missing
es:680,es,news,680,"Von Wobeser y Sierra S.C.participará en el Seminario de la ICC, “Solución de Controversias Financieras”",https://www.vonwobeser.com/index.php/publicacion?p_id=680,https://www.vonwobeser.com/index.php/publicaciones/noticias?start=740,"Octubre, 2012",2012-10,month,200,correcto,https://www.vonwobeser.com/index.php/publicacion?p_id=680,,1,legacy_id,680,,0a1cc0cf-af3e-4829-805d-470dc4abdd70,von-wobeser-y-sierra-s-c-participara-en-el-seminario-de-la-icc-solucion-de-contr,news,,project_date_missing
es:676,es,news,676,Global Competition Review - AB InBev/Grupo Modelo aprobado en México,https://www.vonwobeser.com/index.php/publicacion?p_id=676,https://www.vonwobeser.com/index.php/publicaciones/noticias?start=740,"Noviembre, 2012",2012-11,month,200,correcto,https://www.vonwobeser.com/index.php/publicacion?p_id=676,,1,legacy_id,676,,921548d8-aad6-4b67-8160-e098914e2929,global-competition-review-ab-inbev-grupo-modelo-aprobado-en-mexico,news,,project_date_missing
es:674,es,news,674,Latin Lawyer - AB InBev/Grupo Modelo aprobado en México,https://www.vonwobeser.com/index.php/publicacion?p_id=674,https://www.vonwobeser.com/index.php/publicaciones/noticias?start=740,"Noviembre, 2012",2012-11,month,200,correcto,https://www.vonwobeser.com/index.php/publicacion?p_id=674,,1,legacy_id,674,,2520185f-498e-41ff-a800-9c08d5332b0d,latin-lawyer-ab-inbev-grupo-modelo-aprobado-en-mexico,news,,project_date_missing
es:672,es,news,672,Latin Lawyer-New Gold regresa a despachos conocidos para expedición de $500 millones,https://www.vonwobeser.com/index.php/publicacion?p_id=672,https://www.vonwobeser.com/index.php/publicaciones/noticias?start=730,"Noviembre, 2012",2012-11,month,200,correcto,https://www.vonwobeser.com/index.php/publicacion?p_id=672,,1,legacy_id,672,,d3f34b86-b491-403a-9fdd-6e3537fe4c37,latin-lawyer-new-gold-regresa-a-despachos-conocidos-para-expedicion-de-500-millo,news,,project_date_missing
es:670,es,news,670,Reformas a la Ley Federal del Trabajo,https://www.vonwobeser.com/index.php/publicacion?p_id=670,https://www.vonwobeser.com/index.php/publicaciones/noticias?start=730,"Diciembre, 2012",2012-12,month,200,correcto,https://www.vonwobeser.com/index.php/publicacion?p_id=670,,1,legacy_id,670,,f95cbd0b-713a-41b0-ab5f-7986154ba7bb,reformas-a-la-ley-federal-del-trabajo-2,news,,project_date_missing
es:668,es,news,668,Nueva Legislación Migratoria en México,https://www.vonwobeser.com/index.php/publicacion?p_id=668,https://www.vonwobeser.com/index.php/publicaciones/noticias?start=730,"Diciembre, 2012",2012-12,month,200,correcto,https://www.vonwobeser.com/index.php/publicacion?p_id=668,,1,legacy_id,668,,d1e0e884-6731-4e22-929f-64441a14ec04,nueva-legislacion-migratoria-en-mexico,news,,project_date_missing
es:666,es,news,666,Ley Federal para la Prevención e Identificación de Operaciones con Recursos de Procedencia Ilícita,https://www.vonwobeser.com/index.php/publicacion?p_id=666,https://www.vonwobeser.com/index.php/publicaciones/noticias?start=730,"Enero, 2013",2013-01,month,200,correcto,https://www.vonwobeser.com/index.php/publicacion?p_id=666,,1,legacy_id,666,,b865e51d-a34e-4c83-9dd5-c27f2f47e8a6,ley-federal-para-la-prevencion-e-identificacion-de-operaciones-con-recursos-de-p-6,news,,project_date_missing
es:664,es,news,664,Reformas a la ley Federal del Trabajo,https://www.vonwobeser.com/index.php/publicacion?p_id=664,https://www.vonwobeser.com/index.php/publicaciones/noticias?start=730,"Enero, 2013",2013-01,month,200,correcto,https://www.vonwobeser.com/index.php/publicacion?p_id=664,,1,legacy_id,664,,179323c7-5b2e-45d5-a389-06015325b530,reformas-a-la-ley-federal-del-trabajo,news,,project_date_missing
es:662,es,news,662,Von Wobeser y Sierra S.C. promueve a Adrían Magallanes a Socio,https://www.vonwobeser.com/index.php/publicacion?p_id=662,https://www.vonwobeser.com/index.php/publicaciones/noticias?start=730,"Enero, 2013",2013-01,month,200,correcto,https://www.vonwobeser.com/index.php/publicacion?p_id=662,,1,legacy_id,662,,5057c946-417a-47ed-a0f9-80115c051b84,von-wobeser-y-sierra-s-c-promueve-a-adrian-magallanes-a-socio,news,,project_date_missing
es:660,es,news,660,Von Wobeser y Sierra S.C. promueve a Edmond Grieger a Socio,https://www.vonwobeser.com/index.php/publicacion?p_id=660,https://www.vonwobeser.com/index.php/publicaciones/noticias?start=730,"Enero, 2013",2013-01,month,200,correcto,https://www.vonwobeser.com/index.php/publicacion?p_id=660,,1,legacy_id,660,,a11f84b4-cb73-4463-bb6b-4e43c76d859d,von-wobeser-y-sierra-s-c-promueve-a-edmond-grieger-a-socio,news,,project_date_missing
es:658,es,news,658,Von Wobeser y Sierra S.C. participará en la reunión de Alto Nivel sobre Arbitraje Comercial Internacional de la Organización de los Estados Americanos (OEA),https://www.vonwobeser.com/index.php/publicacion?p_id=658,https://www.vonwobeser.com/index.php/publicaciones/noticias?start=730,"Enero, 2013",2013-01,month,200,correcto,https://www.vonwobeser.com/index.php/publicacion?p_id=658,,1,legacy_id,658,,beecea3d-ae5c-42b9-9b19-4dc8e9b824e9,von-wobeser-y-sierra-s-c-participara-en-la-reunion-de-alto-nivel-sobre-arbitraje,news,,project_date_missing
es:656,es,news,656,Latin Lawyer - Más firmas promueven Socios,https://www.vonwobeser.com/index.php/publicacion?p_id=656,https://www.vonwobeser.com/index.php/publicaciones/noticias?start=730,"Enero, 2013",2013-01,month,200,correcto,https://www.vonwobeser.com/index.php/publicacion?p_id=656,,1,legacy_id,656,,bef3ba83-0461-4fb2-9e0b-3a6724dbbb33,latin-lawyer-mas-firmas-promueven-socios,news,,project_date_missing
es:654,es,news,654,Global Arbitration Review - Von Wobeser promueve nuevo Socio,https://www.vonwobeser.com/index.php/publicacion?p_id=654,https://www.vonwobeser.com/index.php/publicaciones/noticias?start=730,"Enero, 2013",2013-01,month,200,correcto,https://www.vonwobeser.com/index.php/publicacion?p_id=654,,1,legacy_id,654,,220fac9a-a997-49ce-9343-2c2c48748add,global-arbitration-review-von-wobeser-promueve-nuevo-socio,news,,project_date_missing
es:535,es,news,535,"Latin Lawyer - Von Wobeser y Sierra, S.C. gana “M&A Deal of the Year 2013”",https://www.vonwobeser.com/index.php/publicacion?p_id=535,https://www.vonwobeser.com/index.php/publicaciones/noticias?start=660,"Marzo, 2014",2014-03,month,200,correcto,https://www.vonwobeser.com/index.php/publicacion?p_id=535,,1,legacy_id,535,,ef4fa80b-1703-43c2-bb4c-9ea763e3f6a8,latin-lawyer-von-wobeser-y-sierra-s-c-gana-m-a-deal-of-the-year-2013,news,,project_date_missing
es:533,es,news,533,"Seminario, “Nuevas Alternativas para la Solución de Controversias en un Mercado Global""",https://www.vonwobeser.com/index.php/publicacion?p_id=533,https://www.vonwobeser.com/index.php/publicaciones/noticias?start=660,"Abril, 2014",2014-04,month,200,correcto,https://www.vonwobeser.com/index.php/publicacion?p_id=533,,1,legacy_id,533,,07078c3f-14ba-47dd-9c6c-6c0052a07182,seminario-nuevas-alternativas-para-la-solucion-de-controversias-en-un-mercado-gl,news,,project_date_missing
es:531,es,news,531,"Von Wobeser y Sierra, S.C. gana el “M&A Deal of the Year” de Latin Lawyer",https://www.vonwobeser.com/index.php/publicacion?p_id=531,https://www.vonwobeser.com/index.php/publicaciones/noticias?start=660,"Abril, 2014",2014-04,month,200,correcto,https://www.vonwobeser.com/index.php/publicacion?p_id=531,,1,legacy_id,531,,197b09c3-3119-409d-bdc5-b3a41cfbb66a,von-wobeser-y-sierra-s-c-gana-el-m-a-deal-of-the-year-de-latin-lawyer,news,,project_date_missing
es:529,es,news,529,"Von Wobeser y Sierra, S.C. participó en conjunto con la CWAG",https://www.vonwobeser.com/index.php/publicacion?p_id=529,https://www.vonwobeser.com/index.php/publicaciones/noticias?start=660,"Abril, 2014",2014-04,month,200,correcto,https://www.vonwobeser.com/index.php/publicacion?p_id=529,,1,legacy_id,529,,0dd6e160-bc58-4466-aaf6-c005db0bf94d,von-wobeser-y-sierra-s-c-participo-en-conjunto-con-la-cwag,news,,project_date_missing
es:527,es,news,527,Nueva Ley Federal de Competencia Económica,https://www.vonwobeser.com/index.php/publicacion?p_id=527,https://www.vonwobeser.com/index.php/publicaciones/noticias?start=660,"Mayo, 2014",2014-05,month,200,correcto,https://www.vonwobeser.com/index.php/publicacion?p_id=527,,1,legacy_id,527,,bed9bfb0-62fe-438b-bfc5-62fcd1840a3c,nueva-ley-federal-de-competencia-economica,news,,project_date_missing
es:525,es,news,525,"Latin Lawyer - Von Wobeser y Sierra, SC es reconocido con el premio anual de Latin Lawyer “M&A Deal of the Year”",https://www.vonwobeser.com/index.php/publicacion?p_id=525,https://www.vonwobeser.com/index.php/publicaciones/noticias?start=660,"Mayo, 2014",2014-05,month,200,correcto,https://www.vonwobeser.com/index.php/publicacion?p_id=525,,1,legacy_id,525,,f626bbdc-78f2-4fea-910a-c0406e4688e8,latin-lawyer-von-wobeser-y-sierra-sc-es-reconocido-con-el-premio-anual-de-latin-,news,,project_date_missing
es:523,es,news,523,IFLR Energy & Infrastructure Latam - Edmond Grieger es reconocido como abogado líder.,https://www.vonwobeser.com/index.php/publicacion?p_id=523,https://www.vonwobeser.com/index.php/publicaciones/noticias?start=660,"Mayo, 2014",2014-05,month,200,correcto,https://www.vonwobeser.com/index.php/publicacion?p_id=523,,1,legacy_id,523,,817c1529-77af-4ac1-b262-a8e2b929c3cc,iflr-energy-infrastructure-latam-edmond-grieger-es-reconocido-como-abogado-lider,news,,project_date_missing
es:521,es,news,521,"Von Wobeser y Sierra, S.C. estará presente en la conferencia INTA 2014",https://www.vonwobeser.com/index.php/publicacion?p_id=521,https://www.vonwobeser.com/index.php/publicaciones/noticias?start=660,"Mayo, 2014",2014-05,month,200,correcto,https://www.vonwobeser.com/index.php/publicacion?p_id=521,,1,legacy_id,521,,99723673-f9e8-4546-ab07-7d95072763e8,von-wobeser-y-sierra-s-c-estara-presente-en-la-conferencia-inta-2014,news,,project_date_missing
es:519,es,news,519,Latin Lawyer - Arca y Coca-Cola cierran compra en Ecuador,https://www.vonwobeser.com/index.php/publicacion?p_id=519,https://www.vonwobeser.com/index.php/publicaciones/noticias?start=660,"Mayo, 2014",2014-05,month,200,correcto,https://www.vonwobeser.com/index.php/publicacion?p_id=519,,1,legacy_id,519,,7686ebe0-1000-4856-8a05-77e7f74b6279,latin-lawyer-arca-y-coca-cola-cierran-compra-en-ecuador,news,,project_date_missing
es:517,es,news,517,"Latin Lawyer - El despacho Von Wobeser y Sierra, S.C. guía la adquisición de Palladium",https://www.vonwobeser.com/index.php/publicacion?p_id=517,https://www.vonwobeser.com/index.php/publicaciones/noticias?start=660,"Junio, 2014",2014-06,month,200,correcto,https://www.vonwobeser.com/index.php/publicacion?p_id=517,,1,legacy_id,517,,f960773a-150b-4530-8acc-e640014bfd0e,latin-lawyer-el-despacho-von-wobeser-y-sierra-s-c-guia-la-adquisicion-de-palladi,news,,project_date_missing
es:515,es,news,515,"Von Wobeser y Sierra, S.C. gana reconocimiento, Global Awards 2014: Despacho Legal en México relacionado al Arbitraje 2014",https://www.vonwobeser.com/index.php/publicacion?p_id=515,https://www.vonwobeser.com/index.php/publicaciones/noticias?start=650,"Junio, 2014",2014-06,month,200,correcto,https://www.vonwobeser.com/index.php/publicacion?p_id=515,,1,legacy_id,515,,bfc77b95-1aae-40fc-a8a8-1cfccdf10581,von-wobeser-y-sierra-s-c-gana-reconocimiento-global-awards-2014-despacho-legal-e,news,,project_date_missing
es:513,es,news,513,"Socio, Andrés Nieto es nombrado Vicepresidente del Comité de Ética Internacional de la Sección Internacional de Derecho en la Barra Americana de Abogados (ABA)Sección Internacional de Derecho en la Barra Americana de Abogados (ABA)",https://www.vonwobeser.com/index.php/publicacion?p_id=513,https://www.vonwobeser.com/index.php/publicaciones/noticias?start=650,"Junio, 2014",2014-06,month,200,correcto,https://www.vonwobeser.com/index.php/publicacion?p_id=513,,1,legacy_id,513,,f5eaab02-bb26-401f-8f39-48b8cc03b34c,socio-andres-nieto-es-nombrado-vicepresidente-del-comite-de-etica-internacional-,news,,project_date_missing
es:511,es,news,511,"Von Wobeser y Sierra, S.C. participó en la conferencia organizada por ALARB y la ICC-México.",https://www.vonwobeser.com/index.php/publicacion?p_id=511,https://www.vonwobeser.com/index.php/publicaciones/noticias?start=650,"Junio, 2014",2014-06,month,200,correcto,https://www.vonwobeser.com/index.php/publicacion?p_id=511,,1,legacy_id,511,,530785ac-c0f4-462c-b56b-3ef25277aba7,von-wobeser-y-sierra-s-c-participo-en-la-conferencia-organizada-por-alarb-y-la-i,news,,project_date_missing
es:509,es,news,509,"Von Wobeser y Sierra, S.C. asesora a BMW en su inversión de USD mil millones en México.",https://www.vonwobeser.com/index.php/publicacion?p_id=509,https://www.vonwobeser.com/index.php/publicaciones/noticias?start=650,"Julio, 2014",2014-07,month,200,correcto,https://www.vonwobeser.com/index.php/publicacion?p_id=509,,1,legacy_id,509,,37dd6562-c4fd-4e05-96cc-0cc452ae4472,von-wobeser-y-sierra-s-c-asesora-a-bmw-en-su-inversion-de-usd-mil-millones-en-me,news,,project_date_missing
es:507,es,news,507,"Von Wobeser y Sierra, S.C. incorpora al Dr. Edmund Duckwitz, Ex Embajador de Alemania en México a su equipo",https://www.vonwobeser.com/index.php/publicacion?p_id=507,https://www.vonwobeser.com/index.php/publicaciones/noticias?start=650,"Julio, 2014",2014-07,month,200,correcto,https://www.vonwobeser.com/index.php/publicacion?p_id=507,,1,legacy_id,507,,e53d1767-b919-4fc0-a61e-d6cd3c7d8230,von-wobeser-y-sierra-s-c-incorpora-al-dr-edmund-duckwitz-ex-embajador-de-alemani,news,,project_date_missing
es:505,es,news,505,"Latin Lawyer - Von Wobeser y Sierra, S.C. devela la creación de una planta de BMW por un valor de mil millones de dólares en México",https://www.vonwobeser.com/index.php/publicacion?p_id=505,https://www.vonwobeser.com/index.php/publicaciones/noticias?start=650,"Julio, 2014",2014-07,month,200,correcto,https://www.vonwobeser.com/index.php/publicacion?p_id=505,,1,legacy_id,505,,939bcefd-3f15-428a-93b9-607491e8a543,latin-lawyer-von-wobeser-y-sierra-s-c-devela-la-creacion-de-una-planta-de-bmw-po,news,,project_date_missing
es:503,es,news,503,Global Competition Review - Reestructuración de América Móvil anticipando cambios en la ley,https://www.vonwobeser.com/index.php/publicacion?p_id=503,https://www.vonwobeser.com/index.php/publicaciones/noticias?start=650,"Julio, 2014",2014-07,month,200,correcto,https://www.vonwobeser.com/index.php/publicacion?p_id=503,,1,legacy_id,503,,6f5fb29d-5496-4087-9cf0-4b3043d4ae0d,global-competition-review-reestructuracion-de-america-movil-anticipando-cambios-,news,,project_date_missing
es:501,es,news,501,"IFLR 1000 – Von Wobeser y Sierra, S.C. asesorá a BMW en su inversión de mil millones de dólares",https://www.vonwobeser.com/index.php/publicacion?p_id=501,https://www.vonwobeser.com/index.php/publicaciones/noticias?start=650,"Julio, 2014",2014-07,month,200,correcto,https://www.vonwobeser.com/index.php/publicacion?p_id=501,,1,legacy_id,501,,ba9996c7-cbc4-4656-a4f4-0d8441a8538e,iflr-1000-von-wobeser-y-sierra-s-c-asesora-a-bmw-en-su-inversion-de-mil-millones,news,,project_date_missing
es:499,es,news,499,Latin Lawyer - El misterio de nuestra profesión,https://www.vonwobeser.com/index.php/publicacion?p_id=499,https://www.vonwobeser.com/index.php/publicaciones/noticias?start=650,"Julio, 2014",2014-07,month,200,correcto,https://www.vonwobeser.com/index.php/publicacion?p_id=499,,1,legacy_id,499,,a14c5575-e171-4aec-82c5-011dc8a4c43b,latin-lawyer-el-misterio-de-nuestra-profesion,news,,project_date_missing
es:497,es,news,497,"Von Wobeser y Sierra, S.C. asesoró a Enerflex en la adquisición estratégica de un negocio de contratos internacionales para servicios de compresión, procesamiento y refacciones por 430 millones de dólares",https://www.vonwobeser.com/index.php/publicacion?p_id=497,https://www.vonwobeser.com/index.php/publicaciones/noticias?start=650,"Julio, 2014",2014-07,month,200,correcto,https://www.vonwobeser.com/index.php/publicacion?p_id=497,,1,legacy_id,497,,e314da90-757b-423b-ba9e-0d69bae3161e,von-wobeser-y-sierra-s-c-asesoro-a-enerflex-en-la-adquisicion-estrategica-de-un-,news,,project_date_missing
es:495,es,news,495,Latin Lawyer - La reforma de base a las telecomunicaciones en México en vías de promulgarse,https://www.vonwobeser.com/index.php/publicacion?p_id=495,https://www.vonwobeser.com/index.php/publicaciones/noticias?start=640,"Julio, 2014",2014-07,month,200,correcto,https://www.vonwobeser.com/index.php/publicacion?p_id=495,,1,legacy_id,495,,43e9c29a-e00e-417d-af05-c80897d97344,latin-lawyer-la-reforma-de-base-a-las-telecomunicaciones-en-mexico-en-vias-de-pr,news,,project_date_missing
es:493,es,news,493,"Latin Lawyer-Von Wobeser y Sierra, S.C. contrata a Ex Embajador de Alemania en México como asesor",https://www.vonwobeser.com/index.php/publicacion?p_id=493,https://www.vonwobeser.com/index.php/publicaciones/noticias?start=640,"Julio, 2014",2014-07,month,200,correcto,https://www.vonwobeser.com/index.php/publicacion?p_id=493,,1,legacy_id,493,,3950b5d3-32da-4607-8c84-c0974d051f90,latin-lawyer-von-wobeser-y-sierra-s-c-contrata-a-ex-embajador-de-alemania-en-mex,news,,project_date_missing
es:491,es,news,491,Latin Lawyer - VWyS y Creel participan en convenio Enerflex-Axip,https://www.vonwobeser.com/index.php/publicacion?p_id=491,https://www.vonwobeser.com/index.php/publicaciones/noticias?start=640,"Julio, 2014",2014-07,month,200,correcto,https://www.vonwobeser.com/index.php/publicacion?p_id=491,,1,legacy_id,491,,3a980d5d-ea84-4df7-bffb-59f1e62554b7,latin-lawyer-vwys-y-creel-participan-en-convenio-enerflex-axip,news,,project_date_missing
es:489,es,news,489,Investigación en Materia de Competencia Económica de los Mercados del Sector Financiero,https://www.vonwobeser.com/index.php/publicacion?p_id=489,https://www.vonwobeser.com/index.php/publicaciones/noticias?start=640,"Julio, 2014",2014-07,month,200,correcto,https://www.vonwobeser.com/index.php/publicacion?p_id=489,,1,legacy_id,489,,377fd39f-0ed9-4524-b002-eb460f6ba6a4,investigacion-en-materia-de-competencia-economica-de-los-mercados-del-sector-fin,news,,project_date_missing
es:487,es,news,487,Leyes Reglamentarias a la Reforma Constitucional en Materia de Telecomunicaciones,https://www.vonwobeser.com/index.php/publicacion?p_id=487,https://www.vonwobeser.com/index.php/publicaciones/noticias?start=640,"Julio, 2014",2014-07,month,200,correcto,https://www.vonwobeser.com/index.php/publicacion?p_id=487,,1,legacy_id,487,,eed759e2-50b9-421a-9441-a9f49a94067b,leyes-reglamentarias-a-la-reforma-constitucional-en-materia-de-telecomunicacione,news,,project_date_missing
es:485,es,news,485,Latin Lawyer-Von Wobeser dirige acuerdo de compra de energía eólica mexicana,https://www.vonwobeser.com/index.php/publicacion?p_id=485,https://www.vonwobeser.com/index.php/publicaciones/noticias?start=640,"Julio, 2014",2014-07,month,200,correcto,https://www.vonwobeser.com/index.php/publicacion?p_id=485,,1,legacy_id,485,,6128c6e6-5722-454b-8ade-d6097109b937,latin-lawyer-von-wobeser-dirige-acuerdo-de-compra-de-energia-eolica-mexicana,news,,project_date_missing
es:483,es,news,483,Juicios de Amparo contra diversas disposiciones fiscales vigentes en 2014,https://www.vonwobeser.com/index.php/publicacion?p_id=483,https://www.vonwobeser.com/index.php/publicaciones/noticias?start=640,"Agosto, 2014",2014-08,month,200,correcto,https://www.vonwobeser.com/index.php/publicacion?p_id=483,,1,legacy_id,483,,cac725a3-21c8-47cd-8cac-074019e6f295,juicios-de-amparo-contra-diversas-disposiciones-fiscales-vigentes-en-2014,news,,project_date_missing
es:481,es,news,481,Reforma Energética - Legislación Secundaria,https://www.vonwobeser.com/index.php/publicacion?p_id=481,https://www.vonwobeser.com/index.php/publicaciones/noticias?start=640,"Agosto, 2014",2014-08,month,200,correcto,https://www.vonwobeser.com/index.php/publicacion?p_id=481,,1,legacy_id,481,,a9f1ba4a-d2f3-4596-bdf9-37036cd6fdee,reforma-energetica-legislacion-secundaria,news,,project_date_missing
es:479,es,news,479,"Periódico am, Impulsará Energética a las Manufacturas, Agosto 2014.",https://www.vonwobeser.com/index.php/publicacion?p_id=479,https://www.vonwobeser.com/index.php/publicaciones/noticias?start=640,"Agosto, 2014",2014-08,month,200,correcto,https://www.vonwobeser.com/index.php/publicacion?p_id=479,,1,legacy_id,479,,de577727-9988-4918-8fe1-4f19f1390056,periodico-am-impulsara-energetica-a-las-manufacturas-agosto-2014,news,,project_date_missing
es:477,es,news,477,VWyS reconocido por Global Investigations Review,https://www.vonwobeser.com/index.php/publicacion?p_id=477,https://www.vonwobeser.com/index.php/publicaciones/noticias?start=640,"Agosto, 2014",2014-08,month,200,correcto,https://www.vonwobeser.com/index.php/publicacion?p_id=477,,1,legacy_id,477,,92e00891-3065-4df2-9088-ed6a55a9da08,vwys-reconocido-por-global-investigations-review,news,,project_date_missing
es:475,es,news,475,Conagua otorga concesiones de agua para 'uso ambiental',https://www.vonwobeser.com/index.php/publicacion?p_id=475,https://www.vonwobeser.com/index.php/publicaciones/noticias?start=630,"Agosto, 2014",2014-08,month,200,correcto,https://www.vonwobeser.com/index.php/publicacion?p_id=475,,1,legacy_id,475,,2347b468-cf45-493f-a67d-04bf05c43d47,conagua-otorga-concesiones-de-agua-para-uso-ambiental,news,,project_date_missing
es:473,es,news,473,Latin Lawyer-Von Wobeser hace Pro Bono en ayuda a preservar agua de Pro Natura.,https://www.vonwobeser.com/index.php/publicacion?p_id=473,https://www.vonwobeser.com/index.php/publicaciones/noticias?start=630,"Agosto, 2014",2014-08,month,200,correcto,https://www.vonwobeser.com/index.php/publicacion?p_id=473,,1,legacy_id,473,,7f528d7c-c765-4000-8a2e-debfed46618f,latin-lawyer-von-wobeser-hace-pro-bono-en-ayuda-a-preservar-agua-de-pro-natura,news,,project_date_missing
es:471,es,news,471,Los Métodos de Resolución de Controversias en la Reforma Energética,https://www.vonwobeser.com/index.php/publicacion?p_id=471,https://www.vonwobeser.com/index.php/publicaciones/noticias?start=630,"Agosto, 2014",2014-08,month,200,correcto,https://www.vonwobeser.com/index.php/publicacion?p_id=471,,1,legacy_id,471,,fda90166-c6d5-44a1-9f08-141763c17ac3,los-metodos-de-resolucion-de-controversias-en-la-reforma-energetica,news,,project_date_missing
es:469,es,news,469,Entrada en vigor de disposiciones legales en materia de Anticorrupción,https://www.vonwobeser.com/index.php/publicacion?p_id=469,https://www.vonwobeser.com/index.php/publicaciones/noticias?start=490,"Julio, 2017",2017-07,month,200,correcto,https://www.vonwobeser.com/index.php/publicacion?p_id=469,,1,legacy_id,469,,9753643c-85d1-4592-86dc-ba8d5f70e51b,entrada-en-vigor-de-disposiciones-legales-en-materia-de-anticorrupcion,news,,project_date_missing
es:439,es,news,439,Von Wobeser y Sierra reconocido por GCR 100 como uno de los mejores despachos del mundo en competencia,https://www.vonwobeser.com/index.php/publicacion?p_id=439,https://www.vonwobeser.com/index.php/publicaciones/noticias?start=510,"Enero, 2017",2017-01,month,200,correcto,https://www.vonwobeser.com/index.php/publicacion?p_id=439,,0,,,422,,,,,project_missing
es:409,es,news,409,Von Wobeser y Sierra gana el asunto del año en GCR Awards 2017,https://www.vonwobeser.com/index.php/publicacion?p_id=409,https://www.vonwobeser.com/index.php/publicaciones/noticias?start=500,"Marzo, 2017",2017-03,month,200,correcto,https://www.vonwobeser.com/index.php/publicacion?p_id=409,,1,legacy_id,409,,6c2db10a-9ebb-4c2b-a7bb-555d4ef8ec67,von-wobeser-y-sierra-gana-el-asunto-del-ano-en-gcr-awards-2017,news,,project_date_missing
es:378,es,news,378,Nuevos salarios mínimos a partir del 1 de enero de 2015,https://www.vonwobeser.com/index.php/publicacion?p_id=378,https://www.vonwobeser.com/index.php/publicaciones/noticias?start=620,"Diciembre, 2014",2014-12,month,200,correcto,https://www.vonwobeser.com/index.php/publicacion?p_id=378,,1,legacy_id,378,,b5881b7b-d202-42f6-acc4-87f7d9304052,nuevos-salarios-minimos-a-partir-del-1-de-enero-de-2015,news,,project_date_missing
es:370,es,news,370,"Latin Lawyer – Empresas continúan abatidas de CADE, dice panel",https://www.vonwobeser.com/index.php/publicacion?p_id=370,https://www.vonwobeser.com/index.php/publicaciones/noticias?start=620,"Diciembre, 2014",2014-12,month,200,correcto,https://www.vonwobeser.com/index.php/publicacion?p_id=370,,1,legacy_id,370,,818ef439-acfc-4585-a398-f58762d39e3b,latin-lawyer-empresas-continuan-abatidas-de-cade-dice-panel,news,,project_date_missing
es:368,es,news,368,Latin Lawyer - Von Wobeser Líder Pro Bono,https://www.vonwobeser.com/index.php/publicacion?p_id=368,https://www.vonwobeser.com/index.php/publicaciones/noticias?start=620,"Noviembre, 2014",2014-11,month,200,correcto,https://www.vonwobeser.com/index.php/publicacion?p_id=368,,1,legacy_id,368,,65a1b57b-ae8d-4227-86a6-bc1f8a349f84,latin-lawyer-von-wobeser-lider-pro-bono,news,,project_date_missing
es:366,es,news,366,Global Investigations Review-Mexico: en una encrucijada at a crossroads.,https://www.vonwobeser.com/index.php/publicacion?p_id=366,https://www.vonwobeser.com/index.php/publicaciones/noticias?start=620,"Noviembre, 2014",2014-11,month,200,correcto,https://www.vonwobeser.com/index.php/publicacion?p_id=366,,1,legacy_id,366,,793efe08-a8a7-4f16-ba04-349a66b21902,global-investigations-review-mexico-en-una-encrucijada-at-a-crossroads,news,,project_date_missing
es:364,es,news,364,Global Competition Review-Mexico publica controversias regulaciones antimonopólicas,https://www.vonwobeser.com/index.php/publicacion?p_id=364,https://www.vonwobeser.com/index.php/publicaciones/noticias?start=620,"Noviembre, 2014",2014-11,month,200,correcto,https://www.vonwobeser.com/index.php/publicacion?p_id=364,,1,legacy_id,364,,2f072ea7-a2bb-40d8-ac02-cccf003b2c2a,global-competition-review-mexico-publica-controversias-regulaciones-antimonopoli,news,,project_date_missing
es:362,es,news,362,"Latin Lawyer - México publica controversias regulaciones antimonopólicas, Noviembre",https://www.vonwobeser.com/index.php/publicacion?p_id=362,https://www.vonwobeser.com/index.php/publicaciones/noticias?start=620,"Noviembre, 2014",2014-11,month,200,correcto,https://www.vonwobeser.com/index.php/publicacion?p_id=362,,1,legacy_id,362,,805eb3a4-4e33-45b0-9bf6-1ce3d63fc336,latin-lawyer-mexico-publica-controversias-regulaciones-antimonopolicas-noviembre,news,,project_date_missing
es:360,es,news,360,"Latin American Corporate Counsel Association (LACCA) reconoce a Von Wobeser y Sierra, S.C.",https://www.vonwobeser.com/index.php/publicacion?p_id=360,https://www.vonwobeser.com/index.php/publicaciones/noticias?start=620,"Octubre, 2014",2014-10,month,200,correcto,https://www.vonwobeser.com/index.php/publicacion?p_id=360,,1,legacy_id,360,,7a93327f-6fb8-457f-aab4-b4dd80976ea7,latin-american-corporate-counsel-association-lacca-reconoce-a-von-wobeser-y-sier,news,,project_date_missing
es:358,es,news,358,"Latin Lawyer-Von Wobeser ayuda a extender contrato portuario, resuelve disputa",https://www.vonwobeser.com/index.php/publicacion?p_id=358,https://www.vonwobeser.com/index.php/publicaciones/noticias?start=620,"Octubre, 2014",2014-10,month,200,correcto,https://www.vonwobeser.com/index.php/publicacion?p_id=358,,1,legacy_id,358,,5f534cc7-56e8-4a28-a30a-57356e92e7d4,latin-lawyer-von-wobeser-ayuda-a-extender-contrato-portuario-resuelve-disputa,news,,project_date_missing
es:356,es,news,356,"Latin Lawyer - Tomando la Delantera, Septiembre 2014.",https://www.vonwobeser.com/index.php/publicacion?p_id=356,https://www.vonwobeser.com/index.php/publicaciones/noticias?start=630,"Septiembre, 2014",2014-09,month,200,correcto,https://www.vonwobeser.com/index.php/publicacion?p_id=356,,1,legacy_id,356,,58e8860c-4ce5-481e-afb2-f1de6c7d4e88,latin-lawyer-tomando-la-delantera-septiembre-2014,news,,project_date_missing
es:354,es,news,354,"IFLR 1000 - New Gold finaliza financiamiento de $ 300 millones de dólares, Septiembre",https://www.vonwobeser.com/index.php/publicacion?p_id=354,https://www.vonwobeser.com/index.php/publicaciones/noticias?start=630,"Septiembre, 2014",2014-09,month,200,correcto,https://www.vonwobeser.com/index.php/publicacion?p_id=354,,1,legacy_id,354,,e3f26cb4-dd8e-4d40-baf5-5788ca8aac24,iflr-1000-new-gold-finaliza-financiamiento-de-300-millones-de-dolares-septiembre,news,,project_date_missing
es:352,es,news,352,Compañía crediticia minera Canadiense representada por consejo mexicano,https://www.vonwobeser.com/index.php/publicacion?p_id=352,https://www.vonwobeser.com/index.php/publicaciones/noticias?start=630,"Agosto, 2014",2014-08,month,200,correcto,https://www.vonwobeser.com/index.php/publicacion?p_id=352,,1,legacy_id,352,,0c08ee56-72ef-4dd8-bb79-6cdb57f44dd6,compania-crediticia-minera-canadiense-representada-por-consejo-mexicano,news,,project_date_missing
es:298,es,news,298,"Fernando Carreño , Paloma Alcántara - Global Competition Review - The Antitrust Review of the Americas 2015, México",https://www.vonwobeser.com/index.php/publicacion?p_id=298,https://www.vonwobeser.com/index.php/publicaciones/noticias?start=630,"Septiembre, 2014",2014-09,month,200,correcto,https://www.vonwobeser.com/index.php/publicacion?p_id=298,,1,legacy_id,298,,555fa473-7485-4a29-a7a7-215abc12a2e2,fernando-carreno-paloma-alcantara-global-competition-review-the-antitrust-review-4,news,,project_date_missing
es:286,es,news,286,"Rodolfo Trampe, Jorge Díaz, Luis Alberto King , Fernando de Buen - Getting the Deal Through, Outsourcing México 2015",https://www.vonwobeser.com/index.php/publicacion?p_id=286,https://www.vonwobeser.com/index.php/publicaciones/noticias?start=630,"Octubre, 2014",2014-10,month,200,correcto,https://www.vonwobeser.com/index.php/publicacion?p_id=286,,1,legacy_id,286,,832c103a-cf0b-4e04-b4d8-6ce20a7506c5,rodolfo-trampe-jorge-diaz-luis-alberto-king-fernando-de-buen-getting-the-deal-th-3,news,,project_date_missing
es:283,es,news,283,"Diego Sierra - Global Investigations Review, The Investigations Review of the Americas",https://www.vonwobeser.com/index.php/publicacion?p_id=283,https://www.vonwobeser.com/index.php/publicaciones/noticias?start=630,"Octubre, 2014",2014-10,month,200,correcto,https://www.vonwobeser.com/index.php/publicacion?p_id=283,,1,legacy_id,283,,1e44c0a2-57e1-4fcb-ac50-9f98bddae90f,diego-sierra-global-investigations-review-the-investigations-review-of-the-ameri-3,news,,project_date_missing
es:282,es,news,282,"Andrés Nieto, Luis Burgueño - Getting the Deal Through, Private Equity",https://www.vonwobeser.com/index.php/publicacion?p_id=282,https://www.vonwobeser.com/index.php/publicaciones/noticias?start=630,"Octubre, 2014",2014-10,month,200,correcto,https://www.vonwobeser.com/index.php/publicacion?p_id=282,,1,legacy_id,282,,77a14c47-5eff-4882-a19d-4b01d35cb6d5,andres-nieto-luis-burgueno-getting-the-deal-through-private-equity,news,,project_date_missing
es:278,es,news,278,"Claus von Wobeser, Adrián Magallanes - Getting The Deal Through, Arbitraje Inversionista-Estado",https://www.vonwobeser.com/index.php/publicacion?p_id=278,https://www.vonwobeser.com/index.php/publicaciones/noticias?start=620,"Noviembre, 2014",2014-11,month,200,correcto,https://www.vonwobeser.com/index.php/publicacion?p_id=278,,1,legacy_id,278,,199f5800-d83b-4ef9-991d-11c03dfd4ef2,claus-von-wobeser-adrian-magallanes-getting-the-deal-through-arbitraje-inversion,news,,project_date_missing
es:236,es,news,236,"Dr. Edmund Duckwitz - Dr. Edmund Duckwitz, Of Counsel en Von Wobeser y Sierra, S.C. ha recibido la más alta distinción del gobierno mexicano “La Orden Mexicana del Águila Azteca en grado de banda”.",https://www.vonwobeser.com/index.php/publicacion?p_id=236,https://www.vonwobeser.com/index.php/publicaciones/noticias?start=580,"Diciembre, 2015",2015-12,month,200,correcto,https://www.vonwobeser.com/index.php/publicacion?p_id=236,,1,legacy_id,236,,39aede04-9186-45b0-b085-da08a1705894,dr-edmund-duckwitz-dr-edmund-duckwitz-of-counsel-en-von-wobeser-y-sierra-s-c-ha-,news,,project_date_missing
es:222,es,news,222,Repatriación de Capitales- Decreto que otorga diversas facilidades administrativas en materia del Impuesto Sobre la Renta,https://www.vonwobeser.com/index.php/publicacion?p_id=222,https://www.vonwobeser.com/index.php/publicaciones/noticias?start=490,"Mayo, 2017",2017-05,month,200,correcto,https://www.vonwobeser.com/index.php/publicacion?p_id=222,,1,legacy_id,222,,37cfa06c-27b0-4dfd-a63a-c01b7c04c4f4,repatriacion-de-capitales-decreto-que-otorga-diversas-facilidades-administrativa,news,,project_date_missing
es:188,es,news,188,Decreto que reforma los artículos 29 y 35; y adiciona los artículos 29 Ter y Quáter de la Ley del INFONAVIT,https://www.vonwobeser.com/index.php/publicacion?p_id=188,https://www.vonwobeser.com/index.php/publicaciones/noticias?start=580,"Enero, 2016",2016-01,month,200,correcto,https://www.vonwobeser.com/index.php/publicacion?p_id=188,,1,legacy_id,188,,9e6b24ba-1359-467e-b377-fa8ca636725e,decreto-que-reforma-los-articulos-29-y-35-y-adiciona-los-articulos-29-ter-y-quat,news,,project_date_missing
es:186,es,news,186,"Rodolfo Trampe es nombrado Socio de Von Wobeser y Sierra, S.C.",https://www.vonwobeser.com/index.php/publicacion?p_id=186,https://www.vonwobeser.com/index.php/publicaciones/noticias?start=580,"Enero, 2016",2016-01,month,200,correcto,https://www.vonwobeser.com/index.php/publicacion?p_id=186,,1,legacy_id,186,,2554889f-dc6c-4b5f-8911-d24670c7f510,rodolfo-trampe-es-nombrado-socio-de-von-wobeser-y-sierra-s-c,news,,project_date_missing
es:184,es,news,184,Paquete Fiscal 2016,https://www.vonwobeser.com/index.php/publicacion?p_id=184,https://www.vonwobeser.com/index.php/publicaciones/noticias?start=580,"Enero, 2016",2016-01,month,200,correcto,https://www.vonwobeser.com/index.php/publicacion?p_id=184,,1,legacy_id,184,,721652ac-1812-4894-a1c4-632cb8897439,paquete-fiscal-2016,news,,project_date_missing
es:180,es,news,180,Latin Lawyer-Nuevos Socios nombrados en despachos de México,https://www.vonwobeser.com/index.php/publicacion?p_id=180,https://www.vonwobeser.com/index.php/publicaciones/noticias?start=580,"Enero, 2016",2016-01,month,200,correcto,https://www.vonwobeser.com/index.php/publicacion?p_id=180,,1,legacy_id,180,,dccee1f5-1c66-4e51-9f40-e438a71e6785,latin-lawyer-nuevos-socios-nombrados-en-despachos-de-mexico,news,,project_date_missing
es:178,es,news,178,Constitucionalidad del límite a los salarios vencidos contemplado en la reforma a la Ley Federal del Trabajo de 2012,https://www.vonwobeser.com/index.php/publicacion?p_id=178,https://www.vonwobeser.com/index.php/publicaciones/noticias?start=570,"Febrero, 2016",2016-02,month,200,correcto,https://www.vonwobeser.com/index.php/publicacion?p_id=178,,1,legacy_id,178,,08f5d595-01db-4f41-9aed-f448cc0dec04,constitucionalidad-del-limite-a-los-salarios-vencidos-contemplado-en-la-reforma-,news,,project_date_missing
es:176,es,news,176,Comentarios al Modelo de Contrato de Licencia para la licitación de exploración en aguas profundas - 2016,https://www.vonwobeser.com/index.php/publicacion?p_id=176,https://www.vonwobeser.com/index.php/publicaciones/noticias?start=570,"Febrero, 2016",2016-02,month,200,correcto,https://www.vonwobeser.com/index.php/publicacion?p_id=176,,1,legacy_id,176,,b2c5dda7-cf9a-480b-8e14-f0684b199364,comentarios-al-modelo-de-contrato-de-licencia-para-la-licitacion-de-exploracion-,news,,project_date_missing
es:174,es,news,174,Modificación al Protocolo de actuación en materia de contrataciones públicas,https://www.vonwobeser.com/index.php/publicacion?p_id=174,https://www.vonwobeser.com/index.php/publicaciones/noticias?start=570,"Febrero, 2016",2016-02,month,200,correcto,https://www.vonwobeser.com/index.php/publicacion?p_id=174,,1,legacy_id,174,,73efeb45-5061-417c-9c96-fb58bfb260a4,modificacion-al-protocolo-de-actuacion-en-materia-de-contrataciones-publicas,news,,project_date_missing
es:172,es,news,172,Sociedades por Acciones Simplificadas: La nueva promesa para las empresas en México,https://www.vonwobeser.com/index.php/publicacion?p_id=172,https://www.vonwobeser.com/index.php/publicaciones/noticias?start=570,"Marzo, 2016",2016-03,month,200,correcto,https://www.vonwobeser.com/index.php/publicacion?p_id=172,,1,legacy_id,172,,f60d9fb3-b2e7-4022-976e-10b719294256,sociedades-por-acciones-simplificadas-la-nueva-promesa-para-las-empresas-en-mexi,news,,project_date_missing
es:170,es,news,170,"Latin Lawyer-Claus von Wobeser, Diego Sierra: Panel de ICC resuelve controversia de bebidas mexicanas",https://www.vonwobeser.com/index.php/publicacion?p_id=170,https://www.vonwobeser.com/index.php/publicaciones/noticias?start=570,"Marzo, 2016",2016-03,month,200,correcto,https://www.vonwobeser.com/index.php/publicacion?p_id=170,,1,legacy_id,170,,7ddcfd0b-5956-4316-b0a7-320afdcc8e5f,latin-lawyer-claus-von-wobeser-diego-sierra-panel-de-icc-resuelve-controversia-d,news,,project_date_missing
es:168,es,news,168,"Global Arbitration Review 100 (GAR 100) - Claus von Wobeser, Diego Sierra: Panel de ICC resuelve controversia de bebidas mexicanas",https://www.vonwobeser.com/index.php/publicacion?p_id=168,https://www.vonwobeser.com/index.php/publicaciones/noticias?start=570,"Abril, 2016",2016-04,month,200,correcto,https://www.vonwobeser.com/index.php/publicacion?p_id=168,,1,legacy_id,168,,12ca79bf-56c9-4965-bcb6-4d6cd9afcf4c,global-arbitration-review-100-gar-100-claus-von-wobeser-diego-sierra-panel-de-ic,news,,project_date_missing
es:166,es,news,166,Se implementa en México el sistema de oposición en el derecho marcario,https://www.vonwobeser.com/index.php/publicacion?p_id=166,https://www.vonwobeser.com/index.php/publicaciones/noticias?start=570,"Abril, 2016",2016-04,month,200,correcto,https://www.vonwobeser.com/index.php/publicacion?p_id=166,,1,legacy_id,166,,fbe71c29-acc6-44a8-8597-9797e167ea32,se-implementa-en-mexico-el-sistema-de-oposicion-en-el-derecho-marcario,news,,project_date_missing
es:164,es,news,164,LACCA: Quien representa las grandes empresas de América Latina 2015,https://www.vonwobeser.com/index.php/publicacion?p_id=164,https://www.vonwobeser.com/index.php/publicaciones/noticias?start=570,"Abril, 2016",2016-04,month,200,correcto,https://www.vonwobeser.com/index.php/publicacion?p_id=164,,1,legacy_id,164,,e5519246-b25e-4d04-a66f-a38a25931959,lacca-quien-representa-las-grandes-empresas-de-america-latina-2015,news,,project_date_missing
es:162,es,news,162,Mars compra productor de chocolates de la marca Conejo en México.,https://www.vonwobeser.com/index.php/publicacion?p_id=162,https://www.vonwobeser.com/index.php/publicaciones/noticias?start=570,"Abril, 2016",2016-04,month,200,correcto,https://www.vonwobeser.com/index.php/publicacion?p_id=162,,1,legacy_id,162,,48b039a9-4bbc-4d81-8760-c4921731ef6e,mars-compra-productor-de-chocolates-de-la-marca-conejo-en-mexico,news,,project_date_missing
es:160,es,news,160,Rodolfo Trampe - International Bar Association (IBA) – Annual Employment and Discrimation Law Conference 2016,https://www.vonwobeser.com/index.php/publicacion?p_id=160,https://www.vonwobeser.com/index.php/publicaciones/noticias?start=570,"Abril, 2016",2016-04,month,200,correcto,https://www.vonwobeser.com/index.php/publicacion?p_id=160,,1,legacy_id,160,,e3af71b8-1bc4-4189-8531-a7d3d504e27a,rodolfo-trampe-international-bar-association-iba-annual-employment-and-discrimat,news,,project_date_missing
es:158,es,news,158,Global Competition Review – GCR - AB InBev/SABMiller elimina obstáculos en América latina.,https://www.vonwobeser.com/index.php/publicacion?p_id=158,https://www.vonwobeser.com/index.php/publicaciones/noticias?start=560,"Mayo, 2016",2016-05,month,200,correcto,https://www.vonwobeser.com/index.php/publicacion?p_id=158,,1,legacy_id,158,,572f708e-dc03-458d-8364-e9136a9df338,global-competition-review-gcr-ab-inbev-sabmiller-elimina-obstaculos-en-america-l,news,,project_date_missing
es:156,es,news,156,Latin Lawyer – 2016 - AB InBev/SABMiller elimina obstáculos en América latina.,https://www.vonwobeser.com/index.php/publicacion?p_id=156,https://www.vonwobeser.com/index.php/publicaciones/noticias?start=560,"Mayo, 2016",2016-05,month,200,correcto,https://www.vonwobeser.com/index.php/publicacion?p_id=156,,1,legacy_id,156,,f23dbae4-8dd7-42ea-baab-afba95c7664f,latin-lawyer-2016-ab-inbev-sabmiller-elimina-obstaculos-en-america-latina,news,,project_date_missing
es:154,es,news,154,Latin Lawyer: COFECE keeps focus on Mexico City airport – Fernando Carreño,https://www.vonwobeser.com/index.php/publicacion?p_id=154,https://www.vonwobeser.com/index.php/publicaciones/noticias?start=560,"Mayo, 2016",2016-05,month,200,correcto,https://www.vonwobeser.com/index.php/publicacion?p_id=154,,1,legacy_id,154,,ffce5cb2-52fc-4b02-acba-be7befbd554d,latin-lawyer-cofece-keeps-focus-on-mexico-city-airport-fernando-carreno-2,news,,project_date_missing
es:152,es,news,152,"El CENACE convoca para la Segunda Subasta de Largo Plazo de Energía Eléctrica, CELs y Potencia",https://www.vonwobeser.com/index.php/publicacion?p_id=152,https://www.vonwobeser.com/index.php/publicaciones/noticias?start=560,"Mayo, 2016",2016-05,month,200,correcto,https://www.vonwobeser.com/index.php/publicacion?p_id=152,,1,legacy_id,152,,ae09e9e3-ebf8-4452-a34f-ed0d1c21374c,el-cenace-convoca-para-la-segunda-subasta-de-largo-plazo-de-energia-electrica-ce,news,,project_date_missing
es:150,es,news,150,CONAGUA- beneficios para los concesionarios que cuenten con títulos vencidos o que no hayan sido prorrogados,https://www.vonwobeser.com/index.php/publicacion?p_id=150,https://www.vonwobeser.com/index.php/publicaciones/noticias?start=560,"Mayo, 2016",2016-05,month,200,correcto,https://www.vonwobeser.com/index.php/publicacion?p_id=150,,1,legacy_id,150,,a4c4ce1f-01f2-44ae-ab4f-ddea652bcec4,conagua-beneficios-para-los-concesionarios-que-cuenten-con-titulos-vencidos-o-qu,news,,project_date_missing
es:148,es,news,148,"Claus von Wobeser, Adrián Magallanes, Katerina Lundahl, Pablo Fautsch y Rodrigo Macin, Latin Lawyer: Arbitro emite orden de emergencia por la disputa de terminal portuaria mexicana.",https://www.vonwobeser.com/index.php/publicacion?p_id=148,https://www.vonwobeser.com/index.php/publicaciones/noticias?start=560,"Mayo, 2016",2016-05,month,200,correcto,https://www.vonwobeser.com/index.php/publicacion?p_id=148,,1,legacy_id,148,,f8c09c2a-f3a2-4b6d-ad03-1a523e76efa8,claus-von-wobeser-adrian-magallanes-katerina-lundahl-pablo-fautsch-y-rodrigo-mac-2,news,,project_date_missing
es:146,es,news,146,"Claus von Wobeser, Adrián Magallanes- Global Arbitration Review (GAR): Kirby issues emergency order in Mexican port dispute.",https://www.vonwobeser.com/index.php/publicacion?p_id=146,https://www.vonwobeser.com/index.php/publicaciones/noticias?start=560,"Mayo, 2016",2016-05,month,200,correcto,https://www.vonwobeser.com/index.php/publicacion?p_id=146,,1,legacy_id,146,,ff0d990a-09b4-48cf-9fa8-f7969ca81b9b,claus-von-wobeser-adrian-magallanes-global-arbitration-review-gar-kirby-issues-e-2,news,,project_date_missing
es:144,es,news,144,Luis Burgueño - LACCA (Latin American Corporate Counsel Association): Top 100 México,https://www.vonwobeser.com/index.php/publicacion?p_id=144,https://www.vonwobeser.com/index.php/publicaciones/noticias?start=560,"Mayo, 2016",2016-05,month,200,correcto,https://www.vonwobeser.com/index.php/publicacion?p_id=144,,1,legacy_id,144,,e96553ec-505e-48fc-9af2-123c1f326c9c,luis-burgueno-lacca-latin-american-corporate-counsel-association-top-100-mexico-2,news,,project_date_missing
es:142,es,news,142,Próxima entrada en vigor del Sistema de Oposición en México,https://www.vonwobeser.com/index.php/publicacion?p_id=142,https://www.vonwobeser.com/index.php/publicaciones/noticias?start=560,"Junio, 2016",2016-06,month,200,correcto,https://www.vonwobeser.com/index.php/publicacion?p_id=142,,1,legacy_id,142,,b15b671f-cf12-4bc3-a51b-34942eb9ec43,proxima-entrada-en-vigor-del-sistema-de-oposicion-en-mexico,news,,project_date_missing
es:140,es,news,140,"Latin Lawyer – Andrés Nieto, Edmond Grieger, Rodolfo Trampe, Alberto Córdoba, Alix Trimmer y Roberto Flores - Paul Weiss y Von Wobeser firman adquisición electrónica.",https://www.vonwobeser.com/index.php/publicacion?p_id=140,https://www.vonwobeser.com/index.php/publicaciones/noticias?start=560,"Junio, 2016",2016-06,month,200,correcto,https://www.vonwobeser.com/index.php/publicacion?p_id=140,,1,legacy_id,140,,dcc23116-1478-4649-a0a5-49f9e57bdfae,latin-lawyer-andres-nieto-edmond-grieger-rodolfo-trampe-alberto-cordoba-alix-tri-2,news,,project_date_missing
es:138,es,news,138,"Von Wobeser, Aziz & Kaye and Chévez Ruiz firman la venta de agencia publicitaria.",https://www.vonwobeser.com/index.php/publicacion?p_id=138,https://www.vonwobeser.com/index.php/publicaciones/noticias?start=550,"Junio, 2016",2016-06,month,200,correcto,https://www.vonwobeser.com/index.php/publicacion?p_id=138,,1,legacy_id,138,,04828a83-de2b-41b9-b7a8-8e1246a70f6f,von-wobeser-aziz-kaye-and-chevez-ruiz-firman-la-venta-de-agencia-publicitaria,news,,project_date_missing
es:136,es,news,136,Modificaciones a las Bases y Modelos de Contrato de la Convocatoria para Aguas Profundas del Golfo de México,https://www.vonwobeser.com/index.php/publicacion?p_id=136,https://www.vonwobeser.com/index.php/publicaciones/noticias?start=550,"Junio, 2016",2016-06,month,200,correcto,https://www.vonwobeser.com/index.php/publicacion?p_id=136,,1,legacy_id,136,,885593b9-6bb5-49b6-9c00-5d503f6e38ca,modificaciones-a-las-bases-y-modelos-de-contrato-de-la-convocatoria-para-aguas-p,news,,project_date_missing
es:132,es,news,132,"Luis Burgueño, Edmond Grieger, Rodolfo Trampe, Gloria Martínez, Laura Maldonado, Ariel Garfio, Alix Trimmer – Latin Lawyer: Coca Cola compra la bebida de soja de Unilever",https://www.vonwobeser.com/index.php/publicacion?p_id=132,https://www.vonwobeser.com/index.php/publicaciones/noticias?start=550,"Junio, 2016",2016-06,month,200,correcto,https://www.vonwobeser.com/index.php/publicacion?p_id=132,,1,legacy_id,132,,029c5201-ab96-4892-8c51-bdd8f0759718,luis-burgueno-edmond-grieger-rodolfo-trampe-gloria-martinez-laura-maldonado-arie-2,news,,project_date_missing
es:129,es,news,129,Criterio sobre el cálculo de salarios caídos,https://www.vonwobeser.com/index.php/publicacion?p_id=129,https://www.vonwobeser.com/index.php/publicaciones/noticias?start=550,"Junio, 2016",2016-06,month,200,correcto,https://www.vonwobeser.com/index.php/publicacion?p_id=129,,1,legacy_id,129,,d6f3abba-13ce-4143-bb9a-6bd53bf02a10,criterio-sobre-el-calculo-de-salarios-caidos,news,,project_date_missing
es:127,es,news,127,Global Arbitration Review (GAR) – Modelo takes Crown in beer dispute.,https://www.vonwobeser.com/index.php/publicacion?p_id=127,https://www.vonwobeser.com/index.php/publicaciones/noticias?start=550,"Junio, 2016",2016-06,month,200,correcto,https://www.vonwobeser.com/index.php/publicacion?p_id=127,,1,legacy_id,127,,9a921390-f949-460a-885a-7d5318917a91,global-arbitration-review-gar-modelo-takes-crown-in-beer-dispute-2,news,,project_date_missing
es:121,es,news,121,Global Investigations Review (GIR): México aprueba “loca” ley de transparencia – Adrián Magallanes,https://www.vonwobeser.com/index.php/publicacion?p_id=121,https://www.vonwobeser.com/index.php/publicaciones/noticias?start=550,"Junio, 2016",2016-06,month,200,correcto,https://www.vonwobeser.com/index.php/publicacion?p_id=121,,0,,,120,,,,,project_missing
es:119,es,news,119,Latin Lawyer: México aprueba “loca” ley de transparencia – Adrián Magallanes,https://www.vonwobeser.com/index.php/publicacion?p_id=119,https://www.vonwobeser.com/index.php/publicaciones/noticias?start=550,"Junio, 2016",2016-06,month,200,correcto,https://www.vonwobeser.com/index.php/publicacion?p_id=119,,0,,,118,,,,,project_missing
es:117,es,news,117,Global Competition Review (GCR): Panama Papers leak sparks Mexican investigation – Fernando Carreño,https://www.vonwobeser.com/index.php/publicacion?p_id=117,https://www.vonwobeser.com/index.php/publicaciones/noticias?start=550,"Junio, 2016",2016-06,month,200,correcto,https://www.vonwobeser.com/index.php/publicacion?p_id=117,,0,,,116,,,,,project_missing
es:115,es,news,115,Latin Lawyer: Panama Papers leak sparks Mexican investigation – Fernando Carreño,https://www.vonwobeser.com/index.php/publicacion?p_id=115,https://www.vonwobeser.com/index.php/publicaciones/noticias?start=550,"Junio, 2016",2016-06,month,200,correcto,https://www.vonwobeser.com/index.php/publicacion?p_id=115,,0,,,114,,,,,project_missing
es:113,es,news,113,Congreso Mexicano Emite Regulación Secundaria Anticorrupción,https://www.vonwobeser.com/index.php/publicacion?p_id=113,https://www.vonwobeser.com/index.php/publicaciones/noticias?start=550,"Junio, 2016",2016-06,month,200,correcto,https://www.vonwobeser.com/index.php/publicacion?p_id=113,,0,,,112,,,,,project_missing
es:111,es,news,111,El nuevo paradigma de anticorrupción en México,https://www.vonwobeser.com/index.php/publicacion?p_id=111,https://www.vonwobeser.com/index.php/publicaciones/noticias?start=540,"Julio, 2016",2016-07,month,200,correcto,https://www.vonwobeser.com/index.php/publicacion?p_id=111,,0,,,110,,,,,project_missing
es:109,es,news,109,Comunicado sobre Protección de Datos Personales en México,https://www.vonwobeser.com/index.php/publicacion?p_id=109,https://www.vonwobeser.com/index.php/publicaciones/noticias?start=540,"Julio, 2016",2016-07,month,200,correcto,https://www.vonwobeser.com/index.php/publicacion?p_id=109,,0,,,108,,,,,project_missing
es:107,es,news,107,La Comisión Nacional de Hidrocarburos emite la convocatoria y las bases de la primera licitación de la Ronda 2,https://www.vonwobeser.com/index.php/publicacion?p_id=107,https://www.vonwobeser.com/index.php/publicaciones/noticias?start=540,"Agosto, 2016",2016-08,month,200,correcto,https://www.vonwobeser.com/index.php/publicacion?p_id=107,,0,,,106,,,,,project_missing
es:105,es,news,105,"Von Wobeser y Sierra, S.C. participa en La Encuesta de Corrupción Latinoamericana 2016",https://www.vonwobeser.com/index.php/publicacion?p_id=105,https://www.vonwobeser.com/index.php/publicaciones/noticias?start=540,"Agosto, 2016",2016-08,month,200,correcto,https://www.vonwobeser.com/index.php/publicacion?p_id=105,,0,,,104,,,,,project_missing
es:103,es,news,103,"Adrián Magallanes – Global Pound Conference: El futuro de la resolución de controversias y la mejora del acceso a la justicia- 25 de Agosto, 2016",https://www.vonwobeser.com/index.php/publicacion?p_id=103,https://www.vonwobeser.com/index.php/publicaciones/noticias?start=540,"Agosto, 2016",2016-08,month,200,correcto,https://www.vonwobeser.com/index.php/publicacion?p_id=103,,0,,,102,,,,,project_missing
es:101,es,news,101,"Andrés Nieto – Global Pound Conference: El futuro de la resolución de controversias y la mejora del acceso a la justicia- 25 de Agosto, 2016",https://www.vonwobeser.com/index.php/publicacion?p_id=101,https://www.vonwobeser.com/index.php/publicaciones/noticias?start=540,"Agosto, 2016",2016-08,month,200,correcto,https://www.vonwobeser.com/index.php/publicacion?p_id=101,,0,,,100,,,,,project_missing
es:99,es,news,99,Thomson Reuters Foundation – Andrés Nieto - Pro Bono en México,https://www.vonwobeser.com/index.php/publicacion?p_id=99,https://www.vonwobeser.com/index.php/publicaciones/noticias?start=540,"Agosto, 2016",2016-08,month,200,correcto,https://www.vonwobeser.com/index.php/publicacion?p_id=99,,1,verified_language_counterpart,98,98,8a8ee2cb-7674-43d9-aa79-f113ee659370,thomson-reuters-foundation-andres-nieto-pro-bono-in-mexico,news,,project_date_missing
es:97,es,news,97,"Von Wobeser y Sierra, S.C. es reconocido por Trust Law Index of Pro Bono 2016",https://www.vonwobeser.com/index.php/publicacion?p_id=97,https://www.vonwobeser.com/index.php/publicaciones/noticias?start=540,"Agosto, 2016",2016-08,month,200,correcto,https://www.vonwobeser.com/index.php/publicacion?p_id=97,,0,,,96,,,,,project_missing
es:91,es,news,91,GCR-Global Competition Review - Las guerras territoriales: la amenaza de separaciones entre las autoridades de competencia de México,https://www.vonwobeser.com/index.php/publicacion?p_id=91,https://www.vonwobeser.com/index.php/publicaciones/noticias?start=540,"Agosto, 2016",2016-08,month,200,correcto,https://www.vonwobeser.com/index.php/publicacion?p_id=91,,0,,,90,,,,,project_missing
es:89,es,news,89,"Von Wobeser y Sierra, S.C. tiene el honor de invitarte a la conferencia ""Global Pound Conference de la Ciudad de México""",https://www.vonwobeser.com/index.php/publicacion?p_id=89,https://www.vonwobeser.com/index.php/publicaciones/noticias?start=540,"Agosto, 2016",2016-08,month,200,correcto,https://www.vonwobeser.com/index.php/publicacion?p_id=89,,0,,,88,,,,,project_missing
es:87,es,news,87,Global Competition Review-GCR – Fernando Carreño: ejecutor mexicano impulsa la desregulación de la industria de carga,https://www.vonwobeser.com/index.php/publicacion?p_id=87,https://www.vonwobeser.com/index.php/publicaciones/noticias?start=530,"Agosto, 2016",2016-08,month,200,correcto,https://www.vonwobeser.com/index.php/publicacion?p_id=87,,0,,,86,,,,,project_missing
es:85,es,news,85,"Von Wobeser y Sierra, S.C. es reconocida como firma “Elite” por la publicación Global Competition Review",https://www.vonwobeser.com/index.php/publicacion?p_id=85,https://www.vonwobeser.com/index.php/publicaciones/noticias?start=530,"Agosto, 2016",2016-08,month,200,correcto,https://www.vonwobeser.com/index.php/publicacion?p_id=85,,0,,,84,,,,,project_missing
es:81,es,news,81,"Latin Lawyer –Luis Burgueño, Edmond Grieger, Rodolfo Trampe, Alberto Córdoba y Marisol Márquez : Bain Capital exits car parts maker in Mexico.",https://www.vonwobeser.com/index.php/publicacion?p_id=81,https://www.vonwobeser.com/index.php/publicaciones/noticias?start=530,"Agosto, 2016",2016-08,month,200,correcto,https://www.vonwobeser.com/index.php/publicacion?p_id=81,,0,,,80,,,,,project_missing
es:79,es,news,79,"Lex Latin – Luis Burgueño, Edmond Grieger, Rodolfo Trampe, Alberto Córdoba, Marisol Márquez: Von Wobeser y Sierra tras adquisición de FTE en México",https://www.vonwobeser.com/index.php/publicacion?p_id=79,https://www.vonwobeser.com/index.php/publicaciones/noticias?start=530,"Agosto, 2016",2016-08,month,200,correcto,https://www.vonwobeser.com/index.php/publicacion?p_id=79,,0,,,78,,,,,project_missing
es:77,es,news,77,"Latin Lawyer: Luis Burgueño, Rupert Hüttler, Alberto Cordoba: Von Wobeser & Allen Overy diregen la la emisión de la notas de Automotive Samvardhana Motherson",https://www.vonwobeser.com/index.php/publicacion?p_id=77,https://www.vonwobeser.com/index.php/publicaciones/noticias?start=530,"Septiembre, 2016",2016-09,month,200,correcto,https://www.vonwobeser.com/index.php/publicacion?p_id=77,,0,,,76,,,,,project_missing
es:75,es,news,75,Latin Lawyer: Fernando Carreño - Antitrust probe targets Cancún airport,https://www.vonwobeser.com/index.php/publicacion?p_id=75,https://www.vonwobeser.com/index.php/publicaciones/noticias?start=530,"Septiembre, 2016",2016-09,month,200,correcto,https://www.vonwobeser.com/index.php/publicacion?p_id=75,,0,,,74,,,,,project_missing
es:73,es,news,73,Global Investigations Review (GIR 100) – Diego Sierra: Revelación de las prácticas líderes de investigación.,https://www.vonwobeser.com/index.php/publicacion?p_id=73,https://www.vonwobeser.com/index.php/publicaciones/noticias?start=530,"Septiembre, 2016",2016-09,month,200,correcto,https://www.vonwobeser.com/index.php/publicacion?p_id=73,,0,,,72,,,,,project_missing
es:71,es,news,71,"El CENACE da a conocer a los ganadores de la Segunda Subasta de Largo Plazo de Energía, CELs y Potencia",https://www.vonwobeser.com/index.php/publicacion?p_id=71,https://www.vonwobeser.com/index.php/publicaciones/noticias?start=530,"Octubre, 2016",2016-10,month,200,correcto,https://www.vonwobeser.com/index.php/publicacion?p_id=71,,0,,,70,,,,,project_missing
es:69,es,news,69,Arbitral Women en América Latina: Ciudad de México,https://www.vonwobeser.com/index.php/publicacion?p_id=69,https://www.vonwobeser.com/index.php/publicaciones/noticias?start=530,"Octubre, 2016",2016-10,month,200,correcto,https://www.vonwobeser.com/index.php/publicacion?p_id=69,,1,verified_language_counterpart,68,68,053f72e0-5ec0-4b6a-8026-500e50eea64d,arbitral-women-in-latin-america-mexico-city,news,,project_date_missing
es:67,es,news,67,"Luis Burgueño, Gloria Martínez, Alberto Córdoba, Jorge Díaz y Marisol Márquez - LexLatin: San Benedetto vende participación en JV con Grupo Peñafiel",https://www.vonwobeser.com/index.php/publicacion?p_id=67,https://www.vonwobeser.com/index.php/publicaciones/noticias?start=520,"Octubre, 2016",2016-10,month,200,correcto,https://www.vonwobeser.com/index.php/publicacion?p_id=67,,0,,,66,,,,,project_missing
es:65,es,news,65,Los Abogados de Von Wobeser y Sierra Firman el Compromiso Anticorrupción,https://www.vonwobeser.com/index.php/publicacion?p_id=65,https://www.vonwobeser.com/index.php/publicaciones/noticias?start=520,"Octubre, 2016",2016-10,month,200,correcto,https://www.vonwobeser.com/index.php/publicacion?p_id=65,,0,,,64,,,,,project_missing
es:63,es,news,63,Iniciativa de Integridad Judicial de la IBA: compromiso de anticorrupción judicial,https://www.vonwobeser.com/index.php/publicacion?p_id=63,https://www.vonwobeser.com/index.php/publicaciones/noticias?start=520,"Noviembre, 2016",2016-11,month,200,correcto,https://www.vonwobeser.com/index.php/publicacion?p_id=63,,0,,,62,,,,,project_missing
es:61,es,news,61,Potencial denuncia del Tratado de Libre Comercio de América del Norte,https://www.vonwobeser.com/index.php/publicacion?p_id=61,https://www.vonwobeser.com/index.php/publicaciones/noticias?start=520,"Noviembre, 2016",2016-11,month,200,correcto,https://www.vonwobeser.com/index.php/publicacion?p_id=61,,0,,,60,,,,,project_missing
es:59,es,news,59,"Fernando Carreño, Edmond Grieger, Luis Miguel Jiménez, Rodolfo Trampe, Pablo Saez Williams, Paloma Alcántara y Manuel Martínez - Latin Lawyer: Global Arbitration Review Constellation snaps up more Modelo assets",https://www.vonwobeser.com/index.php/publicacion?p_id=59,https://www.vonwobeser.com/index.php/publicaciones/noticias?start=520,"Noviembre, 2016",2016-11,month,200,correcto,https://www.vonwobeser.com/index.php/publicacion?p_id=59,,1,legacy_id,59,,49d87277-7659-4b2c-93b8-a307c2ddf535,fernando-carreno-edmond-grieger-luis-miguel-jimenez-rodolfo-trampe-pablo-saez-wi-2,news,,project_date_missing
es:57,es,news,57,Peña Nieto propone que Titular de la Fiscalía General de la República sea designado por Cámara de Senadores,https://www.vonwobeser.com/index.php/publicacion?p_id=57,https://www.vonwobeser.com/index.php/publicaciones/noticias?start=520,"Diciembre, 2016",2016-12,month,200,correcto,https://www.vonwobeser.com/index.php/publicacion?p_id=57,,0,,,56,,,,,project_missing
es:55,es,news,55,"Adrián Magallanes, Rodrigo Barradas - Global Arbitration Review (GAR) – Enforcement 2016 México.",https://www.vonwobeser.com/index.php/publicacion?p_id=55,https://www.vonwobeser.com/index.php/publicaciones/noticias?start=520,"Diciembre, 2016",2016-12,month,200,correcto,https://www.vonwobeser.com/index.php/publicacion?p_id=55,,1,legacy_id,55,,d494e597-be56-4386-b5fc-a456f15468d3,adrian-magallanes-rodrigo-barradas-global-arbitration-review-gar-enforcement-201-2,news,,project_date_missing
es:53,es,news,53,Who's Who Legal reconoce a futuros líderes 2017. Las personas reconocidas son Socios y Asociados de 45 años o menos considerados como los futuros líderes del arbitraje internacional.,https://www.vonwobeser.com/index.php/publicacion?p_id=53,https://www.vonwobeser.com/index.php/publicaciones/noticias?start=520,"Diciembre, 2016",2016-12,month,200,correcto,https://www.vonwobeser.com/index.php/publicacion?p_id=53,,0,,,52,,,,,project_missing
es:51,es,news,51,"Latin Lawyer-Leading Lights-Von Wobeser y Sierra, S.C. Líder Pro Bono",https://www.vonwobeser.com/index.php/publicacion?p_id=51,https://www.vonwobeser.com/index.php/publicaciones/noticias?start=520,"Diciembre, 2016",2016-12,month,200,correcto,https://www.vonwobeser.com/index.php/publicacion?p_id=51,,0,,,50,,,,,project_missing
es:49,es,news,49,"Leader League – Business and Leadership: Instituto de Arbitraje Transnacional (ITA)- Montserrat Manzano, Presidenta de la Iniciativa de Jóvenes Árbitros (YAI).",https://www.vonwobeser.com/index.php/publicacion?p_id=49,https://www.vonwobeser.com/index.php/publicaciones/noticias?start=520,"Diciembre, 2016",2016-12,month,200,correcto,https://www.vonwobeser.com/index.php/publicacion?p_id=49,,0,,,48,,,,,project_missing
es:47,es,news,47,Comisión Reguladora de Energía establece requisitos y otorga extensión de plazos relativos a la celebración de contratos de interconexión legados,https://www.vonwobeser.com/index.php/publicacion?p_id=47,https://www.vonwobeser.com/index.php/publicaciones/noticias?start=510,"Diciembre, 2016",2016-12,month,200,correcto,https://www.vonwobeser.com/index.php/publicacion?p_id=47,,0,,,46,,,,,project_missing
es:45,es,news,45,"ICC- International Chamber of Commerce: Comité de Mediación de la ICC México, Alexandra von Wobeser",https://www.vonwobeser.com/index.php/publicacion?p_id=45,https://www.vonwobeser.com/index.php/publicaciones/noticias?start=510,"Diciembre, 2016",2016-12,month,200,correcto,https://www.vonwobeser.com/index.php/publicacion?p_id=45,,0,,,44,,,,,project_missing
es:43,es,news,43,Who's Who Legal reconoce socios y abogados en Von Wobeser y Sierra,https://www.vonwobeser.com/index.php/publicacion?p_id=43,https://www.vonwobeser.com/index.php/publicaciones/noticias?start=510,"Diciembre, 2016",2016-12,month,200,correcto,https://www.vonwobeser.com/index.php/publicacion?p_id=43,,0,,,42,,,,,project_missing
es:41,es,news,41,Who's Who Legal reconoce socios y abogados en Von Wobeser y Sierra en Who's Who Legal Mexico,https://www.vonwobeser.com/index.php/publicacion?p_id=41,https://www.vonwobeser.com/index.php/publicaciones/noticias?start=510,"Diciembre, 2016",2016-12,month,200,correcto,https://www.vonwobeser.com/index.php/publicacion?p_id=41,,0,,,40,,,,,project_missing
es:39,es,news,39,Latin Lawyer – Fernando Carreño – Pasivos fiscales posteriores al cierre entre los mayores retos de las fusiones y adquisiciones.,https://www.vonwobeser.com/index.php/publicacion?p_id=39,https://www.vonwobeser.com/index.php/publicaciones/noticias?start=510,"Diciembre, 2016",2016-12,month,200,correcto,https://www.vonwobeser.com/index.php/publicacion?p_id=39,,0,,,38,,,,,project_missing
es:37,es,news,37,"Latin Lawyer – Andrés Nieto, Rodolfo Trampe, Edmond Grieger y Alberto Córdoba – Prince International acquires chemical company.",https://www.vonwobeser.com/index.php/publicacion?p_id=37,https://www.vonwobeser.com/index.php/publicaciones/noticias?start=510,"Enero, 2017",2017-01,month,200,correcto,https://www.vonwobeser.com/index.php/publicacion?p_id=37,,0,,,36,,,,,project_missing
es:35,es,news,35,"Latin Lawyer – Claus von Wobeser, Rupert Hüttler, Diego Sierra, Javier Lizardi, Rodolfo Trampe, Gibrán Castañeda, Alejandro González, Claudia Díaz – Corvaglia finaliza disputa de accionistas, aumenta el control por parte de México.",https://www.vonwobeser.com/index.php/publicacion?p_id=35,https://www.vonwobeser.com/index.php/publicaciones/noticias?start=510,"Enero, 2017",2017-01,month,200,correcto,https://www.vonwobeser.com/index.php/publicacion?p_id=35,,1,legacy_id,35,,89c36199-0cc4-4184-ac03-2bfe217fb48e,latin-lawyer-claus-von-wobeser-rupert-huttler-diego-sierra-javier-lizardi-rodolf-2,news,,project_date_missing
es:33,es,news,33,Principales Modificaciones a Disposiciones Fiscales para 2017,https://www.vonwobeser.com/index.php/publicacion?p_id=33,https://www.vonwobeser.com/index.php/publicaciones/noticias?start=510,"Enero, 2017",2017-01,month,200,correcto,https://www.vonwobeser.com/index.php/publicacion?p_id=33,,0,,,32,,,,,project_missing
es:31,es,news,31,Comunicado: Protección de datos personales en México,https://www.vonwobeser.com/index.php/publicacion?p_id=31,https://www.vonwobeser.com/index.php/publicaciones/noticias?start=510,"Febrero, 2017",2017-02,month,200,correcto,https://www.vonwobeser.com/index.php/publicacion?p_id=31,,0,,,30,,,,,project_missing
es:29,es,news,29,Montserrat Manzano - YAI Talks Miami: Conquistando Nuevos Esquemas en la Industria Bancaria y Financiera.,https://www.vonwobeser.com/index.php/publicacion?p_id=29,https://www.vonwobeser.com/index.php/publicaciones/noticias?start=500,"Febrero, 2017",2017-02,month,200,correcto,https://www.vonwobeser.com/index.php/publicacion?p_id=29,,0,,,28,,,,,project_missing
es:27,es,news,27,Reforma constitucional laboral,https://www.vonwobeser.com/index.php/publicacion?p_id=27,https://www.vonwobeser.com/index.php/publicaciones/noticias?start=500,"Febrero, 2017",2017-02,month,200,correcto,https://www.vonwobeser.com/index.php/publicacion?p_id=27,,0,,,26,,,,,project_missing
es:25,es,news,25,Global Competition Review (GCR) – México inicia primera acción criminal contra cartelistas – Fernando Carreño,https://www.vonwobeser.com/index.php/publicacion?p_id=25,https://www.vonwobeser.com/index.php/publicaciones/noticias?start=500,"Febrero, 2017",2017-02,month,200,correcto,https://www.vonwobeser.com/index.php/publicacion?p_id=25,,0,,,24,,,,,project_missing
es:23,es,news,23,Latin Lawyer – México inicia primera acción criminal contra cartelistas – Fernando Carreño,https://www.vonwobeser.com/index.php/publicacion?p_id=23,https://www.vonwobeser.com/index.php/publicaciones/noticias?start=500,"Febrero, 2017",2017-02,month,200,correcto,https://www.vonwobeser.com/index.php/publicacion?p_id=23,,0,,,22,,,,,project_missing
es:21,es,news,21,"Lex Latin – Luis Burgueño, Laura Maldonado - Kruger Brown adquiere PendaForm en México con ayuda de cuatro firmas.",https://www.vonwobeser.com/index.php/publicacion?p_id=21,https://www.vonwobeser.com/index.php/publicaciones/noticias?start=500,"Febrero, 2017",2017-02,month,200,correcto,https://www.vonwobeser.com/index.php/publicacion?p_id=21,,1,legacy_id,21,,f4763f3c-bace-466e-a19e-504d5f73e451,lex-latin-luis-burgueno-laura-maldonado-kruger-brown-adquiere-pendaform-en-mexic,news,,project_date_missing
es:19,es,news,19,COFECE encuentra evidencia de prácticas anticompetitivas en dos mercados,https://www.vonwobeser.com/index.php/publicacion?p_id=19,https://www.vonwobeser.com/index.php/publicaciones/noticias?start=500,"Febrero, 2017",2017-02,month,200,correcto,https://www.vonwobeser.com/index.php/publicacion?p_id=19,,1,legacy_id,19,,37da34d6-5b14-4c81-8e91-02e21f3bb871,cofece-encuentra-evidencia-de-practicas-anticompetitivas-en-dos-mercados,news,,project_date_missing
es:17,es,news,17,"Latin Lawyer – Fernando Carreño - Dos fiscales revisarán la fusión de AT&T / Time Warner, las reglas de la corte mexicana.",https://www.vonwobeser.com/index.php/publicacion?p_id=17,https://www.vonwobeser.com/index.php/publicaciones/noticias?start=500,"Marzo, 2017",2017-03,month,200,correcto,https://www.vonwobeser.com/index.php/publicacion?p_id=17,,1,legacy_id,17,,27d6eb03-6381-457a-8481-647b2b436000,latin-lawyer-fernando-carreno-dos-fiscales-revisaran-la-fusion-de-at-t-time-warn,news,,project_date_missing
es:15,es,news,15,"Latin Lawyer – Luis Burgueño, Laura Maldonado – Cuatro firmas legales detrás de la adquisición de plásticos Kruger Brown.",https://www.vonwobeser.com/index.php/publicacion?p_id=15,https://www.vonwobeser.com/index.php/publicaciones/noticias?start=500,"Marzo, 2017",2017-03,month,200,correcto,https://www.vonwobeser.com/index.php/publicacion?p_id=15,,1,legacy_id,15,,f80b9154-c519-435c-9ce5-b98d784b1b10,latin-lawyer-luis-burgueno-laura-maldonado-cuatro-firmas-legales-detras-de-la-ad,news,,project_date_missing
es:13,es,news,13,"Latin Lawyer – Edmond Grieger, Sofía López – Von Wobeser & Sierra, S.C. genera Modelo energía renovables PPA.",https://www.vonwobeser.com/index.php/publicacion?p_id=13,https://www.vonwobeser.com/index.php/publicaciones/noticias?start=490,"Abril, 2017",2017-04,month,200,correcto,https://www.vonwobeser.com/index.php/publicacion?p_id=13,,1,legacy_id,13,,b93121b3-88f0-4213-beb8-7ab619feda11,latin-lawyer-edmond-grieger-sofia-lopez-von-wobeser-sierra-s-c-genera-modelo-ene,news,,project_date_missing
es:11,es,news,11,"Lex Latin – Edmond Grieger, Sofía López – Von Wobeser & Sierra, S.C. genera Modelo energía renovables PPA.",https://www.vonwobeser.com/index.php/publicacion?p_id=11,https://www.vonwobeser.com/index.php/publicaciones/noticias?start=490,"Abril, 2017",2017-04,month,200,correcto,https://www.vonwobeser.com/index.php/publicacion?p_id=11,,1,legacy_id,11,,032c81d4-6e6c-4d33-9ce2-f3f9eb53b8e1,lex-latin-edmond-grieger-sofia-lopez-von-wobeser-sierra-s-c-genera-modelo-energi,news,,project_date_missing
es:7,es,news,7,"Dr. Edmund Duckwitz, Consejero de Von Wobeser y Sierra, (Ex Embajador de Alemania en México) es electo Presidente de CAMEXA",https://www.vonwobeser.com/index.php/publicacion?p_id=7,https://www.vonwobeser.com/index.php/publicaciones/noticias?start=490,"Mayo, 2017",2017-05,month,200,correcto,https://www.vonwobeser.com/index.php/publicacion?p_id=7,,1,legacy_id,7,,ac50e073-1f16-45f5-9706-2c0ecbdb1a9d,dr-edmund-duckwitz-consejero-de-von-wobeser-y-sierra-ex-embajador-de-alemania-en,news,,project_date_missing
es:5,es,news,5,"ITAFOR anuncia colaboradores 2017 entre los cuales incluyeron a Montserrat Manzano, Abogada Senior de Von Wobeser y Sierra, S.C.",https://www.vonwobeser.com/index.php/publicacion?p_id=5,https://www.vonwobeser.com/index.php/publicaciones/noticias?start=490,"Junio, 2017",2017-06,month,200,correcto,https://www.vonwobeser.com/index.php/publicacion?p_id=5,,1,legacy_id,5,,4e682977-f196-4202-b25c-4b5e3fb24e2f,itafor-anuncia-colaboradores-2017-entre-los-cuales-incluyeron-a-montserrat-manza,news,,project_date_missing
es:3,es,news,3,Sesión Especial: “Combate a la Corrupción: Interacción y cooperación con autoridades extranjeras en investigaciones complejas anticorrupción”.,https://www.vonwobeser.com/index.php/publicacion?p_id=3,https://www.vonwobeser.com/index.php/publicaciones/noticias?start=490,"Junio, 2017",2017-06,month,200,correcto,https://www.vonwobeser.com/index.php/publicacion?p_id=3,,1,legacy_id,3,,dc1ddbd8-3b17-423f-a53b-d842bf3b6ba8,sesion-especial-combate-a-la-corrupcion-interaccion-y-cooperacion-con-autoridade,news,,project_date_missing
