fecha,tipo,nota,von_wobeser_es,von_wobeser_es_url,von_wobeser_en,von_wobeser_en_url,replit_es,replit_es_url,replit_en,replit_en_url,comparacion,estado_enlaces,enlaces_rotos,contenido_incompatible,referencia
2026-06,noticia,México y la Unión Europea firman el Acuerdo Global Modernizado: nuevo régimen de protección de inversiones y próximos pasos para su entrada en vigor,si,https://www.vonwobeser.com/index.php/publicacion?p_id=1996,si,https://www.vonwobeser.com/index.php/publication?p_id=1995,si,https://webpage-von-wobeser-2026.replit.app/news/mexico-y-la-union-europea-firman-el-acuerdo-global-modernizado-nuevo-regimen-de-,si,https://webpage-von-wobeser-2026.replit.app/news/mexico-and-the-european-union-sign-the-modernized-global-agreement-new-investmen?lang=en,En ambas | revisar texto,OK,0,0,p_id ES 1996 | p_id EN 1995
2026-06,noticia,Modificaciones a los Lineamientos Generales para la Expedición de Visas,si,https://www.vonwobeser.com/index.php/publicacion?p_id=2013,si,https://www.vonwobeser.com/index.php/publication?p_id=2012,si,https://webpage-von-wobeser-2026.replit.app/news/modificaciones-a-los-lineamientos-generales-para-la-expedicion-de-visas,si,https://webpage-von-wobeser-2026.replit.app/news/amendment-to-the-general-guidelines-for-the-issuance-of-visas?lang=en,En ambas,OK,0,0,p_id ES 2013 | p_id EN 2012
2026-06,noticia,Medidas administrativas – Inauguración de la Copa Mundial FIFA 2026 en la Ciudad de México.,si,https://www.vonwobeser.com/index.php/publicacion?p_id=2049,si,https://www.vonwobeser.com/index.php/publication?p_id=2050,si,https://webpage-von-wobeser-2026.replit.app/news/medidas-administrativas-inauguracion-de-la-copa-mundial-fifa-2026-en-la-ciudad-d,si,https://webpage-von-wobeser-2026.replit.app/news/administrative-measures-fifa-world-cup-2026-opening-match-in-mexico-city?lang=en,En ambas | revisar texto,OK,0,0,p_id ES 2049 | p_id EN 2050
2026-06,noticia,"Medidas administrativas – Eventos relativos a la Copa Mundial FIFA 2026 en la Ciudad de México y en la zona metropolitana de Guadalajara, Jalisco.",si,https://www.vonwobeser.com/index.php/publicacion?p_id=2054,si,https://www.vonwobeser.com/index.php/publication?p_id=2053,si,https://webpage-von-wobeser-2026.replit.app/news/medidas-administrativas-eventos-relativos-a-la-copa-mundial-fifa-2026-en-la-ciud,si,https://webpage-von-wobeser-2026.replit.app/news/administrative-measures-events-related-to-the-fifa-world-cup-2026-in-mexico-city?lang=en,En ambas | revisar texto,OK,0,0,p_id ES 2054 | p_id EN 2053
2026-06,noticia,CFE Adjudica Proyectos Bajo El Esquema Para El Desarrollo Mixto Y Sener Prórroga Plazos De La Segunda Convocatoria Para Permisos De Generación,si,https://www.vonwobeser.com/index.php/publicacion?p_id=2052,si,https://www.vonwobeser.com/index.php/publication?p_id=2051,si,https://webpage-von-wobeser-2026.replit.app/news/cfe-adjudica-proyectos-bajo-el-esquema-para-el-desarrollo-mixto-y-sener-prorroga,si,https://webpage-von-wobeser-2026.replit.app/news/cfe-awards-projects-under-the-mixed-development-scheme-and-sener-extends-deadlin?lang=en,En ambas | revisar texto,OK,0,0,p_id ES 2052 | p_id EN 2051
2026-05,noticia,Sener emite la Segunda Convocatoria para la atención prioritaria de solicitudes de permisos de generación eléctrica e interconexión al SEN,si,https://www.vonwobeser.com/index.php/publicacion?p_id=2018,si,https://www.vonwobeser.com/index.php/publication?p_id=2015,si,https://webpage-von-wobeser-2026.replit.app/news/sener-emite-la-segunda-convocatoria-para-la-atencion-prioritaria-de-solicitudes-,si,https://webpage-von-wobeser-2026.replit.app/news/sener-issues-the-second-call-for-the-priority-processing-of-applications-for-ele?lang=en,En ambas,OK,0,0,p_id ES 2018 | p_id EN 2015
2026-05,noticia,SENER emite la Modificación a la Segunda Convocatoria para la atención prioritaria de solicitudes de permisos de generación de energía eléctrica e interconexión al SEN,si,https://www.vonwobeser.com/index.php/publicacion?p_id=1999,si,https://www.vonwobeser.com/index.php/publication?p_id=2000,si,https://webpage-von-wobeser-2026.replit.app/news/sener-emite-la-modificacion-a-la-segunda-convocatoria-para-la-atencion-prioritar,si,https://webpage-von-wobeser-2026.replit.app/news/sener-issues-the-amendment-to-the-second-call-for-the-priority-processing-of-app?lang=en,En ambas,OK,0,0,p_id ES 1999 | p_id EN 2000
2026-05,noticia,Reforma al Reglamento de Insumos para la Salud,si,https://www.vonwobeser.com/index.php/publicacion?p_id=2005,si,https://www.vonwobeser.com/index.php/publication?p_id=2006,si,https://webpage-von-wobeser-2026.replit.app/news/reforma-al-reglamento-de-insumos-para-la-salud,si,https://webpage-von-wobeser-2026.replit.app/news/amendment-to-the-regulations-for-health-supplies?lang=en,En ambas,OK,0,0,p_id ES 2005 | p_id EN 2006
2026-05,noticia,Publicación de la Reforma a la Ley Federal del Trabajo en materia de Reducción a la Jornada Laboral (48 a 40 horas),si,https://www.vonwobeser.com/index.php/publicacion?p_id=1998,si,https://www.vonwobeser.com/index.php/publication?p_id=1997,si,https://webpage-von-wobeser-2026.replit.app/news/publicacion-de-la-reforma-a-la-ley-federal-del-trabajo-en-materia-de-reduccion-a,si,https://webpage-von-wobeser-2026.replit.app/news/amendment-to-the-federal-labor-law-regarding-the-reduction-of-the-workweek-48-to?lang=en,En ambas | revisar texto,OK,0,0,p_id ES 1998 | p_id EN 1997
2026-05,noticia,Plan México — Acciones Inmediatas para la Inversión:,si,https://www.vonwobeser.com/index.php/publicacion?p_id=2003,si,https://www.vonwobeser.com/index.php/publication?p_id=2004,si,https://webpage-von-wobeser-2026.replit.app/news/plan-mexico-acciones-inmediatas-para-la-inversion,si,https://webpage-von-wobeser-2026.replit.app/news/plan-mexico-immediate-actions-for-investment?lang=en,En ambas | revisar texto,OK,0,0,p_id ES 2003 | p_id EN 2004
2026-05,noticia,Impacto en México de la Estrategia Antidrogas 2026 de EUA y el nuevo paradigma de cumplimiento comercial y financiero ligado a seguridad nacional,si,https://www.vonwobeser.com/index.php/publicacion?p_id=2001,si,https://www.vonwobeser.com/index.php/publication?p_id=2002,si,https://webpage-von-wobeser-2026.replit.app/news/impacto-en-mexico-de-la-estrategia-antidrogas-2026-de-eua-y-el-nuevo-paradigma-d,si,https://webpage-von-wobeser-2026.replit.app/news/impact-in-mexico-of-the-u-s-2026-anti-drug-strategy-and-the-new-trade-and-financ?lang=en,En ambas,OK,0,0,p_id ES 2001 | p_id EN 2002
2026-04,noticia,Se expide la ley para el fomento de la inversión en infraestructura estratégica para el desarrollo con bienestar,si,https://www.vonwobeser.com/index.php/publicacion?p_id=2011,si,https://www.vonwobeser.com/index.php/publication?p_id=2014,si,https://webpage-von-wobeser-2026.replit.app/news/se-expide-la-ley-para-el-fomento-de-la-inversion-en-infraestructura-estrategica-,si,https://webpage-von-wobeser-2026.replit.app/news/the-law-to-promote-investment-in-strategic-infrastructure-for-development-with-w?lang=en,En ambas,OK,0,0,p_id ES 2011 | p_id EN 2014
2026-04,noticia,Reformas a la Ley Federal de Protección a la Propiedad Industrial,si,https://www.vonwobeser.com/index.php/publicacion?p_id=2019,si,https://www.vonwobeser.com/index.php/publication?p_id=2020,si,https://webpage-von-wobeser-2026.replit.app/news/reformas-a-la-ley-federal-de-proteccion-a-la-propiedad-industrial,si,https://webpage-von-wobeser-2026.replit.app/news/amendments-to-the-federal-law-for-the-protection-of-industrial-property?lang=en,En ambas,OK,0,0,p_id ES 2019 | p_id EN 2020
2026-04,noticia,Publicación del Reglamento de la Ley Federal de Protección a la Propiedad Industrial,si,https://www.vonwobeser.com/index.php/publicacion?p_id=2007,si,https://www.vonwobeser.com/index.php/publication?p_id=2008,si,https://webpage-von-wobeser-2026.replit.app/news/publicacion-del-reglamento-de-la-ley-federal-de-proteccion-a-la-propiedad-indust,si,https://webpage-von-wobeser-2026.replit.app/news/publication-of-the-regulations-of-the-federal-law-on-the-protection-of-industria?lang=en,En ambas,OK,0,0,p_id ES 2007 | p_id EN 2008
2026-04,noticia,Oportunidades de inversión en el Sector Eléctrico proyectos de transmisión y transformación - esquemas para el desarrollo mixto,si,https://www.vonwobeser.com/index.php/publicacion?p_id=2034,si,https://www.vonwobeser.com/index.php/publication?p_id=2033,si,https://webpage-von-wobeser-2026.replit.app/news/oportunidades-de-inversion-en-el-sector-electrico-proyectos-de-transmision-y-tra,si,https://webpage-von-wobeser-2026.replit.app/news/investment-opportunities-in-the-electricity-sector-transmission-and-transformati?lang=en,En ambas,OK,0,0,p_id ES 2034 | p_id EN 2033
2026-04,noticia,Nuevas disposiciones de la CNE regulan la integración de sistemas de almacenamiento de energía eléctrica al Sistema Eléctrico Nacional,si,https://www.vonwobeser.com/index.php/publicacion?p_id=2009,si,https://www.vonwobeser.com/index.php/publication?p_id=2010,si,https://webpage-von-wobeser-2026.replit.app/news/nuevas-disposiciones-de-la-cne-regulan-la-integracion-de-sistemas-de-almacenamie,si,https://webpage-von-wobeser-2026.replit.app/news/new-cne-provisions-regulate-the-integration-of-electric-energy-storage-systems-i?lang=en,En ambas,OK,0,0,p_id ES 2009 | p_id EN 2010
2026-04,noticia,"México emite nuevas disposiciones administrativas para los mecanismos competitivos de CENACE en la adquisición de electricidad, capacidad, servicios conexos, productos asociados y el CENACE publica la primera Convocatoria",si,https://www.vonwobeser.com/index.php/publicacion?p_id=2027,si,https://www.vonwobeser.com/index.php/publication?p_id=2028,si,https://webpage-von-wobeser-2026.replit.app/news/mexico-emite-nuevas-disposiciones-administrativas-para-los-mecanismos-competitiv,si,https://webpage-von-wobeser-2026.replit.app/news/mexico-issues-new-administrative-provisions-for-cenace-competitive-procurement-m?lang=en,En ambas,OK,0,0,p_id ES 2027 | p_id EN 2028
2026-04,noticia,La Secretaría de Energía emite los lineamientos para la Migración Voluntaria de Permisos de Producción Independiente de Energía Eléctrica,si,https://www.vonwobeser.com/index.php/publicacion?p_id=2021,si,https://www.vonwobeser.com/index.php/publication?p_id=2024,si,https://webpage-von-wobeser-2026.replit.app/news/la-secretaria-de-energia-emite-los-lineamientos-para-la-migracion-voluntaria-de-,si,https://webpage-von-wobeser-2026.replit.app/news/the-ministry-of-energy-issues-guidelines-for-the-voluntary-migration-of-independ?lang=en,En ambas,OK,0,0,p_id ES 2021 | p_id EN 2024
2026-04,noticia,Decreto por el que se reforma el artículo 141 del Código Fiscal de la Federación,si,https://www.vonwobeser.com/index.php/publicacion?p_id=2022,si,https://www.vonwobeser.com/index.php/publication?p_id=2023,si,https://webpage-von-wobeser-2026.replit.app/news/decreto-por-el-que-se-reforma-el-articulo-141-del-codigo-fiscal-de-la-federacion,si,https://webpage-von-wobeser-2026.replit.app/news/decree-amending-article-141-of-the-federal-tax-code?lang=en,En ambas,OK,0,0,p_id ES 2022 | p_id EN 2023
2026-04,noticia,"Client Alert: Reforma a la Ley General en Materia de Desaparición Forzada de Personas, Desaparición Cometida por Particulares y del Sistema Nacional de Búsqueda de Personas (“LDP”); obligación de Interconexión con la Plataforma Única de Identidad (“PUI”)",si,https://www.vonwobeser.com/index.php/publicacion?p_id=2016,si,https://www.vonwobeser.com/index.php/publication?p_id=2017,si,https://webpage-von-wobeser-2026.replit.app/news/client-alert-reforma-a-la-ley-general-en-materia-de-desaparicion-forzada-de-pers,si,https://webpage-von-wobeser-2026.replit.app/news/client-alert-amendment-to-the-general-law-on-forced-disappearance-of-persons-dis?lang=en,En ambas,OK,0,0,p_id ES 2016 | p_id EN 2017
2026-04,noticia,Bloqueo de Cuentas por UIF Constitucional: La sentencia de la SCJN recuerda a los empresarios que sus programas de cumplimiento son clave para evitar las medidas de la UIF,si,https://www.vonwobeser.com/index.php/publicacion?p_id=2025,si,https://www.vonwobeser.com/index.php/publication?p_id=2026,si,https://webpage-von-wobeser-2026.replit.app/news/bloqueo-de-cuentas-por-uif-constitucional-la-sentencia-de-la-scjn-recuerda-a-los,si,https://webpage-von-wobeser-2026.replit.app/news/freezing-of-accounts-by-the-uif-is-constitutional-the-scjn-ruling-reminds-busine?lang=en,En ambas,OK,0,0,p_id ES 2025 | p_id EN 2026
2026-03,noticia,Tribunal declara inconstitucional política de Pemex que restringía contratos con empresas en litigio,si,https://www.vonwobeser.com/index.php/publicacion?p_id=2031,si,https://www.vonwobeser.com/index.php/publication?p_id=2032,si,https://webpage-von-wobeser-2026.replit.app/news/tribunal-declara-inconstitucional-politica-de-pemex-que-restringia-contratos-con,si,https://webpage-von-wobeser-2026.replit.app/news/a-collegiate-court-declared-that-pemex-s-policy-restricting-contracts-with-compa?lang=en,En ambas,OK,0,0,p_id ES 2031 | p_id EN 2032
2026-03,noticia,Reforma Constitucional: Reducción de la Jornada Laboral.,si,https://www.vonwobeser.com/index.php/publicacion?p_id=2038,si,https://www.vonwobeser.com/index.php/publication?p_id=2037,si,https://webpage-von-wobeser-2026.replit.app/news/reforma-constitucional-reduccion-de-la-jornada-laboral,si,https://webpage-von-wobeser-2026.replit.app/news/constitutional-reform-to-reduce-the-workweek?lang=en,En ambas,OK,0,0,p_id ES 2038 | p_id EN 2037
2026-03,noticia,Nuevo modelo de contrato de Interconexión y Conexión: cambios estructurales que permiten nuevos esquemas en el sector eléctrico,si,https://www.vonwobeser.com/index.php/publicacion?p_id=2035,si,https://www.vonwobeser.com/index.php/publication?p_id=2036,si,https://webpage-von-wobeser-2026.replit.app/news/nuevo-modelo-de-contrato-de-interconexion-y-conexion-cambios-estructurales-que-p,si,https://webpage-von-wobeser-2026.replit.app/news/new-interconnection-and-connection-contract-model-structural-changes-enabling-ne?lang=en,En ambas,OK,0,0,p_id ES 2035 | p_id EN 2036
2026-03,noticia,Client Alert: Reforma al Reglamento de la Ley Antilavado (LFPIORPI),si,https://www.vonwobeser.com/index.php/publicacion?p_id=2029,si,https://www.vonwobeser.com/index.php/publication?p_id=2030,si,https://webpage-von-wobeser-2026.replit.app/news/client-alert-reforma-al-reglamento-de-la-ley-antilavado-lfpiorpi,si,https://webpage-von-wobeser-2026.replit.app/news/client-alert-amendment-to-the-regulations-of-the-anti-money-laundering-law-aml-l?lang=en,En ambas,OK,0,0,p_id ES 2029 | p_id EN 2030
2026-02,noticia,Se otorga un estímulo fiscal mediante crédito fiscal transferible a la producción cinematográfica y audiovisual en México,si,https://www.vonwobeser.com/index.php/publicacion?p_id=2039,si,https://www.vonwobeser.com/index.php/publication?p_id=2040,si,https://webpage-von-wobeser-2026.replit.app/news/se-otorga-un-estimulo-fiscal-mediante-credito-fiscal-transferible-a-la-produccio,si,https://webpage-von-wobeser-2026.replit.app/news/a-tax-incentive-is-granted-through-a-transferable-tax-credit-to-film-and-audiovi?lang=en,En ambas,OK,0,0,p_id ES 2039 | p_id EN 2040
2026-02,noticia,"La Comisión Federal de Electricidad Emite los “Lineamientos de los Esquemas para el Desarrollo Mixto de la Empresa Pública del Estado, Comisión Federal de Electricidad”",si,https://www.vonwobeser.com/index.php/publicacion?p_id=2041,si,https://www.vonwobeser.com/index.php/publication?p_id=2042,si,https://webpage-von-wobeser-2026.replit.app/news/la-comision-federal-de-electricidad-emite-los-lineamientos-de-los-esquemas-para-,si,https://webpage-von-wobeser-2026.replit.app/news/the-federal-electricity-commission-issues-the-guidelines-for-mixed-development-s?lang=en,En ambas | revisar texto,OK,0,0,p_id ES 2041 | p_id EN 2042
2026-01,noticia,Nuevos Valores de la UMA vigentes a partir del 1º de febrero de 2026,si,https://www.vonwobeser.com/index.php/publicacion?p_id=2047,si,https://www.vonwobeser.com/index.php/publication?p_id=2048,si,https://webpage-von-wobeser-2026.replit.app/news/nuevos-valores-de-la-uma-vigentes-a-partir-del-1-de-febrero-de-2026,si,https://webpage-von-wobeser-2026.replit.app/news/new-uma-values-effective-as-of-february-1st-2026?lang=en,En ambas,OK,0,0,p_id ES 2047 | p_id EN 2048
2026-01,noticia,Nuevo marco jurídico para impulsar la Economía Circular en México,si,https://www.vonwobeser.com/index.php/publicacion?p_id=2043,si,https://www.vonwobeser.com/index.php/publication?p_id=2044,si,https://webpage-von-wobeser-2026.replit.app/news/nuevo-marco-juridico-para-impulsar-la-economia-circular-en-mexico,si,https://webpage-von-wobeser-2026.replit.app/news/mexico-s-new-legal-framework-for-promoting-a-circular-economy?lang=en,En ambas,OK,0,0,p_id ES 2043 | p_id EN 2044
2026-01,noticia,"Nuevas Obligaciones para Empleadores: Igualdad de Género, Prevención y erradicación de la Discriminación y la Violencia",si,https://www.vonwobeser.com/index.php/publicacion?p_id=2045,si,https://www.vonwobeser.com/index.php/publication?p_id=2046,si,https://webpage-von-wobeser-2026.replit.app/news/nuevas-obligaciones-para-empleadores-igualdad-de-genero-prevencion-y-erradicacio,si,https://webpage-von-wobeser-2026.replit.app/news/new-obligations-for-employers-gender-equality-and-the-prevention-and-eradication?lang=en,En ambas,OK,0,0,p_id ES 2045 | p_id EN 2046
2025-12,noticia,"Von Wobeser fortalece sus prácticas de disputas, competencia económica, fiscal y compliance con el nombramiento de cuatro nuevos socios",si,https://www.vonwobeser.com/index.php/publicacion?p_id=1993,si,https://www.vonwobeser.com/index.php/publication?p_id=1994,si,https://webpage-von-wobeser-2026.replit.app/news/von-wobeser-fortalece-sus-practicas-de-disputas-competencia-economica-fiscal-y-c,si,https://webpage-von-wobeser-2026.replit.app/news/von-wobeser-bolsters-its-dispute-resolution-antitrust-tax-and-compliance-practic?lang=en,En ambas | revisar texto,OK,0,0,p_id ES 1993 | p_id EN 1994
2025-11,noticia,Von Wobeser y Sierra completa transición a sus nuevas oficinas: una inversión estratégica en el futuro de la firma,si,https://www.vonwobeser.com/index.php/publicacion?p_id=1991,si,https://www.vonwobeser.com/index.php/publication?p_id=1992,si,https://webpage-von-wobeser-2026.replit.app/news/von-wobeser-y-sierra-completa-transicion-a-sus-nuevas-oficinas-una-inversion-est,si,https://webpage-von-wobeser-2026.replit.app/news/von-wobeser-y-sierra-completes-transition-to-new-offices-a-strategic-investment-?lang=en,En ambas | revisar texto,OK,0,0,p_id ES 1991 | p_id EN 1992
2025-07,noticia,Ley Silla - Disposiciones sobre los factores de Riesgo de Trabajo,si,https://www.vonwobeser.com/index.php/publicacion?p_id=1983,si,https://www.vonwobeser.com/index.php/publication?p_id=1984,si,https://webpage-von-wobeser-2026.replit.app/news/ley-silla-disposiciones-sobre-los-factores-de,si,https://webpage-von-wobeser-2026.replit.app/news/chair-law-provisions-in-occupational-risk-factors?lang=en,En ambas,OK,0,0,p_id ES 1983 | p_id EN 1984
2025-07,noticia,Flash News: Reforma a la Ley Antilavado (LFPIORPI) y Código Penal Federal,si,https://www.vonwobeser.com/index.php/publicacion?p_id=1981,si,https://www.vonwobeser.com/index.php/publication?p_id=1982,si,https://webpage-von-wobeser-2026.replit.app/news/flash-news-reforma-a-la-ley-antilavado-lfpiorpi-y-codigo-penal-federal,si,https://webpage-von-wobeser-2026.replit.app/news/flash-news-reform-to-mexico-s-anti-money-laundering-law-lfpiorpi-and-the-federal?lang=en,En ambas,OK,0,0,p_id ES 1981 | p_id EN 1982
2025-07,noticia,Actualizaciones Regulatorias en el Sector de Hidrocarburos,si,https://www.vonwobeser.com/index.php/publicacion?p_id=1985,si,https://www.vonwobeser.com/index.php/publication?p_id=1986,si,https://webpage-von-wobeser-2026.replit.app/news/actualizaciones-regulatorias-en-el-sector-de,si,https://webpage-von-wobeser-2026.replit.app/news/actualizaciones-regulatorias-en-el-sector-de?lang=en,En ambas,OK,0,0,p_id ES 1985 | p_id EN 1986
2025-06,noticia,Simplificación y mejora regulatoria de trámites en materia de PLD,si,https://www.vonwobeser.com/index.php/publicacion?p_id=1977,si,https://www.vonwobeser.com/index.php/publication?p_id=1978,si,https://webpage-von-wobeser-2026.replit.app/news/simplificacion-y-mejora-regulatoria-de,si,https://webpage-von-wobeser-2026.replit.app/news/regulatory-simplification-of-aml-filings-and-procedures?lang=en,En ambas,OK,0,0,p_id ES 1977 | p_id EN 1978
2025-06,noticia,Se reanudan actividades: se publican plazos y términos oficiales de la Comisión Nacional de Energía,si,https://www.vonwobeser.com/index.php/publicacion?p_id=1979,si,https://www.vonwobeser.com/index.php/publication?p_id=1980,si,https://webpage-von-wobeser-2026.replit.app/news/se-reanudan-actividades-se-publican-plazos-y-terminos-oficiales-de-la-comision-n,si,https://webpage-von-wobeser-2026.replit.app/news/national-energy-commission-resumes-activities-official-deadlines-and-timeframes-?lang=en,En ambas,OK,0,0,p_id ES 1979 | p_id EN 1980
2025-05,noticia,Se Otorgan Estímulos Fiscales a Contribuyentes que Operen dentro de los Polos de Desarrollo Económico para el Bienestar,si,https://www.vonwobeser.com/index.php/publicacion?p_id=1960,si,https://www.vonwobeser.com/index.php/publication?p_id=1959,si,https://webpage-von-wobeser-2026.replit.app/news/tax-incentives-granted-to-taxpayers-operating-within-the-economic-development-hu,si,https://webpage-von-wobeser-2026.replit.app/news/tax-incentives-granted-to-taxpayers-operating-within-the-economic-development-hu?lang=en,En ambas,OK,0,0,p_id ES 1960 | p_id EN 1959
2025-05,noticia,Reforma sobre Ley de Obras Públicas y Servicios Relacionados con las Mismas,si,https://www.vonwobeser.com/index.php/publicacion?p_id=1962,si,https://www.vonwobeser.com/index.php/publication?p_id=1961,si,https://webpage-von-wobeser-2026.replit.app/news/reforma-sobre-ley-de-obras-publicas-y-servicios-relacionados-con-las-mismas,si,https://webpage-von-wobeser-2026.replit.app/news/new-reform-to-the-public-works-and-related-services-law?lang=en,En ambas,OK,0,0,p_id ES 1962 | p_id EN 1961
2025-05,noticia,"Nueva Ley de Adquisiciones, Arrendamientos y Servicios del Sector Público.",si,https://www.vonwobeser.com/index.php/publicacion?p_id=1987,si,https://www.vonwobeser.com/index.php/publication?p_id=1988,si,https://webpage-von-wobeser-2026.replit.app/news/nueva-ley-de-adquisiciones-arrendamientos-y-servicios-del-sector-publico,si,https://webpage-von-wobeser-2026.replit.app/news/new-public-procurement-leasing-and-service-law?lang=en,En ambas,OK,0,0,p_id ES 1987 | p_id EN 1988
2025-04,noticia,Se publica iniciativa de reforma a la Ley Federal de Competencia Económica,si,https://www.vonwobeser.com/index.php/publicacion?p_id=1975,si,https://www.vonwobeser.com/index.php/publication?p_id=1976,si,https://webpage-von-wobeser-2026.replit.app/news/se-publica-iniciativa-de-reforma-a-la-ley,si,https://webpage-von-wobeser-2026.replit.app/news/bill-to-amend-the-federal-economic-competition-law-is-introduced?lang=en,En ambas,OK,0,0,p_id ES 1975 | p_id EN 1976
2025-04,noticia,Nueva Declaración Informativa sobre Ocupación de Inmuebles Habitacionales en la Ciudad de México,si,https://www.vonwobeser.com/index.php/publicacion?p_id=1973,si,https://www.vonwobeser.com/index.php/publication?p_id=1974,si,https://webpage-von-wobeser-2026.replit.app/news/nueva-declaracion-informativa-sobre,si,https://webpage-von-wobeser-2026.replit.app/news/new-informative-return-on-the-occupancy-status-of-residential-properties-in-mexi?lang=en,En ambas,OK,0,0,p_id ES 1973 | p_id EN 1974
2025-03,noticia,Nuevas Leyes en materia de Transparencia y Protección de Datos Personales en México,si,https://www.vonwobeser.com/index.php/publicacion?p_id=1971,si,https://www.vonwobeser.com/index.php/publication?p_id=1972,si,https://webpage-von-wobeser-2026.replit.app/news/new-laws-on-transparency-and-protection-of-personal-data-in-mexico,si,https://webpage-von-wobeser-2026.replit.app/news/new-laws-on-transparency-and-protection-of-personal-data-in-mexico?lang=en,En ambas,OK,0,0,p_id ES 1971 | p_id EN 1972
2025-03,noticia,Nuevas Leyes Secundarias para el Sector Eléctrico (Segunda Parte),si,https://www.vonwobeser.com/index.php/publicacion?p_id=1967,si,https://www.vonwobeser.com/index.php/publication?p_id=1968,si,https://webpage-von-wobeser-2026.replit.app/news/new-secondary-laws-for-the-electricity-sector-part-two,si,https://webpage-von-wobeser-2026.replit.app/news/new-secondary-laws-for-the-electricity-sector-part-two?lang=en,En ambas,OK,0,0,p_id ES 1967 | p_id EN 1968
2025-03,noticia,Nuevas Leyes Secundarias Modifican el Sector Energético en México,si,https://www.vonwobeser.com/index.php/publicacion?p_id=1957,si,https://www.vonwobeser.com/index.php/publication?p_id=1958,si,https://webpage-von-wobeser-2026.replit.app/news/nuevas-leyes-secundarias-modifican-el,si,https://webpage-von-wobeser-2026.replit.app/news/new-secondary-laws-overhaul-mexico-s-energy-sector?lang=en,En ambas,OK,0,0,p_id ES 1957 | p_id EN 1958
2025-03,noticia,Implicaciones Fiscales de las Recientes Invitaciones del SAT sobre Subcontratación Y REPSE,si,https://www.vonwobeser.com/index.php/publicacion?p_id=1965,si,https://www.vonwobeser.com/index.php/publication?p_id=1966,si,https://webpage-von-wobeser-2026.replit.app/news/implicaciones-fiscales-de-las-recientes,si,https://webpage-von-wobeser-2026.replit.app/news/implicaciones-fiscales-de-las-recientes?lang=en,En ambas,OK,0,0,p_id ES 1965 | p_id EN 1966
2025-03,noticia,Entran en vigor Disposiciones para la integración de Sistemas de Almacenamiento de Energía Eléctrica al Sistema Eléctrico Nacional.,si,https://www.vonwobeser.com/index.php/publicacion?p_id=1963,si,https://www.vonwobeser.com/index.php/publication?p_id=1964,si,https://webpage-von-wobeser-2026.replit.app/news/entran-en-vigor-disposiciones-para-la,si,https://webpage-von-wobeser-2026.replit.app/news/new-provisions-for-the-integration-of-electric-energy-storage-systems-into-the-n?lang=en,En ambas,OK,0,0,p_id ES 1963 | p_id EN 1964
2025-03,noticia,Criterio emitido por el Instituto del Fondo Nacional de la Vivienda para los Trabajadores respecto de la Reforma al Artículo 29 de la Ley del INFONAVIT,si,https://www.vonwobeser.com/index.php/publicacion?p_id=1969,si,https://www.vonwobeser.com/index.php/publication?p_id=1970,si,https://webpage-von-wobeser-2026.replit.app/news/criterio-emitido-por-el-instituto-del,si,https://webpage-von-wobeser-2026.replit.app/news/criterio-emitido-por-el-instituto-del?lang=en,En ambas,OK,0,0,p_id ES 1969 | p_id EN 1970
2025-02,noticia,Von Wobeser y Sierra anuncia transición de liderazgo y cambios en su Comité Ejecutivo,si,https://www.vonwobeser.com/index.php/publicacion?p_id=1932,si,https://www.vonwobeser.com/index.php/publication?p_id=1931,si,https://webpage-von-wobeser-2026.replit.app/news/von-wobeser-y-sierra-anuncia-transicion-de-liderazgo-y-cambios-en-su-comite-ejec,si,https://webpage-von-wobeser-2026.replit.app/news/von-wobeser-y-sierra-announces-leadership-transition-and-changes-to-its-executiv?lang=en,En ambas,OK,0,0,p_id ES 1932 | p_id EN 1931
2025-02,noticia,Se publica iniciativa de Ley Federal Antimonopolio y de Competencia Económica,si,https://www.vonwobeser.com/index.php/publicacion?p_id=1951,si,https://www.vonwobeser.com/index.php/publication?p_id=1952,si,https://webpage-von-wobeser-2026.replit.app/news/se-publica-iniciativa-de-ley-federal-antimonopolio-y-de-competencia-economica,si,https://webpage-von-wobeser-2026.replit.app/news/bill-on-the-federal-antitrust-and-economic-competition-law-is-introduced?lang=en,En ambas,OK,0,0,p_id ES 1951 | p_id EN 1952
2025-02,noticia,Publicación de Criterio sobre Responsabilidad Penal de Personas Morales.,si,https://www.vonwobeser.com/index.php/publicacion?p_id=1953,si,https://www.vonwobeser.com/index.php/publication?p_id=1954,si,https://webpage-von-wobeser-2026.replit.app/news/publicacion-de-criterio-sobre,si,https://webpage-von-wobeser-2026.replit.app/news/issuance-of-a-ruling-on-criminal-liability-of-legal-entities?lang=en,En ambas,OK,0,0,p_id ES 1953 | p_id EN 1954
2025-02,noticia,México expresa a la ONU posición restrictiva sobre uso de la fuerza en territorio extranjero,si,https://www.vonwobeser.com/index.php/publicacion?p_id=1930,si,https://www.vonwobeser.com/index.php/publication?p_id=1929,si,https://webpage-von-wobeser-2026.replit.app/news/mexico-expresa-a-la-onu-posicion,si,https://webpage-von-wobeser-2026.replit.app/news/mexico-expresses-restrictive-position-at-the-un-on-the-use-of-force-in-foreign-t?lang=en,En ambas,OK,0,0,p_id ES 1930 | p_id EN 1929
2025-02,noticia,Iniciativa de Nuevas Leyes Secundarias para el Sector De Hidrocarburos,si,https://www.vonwobeser.com/index.php/publicacion?p_id=1955,si,https://www.vonwobeser.com/index.php/publication?p_id=1956,si,https://webpage-von-wobeser-2026.replit.app/news/iniciativa-de-nuevas-leyes-secundarias-para-el-sector-de-hidrocarburos,si,https://webpage-von-wobeser-2026.replit.app/news/initiative-of-secondary-legislation-for-the-hydrocarbons-sector?lang=en,En ambas,OK,0,0,p_id ES 1955 | p_id EN 1956
2025-01,noticia,Reforma Laboral en materia de Trabajo en Plataformas Digitales,si,https://www.vonwobeser.com/index.php/publicacion?p_id=1937,si,https://www.vonwobeser.com/index.php/publication?p_id=1938,si,https://webpage-von-wobeser-2026.replit.app/news/reforma-laboral-en-materia-de-trabajo,si,https://webpage-von-wobeser-2026.replit.app/news/labor-reform-on-digital-platform-work?lang=en,En ambas,OK,0,0,p_id ES 1937 | p_id EN 1938
2025-01,noticia,Propuesta de Servicios Legales y de Cumplimiento: Preparación frente a las Regulaciones OFAC y la Designación de Cárteles como Organizaciones Terroristas,si,https://www.vonwobeser.com/index.php/publicacion?p_id=1935,si,https://www.vonwobeser.com/index.php/publication?p_id=1936,si,https://webpage-von-wobeser-2026.replit.app/news/propuesta-de-servicios-legales-y-de,si,https://webpage-von-wobeser-2026.replit.app/news/legal-and-compliance-services-proposal-preparedness-for-ofac-regulations-and-des?lang=en,En ambas,OK,0,0,p_id ES 1935 | p_id EN 1936
2025-01,noticia,Nuevos salarios mínimos a partir del 1° de enero de 2025,si,https://www.vonwobeser.com/index.php/publicacion?p_id=1927,si,https://www.vonwobeser.com/index.php/publication?p_id=1928,si,https://webpage-von-wobeser-2026.replit.app/news/nuevos-salarios-minimos-a-partir-del-1,si,https://webpage-von-wobeser-2026.replit.app/news/new-minimum-wages-effective-january-1-2025?lang=en,En ambas | revisar texto,OK,0,0,p_id ES 1927 | p_id EN 1928
2025-01,noticia,Nuevos Valores de la UMA vigentes a partir del 1º de febrero de 2025,si,https://www.vonwobeser.com/index.php/publicacion?p_id=1933,si,https://www.vonwobeser.com/index.php/publication?p_id=1934,si,https://webpage-von-wobeser-2026.replit.app/news/nuevos-valores-de-la-uma-vigentes-a,si,https://webpage-von-wobeser-2026.replit.app/news/new-uma-values-effective-as-of-february-1st-2025?lang=en,En ambas,OK,0,0,p_id ES 1933 | p_id EN 1934
2025-01,noticia,Flexibilización de la prohibición de importación temporal de textiles y confecciones bajo programas IMMEX,si,https://www.vonwobeser.com/index.php/publicacion?p_id=1939,si,https://www.vonwobeser.com/index.php/publication?p_id=1940,si,https://webpage-von-wobeser-2026.replit.app/news/flexibilizacion-de-la-prohibicion-de,si,https://webpage-von-wobeser-2026.replit.app/news/flexibility-in-the-prohibition-on-temporary-importation-of-textiles-and-clothing?lang=en,En ambas,OK,0,0,p_id ES 1939 | p_id EN 1940
2025-01,noticia,Decreto de estímulos fiscales publicado el 21 de enero de 2025,si,https://www.vonwobeser.com/index.php/publicacion?p_id=1941,si,https://www.vonwobeser.com/index.php/publication?p_id=1942,si,https://webpage-von-wobeser-2026.replit.app/news/decreto-de-estimulos-fiscales-publicado-el-21-de-enero-de-2025,si,https://webpage-von-wobeser-2026.replit.app/news/tax-incentives-decree-published-on-january-21-2025?lang=en,En ambas,OK,0,0,p_id ES 1941 | p_id EN 1942
2024-12,noticia,Von Wobeser y Sierra reconocido en GIR 100 2024,si,https://www.vonwobeser.com/index.php/publicacion?p_id=1944,si,https://www.vonwobeser.com/index.php/publication?p_id=1943,si,https://webpage-von-wobeser-2026.replit.app/news/von-wobeser-y-sierra-reconocido-en-gir-100-2024,si,https://webpage-von-wobeser-2026.replit.app/news/von-wobeser-y-sierra-recognized-in-gir-100-2024?lang=en,En ambas | revisar texto,OK,0,0,p_id ES 1944 | p_id EN 1943
2024-11,noticia,Reforma para Ampliar Delitos con Prisión Preventiva Oficiosa,si,https://www.vonwobeser.com/index.php/publicacion?p_id=1945,si,https://www.vonwobeser.com/index.php/publication?p_id=1946,si,https://webpage-von-wobeser-2026.replit.app/news/reforma-para-ampliar-delitos-con-prision-preventiva-oficiosa-2,si,https://webpage-von-wobeser-2026.replit.app/news/reform-to-expand-crimes-with-mandatory-pretrial-detention-2?lang=en,En ambas,OK,0,0,p_id ES 1945 | p_id EN 1946
2024-11,noticia,Reforma para Ampliar Delitos con Prisión Preventiva Oficiosa,si,https://www.vonwobeser.com/index.php/publicacion?p_id=1917,si,https://www.vonwobeser.com/index.php/publication?p_id=1918,si,https://webpage-von-wobeser-2026.replit.app/news/reforma-para-ampliar-delitos-con-prision-preventiva-oficiosa,si,https://webpage-von-wobeser-2026.replit.app/news/reform-to-expand-crimes-with-mandatory-pretrial-detention?lang=en,En ambas,OK,0,0,p_id ES 1917 | p_id EN 1918
2024-11,noticia,Paquete Económico 2025,si,https://www.vonwobeser.com/index.php/publicacion?p_id=1925,si,https://www.vonwobeser.com/index.php/publication?p_id=1926,si,https://webpage-von-wobeser-2026.replit.app/news/paquete-economico-2025,si,https://webpage-von-wobeser-2026.replit.app/news/economic-package-for-fiscal-year-2025?lang=en,En ambas,OK,0,0,p_id ES 1925 | p_id EN 1926
2024-11,noticia,En memoria de Rodolfo Trampe,si,https://www.vonwobeser.com/index.php/publicacion?p_id=1948,si,https://www.vonwobeser.com/index.php/publication?p_id=1947,si,https://webpage-von-wobeser-2026.replit.app/news/en-memoria-de-rodolfo-trampe,si,https://webpage-von-wobeser-2026.replit.app/news/in-memory-of-rodolfo-trampe?lang=en,En ambas | revisar texto,OK,0,0,p_id ES 1948 | p_id EN 1947
2024-11,noticia,EE. UU. Introduce Nuevas Regulaciones de Banca Abierta (Open Banking),si,https://www.vonwobeser.com/index.php/publicacion?p_id=1915,si,https://www.vonwobeser.com/index.php/publication?p_id=1916,si,https://webpage-von-wobeser-2026.replit.app/news/ee-uu-introduce-nuevas-regulaciones-de-banca-abierta-open-banking,si,https://webpage-von-wobeser-2026.replit.app/news/u-s-introduces-new-open-banking-regulations?lang=en,En ambas,OK,0,0,p_id ES 1915 | p_id EN 1916
2024-10,noticia,TD Bank: Lecciones sobre la Importancia de Controles Eficientes en la Prevención de Lavado de Dinero,si,https://www.vonwobeser.com/index.php/publicacion?p_id=1921,si,https://www.vonwobeser.com/index.php/publication?p_id=1922,si,https://webpage-von-wobeser-2026.replit.app/news/td-bank-lecciones-sobre-la-importancia-de-controles-eficientes-en-la-prevencion-,si,https://webpage-von-wobeser-2026.replit.app/news/td-bank-lessons-on-the-importance-of-effective-controls-in-money-laundering-prev?lang=en,En ambas,OK,0,0,p_id ES 1921 | p_id EN 1922
2024-10,noticia,Reforma Constitucional en materia de derechos de Comunidades Indígenas y Afromexicanas,si,https://www.vonwobeser.com/index.php/publicacion?p_id=1919,si,https://www.vonwobeser.com/index.php/publication?p_id=1920,si,https://webpage-von-wobeser-2026.replit.app/news/reforma-constitucional-en-materia-de-derechos-de-comunidades-indigenas-y-afromex,si,https://webpage-von-wobeser-2026.replit.app/news/constitutional-reform-on-the-rights-of-indigenous-and-afro-mexican-communities?lang=en,En ambas,OK,0,0,p_id ES 1919 | p_id EN 1920
2024-10,noticia,Propuesta de Reforma a la LFPIORPI y al CPF para Fortalecer la Prevención de Lavado de Dinero y el Financiamiento al Terrorismo,si,https://www.vonwobeser.com/index.php/publicacion?p_id=1911,si,https://www.vonwobeser.com/index.php/publication?p_id=1912,si,https://webpage-von-wobeser-2026.replit.app/news/propuesta-de-reforma-a-la-lfpiorpi-y,si,https://webpage-von-wobeser-2026.replit.app/news/proposal-for-reform-of-the-lfpiorpi-and-cpf-to-enhance-anti-money-laundering-and?lang=en,En ambas,OK,0,0,p_id ES 1911 | p_id EN 1912
2024-10,noticia,Nuevas disposiciones para la infraestructura de recarga de vehículos eléctricos en México,si,https://www.vonwobeser.com/index.php/publicacion?p_id=1909,si,https://www.vonwobeser.com/index.php/publication?p_id=1910,si,https://webpage-von-wobeser-2026.replit.app/news/nuevas-disposiciones-para-la-infraestructura-de-recarga-de-vehiculos-electricos-,si,https://webpage-von-wobeser-2026.replit.app/news/new-provisions-for-electric-vehicle-charging-infrastructure-in-mexico?lang=en,En ambas,OK,0,0,p_id ES 1909 | p_id EN 1910
2024-10,noticia,"Nueva Reforma Constitucional en Áreas y Empresas Estratégicas (Energía, Ferrocarriles, Telecomunicaciones y Recursos Naturales)",si,https://www.vonwobeser.com/index.php/publicacion?p_id=1913,si,https://www.vonwobeser.com/index.php/publication?p_id=1914,si,https://webpage-von-wobeser-2026.replit.app/news/nueva-reforma-constitucional-en-areas-y-empresas-estrategicas-energia-ferrocarri,si,https://webpage-von-wobeser-2026.replit.app/news/new-constitutional-reform-in-strategic-areas-and-companies-energy-railroads-tele?lang=en,En ambas,OK,0,0,p_id ES 1913 | p_id EN 1914
2024-09,noticia,Importante precedente para evitar la cancelación de sellos digitales,si,https://www.vonwobeser.com/index.php/publicacion?p_id=1903,si,https://www.vonwobeser.com/index.php/publication?p_id=1904,si,https://webpage-von-wobeser-2026.replit.app/news/importante-precedente-para-evitar-la-cancelacion-de-sellos-digitales,si,https://webpage-von-wobeser-2026.replit.app/news/important-precedent-to-prevent-the-cancellation-of-digital-seals?lang=en,En ambas,OK,0,0,p_id ES 1903 | p_id EN 1904
2024-09,noticia,Importante precedente en relación con la deducción de erogaciones por concepto de gastos de urbanización e infraestructura como gasto del ejercicio y no como costo de ventas,si,https://www.vonwobeser.com/index.php/publicacion?p_id=1907,si,https://www.vonwobeser.com/index.php/publication?p_id=1908,si,https://webpage-von-wobeser-2026.replit.app/news/importante-precedente-en-relacion-con-la-deduccion-de-erogaciones-por-concepto-d,si,https://webpage-von-wobeser-2026.replit.app/news/important-precedent-regarding-the-deduction-of-expenditures-for-urbanization-and?lang=en,En ambas,OK,0,0,p_id ES 1907 | p_id EN 1908
2024-09,noticia,1º de octubre: Día de descanso obligatorio,si,https://www.vonwobeser.com/index.php/publicacion?p_id=1905,si,https://www.vonwobeser.com/index.php/publication?p_id=1906,si,https://webpage-von-wobeser-2026.replit.app/news/1-de-octubre-dia-de-descanso-obligatorio,si,https://webpage-von-wobeser-2026.replit.app/news/october-1st-mandatory-day-off?lang=en,En ambas,OK,0,0,p_id ES 1905 | p_id EN 1906
2024-08,noticia,Von Wobeser y Sierra fortalece su práctica Fiscal con la integración del consejero Eric Palacios,si,https://www.vonwobeser.com/index.php/publicacion?p_id=1923,si,https://www.vonwobeser.com/index.php/publication?p_id=1924,si,https://webpage-von-wobeser-2026.replit.app/news/von-wobeser-y-sierra-fortalece-su-practica-fiscal-con-la-integracion-del-conseje,si,https://webpage-von-wobeser-2026.replit.app/news/von-wobeser-y-sierra-bolsters-its-tax-practice-with-the-addition-of-counsel-eric?lang=en,En ambas,OK,0,0,p_id ES 1923 | p_id EN 1924
2024-08,noticia,SAT aumenta verificaciones de domicilio que pueden derivar en restricción de sellos digitales,si,https://www.vonwobeser.com/index.php/publicacion?p_id=1950,si,https://www.vonwobeser.com/index.php/publication?p_id=1949,si,https://webpage-von-wobeser-2026.replit.app/news/sat-aumenta-verificaciones-de-domicilio-que-pueden-derivar-en-restriccion-de-sel,si,https://webpage-von-wobeser-2026.replit.app/news/sat-increases-address-verifications-that-can-lead-to-restriction-of-digital-cert?lang=en,En ambas,OK,0,0,p_id ES 1950 | p_id EN 1949
2024-08,noticia,Publicación de lineamientos del buzón del Instituto Mexicano del Seguro Social,si,https://www.vonwobeser.com/index.php/publicacion?p_id=1901,si,https://www.vonwobeser.com/index.php/publication?p_id=1902,si,https://webpage-von-wobeser-2026.replit.app/news/publicacion-de-lineamientos-del-buzon-del-instituto-mexicano-del-seguro-social,si,https://webpage-von-wobeser-2026.replit.app/news/general-guidelines-of-the-mexican-social-security-institute-mailbox?lang=en,En ambas,OK,0,0,p_id ES 1901 | p_id EN 1902
2024-08,noticia,Grupak de México adquiere lgsapack para la autosuficiencia eléctrica,si,https://www.vonwobeser.com/index.php/publicacion?p_id=1894,si,https://www.vonwobeser.com/index.php/publication?p_id=1890,si,https://webpage-von-wobeser-2026.replit.app/news/grupak-de-mexico-adquiere-lgsapack-para-la-autosuficiencia-electrica,si,https://webpage-von-wobeser-2026.replit.app/news/mexico-s-grupak-acquires-igsapak-for-electricity-self-supply?lang=en,En ambas | revisar texto,OK,0,0,p_id ES 1894 | p_id EN 1890
2024-07,noticia,IMSS: Integración del salario base de cotización por pago de alimentos y habitación,si,https://www.vonwobeser.com/index.php/publicacion?p_id=1888,si,https://www.vonwobeser.com/index.php/publication?p_id=1889,si,https://webpage-von-wobeser-2026.replit.app/news/imss-integracion-del-salario-base-de-cotizacion-por-pago-de-alimentos-y-habitaci,si,https://webpage-von-wobeser-2026.replit.app/news/imss-integration-of-the-base-salary-for-contribution-purposes-due-to-the-payment?lang=en,En ambas,OK,0,0,p_id ES 1888 | p_id EN 1889
2024-07,noticia,Estímulos fiscales importantes en Yucatán,si,https://www.vonwobeser.com/index.php/publicacion?p_id=1835,si,https://www.vonwobeser.com/index.php/publication?p_id=1836,si,https://webpage-von-wobeser-2026.replit.app/news/estimulos-fiscales-importantes-en-yucatan,si,https://webpage-von-wobeser-2026.replit.app/news/important-tax-incentives-in-yucatan?lang=en,En ambas,OK,0,0,p_id ES 1835 | p_id EN 1836
2024-06,noticia,Reforma en materia de trata de personas: Enfoque en la explotación laboral,si,https://www.vonwobeser.com/index.php/publicacion?p_id=1839,si,https://www.vonwobeser.com/index.php/publication?p_id=1840,si,https://webpage-von-wobeser-2026.replit.app/news/reforma-en-materia-de-trata-de-personas-enfoque-en-la-explotacion-laboral,si,https://webpage-von-wobeser-2026.replit.app/news/reform-on-human-trafficking-focus-on-labor-exploitation?lang=en,En ambas,OK,0,0,p_id ES 1839 | p_id EN 1840
2024-06,noticia,Investigación por prácticas monopólicas absolutas en servicios médicos de tamiz metabólico neonatal del sector público en México.,si,https://www.vonwobeser.com/index.php/publicacion?p_id=1841,si,https://www.vonwobeser.com/index.php/publication?p_id=1842,si,https://webpage-von-wobeser-2026.replit.app/news/investigacion-por-practicas-monopolicas-absolutas-en-servicios-medicos-de-tamiz-,si,https://webpage-von-wobeser-2026.replit.app/news/antitrust-investigation-on-cartel-conducts-in-neonatal-screening-services-contra?lang=en,En ambas,OK,0,0,p_id ES 1841 | p_id EN 1842
2024-06,noticia,Instalación del Consejo Nacional de Mecanismos Alternativos de Solución de Controversias,si,https://www.vonwobeser.com/index.php/publicacion?p_id=1843,si,https://www.vonwobeser.com/index.php/publication?p_id=1844,si,https://webpage-von-wobeser-2026.replit.app/news/instalacion-del-consejo-nacional-de-mecanismos-alternativos-de-solucion-de-contr,si,https://webpage-von-wobeser-2026.replit.app/news/establishment-of-the-national-council-for-alternative-dispute-resolution-mechani?lang=en,En ambas,OK,0,0,p_id ES 1843 | p_id EN 1844
2024-06,noticia,"Inconstitucionalidad del artículo 130, fracción I del Código Fiscal de la Ciudad de México vigente en el ejercicio fiscal de 2023.",si,https://www.vonwobeser.com/index.php/publicacion?p_id=1837,si,https://www.vonwobeser.com/index.php/publication?p_id=1838,si,https://webpage-von-wobeser-2026.replit.app/news/inconstitucionalidad-del-articulo-130-fraccion-i-del-codigo-fiscal-de-la-ciudad-,si,https://webpage-von-wobeser-2026.replit.app/news/unconstitutionality-of-article-130-section-i-of-the-tax-code-of-mexico-city-in-f?lang=en,En ambas,OK,0,0,p_id ES 1837 | p_id EN 1838
2024-04,noticia,Von Wobeser y Sierra recibe reconocimientos en The Legal 500 Mexico Awards 2024,si,https://www.vonwobeser.com/index.php/publicacion?p_id=1845,si,https://www.vonwobeser.com/index.php/publication?p_id=1846,si,https://webpage-von-wobeser-2026.replit.app/news/von-wobeser-y-sierra-recibe-reconocimientos-en-the-legal-500-mexico-awards-2024,si,https://webpage-von-wobeser-2026.replit.app/news/von-wobeser-y-sierra-receives-accolades-at-the-legal-500-mexico-awards-2024?lang=en,En ambas | revisar texto,OK,0,0,p_id ES 1845 | p_id EN 1846
2024-04,noticia,Reforma a la Ley General de Títulos y Operaciones de Crédito y a la Ley General de Organizaciones y Actividades Auxiliares del Crédito,si,https://www.vonwobeser.com/index.php/publicacion?p_id=1849,si,https://www.vonwobeser.com/index.php/publication?p_id=1850,si,https://webpage-von-wobeser-2026.replit.app/news/reforma-a-la-ley-general-de-titulos-y-operaciones-de-credito-y-a-la-ley-general-,si,https://webpage-von-wobeser-2026.replit.app/news/amendment-to-the-credit-instruments-and-operations-general-law-and-the-law-of-cr?lang=en,En ambas,OK,0,0,p_id ES 1849 | p_id EN 1850
2024-04,noticia,La limitación del plazo para cancelar comprobantes fiscales digitales por internet al ejercicio en que se expidan es inconstitucional: Primera Sala,si,https://www.vonwobeser.com/index.php/publicacion?p_id=1847,si,https://www.vonwobeser.com/index.php/publication?p_id=1848,si,https://webpage-von-wobeser-2026.replit.app/news/la-limitacion-del-plazo-para-cancelar-comprobantes-fiscales-digitales-por-intern,si,https://webpage-von-wobeser-2026.replit.app/news/the-first-chamber-holds-that-restricting-the-cancellation-of-digital-tax-invoice?lang=en,En ambas,OK,0,0,p_id ES 1847 | p_id EN 1848
2024-04,articulo,La batalla por la independencia judicial. Lecciones del Sistema Interamericano.,si,https://www.vonwobeser.com/index.php/publicacion?p_id=1897,no,,si,https://webpage-von-wobeser-2026.replit.app/news/la-batalla-por-la-independencia-judicial-lecciones-del-sistema-interamericano,si,https://webpage-von-wobeser-2026.replit.app/news/la-batalla-por-la-independencia-judicial-lecciones-del-sistema-interamericano?lang=en,En ambas | revisar texto,OK,0,0,p_id ES 1897
2024-03,articulo,"Responsabilidad Penal de la Empresa y del Abogado, Thomson Reuters (2020)",si,https://www.vonwobeser.com/index.php/publicacion?p_id=1809,si,https://www.vonwobeser.com/index.php/publication?p_id=1824,si,https://webpage-von-wobeser-2026.replit.app/news/responsabilidad-penal-de-la-empresa-y-del-abogado-thomson-reuters-2020-2,si,https://webpage-von-wobeser-2026.replit.app/news/responsabilidad-penal-de-la-empresa-y-del-abogado-thomson-reuters-2020?lang=en,En ambas | revisar texto,OK,0,0,p_id ES 1809 | p_id EN 1824
2024-03,articulo,"Prescripción Penal-Fiscal, Thomson Reuters (2015)",si,https://www.vonwobeser.com/index.php/publicacion?p_id=1816,si,https://www.vonwobeser.com/index.php/publication?p_id=1831,si,https://webpage-von-wobeser-2026.replit.app/news/prescripcion-penal-fiscal-thomson-reuters-2015-2,si,https://webpage-von-wobeser-2026.replit.app/news/prescripcion-penal-fiscal-thomson-reuters-2015?lang=en,En ambas | revisar texto,OK,0,0,p_id ES 1816 | p_id EN 1831
2024-03,articulo,"Política Criminal Contemporánea de la Secretaría de Hacienda y Crédito Público, Thomson Reuters (2015)",si,https://www.vonwobeser.com/index.php/publicacion?p_id=1815,si,https://www.vonwobeser.com/index.php/publication?p_id=1830,si,https://webpage-von-wobeser-2026.replit.app/news/politica-criminal-contemporanea-de-la-secretaria-de-hacienda-y-credito-publico-t-2,si,https://webpage-von-wobeser-2026.replit.app/news/politica-criminal-contemporanea-de-la-secretaria-de-hacienda-y-credito-publico-t?lang=en,En ambas | revisar texto,OK,0,0,p_id ES 1815 | p_id EN 1830
2024-03,articulo,"No hay Crimen Perfecto, Periódico Milenio (2020)",si,https://www.vonwobeser.com/index.php/publicacion?p_id=1803,si,https://www.vonwobeser.com/index.php/publication?p_id=1818,si,https://webpage-von-wobeser-2026.replit.app/news/no-hay-crimen-perfecto-periodico-milenio-2020-2,si,https://webpage-von-wobeser-2026.replit.app/news/no-hay-crimen-perfecto-periodico-milenio-2020?lang=en,En ambas | revisar texto,OK,0,0,p_id ES 1803 | p_id EN 1818
2024-03,articulo,"Los Jueces deben pensar en las Víctimas, Periódico Milenio (2020)",si,https://www.vonwobeser.com/index.php/publicacion?p_id=1804,si,https://www.vonwobeser.com/index.php/publication?p_id=1819,si,https://webpage-von-wobeser-2026.replit.app/news/los-jueces-deben-pensar-en-las-victimas-periodico-milenio-2020-2,si,https://webpage-von-wobeser-2026.replit.app/news/los-jueces-deben-pensar-en-las-victimas-periodico-milenio-2020?lang=en,En ambas | revisar texto,OK,0,0,p_id ES 1804 | p_id EN 1819
2024-03,articulo,"Las Criptomonedas y su Transparente Blockchain, Periódico Milenio (2021)",si,https://www.vonwobeser.com/index.php/publicacion?p_id=1810,si,https://www.vonwobeser.com/index.php/publication?p_id=1825,si,https://webpage-von-wobeser-2026.replit.app/news/las-criptomonedas-y-su-transparente-blockchain-periodico-milenio-2021-2,si,https://webpage-von-wobeser-2026.replit.app/news/las-criptomonedas-y-su-transparente-blockchain-periodico-milenio-2021?lang=en,En ambas | revisar texto,OK,0,0,p_id ES 1810 | p_id EN 1825
2024-03,articulo,"Las Criptomonedas y los Esquemas Ponzi, MIT Sloan (2022)",si,https://www.vonwobeser.com/index.php/publicacion?p_id=1811,si,https://www.vonwobeser.com/index.php/publication?p_id=1826,si,https://webpage-von-wobeser-2026.replit.app/news/las-criptomonedas-y-los-esquemas-ponzi-mit-sloan-2022-2,si,https://webpage-von-wobeser-2026.replit.app/news/las-criptomonedas-y-los-esquemas-ponzi-mit-sloan-2022?lang=en,En ambas | revisar texto,OK,0,0,p_id ES 1811 | p_id EN 1826
2024-03,articulo,"La Tokenización de las Cosas, Revista del Ilustre y Nacional Colegio de Abogados de México (2024)",si,https://www.vonwobeser.com/index.php/publicacion?p_id=1813,si,https://www.vonwobeser.com/index.php/publication?p_id=1828,si,https://webpage-von-wobeser-2026.replit.app/news/la-tokenizacion-de-las-cosas-revista-del-ilustre-y-nacional-colegio-de-abogados--2,si,https://webpage-von-wobeser-2026.replit.app/news/la-tokenizacion-de-las-cosas-revista-del-ilustre-y-nacional-colegio-de-abogados-?lang=en,En ambas | revisar texto,OK,0,0,p_id ES 1813 | p_id EN 1828
2024-03,articulo,"La Evasión Fiscal: Una forma de Corrupción, Periódico Milenio (2020)",si,https://www.vonwobeser.com/index.php/publicacion?p_id=1805,si,https://www.vonwobeser.com/index.php/publication?p_id=1820,si,https://webpage-von-wobeser-2026.replit.app/news/la-evasion-fiscal-una-forma-de-corrupcion-periodico-milenio-2020-2,si,https://webpage-von-wobeser-2026.replit.app/news/la-evasion-fiscal-una-forma-de-corrupcion-periodico-milenio-2020?lang=en,En ambas | revisar texto,OK,0,0,p_id ES 1805 | p_id EN 1820
2024-03,articulo,"El Tratamiento Fiscal de las Criptomonedas, Thomson Reuters (2022)",si,https://www.vonwobeser.com/index.php/publicacion?p_id=1812,si,https://www.vonwobeser.com/index.php/publication?p_id=1827,si,https://webpage-von-wobeser-2026.replit.app/news/el-tratamiento-fiscal-de-las-criptomonedas-thomson-reuters-2022-2,si,https://webpage-von-wobeser-2026.replit.app/news/el-tratamiento-fiscal-de-las-criptomonedas-thomson-reuters-2022?lang=en,En ambas | revisar texto,OK,0,0,p_id ES 1812 | p_id EN 1827
2024-03,articulo,"El Lavado de Dinero y las Criptomonedas (Segunda parte), Thomson Reuters (2021)",si,https://www.vonwobeser.com/index.php/publicacion?p_id=1808,si,https://www.vonwobeser.com/index.php/publication?p_id=1823,si,https://webpage-von-wobeser-2026.replit.app/news/el-lavado-de-dinero-y-las-criptomonedas-segunda-parte-thomson-reuters-2021-2,si,https://webpage-von-wobeser-2026.replit.app/news/el-lavado-de-dinero-y-las-criptomonedas-segunda-parte-thomson-reuters-2021?lang=en,En ambas | revisar texto,OK,0,0,p_id ES 1808 | p_id EN 1823
2024-03,articulo,"El Lavado de Dinero y las Criptomonedas (Primera parte), Thomson Reuters (2020)",si,https://www.vonwobeser.com/index.php/publicacion?p_id=1807,si,https://www.vonwobeser.com/index.php/publication?p_id=1822,si,https://webpage-von-wobeser-2026.replit.app/news/el-lavado-de-dinero-y-las-criptomonedas-primera-parte-thomson-reuters-2020-2,si,https://webpage-von-wobeser-2026.replit.app/news/el-lavado-de-dinero-y-las-criptomonedas-primera-parte-thomson-reuters-2020?lang=en,En ambas | revisar texto,OK,0,0,p_id ES 1807 | p_id EN 1822
2024-03,articulo,"El Concepto de Organización en Delincuencia Organizada y Crímenes de Lesa Humanidad, Todo Penal Internacional (2021)",si,https://www.vonwobeser.com/index.php/publicacion?p_id=1806,si,https://www.vonwobeser.com/index.php/publication?p_id=1821,si,https://webpage-von-wobeser-2026.replit.app/news/el-concepto-de-organizacion-en-delincuencia-organizada-y-crimenes-de-lesa-humani-2,si,https://webpage-von-wobeser-2026.replit.app/news/el-concepto-de-organizacion-en-delincuencia-organizada-y-crimenes-de-lesa-humani?lang=en,En ambas | revisar texto,OK,0,0,p_id ES 1806 | p_id EN 1821
2024-03,articulo,Daniela Pons - Nexos - Los empresarios son beneficiarios del combate a la corrupción privada - May 2023.,si,https://www.vonwobeser.com/index.php/publicacion?p_id=1833,si,https://www.vonwobeser.com/index.php/publication?p_id=1834,si,https://webpage-von-wobeser-2026.replit.app/news/daniela-pons-nexos-los-empresarios-son-beneficiarios-del-combate-a-la-corrupcion-2,si,https://webpage-von-wobeser-2026.replit.app/news/daniela-pons-nexos-los-empresarios-son-beneficiarios-del-combate-a-la-corrupcion?lang=en,En ambas | revisar texto,OK,0,0,p_id ES 1833 | p_id EN 1834
2024-03,articulo,"Comentarios sobre el Delito de Defraudación Fiscal Equiparada relacionada con el IVA respecto a la consignación del Valor de Actos o Actividades, Thomson Reuters (2015)",si,https://www.vonwobeser.com/index.php/publicacion?p_id=1817,si,https://www.vonwobeser.com/index.php/publication?p_id=1832,si,https://webpage-von-wobeser-2026.replit.app/news/comentarios-sobre-el-delito-de-defraudacion-fiscal-equiparada-relacionada-con-el-2,si,https://webpage-von-wobeser-2026.replit.app/news/comentarios-sobre-el-delito-de-defraudacion-fiscal-equiparada-relacionada-con-el?lang=en,En ambas | revisar texto,OK,0,0,p_id ES 1817 | p_id EN 1832
2024-03,articulo,"Blockchain y Compliance, Mundo Ejecutivo (2023)",si,https://www.vonwobeser.com/index.php/publicacion?p_id=1814,si,https://www.vonwobeser.com/index.php/publication?p_id=1829,si,https://webpage-von-wobeser-2026.replit.app/news/blockchain-y-compliance-mundo-ejecutivo-2023-2,si,https://webpage-von-wobeser-2026.replit.app/news/blockchain-y-compliance-mundo-ejecutivo-2023?lang=en,En ambas | revisar texto,OK,0,0,p_id ES 1814 | p_id EN 1829
2024-03,noticia,Acuerdo sobre la competencia territorial de las Unidades Administrativas de la PRODECON en materia de acuerdos conclusivos,si,https://www.vonwobeser.com/index.php/publicacion?p_id=1851,si,https://www.vonwobeser.com/index.php/publication?p_id=1852,si,https://webpage-von-wobeser-2026.replit.app/news/acuerdo-sobre-la-competencia-territorial-de-las-unidades-administrativas-de-la-p,si,https://webpage-von-wobeser-2026.replit.app/news/official-letter-on-the-territorial-competence-of-the-administrative-units-of-the?lang=en,En ambas,OK,0,0,p_id ES 1851 | p_id EN 1852
2024-02,noticia,Renovaciones REPSE 2024,si,https://www.vonwobeser.com/index.php/publicacion?p_id=1853,si,https://www.vonwobeser.com/index.php/publication?p_id=1854,si,https://webpage-von-wobeser-2026.replit.app/news/renovaciones-repse-2024,si,https://webpage-von-wobeser-2026.replit.app/news/2024-repse-renewals?lang=en,En ambas,OK,0,0,p_id ES 1853 | p_id EN 1854
2024-02,noticia,Reforma al Reglamento Interior del Tribunal Federal de Justicia Administrativa,si,https://www.vonwobeser.com/index.php/publicacion?p_id=1859,si,https://www.vonwobeser.com/index.php/publication?p_id=1860,si,https://webpage-von-wobeser-2026.replit.app/news/reforma-al-reglamento-interior-del-tribunal-federal-de-justicia-administrativa,si,https://webpage-von-wobeser-2026.replit.app/news/amendment-to-the-federal-court-of-administrative-justice-bylaws?lang=en,En ambas,OK,0,0,p_id ES 1859 | p_id EN 1860
2024-02,noticia,La Suprema Corte de Justicia de la Nación confirma amparos en contra de la reciente reforma a la Ley de la Industria Eléctrica,si,https://www.vonwobeser.com/index.php/publicacion?p_id=1857,si,https://www.vonwobeser.com/index.php/publication?p_id=1858,si,https://webpage-von-wobeser-2026.replit.app/news/la-suprema-corte-de-justicia-de-la-nacion-confirma-amparos-en-contra-de-la-recie,si,https://webpage-von-wobeser-2026.replit.app/news/mexico-s-supreme-court-of-justice-confirms-ruling-against-the-recent-reform-of-t?lang=en,En ambas,OK,0,0,p_id ES 1857 | p_id EN 1858
2024-02,noticia,Impuesto Predial - Inconstitucionalidad de la fracción IV del Artículo 282 del Código Fiscal de la Ciudad de México,si,https://www.vonwobeser.com/index.php/publicacion?p_id=1855,si,https://www.vonwobeser.com/index.php/publication?p_id=1856,si,https://webpage-von-wobeser-2026.replit.app/news/impuesto-predial-inconstitucionalidad-de-la-fraccion-iv-del-articulo-282-del-cod,si,https://webpage-von-wobeser-2026.replit.app/news/property-tax-unconstitutionality-of-section-iv-of-article-282-of-the-mexico-city?lang=en,En ambas,OK,0,0,p_id ES 1855 | p_id EN 1856
2024-01,noticia,Investigación de oficio por barreras a la competencia y libre concurrencia y/o insumos esenciales en el Mercado del Servicio Público de Transporte Ferroviario de Carga,si,https://www.vonwobeser.com/index.php/publicacion?p_id=1861,si,https://www.vonwobeser.com/index.php/publication?p_id=1862,si,https://webpage-von-wobeser-2026.replit.app/news/investigacion-de-oficio-por-barreras-a-la-competencia-y-libre-concurrencia-y-o-i,si,https://webpage-von-wobeser-2026.replit.app/news/ex-officio-investigation-for-barriers-to-competition-and-free-market-and-or-esse?lang=en,En ambas,OK,0,0,p_id ES 1861 | p_id EN 1862
2023-12,noticia,Nuevos salarios mínimos a partir del 1o de enero de 2024,si,https://www.vonwobeser.com/index.php/publicacion?p_id=1863,si,https://www.vonwobeser.com/index.php/publication?p_id=1864,si,https://webpage-von-wobeser-2026.replit.app/news/nuevos-salarios-minimos-a-partir-del-1o-de-enero-de-2024,si,https://webpage-von-wobeser-2026.replit.app/news/new-minimum-wages-as-of-january-1-2024?lang=en,En ambas,OK,0,0,p_id ES 1863 | p_id EN 1864
2023-11,noticia,Reporte BEPS – Acción 14 “Hacer que los mecanismos de Resolución de Controversias sean más Efectivos”,si,https://www.vonwobeser.com/index.php/publicacion?p_id=1869,si,https://www.vonwobeser.com/index.php/publication?p_id=1870,si,https://webpage-von-wobeser-2026.replit.app/news/reporte-beps-accion-14-hacer-que-los-mecanismos-de-resolucion-de-controversias-s,si,https://webpage-von-wobeser-2026.replit.app/news/report-on-beps-action-14-making-dispute-resolution-mechanisms-more-effective?lang=en,En ambas,OK,0,0,p_id ES 1869 | p_id EN 1870
2023-11,noticia,Reforma en materia de juegos y sorteos,si,https://www.vonwobeser.com/index.php/publicacion?p_id=1865,si,https://www.vonwobeser.com/index.php/publication?p_id=1866,si,https://webpage-von-wobeser-2026.replit.app/news/reforma-en-materia-de-juegos-y-sorteos,si,https://webpage-von-wobeser-2026.replit.app/news/gambling-and-raffles-reform?lang=en,En ambas,OK,0,0,p_id ES 1865 | p_id EN 1866
2023-11,noticia,Próxima entrada en vigor de la NOM-037,si,https://www.vonwobeser.com/index.php/publicacion?p_id=1871,si,https://www.vonwobeser.com/index.php/publication?p_id=1872,si,https://webpage-von-wobeser-2026.replit.app/news/proxima-entrada-en-vigor-de-la-nom-037,si,https://webpage-von-wobeser-2026.replit.app/news/nom-037-enters-into-force-soon?lang=en,En ambas,OK,0,0,p_id ES 1871 | p_id EN 1872
2023-11,noticia,Modificaciones relevantes en leyes fiscales y presupuestarias para 2024,si,https://www.vonwobeser.com/index.php/publicacion?p_id=1867,si,https://www.vonwobeser.com/index.php/publication?p_id=1868,si,https://webpage-von-wobeser-2026.replit.app/news/modificaciones-relevantes-en-leyes-fiscales-y-presupuestarias-para-2024,si,https://webpage-von-wobeser-2026.replit.app/news/relevant-modifications-in-tax-and-budget-laws-for-2024?lang=en,En ambas,OK,0,0,p_id ES 1867 | p_id EN 1868
2023-10,noticia,"Von Wobeser y Sierra colabora con Datasaur para lanzar VonBot, un chatbot impulsado por IA",si,https://www.vonwobeser.com/index.php/publicacion?p_id=1800,si,https://www.vonwobeser.com/index.php/publication?p_id=1799,si,https://webpage-von-wobeser-2026.replit.app/news/von-wobeser-y-sierra-colabora-con-datasaur-para-lanzar-vonbot-un-chatbot-impulsa,si,https://webpage-von-wobeser-2026.replit.app/news/von-wobeser-y-sierra-collaborates-with-datasaur-to-launch-ai-powered-chatbot-von?lang=en,En ambas | revisar texto,OK,0,0,p_id ES 1800 | p_id EN 1799
2023-10,noticia,Se otorgan importantes estímulos fiscales a sectores clave de la industria de manufactura para la exportación,si,https://www.vonwobeser.com/index.php/publicacion?p_id=1876,si,https://www.vonwobeser.com/index.php/publication?p_id=1877,si,https://webpage-von-wobeser-2026.replit.app/news/se-otorgan-importantes-estimulos-fiscales-a-sectores-clave-de-la-industria-de-ma,si,https://webpage-von-wobeser-2026.replit.app/news/significant-tax-incentives-granted-to-key-sectors-of-the-manufacturing-industry-?lang=en,En ambas,OK,0,0,p_id ES 1876 | p_id EN 1877
2023-10,noticia,Nuevas Directrices del SAT en relación con el CFDI,si,https://www.vonwobeser.com/index.php/publicacion?p_id=1875,no,,si,https://webpage-von-wobeser-2026.replit.app/news/nuevas-directrices-del-sat-en-relacion-con-el-cfdi,si,https://webpage-von-wobeser-2026.replit.app/news/nuevas-directrices-del-sat-en-relacion-con-el-cfdi?lang=en,En ambas | oficial en 1 idioma,OK,0,0,p_id ES 1875
2023-10,noticia,Investigación en Materia de Competencia Económica en el Mercado de la Comercialización de Avisos Inmobiliarios Clasificados,si,https://www.vonwobeser.com/index.php/publicacion?p_id=1878,si,https://www.vonwobeser.com/index.php/publication?p_id=1879,si,https://webpage-von-wobeser-2026.replit.app/news/investigacion-en-materia-de-competencia-economica-en-el-mercado-de-la-comerciali,si,https://webpage-von-wobeser-2026.replit.app/news/investigation-on-antitrust-matters-in-the-market-for-commercialization-of-real-e?lang=en,En ambas,OK,0,0,p_id ES 1878 | p_id EN 1879
2023-10,noticia,Decreto – Beneficios fiscales a los contribuyentes de las zonas afectadas del estado de Guerrero,si,https://www.vonwobeser.com/index.php/publicacion?p_id=1873,si,https://www.vonwobeser.com/index.php/publication?p_id=1874,si,https://webpage-von-wobeser-2026.replit.app/news/decreto-beneficios-fiscales-a-los-contribuyentes-de-las-zonas-afectadas-del-esta,si,https://webpage-von-wobeser-2026.replit.app/news/decree-tax-benefits-to-taxpayers-of-the-affected-areas-of-the-state-of-guerrero?lang=en,En ambas,OK,0,0,p_id ES 1873 | p_id EN 1874
2023-09,noticia,Uso de Medios Electrónicos para la Celebración de Asambleas de Socios y Accionistas,si,https://www.vonwobeser.com/index.php/publicacion?p_id=1882,si,https://www.vonwobeser.com/index.php/publication?p_id=1883,si,https://webpage-von-wobeser-2026.replit.app/news/uso-de-medios-electronicos-para-la-celebracion-de-asambleas-de-socios-y-accionis,si,https://webpage-von-wobeser-2026.replit.app/news/use-of-electronic-means-for-the-holding-of-partners-and-shareholders-meetings?lang=en,En ambas,OK,0,0,p_id ES 1882 | p_id EN 1883
2023-09,noticia,La restricción a la venta de productos con grasas trans ya está en vigor,si,https://www.vonwobeser.com/index.php/publicacion?p_id=1884,si,https://www.vonwobeser.com/index.php/publication?p_id=1885,si,https://webpage-von-wobeser-2026.replit.app/news/la-restriccion-a-la-venta-de-productos-con-grasas-trans-ya-esta-en-vigor,si,https://webpage-von-wobeser-2026.replit.app/news/the-restriction-on-the-sale-of-products-containing-trans-fats-is-now-in-effect?lang=en,En ambas,OK,0,0,p_id ES 1884 | p_id EN 1885
2023-09,noticia,El Sistema de Solicitud Electrónica de Licitaciones y Opiniones (SISELO) de la Comisión Federal de Competencia Económica (COFECE) inicia operaciones,si,https://www.vonwobeser.com/index.php/publicacion?p_id=1798,si,https://www.vonwobeser.com/index.php/publication?p_id=1797,si,https://webpage-von-wobeser-2026.replit.app/news/el-sistema-de-solicitud-electronica-de-licitaciones-y-opiniones-siselo-de-la-com,si,https://webpage-von-wobeser-2026.replit.app/news/the-electronic-bidding-and-opinion-request-system-siselo-of-the-federal-economic?lang=en,En ambas,OK,0,0,p_id ES 1798 | p_id EN 1797
2023-06,noticia,Nearshoring: beneficios y facilidades para inversiones en el Istmo de Tehuantepec,si,https://www.vonwobeser.com/index.php/publicacion?p_id=1794,si,https://www.vonwobeser.com/index.php/publication?p_id=1793,si,https://webpage-von-wobeser-2026.replit.app/news/nearshoring-beneficios-y-facilidades-para-inversiones-en-el-istmo-de-tehuantepec,si,https://webpage-von-wobeser-2026.replit.app/news/nearshoring-benefits-and-facilities-for-investments-in-the-isthmus-of-tehuantepe?lang=en,En ambas,OK,0,0,p_id ES 1794 | p_id EN 1793
2023-06,noticia,"NOM-037, sobre Teletrabajo - Condiciones de Seguridad y Salud en el Trabajo",si,https://www.vonwobeser.com/index.php/publicacion?p_id=1788,si,https://www.vonwobeser.com/index.php/publication?p_id=1787,si,https://webpage-von-wobeser-2026.replit.app/news/nom-037-sobre-teletrabajo-condiciones-de-seguridad-y-salud-en-el-trabajo,si,https://webpage-von-wobeser-2026.replit.app/news/nom-037-on-telework-safety-and-health-conditions-at-work?lang=en,En ambas,OK,0,0,p_id ES 1788 | p_id EN 1787
2023-06,articulo,Las nuevas reglas de publicidad en alimentos preenvasados.,si,https://www.vonwobeser.com/index.php/publicacion?p_id=1899,si,https://www.vonwobeser.com/index.php/publication?p_id=1900,si,https://webpage-von-wobeser-2026.replit.app/news/las-nuevas-reglas-de-publicidad-en-alimentos-preenvasados,si,https://webpage-von-wobeser-2026.replit.app/news/the-new-advertising-rules-for-prepackaged-foods?lang=en,En ambas | revisar texto,OK,0,0,p_id ES 1899 | p_id EN 1900
2023-06,noticia,La CRE emite acuerdo que promueve la regresión de la transición energética,si,https://www.vonwobeser.com/index.php/publicacion?p_id=1792,si,https://www.vonwobeser.com/index.php/publication?p_id=1791,si,https://webpage-von-wobeser-2026.replit.app/news/la-cre-emite-acuerdo-que-promueve-la-regresion-de-la-transicion-energetica,si,https://webpage-von-wobeser-2026.replit.app/news/the-energy-regulatory-commission-rolls-back-the-energy-transition?lang=en,En ambas,OK,0,0,p_id ES 1792 | p_id EN 1791
2023-06,noticia,"Invalidez de la Ley para la Transparencia, Prevención y Combate de Prácticas Indebidas en Materia de Contratación de Publicidad",si,https://www.vonwobeser.com/index.php/publicacion?p_id=1790,si,https://www.vonwobeser.com/index.php/publication?p_id=1789,si,https://webpage-von-wobeser-2026.replit.app/news/invalidez-de-la-ley-para-la-transparencia-prevencion-y-combate-de-practicas-inde,si,https://webpage-von-wobeser-2026.replit.app/news/invalidity-of-the-law-for-the-transparency-prevention-and-combat-of-improper-pra?lang=en,En ambas,OK,0,0,p_id ES 1790 | p_id EN 1789
2023-05,articulo,Una visión interdisciplinaria en el combate a la corrupción,si,https://www.vonwobeser.com/index.php/publicacion?p_id=1781,si,https://www.vonwobeser.com/index.php/publication?p_id=1782,si,https://webpage-von-wobeser-2026.replit.app/news/una-vision-interdisciplinaria-en-el-combate-a-la-corrupcion,si,https://webpage-von-wobeser-2026.replit.app/news/una-vision-interdisciplinaria-en-el-combate-a-la-corrupcion-2?lang=en,En ambas,OK,0,0,p_id ES 1781 | p_id EN 1782
2023-05,noticia,Se declara terminada la emergencia sanitaria derivada del Covid-19,si,https://www.vonwobeser.com/index.php/publicacion?p_id=1796,si,https://www.vonwobeser.com/index.php/publication?p_id=1795,si,https://webpage-von-wobeser-2026.replit.app/news/se-declara-terminada-la-emergencia-sanitaria-derivada-del-covid-19,si,https://webpage-von-wobeser-2026.replit.app/news/the-end-of-the-covid-19-health-emergency-is-declared?lang=en,En ambas,OK,0,0,p_id ES 1796 | p_id EN 1795
2023-05,noticia,Prohibición de la importación de bienes producidos con Trabajo Forzoso,si,https://www.vonwobeser.com/index.php/publicacion?p_id=1786,si,https://www.vonwobeser.com/index.php/publication?p_id=1785,si,https://webpage-von-wobeser-2026.replit.app/news/prohibicion-de-la-importacion-de-bienes-producidos-con-trabajo-forzoso,si,https://webpage-von-wobeser-2026.replit.app/news/prohibition-on-importing-goods-produced-with-forced-labor?lang=en,En ambas,OK,0,0,p_id ES 1786 | p_id EN 1785
2023-05,articulo,ESG en la Industria Minera Mexicana. Cuarta Parte,si,https://www.vonwobeser.com/index.php/publicacion?p_id=1784,si,https://www.vonwobeser.com/index.php/publication?p_id=1783,si,https://webpage-von-wobeser-2026.replit.app/news/esg-en-la-industria-minera-mexicana-cuarta-parte,si,https://webpage-von-wobeser-2026.replit.app/news/esg-in-the-mexican-mining-industry-part-four?lang=en,En ambas,OK,0,0,p_id ES 1784 | p_id EN 1783
2023-03,noticia,Plazos y términos legales de la Comisión Reguladora de Energía se reanudan,si,https://www.vonwobeser.com/index.php/publicacion?p_id=1778,si,https://www.vonwobeser.com/index.php/publication?p_id=1777,si,https://webpage-von-wobeser-2026.replit.app/news/plazos-y-terminos-legales-de-la-comision-reguladora-de-energia-se-reanudan,si,https://webpage-von-wobeser-2026.replit.app/news/energy-regulatory-commission-s-legal-deadlines-and-terms-resume?lang=en,En ambas,OK,0,0,p_id ES 1778 | p_id EN 1777
2023-03,noticia,Iniciativa de reforma integral que impacta a la Industria Minera Mexicana,si,https://www.vonwobeser.com/index.php/publicacion?p_id=1780,si,https://www.vonwobeser.com/index.php/publication?p_id=1779,si,https://webpage-von-wobeser-2026.replit.app/news/iniciativa-de-reforma-integral-que-impacta-a-la-industria-minera-mexicana,si,https://webpage-von-wobeser-2026.replit.app/news/comprehensive-law-reform-initiative-to-impact-the-mexican-mining-industry?lang=en,En ambas,OK,0,0,p_id ES 1780 | p_id EN 1779
2023-03,noticia,COFECE publica lineamientos para el uso de medios electrónicos en sus procedimientos,si,https://www.vonwobeser.com/index.php/publicacion?p_id=1886,si,https://www.vonwobeser.com/index.php/publication?p_id=1887,si,https://webpage-von-wobeser-2026.replit.app/news/cofece-publica-lineamientos-para-el-uso-de-medios-electronicos-en-sus-procedimie,si,https://webpage-von-wobeser-2026.replit.app/news/cofece-publishes-guidelines-for-the-use-of-electronic-means-in-its-proceedings?lang=en,En ambas,OK,0,0,p_id ES 1886 | p_id EN 1887
2023-02,noticia,Von Wobeser y Sierra has been ranked by Chambers and Partners Global 2023,no,,si,https://www.vonwobeser.com/index.php/publication?p_id=1771,si,https://webpage-von-wobeser-2026.replit.app/news/von-wobeser-y-sierra-has-been-ranked-by-chambers-and-partners-global-2023,si,https://webpage-von-wobeser-2026.replit.app/news/von-wobeser-y-sierra-has-been-ranked-by-chambers-and-partners-global-2023?lang=en,En ambas | revisar texto,OK,0,0,p_id EN 1771
2023-02,noticia,Von Wobeser y Sierra ha sido reconocido por Chambers and Partners Global 2023,si,https://www.vonwobeser.com/index.php/publicacion?p_id=1772,no,,si,https://webpage-von-wobeser-2026.replit.app/news/von-wobeser-y-sierra-ha-sido-reconocido-por-chambers-and-partners-global-2023,si,https://webpage-von-wobeser-2026.replit.app/news/von-wobeser-y-sierra-ha-sido-reconocido-por-chambers-and-partners-global-2023?lang=en,En ambas | oficial en 1 idioma,OK,0,0,p_id ES 1772
2023-02,noticia,Modificaciones a las disposiciones del REPSE,si,https://www.vonwobeser.com/index.php/publicacion?p_id=1774,si,https://www.vonwobeser.com/index.php/publication?p_id=1773,si,https://webpage-von-wobeser-2026.replit.app/news/modificaciones-a-las-disposiciones-del-repse,si,https://webpage-von-wobeser-2026.replit.app/news/modifications-to-the-repse-provisions?lang=en,En ambas,OK,0,0,p_id ES 1774 | p_id EN 1773
2023-01,noticia,Von Wobeser y Sierra reconocido como Pro Bono Leading Light 2022,si,https://www.vonwobeser.com/index.php/publicacion?p_id=1768,si,https://www.vonwobeser.com/index.php/publication?p_id=1767,si,https://webpage-von-wobeser-2026.replit.app/news/von-wobeser-y-sierra-reconocido-como-pro-bono-leading-light-2022,si,https://webpage-von-wobeser-2026.replit.app/news/von-wobeser-y-sierra-recognized-as-a-pro-bono-leading-light-2022?lang=en,En ambas | revisar texto,OK,0,0,p_id ES 1768 | p_id EN 1767
2023-01,noticia,Nuevos valores de la UMA vigentes a partir del 1º de febrero de 2023,si,https://www.vonwobeser.com/index.php/publicacion?p_id=1766,si,https://www.vonwobeser.com/index.php/publication?p_id=1765,si,https://webpage-von-wobeser-2026.replit.app/news/nuevos-valores-de-la-uma-vigentes-a-partir-del-1-de-febrero-de-2023,si,https://webpage-von-wobeser-2026.replit.app/news/new-values-of-the-uma-in-effect-as-of-february-1st-2023?lang=en,En ambas,OK,0,0,p_id ES 1766 | p_id EN 1765
2023-01,articulo,Latin Lawyer’s M&A Guide: Indemnity Escrows and Other Payment Guarantees,si,https://www.vonwobeser.com/index.php/publicacion?p_id=1764,si,https://www.vonwobeser.com/index.php/publication?p_id=1763,si,https://webpage-von-wobeser-2026.replit.app/news/latin-lawyer-s-m-a-guide-indemnity-escrows-and-other-payment-guarantees-2,si,https://webpage-von-wobeser-2026.replit.app/news/latin-lawyer-s-m-a-guide-indemnity-escrows-and-other-payment-guarantees?lang=en,En ambas | revisar texto,OK,0,0,p_id ES 1764 | p_id EN 1763
2023-01,noticia,La fecha límite para presentar reclamaciones de inversiones existentes bajo el TLCAN se acerca. Es momento de que los inversionistas evalúen sus opciones,si,https://www.vonwobeser.com/index.php/publicacion?p_id=1802,si,https://www.vonwobeser.com/index.php/publication?p_id=1801,si,https://webpage-von-wobeser-2026.replit.app/news/la-fecha-limite-para-presentar-reclamaciones-de-inversiones-existentes-bajo-el-t,si,https://webpage-von-wobeser-2026.replit.app/news/deadline-to-file-legacy-claims-under-nafta-s-sunset-period-approaches-investors-?lang=en,En ambas,OK,0,0,p_id ES 1802 | p_id EN 1801
2023-01,noticia,Entrada en vigor de la Reforma al Reglamento de la Ley General para el Control del Tabaco,si,https://www.vonwobeser.com/index.php/publicacion?p_id=1776,si,https://www.vonwobeser.com/index.php/publication?p_id=1775,si,https://webpage-von-wobeser-2026.replit.app/news/entrada-en-vigor-de-la-reforma-al-reglamento-de-la-ley-general-para-el-control-d,si,https://webpage-von-wobeser-2026.replit.app/news/coming-into-effect-of-the-amendment-to-the-regulations-of-the-general-law-for-to?lang=en,En ambas,OK,0,0,p_id ES 1776 | p_id EN 1775
2023-01,noticia,Chambers: Litigation 2023 Mexico Guide,si,https://www.vonwobeser.com/index.php/publicacion?p_id=1770,si,https://www.vonwobeser.com/index.php/publication?p_id=1769,si,https://webpage-von-wobeser-2026.replit.app/news/chambers-litigation-2023-mexico-guide-2,si,https://webpage-von-wobeser-2026.replit.app/news/chambers-litigation-2023-mexico-guide?lang=en,En ambas | revisar texto,OK,0,0,p_id ES 1770 | p_id EN 1769
2022-12,noticia,Nuevos salarios mínimos a partir del 1° de enero de 2023,si,https://www.vonwobeser.com/index.php/publicacion?p_id=1762,si,https://www.vonwobeser.com/index.php/publication?p_id=1761,si,https://webpage-von-wobeser-2026.replit.app/news/nuevos-salarios-minimos-a-partir-del-1-de-enero-de-2023,si,https://webpage-von-wobeser-2026.replit.app/news/new-minimum-wages-as-of-january-1-2023?lang=en,En ambas,OK,0,0,p_id ES 1762 | p_id EN 1761
2022-11,noticia,Regulación del Mercado de Cripto-Activos en la Unión Europea (MiCA),si,https://www.vonwobeser.com/index.php/publicacion?p_id=1760,si,https://www.vonwobeser.com/index.php/publication?p_id=1759,si,https://webpage-von-wobeser-2026.replit.app/news/regulacion-del-mercado-de-cripto-activos-en-la-union-europea-mica,si,https://webpage-von-wobeser-2026.replit.app/news/eu-markets-in-crypto-assets-regulation-mica?lang=en,En ambas,OK,0,0,p_id ES 1760 | p_id EN 1759
2022-10,noticia,Nuevos Lineamientos ante Covid-19,si,https://www.vonwobeser.com/index.php/publicacion?p_id=1758,si,https://www.vonwobeser.com/index.php/publication?p_id=1757,si,https://webpage-von-wobeser-2026.replit.app/news/nuevos-lineamientos-ante-covid-19,si,https://webpage-von-wobeser-2026.replit.app/news/new-covid-19-guidelines?lang=en,En ambas,OK,0,0,p_id ES 1758 | p_id EN 1757
2022-10,articulo,Global Arbitration Review: Construction Arbitration Know-How Mexico Chapter,si,https://www.vonwobeser.com/index.php/publicacion?p_id=1756,si,https://www.vonwobeser.com/index.php/publication?p_id=1755,si,https://webpage-von-wobeser-2026.replit.app/news/global-arbitration-review-construction-arbitration-know-how-mexico-chapter-2,si,https://webpage-von-wobeser-2026.replit.app/news/global-arbitration-review-construction-arbitration-know-how-mexico-chapter?lang=en,En ambas | revisar texto,OK,0,0,p_id ES 1756 | p_id EN 1755
2022-09,noticia,Modificaciones de las disposiciones fiscales para el Ejercicio Fiscal de 2023,si,https://www.vonwobeser.com/index.php/publicacion?p_id=1754,si,https://www.vonwobeser.com/index.php/publication?p_id=1753,si,https://webpage-von-wobeser-2026.replit.app/news/modificaciones-de-las-disposiciones-fiscales-para-el-ejercicio-fiscal-de-2023,si,https://webpage-von-wobeser-2026.replit.app/news/modifications-to-the-tax-provisions-for-fiscal-year-2023?lang=en,En ambas,OK,0,0,p_id ES 1754 | p_id EN 1753
2022-09,noticia,Mexico: New District Courts in bankruptcy matters,si,https://www.vonwobeser.com/index.php/publicacion?p_id=1752,si,https://www.vonwobeser.com/index.php/publication?p_id=1751,si,https://webpage-von-wobeser-2026.replit.app/news/mexico-new-district-courts-in-bankruptcy-matters-2,si,https://webpage-von-wobeser-2026.replit.app/news/mexico-new-district-courts-in-bankruptcy-matters?lang=en,En ambas,OK,0,0,p_id ES 1752 | p_id EN 1751
2022-08,noticia,"“Litio para México”, el nuevo organismo público descentralizado",si,https://www.vonwobeser.com/index.php/publicacion?p_id=1750,si,https://www.vonwobeser.com/index.php/publication?p_id=1749,si,https://webpage-von-wobeser-2026.replit.app/news/litio-para-mexico-el-nuevo-organismo-publico-descentralizado,si,https://webpage-von-wobeser-2026.replit.app/news/lithium-for-mexico-the-new-decentralized-public-agency?lang=en,En ambas,OK,0,0,p_id ES 1750 | p_id EN 1749
2022-08,articulo,ESG en la Industria Minera Mexicana. Tercera Parte,si,https://www.vonwobeser.com/index.php/publicacion?p_id=1748,si,https://www.vonwobeser.com/index.php/publication?p_id=1747,si,https://webpage-von-wobeser-2026.replit.app/news/esg-en-la-industria-minera-mexicana-tercera-parte,si,https://webpage-von-wobeser-2026.replit.app/news/esg-in-the-mexican-mining-industry-part-three?lang=en,En ambas,OK,0,0,p_id ES 1748 | p_id EN 1747
2022-07,noticia,Proyecto de NOM sobre Teletrabajo – Condiciones de Seguridad y Salud,si,https://www.vonwobeser.com/index.php/publicacion?p_id=1746,si,https://www.vonwobeser.com/index.php/publication?p_id=1745,si,https://webpage-von-wobeser-2026.replit.app/news/proyecto-de-nom-sobre-teletrabajo-condiciones-de-seguridad-y-salud,si,https://webpage-von-wobeser-2026.replit.app/news/draft-regulation-regarding-home-office-safety-and-health-conditions?lang=en,En ambas,OK,0,0,p_id ES 1746 | p_id EN 1745
2022-07,noticia,Medidas transitorias frente a sequías severas en México,si,https://www.vonwobeser.com/index.php/publicacion?p_id=1744,si,https://www.vonwobeser.com/index.php/publication?p_id=1743,si,https://webpage-von-wobeser-2026.replit.app/news/medidas-transitorias-frente-a-sequias-severas-en-mexico,si,https://webpage-von-wobeser-2026.replit.app/news/temporary-measures-to-mitigate-severe-droughts-in-mexico?lang=en,En ambas,OK,0,0,p_id ES 1744 | p_id EN 1743
2022-05,noticia,"Von Wobeser y Sierra, S.C. - WWL 2022 Mexico Report",no,,si,https://www.vonwobeser.com/index.php/publication?p_id=1721,si,https://webpage-von-wobeser-2026.replit.app/news/von-wobeser-y-sierra-s-c-wwl-2022-mexico-report,si,https://webpage-von-wobeser-2026.replit.app/news/von-wobeser-y-sierra-s-c-wwl-2022-mexico-report?lang=en,En ambas | revisar texto,OK,0,0,p_id EN 1721
2022-05,noticia,The Guide to Corporate Compliance; Edition 3 - Specialist Chapter How to Conduct Internal Investigations of Alleged Wrongdoing,no,,si,https://www.vonwobeser.com/index.php/publication?p_id=1724,si,https://webpage-von-wobeser-2026.replit.app/news/the-guide-to-corporate-compliance-edition-3-specialist-chapter-how-to-conduct-in,si,https://webpage-von-wobeser-2026.replit.app/news/the-guide-to-corporate-compliance-edition-3-specialist-chapter-how-to-conduct-in?lang=en,En ambas | oficial en 1 idioma,OK,0,0,p_id EN 1724
2022-05,noticia,Se aplaza entrada en vigor de reforma laboral,si,https://www.vonwobeser.com/index.php/publicacion?p_id=1742,si,https://www.vonwobeser.com/index.php/publication?p_id=1741,si,https://webpage-von-wobeser-2026.replit.app/news/se-aplaza-entrada-en-vigor-de-reforma-laboral,si,https://webpage-von-wobeser-2026.replit.app/news/labor-reform-is-postponed?lang=en,En ambas,OK,0,0,p_id ES 1742 | p_id EN 1741
2022-05,articulo,Prepárate para el próximo cisne,si,https://www.vonwobeser.com/index.php/publicacion?p_id=1726,si,https://www.vonwobeser.com/index.php/publication?p_id=1725,si,https://webpage-von-wobeser-2026.replit.app/news/preparate-para-el-proximo-cisne-2,si,https://webpage-von-wobeser-2026.replit.app/news/preparate-para-el-proximo-cisne?lang=en,En ambas,OK,0,0,p_id ES 1726 | p_id EN 1725
2022-05,noticia,Nuevas reglas que impactan a la operación de empresas con programas IMMEX y PROSEC,si,https://www.vonwobeser.com/index.php/publicacion?p_id=1723,si,https://www.vonwobeser.com/index.php/publication?p_id=1722,si,https://webpage-von-wobeser-2026.replit.app/news/nuevas-reglas-que-impactan-a-la-operacion-de-empresas-con-programas-immex-y-pros,si,https://webpage-von-wobeser-2026.replit.app/news/new-rules-impacting-the-operation-of-companies-with-immex-and-prosec-programs?lang=en,En ambas,OK,0,0,p_id ES 1723 | p_id EN 1722
2022-05,noticia,"Limitarían, aún más, a generadores de IP",si,https://www.vonwobeser.com/index.php/publicacion?p_id=1729,si,https://www.vonwobeser.com/index.php/publication?p_id=1730,si,https://webpage-von-wobeser-2026.replit.app/news/limitarian-aun-mas-a-generadores-de-ip-2,si,https://webpage-von-wobeser-2026.replit.app/news/limitarian-aun-mas-a-generadores-de-ip?lang=en,En ambas,OK,0,0,p_id ES 1729 | p_id EN 1730
2022-05,noticia,"Después de cuatro años, Monex compra participación restante en Arrendadora Avance",si,https://www.vonwobeser.com/index.php/publicacion?p_id=1738,si,https://www.vonwobeser.com/index.php/publication?p_id=1737,si,https://webpage-von-wobeser-2026.replit.app/news/despues-de-cuatro-anos-monex-compra-participacion-restante-en-arrendadora-avance-2,si,https://webpage-von-wobeser-2026.replit.app/news/despues-de-cuatro-anos-monex-compra-participacion-restante-en-arrendadora-avance?lang=en,En ambas,OK,0,0,p_id ES 1738 | p_id EN 1737
2022-05,noticia,Criterios ESG en los arbitrajes: ¿Cómo funcionan los Dispute Boards?,si,https://www.vonwobeser.com/index.php/publicacion?p_id=1733,si,https://www.vonwobeser.com/index.php/publication?p_id=1734,si,https://webpage-von-wobeser-2026.replit.app/news/criterios-esg-en-los-arbitrajes-como-funcionan-los-dispute-boards-2,si,https://webpage-von-wobeser-2026.replit.app/news/criterios-esg-en-los-arbitrajes-como-funcionan-los-dispute-boards?lang=en,En ambas,OK,0,0,p_id ES 1733 | p_id EN 1734
2022-05,noticia,"Con sus recientes adquisiciones, Clayton, Dubilier & Rice se convierte en el fabricante de etiquetas más grande del mundo",si,https://www.vonwobeser.com/index.php/publicacion?p_id=1735,si,https://www.vonwobeser.com/index.php/publication?p_id=1736,si,https://webpage-von-wobeser-2026.replit.app/news/con-sus-recientes-adquisiciones-clayton-dubilier-rice-se-convierte-en-el-fabrica-2,si,https://webpage-von-wobeser-2026.replit.app/news/con-sus-recientes-adquisiciones-clayton-dubilier-rice-se-convierte-en-el-fabrica?lang=en,En ambas,OK,0,0,p_id ES 1735 | p_id EN 1736
2022-04,noticia,US private equity group buys Mexican label maker assets,si,https://www.vonwobeser.com/index.php/publicacion?p_id=1731,si,https://www.vonwobeser.com/index.php/publication?p_id=1732,si,https://webpage-von-wobeser-2026.replit.app/news/us-private-equity-group-buys-mexican-label-maker-assets-2,si,https://webpage-von-wobeser-2026.replit.app/news/us-private-equity-group-buys-mexican-label-maker-assets?lang=en,En ambas,OK,0,0,p_id ES 1731 | p_id EN 1732
2022-04,noticia,Tienen empresas opciones de suministro eléctrico barato,si,https://www.vonwobeser.com/index.php/publicacion?p_id=1727,si,https://www.vonwobeser.com/index.php/publication?p_id=1728,si,https://webpage-von-wobeser-2026.replit.app/news/tienen-empresas-opciones-de-suministro-electrico-barato-2,si,https://webpage-von-wobeser-2026.replit.app/news/tienen-empresas-opciones-de-suministro-electrico-barato?lang=en,En ambas,OK,0,0,p_id ES 1727 | p_id EN 1728
2022-04,noticia,Se declara inconstitucional restricción a largo plazo para que funcionarios públicos trabajen en sector privado,si,https://www.vonwobeser.com/index.php/publicacion?p_id=1720,si,https://www.vonwobeser.com/index.php/publication?p_id=1719,si,https://webpage-von-wobeser-2026.replit.app/news/se-declara-inconstitucional-restriccion-a-largo-plazo-para-que-funcionarios-publ,si,https://webpage-von-wobeser-2026.replit.app/news/long-term-restriction-for-public-officers-to-work-in-private-sector-declared-unc?lang=en,En ambas,OK,0,0,p_id ES 1720 | p_id EN 1719
2022-04,noticia,Informe Energía 360 | El riesgo de no ser sostenible,si,https://www.vonwobeser.com/index.php/publicacion?p_id=1740,si,https://www.vonwobeser.com/index.php/publication?p_id=1739,si,https://webpage-von-wobeser-2026.replit.app/news/informe-energia-360-el-riesgo-de-no-ser-sostenible-2,si,https://webpage-von-wobeser-2026.replit.app/news/informe-energia-360-el-riesgo-de-no-ser-sostenible?lang=en,En ambas,OK,0,0,p_id ES 1740 | p_id EN 1739
2022-04,articulo,ESG en la Industria Minera Mexicana. Segunda Parte,si,https://www.vonwobeser.com/index.php/publicacion?p_id=1718,si,https://www.vonwobeser.com/index.php/publication?p_id=1717,si,https://webpage-von-wobeser-2026.replit.app/news/esg-en-la-industria-minera-mexicana-segunda-parte,si,https://webpage-von-wobeser-2026.replit.app/news/esg-in-the-mexican-mining-industry-part-two?lang=en,En ambas,OK,0,0,p_id ES 1718 | p_id EN 1717
2022-03,noticia,Von Wobeser y Sierra celebra el Día Internacional de la Mujer (DIM),si,https://www.vonwobeser.com/index.php/publicacion?p_id=1709,si,https://www.vonwobeser.com/index.php/publication?p_id=1708,si,https://webpage-von-wobeser-2026.replit.app/news/von-wobeser-y-sierra-celebra-el-dia-internacional-de-la-mujer-dim,si,https://webpage-von-wobeser-2026.replit.app/news/von-wobeser-y-sierra-celebrates-international-women-s-day-iwd?lang=en,En ambas | revisar texto,OK,0,0,p_id ES 1709 | p_id EN 1708
2022-03,noticia,Norma oficial mexicana establece nuevos límites permisibles de contaminantes en descargas a aguas de jurisdicción nacional,si,https://www.vonwobeser.com/index.php/publicacion?p_id=1713,si,https://www.vonwobeser.com/index.php/publication?p_id=1712,si,https://webpage-von-wobeser-2026.replit.app/news/norma-oficial-mexicana-establece-nuevos-limites-permisibles-de-contaminantes-en-,si,https://webpage-von-wobeser-2026.replit.app/news/mexican-official-standard-establishes-new-permissible-limits-for-pollutants-in-d?lang=en,En ambas,OK,0,0,p_id ES 1713 | p_id EN 1712
2022-03,noticia,Lineamientos para la Sustanciación del Procedimiento de Sanción Administrativa a los Especialistas de Concursos Mercantiles,si,https://www.vonwobeser.com/index.php/publicacion?p_id=1716,si,https://www.vonwobeser.com/index.php/publication?p_id=1715,si,https://webpage-von-wobeser-2026.replit.app/news/lineamientos-para-la-sustanciacion-del-procedimiento-de-sancion-administrativa-a,si,https://webpage-von-wobeser-2026.replit.app/news/guidelines-for-conducting-the-procedure-of-administrative-sanctioning-of-insolve?lang=en,En ambas,OK,0,0,p_id ES 1716 | p_id EN 1715
2022-03,noticia,Lexology GTDT Acquisition Finance 2022 - Mexico,no,,si,https://www.vonwobeser.com/index.php/publication?p_id=1714,si,https://webpage-von-wobeser-2026.replit.app/news/lexology-gtdt-acquisition-finance-2022-mexico,si,https://webpage-von-wobeser-2026.replit.app/news/lexology-gtdt-acquisition-finance-2022-mexico?lang=en,En ambas | oficial en 1 idioma,OK,0,0,p_id EN 1714
2022-03,noticia,Latin Lawyer: The Guide to Mergers and Acquisitions: Indemnity Escrows and Other Payment Guarantees,no,,si,https://www.vonwobeser.com/index.php/publication?p_id=1707,si,https://webpage-von-wobeser-2026.replit.app/news/latin-lawyer-the-guide-to-mergers-and-acquisitions-indemnity-escrows-and-other-p,si,https://webpage-von-wobeser-2026.replit.app/news/latin-lawyer-the-guide-to-mergers-and-acquisitions-indemnity-escrows-and-other-p?lang=en,En ambas | oficial en 1 idioma,Formato: 1,0,1,p_id EN 1707
2022-03,noticia,Creación de Juzgados de Distrito en materia de Concursos Mercantiles,si,https://www.vonwobeser.com/index.php/publicacion?p_id=1711,si,https://www.vonwobeser.com/index.php/publication?p_id=1710,si,https://webpage-von-wobeser-2026.replit.app/news/creacion-de-juzgados-de-distrito-en-materia-de-concursos-mercantiles,si,https://webpage-von-wobeser-2026.replit.app/news/establishment-of-district-courts-for-bankruptcy-proceedings?lang=en,En ambas,OK,0,0,p_id ES 1711 | p_id EN 1710
2022-02,articulo,¿Tu negocio contribuye a cambiar el mundo? Considera una perspectiva ESG.,si,https://www.vonwobeser.com/index.php/publicacion?p_id=1699,si,https://www.vonwobeser.com/index.php/publication?p_id=1700,si,https://webpage-von-wobeser-2026.replit.app/news/tu-negocio-contribuye-a-cambiar-el-mundo-considera-una-perspectiva-esg,si,https://webpage-von-wobeser-2026.replit.app/news/does-your-business-contribute-to-changing-the-world-consider-an-esg-perspective?lang=en,En ambas,OK,0,0,p_id ES 1699 | p_id EN 1700
2022-02,noticia,Von Wobeser y Sierra recognized as a Pro Bono Leading Light,si,https://www.vonwobeser.com/index.php/publicacion?p_id=1698,no,,si,https://webpage-von-wobeser-2026.replit.app/news/von-wobeser-y-sierra-recognized-as-a-pro-bono-leading-light-2,si,https://webpage-von-wobeser-2026.replit.app/news/von-wobeser-y-sierra-recognized-as-a-pro-bono-leading-light-2?lang=en,En ambas | oficial en 1 idioma,OK,0,0,p_id ES 1698
2022-02,noticia,Von Wobeser y Sierra recognized as a Pro Bono Leading Light,no,,si,https://www.vonwobeser.com/index.php/publication?p_id=1697,si,https://webpage-von-wobeser-2026.replit.app/news/von-wobeser-y-sierra-recognized-as-a-pro-bono-leading-light,si,https://webpage-von-wobeser-2026.replit.app/news/von-wobeser-y-sierra-recognized-as-a-pro-bono-leading-light?lang=en,En ambas | revisar texto,OK,0,0,p_id EN 1697
2022-02,noticia,"Global Practice Guide 2022: Investing in… 2022, Chambers and Partners",no,,si,https://www.vonwobeser.com/index.php/publication?p_id=1704,si,https://webpage-von-wobeser-2026.replit.app/news/global-practice-guide-2022-investing-in-2022-chambers-and-partners-2,si,https://webpage-von-wobeser-2026.replit.app/news/global-practice-guide-2022-investing-in-2022-chambers-and-partners-2?lang=en,En ambas | revisar texto,OK,0,0,p_id EN 1704
2022-02,noticia,"Global Practice Guide 2022: Investing in… 2022, Chambers and Partners",no,,si,https://www.vonwobeser.com/index.php/publication?p_id=1701,si,https://webpage-von-wobeser-2026.replit.app/news/global-practice-guide-2022-investing-in-2022-chambers-and-partners,si,https://webpage-von-wobeser-2026.replit.app/news/global-practice-guide-2022-investing-in-2022-chambers-and-partners?lang=en,En ambas | revisar texto,OK,0,0,p_id EN 1701
2022-02,noticia,Adhesión a los Principios de Empoderamiento de las Mujeres de ONU Mujeres,si,https://www.vonwobeser.com/index.php/publicacion?p_id=1706,si,https://www.vonwobeser.com/index.php/publication?p_id=1705,si,https://webpage-von-wobeser-2026.replit.app/news/adhesion-a-los-principios-de-empoderamiento-de-las-mujeres-de-onu-mujeres,si,https://webpage-von-wobeser-2026.replit.app/news/adhesion-to-the-un-women-women-s-empowerment-principles?lang=en,En ambas | revisar texto,OK,0,0,p_id ES 1706 | p_id EN 1705
2022-01,noticia,Se “oficializa” la regularización de vehículos extranjeros ubicados ilegalmente en México,si,https://www.vonwobeser.com/index.php/publicacion?p_id=1691,si,https://www.vonwobeser.com/index.php/publication?p_id=1690,si,https://webpage-von-wobeser-2026.replit.app/news/se-oficializa-la-regularizacion-de-vehiculos-extranjeros-ubicados-ilegalmente-en,si,https://webpage-von-wobeser-2026.replit.app/news/the-regularization-of-foreign-vehicles-illegally-located-in-mexico-is-formalized?lang=en,En ambas,OK,0,0,p_id ES 1691 | p_id EN 1690
2022-01,noticia,La Comisión Reguladora de Energía modifica los esquemas de generación/suministro de energía eléctrica (Abasto Aislado y Generación Local),si,https://www.vonwobeser.com/index.php/publicacion?p_id=1685,si,https://www.vonwobeser.com/index.php/publication?p_id=1684,si,https://webpage-von-wobeser-2026.replit.app/news/la-comision-reguladora-de-energia-modifica-los-esquemas-de-generacion-suministro,si,https://webpage-von-wobeser-2026.replit.app/news/the-energy-regulatory-commission-modifies-the-energy-generation-supply-schemes-i?lang=en,En ambas,OK,0,0,p_id ES 1685 | p_id EN 1684
2022-01,noticia,La Comisión Reguladora de Energía emite el nuevo Código de Red para el Sistema Eléctrico Nacional,si,https://www.vonwobeser.com/index.php/publicacion?p_id=1689,si,https://www.vonwobeser.com/index.php/publication?p_id=1688,si,https://webpage-von-wobeser-2026.replit.app/news/la-comision-reguladora-de-energia-emite-el-nuevo-codigo-de-red-para-el-sistema-e,si,https://webpage-von-wobeser-2026.replit.app/news/the-energy-regulatory-commission-issues-the-new-grid-code-for-the-national-elect?lang=en,En ambas,OK,0,0,p_id ES 1689 | p_id EN 1688
2022-01,articulo,"Fort Dearborn, Multi-Color Corporation merge to form world’s largest label supplier",no,,si,https://www.vonwobeser.com/index.php/publication?p_id=1693,si,https://webpage-von-wobeser-2026.replit.app/news/fort-dearborn-multi-color-corporation-merge-to-form-world-s-largest-label-suppli,si,https://webpage-von-wobeser-2026.replit.app/news/fort-dearborn-multi-color-corporation-merge-to-form-world-s-largest-label-suppli?lang=en,En ambas | oficial en 1 idioma,OK,0,0,p_id EN 1693
2022-01,noticia,"Fort Dearborn Company, Multi-Color Corporation merge to form world's largest label supplier.",si,https://www.vonwobeser.com/index.php/publicacion?p_id=1686,si,https://www.vonwobeser.com/index.php/publication?p_id=1687,si,https://webpage-von-wobeser-2026.replit.app/news/fort-dearborn-company-multi-color-corporation-merge-to-form-world-s-largest-labe-2,si,https://webpage-von-wobeser-2026.replit.app/news/fort-dearborn-company-multi-color-corporation-merge-to-form-world-s-largest-labe?lang=en,En ambas,OK,0,0,p_id ES 1686 | p_id EN 1687
2022-01,articulo,Crisis Mode: Have Your ESG Team on Speed Dial,no,,si,https://www.vonwobeser.com/index.php/publication?p_id=1692,si,https://webpage-von-wobeser-2026.replit.app/news/crisis-mode-have-your-esg-team-on-speed-dial,si,https://webpage-von-wobeser-2026.replit.app/news/crisis-mode-have-your-esg-team-on-speed-dial?lang=en,En ambas | oficial en 1 idioma,OK,0,0,p_id EN 1692
2021-12,noticia,"Von Wobeser y Sierra, S.C. Mejores Lugares para Trabajar LGBTQ+ 2022",si,https://www.vonwobeser.com/index.php/publicacion?p_id=1673,no,,si,https://webpage-von-wobeser-2026.replit.app/news/von-wobeser-y-sierra-s-c-mejores-lugares-para-trabajar-lgbtq-2022,si,https://webpage-von-wobeser-2026.replit.app/news/von-wobeser-y-sierra-s-c-mejores-lugares-para-trabajar-lgbtq-2022?lang=en,En ambas | oficial en 1 idioma,OK,0,0,p_id ES 1673
2021-12,noticia,"Von Wobeser y Sierra, S.C. Best Places to Work LGBTQ+ 2022",no,,si,https://www.vonwobeser.com/index.php/publication?p_id=1672,si,https://webpage-von-wobeser-2026.replit.app/news/von-wobeser-y-sierra-s-c-best-places-to-work-lgbtq-2022,si,https://webpage-von-wobeser-2026.replit.app/news/von-wobeser-y-sierra-s-c-best-places-to-work-lgbtq-2022?lang=en,En ambas | revisar texto,OK,0,0,p_id EN 1672
2021-12,noticia,Von Wobeser y Sierra fortalece su equipo y oferta de servicios integrales con el nombramiento de nuevos socios y consejeros,si,https://www.vonwobeser.com/index.php/publicacion?p_id=1681,si,https://www.vonwobeser.com/index.php/publication?p_id=1680,si,https://webpage-von-wobeser-2026.replit.app/news/von-wobeser-y-sierra-fortalece-su-equipo-y-oferta-de-servicios-integrales-con-el,si,https://webpage-von-wobeser-2026.replit.app/news/von-wobeser-y-sierra-strengthens-team-and-fullservice-offering-with-new-partners?lang=en,En ambas,OK,0,0,p_id ES 1681 | p_id EN 1680
2021-12,noticia,Salarios mínimos 2022,si,https://www.vonwobeser.com/index.php/publicacion?p_id=1667,si,https://www.vonwobeser.com/index.php/publication?p_id=1666,si,https://webpage-von-wobeser-2026.replit.app/news/salarios-minimos-2022,si,https://webpage-von-wobeser-2026.replit.app/news/minimum-wages-2022?lang=en,En ambas,OK,0,0,p_id ES 1667 | p_id EN 1666
2021-12,noticia,Otro precedente judicial hacia la liberalización del cannabis,si,https://www.vonwobeser.com/index.php/publicacion?p_id=1669,si,https://www.vonwobeser.com/index.php/publication?p_id=1668,si,https://webpage-von-wobeser-2026.replit.app/news/otro-precedente-judicial-hacia-la-liberalizacion-del-cannabis,si,https://webpage-von-wobeser-2026.replit.app/news/another-judicial-precedent-towards-liberalization-of-cannabis-use?lang=en,En ambas,OK,0,0,p_id ES 1669 | p_id EN 1668
2021-12,noticia,Nuevos salarios mínimos a partir del 1º de enero de 2022,si,https://www.vonwobeser.com/index.php/publicacion?p_id=1677,si,https://www.vonwobeser.com/index.php/publication?p_id=1676,si,https://webpage-von-wobeser-2026.replit.app/news/nuevos-salarios-minimos-a-partir-del-1-de-enero-de-2022,si,https://webpage-von-wobeser-2026.replit.app/news/new-minimum-wages-as-of-january-1-2022?lang=en,En ambas,OK,0,0,p_id ES 1677 | p_id EN 1676
2021-12,articulo,MLRR: un mecanismo efectivo para el cumplimiento de estándares laborales colectivos,si,https://www.vonwobeser.com/index.php/publicacion?p_id=1671,si,https://www.vonwobeser.com/index.php/publication?p_id=1670,si,https://webpage-von-wobeser-2026.replit.app/news/mlrr-un-mecanismo-efectivo-para-el-cumplimiento-de-estandares-laborales-colectiv,si,https://webpage-von-wobeser-2026.replit.app/news/rrm-as-an-effective-mechanism-to-enforce-collective-labor-standards?lang=en,En ambas,OK,0,0,p_id ES 1671 | p_id EN 1670
2021-12,noticia,La administración Biden lanza la primera Estrategia de Estados Unidos Contra la Corrupción,si,https://www.vonwobeser.com/index.php/publicacion?p_id=1703,si,https://www.vonwobeser.com/index.php/publication?p_id=1702,si,https://webpage-von-wobeser-2026.replit.app/news/la-administracion-biden-lanza-la-primera-estrategia-de-estados-unidos-contra-la-,si,https://webpage-von-wobeser-2026.replit.app/news/biden-administration-releases-the-firstever-united-states-strategy-on-countering?lang=en,En ambas,OK,0,0,p_id ES 1703 | p_id EN 1702
2021-12,articulo,Impulsar la autonomía energética mientras se avanza en la protección del medio ambiente: un acto de equilibrio,si,https://www.vonwobeser.com/index.php/publicacion?p_id=1679,si,https://www.vonwobeser.com/index.php/publication?p_id=1678,si,https://webpage-von-wobeser-2026.replit.app/news/impulsar-la-autonomia-energetica-mientras-se-avanza-en-la-proteccion-del-medio-a,si,https://webpage-von-wobeser-2026.replit.app/news/promoting-energy-autonomy-while-advancing-environmental-protection-a-balancing-a?lang=en,En ambas,OK,0,0,p_id ES 1679 | p_id EN 1678
2021-12,articulo,Economic competition: a potential trigger for sustainable initiatives.,no,,si,https://www.vonwobeser.com/index.php/publication?p_id=1675,si,https://webpage-von-wobeser-2026.replit.app/news/economic-competition-a-potential-trigger-for-sustainable-initiatives,si,https://webpage-von-wobeser-2026.replit.app/news/economic-competition-a-potential-trigger-for-sustainable-initiatives?lang=en,En ambas | revisar texto,OK,0,0,p_id EN 1675
2021-12,articulo,Derechos fundamentales de las personas morales: un tema sin resolver,si,https://www.vonwobeser.com/index.php/publicacion?p_id=1683,si,https://www.vonwobeser.com/index.php/publication?p_id=1682,si,https://webpage-von-wobeser-2026.replit.app/news/derechos-fundamentales-de-las-personas-morales-un-tema-sin-resolver,si,https://webpage-von-wobeser-2026.replit.app/news/fundamental-rights-of-legal-entities-an-unsettled-topic?lang=en,En ambas,OK,0,0,p_id ES 1683 | p_id EN 1682
2021-12,articulo,Competencia económica: un potencial detonante de iniciativas sustentables,si,https://www.vonwobeser.com/index.php/publicacion?p_id=1674,no,,si,https://webpage-von-wobeser-2026.replit.app/news/competencia-economica-un-potencial-detonante-de-iniciativas-sustentables,si,https://webpage-von-wobeser-2026.replit.app/news/competencia-economica-un-potencial-detonante-de-iniciativas-sustentables?lang=en,En ambas | oficial en 1 idioma,OK,0,0,p_id ES 1674
2021-11,articulo,Sistema de Comercio de Emisiones: un instrumento para impulsar la reducción de emisiones de gases de efecto invernadero,si,https://www.vonwobeser.com/index.php/publicacion?p_id=1649,si,https://www.vonwobeser.com/index.php/publication?p_id=1648,si,https://webpage-von-wobeser-2026.replit.app/news/sistema-de-comercio-de-emisiones-un-instrumento-para-impulsar-la-reduccion-de-em,si,https://webpage-von-wobeser-2026.replit.app/news/emissions-trading-system-an-instrument-to-promote-the-reduction-of-greenhouse-ga?lang=en,En ambas,OK,0,0,p_id ES 1649 | p_id EN 1648
2021-11,articulo,Privacidad y protección de datos personales: nuevos parámetros ESG.,si,https://www.vonwobeser.com/index.php/publicacion?p_id=1655,si,https://www.vonwobeser.com/index.php/publication?p_id=1654,si,https://webpage-von-wobeser-2026.replit.app/news/privacidad-y-proteccion-de-datos-personales-nuevos-parametros-esg,si,https://webpage-von-wobeser-2026.replit.app/news/privacy-and-the-protection-of-personal-data-new-esg-parameters?lang=en,En ambas,OK,0,0,p_id ES 1655 | p_id EN 1654
2021-11,noticia,Modificaciones a las disposiciones fiscales para 2022,si,https://www.vonwobeser.com/index.php/publicacion?p_id=1665,si,https://www.vonwobeser.com/index.php/publication?p_id=1664,si,https://webpage-von-wobeser-2026.replit.app/news/modificaciones-a-las-disposiciones-fiscales-para-2022,si,https://webpage-von-wobeser-2026.replit.app/news/modifications-to-the-tax-provisions-for-2022?lang=en,En ambas,OK,0,0,p_id ES 1665 | p_id EN 1664
2021-11,articulo,Los socios de competencia prevén un mayor escrutinio de los acuerdos de comercio electrónico y fintech.,si,https://www.vonwobeser.com/index.php/publicacion?p_id=1695,no,,si,https://webpage-von-wobeser-2026.replit.app/news/los-socios-de-competencia-preven-un-mayor-escrutinio-de-los-acuerdos-de-comercio,si,https://webpage-von-wobeser-2026.replit.app/news/los-socios-de-competencia-preven-un-mayor-escrutinio-de-los-acuerdos-de-comercio?lang=en,En ambas | oficial en 1 idioma,OK,0,0,p_id ES 1695
2021-11,articulo,Los socios de competencia prevén un mayor escrutinio de los acuerdos de comercio electrónico y fintech.,si,https://www.vonwobeser.com/index.php/publicacion?p_id=1696,no,,si,https://webpage-von-wobeser-2026.replit.app/news/los-socios-de-competencia-preven-un-mayor-escrutinio-de-los-acuerdos-de-comercio-2,si,https://webpage-von-wobeser-2026.replit.app/news/los-socios-de-competencia-preven-un-mayor-escrutinio-de-los-acuerdos-de-comercio-2?lang=en,En ambas | oficial en 1 idioma,OK,0,0,p_id ES 1696
2021-11,articulo,Lieferkettensorgfaltspflichtengesetz: un trabalenguas de nuevas regulaciones de la cadena de suministro,si,https://www.vonwobeser.com/index.php/publicacion?p_id=1663,si,https://www.vonwobeser.com/index.php/publication?p_id=1662,si,https://webpage-von-wobeser-2026.replit.app/news/lieferkettensorgfaltspflichtengesetz-un-trabalenguas-de-nuevas-regulaciones-de-l,si,https://webpage-von-wobeser-2026.replit.app/news/lieferkettensorgfaltspflichtengesetz-a-mouthful-of-new-supply-chain-regulations?lang=en,En ambas,OK,0,0,p_id ES 1663 | p_id EN 1662
2021-11,noticia,Gestión con perspectiva ESG: ¿novedad o necesidad?,si,https://www.vonwobeser.com/index.php/publicacion?p_id=1657,si,https://www.vonwobeser.com/index.php/publication?p_id=1656,si,https://webpage-von-wobeser-2026.replit.app/news/gestion-con-perspectiva-esg-novedad-o-necesidad,si,https://webpage-von-wobeser-2026.replit.app/news/esg-management-novelty-or-necessity?lang=en,En ambas,OK,0,0,p_id ES 1657 | p_id EN 1656
2021-11,noticia,Empresas de autopartes podrían pagar más impuesto sobre la renta por su operación de maquila en México,si,https://www.vonwobeser.com/index.php/publicacion?p_id=1653,si,https://www.vonwobeser.com/index.php/publication?p_id=1652,si,https://webpage-von-wobeser-2026.replit.app/news/empresas-de-autopartes-podrian-pagar-mas-impuesto-sobre-la-renta-por-su-operacio,si,https://webpage-von-wobeser-2026.replit.app/news/auto-parts-companies-could-pay-more-income-tax-for-their-maquila-operation-in-me?lang=en,En ambas,OK,0,0,p_id ES 1653 | p_id EN 1652
2021-11,articulo,El rol del arbitraje en disputas ESG,si,https://www.vonwobeser.com/index.php/publicacion?p_id=1651,si,https://www.vonwobeser.com/index.php/publication?p_id=1650,si,https://webpage-von-wobeser-2026.replit.app/news/el-rol-del-arbitraje-en-disputas-esg,si,https://webpage-von-wobeser-2026.replit.app/news/the-role-of-arbitration-in-esg-disputes?lang=en,En ambas,OK,0,0,p_id ES 1651 | p_id EN 1650
2021-11,articulo,Competition partners foresee greater scrutiny of e-commerce and fintech deals.,no,,si,https://www.vonwobeser.com/index.php/publication?p_id=1694,si,https://webpage-von-wobeser-2026.replit.app/news/competition-partners-foresee-greater-scrutiny-of-e-commerce-and-fintech-deals,si,https://webpage-von-wobeser-2026.replit.app/news/competition-partners-foresee-greater-scrutiny-of-e-commerce-and-fintech-deals?lang=en,En ambas | revisar texto,OK,0,0,p_id EN 1694
2021-11,noticia,"Alberto Aguilar: Nombres, nombres y... nombres | Sustentabilidad reto a recursos, México largo trecho y Von Wobeser nuevo grupo.",si,https://www.vonwobeser.com/index.php/publicacion?p_id=1660,si,https://www.vonwobeser.com/index.php/publication?p_id=1661,si,https://webpage-von-wobeser-2026.replit.app/news/alberto-aguilar-nombres-nombres-y-nombres-sustentabilidad-reto-a-recursos-mexico,si,https://webpage-von-wobeser-2026.replit.app/news/alberto-aguilar-names-names-and-names-sustainability-challenge-to-resources-mexi?lang=en,En ambas,OK,0,0,p_id ES 1660 | p_id EN 1661
2021-10,articulo,Regulación de competencia: una herramienta poco convencional para impulsar las iniciativas ESG,si,https://www.vonwobeser.com/index.php/publicacion?p_id=1639,si,https://www.vonwobeser.com/index.php/publication?p_id=1638,si,https://webpage-von-wobeser-2026.replit.app/news/regulacion-de-competencia-una-herramienta-poco-convencional-para-impulsar-las-in,si,https://webpage-von-wobeser-2026.replit.app/news/competition-regulation-a-nonconventional-tool-for-boosting-esg-initiatives?lang=en,En ambas,OK,0,0,p_id ES 1639 | p_id EN 1638
2021-10,noticia,Nuevo Juzgado Especializado en Competencia y Telecomunicaciones,si,https://www.vonwobeser.com/index.php/publicacion?p_id=1643,si,https://www.vonwobeser.com/index.php/publication?p_id=1642,si,https://webpage-von-wobeser-2026.replit.app/news/nuevo-juzgado-especializado-en-competencia-y-telecomunicaciones,si,https://webpage-von-wobeser-2026.replit.app/news/new-specialized-antitrust-and-telecom-court?lang=en,En ambas,OK,0,0,p_id ES 1643 | p_id EN 1642
2021-10,noticia,Integración de estrategias ESG efectivas para proyectos de energía renovable en México,si,https://www.vonwobeser.com/index.php/publicacion?p_id=1637,si,https://www.vonwobeser.com/index.php/publication?p_id=1636,si,https://webpage-von-wobeser-2026.replit.app/news/integracion-de-estrategias-esg-efectivas-para-proyectos-de-energia-renovable-en-,si,https://webpage-von-wobeser-2026.replit.app/news/integrating-effective-esg-strategies-for-renewal-energy-projects-in-mexico?lang=en,En ambas,Formato: 1,0,1,p_id ES 1637 | p_id EN 1636
2021-10,noticia,Iniciativa de Reforma Constitucional en Materia Energética,si,https://www.vonwobeser.com/index.php/publicacion?p_id=1631,si,https://www.vonwobeser.com/index.php/publication?p_id=1630,si,https://webpage-von-wobeser-2026.replit.app/news/iniciativa-de-reforma-constitucional-en-materia-energetica,si,https://webpage-von-wobeser-2026.replit.app/news/constitutional-reform-initiative-on-energy-matters?lang=en,En ambas,OK,0,0,p_id ES 1631 | p_id EN 1630
2021-10,articulo,Implicaciones de ESG para gobierno corporativo,si,https://www.vonwobeser.com/index.php/publicacion?p_id=1633,si,https://www.vonwobeser.com/index.php/publication?p_id=1632,si,https://webpage-von-wobeser-2026.replit.app/news/implicaciones-de-esg-para-gobierno-corporativo,si,https://webpage-von-wobeser-2026.replit.app/news/esg-implications-for-corporate-governance?lang=en,En ambas,OK,0,0,p_id ES 1633 | p_id EN 1632
2021-10,articulo,"Estrés, burnout y otros problemas que la pandemia y el trabajo remoto han puesto en el reflector",si,https://www.vonwobeser.com/index.php/publicacion?p_id=1640,si,https://www.vonwobeser.com/index.php/publication?p_id=1641,si,https://webpage-von-wobeser-2026.replit.app/news/estres-burnout-y-otros-problemas-que-la-pandemia-y-el-trabajo-remoto-han-puesto-,si,https://webpage-von-wobeser-2026.replit.app/news/stress-burnout-and-other-problems-brought-to-light-by-the-pandemic-and-telework?lang=en,En ambas,OK,0,0,p_id ES 1640 | p_id EN 1641
2021-10,articulo,El combate a la corrupción: una responsabilidad social empresarial,si,https://www.vonwobeser.com/index.php/publicacion?p_id=1647,si,https://www.vonwobeser.com/index.php/publication?p_id=1646,si,https://webpage-von-wobeser-2026.replit.app/news/el-combate-a-la-corrupcion-una-responsabilidad-social-empresarial,si,https://webpage-von-wobeser-2026.replit.app/news/the-fight-against-corruption-a-corporate-social-responsibility?lang=en,En ambas,OK,0,0,p_id ES 1647 | p_id EN 1646
2021-10,articulo,ESG en la Industria Minera Mexicana Primera Parte,si,https://www.vonwobeser.com/index.php/publicacion?p_id=1635,si,https://www.vonwobeser.com/index.php/publication?p_id=1634,si,https://webpage-von-wobeser-2026.replit.app/news/esg-en-la-industria-minera-mexicana-primera-parte,si,https://webpage-von-wobeser-2026.replit.app/news/esg-in-the-mexican-mining-industry-first-section?lang=en,En ambas,OK,0,0,p_id ES 1635 | p_id EN 1634
2021-10,noticia,Bases para la importación y regularización de vehículos usados de origen extranjero,si,https://www.vonwobeser.com/index.php/publicacion?p_id=1645,si,https://www.vonwobeser.com/index.php/publication?p_id=1644,si,https://webpage-von-wobeser-2026.replit.app/news/bases-para-la-importacion-y-regularizacion-de-vehiculos-usados-de-origen-extranj,si,https://webpage-von-wobeser-2026.replit.app/news/bases-for-the-import-and-regularization-of-used-vehicles-of-foreign-origin?lang=en,En ambas,OK,0,0,p_id ES 1645 | p_id EN 1644
2021-09,noticia,COFECE publica disposiciones para denuncias de la nueva Ley de Contratación de Publicidad,si,https://www.vonwobeser.com/index.php/publicacion?p_id=1629,si,https://www.vonwobeser.com/index.php/publication?p_id=1628,si,https://webpage-von-wobeser-2026.replit.app/news/cofece-publica-disposiciones-para-denuncias-de-la-nueva-ley-de-contratacion-de-p,si,https://webpage-von-wobeser-2026.replit.app/news/cofece-publishes-provisions-for-complaints-under-the-new-law-on-advertising-cont?lang=en,En ambas,OK,0,0,p_id ES 1629 | p_id EN 1628
2021-08,noticia,Von Wobeser y Sierra lanza grupo de práctica ESG,si,https://www.vonwobeser.com/index.php/publicacion?p_id=1602,si,https://www.vonwobeser.com/index.php/publication?p_id=1601,si,https://webpage-von-wobeser-2026.replit.app/news/von-wobeser-y-sierra-lanza-grupo-de-practica-esg,si,https://webpage-von-wobeser-2026.replit.app/news/von-wobeser-y-sierra-launches-esg-practice-group?lang=en,En ambas,OK,0,0,p_id ES 1602 | p_id EN 1601
2021-08,noticia,Von Wobeser y Sierra anuncia la creación de un grupo de práctica de ESG,si,https://www.vonwobeser.com/index.php/publicacion?p_id=1659,si,https://www.vonwobeser.com/index.php/publication?p_id=1658,si,https://webpage-von-wobeser-2026.replit.app/news/von-wobeser-y-sierra-anuncia-la-creacion-de-un-grupo-de-practica-de-esg,si,https://webpage-von-wobeser-2026.replit.app/news/von-wobeser-y-sierra-announces-creation-of-esg-practice-group?lang=en,En ambas,OK,0,0,p_id ES 1659 | p_id EN 1658
2021-08,noticia,"Líderes Mexicanos: entrevista realizada a nuestro socio fundador Claus Von Wobeser, “Hacer las cosas con pasión”.",si,https://www.vonwobeser.com/index.php/publicacion?p_id=1625,si,https://www.vonwobeser.com/index.php/publication?p_id=1626,si,https://webpage-von-wobeser-2026.replit.app/news/lideres-mexicanos-entrevista-realizada-a-nuestro-socio-fundador-claus-von-wobese,si,https://webpage-von-wobeser-2026.replit.app/news/lideres-mexicanos-interview-with-our-founding-partner-claus-von-wobeser-doing-th?lang=en,En ambas,OK,0,0,p_id ES 1625 | p_id EN 1626
2021-08,noticia,Conceden prórroga para la implementación de la Reforma en materia de subcontratación,si,https://www.vonwobeser.com/index.php/publicacion?p_id=1600,si,https://www.vonwobeser.com/index.php/publication?p_id=1599,si,https://webpage-von-wobeser-2026.replit.app/news/conceden-prorroga-para-la-implementacion-de-la-reforma-en-materia-de-subcontrata,si,https://webpage-von-wobeser-2026.replit.app/news/extension-granted-for-the-implementation-of-the-subcontracting-reform?lang=en,En ambas,OK,0,0,p_id ES 1600 | p_id EN 1599
2021-07,noticia,Von Wobeser ayuda al Grupo Modelo a la incorporación de JV software,si,https://www.vonwobeser.com/index.php/publicacion?p_id=1592,si,https://www.vonwobeser.com/index.php/publication?p_id=1591,si,https://webpage-von-wobeser-2026.replit.app/news/von-wobeser-ayuda-al-grupo-modelo-a-la-incorporacion-de-jv-software,si,https://webpage-von-wobeser-2026.replit.app/news/von-wobeser-helps-grupo-modelo-enter-software-jv?lang=en,En ambas,OK,0,0,p_id ES 1592 | p_id EN 1591
2021-07,noticia,Se crea la Agencia Nacional de Aduanas de México como nueva autoridad en materia aduanera y fiscal,si,https://www.vonwobeser.com/index.php/publicacion?p_id=1596,si,https://www.vonwobeser.com/index.php/publication?p_id=1595,si,https://webpage-von-wobeser-2026.replit.app/news/se-crea-la-agencia-nacional-de-aduanas-de-mexico-como-nueva-autoridad-en-materia,si,https://webpage-von-wobeser-2026.replit.app/news/the-national-customs-agency-of-mexico-is-created-as-a-new-authority-in-customs-a?lang=en,En ambas,OK,0,0,p_id ES 1596 | p_id EN 1595
2021-07,noticia,La Secretaría de Energía publica el nuevo Programa para el Desarrollo del Sistema Eléctrico Nacional,si,https://www.vonwobeser.com/index.php/publicacion?p_id=1590,si,https://www.vonwobeser.com/index.php/publication?p_id=1589,si,https://webpage-von-wobeser-2026.replit.app/news/la-secretaria-de-energia-publica-el-nuevo-programa-para-el-desarrollo-del-sistem,si,https://webpage-von-wobeser-2026.replit.app/news/the-federal-ministry-of-energy-issues-the-new-program-for-the-development-of-the?lang=en,En ambas,OK,0,0,p_id ES 1590 | p_id EN 1589
2021-07,noticia,Continúan las medidas restrictivas a los particulares en materia de hidrocarburos y existen argumentos de inconstitucionalidad en su contra,si,https://www.vonwobeser.com/index.php/publicacion?p_id=1594,si,https://www.vonwobeser.com/index.php/publication?p_id=1593,si,https://webpage-von-wobeser-2026.replit.app/news/continuan-las-medidas-restrictivas-a-los-particulares-en-materia-de-hidrocarburo,si,https://webpage-von-wobeser-2026.replit.app/news/the-restrictive-measures-imposed-on-private-parties-in-hydrocarbon-matters-conti?lang=en,En ambas,OK,0,0,p_id ES 1594 | p_id EN 1593
2021-06,noticia,Von Wobeser ficha a exejecutivo de AB InBev,si,https://www.vonwobeser.com/index.php/publicacion?p_id=1588,si,https://www.vonwobeser.com/index.php/publication?p_id=1587,si,https://webpage-von-wobeser-2026.replit.app/news/von-wobeser-ficha-a-exejecutivo-de-ab-inbev,si,https://webpage-von-wobeser-2026.replit.app/news/von-wobeser-hires-former-ab-inbev-executive?lang=en,En ambas,OK,0,0,p_id ES 1588 | p_id EN 1587
2021-06,noticia,Pablo Jiménez joins VWyS as a partner,no,,si,https://www.vonwobeser.com/index.php/publication?p_id=1582,si,https://webpage-von-wobeser-2026.replit.app/news/pablo-jimenez-joins-vwys-as-a-partner,si,https://webpage-von-wobeser-2026.replit.app/news/pablo-jimenez-joins-vwys-as-a-partner?lang=en,En ambas | oficial en 1 idioma,OK,0,0,p_id EN 1582
2021-06,noticia,Ex Director Jurídico de Grupo Modelo se une a Von Wobeser y Sierra como socio,si,https://www.vonwobeser.com/index.php/publicacion?p_id=1584,si,https://www.vonwobeser.com/index.php/publication?p_id=1583,si,https://webpage-von-wobeser-2026.replit.app/news/ex-director-juridico-de-grupo-modelo-se-une-a-von-wobeser-y-sierra-como-socio,si,https://webpage-von-wobeser-2026.replit.app/news/ex-grupo-modelo-counsel-joins-von-wobeser-y-sierra-as-partner?lang=en,En ambas,OK,0,0,p_id ES 1584 | p_id EN 1583
2021-06,noticia,Breves Comentarios sobre la nueva Ley de Contratación de Publicidad,si,https://www.vonwobeser.com/index.php/publicacion?p_id=1586,si,https://www.vonwobeser.com/index.php/publication?p_id=1585,si,https://webpage-von-wobeser-2026.replit.app/news/breves-comentarios-sobre-la-nueva-ley-de-contratacion-de-publicidad,si,https://webpage-von-wobeser-2026.replit.app/news/brief-comments-on-the-new-law-on-advertising-contracts?lang=en,En ambas,OK,0,0,p_id ES 1586 | p_id EN 1585
2021-05,noticia,Se publica en el Diario Oficial de la Federación la suspensión del artículo 57 de la Ley de Hidrocarburos,si,https://www.vonwobeser.com/index.php/publicacion?p_id=1545,si,https://www.vonwobeser.com/index.php/publication?p_id=1544,si,https://webpage-von-wobeser-2026.replit.app/news/se-publica-en-el-diario-oficial-de-la-federacion-la-suspension-del-articulo-57-d,si,https://webpage-von-wobeser-2026.replit.app/news/the-suspension-of-article-57-of-the-hydrocarbons-act-is-published-in-the-federal?lang=en,En ambas,OK,0,0,p_id ES 1545 | p_id EN 1544
2021-05,noticia,Reforma en materia de hidrocarburos es publicada en el Diario Oficial de la Federación,si,https://www.vonwobeser.com/index.php/publicacion?p_id=1541,si,https://www.vonwobeser.com/index.php/publication?p_id=1540,si,https://webpage-von-wobeser-2026.replit.app/news/reforma-en-materia-de-hidrocarburos-es-publicada-en-el-diario-oficial-de-la-fede,si,https://webpage-von-wobeser-2026.replit.app/news/hydrocarbons-reform-is-published-in-the-federal-official-gazette?lang=en,En ambas,OK,0,0,p_id ES 1541 | p_id EN 1540
2021-05,noticia,Reforma de outsourcing. Lineamientos para el registro de personas físicas o morales que presten servicios especializados o ejecuten obras especializadas,si,https://www.vonwobeser.com/index.php/publicacion?p_id=1543,si,https://www.vonwobeser.com/index.php/publication?p_id=1542,si,https://webpage-von-wobeser-2026.replit.app/news/reforma-de-outsourcing-lineamientos-para-el-registro-de-personas-fisicas-o-moral,si,https://webpage-von-wobeser-2026.replit.app/news/outsourcing-reform-guidelines-for-the-registration-of-individuals-or-entities-th?lang=en,En ambas,OK,0,0,p_id ES 1543 | p_id EN 1542
2021-05,noticia,La Comisión Federal de Electricidad lanza cuatro licitaciones internacionales para la construcción de centrales de ciclo combinado en México,si,https://www.vonwobeser.com/index.php/publicacion?p_id=1539,si,https://www.vonwobeser.com/index.php/publication?p_id=1538,si,https://webpage-von-wobeser-2026.replit.app/news/la-comision-federal-de-electricidad-lanza-cuatro-licitaciones-internacionales-pa,si,https://webpage-von-wobeser-2026.replit.app/news/the-federal-electricity-commission-launches-four-international-public-bids-for-t?lang=en,En ambas,OK,0,0,p_id ES 1539 | p_id EN 1538
2021-04,noticia,Reforma en materia de subcontratación trae cambios relevantes al mercado laboral en México,si,https://www.vonwobeser.com/index.php/publicacion?p_id=1537,si,https://www.vonwobeser.com/index.php/publication?p_id=1536,si,https://webpage-von-wobeser-2026.replit.app/news/reforma-en-materia-de-subcontratacion-trae-cambios-relevantes-al-mercado-laboral,si,https://webpage-von-wobeser-2026.replit.app/news/subcontracting-reform-brings-significant-changes-to-mexican-labor-market?lang=en,En ambas,OK,0,0,p_id ES 1537 | p_id EN 1536
2021-04,noticia,Publicación en el DOF del Padrón Nacional de Usuarios de Telefonía Móvil,si,https://www.vonwobeser.com/index.php/publicacion?p_id=1535,si,https://www.vonwobeser.com/index.php/publication?p_id=1534,si,https://webpage-von-wobeser-2026.replit.app/news/publicacion-en-el-dof-del-padron-nacional-de-usuarios-de-telefonia-movil,si,https://webpage-von-wobeser-2026.replit.app/news/publication-in-the-federal-official-gazette-of-the-national-registry-of-mobile-p?lang=en,En ambas,OK,0,0,p_id ES 1535 | p_id EN 1534
2021-04,noticia,COFECE emite modificaciones a la Guía para la Notificación de Concentraciones,si,https://www.vonwobeser.com/index.php/publicacion?p_id=1529,si,https://www.vonwobeser.com/index.php/publication?p_id=1528,si,https://webpage-von-wobeser-2026.replit.app/news/cofece-emite-modificaciones-a-la-guia-para-la-notificacion-de-concentraciones,si,https://webpage-von-wobeser-2026.replit.app/news/cofece-issues-modifications-on-concentration-notification-guidelines?lang=en,En ambas,OK,0,0,p_id ES 1529 | p_id EN 1528
2021-04,noticia,Arbitral Women: Munia El Harti Alonso se incorpora a Von Wobeser y Sierra como asociada.,si,https://www.vonwobeser.com/index.php/publicacion?p_id=1598,no,,si,https://webpage-von-wobeser-2026.replit.app/news/arbitral-women-munia-el-harti-alonso-se-incorpora-a-von-wobeser-y-sierra-como-as,si,https://webpage-von-wobeser-2026.replit.app/news/arbitral-women-munia-el-harti-alonso-se-incorpora-a-von-wobeser-y-sierra-como-as?lang=en,En ambas | oficial en 1 idioma,OK,0,0,p_id ES 1598
2021-04,noticia,Arbitral Women: Munia El Harti Alonso Joins Von Wobeser y Sierra as Associate.,no,,si,https://www.vonwobeser.com/index.php/publication?p_id=1597,si,https://webpage-von-wobeser-2026.replit.app/news/arbitral-women-munia-el-harti-alonso-joins-von-wobeser-y-sierra-as-associate,si,https://webpage-von-wobeser-2026.replit.app/news/arbitral-women-munia-el-harti-alonso-joins-von-wobeser-y-sierra-as-associate?lang=en,En ambas | revisar texto,Roto: 1,1,0,p_id EN 1597
2021-04,noticia,Aprobación en Cámara de Senadores de la iniciativa de reforma en materia de subcontratación,si,https://www.vonwobeser.com/index.php/publicacion?p_id=1533,si,https://www.vonwobeser.com/index.php/publication?p_id=1532,si,https://webpage-von-wobeser-2026.replit.app/news/aprobacion-en-camara-de-senadores-de-la-iniciativa-de-reforma-en-materia-de-subc,si,https://webpage-von-wobeser-2026.replit.app/news/approval-in-chamber-of-senators-of-the-bill-reforming-subcontracting?lang=en,En ambas,OK,0,0,p_id ES 1533 | p_id EN 1532
2021-04,noticia,Aprobación en Cámara de Diputados de la iniciativa de Reforma en materia de subcontratación,si,https://www.vonwobeser.com/index.php/publicacion?p_id=1531,si,https://www.vonwobeser.com/index.php/publication?p_id=1530,si,https://webpage-von-wobeser-2026.replit.app/news/aprobacion-en-camara-de-diputados-de-la-iniciativa-de-reforma-en-materia-de-subc,si,https://webpage-von-wobeser-2026.replit.app/news/approval-in-chamber-of-deputies-of-the-bill-reforming-subcontracting?lang=en,En ambas,OK,0,0,p_id ES 1531 | p_id EN 1530
2021-04,noticia,Acuerdo sobre la iniciativa de Reforma a la Ley Federal del Trabajo en materia de subcontratación,si,https://www.vonwobeser.com/index.php/publicacion?p_id=1527,si,https://www.vonwobeser.com/index.php/publication?p_id=1526,si,https://webpage-von-wobeser-2026.replit.app/news/acuerdo-sobre-la-iniciativa-de-reforma-a-la-ley-federal-del-trabajo-en-materia-d,si,https://webpage-von-wobeser-2026.replit.app/news/agreement-on-the-bill-reforming-subcontracting-in-the-federal-labor-law?lang=en,En ambas,OK,0,0,p_id ES 1527 | p_id EN 1526
2021-03,noticia,La Cámara de Diputados retoma la aprobación de la Ley Federal para la Regulación del Cannabis,si,https://www.vonwobeser.com/index.php/publicacion?p_id=1519,si,https://www.vonwobeser.com/index.php/publication?p_id=1518,si,https://webpage-von-wobeser-2026.replit.app/news/la-camara-de-diputados-retoma-la-aprobacion-de-la-ley-federal-para-la-regulacion,si,https://webpage-von-wobeser-2026.replit.app/news/the-chamber-of-deputies-takes-up-the-approval-of-the-federal-law-for-the-regulat?lang=en,En ambas,OK,0,0,p_id ES 1519 | p_id EN 1518
2021-03,noticia,Ejecutivo envía a la Cámara de Diputados Iniciativa de Reforma en Materia de Hidrocarburos,si,https://www.vonwobeser.com/index.php/publicacion?p_id=1525,si,https://www.vonwobeser.com/index.php/publication?p_id=1524,si,https://webpage-von-wobeser-2026.replit.app/news/ejecutivo-envia-a-la-camara-de-diputados-iniciativa-de-reforma-en-materia-de-hid,si,https://webpage-von-wobeser-2026.replit.app/news/executive-branch-sends-hydrocarbons-bill-to-the-chamber-of-deputies?lang=en,En ambas,OK,0,0,p_id ES 1525 | p_id EN 1524
2021-03,noticia,Decreto de Reforma a la Ley de la Industria Eléctrica y Acuerdo de Insubsistencia de la Política de Confiabilidad de SENER,si,https://www.vonwobeser.com/index.php/publicacion?p_id=1521,si,https://www.vonwobeser.com/index.php/publication?p_id=1520,si,https://webpage-von-wobeser-2026.replit.app/news/decreto-de-reforma-a-la-ley-de-la-industria-electrica-y-acuerdo-de-insubsistenci,si,https://webpage-von-wobeser-2026.replit.app/news/decree-reforming-the-electricity-industry-law-and-directive-withdrawing-the-reli?lang=en,En ambas,OK,0,0,p_id ES 1521 | p_id EN 1520
2021-02,noticia,"Se exenta a las empresas IMMEX, ALTEX y ECEX del cumplimiento de los niveles mínimos de exportación necesarios para mantener sus programas",si,https://www.vonwobeser.com/index.php/publicacion?p_id=1501,si,https://www.vonwobeser.com/index.php/publication?p_id=1500,si,https://webpage-von-wobeser-2026.replit.app/news/se-exenta-a-las-empresas-immex-altex-y-ecex-del-cumplimiento-de-los-niveles-mini,si,https://webpage-von-wobeser-2026.replit.app/news/immex-altex-and-ecex-companies-are-exempt-from-compliance-with-the-minimum-level?lang=en,En ambas,OK,0,0,p_id ES 1501 | p_id EN 1500
2021-02,noticia,Modificaciones al Protocolo para la Legitimación de Contratos Colectivos de Trabajo,si,https://www.vonwobeser.com/index.php/publicacion?p_id=1523,si,https://www.vonwobeser.com/index.php/publication?p_id=1522,si,https://webpage-von-wobeser-2026.replit.app/news/modificaciones-al-protocolo-para-la-legitimacion-de-contratos-colectivos-de-trab,si,https://webpage-von-wobeser-2026.replit.app/news/changes-to-the-protocol-for-the-legitimation-of-collective-bargaining-agreements?lang=en,En ambas,OK,0,0,p_id ES 1523 | p_id EN 1522
2021-02,noticia,Lex Latin: Von Wobeser y Sierra refuerza su plantilla con promociones,si,https://www.vonwobeser.com/index.php/publicacion?p_id=1515,si,https://www.vonwobeser.com/index.php/publication?p_id=1514,si,https://webpage-von-wobeser-2026.replit.app/news/lex-latin-von-wobeser-y-sierra-refuerza-su-plantilla-con-promociones,si,https://webpage-von-wobeser-2026.replit.app/news/lex-latin-von-wobeser-y-sierra-strengthens-its-staff-with-promotions?lang=en,En ambas,OK,0,0,p_id ES 1515 | p_id EN 1514
2021-02,noticia,Leaders League: Von Wobeser de México añade dos socios y cinco counsel,si,https://www.vonwobeser.com/index.php/publicacion?p_id=1513,si,https://www.vonwobeser.com/index.php/publication?p_id=1512,si,https://webpage-von-wobeser-2026.replit.app/news/leaders-league-von-wobeser-de-mexico-anade-dos-socios-y-cinco-counsel,si,https://webpage-von-wobeser-2026.replit.app/news/leaders-league-mexico-s-von-wobeser-adds-two-partners-five-counsel?lang=en,En ambas,OK,0,0,p_id ES 1513 | p_id EN 1512
2021-02,noticia,Latin Lawyer: Los ascensos en las empresas de América Latina aumentaron a finales de año,si,https://www.vonwobeser.com/index.php/publicacion?p_id=1517,si,https://www.vonwobeser.com/index.php/publication?p_id=1516,si,https://webpage-von-wobeser-2026.replit.app/news/latin-lawyer-los-ascensos-en-las-empresas-de-america-latina-aumentaron-a-finales,si,https://webpage-von-wobeser-2026.replit.app/news/latin-lawyer-promotions-at-latam-firms-spiked-at-year-end?lang=en,En ambas,OK,0,0,p_id ES 1517 | p_id EN 1516
2021-02,articulo,"Fernando Carreño: GCR Insight - La Guía de Litigio Privado en México, Preguntas y Respuestas",si,https://www.vonwobeser.com/index.php/publicacion?p_id=1507,si,https://www.vonwobeser.com/index.php/publication?p_id=1506,si,https://webpage-von-wobeser-2026.replit.app/news/fernando-carreno-gcr-insight-la-guia-de-litigio-privado-en-mexico-preguntas-y-re,si,https://webpage-von-wobeser-2026.replit.app/news/fernando-carreno-gcr-insight-the-private-litigation-guide-mexico-q-a?lang=en,En ambas,OK,0,0,p_id ES 1507 | p_id EN 1506
2021-02,articulo,Fernando Carreño: GCR Insight - La Guía de Litigio Privado en México,si,https://www.vonwobeser.com/index.php/publicacion?p_id=1509,si,https://www.vonwobeser.com/index.php/publication?p_id=1508,si,https://webpage-von-wobeser-2026.replit.app/news/fernando-carreno-gcr-insight-la-guia-de-litigio-privado-en-mexico,si,https://webpage-von-wobeser-2026.replit.app/news/fernando-carreno-gcr-insight-the-private-litigation-guide-mexico-overview?lang=en,En ambas,OK,0,0,p_id ES 1509 | p_id EN 1508
2021-02,noticia,Chambers and Partners 2021 Rankings,si,https://www.vonwobeser.com/index.php/publicacion?p_id=1511,si,https://www.vonwobeser.com/index.php/publication?p_id=1510,si,https://webpage-von-wobeser-2026.replit.app/news/chambers-and-partners-2021-rankings-2,si,https://webpage-von-wobeser-2026.replit.app/news/chambers-and-partners-2021-rankings?lang=en,En ambas,OK,0,0,p_id ES 1511 | p_id EN 1510
2021-02,noticia,Acontecimientos relevantes en el sector eléctrico: Iniciativa de reforma a la Ley de la Industria Eléctrica y resolución de la Controversia Constitucional por la Suprema Corte,si,https://www.vonwobeser.com/index.php/publicacion?p_id=1503,si,https://www.vonwobeser.com/index.php/publication?p_id=1502,si,https://webpage-von-wobeser-2026.replit.app/news/acontecimientos-relevantes-en-el-sector-electrico-iniciativa-de-reforma-a-la-ley,si,https://webpage-von-wobeser-2026.replit.app/news/relevant-events-in-the-electricity-sector-initiative-to-reform-the-power-industr?lang=en,En ambas,OK,0,0,p_id ES 1503 | p_id EN 1502
2021-01,noticia,WhatsApp anuncia modificaciones a sus términos y condiciones,si,https://www.vonwobeser.com/index.php/publicacion?p_id=1491,si,https://www.vonwobeser.com/index.php/publication?p_id=1490,si,https://webpage-von-wobeser-2026.replit.app/news/whatsapp-anuncia-modificaciones-a-sus-terminos-y-condiciones,si,https://webpage-von-wobeser-2026.replit.app/news/whatsapp-announces-changes-to-its-terms-and-conditions?lang=en,En ambas,OK,0,0,p_id ES 1491 | p_id EN 1490
2021-01,noticia,Von Wobeser refuerza equipo con nuevos socios y consejeros,si,https://www.vonwobeser.com/index.php/publicacion?p_id=1495,si,https://www.vonwobeser.com/index.php/publication?p_id=1494,si,https://webpage-von-wobeser-2026.replit.app/news/von-wobeser-refuerza-equipo-con-nuevos-socios-y-consejeros,si,https://webpage-von-wobeser-2026.replit.app/news/von-wobeser-boosts-team-with-new-partners-and-counsel?lang=en,En ambas,OK,0,0,p_id ES 1495 | p_id EN 1494
2021-01,noticia,Valores de la Unidad de Medida y Actualización vigentes a partir del 1º de febrero de 2021,si,https://www.vonwobeser.com/index.php/publicacion?p_id=1477,si,https://www.vonwobeser.com/index.php/publication?p_id=1476,si,https://webpage-von-wobeser-2026.replit.app/news/valores-de-la-unidad-de-medida-y-actualizacion-vigentes-a-partir-del-1-de-febrer,si,https://webpage-von-wobeser-2026.replit.app/news/values-of-the-unit-of-measurement-and-indexing-in-effect-as-of-february-1-2021?lang=en,En ambas,OK,0,0,p_id ES 1477 | p_id EN 1476
2021-01,noticia,Tercera suspensión de las actividades de la Comisión Federal de Competencia Económica y sus procedimientos,si,https://www.vonwobeser.com/index.php/publicacion?p_id=1499,si,https://www.vonwobeser.com/index.php/publication?p_id=1498,si,https://webpage-von-wobeser-2026.replit.app/news/tercera-suspension-de-las-actividades-de-la-comision-federal-de-competencia-econ,si,https://webpage-von-wobeser-2026.replit.app/news/third-suspension-in-the-activities-of-the-mexican-antitrust-commission-and-its-p?lang=en,En ambas,OK,0,0,p_id ES 1499 | p_id EN 1498
2021-01,noticia,Suspensión de plazos y términos de la Comisión Reguladora de Energía,si,https://www.vonwobeser.com/index.php/publicacion?p_id=1489,si,https://www.vonwobeser.com/index.php/publication?p_id=1488,si,https://webpage-von-wobeser-2026.replit.app/news/suspension-de-plazos-y-terminos-de-la-comision-reguladora-de-energia,si,https://webpage-von-wobeser-2026.replit.app/news/suspension-of-legal-terms-for-the-energy-regulatory-commission?lang=en,En ambas,OK,0,0,p_id ES 1489 | p_id EN 1488
2021-01,noticia,Segunda suspensión de las actividades de la Comisión Federal de Competencia Económica y sus procedimientos,si,https://www.vonwobeser.com/index.php/publicacion?p_id=1485,si,https://www.vonwobeser.com/index.php/publication?p_id=1484,si,https://webpage-von-wobeser-2026.replit.app/news/segunda-suspension-de-las-actividades-de-la-comision-federal-de-competencia-econ,si,https://webpage-von-wobeser-2026.replit.app/news/second-suspension-in-the-activities-of-the-mexican-antitrust-commission-and-its-?lang=en,En ambas,OK,0,0,p_id ES 1485 | p_id EN 1484
2021-01,noticia,Se regula la adquisición de vacunas contra la COVID-19 por parte de los gobiernos estatales y entidades integrantes del Sistema Nacional de Salud,si,https://www.vonwobeser.com/index.php/publicacion?p_id=1497,si,https://www.vonwobeser.com/index.php/publication?p_id=1496,si,https://webpage-von-wobeser-2026.replit.app/news/se-regula-la-adquisicion-de-vacunas-contra-la-covid-19-por-parte-de-los-gobierno,si,https://webpage-von-wobeser-2026.replit.app/news/the-acquisition-of-vaccines-against-covid-19-by-the-state-governments-and-entiti?lang=en,En ambas,OK,0,0,p_id ES 1497 | p_id EN 1496
2021-01,noticia,Se expide el reglamento que regula el uso medicinal de la cannabis y sus derivados farmacológicos,si,https://www.vonwobeser.com/index.php/publicacion?p_id=1483,si,https://www.vonwobeser.com/index.php/publication?p_id=1482,si,https://webpage-von-wobeser-2026.replit.app/news/se-expide-el-reglamento-que-regula-el-uso-medicinal-de-la-cannabis-y-sus-derivad,si,https://webpage-von-wobeser-2026.replit.app/news/the-regulation-governing-the-medical-use-of-cannabis-and-its-pharmacological-der?lang=en,En ambas,OK,0,0,p_id ES 1483 | p_id EN 1482
2021-01,noticia,Se crea el Comité Nacional de Facilitación del Comercio,si,https://www.vonwobeser.com/index.php/publicacion?p_id=1493,si,https://www.vonwobeser.com/index.php/publication?p_id=1492,si,https://webpage-von-wobeser-2026.replit.app/news/se-crea-el-comite-nacional-de-facilitacion-del-comercio,si,https://webpage-von-wobeser-2026.replit.app/news/the-national-trade-facilitation-committee-is-created?lang=en,En ambas,OK,0,0,p_id ES 1493 | p_id EN 1492
2021-01,noticia,Nuevas reglas y obligaciones en materia de teletrabajo (home office),si,https://www.vonwobeser.com/index.php/publicacion?p_id=1481,si,https://www.vonwobeser.com/index.php/publication?p_id=1480,si,https://webpage-von-wobeser-2026.replit.app/news/nuevas-reglas-y-obligaciones-en-materia-de-teletrabajo-home-office,si,https://webpage-von-wobeser-2026.replit.app/news/new-rules-and-obligations-in-relation-to-home-office?lang=en,En ambas,OK,0,0,p_id ES 1481 | p_id EN 1480
2021-01,noticia,Nueva obligación en materia de Impuesto Sobre Nóminas en la Ciudad de México,si,https://www.vonwobeser.com/index.php/publicacion?p_id=1473,si,https://www.vonwobeser.com/index.php/publication?p_id=1472,si,https://webpage-von-wobeser-2026.replit.app/news/nueva-obligacion-en-materia-de-impuesto-sobre-nominas-en-la-ciudad-de-mexico,si,https://webpage-von-wobeser-2026.replit.app/news/new-payroll-tax-obligation-in-mexico-city?lang=en,En ambas,OK,0,0,p_id ES 1473 | p_id EN 1472
2021-01,articulo,"Luis Burgueño, Alberto Córdoba, Marisol Márquez y Elías Jalife: Latin Lawyer Insight - La Guía de Fusiones y Adquisiciones, Primera Edición",si,https://www.vonwobeser.com/index.php/publicacion?p_id=1505,si,https://www.vonwobeser.com/index.php/publication?p_id=1504,si,https://webpage-von-wobeser-2026.replit.app/news/luis-burgueno-alberto-cordoba-marisol-marquez-y-elias-jalife-latin-lawyer-insigh,si,https://webpage-von-wobeser-2026.replit.app/news/luis-burgueno-alberto-cordoba-marisol-marquez-and-elias-jalife-latin-lawyer-insi?lang=en,En ambas,OK,0,0,p_id ES 1505 | p_id EN 1504
2021-01,noticia,Estímulos fiscales vigentes a partir del 1 de enero de 2021,si,https://www.vonwobeser.com/index.php/publicacion?p_id=1475,si,https://www.vonwobeser.com/index.php/publication?p_id=1474,si,https://webpage-von-wobeser-2026.replit.app/news/estimulos-fiscales-vigentes-a-partir-del-1-de-enero-de-2021,si,https://webpage-von-wobeser-2026.replit.app/news/tax-incentives-in-force-beginning-on-january-1-2021?lang=en,En ambas,OK,0,0,p_id ES 1475 | p_id EN 1474
2021-01,noticia,Entran en vigor restricciones al uso de productos fabricados con plásticos de un solo uso en la Ciudad de México,si,https://www.vonwobeser.com/index.php/publicacion?p_id=1471,si,https://www.vonwobeser.com/index.php/publication?p_id=1470,si,https://webpage-von-wobeser-2026.replit.app/news/entran-en-vigor-restricciones-al-uso-de-productos-fabricados-con-plasticos-de-un,si,https://webpage-von-wobeser-2026.replit.app/news/restrictions-for-the-use-of-products-made-with-single-use-plastics-enter-into-fo?lang=en,En ambas,OK,0,0,p_id ES 1471 | p_id EN 1470
2021-01,articulo,"Adrián Magallanes y Diego Sierra: Chambers Global, Guía Práctica de Litigio 2021",si,https://www.vonwobeser.com/index.php/publicacion?p_id=1479,si,https://www.vonwobeser.com/index.php/publication?p_id=1478,si,https://webpage-von-wobeser-2026.replit.app/news/adrian-magallanes-y-diego-sierra-chambers-global-guia-practica-de-litigio-2021,si,https://webpage-von-wobeser-2026.replit.app/news/adrian-magallanes-diego-sierra-chambers-global-practice-guides-litigation-2021?lang=en,En ambas,OK,0,0,p_id ES 1479 | p_id EN 1478
2020-12,noticia,Suspensión de las actividades de la Comisión Federal de Competencia Económica y su procedimientos,si,https://www.vonwobeser.com/index.php/publicacion?p_id=1456,si,https://www.vonwobeser.com/index.php/publication?p_id=1455,si,https://webpage-von-wobeser-2026.replit.app/news/suspension-de-las-actividades-de-la-comision-federal-de-competencia-economica-y-,si,https://webpage-von-wobeser-2026.replit.app/news/suspension-in-the-activities-of-the-mexican-antitrust-commission-and-its-procedu?lang=en,En ambas,OK,0,0,p_id ES 1456 | p_id EN 1455
2020-12,noticia,Se suspenden actividades no esenciales en la Ciudad de México y en el Estado de México,si,https://www.vonwobeser.com/index.php/publicacion?p_id=1487,si,https://www.vonwobeser.com/index.php/publication?p_id=1486,si,https://webpage-von-wobeser-2026.replit.app/news/se-suspenden-actividades-no-esenciales-en-la-ciudad-de-mexico-y-en-el-estado-de-,si,https://webpage-von-wobeser-2026.replit.app/news/non-essential-activities-are-suspended-in-mexico-city-and-the-state-of-mexico?lang=en,En ambas,OK,0,0,p_id ES 1487 | p_id EN 1486
2020-12,noticia,Se prorroga de nueva cuenta el plazo para que el Congreso de la Unión regule diversos usos del cannabis,si,https://www.vonwobeser.com/index.php/publicacion?p_id=1454,si,https://www.vonwobeser.com/index.php/publication?p_id=1453,si,https://webpage-von-wobeser-2026.replit.app/news/se-prorroga-de-nueva-cuenta-el-plazo-para-que-el-congreso-de-la-union-regule-div,si,https://webpage-von-wobeser-2026.replit.app/news/the-deadline-for-congress-to-regulate-various-uses-of-cannabis-extended-again?lang=en,En ambas,OK,0,0,p_id ES 1454 | p_id EN 1453
2020-12,noticia,Salarios Mínimos 2021,si,https://www.vonwobeser.com/index.php/publicacion?p_id=1467,si,https://www.vonwobeser.com/index.php/publication?p_id=1466,si,https://webpage-von-wobeser-2026.replit.app/news/salarios-minimos-2021,si,https://webpage-von-wobeser-2026.replit.app/news/minimum-wages-2021?lang=en,En ambas,OK,0,0,p_id ES 1467 | p_id EN 1466
2020-12,noticia,Reforma al Sistema de Pensiones,si,https://www.vonwobeser.com/index.php/publicacion?p_id=1465,si,https://www.vonwobeser.com/index.php/publication?p_id=1464,si,https://webpage-von-wobeser-2026.replit.app/news/reforma-al-sistema-de-pensiones,si,https://webpage-von-wobeser-2026.replit.app/news/reform-of-the-pensions-system?lang=en,En ambas,OK,0,0,p_id ES 1465 | p_id EN 1464
2020-12,noticia,Nuevos salarios mínimos a partir del 1° de enero de 2021,si,https://www.vonwobeser.com/index.php/publicacion?p_id=1469,si,https://www.vonwobeser.com/index.php/publication?p_id=1468,si,https://webpage-von-wobeser-2026.replit.app/news/nuevos-salarios-minimos-a-partir-del-1-de-enero-de-2021,si,https://webpage-von-wobeser-2026.replit.app/news/new-minimum-wages-as-of-january-1-2021?lang=en,En ambas,OK,0,0,p_id ES 1469 | p_id EN 1468
2020-12,articulo,Luis Burgueño & Santiago Barraza Lexology GTDT: Capital Privado - Inteligencia de Mercado,si,https://www.vonwobeser.com/index.php/publicacion?p_id=1461,si,https://www.vonwobeser.com/index.php/publication?p_id=1460,si,https://webpage-von-wobeser-2026.replit.app/news/luis-burgueno-santiago-barraza-lexology-gtdt-capital-privado-inteligencia-de-mer,si,https://webpage-von-wobeser-2026.replit.app/news/luis-burgueno-santiago-barraza-lexology-gtdt-private-equity-market-intelligence?lang=en,En ambas,OK,0,0,p_id ES 1461 | p_id EN 1460
2020-12,noticia,Aprueban iniciativa de reforma en materia de Teletrabajo,si,https://www.vonwobeser.com/index.php/publicacion?p_id=1452,si,https://www.vonwobeser.com/index.php/publication?p_id=1451,si,https://webpage-von-wobeser-2026.replit.app/news/aprueban-iniciativa-de-reforma-en-materia-de-teletrabajo,si,https://webpage-von-wobeser-2026.replit.app/news/home-office-reform-bill-approved?lang=en,En ambas,OK,0,0,p_id ES 1452 | p_id EN 1451
2020-12,articulo,Adrián Magallanes & Rodrigo Barradas: IBA - Los tiempos que se avecinan para los inversores privados en el sector de energía renovable en México,si,https://www.vonwobeser.com/index.php/publicacion?p_id=1463,si,https://www.vonwobeser.com/index.php/publication?p_id=1462,si,https://webpage-von-wobeser-2026.replit.app/news/adrian-magallanes-rodrigo-barradas-iba-los-tiempos-que-se-avecinan-para-los-inve,si,https://webpage-von-wobeser-2026.replit.app/news/adrian-magallanes-rodrigo-barradas-iba-the-times-ahead-for-private-investors-in-?lang=en,En ambas,OK,0,0,p_id ES 1463 | p_id EN 1462
2020-11,noticia,Tercera Resolución de Modificaciones a la Resolución Miscelánea Fiscal para 2020,si,https://www.vonwobeser.com/index.php/publicacion?p_id=1446,si,https://www.vonwobeser.com/index.php/publication?p_id=1445,si,https://webpage-von-wobeser-2026.replit.app/news/tercera-resolucion-de-modificaciones-a-la-resolucion-miscelanea-fiscal-para-2020,si,https://webpage-von-wobeser-2026.replit.app/news/third-resolution-of-modifications-to-the-omnibus-tax-bill-for-2020?lang=en,En ambas,OK,0,0,p_id ES 1446 | p_id EN 1445
2020-11,noticia,Se reducen los tiempos para el registro sanitario en México de ciertos medicamentos e insumos para la salud,si,https://www.vonwobeser.com/index.php/publicacion?p_id=1442,si,https://www.vonwobeser.com/index.php/publication?p_id=1441,si,https://webpage-von-wobeser-2026.replit.app/news/se-reducen-los-tiempos-para-el-registro-sanitario-en-mexico-de-ciertos-medicamen,si,https://webpage-von-wobeser-2026.replit.app/news/the-times-are-reduced-for-the-sanitary-registration-in-mexico-of-certain-medicin?lang=en,En ambas,OK,0,0,p_id ES 1442 | p_id EN 1441
2020-11,noticia,Nueva Ley Federal de Protección de la Propiedad Industrial,si,https://www.vonwobeser.com/index.php/publicacion?p_id=1428,si,https://www.vonwobeser.com/index.php/publication?p_id=1427,si,https://webpage-von-wobeser-2026.replit.app/news/nueva-ley-federal-de-proteccion-de-la-propiedad-industrial,si,https://webpage-von-wobeser-2026.replit.app/news/new-federal-industrial-property-protection-law?lang=en,En ambas,OK,0,0,p_id ES 1428 | p_id EN 1427
2020-11,noticia,Inminente regulación sobre los diversos usos de la cannabis en México,si,https://www.vonwobeser.com/index.php/publicacion?p_id=1438,si,https://www.vonwobeser.com/index.php/publication?p_id=1437,si,https://webpage-von-wobeser-2026.replit.app/news/inminente-regulacion-sobre-los-diversos-usos-de-la-cannabis-en-mexico,si,https://webpage-von-wobeser-2026.replit.app/news/imminent-regulation-of-the-various-uses-of-cannabis-in-mexico?lang=en,En ambas,OK,0,0,p_id ES 1438 | p_id EN 1437
2020-11,noticia,Iniciativa de Reforma a la Ley Federal del Trabajo en materia de subcontratación,si,https://www.vonwobeser.com/index.php/publicacion?p_id=1434,si,https://www.vonwobeser.com/index.php/publication?p_id=1433,si,https://webpage-von-wobeser-2026.replit.app/news/iniciativa-de-reforma-a-la-ley-federal-del-trabajo-en-materia-de-subcontratacion,si,https://webpage-von-wobeser-2026.replit.app/news/bill-reforming-the-federal-labor-act-regarding-subcontracting?lang=en,En ambas,OK,0,0,p_id ES 1434 | p_id EN 1433
2020-11,noticia,Implicaciones fiscales de la iniciativa de reforma en materia subcontratación,si,https://www.vonwobeser.com/index.php/publicacion?p_id=1440,si,https://www.vonwobeser.com/index.php/publication?p_id=1439,si,https://webpage-von-wobeser-2026.replit.app/news/implicaciones-fiscales-de-la-iniciativa-de-reforma-en-materia-subcontratacion,si,https://webpage-von-wobeser-2026.replit.app/news/tax-implications-of-the-subcontracting-reform-bill?lang=en,En ambas,OK,0,0,p_id ES 1440 | p_id EN 1439
2020-11,noticia,Implementación de la reforma en materia laboral,si,https://www.vonwobeser.com/index.php/publicacion?p_id=1436,si,https://www.vonwobeser.com/index.php/publication?p_id=1435,si,https://webpage-von-wobeser-2026.replit.app/news/implementacion-de-la-reforma-en-materia-laboral,si,https://webpage-von-wobeser-2026.replit.app/news/implementation-of-the-labor-reform?lang=en,En ambas,OK,0,0,p_id ES 1436 | p_id EN 1435
2020-11,noticia,El Senado aprueba la regulación del cannabis,si,https://www.vonwobeser.com/index.php/publicacion?p_id=1444,si,https://www.vonwobeser.com/index.php/publication?p_id=1443,si,https://webpage-von-wobeser-2026.replit.app/news/el-senado-aprueba-la-regulacion-del-cannabis,si,https://webpage-von-wobeser-2026.replit.app/news/the-senate-approves-the-regulation-of-cannabis?lang=en,En ambas,OK,0,0,p_id ES 1444 | p_id EN 1443
2020-11,noticia,"Decreto por el que se reforman diversos artículos de la Ley de Migración y de la Ley Sobre Refugiados, Protección Complementaria y Asilo Político en materia de infancia migrante",si,https://www.vonwobeser.com/index.php/publicacion?p_id=1432,si,https://www.vonwobeser.com/index.php/publication?p_id=1431,si,https://webpage-von-wobeser-2026.replit.app/news/decreto-por-el-que-se-reforman-diversos-articulos-de-la-ley-de-migracion-y-de-la,si,https://webpage-von-wobeser-2026.replit.app/news/decree-reforming-certain-articles-of-the-immigration-and-the-refugees-complement?lang=en,En ambas,OK,0,0,p_id ES 1432 | p_id EN 1431
2020-11,noticia,Aprobación por el Congreso de la Unión del Paquete Económico para 2021,si,https://www.vonwobeser.com/index.php/publicacion?p_id=1430,si,https://www.vonwobeser.com/index.php/publication?p_id=1429,si,https://webpage-von-wobeser-2026.replit.app/news/aprobacion-por-el-congreso-de-la-union-del-paquete-economico-para-2021,si,https://webpage-von-wobeser-2026.replit.app/news/congress-approves-the-economic-package-for-2021?lang=en,En ambas,OK,0,0,p_id ES 1430 | p_id EN 1429
2020-11,articulo,"Adrián Magallanes & Diego Sierra - Latin Lawyer: Litigation 2020, Referencia México",si,https://www.vonwobeser.com/index.php/publicacion?p_id=1447,si,https://www.vonwobeser.com/index.php/publication?p_id=1448,si,https://webpage-von-wobeser-2026.replit.app/news/adrian-magallanes-diego-sierra-latin-lawyer-litigation-2020-referencia-mexico,si,https://webpage-von-wobeser-2026.replit.app/news/adrian-magallanes-diego-sierra-latin-lawyer-litigio-2020-mexico-reference?lang=en,En ambas,OK,0,0,p_id ES 1447 | p_id EN 1448
2020-10,noticia,La Cámara de Diputados aprobó las modificaciones a las disposiciones fiscales para 2021,si,https://www.vonwobeser.com/index.php/publicacion?p_id=1424,si,https://www.vonwobeser.com/index.php/publication?p_id=1423,si,https://webpage-von-wobeser-2026.replit.app/news/la-camara-de-diputados-aprobo-las-modificaciones-a-las-disposiciones-fiscales-pa,si,https://webpage-von-wobeser-2026.replit.app/news/the-chamber-of-deputies-approved-the-amendments-to-the-tax-provisions-for-2021?lang=en,En ambas,OK,0,0,p_id ES 1424 | p_id EN 1423
2020-10,noticia,La CRE impone restricciones para modificar Permisos de Autoabastecimiento y Cogeneración,si,https://www.vonwobeser.com/index.php/publicacion?p_id=1420,si,https://www.vonwobeser.com/index.php/publication?p_id=1419,si,https://webpage-von-wobeser-2026.replit.app/news/la-cre-impone-restricciones-para-modificar-permisos-de-autoabastecimiento-y-coge,si,https://webpage-von-wobeser-2026.replit.app/news/the-cre-imposes-restrictions-on-modifying-self-supply-and-cogeneration-permits?lang=en,En ambas,OK,0,0,p_id ES 1420 | p_id EN 1419
2020-10,noticia,Entrada en vigor de diversas obligaciones de la NOM-035-STPS-2018,si,https://www.vonwobeser.com/index.php/publicacion?p_id=1422,si,https://www.vonwobeser.com/index.php/publication?p_id=1421,si,https://webpage-von-wobeser-2026.replit.app/news/entrada-en-vigor-de-diversas-obligaciones-de-la-nom-035-stps-2018,si,https://webpage-von-wobeser-2026.replit.app/news/entrance-into-force-of-certain-obligations-of-the-nom-035-stps-2018?lang=en,En ambas,OK,0,0,p_id ES 1422 | p_id EN 1421
2020-10,noticia,Emisión del Protocolo de Protección para Personas Alertadoras de la Corrupción,si,https://www.vonwobeser.com/index.php/publicacion?p_id=1426,si,https://www.vonwobeser.com/index.php/publication?p_id=1425,si,https://webpage-von-wobeser-2026.replit.app/news/emision-del-protocolo-de-proteccion-para-personas-alertadoras-de-la-corrupcion,si,https://webpage-von-wobeser-2026.replit.app/news/issuance-of-the-protocol-to-protect-corruption-whistleblowers?lang=en,En ambas,OK,0,0,p_id ES 1426 | p_id EN 1425
2020-10,noticia,Emisión de recomendaciones por parte de la COFECE en materia energética,si,https://www.vonwobeser.com/index.php/publicacion?p_id=1418,si,https://www.vonwobeser.com/index.php/publication?p_id=1417,si,https://webpage-von-wobeser-2026.replit.app/news/emision-de-recomendaciones-por-parte-de-la-cofece-en-materia-energetica,si,https://webpage-von-wobeser-2026.replit.app/news/issuance-of-recommendations-by-the-cofece-in-energy-matters?lang=en,En ambas,OK,0,0,p_id ES 1418 | p_id EN 1417
2020-10,noticia,Eliminación de Cartas de no comercialización y otras modificaciones del Anexo de NOMs,si,https://www.vonwobeser.com/index.php/publicacion?p_id=1416,si,https://www.vonwobeser.com/index.php/publication?p_id=1415,si,https://webpage-von-wobeser-2026.replit.app/news/eliminacion-de-cartas-de-no-comercializacion-y-otras-modificaciones-del-anexo-de,si,https://webpage-von-wobeser-2026.replit.app/news/elimination-of-no-commercialization-letters-and-other-changes-to-the-noms-annex?lang=en,En ambas,OK,0,0,p_id ES 1416 | p_id EN 1415
2020-09,noticia,Von Wobeser y Sierra aconseja a Merck-Iberdrola en México en relación a PPA de energías renovables,si,https://www.vonwobeser.com/index.php/publicacion?p_id=1404,si,https://www.vonwobeser.com/index.php/publication?p_id=1403,si,https://webpage-von-wobeser-2026.replit.app/news/von-wobeser-y-sierra-aconseja-a-merck-iberdrola-en-mexico-en-relacion-a-ppa-de-e,si,https://webpage-von-wobeser-2026.replit.app/news/von-wobeser-seals-merck-iberdrola-renewables-ppa-in-mexico?lang=en,En ambas,OK,0,0,p_id ES 1404 | p_id EN 1403
2020-09,noticia,México Investiga el Mercado de la Publicidad Digital,si,https://www.vonwobeser.com/index.php/publicacion?p_id=1396,si,https://www.vonwobeser.com/index.php/publication?p_id=1395,si,https://webpage-von-wobeser-2026.replit.app/news/mexico-investiga-el-mercado-de-la-publicidad-digital,si,https://webpage-von-wobeser-2026.replit.app/news/mexico-probes-digital-ad-market?lang=en,En ambas,OK,0,0,p_id ES 1396 | p_id EN 1395
2020-09,noticia,Modificación a los Lineamientos para la Ejecución del Plan Gradual hacia la Nueva Normalidad en la Ciudad de México,si,https://www.vonwobeser.com/index.php/publicacion?p_id=1408,si,https://www.vonwobeser.com/index.php/publication?p_id=1407,si,https://webpage-von-wobeser-2026.replit.app/news/modificacion-a-los-lineamientos-para-la-ejecucion-del-plan-gradual-hacia-la-nuev,si,https://webpage-von-wobeser-2026.replit.app/news/modification-of-the-guidelines-for-the-execution-of-the-gradual-plan-toward-the-?lang=en,En ambas,OK,0,0,p_id ES 1408 | p_id EN 1407
2020-09,noticia,Modificaciones a las disposiciones fiscales para 2021,si,https://www.vonwobeser.com/index.php/publicacion?p_id=1400,si,https://www.vonwobeser.com/index.php/publication?p_id=1399,si,https://webpage-von-wobeser-2026.replit.app/news/modificaciones-a-las-disposiciones-fiscales-para-2021,si,https://webpage-von-wobeser-2026.replit.app/news/modifications-to-the-tax-provisions-for-2021?lang=en,En ambas,OK,0,0,p_id ES 1400 | p_id EN 1399
2020-09,noticia,Compliance Laboral respecto al T-MEC. El incumplimiento de obligaciones laborales en México puede resultar en la imposición de sanciones,si,https://www.vonwobeser.com/index.php/publicacion?p_id=1406,si,https://www.vonwobeser.com/index.php/publication?p_id=1405,si,https://webpage-von-wobeser-2026.replit.app/news/compliance-laboral-respecto-al-t-mec-el-incumplimiento-de-obligaciones-laborales,si,https://webpage-von-wobeser-2026.replit.app/news/labor-compliance-under-the-usmca-the-breach-of-labor-obligations-in-mexico-can-r?lang=en,En ambas,OK,0,0,p_id ES 1406 | p_id EN 1405
2020-09,articulo,"Barra Internacional de Abogados, la respuesta de México a la insolvencia del Covid-19",si,https://www.vonwobeser.com/index.php/publicacion?p_id=1450,si,https://www.vonwobeser.com/index.php/publication?p_id=1449,si,https://webpage-von-wobeser-2026.replit.app/news/barra-internacional-de-abogados-la-respuesta-de-mexico-a-la-insolvencia-del-covi,si,https://webpage-von-wobeser-2026.replit.app/news/international-bar-association-mexico-s-insolvency-response-to-covid-19?lang=en,En ambas,OK,0,0,p_id ES 1450 | p_id EN 1449
2020-09,noticia,América Móvil vende subsidiaria en Estados Unidos a Verizon,si,https://www.vonwobeser.com/index.php/publicacion?p_id=1412,si,https://www.vonwobeser.com/index.php/publication?p_id=1411,si,https://webpage-von-wobeser-2026.replit.app/news/america-movil-vende-subsidiaria-en-estados-unidos-a-verizon,si,https://webpage-von-wobeser-2026.replit.app/news/america-movil-sells-subsidiary-in-united-states-to-verizon?lang=en,En ambas,OK,0,0,p_id ES 1412 | p_id EN 1411
2020-09,noticia,América Móvil se desprende del negocio de telefonía móvil prepagado en EE.UU. por 6.900 millones de dólares,si,https://www.vonwobeser.com/index.php/publicacion?p_id=1414,si,https://www.vonwobeser.com/index.php/publication?p_id=1413,si,https://webpage-von-wobeser-2026.replit.app/news/america-movil-se-desprende-del-negocio-de-telefonia-movil-prepagado-en-ee-uu-por,si,https://webpage-von-wobeser-2026.replit.app/news/america-movil-divests-us-prepaid-wireless-business-for-us-6-9-billion?lang=en,En ambas,OK,0,0,p_id ES 1414 | p_id EN 1413
2020-08,noticia,Von Wobeser partner to chair Americas arbitration group,si,https://www.vonwobeser.com/index.php/publicacion?p_id=1388,si,https://www.vonwobeser.com/index.php/publication?p_id=1387,si,https://webpage-von-wobeser-2026.replit.app/news/von-wobeser-partner-to-chair-americas-arbitration-group-4,si,https://webpage-von-wobeser-2026.replit.app/news/von-wobeser-partner-to-chair-americas-arbitration-group-2?lang=en,En ambas,OK,0,0,p_id ES 1388 | p_id EN 1387
2020-08,noticia,Von Wobeser Partner Appointed Chair of ITA Americas Initiative,si,https://www.vonwobeser.com/index.php/publicacion?p_id=1371,si,https://www.vonwobeser.com/index.php/publication?p_id=1372,si,https://webpage-von-wobeser-2026.replit.app/news/von-wobeser-partner-appointed-chair-of-ita-americas-initiative-2,si,https://webpage-von-wobeser-2026.replit.app/news/von-wobeser-partner-appointed-chair-of-ita-americas-initiative?lang=en,En ambas,OK,0,0,p_id ES 1371 | p_id EN 1372
2020-08,noticia,Temas relevantes en materia laboral (Compliance laboral),si,https://www.vonwobeser.com/index.php/publicacion?p_id=1392,si,https://www.vonwobeser.com/index.php/publication?p_id=1391,si,https://webpage-von-wobeser-2026.replit.app/news/temas-relevantes-en-materia-laboral-compliance-laboral,si,https://webpage-von-wobeser-2026.replit.app/news/relevant-labor-law-issues-labor-compliance?lang=en,En ambas,OK,0,0,p_id ES 1392 | p_id EN 1391
2020-08,noticia,Merck firma PPA con Iberdrola en México,si,https://www.vonwobeser.com/index.php/publicacion?p_id=1402,si,https://www.vonwobeser.com/index.php/publication?p_id=1401,si,https://webpage-von-wobeser-2026.replit.app/news/merck-firma-ppa-con-iberdrola-en-mexico,si,https://webpage-von-wobeser-2026.replit.app/news/merck-signs-ppa-with-iberdrola-in-mexico?lang=en,En ambas,OK,0,0,p_id ES 1402 | p_id EN 1401
2020-08,noticia,Las oportunidades para empresas en el sector tecnológico con la crisis sanitaria,si,https://www.vonwobeser.com/index.php/publicacion?p_id=1382,si,https://www.vonwobeser.com/index.php/publication?p_id=1381,si,https://webpage-von-wobeser-2026.replit.app/news/las-oportunidades-para-empresas-en-el-sector-tecnologico-con-la-crisis-sanitaria,si,https://webpage-von-wobeser-2026.replit.app/news/opportunities-for-companies-in-the-technology-sector-with-the-health-crisis?lang=en,En ambas,OK,0,0,p_id ES 1382 | p_id EN 1381
2020-08,noticia,ICC llama a fortalecer las instituciones anticorrupción en México,si,https://www.vonwobeser.com/index.php/publicacion?p_id=1410,si,https://www.vonwobeser.com/index.php/publication?p_id=1409,si,https://webpage-von-wobeser-2026.replit.app/news/icc-llama-a-fortalecer-las-instituciones-anticorrupcion-en-mexico,si,https://webpage-von-wobeser-2026.replit.app/news/icc-calls-for-strengthening-anti-corruption-institutions-in-mexico?lang=en,En ambas,OK,0,0,p_id ES 1410 | p_id EN 1409
2020-08,articulo,GAR Know How - Arbitraje Comercial 2020,si,https://www.vonwobeser.com/index.php/publicacion?p_id=1459,si,https://www.vonwobeser.com/index.php/publication?p_id=1458,si,https://webpage-von-wobeser-2026.replit.app/news/gar-know-how-arbitraje-comercial-2020,si,https://webpage-von-wobeser-2026.replit.app/news/gar-know-how-commercial-arbitration-2020-2?lang=en,En ambas,OK,0,0,p_id ES 1459 | p_id EN 1458
2020-08,noticia,"Entra en vigor el decreto que modifica la Ley de Adquisiciones, Arrendamientos y Servicios del Sector Público",si,https://www.vonwobeser.com/index.php/publicacion?p_id=1380,si,https://www.vonwobeser.com/index.php/publication?p_id=1379,si,https://webpage-von-wobeser-2026.replit.app/news/entra-en-vigor-el-decreto-que-modifica-la-ley-de-adquisiciones-arrendamientos-y-,si,https://webpage-von-wobeser-2026.replit.app/news/decree-amending-the-public-sector-acquisitions-leases-and-services-act-entered-i?lang=en,En ambas,OK,0,0,p_id ES 1380 | p_id EN 1379
2020-08,noticia,El ex presidente de México Peña Nieto investigado por corrupción,si,https://www.vonwobeser.com/index.php/publicacion?p_id=1383,si,https://www.vonwobeser.com/index.php/publication?p_id=1384,si,https://webpage-von-wobeser-2026.replit.app/news/el-ex-presidente-de-mexico-pena-nieto-investigado-por-corrupcion,si,https://webpage-von-wobeser-2026.replit.app/news/mexico-s-ex-president-pena-nieto-investigated-for-corruption?lang=en,En ambas,OK,0,0,p_id ES 1383 | p_id EN 1384
2020-08,noticia,Concluye suspensión de plazos y términos legales de la Secretaría de Medio Ambiente y Recursos Naturales,si,https://www.vonwobeser.com/index.php/publicacion?p_id=1390,si,https://www.vonwobeser.com/index.php/publication?p_id=1389,si,https://webpage-von-wobeser-2026.replit.app/news/concluye-suspension-de-plazos-y-terminos-legales-de-la-secretaria-de-medio-ambie,si,https://webpage-von-wobeser-2026.replit.app/news/suspension-of-legal-terms-and-time-periods-of-the-ministry-of-environment-and-na?lang=en,En ambas,OK,0,0,p_id ES 1390 | p_id EN 1389
2020-08,noticia,Cobro de nuevos derechos a Empresas Certificadas bajo la modalidad IVA e IEPS,si,https://www.vonwobeser.com/index.php/publicacion?p_id=1376,si,https://www.vonwobeser.com/index.php/publication?p_id=1375,si,https://webpage-von-wobeser-2026.replit.app/news/cobro-de-nuevos-derechos-a-empresas-certificadas-bajo-la-modalidad-iva-e-ieps,si,https://webpage-von-wobeser-2026.replit.app/news/companies-certified-under-vat-and-ieps-category-are-charged-with-new-fees?lang=en,En ambas,OK,0,0,p_id ES 1376 | p_id EN 1375
2020-08,noticia,Acuerdo por el que se establecen nuevas actividades esenciales,si,https://www.vonwobeser.com/index.php/publicacion?p_id=1374,si,https://www.vonwobeser.com/index.php/publication?p_id=1373,si,https://webpage-von-wobeser-2026.replit.app/news/acuerdo-por-el-que-se-establecen-nuevas-actividades-esenciales,si,https://webpage-von-wobeser-2026.replit.app/news/ruling-establishing-new-essential-activities?lang=en,En ambas,OK,0,0,p_id ES 1374 | p_id EN 1373
2020-08,noticia,Acuerdo por el que la Comisión Nacional de Hidrocarburos establece diversas medidas a fin de promover el desarrollo de las actividades petroleras,si,https://www.vonwobeser.com/index.php/publicacion?p_id=1378,si,https://www.vonwobeser.com/index.php/publication?p_id=1377,si,https://webpage-von-wobeser-2026.replit.app/news/acuerdo-por-el-que-la-comision-nacional-de-hidrocarburos-establece-diversas-medi,si,https://webpage-von-wobeser-2026.replit.app/news/ruling-by-the-national-hydrocarbons-commission-to-establish-various-measures-to-?lang=en,En ambas,OK,0,0,p_id ES 1378 | p_id EN 1377
2020-08,noticia,Actualización: Concluye la suspensión de términos y plazos de la Comisión Reguladora de Energía,si,https://www.vonwobeser.com/index.php/publicacion?p_id=1386,si,https://www.vonwobeser.com/index.php/publication?p_id=1385,si,https://webpage-von-wobeser-2026.replit.app/news/actualizacion-concluye-la-suspension-de-terminos-y-plazos-de-la-comision-regulad,si,https://webpage-von-wobeser-2026.replit.app/news/update-the-suspension-of-legal-terms-for-the-energy-regulatory-commission-conclu?lang=en,En ambas,OK,0,0,p_id ES 1386 | p_id EN 1385
2020-08,noticia,12 Años de Lucha y Latinoamérica Mantiene el Mismo Nivel de Corrupción,si,https://www.vonwobeser.com/index.php/publicacion?p_id=1394,si,https://www.vonwobeser.com/index.php/publication?p_id=1393,si,https://webpage-von-wobeser-2026.replit.app/news/12-anos-de-lucha-y-latinoamerica-mantiene-el-mismo-nivel-de-corrupcion,si,https://webpage-von-wobeser-2026.replit.app/news/12-years-of-struggle-and-latin-america-maintains-the-same-level-of-corruption?lang=en,En ambas,OK,0,0,p_id ES 1394 | p_id EN 1393
2020-07,noticia,Von Wobeser partner to chair Americas arbitration group,si,https://www.vonwobeser.com/index.php/publicacion?p_id=1369,si,https://www.vonwobeser.com/index.php/publication?p_id=1370,si,https://webpage-von-wobeser-2026.replit.app/news/von-wobeser-partner-to-chair-americas-arbitration-group-3,si,https://webpage-von-wobeser-2026.replit.app/news/von-wobeser-partner-to-chair-americas-arbitration-group?lang=en,En ambas,OK,0,0,p_id ES 1369 | p_id EN 1370
2020-07,noticia,Se emiten nuevas leyes que impactan a la importación y exportación de mercancías,si,https://www.vonwobeser.com/index.php/publicacion?p_id=1346,si,https://www.vonwobeser.com/index.php/publication?p_id=1345,si,https://webpage-von-wobeser-2026.replit.app/news/se-emiten-nuevas-leyes-que-impactan-a-la-importacion-y-exportacion-de-mercancias,si,https://webpage-von-wobeser-2026.replit.app/news/new-laws-are-issued-that-impact-the-import-and-export-of-merchandise?lang=en,En ambas,OK,0,0,p_id ES 1346 | p_id EN 1345
2020-07,noticia,Proyecto de reglamento de cannabis para uso medicinal,si,https://www.vonwobeser.com/index.php/publicacion?p_id=1364,si,https://www.vonwobeser.com/index.php/publication?p_id=1363,si,https://webpage-von-wobeser-2026.replit.app/news/proyecto-de-reglamento-de-cannabis-para-uso-medicinal,si,https://webpage-von-wobeser-2026.replit.app/news/draft-regulation-of-cannabis-for-medical-use?lang=en,En ambas,OK,0,0,p_id ES 1364 | p_id EN 1363
2020-07,noticia,"Posibles criterios para verificar el cumplimiento de la NOM-051-SCFI/SSA1-2010 en el punto de venta de productos, a partir del 1° de octubre de 2020",si,https://www.vonwobeser.com/index.php/publicacion?p_id=1348,si,https://www.vonwobeser.com/index.php/publication?p_id=1347,si,https://webpage-von-wobeser-2026.replit.app/news/posibles-criterios-para-verificar-el-cumplimiento-de-la-nom-051-scfi-ssa1-2010-e,si,https://webpage-von-wobeser-2026.replit.app/news/possible-criteria-for-verifying-compliance-with-the-nom-051-scfi-ssa1-2010-in-th?lang=en,En ambas,OK,0,0,p_id ES 1348 | p_id EN 1347
2020-07,noticia,Posible prórroga a la implementación del nuevo sistema de etiquetado frontal de advertencia bajo la NOM-051- SCFI/SSA1-2010,si,https://www.vonwobeser.com/index.php/publicacion?p_id=1358,si,https://www.vonwobeser.com/index.php/publication?p_id=1357,si,https://webpage-von-wobeser-2026.replit.app/news/posible-prorroga-a-la-implementacion-del-nuevo-sistema-de-etiquetado-frontal-de-,si,https://webpage-von-wobeser-2026.replit.app/news/possible-extension-of-the-implementation-of-the-new-front-warning-label-system-u?lang=en,En ambas,OK,0,0,p_id ES 1358 | p_id EN 1357
2020-07,noticia,Modificación de los criterios de aplicación de pruebas de detección de COVID-19 a los empleados en la Ciudad de México,si,https://www.vonwobeser.com/index.php/publicacion?p_id=1368,si,https://www.vonwobeser.com/index.php/publication?p_id=1367,si,https://webpage-von-wobeser-2026.replit.app/news/modificacion-de-los-criterios-de-aplicacion-de-pruebas-de-deteccion-de-covid-19-,si,https://webpage-von-wobeser-2026.replit.app/news/modification-of-the-standards-for-testing-employees-to-detect-covid-19-in-mexico?lang=en,En ambas,OK,0,0,p_id ES 1368 | p_id EN 1367
2020-07,noticia,Iniciativa de reforma a la Ley del Seguro Social respecto al Sistema de Pensiones,si,https://www.vonwobeser.com/index.php/publicacion?p_id=1356,si,https://www.vonwobeser.com/index.php/publication?p_id=1355,si,https://webpage-von-wobeser-2026.replit.app/news/iniciativa-de-reforma-a-la-ley-del-seguro-social-respecto-al-sistema-de-pensione,si,https://webpage-von-wobeser-2026.replit.app/news/bill-reforming-the-social-security-law-with-respect-to-the-pension-system?lang=en,En ambas,OK,0,0,p_id ES 1356 | p_id EN 1355
2020-07,noticia,Iniciativa de reforma a la Ley Federal del Trabajo en materia de Teletrabajo,si,https://www.vonwobeser.com/index.php/publicacion?p_id=1354,si,https://www.vonwobeser.com/index.php/publication?p_id=1353,si,https://webpage-von-wobeser-2026.replit.app/news/iniciativa-de-reforma-a-la-ley-federal-del-trabajo-en-materia-de-teletrabajo,si,https://webpage-von-wobeser-2026.replit.app/news/bill-reforming-the-federal-labor-law-regarding-telework?lang=en,En ambas,OK,0,0,p_id ES 1354 | p_id EN 1353
2020-07,noticia,Extensión en la suspensión de las actividades y plazos del Tribunal Federal de Justicia Administrativa,si,https://www.vonwobeser.com/index.php/publicacion?p_id=1360,si,https://www.vonwobeser.com/index.php/publication?p_id=1359,si,https://webpage-von-wobeser-2026.replit.app/news/extension-en-la-suspension-de-las-actividades-y-plazos-del-tribunal-federal-de-j-4,si,https://webpage-von-wobeser-2026.replit.app/news/extension-of-the-suspension-in-the-activities-and-terms-of-the-mexican-court-of-?lang=en,En ambas,Formato: 1,0,1,p_id ES 1360 | p_id EN 1359
2020-07,noticia,El Instituto Mexicano de la Propiedad Industrial reinicia actividades,si,https://www.vonwobeser.com/index.php/publicacion?p_id=1350,si,https://www.vonwobeser.com/index.php/publication?p_id=1349,si,https://webpage-von-wobeser-2026.replit.app/news/el-instituto-mexicano-de-la-propiedad-industrial-reinicia-actividades,si,https://webpage-von-wobeser-2026.replit.app/news/the-mexican-institute-of-industrial-property-restarts-activities?lang=en,En ambas,OK,0,0,p_id ES 1350 | p_id EN 1349
2020-07,noticia,"CONAGUA establece medidas transitorias para garantizar el abastecimiento de agua en los centros de población, durante la contingencia generada por el virus SARS-CoV-2 (COVID-19)",si,https://www.vonwobeser.com/index.php/publicacion?p_id=1344,si,https://www.vonwobeser.com/index.php/publication?p_id=1343,si,https://webpage-von-wobeser-2026.replit.app/news/conagua-establece-medidas-transitorias-para-garantizar-el-abastecimiento-de-agua,si,https://webpage-von-wobeser-2026.replit.app/news/conagua-establishes-temporary-measures-to-guarantee-the-supply-of-water-for-popu?lang=en,En ambas,OK,0,0,p_id ES 1344 | p_id EN 1343
2020-07,noticia,Acuerdo por el que se da a conocer el medio de difusión de los criterios para las poblaciones en situación de vulnerabilidad,si,https://www.vonwobeser.com/index.php/publicacion?p_id=1366,si,https://www.vonwobeser.com/index.php/publication?p_id=1365,si,https://webpage-von-wobeser-2026.replit.app/news/acuerdo-por-el-que-se-da-a-conocer-el-medio-de-difusion-de-los-criterios-para-la,si,https://webpage-von-wobeser-2026.replit.app/news/ruling-announcing-the-method-for-disseminating-the-standards-for-vulnerable-popu?lang=en,En ambas,OK,0,0,p_id ES 1366 | p_id EN 1365
2020-07,noticia,Actualización: Quinta ampliación de la suspensión de términos y plazos del Centro Nacional de Control de Energía,si,https://www.vonwobeser.com/index.php/publicacion?p_id=1352,si,https://www.vonwobeser.com/index.php/publication?p_id=1351,si,https://webpage-von-wobeser-2026.replit.app/news/actualizacion-quinta-ampliacion-de-la-suspension-de-terminos-y-plazos-del-centro,si,https://webpage-von-wobeser-2026.replit.app/news/update-fifth-extension-of-the-suspension-of-time-periods-for-the-national-energy?lang=en,En ambas,OK,0,0,p_id ES 1352 | p_id EN 1351
2020-07,noticia,Actualización: Concluye suspensión de términos y plazos de la Comisión Nacional de Hidrocarburos,si,https://www.vonwobeser.com/index.php/publicacion?p_id=1362,si,https://www.vonwobeser.com/index.php/publication?p_id=1361,si,https://webpage-von-wobeser-2026.replit.app/news/actualizacion-concluye-suspension-de-terminos-y-plazos-de-la-comision-nacional-d,si,https://webpage-von-wobeser-2026.replit.app/news/update-the-suspension-of-time-periods-for-the-national-hydrocarbons-commission-i?lang=en,En ambas,OK,0,0,p_id ES 1362 | p_id EN 1361
2020-06,noticia,Sexta extensión en la suspensión de las actividades de la Comisión Federal de Competencia Económica y sus procedimientos,si,https://www.vonwobeser.com/index.php/publicacion?p_id=1342,si,https://www.vonwobeser.com/index.php/publication?p_id=1341,si,https://webpage-von-wobeser-2026.replit.app/news/sexta-extension-en-la-suspension-de-las-actividades-de-la-comision-federal-de-co,si,https://webpage-von-wobeser-2026.replit.app/news/sixth-extension-of-the-suspension-in-the-activities-of-the-mexican-antitrust-com?lang=en,En ambas,OK,0,0,p_id ES 1342 | p_id EN 1341
2020-06,noticia,Se publica la versión preliminar de las “Reglamentaciones Uniformes” del T-MEC,si,https://www.vonwobeser.com/index.php/publicacion?p_id=1308,si,https://www.vonwobeser.com/index.php/publication?p_id=1307,si,https://webpage-von-wobeser-2026.replit.app/news/se-publica-la-version-preliminar-de-las-reglamentaciones-uniformes-del-t-mec,si,https://webpage-von-wobeser-2026.replit.app/news/the-preliminary-version-of-the-uniform-regulations-of-the-usmca-published?lang=en,En ambas,OK,0,0,p_id ES 1308 | p_id EN 1307
2020-06,noticia,Quinta extensión en la supensión de las actividades de la Comisión Federal de Competencia Económica y sus procedimientos,si,https://www.vonwobeser.com/index.php/publicacion?p_id=1330,si,https://www.vonwobeser.com/index.php/publication?p_id=1329,si,https://webpage-von-wobeser-2026.replit.app/news/quinta-extension-en-la-supension-de-las-actividades-de-la-comision-federal-de-co,si,https://webpage-von-wobeser-2026.replit.app/news/fifth-extension-of-the-suspension-in-the-activities-of-the-mexican-antitrust-com?lang=en,En ambas,OK,0,0,p_id ES 1330 | p_id EN 1329
2020-06,noticia,Publicación de disposiciones legales en preparación a la entrada en vigor del T-MEC,si,https://www.vonwobeser.com/index.php/publicacion?p_id=1340,si,https://www.vonwobeser.com/index.php/publication?p_id=1339,si,https://webpage-von-wobeser-2026.replit.app/news/publicacion-de-disposiciones-legales-en-preparacion-a-la-entrada-en-vigor-del-t-,si,https://webpage-von-wobeser-2026.replit.app/news/publication-of-legal-provisions-in-preparation-for-the-entrance-into-force-of-th?lang=en,En ambas,OK,0,0,p_id ES 1340 | p_id EN 1339
2020-06,noticia,Procedimientos electrónicos en materia concursal y comercial,si,https://www.vonwobeser.com/index.php/publicacion?p_id=1324,si,https://www.vonwobeser.com/index.php/publication?p_id=1323,si,https://webpage-von-wobeser-2026.replit.app/news/procedimientos-electronicos-en-materia-concursal-y-comercial,si,https://webpage-von-wobeser-2026.replit.app/news/bankruptcy-and-commercial-electronic-proceedings?lang=en,En ambas,OK,0,0,p_id ES 1324 | p_id EN 1323
2020-06,noticia,Posibles restricciones a la publicidad de alimentos y bebidas no alcohólicas que contengan sellos y leyendas de advertencia,si,https://www.vonwobeser.com/index.php/publicacion?p_id=1314,si,https://www.vonwobeser.com/index.php/publication?p_id=1313,si,https://webpage-von-wobeser-2026.replit.app/news/posibles-restricciones-a-la-publicidad-de-alimentos-y-bebidas-no-alcoholicas-que,si,https://webpage-von-wobeser-2026.replit.app/news/possible-restrictions-on-the-advertising-of-food-and-non-alcoholic-beverages-tha?lang=en,En ambas,OK,0,0,p_id ES 1314 | p_id EN 1313
2020-06,noticia,Page Knowledge Base – Pablo Jiménez: ¿Cómo una compañía cervecera nos puede unir cuando estamos alejados?,si,https://www.vonwobeser.com/index.php/publicacion?p_id=1581,si,https://www.vonwobeser.com/index.php/publication?p_id=1580,si,https://webpage-von-wobeser-2026.replit.app/news/page-knowledge-base-pablo-jimenez-como-una-compania-cervecera-nos-puede-unir-cua,si,https://webpage-von-wobeser-2026.replit.app/news/page-knowledge-base-pablo-jimenez-how-a-beer-company-can-bring-us-together-while?lang=en,En ambas,OK,0,0,p_id ES 1581 | p_id EN 1580
2020-06,noticia,Nueva extensión en la suspensión de las actividades y términos del Instituto Nacional del Derecho de Autor,si,https://www.vonwobeser.com/index.php/publicacion?p_id=1328,si,https://www.vonwobeser.com/index.php/publication?p_id=1327,si,https://webpage-von-wobeser-2026.replit.app/news/nueva-extension-en-la-suspension-de-las-actividades-y-terminos-del-instituto-nac,si,https://webpage-von-wobeser-2026.replit.app/news/new-extension-of-the-suspension-in-the-activities-and-deadlines-of-the-mexican-c?lang=en,En ambas,OK,0,0,p_id ES 1328 | p_id EN 1327
2020-06,articulo,"Latin Lawyer Insights, La Guía de Cumplimiento Corporativo, Cómo realizar investigaciones internas de presuntas infracciones",si,https://www.vonwobeser.com/index.php/publicacion?p_id=1326,si,https://www.vonwobeser.com/index.php/publication?p_id=1325,si,https://webpage-von-wobeser-2026.replit.app/news/latin-lawyer-insights-la-guia-de-cumplimiento-corporativo-como-realizar-investig,si,https://webpage-von-wobeser-2026.replit.app/news/latin-lawyer-insights-the-guide-to-corporate-compliance-how-to-conduct-internal-?lang=en,En ambas,OK,0,0,p_id ES 1326 | p_id EN 1325
2020-06,articulo,GAR Know How Commercial Arbitration 2020,si,https://www.vonwobeser.com/index.php/publicacion?p_id=1337,si,https://www.vonwobeser.com/index.php/publication?p_id=1338,si,https://webpage-von-wobeser-2026.replit.app/news/gar-know-how-commercial-arbitration-2020-3,si,https://webpage-von-wobeser-2026.replit.app/news/gar-know-how-commercial-arbitration-2020?lang=en,En ambas,OK,0,0,p_id ES 1337 | p_id EN 1338
2020-06,noticia,Extensión en la suspensión de las actividades y plazos del Tribunal Federal de Justicia Administrativa,si,https://www.vonwobeser.com/index.php/publicacion?p_id=1334,si,https://www.vonwobeser.com/index.php/publication?p_id=1333,si,https://webpage-von-wobeser-2026.replit.app/news/extension-en-la-suspension-de-las-actividades-y-plazos-del-tribunal-federal-de-j-3,si,https://webpage-von-wobeser-2026.replit.app/news/extension-of-the-suspension-in-the-activities-and-deadlines-of-the-mexican-court-2?lang=en,En ambas,OK,0,0,p_id ES 1334 | p_id EN 1333
2020-06,noticia,Extensión en la suspensión de las actividades y plazos del Tribunal Federal de Justicia Administrativa,si,https://www.vonwobeser.com/index.php/publicacion?p_id=1306,si,https://www.vonwobeser.com/index.php/publication?p_id=1305,si,https://webpage-von-wobeser-2026.replit.app/news/extension-en-la-suspension-de-las-actividades-y-plazos-del-tribunal-federal-de-j-2,si,https://webpage-von-wobeser-2026.replit.app/news/extension-of-the-suspension-in-the-activities-and-deadlines-of-the-mexican-court?lang=en,En ambas,OK,0,0,p_id ES 1306 | p_id EN 1305
2020-06,noticia,Extensión en la suspensión de las actividades y plazos del Instituto Mexicano de la Propiedad Industrial,si,https://www.vonwobeser.com/index.php/publicacion?p_id=1296,si,https://www.vonwobeser.com/index.php/publication?p_id=1295,si,https://webpage-von-wobeser-2026.replit.app/news/extension-en-la-suspension-de-las-actividades-y-plazos-del-instituto-mexicano-de,si,https://webpage-von-wobeser-2026.replit.app/news/extension-of-the-suspension-of-the-activities-and-terms-of-the-mexican-institute?lang=en,En ambas,OK,0,0,p_id ES 1296 | p_id EN 1295
2020-06,noticia,"El Socio Líder de nuestra Práctica de Energía, Edmond Grieger fue entrevistado por la publicación de energía de Mexico Business, Marco Eléctrico de México: Tema de Contención.",si,https://www.vonwobeser.com/index.php/publicacion?p_id=1318,si,https://www.vonwobeser.com/index.php/publication?p_id=1317,si,https://webpage-von-wobeser-2026.replit.app/news/el-socio-lider-de-nuestra-practica-de-energia-edmond-grieger-fue-entrevistado-po,si,https://webpage-von-wobeser-2026.replit.app/news/head-partner-of-our-energy-practice-edmond-grieger-was-interviewed-by-mexico-bus?lang=en,En ambas,OK,0,0,p_id ES 1318 | p_id EN 1317
2020-06,noticia,Diseños Industriales – México se adhiere al Sistema de la Haya,si,https://www.vonwobeser.com/index.php/publicacion?p_id=1322,si,https://www.vonwobeser.com/index.php/publication?p_id=1321,si,https://webpage-von-wobeser-2026.replit.app/news/disenos-industriales-mexico-se-adhiere-al-sistema-de-la-haya,si,https://webpage-von-wobeser-2026.replit.app/news/industrial-designs-mexico-joins-the-hague-system?lang=en,En ambas,OK,0,0,p_id ES 1322 | p_id EN 1321
2020-06,noticia,Aviso de actualización de socios o accionistas ante el Registro Federal de Contribuyentes,si,https://www.vonwobeser.com/index.php/publicacion?p_id=1336,si,https://www.vonwobeser.com/index.php/publication?p_id=1335,si,https://webpage-von-wobeser-2026.replit.app/news/aviso-de-actualizacion-de-socios-o-accionistas-ante-el-registro-federal-de-contr,si,https://webpage-von-wobeser-2026.replit.app/news/notice-to-update-partners-or-shareholders-before-the-federal-taxpayer-registry?lang=en,En ambas,OK,0,0,p_id ES 1336 | p_id EN 1335
2020-06,noticia,Actualización: Tercera ampliación de la suspensión de términos y plazos del Centro Nacional de Control de Energía,si,https://www.vonwobeser.com/index.php/publicacion?p_id=1310,si,https://www.vonwobeser.com/index.php/publication?p_id=1309,si,https://webpage-von-wobeser-2026.replit.app/news/actualizacion-tercera-ampliacion-de-la-suspension-de-terminos-y-plazos-del-centr,si,https://webpage-von-wobeser-2026.replit.app/news/update-third-extension-of-the-suspension-of-time-periods-for-the-national-energy?lang=en,En ambas,OK,0,0,p_id ES 1310 | p_id EN 1309
2020-06,noticia,Actualización: Tercera ampliación de la suspensión de términos y plazos de la Comisión Nacional de Hidrocarburos,si,https://www.vonwobeser.com/index.php/publicacion?p_id=1312,si,https://www.vonwobeser.com/index.php/publication?p_id=1311,si,https://webpage-von-wobeser-2026.replit.app/news/actualizacion-tercera-ampliacion-de-la-suspension-de-terminos-y-plazos-de-la-com,si,https://webpage-von-wobeser-2026.replit.app/news/update-third-extension-of-the-suspension-of-time-periods-for-the-national-hydroc?lang=en,En ambas,OK,0,0,p_id ES 1312 | p_id EN 1311
2020-06,noticia,Actualización: Suspensión de términos y plazos de la Secretaría de Energía y la Comisión Reguladora de Energía,si,https://www.vonwobeser.com/index.php/publicacion?p_id=1298,si,https://www.vonwobeser.com/index.php/publication?p_id=1297,si,https://webpage-von-wobeser-2026.replit.app/news/actualizacion-suspension-de-terminos-y-plazos-de-la-secretaria-de-energia-y-la-c,si,https://webpage-von-wobeser-2026.replit.app/news/update-suspension-of-legal-terms-for-the-federal-ministry-of-energy-and-the-ener?lang=en,En ambas,OK,0,0,p_id ES 1298 | p_id EN 1297
2020-06,noticia,Actualización: Suspensión de términos y plazos de la SEMARNAT y habilitación de días y horas hábiles para la ASEA y CONAGUA,si,https://www.vonwobeser.com/index.php/publicacion?p_id=1300,si,https://www.vonwobeser.com/index.php/publication?p_id=1299,si,https://webpage-von-wobeser-2026.replit.app/news/actualizacion-suspension-de-terminos-y-plazos-de-la-semarnat-y-habilitacion-de-d-2,si,https://webpage-von-wobeser-2026.replit.app/news/update-suspension-of-legal-terms-for-the-semarnat-and-enabling-of-business-days--2?lang=en,En ambas,OK,0,0,p_id ES 1300 | p_id EN 1299
2020-06,noticia,Actualización: Disposiciones de carácter general relativas a las interfaces de programación de aplicaciones informáticas estandarizadas a que hace referencia la Ley para Regular las Instituciones de Tecnología Financiera,si,https://www.vonwobeser.com/index.php/publicacion?p_id=1316,si,https://www.vonwobeser.com/index.php/publication?p_id=1315,si,https://webpage-von-wobeser-2026.replit.app/news/actualizacion-disposiciones-de-caracter-general-relativas-a-las-interfaces-de-pr,si,https://webpage-von-wobeser-2026.replit.app/news/update-general-provisions-regarding-the-standardized-computer-application-progra?lang=en,En ambas,OK,0,0,p_id ES 1316 | p_id EN 1315
2020-06,noticia,Actualización: Cuarta ampliación de la suspensión de términos y plazos del Centro Nacional de Control de Energía,si,https://www.vonwobeser.com/index.php/publicacion?p_id=1332,si,https://www.vonwobeser.com/index.php/publication?p_id=1331,si,https://webpage-von-wobeser-2026.replit.app/news/actualizacion-cuarta-ampliacion-de-la-suspension-de-terminos-y-plazos-del-centro,si,https://webpage-von-wobeser-2026.replit.app/news/update-fourth-extension-of-the-suspension-of-legal-terms-for-the-national-energy?lang=en,En ambas,OK,0,0,p_id ES 1332 | p_id EN 1331
2020-05,noticia,Uso del Arbitraje Comercial en Tiempos del COVID-19,si,https://www.vonwobeser.com/index.php/publicacion?p_id=1268,si,https://www.vonwobeser.com/index.php/publication?p_id=1267,si,https://webpage-von-wobeser-2026.replit.app/news/uso-del-arbitraje-comercial-en-tiempos-del-covid-19,si,https://webpage-von-wobeser-2026.replit.app/news/making-use-of-commercial-arbitration-in-covid-19-times?lang=en,En ambas,Roto: 1,1,0,p_id ES 1268 | p_id EN 1267
2020-05,noticia,Suspensión de plazos y términos legales del Servicio de Administración Tributaria,si,https://www.vonwobeser.com/index.php/publicacion?p_id=1264,si,https://www.vonwobeser.com/index.php/publication?p_id=1263,si,https://webpage-von-wobeser-2026.replit.app/news/suspension-de-plazos-y-terminos-legales-del-servicio-de-administracion-tributari,si,https://webpage-von-wobeser-2026.replit.app/news/suspension-of-time-periods-and-legal-terms-of-the-tax-administration-service?lang=en,En ambas,OK,0,0,p_id ES 1264 | p_id EN 1263
2020-05,noticia,Secretaría de Energía impone límites al desarrollo de energías renovables y abre la posibilidad de interponer mecanismos de defensa,si,https://www.vonwobeser.com/index.php/publicacion?p_id=1278,si,https://www.vonwobeser.com/index.php/publication?p_id=1277,si,https://webpage-von-wobeser-2026.replit.app/news/secretaria-de-energia-impone-limites-al-desarrollo-de-energias-renovables-y-abre,si,https://webpage-von-wobeser-2026.replit.app/news/ministry-of-energy-imposes-limits-on-the-development-of-renewable-energies-and-o?lang=en,En ambas,OK,0,0,p_id ES 1278 | p_id EN 1277
2020-05,noticia,"Se incluyen como actividades esenciales la fabricación de equipo de autotransporte, la minería y la construcción",si,https://www.vonwobeser.com/index.php/publicacion?p_id=1272,si,https://www.vonwobeser.com/index.php/publication?p_id=1271,si,https://webpage-von-wobeser-2026.replit.app/news/se-incluyen-como-actividades-esenciales-la-fabricacion-de-equipo-de-autotranspor,si,https://webpage-von-wobeser-2026.replit.app/news/the-manufacturing-of-transportation-equipment-mining-and-construction-are-includ?lang=en,En ambas,OK,0,0,p_id ES 1272 | p_id EN 1271
2020-05,noticia,Se establecen días y horas hábiles para la obtención y renovación del Certificado Ambiental y Certificación de Vehículos Nuevos o en su caso vehículos nuevos en planta en las diferentes modalidades,si,https://www.vonwobeser.com/index.php/publicacion?p_id=1292,si,https://www.vonwobeser.com/index.php/publication?p_id=1291,si,https://webpage-von-wobeser-2026.replit.app/news/se-establecen-dias-y-horas-habiles-para-la-obtencion-y-renovacion-del-certificad,si,https://webpage-von-wobeser-2026.replit.app/news/business-days-and-hours-are-established-for-obtaining-and-renewing-the-environme?lang=en,En ambas,OK,0,0,p_id ES 1292 | p_id EN 1291
2020-05,noticia,"Se aclara el reinicio de las actividades esenciales consistentes en la fabricación de equipo de transporte, la minería y la construcción",si,https://www.vonwobeser.com/index.php/publicacion?p_id=1276,si,https://www.vonwobeser.com/index.php/publication?p_id=1275,si,https://webpage-von-wobeser-2026.replit.app/news/se-aclara-el-reinicio-de-las-actividades-esenciales-consistentes-en-la-fabricaci,si,https://webpage-von-wobeser-2026.replit.app/news/the-resumption-of-essential-activities-consisting-of-the-manufacturing-of-traspo?lang=en,En ambas,OK,0,0,p_id ES 1276 | p_id EN 1275
2020-05,noticia,"Purpose 360 – Pablo Jiménez: Impulsando una causa con AB InBev, 2020",si,https://www.vonwobeser.com/index.php/publicacion?p_id=1579,si,https://www.vonwobeser.com/index.php/publication?p_id=1578,si,https://webpage-von-wobeser-2026.replit.app/news/purpose-360-pablo-jimenez-impulsando-una-causa-con-ab-inbev-2020,si,https://webpage-von-wobeser-2026.replit.app/news/purpose-360-pablo-jimenez-brewing-a-purpose-with-ab-inbev-2020?lang=en,En ambas,OK,0,0,p_id ES 1579 | p_id EN 1578
2020-05,noticia,Publicación de los Lineamientos Técnicos Específicos para la Reapertura de las Actividades Económicas,si,https://www.vonwobeser.com/index.php/publicacion?p_id=1294,si,https://www.vonwobeser.com/index.php/publication?p_id=1293,si,https://webpage-von-wobeser-2026.replit.app/news/publicacion-de-los-lineamientos-tecnicos-especificos-para-la-reapertura-de-las-a,si,https://webpage-von-wobeser-2026.replit.app/news/publication-of-the-specific-technical-guidelines-for-the-reopening-of-economic-a?lang=en,En ambas,OK,0,0,p_id ES 1294 | p_id EN 1293
2020-05,noticia,Publicación de la Primera Resolución de Modificaciones a la Resolución Miscelánea Fiscal para 2020,si,https://www.vonwobeser.com/index.php/publicacion?p_id=1270,si,https://www.vonwobeser.com/index.php/publication?p_id=1269,si,https://webpage-von-wobeser-2026.replit.app/news/publicacion-de-la-primera-resolucion-de-modificaciones-a-la-resolucion-miscelane,si,https://webpage-von-wobeser-2026.replit.app/news/publication-of-the-first-resolution-of-modifications-to-the-omnibus-tax-bill-for?lang=en,En ambas,OK,0,0,p_id ES 1270 | p_id EN 1269
2020-05,noticia,Lineamientos Técnicos de Seguridad Sanitaria en el Entorno Laboral,si,https://www.vonwobeser.com/index.php/publicacion?p_id=1280,si,https://www.vonwobeser.com/index.php/publication?p_id=1279,si,https://webpage-von-wobeser-2026.replit.app/news/lineamientos-tecnicos-de-seguridad-sanitaria-en-el-entorno-laboral,si,https://webpage-von-wobeser-2026.replit.app/news/technical-guidelines-on-health-safety-in-the-work-environment?lang=en,En ambas,OK,0,0,p_id ES 1280 | p_id EN 1279
2020-05,noticia,Importante transacción de un Contrato de Cobertura Eléctrica,si,https://www.vonwobeser.com/index.php/publicacion?p_id=1286,si,https://www.vonwobeser.com/index.php/publication?p_id=1285,si,https://webpage-von-wobeser-2026.replit.app/news/importante-transaccion-de-un-contrato-de-cobertura-electrica,si,https://webpage-von-wobeser-2026.replit.app/news/landmark-ppa-transaction-in-mexico-s-developing-wholesale-electrical-market?lang=en,En ambas,OK,0,0,p_id ES 1286 | p_id EN 1285
2020-05,noticia,Extensión en la suspensión de las actividades y plazos del Instituto Nacional del Derecho de Autor,si,https://www.vonwobeser.com/index.php/publicacion?p_id=1254,si,https://www.vonwobeser.com/index.php/publication?p_id=1253,si,https://webpage-von-wobeser-2026.replit.app/news/extension-en-la-suspension-de-las-actividades-y-plazos-del-instituto-nacional-de,si,https://webpage-von-wobeser-2026.replit.app/news/extension-of-the-suspension-in-the-activities-and-terms-of-the-mexican-copyright?lang=en,En ambas,OK,0,0,p_id ES 1254 | p_id EN 1253
2020-05,noticia,Cuarta extensión en la suspensión de las actividades de la Comisión Federal de Competencia Económica y sus procedimientos,si,https://www.vonwobeser.com/index.php/publicacion?p_id=1320,si,https://www.vonwobeser.com/index.php/publication?p_id=1319,si,https://webpage-von-wobeser-2026.replit.app/news/cuarta-extension-en-la-suspension-de-las-actividades-de-la-comision-federal-de-c,si,https://webpage-von-wobeser-2026.replit.app/news/fourth-extension-of-the-suspension-in-the-activities-of-the-mexican-antitrust-co?lang=en,En ambas,OK,0,0,p_id ES 1320 | p_id EN 1319
2020-05,noticia,Criterios de calificación del COVID-19 como enfermedad de trabajo,si,https://www.vonwobeser.com/index.php/publicacion?p_id=1256,si,https://www.vonwobeser.com/index.php/publication?p_id=1255,si,https://webpage-von-wobeser-2026.replit.app/news/criterios-de-calificacion-del-covid-19-como-enfermedad-de-trabajo,si,https://webpage-von-wobeser-2026.replit.app/news/criteria-for-qualifying-covid-19-as-an-occupational-illness?lang=en,En ambas,OK,0,0,p_id ES 1256 | p_id EN 1255
2020-05,noticia,Criterio normativo sobre la retención del 6% de Impuesto al Valor Agregado tratándose de ciertos servicios,si,https://www.vonwobeser.com/index.php/publicacion?p_id=1274,si,https://www.vonwobeser.com/index.php/publication?p_id=1273,si,https://webpage-von-wobeser-2026.replit.app/news/criterio-normativo-sobre-la-retencion-del-6-de-impuesto-al-valor-agregado-tratan,si,https://webpage-von-wobeser-2026.replit.app/news/normative-criterion-on-the-withholding-of-6-of-the-value-added-tax-in-the-case-o?lang=en,En ambas,OK,0,0,p_id ES 1274 | p_id EN 1273
2020-05,articulo,Consecuencias Jurídicas para el Sector Energético Mexicano Debido a COVID-19,si,https://www.vonwobeser.com/index.php/publicacion?p_id=1288,si,https://www.vonwobeser.com/index.php/publication?p_id=1287,si,https://webpage-von-wobeser-2026.replit.app/news/consecuencias-juridicas-para-el-sector-energetico-mexicano-debido-a-covid-19,si,https://webpage-von-wobeser-2026.replit.app/news/legal-consequences-for-the-mexican-energy-sector-due-to-covid-19?lang=en,En ambas,OK,0,0,p_id ES 1288 | p_id EN 1287
2020-05,noticia,"CENACE suspende pruebas preoperativas e impone límites a la transmisión de centrales eléctricas fotovoltaicas y eólicas, y abre la puerta a la promoción de medios de defensa de las empresas afectadas",si,https://www.vonwobeser.com/index.php/publicacion?p_id=1265,si,https://www.vonwobeser.com/index.php/publication?p_id=1266,si,https://webpage-von-wobeser-2026.replit.app/news/cenace-suspends-preoperative-tests-and-imposes-limits-to-the-transmission-of-sol,si,https://webpage-von-wobeser-2026.replit.app/news/cenace-suspends-preoperative-tests-and-imposes-limits-to-the-transmission-of-sol?lang=en,En ambas,OK,0,0,p_id ES 1265 | p_id EN 1266
2020-05,noticia,Audiencias Virtuales en Arbitraje: Un vistazo hacia las Reglas Institucionales,si,https://www.vonwobeser.com/index.php/publicacion?p_id=1282,si,https://www.vonwobeser.com/index.php/publication?p_id=1281,si,https://webpage-von-wobeser-2026.replit.app/news/audiencias-virtuales-en-arbitraje-un-vistazo-hacia-las-reglas-institucionales,si,https://webpage-von-wobeser-2026.replit.app/news/virtual-arbitration-hearings-a-view-across-institutional-rules?lang=en,En ambas,Roto: 9,9,0,p_id ES 1282 | p_id EN 1281
2020-05,noticia,Ampliación de la suspensión de los plazos de la CNBV,si,https://www.vonwobeser.com/index.php/publicacion?p_id=1304,si,https://www.vonwobeser.com/index.php/publication?p_id=1303,si,https://webpage-von-wobeser-2026.replit.app/news/ampliacion-de-la-suspension-de-los-plazos-de-la-cnbv,si,https://webpage-von-wobeser-2026.replit.app/news/extension-of-the-suspension-of-the-terms-periods-of-the-cnbv?lang=en,En ambas,OK,0,0,p_id ES 1304 | p_id EN 1303
2020-05,noticia,Actualización: Suspensión de términos y plazos de la SEMARNAT y habilitación de días y horas hábiles para la ASEA,si,https://www.vonwobeser.com/index.php/publicacion?p_id=1258,si,https://www.vonwobeser.com/index.php/publication?p_id=1257,si,https://webpage-von-wobeser-2026.replit.app/news/actualizacion-suspension-de-terminos-y-plazos-de-la-semarnat-y-habilitacion-de-d,si,https://webpage-von-wobeser-2026.replit.app/news/update-suspension-of-legal-terms-for-the-semarnat-and-enabling-of-business-days-?lang=en,En ambas,OK,0,0,p_id ES 1258 | p_id EN 1257
2020-05,noticia,Actualización: Segunda ampliación de la suspensión de términos y plazos de la Comisión Nacional de Hidrocarburos,si,https://www.vonwobeser.com/index.php/publicacion?p_id=1260,si,https://www.vonwobeser.com/index.php/publication?p_id=1259,si,https://webpage-von-wobeser-2026.replit.app/news/actualizacion-segunda-ampliacion-de-la-suspension-de-terminos-y-plazos-de-la-com,si,https://webpage-von-wobeser-2026.replit.app/news/update-second-extension-of-the-suspension-of-time-periods-for-the-national-hydro?lang=en,En ambas,OK,0,0,p_id ES 1260 | p_id EN 1259
2020-05,noticia,Actualización: Resolución por la que se expide la información y se dan a conocer los medios electrónicos para cumplir con obligaciones en materia de prevención de lavado de dinero,si,https://www.vonwobeser.com/index.php/publicacion?p_id=1284,si,https://www.vonwobeser.com/index.php/publication?p_id=1283,si,https://webpage-von-wobeser-2026.replit.app/news/actualizacion-resolucion-por-la-que-se-expide-la-informacion-y-se-dan-a-conocer-,si,https://webpage-von-wobeser-2026.replit.app/news/update-resolution-regarding-the-information-and-the-electronic-means-required-to?lang=en,En ambas,OK,0,0,p_id ES 1284 | p_id EN 1283
2020-04,noticia,¿Cómo sobrevivir al COVID-19? Guía para Consejeros y Directores de Empresas,si,https://www.vonwobeser.com/index.php/publicacion?p_id=1252,si,https://www.vonwobeser.com/index.php/publication?p_id=1251,si,https://webpage-von-wobeser-2026.replit.app/news/como-sobrevivir-al-covid-19-guia-para-consejeros-y-directores-de-empresas,si,https://webpage-von-wobeser-2026.replit.app/news/surviving-covid-19-a-guide-for-directors-and-corporate-managers?lang=en,En ambas,OK,0,0,p_id ES 1252 | p_id EN 1251
2020-04,noticia,Tercera extensión en la suspensión de las actividades de la Comisión Federal de Competencia Económica y sus procedimientos,si,https://www.vonwobeser.com/index.php/publicacion?p_id=1248,si,https://www.vonwobeser.com/index.php/publication?p_id=1247,si,https://webpage-von-wobeser-2026.replit.app/news/tercera-extension-en-la-suspension-de-las-actividades-de-la-comision-federal-de-,si,https://webpage-von-wobeser-2026.replit.app/news/third-extension-of-the-suspension-in-the-activities-of-the-mexican-antitrust-com?lang=en,En ambas,OK,0,0,p_id ES 1248 | p_id EN 1247
2020-04,noticia,Suspensión otorgada en un juicio de amparo en relación con las facultades del Ejecutivo Federal contempladas por el artículo 39 del Código Fiscal de la Federación,si,https://www.vonwobeser.com/index.php/publicacion?p_id=1213,si,https://www.vonwobeser.com/index.php/publication?p_id=1212,si,https://webpage-von-wobeser-2026.replit.app/news/suspension-otorgada-en-un-juicio-de-amparo-en-relacion-con-las-facultades-del-ej,si,https://webpage-von-wobeser-2026.replit.app/news/injunction-granted-in-the-amparo-proceeding-in-relation-to-the-powers-of-the-fed?lang=en,En ambas,OK,0,0,p_id ES 1213 | p_id EN 1212
2020-04,noticia,Suspensión de términos y plazos para el Centro Nacional de Control de Energía,si,https://www.vonwobeser.com/index.php/publicacion?p_id=1195,si,https://www.vonwobeser.com/index.php/publication?p_id=1194,si,https://webpage-von-wobeser-2026.replit.app/news/suspension-de-terminos-y-plazos-para-el-centro-nacional-de-control-de-energia,si,https://webpage-von-wobeser-2026.replit.app/news/suspension-of-terms-and-deadlines-for-the-mexican-energy-control-center?lang=en,En ambas,OK,0,0,p_id ES 1195 | p_id EN 1194
2020-04,noticia,Se prorroga el plazo para la emisión de la legislación sobre Cannabis,si,https://www.vonwobeser.com/index.php/publicacion?p_id=1230,si,https://www.vonwobeser.com/index.php/publication?p_id=1229,si,https://webpage-von-wobeser-2026.replit.app/news/se-prorroga-el-plazo-para-la-emision-de-la-legislacion-sobre-cannabis,si,https://webpage-von-wobeser-2026.replit.app/news/the-period-for-issuing-legislation-on-cannabis-is-extended?lang=en,En ambas,OK,0,0,p_id ES 1230 | p_id EN 1229
2020-04,noticia,Se precisa el alcance de ciertas actividades no sujetas a suspensión,si,https://www.vonwobeser.com/index.php/publicacion?p_id=1203,si,https://www.vonwobeser.com/index.php/publication?p_id=1202,si,https://webpage-von-wobeser-2026.replit.app/news/se-precisa-el-alcance-de-ciertas-actividades-no-sujetas-a-suspension,si,https://webpage-von-wobeser-2026.replit.app/news/the-scope-of-certain-activities-not-subject-to-suspension-is-specified?lang=en,En ambas,OK,0,0,p_id ES 1203 | p_id EN 1202
2020-04,noticia,Se modifica la aplicación de las acciones extraordinarias adoptadas contra el virus SARS-CoV2 (COVID-19),si,https://www.vonwobeser.com/index.php/publicacion?p_id=1240,si,https://www.vonwobeser.com/index.php/publication?p_id=1239,si,https://webpage-von-wobeser-2026.replit.app/news/se-modifica-la-aplicacion-de-las-acciones-extraordinarias-adoptadas-contra-el-vi,si,https://webpage-von-wobeser-2026.replit.app/news/the-application-of-the-extraordinary-actions-adopted-against-the-sars-cov2-virus?lang=en,En ambas,OK,0,0,p_id ES 1240 | p_id EN 1239
2020-04,noticia,Se identifican actividades esenciales reguladas y supervisadas por la Secretaria de Comunicaciones y Transportes,si,https://www.vonwobeser.com/index.php/publicacion?p_id=1211,si,https://www.vonwobeser.com/index.php/publication?p_id=1210,si,https://webpage-von-wobeser-2026.replit.app/news/se-identifican-actividades-esenciales-reguladas-y-supervisadas-por-la-secretaria,si,https://webpage-von-wobeser-2026.replit.app/news/essential-activities-regulated-and-supervised-by-the-ministry-of-communications-?lang=en,En ambas,OK,0,0,p_id ES 1211 | p_id EN 1210
2020-04,noticia,Se habilitan días y horas para trámites y procedimientos de la Secretaría de Medio Ambiente y Recursos Naturales,si,https://www.vonwobeser.com/index.php/publicacion?p_id=1209,si,https://www.vonwobeser.com/index.php/publication?p_id=1208,si,https://webpage-von-wobeser-2026.replit.app/news/se-habilitan-dias-y-horas-para-tramites-y-procedimientos-de-la-secretaria-de-med,si,https://webpage-von-wobeser-2026.replit.app/news/business-days-and-hours-are-enabled-for-acts-and-procedures-of-the-federal-minis?lang=en,En ambas,OK,0,0,p_id ES 1209 | p_id EN 1208
2020-04,noticia,"Se facilita al sector público la adquisición e importación de medicamentos, equipos e insumos médicos, necesarios para combatir la enfermedad COVID-19",si,https://www.vonwobeser.com/index.php/publicacion?p_id=1199,si,https://www.vonwobeser.com/index.php/publication?p_id=1198,si,https://webpage-von-wobeser-2026.replit.app/news/se-facilita-al-sector-publico-la-adquisicion-e-importacion-de-medicamentos-equip,si,https://webpage-von-wobeser-2026.replit.app/news/regulations-are-eased-in-the-public-sector-purchase-and-import-of-medicines-equi?lang=en,En ambas,OK,0,0,p_id ES 1199 | p_id EN 1198
2020-04,noticia,Reestructuras en época de COVID-19,si,https://www.vonwobeser.com/index.php/publicacion?p_id=1201,si,https://www.vonwobeser.com/index.php/publication?p_id=1200,si,https://webpage-von-wobeser-2026.replit.app/news/reestructuras-en-epoca-de-covid-19,si,https://webpage-von-wobeser-2026.replit.app/news/restructuring-in-covid-19-times?lang=en,En ambas,OK,0,0,p_id ES 1201 | p_id EN 1200
2020-04,noticia,Nuevos acuerdos de extensión a la suspensión deplazos y actividades de diversas autoridades en materia de Propiedad Intelectual,si,https://www.vonwobeser.com/index.php/publicacion?p_id=1236,si,https://www.vonwobeser.com/index.php/publication?p_id=1235,si,https://webpage-von-wobeser-2026.replit.app/news/nuevos-acuerdos-de-extension-a-la-suspension-deplazos-y-actividades-de-diversas-,si,https://webpage-von-wobeser-2026.replit.app/news/new-official-communications-regarding-the-extension-of-the-suspension-of-terms-a?lang=en,En ambas,OK,0,0,p_id ES 1236 | p_id EN 1235
2020-04,noticia,Medidas de Banco de México para fomentar la liquidez en el Mercado Financiero ante la pandemia de COVID-19,si,https://www.vonwobeser.com/index.php/publicacion?p_id=1246,si,https://www.vonwobeser.com/index.php/publication?p_id=1245,si,https://webpage-von-wobeser-2026.replit.app/news/medidas-de-banco-de-mexico-para-fomentar-la-liquidez-en-el-mercado-financiero-an,si,https://webpage-von-wobeser-2026.replit.app/news/mexican-central-bank-s-measures-to-promote-liquidity-in-the-financial-market-in-?lang=en,En ambas,OK,0,0,p_id ES 1246 | p_id EN 1245
2020-04,noticia,La Secretaría de Salud adopta medidas extraordinarias adicionales para hacer frente a la enfermedad del COVID-19,si,https://www.vonwobeser.com/index.php/publicacion?p_id=1193,si,https://www.vonwobeser.com/index.php/publication?p_id=1192,si,https://webpage-von-wobeser-2026.replit.app/news/la-secretaria-de-salud-adopta-medidas-extraordinarias-adicionales-para-hacer-fre,si,https://webpage-von-wobeser-2026.replit.app/news/additional-extraordinary-measures-are-adopted-by-the-health-ministry-to-confront?lang=en,En ambas,OK,0,0,p_id ES 1193 | p_id EN 1192
2020-04,noticia,Inspecciones laborales y posibles alternativas desde la perspectiva laboral para hacer frente a la emergencia sanitaria generada por el virus SARS-CoV2 (COVID-19),si,https://www.vonwobeser.com/index.php/publicacion?p_id=1242,si,https://www.vonwobeser.com/index.php/publication?p_id=1241,si,https://webpage-von-wobeser-2026.replit.app/news/inspecciones-laborales-y-posibles-alternativas-desde-la-perspectiva-laboral-para,si,https://webpage-von-wobeser-2026.replit.app/news/labor-inspections-and-alternatives-from-a-labor-perspective-for-confronting-the-?lang=en,En ambas,OK,0,0,p_id ES 1242 | p_id EN 1241
2020-04,noticia,Impacto regulatorio en alimentos y bebidas,si,https://www.vonwobeser.com/index.php/publicacion?p_id=1191,si,https://www.vonwobeser.com/index.php/publication?p_id=1190,si,https://webpage-von-wobeser-2026.replit.app/news/impacto-regulatorio-en-alimentos-y-bebidas,si,https://webpage-von-wobeser-2026.replit.app/news/regulatory-impact-in-food-and-beverages?lang=en,En ambas,OK,0,0,p_id ES 1191 | p_id EN 1190
2020-04,noticia,Guía de Orientación Jurídica por Afectaciones Derivadas del COVID-19.,si,https://www.vonwobeser.com/index.php/publicacion?p_id=1214,si,https://www.vonwobeser.com/index.php/publication?p_id=1215,si,https://webpage-von-wobeser-2026.replit.app/news/guia-de-orientacion-juridica-por-afectaciones-derivadas-del-covid-19,si,https://webpage-von-wobeser-2026.replit.app/news/legal-guide-regarding-the-impacts-of-covid-19?lang=en,En ambas,OK,0,0,p_id ES 1214 | p_id EN 1215
2020-04,noticia,Extensión en la suspensión de las actividades y plazos del Tribunal Federal de Justicia Administrativa,si,https://www.vonwobeser.com/index.php/publicacion?p_id=1302,si,https://www.vonwobeser.com/index.php/publication?p_id=1301,si,https://webpage-von-wobeser-2026.replit.app/news/extension-en-la-suspension-de-las-actividades-y-plazos-del-tribunal-federal-de-j,si,https://webpage-von-wobeser-2026.replit.app/news/extension-of-the-suspension-in-the-activities-and-terms-of-the-federal-court-of-?lang=en,En ambas,OK,0,0,p_id ES 1302 | p_id EN 1301
2020-04,noticia,Extensión en la suspensión de las actividades de la Comisión Federal de Competencia Económica y sus procedimientos,si,https://www.vonwobeser.com/index.php/publicacion?p_id=1224,si,https://www.vonwobeser.com/index.php/publication?p_id=1223,si,https://webpage-von-wobeser-2026.replit.app/news/extension-en-la-suspension-de-las-actividades-de-la-comision-federal-de-competen,si,https://webpage-von-wobeser-2026.replit.app/news/extension-of-the-suspension-in-the-activities-of-the-mexican-antitrust-commissio?lang=en,En ambas,OK,0,0,p_id ES 1224 | p_id EN 1223
2020-04,noticia,El impacto de COVID-19 en arrendamientos,si,https://www.vonwobeser.com/index.php/publicacion?p_id=1226,si,https://www.vonwobeser.com/index.php/publication?p_id=1225,si,https://webpage-von-wobeser-2026.replit.app/news/el-impacto-de-covid-19-en-arrendamientos,si,https://webpage-von-wobeser-2026.replit.app/news/the-impact-of-covid-19-on-leases?lang=en,En ambas,OK,0,0,p_id ES 1226 | p_id EN 1225
2020-04,noticia,El T-MEC entrará en vigor el 1º de julio de 2020,si,https://www.vonwobeser.com/index.php/publicacion?p_id=1244,si,https://www.vonwobeser.com/index.php/publication?p_id=1243,si,https://webpage-von-wobeser-2026.replit.app/news/el-t-mec-entrara-en-vigor-el-1-de-julio-de-2020,si,https://webpage-von-wobeser-2026.replit.app/news/the-usmca-will-enter-into-force-on-july-1-2020?lang=en,En ambas,OK,0,0,p_id ES 1244 | p_id EN 1243
2020-04,noticia,El IMPI emitió un nuevo acuerdo por medio del cual suspendió actividades,si,https://www.vonwobeser.com/index.php/publicacion?p_id=1189,si,https://www.vonwobeser.com/index.php/publication?p_id=1188,si,https://webpage-von-wobeser-2026.replit.app/news/el-impi-emitio-un-nuevo-acuerdo-por-medio-del-cual-suspendio-actividades,si,https://webpage-von-wobeser-2026.replit.app/news/the-impi-issued-a-new-statement-announcing-the-suspension-of-activities?lang=en,En ambas,OK,0,0,p_id ES 1189 | p_id EN 1188
2020-04,noticia,El CJF considera “asunto urgente” a las medidas cautelares en concursos mercantiles,si,https://www.vonwobeser.com/index.php/publicacion?p_id=1250,si,https://www.vonwobeser.com/index.php/publication?p_id=1249,si,https://webpage-von-wobeser-2026.replit.app/news/the-cjf-considers-commercial-insolvency-injunctions-as-urgent-matters,si,https://webpage-von-wobeser-2026.replit.app/news/the-cjf-considers-commercial-insolvency-injunctions-as-urgent-matters?lang=en,En ambas,OK,0,0,p_id ES 1250 | p_id EN 1249
2020-04,noticia,Difusión por parte del Instituto Mexicano del Seguro Social de los instrumentos legales y administrativos disponibles para facilitar el pago de cuotas obrero-patronales,si,https://www.vonwobeser.com/index.php/publicacion?p_id=1222,si,https://www.vonwobeser.com/index.php/publication?p_id=1221,si,https://webpage-von-wobeser-2026.replit.app/news/difusion-por-parte-del-instituto-mexicano-del-seguro-social-de-los-instrumentos-,si,https://webpage-von-wobeser-2026.replit.app/news/the-mexican-social-security-institute-informs-the-legal-and-administrative-instr?lang=en,En ambas,OK,0,0,p_id ES 1222 | p_id EN 1221
2020-04,noticia,Decreto por el que se otorgan beneficios fiscales,si,https://www.vonwobeser.com/index.php/publicacion?p_id=1238,si,https://www.vonwobeser.com/index.php/publication?p_id=1237,si,https://webpage-von-wobeser-2026.replit.app/news/decreto-por-el-que-se-otorgan-beneficios-fiscales,si,https://webpage-von-wobeser-2026.replit.app/news/decree-granting-tax-benefits?lang=en,En ambas,OK,0,0,p_id ES 1238 | p_id EN 1237
2020-04,noticia,Criterios aplicables para el desarrollo de inspecciones laborales extraordinarias durante la contingencia provocada por la presencia del virus COVID-19,si,https://www.vonwobeser.com/index.php/publicacion?p_id=1207,si,https://www.vonwobeser.com/index.php/publication?p_id=1206,si,https://webpage-von-wobeser-2026.replit.app/news/criterios-aplicables-para-el-desarrollo-de-inspecciones-laborales-extraordinaria,si,https://webpage-von-wobeser-2026.replit.app/news/criteria-applicable-for-labor-extraordinary-inspections-during-the-contingency-p?lang=en,En ambas,OK,0,0,p_id ES 1207 | p_id EN 1206
2020-04,noticia,Apoyos económicos y/o estímulos fiscales federales y estatales frente a COVID-19,si,https://www.vonwobeser.com/index.php/publicacion?p_id=1217,si,https://www.vonwobeser.com/index.php/publication?p_id=1216,si,https://webpage-von-wobeser-2026.replit.app/news/apoyos-economicos-y-o-estimulos-fiscales-federales-y-estatales-frente-a-covid-19,si,https://webpage-von-wobeser-2026.replit.app/news/economic-aid-and-or-federal-and-state-tax-relief-in-response-to-covid-19?lang=en,En ambas,OK,0,0,p_id ES 1217 | p_id EN 1216
2020-04,noticia,Análisis de las facilidades administrativas y estímulos fiscales otorgados por diversos Estados de la República,si,https://www.vonwobeser.com/index.php/publicacion?p_id=1220,si,https://www.vonwobeser.com/index.php/publication?p_id=1218,si,https://webpage-von-wobeser-2026.replit.app/news/analisis-de-las-facilidades-administrativas-y-estimulos-fiscales-otorgados-por-d,si,https://webpage-von-wobeser-2026.replit.app/news/analysis-of-the-administrative-eases-and-tax-incentives-granted-by-several-state?lang=en,En ambas,OK,0,0,p_id ES 1220 | p_id EN 1218
2020-04,noticia,"Actualización: Suspensión de términos y plazos, así como habilitación de días y horas hábiles para la Secretaría de Medio Ambiente y Recursos Naturales",si,https://www.vonwobeser.com/index.php/publicacion?p_id=1228,si,https://www.vonwobeser.com/index.php/publication?p_id=1227,si,https://webpage-von-wobeser-2026.replit.app/news/actualizacion-suspension-de-terminos-y-plazos-asi-como-habilitacion-de-dias-y-ho,si,https://webpage-von-wobeser-2026.replit.app/news/update-suspension-of-legal-terms-and-time-periods-as-well-as-enabling-of-busines?lang=en,En ambas,OK,0,0,p_id ES 1228 | p_id EN 1227
2020-04,noticia,Actualización: Suspensión de términos y plazos para la Secretaría de Energía,si,https://www.vonwobeser.com/index.php/publicacion?p_id=1234,si,https://www.vonwobeser.com/index.php/publication?p_id=1233,si,https://webpage-von-wobeser-2026.replit.app/news/actualizacion-suspension-de-terminos-y-plazos-para-la-secretaria-de-energia-2,si,https://webpage-von-wobeser-2026.replit.app/news/update-suspension-of-legal-terms-and-deadlines-for-the-federal-ministry-of-energ?lang=en,En ambas,OK,0,0,p_id ES 1234 | p_id EN 1233
2020-04,noticia,Actualización: Suspensión de términos y plazos del Centro Nacional de Control de Energía,si,https://www.vonwobeser.com/index.php/publicacion?p_id=1290,si,https://www.vonwobeser.com/index.php/publication?p_id=1289,si,https://webpage-von-wobeser-2026.replit.app/news/actualizacion-suspension-de-terminos-y-plazos-del-centro-nacional-de-control-de-,si,https://webpage-von-wobeser-2026.replit.app/news/update-suspension-of-legal-terms-and-deadlines-for-the-mexican-energy-control-ce?lang=en,En ambas,OK,0,0,p_id ES 1290 | p_id EN 1289
2020-04,noticia,"Actualización: Suspensión de términos y plazos de la Secretaría de Energía, la Comisión Reguladora de Energía y del Centro Nacional de Control de Energía",si,https://www.vonwobeser.com/index.php/publicacion?p_id=1262,si,https://www.vonwobeser.com/index.php/publication?p_id=1261,si,https://webpage-von-wobeser-2026.replit.app/news/actualizacion-suspension-de-terminos-y-plazos-de-la-secretaria-de-energia-la-com,si,https://webpage-von-wobeser-2026.replit.app/news/update-suspension-of-legal-terms-and-deadlines-for-the-federal-ministry-of-energ-2?lang=en,En ambas,OK,0,0,p_id ES 1262 | p_id EN 1261
2020-04,noticia,Actualización: Suspensión de términos y plazos de la Comisión Reguladora de Energía,si,https://www.vonwobeser.com/index.php/publicacion?p_id=1205,si,https://www.vonwobeser.com/index.php/publication?p_id=1204,si,https://webpage-von-wobeser-2026.replit.app/news/update-suspension-of-legal-terms-for-the-energy-regulatory-commission,si,https://webpage-von-wobeser-2026.replit.app/news/update-suspension-of-legal-terms-for-the-energy-regulatory-commission?lang=en,En ambas,OK,0,0,p_id ES 1205 | p_id EN 1204
2020-04,noticia,Actualización: Ampliación de la suspensión de términos y plazos de la Comisión Nacional de Hidrocarburos,si,https://www.vonwobeser.com/index.php/publicacion?p_id=1232,si,https://www.vonwobeser.com/index.php/publication?p_id=1231,si,https://webpage-von-wobeser-2026.replit.app/news/actualizacion-ampliacion-de-la-suspension-de-terminos-y-plazos-de-la-comision-na,si,https://webpage-von-wobeser-2026.replit.app/news/update-extension-of-the-suspension-of-time-periods-for-the-national-hydrocarbons?lang=en,En ambas,OK,0,0,p_id ES 1232 | p_id EN 1231
2020-03,noticia,Suspensión de términos y plazos para la Administración Pública de la Ciudad de México,si,https://www.vonwobeser.com/index.php/publicacion?p_id=1167,si,https://www.vonwobeser.com/index.php/publication?p_id=1166,si,https://webpage-von-wobeser-2026.replit.app/news/suspension-de-terminos-y-plazos-para-la-administracion-publica-de-la-ciudad-de-m,si,https://webpage-von-wobeser-2026.replit.app/news/suspension-of-terms-and-deadlines-for-mexico-city-s-public-administration?lang=en,En ambas,OK,0,0,p_id ES 1167 | p_id EN 1166
2020-03,noticia,Suspensión de términos y plazos para autoridades federales del sector energético y ambiental,si,https://www.vonwobeser.com/index.php/publicacion?p_id=1179,si,https://www.vonwobeser.com/index.php/publication?p_id=1178,si,https://webpage-von-wobeser-2026.replit.app/news/suspension-de-terminos-y-plazos-para-autoridades-federales-del-sector-energetico,si,https://webpage-von-wobeser-2026.replit.app/news/suspension-of-legal-terms-for-federal-energy-and-environmental-authorities?lang=en,En ambas,OK,0,0,p_id ES 1179 | p_id EN 1178
2020-03,noticia,Se adoptan medidas extraordinarias adicionales para hacer frente a la enfermedad del COVID-19,si,https://www.vonwobeser.com/index.php/publicacion?p_id=1187,si,https://www.vonwobeser.com/index.php/publication?p_id=1186,si,https://webpage-von-wobeser-2026.replit.app/news/se-adoptan-medidas-extraordinarias-adicionales-para-hacer-frente-a-la-enfermedad,si,https://webpage-von-wobeser-2026.replit.app/news/additional-extraordinary-measures-are-adopted-to-confront-the-covid-19-disease?lang=en,En ambas,OK,0,0,p_id ES 1187 | p_id EN 1186
2020-03,noticia,Santander desarrolla una estrategia de pagos en México,si,https://www.vonwobeser.com/index.php/publicacion?p_id=1196,no,,no,,no,,Falta en Replit,OK,0,0,p_id ES 1196
2020-03,noticia,Santander Desarrolla una Nueva Estrategia de Pagos en México,si,https://www.vonwobeser.com/index.php/publicacion?p_id=1398,si,https://www.vonwobeser.com/index.php/publication?p_id=1397,si,https://webpage-von-wobeser-2026.replit.app/news/santander-desarrolla-una-nueva-estrategia-de-pagos-en-mexico,si,https://webpage-von-wobeser-2026.replit.app/news/santander-sevelops-a-new-payment-strategy-in-mexico?lang=en,En ambas,OK,0,0,p_id ES 1398 | p_id EN 1397
2020-03,noticia,Respuesta de VWyS ante el COVID-19,si,https://www.vonwobeser.com/index.php/publicacion?p_id=1159,si,https://www.vonwobeser.com/index.php/publication?p_id=1158,si,https://webpage-von-wobeser-2026.replit.app/news/respuesta-de-vwys-ante-el-covid-19,si,https://webpage-von-wobeser-2026.replit.app/news/vwys-s-response-to-covid-19?lang=en,En ambas,OK,0,0,p_id ES 1159 | p_id EN 1158
2020-03,noticia,Posibles implicaciones en materia laboral relacionadas con el COVID-19,si,https://www.vonwobeser.com/index.php/publicacion?p_id=1155,si,https://www.vonwobeser.com/index.php/publication?p_id=1154,si,https://webpage-von-wobeser-2026.replit.app/news/posibles-implicaciones-en-materia-laboral-relacionadas-con-el-covid-19,si,https://webpage-von-wobeser-2026.replit.app/news/possible-labor-implications-of-the-covid-19?lang=en,En ambas,OK,0,0,p_id ES 1155 | p_id EN 1154
2020-03,noticia,Nueva NOM de Etiquetado de alimentos y bebidas no alcohólicas (NOM-051-SCFI/SSA1-2010),si,https://www.vonwobeser.com/index.php/publicacion?p_id=1185,si,https://www.vonwobeser.com/index.php/publication?p_id=1184,si,https://webpage-von-wobeser-2026.replit.app/news/nueva-nom-de-etiquetado-de-alimentos-y-bebidas-no-alcoholicas-nom-051-scfi-ssa1-,si,https://webpage-von-wobeser-2026.replit.app/news/new-standard-provision-for-labeling-food-and-non-alcoholic-beverages-nom-051-scf?lang=en,En ambas,OK,0,0,p_id ES 1185 | p_id EN 1184
2020-03,noticia,Nota sobre las Disposiciones Regulatorias del Programa de Inmunidad y Reducción de Sanciones,si,https://www.vonwobeser.com/index.php/publicacion?p_id=1156,si,https://www.vonwobeser.com/index.php/publication?p_id=1157,si,https://webpage-von-wobeser-2026.replit.app/news/nota-sobre-las-disposiciones-regulatorias-del-programa-de-inmunidad-y-reduccion-,si,https://webpage-von-wobeser-2026.replit.app/news/note-on-the-regulatory-provisions-of-the-immunity-and-reduction-of-sanctions-pro?lang=en,En ambas,OK,0,0,p_id ES 1156 | p_id EN 1157
2020-03,noticia,Medidas para mantener la operación de los trámites de Comercio Exterior,si,https://www.vonwobeser.com/index.php/publicacion?p_id=1183,si,https://www.vonwobeser.com/index.php/publication?p_id=1182,si,https://webpage-von-wobeser-2026.replit.app/news/medidas-para-mantener-la-operacion-de-los-tramites-de-comercio-exterior,si,https://webpage-von-wobeser-2026.replit.app/news/measures-to-maintain-foreign-trade-procedures-operating?lang=en,En ambas,OK,0,0,p_id ES 1183 | p_id EN 1182
2020-03,noticia,La entrada en vigor del T-MEC está cada vez más cerca,si,https://www.vonwobeser.com/index.php/publicacion?p_id=1161,si,https://www.vonwobeser.com/index.php/publication?p_id=1160,si,https://webpage-von-wobeser-2026.replit.app/news/la-entrada-en-vigor-del-t-mec-esta-cada-vez-mas-cerca,si,https://webpage-von-wobeser-2026.replit.app/news/entry-into-force-of-the-usmca-is-drawing-nearer?lang=en,En ambas,OK,0,0,p_id ES 1161 | p_id EN 1160
2020-03,noticia,La Secretaría de Salud anuncia medidas para hacer frente a contingencia COVID-19,si,https://www.vonwobeser.com/index.php/publicacion?p_id=1177,si,https://www.vonwobeser.com/index.php/publication?p_id=1176,si,https://webpage-von-wobeser-2026.replit.app/news/la-secretaria-de-salud-anuncia-medidas-para-hacer-frente-a-contingencia-covid-19,si,https://webpage-von-wobeser-2026.replit.app/news/the-ministry-of-health-announces-measures-to-confront-the-covid-19-contingency?lang=en,En ambas,OK,0,0,p_id ES 1177 | p_id EN 1176
2020-03,noticia,"Impacto del COVID-19 en las empresas, el cumplimiento de contratos y otras obligaciones en México",si,https://www.vonwobeser.com/index.php/publicacion?p_id=1171,si,https://www.vonwobeser.com/index.php/publication?p_id=1170,si,https://webpage-von-wobeser-2026.replit.app/news/impacto-del-covid-19-en-las-empresas-el-cumplimiento-de-contratos-y-otras-obliga,si,https://webpage-von-wobeser-2026.replit.app/news/covid-19-impact-on-companies-performance-of-contracts-and-other-obligations-in-m?lang=en,En ambas,OK,0,0,p_id ES 1171 | p_id EN 1170
2020-03,noticia,Impacto del COVID-19 en las actividades de la Comisión Federal de Competencia Económica y sus procedimientos,si,https://www.vonwobeser.com/index.php/publicacion?p_id=1163,si,https://www.vonwobeser.com/index.php/publication?p_id=1162,si,https://webpage-von-wobeser-2026.replit.app/news/impacto-del-covid-19-en-las-actividades-de-la-comision-federal-de-competencia-ec,si,https://webpage-von-wobeser-2026.replit.app/news/impacts-of-the-covid-19-in-the-activities-of-the-mexican-antitrust-commission-an?lang=en,En ambas,OK,0,0,p_id ES 1163 | p_id EN 1162
2020-03,noticia,Fe de erratas. Impacto del COVID-19 en las actividades de la Comisión Federal de Competencia Económica y sus procedimientos,si,https://www.vonwobeser.com/index.php/publicacion?p_id=1169,si,https://www.vonwobeser.com/index.php/publication?p_id=1168,si,https://webpage-von-wobeser-2026.replit.app/news/fe-de-erratas-impacto-del-covid-19-en-las-actividades-de-la-comision-federal-de-,si,https://webpage-von-wobeser-2026.replit.app/news/revised-notice-impact-of-the-covid-19-in-the-activities-of-the-mexican-antitrust?lang=en,En ambas,OK,0,0,p_id ES 1169 | p_id EN 1168
2020-03,noticia,Declaratoria de la pandemia de COVID-19 como enfermedad grave y medidas previas de respuesta,si,https://www.vonwobeser.com/index.php/publicacion?p_id=1173,si,https://www.vonwobeser.com/index.php/publication?p_id=1172,si,https://webpage-von-wobeser-2026.replit.app/news/declaratoria-de-la-pandemia-de-covid-19-como-enfermedad-grave-y-medidas-previas-,si,https://webpage-von-wobeser-2026.replit.app/news/declaration-of-the-covid-19-pandemic-as-a-serious-illness-and-advanced-response-?lang=en,En ambas,OK,0,0,p_id ES 1173 | p_id EN 1172
2020-03,noticia,COVID-19: Suspensión de términos procesales de autoridades mexicanas en materia de PI,si,https://www.vonwobeser.com/index.php/publicacion?p_id=1165,si,https://www.vonwobeser.com/index.php/publication?p_id=1164,si,https://webpage-von-wobeser-2026.replit.app/news/covid-19-suspension-de-terminos-procesales-de-autoridades-mexicanas-en-materia-d,si,https://webpage-von-wobeser-2026.replit.app/news/covid-19-ip-mexican-authorities-suspension-of-procedural-terms?lang=en,En ambas,OK,0,0,p_id ES 1165 | p_id EN 1164
2020-03,noticia,Acuerdo del IMPI del 23 de marzo de 2020,si,https://www.vonwobeser.com/index.php/publicacion?p_id=1175,si,https://www.vonwobeser.com/index.php/publication?p_id=1174,si,https://webpage-von-wobeser-2026.replit.app/news/acuerdo-del-impi-del-23-de-marzo-de-2020,si,https://webpage-von-wobeser-2026.replit.app/news/impi-s-decree-dated-march-23-2020?lang=en,En ambas,OK,0,0,p_id ES 1175 | p_id EN 1174
2020-03,noticia,Actualización: Suspensión de términos y plazos para la Secretaría de Energía,si,https://www.vonwobeser.com/index.php/publicacion?p_id=1181,si,https://www.vonwobeser.com/index.php/publication?p_id=1180,si,https://webpage-von-wobeser-2026.replit.app/news/actualizacion-suspension-de-terminos-y-plazos-para-la-secretaria-de-energia,si,https://webpage-von-wobeser-2026.replit.app/news/update-suspension-of-legal-terms-for-the-federal-ministry-of-energy?lang=en,En ambas,OK,0,0,p_id ES 1181 | p_id EN 1180
2020-02,noticia,"Von Wobeser y Sierra, S.C. es galardonada con el premio “Leading Lights 2019”",si,https://www.vonwobeser.com/index.php/publicacion?p_id=1149,si,https://www.vonwobeser.com/index.php/publication?p_id=1148,si,https://webpage-von-wobeser-2026.replit.app/news/von-wobeser-y-sierra-s-c-es-galardonada-con-el-premio-leading-lights-2019,si,https://webpage-von-wobeser-2026.replit.app/news/von-wobeser-y-sierra-s-c-awarded-with-leading-lights-2019-accolade?lang=en,En ambas,OK,0,0,p_id ES 1149 | p_id EN 1148
2020-02,noticia,"Von Wobeser y Sierra, S.C. anuncia dos nuevos Socios y una nueva Consejera",si,https://www.vonwobeser.com/index.php/publicacion?p_id=1153,si,https://www.vonwobeser.com/index.php/publication?p_id=1152,si,https://webpage-von-wobeser-2026.replit.app/news/von-wobeser-y-sierra-s-c-anuncia-dos-nuevos-socios-y-una-nueva-consejera,si,https://webpage-von-wobeser-2026.replit.app/news/von-wobeser-y-sierra-s-c-announces-two-new-partners-and-new-of-counsel?lang=en,En ambas,OK,0,0,p_id ES 1153 | p_id EN 1152
2020-02,articulo,The Practitioner's Guide to Global Investigations,si,https://www.vonwobeser.com/index.php/publicacion?p_id=1145,si,https://www.vonwobeser.com/index.php/publication?p_id=1144,si,https://webpage-von-wobeser-2026.replit.app/news/the-practitioner-s-guide-to-global-investigations-2,si,https://webpage-von-wobeser-2026.replit.app/news/the-practitioner-s-guide-to-global-investigations?lang=en,En ambas,OK,0,0,p_id ES 1145 | p_id EN 1144
2020-02,noticia,Senado de los Estados Unidos de América ratifica TMEC,si,https://www.vonwobeser.com/index.php/publicacion?p_id=1140,si,https://www.vonwobeser.com/index.php/publication?p_id=1141,si,https://webpage-von-wobeser-2026.replit.app/news/senado-de-los-estados-unidos-de-america-ratifica-tmec,si,https://webpage-von-wobeser-2026.replit.app/news/senate-of-the-united-states-of-america-approves-tmec?lang=en,En ambas,Roto: 2,2,0,p_id ES 1140 | p_id EN 1141
2020-02,noticia,Modificación propuesta a los términos para solicitar la modificación de permisos de generación de energía eléctrica,si,https://www.vonwobeser.com/index.php/publicacion?p_id=1147,si,https://www.vonwobeser.com/index.php/publication?p_id=1146,si,https://webpage-von-wobeser-2026.replit.app/news/modificacion-propuesta-a-los-terminos-para-solicitar-la-modificacion-de-permisos,si,https://webpage-von-wobeser-2026.replit.app/news/amendment-proposed-to-the-terms-for-requesting-a-change-to-permits-for-generatio?lang=en,En ambas,OK,0,0,p_id ES 1147 | p_id EN 1146
2020-02,noticia,La Secretaría de Energía actualiza la Estrategia de Transición para promover el uso de tecnologías y combustibles más limpios,si,https://www.vonwobeser.com/index.php/publicacion?p_id=1143,si,https://www.vonwobeser.com/index.php/publication?p_id=1142,si,https://webpage-von-wobeser-2026.replit.app/news/la-secretaria-de-energia-actualiza-la-estrategia-de-transicion-para-promover-el-,si,https://webpage-von-wobeser-2026.replit.app/news/the-ministry-of-energy-updates-the-transition-strategy-to-promote-the-use-of-cle?lang=en,En ambas,OK,0,0,p_id ES 1143 | p_id EN 1142
2020-02,articulo,GAR Investment Treaty Arbitration - Mexico,si,https://www.vonwobeser.com/index.php/publicacion?p_id=1151,si,https://www.vonwobeser.com/index.php/publication?p_id=1150,si,https://webpage-von-wobeser-2026.replit.app/news/gar-investment-treaty-arbitration-mexico-2,si,https://webpage-von-wobeser-2026.replit.app/news/gar-investment-treaty-arbitration-mexico?lang=en,En ambas,OK,0,0,p_id ES 1151 | p_id EN 1150
2020-01,noticia,Valores de la Unidad de Medida y Actualización (UMA) vigentes a partir del 1o de febrero de 2020,si,https://www.vonwobeser.com/index.php/publicacion?p_id=1139,si,https://www.vonwobeser.com/index.php/publication?p_id=1138,si,https://webpage-von-wobeser-2026.replit.app/news/valores-de-la-unidad-de-medida-y-actualizacion-uma-vigentes-a-partir-del-1o-de-f,si,https://webpage-von-wobeser-2026.replit.app/news/values-of-the-unit-of-measurement-and-indexing-uma-for-its-initials-in-spanish-i?lang=en,En ambas,OK,0,0,p_id ES 1139 | p_id EN 1138
2020-01,noticia,Modificaciones a disposiciones fiscales para 2020,si,https://www.vonwobeser.com/index.php/publicacion?p_id=1134,si,https://www.vonwobeser.com/index.php/publication?p_id=1135,si,https://webpage-von-wobeser-2026.replit.app/news/modificaciones-a-disposiciones-fiscales-para-2020-2,si,https://webpage-von-wobeser-2026.replit.app/news/amendments-to-tax-provisions-for-2020-2?lang=en,En ambas,OK,0,0,p_id ES 1134 | p_id EN 1135
2020-01,noticia,Diego Sierra - GRR - Restructuring of the Americas 2020 - México,si,https://www.vonwobeser.com/index.php/publicacion?p_id=1133,si,https://www.vonwobeser.com/index.php/publication?p_id=1132,si,https://webpage-von-wobeser-2026.replit.app/news/diego-sierra-grr-restructuring-of-the-americas-2020-mexico-2,si,https://webpage-von-wobeser-2026.replit.app/news/diego-sierra-grr-restructuring-of-the-americas-2020-mexico?lang=en,En ambas,OK,0,0,p_id ES 1133 | p_id EN 1132
2020-01,noticia,Centro Federal de Conciliación y Registro Laboral,si,https://www.vonwobeser.com/index.php/publicacion?p_id=1137,si,https://www.vonwobeser.com/index.php/publication?p_id=1136,si,https://webpage-von-wobeser-2026.replit.app/news/centro-federal-de-conciliacion-y-registro-laboral,si,https://webpage-von-wobeser-2026.replit.app/news/federal-conciliation-and-labor-registry-center?lang=en,En ambas,OK,0,0,p_id ES 1137 | p_id EN 1136
2019-12,noticia,Nuevo salario mínimo a partir del 1° de enero de 2020,si,https://www.vonwobeser.com/index.php/publicacion?p_id=1129,si,https://www.vonwobeser.com/index.php/publication?p_id=1128,si,https://webpage-von-wobeser-2026.replit.app/news/nuevo-salario-minimo-a-partir-del-1-de-enero-de-2020,si,https://webpage-von-wobeser-2026.replit.app/news/new-minimum-wage-as-of-january-1-2020?lang=en,En ambas,OK,0,0,p_id ES 1129 | p_id EN 1128
2019-12,noticia,Modificaciones al T-MEC,si,https://www.vonwobeser.com/index.php/publicacion?p_id=1125,si,https://www.vonwobeser.com/index.php/publication?p_id=1124,si,https://webpage-von-wobeser-2026.replit.app/news/modificaciones-al-t-mec,si,https://webpage-von-wobeser-2026.replit.app/news/amendments-to-the-usmca?lang=en,En ambas | revisar texto,Roto: 1,1,0,p_id ES 1125 | p_id EN 1124
2019-12,noticia,Modificaciones a las Reglas de Comercio Exterior emitidas por la Secretaría de Economía,si,https://www.vonwobeser.com/index.php/publicacion?p_id=1121,si,https://www.vonwobeser.com/index.php/publication?p_id=1120,si,https://webpage-von-wobeser-2026.replit.app/news/modificaciones-a-las-reglas-de-comercio-exterior-emitidas-por-la-secretaria-de-e,si,https://webpage-von-wobeser-2026.replit.app/news/changes-to-the-foreign-trade-rules-issued-by-the-ministry-of-economy?lang=en,En ambas,OK,0,0,p_id ES 1121 | p_id EN 1120
2019-12,noticia,Modificaciones a disposiciones fiscales para 2020,si,https://www.vonwobeser.com/index.php/publicacion?p_id=1123,si,https://www.vonwobeser.com/index.php/publication?p_id=1122,si,https://webpage-von-wobeser-2026.replit.app/news/modificaciones-a-disposiciones-fiscales-para-2020,si,https://webpage-von-wobeser-2026.replit.app/news/amendments-to-tax-provisions-for-2020?lang=en,En ambas,Roto: 1,1,0,p_id ES 1123 | p_id EN 1122
2019-12,noticia,Mecanismo laboral de solución de controversias incluido en el T-MEC/USMCA,si,https://www.vonwobeser.com/index.php/publicacion?p_id=1127,si,https://www.vonwobeser.com/index.php/publication?p_id=1126,si,https://webpage-von-wobeser-2026.replit.app/news/mecanismo-laboral-de-solucion-de-controversias-incluido-en-el-t-mec-usmca,si,https://webpage-von-wobeser-2026.replit.app/news/labor-dispute-settlement-mechanism-introduced-in-the-t-mec-usmca?lang=en,En ambas,OK,0,0,p_id ES 1127 | p_id EN 1126
2019-12,noticia,Adrián Magallanes & Diego Sierra - Latin Lawyer Reference Litigation 2020 - México,si,https://www.vonwobeser.com/index.php/publicacion?p_id=1131,si,https://www.vonwobeser.com/index.php/publication?p_id=1130,si,https://webpage-von-wobeser-2026.replit.app/news/adrian-magallanes-diego-sierra-latin-lawyer-reference-litigation-2020-mexico-2,si,https://webpage-von-wobeser-2026.replit.app/news/adrian-magallanes-diego-sierra-latin-lawyer-reference-litigation-2020-mexico?lang=en,En ambas,OK,0,0,p_id ES 1131 | p_id EN 1130
2019-12,noticia,AB InBev reitera su apuesta por la energía renovable en México,si,https://www.vonwobeser.com/index.php/publicacion?p_id=1197,no,,no,,no,,Falta en Replit,OK,0,0,p_id ES 1197
2019-11,articulo,"Pablo Jiménez, Gregorio Lascano – Latin Lawyer -Nunca dejes que una buena crisis se desperdicie: El papel de la cultura, la percepción y el sentido común en la gestión de crisis, 2019",si,https://www.vonwobeser.com/index.php/publicacion?p_id=1571,si,https://www.vonwobeser.com/index.php/publication?p_id=1570,si,https://webpage-von-wobeser-2026.replit.app/news/pablo-jimenez-gregorio-lascano-latin-lawyer-nunca-dejes-que-una-buena-crisis-se-,si,https://webpage-von-wobeser-2026.replit.app/news/pablo-jimenez-gregorio-lascano-latin-lawyer-never-let-a-good-crisis-go-to-waste-?lang=en,En ambas,OK,0,0,p_id ES 1571 | p_id EN 1570
2019-11,noticia,Aprobación por el Congreso de la Unión del Paquete Económico 2020,si,https://www.vonwobeser.com/index.php/publicacion?p_id=1119,si,https://www.vonwobeser.com/index.php/publication?p_id=1118,si,https://webpage-von-wobeser-2026.replit.app/news/aprobacion-por-el-congreso-de-la-union-del-paquete-economico-2020,si,https://webpage-von-wobeser-2026.replit.app/news/approval-by-the-congress-of-the-union-of-the-economic-package-2020?lang=en,En ambas,OK,0,0,p_id ES 1119 | p_id EN 1118
2019-10,noticia,Nuevo etiquetado frontal de alimentos,si,https://www.vonwobeser.com/index.php/publicacion?p_id=1112,si,https://www.vonwobeser.com/index.php/publication?p_id=1113,si,https://webpage-von-wobeser-2026.replit.app/news/nuevo-etiquetado-frontal-de-alimentos,si,https://webpage-von-wobeser-2026.replit.app/news/new-front-warning-labeling?lang=en,En ambas,OK,0,0,p_id ES 1112 | p_id EN 1113
2019-10,noticia,"NOM-035-STPS-2018, factores de riesgo psicosocial en el trabajo; identificación, análisis y prevención",si,https://www.vonwobeser.com/index.php/publicacion?p_id=1114,si,https://www.vonwobeser.com/index.php/publication?p_id=1115,si,https://webpage-von-wobeser-2026.replit.app/news/nom-035-stps-2018-factores-de-riesgo-psicosocial-en-el-trabajo-identificacion-an,si,https://webpage-von-wobeser-2026.replit.app/news/nom-035-stps-2018-psychosocial-risk-factors-at-work-identification-analysis-and-?lang=en,En ambas,OK,0,0,p_id ES 1114 | p_id EN 1115
2019-10,noticia,La Secretaría de Energía modifica los lineamientos y criterios para el otorgamiento de certificados de energías limpias,si,https://www.vonwobeser.com/index.php/publicacion?p_id=1117,si,https://www.vonwobeser.com/index.php/publication?p_id=1116,si,https://webpage-von-wobeser-2026.replit.app/news/la-secretaria-de-energia-modifica-los-lineamientos-y-criterios-para-el-otorgamie,si,https://webpage-von-wobeser-2026.replit.app/news/the-guidelines-and-criteria-for-granting-clean-energy-certificates-were-modified?lang=en,En ambas,Roto: 1,1,0,p_id ES 1117 | p_id EN 1116
2019-09,noticia,Cobro Digital (CoDi),si,https://www.vonwobeser.com/index.php/publicacion?p_id=1111,si,https://www.vonwobeser.com/index.php/publication?p_id=1110,si,https://webpage-von-wobeser-2026.replit.app/news/cobro-digital-codi,si,https://webpage-von-wobeser-2026.replit.app/news/electronic-payments-cobro-digital-codi?lang=en,En ambas,OK,0,0,p_id ES 1111 | p_id EN 1110
2019-08,noticia,Protocolo para la Legitimación de Contratos Colectivos de Trabajo,si,https://www.vonwobeser.com/index.php/publicacion?p_id=1103,si,https://www.vonwobeser.com/index.php/publication?p_id=1102,si,https://webpage-von-wobeser-2026.replit.app/news/protocolo-para-la-legitimacion-de-contratos-colectivos-de-trabajo,si,https://webpage-von-wobeser-2026.replit.app/news/protocol-for-the-legitimation-of-collective-bargaining-agreements?lang=en,En ambas,OK,0,0,p_id ES 1103 | p_id EN 1102
2019-08,noticia,Primera Resolución de Modificaciones a la Resolución Miscelánea Fiscal para 2019 y sus Anexos 1 y 1-A,si,https://www.vonwobeser.com/index.php/publicacion?p_id=1107,si,https://www.vonwobeser.com/index.php/publication?p_id=1106,si,https://webpage-von-wobeser-2026.replit.app/news/primera-resolucion-de-modificaciones-a-la-resolucion-miscelanea-fiscal-para-2019,si,https://webpage-von-wobeser-2026.replit.app/news/first-resolution-of-amendments-to-the-omnibus-tax-bill-for-2019-and-its-annexes-?lang=en,En ambas,OK,0,0,p_id ES 1107 | p_id EN 1106
2019-08,noticia,"PEP emite, para consulta pública, el Contrato de Servicios Integrales de Exploración y Extracción",si,https://www.vonwobeser.com/index.php/publicacion?p_id=1109,si,https://www.vonwobeser.com/index.php/publication?p_id=1108,si,https://webpage-von-wobeser-2026.replit.app/news/pep-emite-para-consulta-publica-el-contrato-de-servicios-integrales-de-exploraci,si,https://webpage-von-wobeser-2026.replit.app/news/pep-issues-the-exploration-and-production-integral-services-contract?lang=en,En ambas,OK,0,0,p_id ES 1109 | p_id EN 1108
2019-08,noticia,Ley Nacional de Extinción de Dominio,si,https://www.vonwobeser.com/index.php/publicacion?p_id=1105,si,https://www.vonwobeser.com/index.php/publication?p_id=1104,si,https://webpage-von-wobeser-2026.replit.app/news/ley-nacional-de-extincion-de-dominio,si,https://webpage-von-wobeser-2026.replit.app/news/national-law-asset-forfeiture?lang=en,En ambas,OK,0,0,p_id ES 1105 | p_id EN 1104
2019-07,noticia,"Reforma a la Ley Federal del Trabajo y del Seguro Social, en materia de trabajadores del hogar",si,https://www.vonwobeser.com/index.php/publicacion?p_id=1098,si,https://www.vonwobeser.com/index.php/publication?p_id=1099,si,https://webpage-von-wobeser-2026.replit.app/news/reform-of-the-federal-labor-and-social-security-laws-in-relation-to-domestic-wor,si,https://webpage-von-wobeser-2026.replit.app/news/reform-of-the-federal-labor-and-social-security-laws-in-relation-to-domestic-wor?lang=en,En ambas,OK,0,0,p_id ES 1098 | p_id EN 1099
2019-07,noticia,"Disposiciones de Carácter General en Transparencia y Sanas Prácticas, emitidas por la CONDUSEF, aplicables a las ITF",si,https://www.vonwobeser.com/index.php/publicacion?p_id=1100,si,https://www.vonwobeser.com/index.php/publication?p_id=1101,si,https://webpage-von-wobeser-2026.replit.app/news/general-transparency-and-healthy-practices-provisions-issued-by-the-condusef-app,si,https://webpage-von-wobeser-2026.replit.app/news/general-transparency-and-healthy-practices-provisions-issued-by-the-condusef-app?lang=en,En ambas,OK,0,0,p_id ES 1100 | p_id EN 1101
2019-06,noticia,Reforma en relación al otorgamiento de licencias para padres cuyos hijos hayan sido diagnosticados con cáncer,si,https://www.vonwobeser.com/index.php/publicacion?p_id=1096,si,https://www.vonwobeser.com/index.php/publication?p_id=1097,si,https://webpage-von-wobeser-2026.replit.app/news/reform-in-relation-to-the-granting-of-leave-for-parents-whose-children-have-been,si,https://webpage-von-wobeser-2026.replit.app/news/reform-in-relation-to-the-granting-of-leave-for-parents-whose-children-have-been?lang=en,En ambas,OK,0,0,p_id ES 1096 | p_id EN 1097
2019-05,noticia,Latin Lawyer- Entendiendo al Peje: lo que los abogados esperan de la presidencia de AMLO,si,https://www.vonwobeser.com/index.php/publicacion?p_id=1095,si,https://www.vonwobeser.com/index.php/publication?p_id=1094,si,https://webpage-von-wobeser-2026.replit.app/news/latin-lawyer-catching-el-peje-what-lawyers-expect-from-amlo-s-presidency,si,https://webpage-von-wobeser-2026.replit.app/news/latin-lawyer-catching-el-peje-what-lawyers-expect-from-amlo-s-presidency?lang=en,En ambas,OK,0,0,p_id ES 1095 | p_id EN 1094
2019-05,noticia,Aprobación de la Reforma Laboral en México,si,https://www.vonwobeser.com/index.php/publicacion?p_id=1090,no,,si,https://webpage-von-wobeser-2026.replit.app/news/aprobacion-de-la-reforma-laboral-en-mexico,si,https://webpage-von-wobeser-2026.replit.app/news/aprobacion-de-la-reforma-laboral-en-mexico?lang=en,En ambas | oficial en 1 idioma,OK,0,0,p_id ES 1090
2019-05,noticia,Approval of the Mexican Labor Reform,no,,si,https://www.vonwobeser.com/index.php/publication?p_id=1091,si,https://webpage-von-wobeser-2026.replit.app/news/approval-of-the-mexican-labor-reform,si,https://webpage-von-wobeser-2026.replit.app/news/approval-of-the-mexican-labor-reform?lang=en,En ambas | oficial en 1 idioma,OK,0,0,p_id EN 1091
2019-04,noticia,"Von Wobeser Antitrust practice, led by Fernando Carreño, recognized with the “Behavioral matter of the year – Americas” award by Global Competition Review (GCR)",no,,si,https://www.vonwobeser.com/index.php/publication?p_id=1066,si,https://webpage-von-wobeser-2026.replit.app/news/von-wobeser-antitrust-practice-led-by-fernando-carreno-recognized-with-the-behav,si,https://webpage-von-wobeser-2026.replit.app/news/von-wobeser-antitrust-practice-led-by-fernando-carreno-recognized-with-the-behav?lang=en,En ambas | oficial en 1 idioma,OK,0,0,p_id EN 1066
2019-04,noticia,"Resolución mediante la cual se condona el pago de adeudos, multas fiscales, recargos y gastos de ejecución y se brindan facilidades administrativas",si,https://www.vonwobeser.com/index.php/publicacion?p_id=1086,si,https://www.vonwobeser.com/index.php/publication?p_id=1087,si,https://webpage-von-wobeser-2026.replit.app/news/resolucion-mediante-la-cual-se-condona-el-pago-de-adeudos-multas-fiscales-recarg,si,https://webpage-von-wobeser-2026.replit.app/news/ruling-waiving-the-payment-of-debts-fiscal-fines-surcharges-and-enforcement-expe?lang=en,En ambas,OK,0,0,p_id ES 1086 | p_id EN 1087
2019-04,noticia,Mandatory compliance with the Network Code initiates for all medium and high voltage users connected to the grid,no,,si,https://www.vonwobeser.com/index.php/publication?p_id=1076,si,https://webpage-von-wobeser-2026.replit.app/news/mandatory-compliance-with-the-network-code-initiates-for-all-medium-and-high-vol,si,https://webpage-von-wobeser-2026.replit.app/news/mandatory-compliance-with-the-network-code-initiates-for-all-medium-and-high-vol?lang=en,En ambas | oficial en 1 idioma,OK,0,0,p_id EN 1076
2019-04,noticia,Lex Latin- Grupo Modelo invierte USD 726 millones en planta de producción en México,si,https://www.vonwobeser.com/index.php/publicacion?p_id=1070,si,https://www.vonwobeser.com/index.php/publication?p_id=1071,si,https://webpage-von-wobeser-2026.replit.app/news/lex-latin-grupo-modelo-invierte-usd-726-millones-en-planta-de-produccion-en-mexi,si,https://webpage-von-wobeser-2026.replit.app/news/lex-latin-grupo-modelo-invests-usd-726-million-in-production-plant-in-mexico?lang=en,En ambas,OK,0,0,p_id ES 1070 | p_id EN 1071
2019-04,noticia,Lex Latin- Borr Drilling es adjudicada con contrato de servicios por Pemex,si,https://www.vonwobeser.com/index.php/publicacion?p_id=1073,si,https://www.vonwobeser.com/index.php/publication?p_id=1072,si,https://webpage-von-wobeser-2026.replit.app/news/lex-latin-borr-drilling-es-adjudicada-con-contrato-de-servicios-por-pemex,si,https://webpage-von-wobeser-2026.replit.app/news/lex-latin-borr-drilling-is-awarded-a-services-contract-by-pemex?lang=en,En ambas,OK,0,0,p_id ES 1073 | p_id EN 1072
2019-04,noticia,Latin Lawyer- Von Wobeser apoya a proveedor de servicios petroleros para obtener contratos de Pemex,si,https://www.vonwobeser.com/index.php/publicacion?p_id=1075,si,https://www.vonwobeser.com/index.php/publication?p_id=1074,si,https://webpage-von-wobeser-2026.replit.app/news/latin-lawyer-von-wobeser-apoya-a-proveedor-de-servicios-petroleros-para-obtener-,si,https://webpage-von-wobeser-2026.replit.app/news/latin-lawyer-von-wobeser-helps-oil-services-provider-win-pemex-contracts?lang=en,En ambas,OK,0,0,p_id ES 1075 | p_id EN 1074
2019-04,noticia,Latin Lawyer- COFECE investiga el mercado de harina de maíz en México,si,https://www.vonwobeser.com/index.php/publicacion?p_id=1085,si,https://www.vonwobeser.com/index.php/publication?p_id=1084,si,https://webpage-von-wobeser-2026.replit.app/news/latin-lawyer-cofece-investiga-el-mercado-de-harina-de-maiz-en-mexico,si,https://webpage-von-wobeser-2026.replit.app/news/latin-lawyer-cofece-probes-mexico-corn-flour-market?lang=en,En ambas,OK,0,0,p_id ES 1085 | p_id EN 1084
2019-04,noticia,La Secretaría de Energía modifica los términos para la estricta separación legal de la Comisión Federal de Electricidad,si,https://www.vonwobeser.com/index.php/publicacion?p_id=1068,si,https://www.vonwobeser.com/index.php/publication?p_id=1069,si,https://webpage-von-wobeser-2026.replit.app/news/la-secretaria-de-energia-modifica-los-terminos-para-la-estricta-separacion-legal,si,https://webpage-von-wobeser-2026.replit.app/news/the-ministry-of-energy-modifies-the-terms-for-the-strict-legal-separation-of-the?lang=en,En ambas,OK,0,0,p_id ES 1068 | p_id EN 1069
2019-04,noticia,La Cámara de Diputados aprueba la iniciativa de reforma a la Ley Federal Trabajo,si,https://www.vonwobeser.com/index.php/publicacion?p_id=1082,si,https://www.vonwobeser.com/index.php/publication?p_id=1083,si,https://webpage-von-wobeser-2026.replit.app/news/la-camara-de-diputados-aprueba-la-iniciativa-de-reforma-a-la-ley-federal-trabajo,si,https://webpage-von-wobeser-2026.replit.app/news/the-chamber-of-deputies-passes-bill-reforming-federal-labor-law?lang=en,En ambas,OK,0,0,p_id ES 1082 | p_id EN 1083
2019-04,noticia,Inicia cumplimiento obligatorio del Código de Red para todos los usuarios en media y alta tensión conectados a la red,si,https://www.vonwobeser.com/index.php/publicacion?p_id=1077,no,,si,https://webpage-von-wobeser-2026.replit.app/news/inicia-cumplimiento-obligatorio-del-codigo-de-red-para-todos-los-usuarios-en-med,si,https://webpage-von-wobeser-2026.replit.app/news/inicia-cumplimiento-obligatorio-del-codigo-de-red-para-todos-los-usuarios-en-med?lang=en,En ambas | oficial en 1 idioma,OK,0,0,p_id ES 1077
2019-04,noticia,"El área de Competencia Económica, liderada por Fernando Carreño, es reconocida con el premio al “Asunto de abuso de dominancia del año en America” por Global Competition Review (GCR)",si,https://www.vonwobeser.com/index.php/publicacion?p_id=1067,no,,si,https://webpage-von-wobeser-2026.replit.app/news/el-area-de-competencia-economica-liderada-por-fernando-carreno-es-reconocida-con,si,https://webpage-von-wobeser-2026.replit.app/news/el-area-de-competencia-economica-liderada-por-fernando-carreno-es-reconocida-con?lang=en,En ambas | oficial en 1 idioma,OK,0,0,p_id ES 1067
2019-04,noticia,Disposiciones de Carácter General que regulan los Programas de Auto Regularización,si,https://www.vonwobeser.com/index.php/publicacion?p_id=1088,si,https://www.vonwobeser.com/index.php/publication?p_id=1089,si,https://webpage-von-wobeser-2026.replit.app/news/disposiciones-de-caracter-general-que-regulan-los-programas-de-auto-regularizaci,si,https://webpage-von-wobeser-2026.replit.app/news/general-provisions-regulating-the-aml-self-regularization-programs?lang=en,En ambas,OK,0,0,p_id ES 1088 | p_id EN 1089
2019-04,noticia,Disposiciones de Carácter General aplicables a Modelos Novedosos emitidas por la SHCP y CNBV,si,https://www.vonwobeser.com/index.php/publicacion?p_id=1078,si,https://www.vonwobeser.com/index.php/publication?p_id=1079,si,https://webpage-von-wobeser-2026.replit.app/news/disposiciones-de-caracter-general-aplicables-a-modelos-novedosos-emitidas-por-la,si,https://webpage-von-wobeser-2026.replit.app/news/provisions-applicable-to-sandboxes-issued-by-the-shcp-cnbv?lang=en,En ambas,OK,0,0,p_id ES 1078 | p_id EN 1079
2019-04,noticia,"Centralized acquisition of medicines and healing material, for the federal entities, for year 2019",no,,si,https://www.vonwobeser.com/index.php/publication?p_id=1081,si,https://webpage-von-wobeser-2026.replit.app/news/centralized-acquisition-of-medicines-and-healing-material-for-the-federal-entiti,si,https://webpage-von-wobeser-2026.replit.app/news/centralized-acquisition-of-medicines-and-healing-material-for-the-federal-entiti?lang=en,En ambas | oficial en 1 idioma,OK,0,0,p_id EN 1081
2019-04,noticia,"Adquisición centralizada de medicamentos y material de curación, por las entidades federativas, para el ejercicio 2019",si,https://www.vonwobeser.com/index.php/publicacion?p_id=1080,no,,si,https://webpage-von-wobeser-2026.replit.app/news/adquisicion-centralizada-de-medicamentos-y-material-de-curacion-por-las-entidade,si,https://webpage-von-wobeser-2026.replit.app/news/adquisicion-centralizada-de-medicamentos-y-material-de-curacion-por-las-entidade?lang=en,En ambas | oficial en 1 idioma,OK,0,0,p_id ES 1080
2019-03,noticia,Resolution amending the General Provisions applicable to Financial Technology Institutions,no,,si,https://www.vonwobeser.com/index.php/publication?p_id=1064,si,https://webpage-von-wobeser-2026.replit.app/news/resolution-amending-the-general-provisions-applicable-to-financial-technology-in,si,https://webpage-von-wobeser-2026.replit.app/news/resolution-amending-the-general-provisions-applicable-to-financial-technology-in?lang=en,En ambas | oficial en 1 idioma,OK,0,0,p_id EN 1064
2019-03,noticia,Resolución que modifica las Disposiciones de Carácter General aplicables a las Instituciones de Tecnología Financiera,si,https://www.vonwobeser.com/index.php/publicacion?p_id=1065,no,,si,https://webpage-von-wobeser-2026.replit.app/news/resolucion-que-modifica-las-disposiciones-de-caracter-general-aplicables-a-las-i,si,https://webpage-von-wobeser-2026.replit.app/news/resolucion-que-modifica-las-disposiciones-de-caracter-general-aplicables-a-las-i?lang=en,En ambas | oficial en 1 idioma,OK,0,0,p_id ES 1065
2019-03,noticia,Latin Lawyer- Fernando Carreño- Regulador de competencia económica multa a compañía de información crediticia por su negativa a negociar en México,si,https://www.vonwobeser.com/index.php/publicacion?p_id=1061,si,https://www.vonwobeser.com/index.php/publication?p_id=1060,si,https://webpage-von-wobeser-2026.replit.app/news/latin-lawyer-fernando-carreno-regulador-de-competencia-economica-multa-a-compani,si,https://webpage-von-wobeser-2026.replit.app/news/latin-lawyer-fernando-carreno-antitrust-regulator-fines-credit-data-company-for-?lang=en,En ambas,OK,0,0,p_id ES 1061 | p_id EN 1060
2019-03,noticia,Global Competition Review- Fernando Carreño- Compañía de información crediticia multada por negarse a negociar en México,si,https://www.vonwobeser.com/index.php/publicacion?p_id=1059,si,https://www.vonwobeser.com/index.php/publication?p_id=1058,si,https://webpage-von-wobeser-2026.replit.app/news/global-competition-review-fernando-carreno-credit-data-company-fined-for-refusal,si,https://webpage-von-wobeser-2026.replit.app/news/global-competition-review-fernando-carreno-credit-data-company-fined-for-refusal?lang=en,En ambas,OK,0,0,p_id ES 1059 | p_id EN 1058
2019-03,noticia,Circulars issued by the Bank of Mexico in relation to Risk Mitigation; Operations with Virtual Assets; Innovative Models and Operations in Foreign Currency,no,,si,https://www.vonwobeser.com/index.php/publication?p_id=1063,si,https://webpage-von-wobeser-2026.replit.app/news/circulars-issued-by-the-bank-of-mexico-in-relation-to-risk-mitigation-operations,si,https://webpage-von-wobeser-2026.replit.app/news/circulars-issued-by-the-bank-of-mexico-in-relation-to-risk-mitigation-operations?lang=en,En ambas | oficial en 1 idioma,OK,0,0,p_id EN 1063
2019-03,noticia,Circulares emitidas por el Banco de México en materia de Mitigación de Riesgos; Operaciones con Activos Virtuales; Modelos Novedosos y Operaciones en Moneda Extranjera,si,https://www.vonwobeser.com/index.php/publicacion?p_id=1062,no,,no,,no,,Falta en Replit,OK,0,0,p_id ES 1062
2019-02,noticia,Rankings Globales de Chambers and Partners 2019- Von Wobeser y Sierra,si,https://www.vonwobeser.com/index.php/publicacion?p_id=1056,si,https://www.vonwobeser.com/index.php/publication?p_id=1057,si,https://webpage-von-wobeser-2026.replit.app/news/rankings-globales-de-chambers-and-partners-2019-von-wobeser-y-sierra,si,https://webpage-von-wobeser-2026.replit.app/news/chambers-and-partners-global-rankings-2019-von-wobeser-y-sierra?lang=en,En ambas,OK,0,0,p_id ES 1056 | p_id EN 1057
2019-02,noticia,Nuevo mecanismo para fijar los precios máximos de venta al público de medicamentos de patente,si,https://www.vonwobeser.com/index.php/publicacion?p_id=1055,si,https://www.vonwobeser.com/index.php/publication?p_id=1054,si,https://webpage-von-wobeser-2026.replit.app/news/nuevo-mecanismo-para-fijar-los-precios-maximos-de-venta-al-publico-de-medicament,si,https://webpage-von-wobeser-2026.replit.app/news/new-mechanisms-to-establish-maximum-sale-prices-to-the-public-of-patented-medici?lang=en,En ambas,OK,0,0,p_id ES 1055 | p_id EN 1054
2019-02,noticia,Latin Lawyer- Von Wobeser & Sierra reconocido como Leading Light 2018 en relación a pro bono,si,https://www.vonwobeser.com/index.php/publicacion?p_id=1053,si,https://www.vonwobeser.com/index.php/publication?p_id=1052,si,https://webpage-von-wobeser-2026.replit.app/news/latin-lawyer-von-wobeser-sierra-reconocido-como-leading-light-2018-en-relacion-a,si,https://webpage-von-wobeser-2026.replit.app/news/latin-lawyer-von-wobeser-sierra-recognized-as-leading-light-2018-in-regards-to-p?lang=en,En ambas,Roto: 1,1,0,p_id ES 1053 | p_id EN 1052
2019-02,noticia,Criterios y Procedimiento PLD aplicables a Transmisores de Dinero,si,https://www.vonwobeser.com/index.php/publicacion?p_id=1050,si,https://www.vonwobeser.com/index.php/publication?p_id=1049,si,https://webpage-von-wobeser-2026.replit.app/news/criterios-y-procedimiento-pld-aplicables-a-transmisores-de-dinero,si,https://webpage-von-wobeser-2026.replit.app/news/aml-criteria-and-procedures-applicable-to-money-transmitters?lang=en,En ambas,OK,0,0,p_id ES 1050 | p_id EN 1049
2019-01,noticia,Valores de la Unidad de Medida y Actualización (UMA) vigentes a partir del 1º de febrero de 2019,si,https://www.vonwobeser.com/index.php/publicacion?p_id=1041,si,https://www.vonwobeser.com/index.php/publication?p_id=1042,si,https://webpage-von-wobeser-2026.replit.app/news/valores-de-la-unidad-de-medida-y-actualizacion-uma-vigentes-a-partir-del-1-de-fe,si,https://webpage-von-wobeser-2026.replit.app/news/values-of-the-unit-of-measurement-and-indexing-in-effect-as-of-february-1-2019?lang=en,En ambas,OK,0,0,p_id ES 1041 | p_id EN 1042
2019-01,noticia,Latin Lawyer- Claus von Wobeser- Consorcio del Canal de Panamá obligado a pagar,si,https://www.vonwobeser.com/index.php/publicacion?p_id=1038,si,https://www.vonwobeser.com/index.php/publication?p_id=1037,si,https://webpage-von-wobeser-2026.replit.app/news/latin-lawyer-claus-von-wobeser-consorcio-del-canal-de-panama-obligado-a-pagar,si,https://webpage-von-wobeser-2026.replit.app/news/latin-lawyer-claus-von-wobeser-panama-canal-consortium-ordered-to-pay?lang=en,En ambas,OK,0,0,p_id ES 1038 | p_id EN 1037
2019-01,noticia,Iniciativa de Reforma a la Ley Federal Trabajo,si,https://www.vonwobeser.com/index.php/publicacion?p_id=1048,si,https://www.vonwobeser.com/index.php/publication?p_id=1047,si,https://webpage-von-wobeser-2026.replit.app/news/iniciativa-de-reforma-a-la-ley-federal-trabajo,si,https://webpage-von-wobeser-2026.replit.app/news/bill-reforming-the-federal-labor-law?lang=en,En ambas,OK,0,0,p_id ES 1048 | p_id EN 1047
2019-01,noticia,Global Competition Review (GCR 100) reconoce una vez más a Von Wobeser y Sierra como Firma Elite,si,https://www.vonwobeser.com/index.php/publicacion?p_id=1045,si,https://www.vonwobeser.com/index.php/publication?p_id=1044,si,https://webpage-von-wobeser-2026.replit.app/news/global-competition-review-gcr-100-reconoce-una-vez-mas-a-von-wobeser-y-sierra-co,si,https://webpage-von-wobeser-2026.replit.app/news/global-competition-review-gcr-100-once-again-recognizes-von-wobeser-as-an-elite-?lang=en,En ambas,OK,0,0,p_id ES 1045 | p_id EN 1044
2018-12,noticia,Suprema Corte de Justicia de la Nación declara inconstitucional la exclusión de los empleados domésticos del régimen obligatorio del Instituto Mexicano del Seguro Social,si,https://www.vonwobeser.com/index.php/publicacion?p_id=1029,si,https://www.vonwobeser.com/index.php/publication?p_id=1030,si,https://webpage-von-wobeser-2026.replit.app/news/suprema-corte-de-justicia-de-la-nacion-declara-inconstitucional-la-exclusion-de-,si,https://webpage-von-wobeser-2026.replit.app/news/supreme-court-of-justice-of-the-nation-declares-the-exclusion-of-domestic-worker?lang=en,En ambas,OK,0,0,p_id ES 1029 | p_id EN 1030
2018-12,noticia,Nuevo salario mínimo general a partir del 1 de enero de 2019,si,https://www.vonwobeser.com/index.php/publicacion?p_id=1032,si,https://www.vonwobeser.com/index.php/publication?p_id=1031,si,https://webpage-von-wobeser-2026.replit.app/news/nuevo-salario-minimo-general-a-partir-del-1-de-enero-de-2019,si,https://webpage-von-wobeser-2026.replit.app/news/new-minimum-wage-as-of-january-1st-2019?lang=en,En ambas,OK,0,0,p_id ES 1032 | p_id EN 1031
2018-12,noticia,Nuevo salario mínimo a partir del 1 de enero de 2019 y creación de Salario Mínimo General Fronterizo,si,https://www.vonwobeser.com/index.php/publicacion?p_id=1028,si,https://www.vonwobeser.com/index.php/publication?p_id=1027,si,https://webpage-von-wobeser-2026.replit.app/news/nuevo-salario-minimo-a-partir-del-1-de-enero-de-2019-y-creacion-de-salario-minim,si,https://webpage-von-wobeser-2026.replit.app/news/new-minimum-wage-beginning-january-1-2019-and-creation-of-a-border-general-minim?lang=en,En ambas,OK,0,0,p_id ES 1028 | p_id EN 1027
2018-12,noticia,Global Arbitration Review- Claus von Wobeser- Consorcio del Canal de Panamá obligado a pagar,si,https://www.vonwobeser.com/index.php/publicacion?p_id=1036,si,https://www.vonwobeser.com/index.php/publication?p_id=1035,si,https://webpage-von-wobeser-2026.replit.app/news/global-arbitration-review-claus-von-wobeser-consorcio-del-canal-de-panama-obliga,si,https://webpage-von-wobeser-2026.replit.app/news/global-arbitration-review-claus-von-wobeser-panama-canal-consortium-ordered-to-p?lang=en,En ambas,OK,0,0,p_id ES 1036 | p_id EN 1035
2018-12,articulo,Diego Sierra- Global Restructuring Review- The Restructuring Review of the Americas 2019: Capítulo de México,si,https://www.vonwobeser.com/index.php/publicacion?p_id=1033,si,https://www.vonwobeser.com/index.php/publication?p_id=1034,si,https://webpage-von-wobeser-2026.replit.app/news/diego-sierra-global-restructuring-review-the-restructuring-review-of-the-america-2,si,https://webpage-von-wobeser-2026.replit.app/news/diego-sierra-global-restructuring-review-the-restructuring-review-of-the-america?lang=en,En ambas,OK,0,0,p_id ES 1033 | p_id EN 1034
2018-11,articulo,Luis Burgueño - Getting the Deal Through- Capital Privado: Inteligencia de Mercado- Capítulo sobre México 2018,si,https://www.vonwobeser.com/index.php/publicacion?p_id=1040,si,https://www.vonwobeser.com/index.php/publication?p_id=1039,si,https://webpage-von-wobeser-2026.replit.app/news/luis-burgueno-getting-the-deal-through-capital-privado-inteligencia-de-mercado-c,si,https://webpage-von-wobeser-2026.replit.app/news/luis-burgueno-getting-the-deal-through-private-equity-market-intelligence-mexico?lang=en,En ambas,OK,0,0,p_id ES 1040 | p_id EN 1039
2018-11,noticia,Latin Lawyer- Fernando Carreño- La entidad mexicana reguladora de competencia económica investiga el mercado de sistemas de cobro con tarjeta,si,https://www.vonwobeser.com/index.php/publicacion?p_id=1017,si,https://www.vonwobeser.com/index.php/publication?p_id=1016,si,https://webpage-von-wobeser-2026.replit.app/news/latin-lawyer-fernando-carreno-la-entidad-mexicana-reguladora-de-competencia-econ,si,https://webpage-von-wobeser-2026.replit.app/news/latin-lawyer-fernando-carreno-mexican-antitrust-regulator-probes-market-for-card?lang=en,En ambas,OK,0,0,p_id ES 1017 | p_id EN 1016
2018-11,noticia,Latin Lawyer- Andrés Nieto- State interventionism may spur policy advice work for law firms,no,,si,https://www.vonwobeser.com/index.php/publication?p_id=1020,si,https://webpage-von-wobeser-2026.replit.app/news/latin-lawyer-andres-nieto-state-interventionism-may-spur-policy-advice-work-for-,si,https://webpage-von-wobeser-2026.replit.app/news/latin-lawyer-andres-nieto-state-interventionism-may-spur-policy-advice-work-for-?lang=en,En ambas | oficial en 1 idioma,OK,0,0,p_id EN 1020
2018-10,noticia,Ley Orgánica de la Fiscalía General de la República,si,https://www.vonwobeser.com/index.php/publicacion?p_id=1003,si,https://www.vonwobeser.com/index.php/publication?p_id=1002,si,https://webpage-von-wobeser-2026.replit.app/news/ley-organica-de-la-fiscalia-general-de-la-republica,si,https://webpage-von-wobeser-2026.replit.app/news/organizational-law-of-the-attorney-general-s-office?lang=en,En ambas | revisar texto,OK,0,0,p_id ES 1003 | p_id EN 1002
2018-10,noticia,Latin Lawyer- Fernando Carreño- Manufacturera de acero multada por incumplimiento de compromisos de competencia económica,si,https://www.vonwobeser.com/index.php/publicacion?p_id=1007,si,https://www.vonwobeser.com/index.php/publication?p_id=1006,si,https://webpage-von-wobeser-2026.replit.app/news/latin-lawyer-fernando-carreno-manufacturera-de-acero-multada-por-incumplimiento-,si,https://webpage-von-wobeser-2026.replit.app/news/latin-lawyer-fernando-carreno-steel-manufacturer-fined-in-mexico-for-antitrust-c?lang=en,En ambas,OK,0,0,p_id ES 1007 | p_id EN 1006
2018-10,noticia,Global Arbitration Review- Adrián Magallanes- IBA revela nueva junta de oficiales,si,https://www.vonwobeser.com/index.php/publicacion?p_id=1009,si,https://www.vonwobeser.com/index.php/publication?p_id=1008,si,https://webpage-von-wobeser-2026.replit.app/news/global-arbitration-review-adrian-magallanes-iba-revela-nueva-junta-de-oficiales,si,https://webpage-von-wobeser-2026.replit.app/news/global-arbitration-review-adrian-magallanes-iba-unveils-new-slate-of-officers?lang=en,En ambas,OK,0,0,p_id ES 1009 | p_id EN 1008
2018-10,noticia,Evento: Planning Past Unconscious Bias: The ArbitralWomen Diversity Toolkit,si,https://www.vonwobeser.com/index.php/publicacion?p_id=1010,si,https://www.vonwobeser.com/index.php/publication?p_id=1011,si,https://webpage-von-wobeser-2026.replit.app/news/event-planning-past-unconscious-bias-the-arbitralwomen-diversity-toolkit,si,https://webpage-von-wobeser-2026.replit.app/news/event-planning-past-unconscious-bias-the-arbitralwomen-diversity-toolkit?lang=en,En ambas,OK,0,0,p_id ES 1010 | p_id EN 1011
2018-10,noticia,Evento: Implicaciones Jurídicas de la Terminación del Proyecto del Nuevo Aeropuerto de la CDMX,si,https://www.vonwobeser.com/index.php/publicacion?p_id=1015,si,https://www.vonwobeser.com/index.php/publication?p_id=1014,si,https://webpage-von-wobeser-2026.replit.app/news/evento-implicaciones-juridicas-de-la-terminacion-del-proyecto-del-nuevo-aeropuer,si,https://webpage-von-wobeser-2026.replit.app/news/event-legal-implications-of-the-termination-of-the-project-for-the-construction-?lang=en,En ambas,OK,0,0,p_id ES 1015 | p_id EN 1014
2018-10,articulo,"Adrián Magallanes, Diego Sierra- Latin Lawyer: Litigio 2019, Referencia de México",si,https://www.vonwobeser.com/index.php/publicacion?p_id=1013,si,https://www.vonwobeser.com/index.php/publication?p_id=1012,si,https://webpage-von-wobeser-2026.replit.app/news/adrian-magallanes-diego-sierra-latin-lawyer-litigio-2019-referencia-de-mexico,si,https://webpage-von-wobeser-2026.replit.app/news/adrian-magallanes-diego-sierra-latin-lawyer-litigation-2019-mexico-reference?lang=en,En ambas,OK,0,0,p_id ES 1013 | p_id EN 1012
2018-10,noticia,"Acuerdo entre Estado Unidos de América, México y Canadá y los aranceles al acero",si,https://www.vonwobeser.com/index.php/publicacion?p_id=1005,si,https://www.vonwobeser.com/index.php/publication?p_id=1004,si,https://webpage-von-wobeser-2026.replit.app/news/acuerdo-entre-estado-unidos-de-america-mexico-y-canada-y-los-aranceles-al-acero,si,https://webpage-von-wobeser-2026.replit.app/news/united-states-mexico-canada-agreement-and-the-steel-tariffs?lang=en,En ambas,OK,0,0,p_id ES 1005 | p_id EN 1004
2018-09,noticia,Resoluciones en materia de crédito y requerimientos de información por autoridades a Instituciones de Tecnología Financiera (ITF),si,https://www.vonwobeser.com/index.php/publicacion?p_id=993,si,https://www.vonwobeser.com/index.php/publication?p_id=992,si,https://webpage-von-wobeser-2026.replit.app/news/resoluciones-en-materia-de-credito-y-requerimientos-de-informacion-por-autoridad,si,https://webpage-von-wobeser-2026.replit.app/news/resolutions-on-credit-matters-and-information-required-by-authorities-from-finan?lang=en,En ambas,OK,0,0,p_id ES 993 | p_id EN 992
2018-09,noticia,Reformas y adiciones al Estatuto Orgánico de la Comisión Nacional para la Protección y Defensa de los Usuarios de Servicios Financieros,si,https://www.vonwobeser.com/index.php/publicacion?p_id=996,si,https://www.vonwobeser.com/index.php/publication?p_id=997,si,https://webpage-von-wobeser-2026.replit.app/news/reformas-y-adiciones-al-estatuto-organico-de-la-comision-nacional-para-la-protec,si,https://webpage-von-wobeser-2026.replit.app/news/amendments-to-the-statutory-charter-of-the-national-commission-for-the-protectio?lang=en,En ambas,OK,0,0,p_id ES 996 | p_id EN 997
2018-09,noticia,Ratificación Convenio 98 de la OIT y propuestas del Gobierno electo para cambiar el modelo laboral,si,https://www.vonwobeser.com/index.php/publicacion?p_id=998,si,https://www.vonwobeser.com/index.php/publication?p_id=999,si,https://webpage-von-wobeser-2026.replit.app/news/ratificacion-convenio-98-de-la-oit-y-propuestas-del-gobierno-electo-para-cambiar,si,https://webpage-von-wobeser-2026.replit.app/news/ratification-of-ilo-s-convention-98-and-main-proposals-of-the-elected-government?lang=en,En ambas,OK,0,0,p_id ES 998 | p_id EN 999
2018-09,noticia,"Lex Latin- Andrés Nieto, Rodolfo Trampe, Santiago Barraza & Alix Trimmer- Fondo Creation Investments invierte MXN 250 millones en financiera Pluscorp",si,https://www.vonwobeser.com/index.php/publicacion?p_id=1001,si,https://www.vonwobeser.com/index.php/publication?p_id=1000,si,https://webpage-von-wobeser-2026.replit.app/news/lex-latin-andres-nieto-rodolfo-trampe-santiago-barraza-alix-trimmer-fondo-creati,si,https://webpage-von-wobeser-2026.replit.app/news/lex-latin-andres-nieto-rodolfo-trampe-santiago-barraza-alix-trimmer-creation-inv?lang=en,En ambas,OK,0,0,p_id ES 1001 | p_id EN 1000
2018-09,noticia,"Legislación secundaria a la Ley para Regular Instituciones de Tecnología Financiera de carácter general, en materia de lavado de dinero y aplicable a las Instituciones de Fondos de Pago Electrónico",si,https://www.vonwobeser.com/index.php/publicacion?p_id=995,si,https://www.vonwobeser.com/index.php/publication?p_id=994,si,https://webpage-von-wobeser-2026.replit.app/news/legislacion-secundaria-a-la-ley-para-regular-instituciones-de-tecnologia-financi,si,https://webpage-von-wobeser-2026.replit.app/news/secondary-legislation-to-the-law-regulating-financial-technology-institutions-in?lang=en,En ambas,OK,0,0,p_id ES 995 | p_id EN 994
2018-09,noticia,Global Arbitration Review- Claus von Wobeser- Laudo en contra de la compañía eléctrica del Estado de Tanzania mantenido,si,https://www.vonwobeser.com/index.php/publicacion?p_id=991,si,https://www.vonwobeser.com/index.php/publication?p_id=990,si,https://webpage-von-wobeser-2026.replit.app/news/global-arbitration-review-claus-von-wobeser-laudo-en-contra-de-la-compania-elect,si,https://webpage-von-wobeser-2026.replit.app/news/global-arbitration-review-claus-von-wobeser-award-against-tanzanian-state-run-co?lang=en,En ambas,OK,0,0,p_id ES 991 | p_id EN 990
2018-08,noticia,Reglas secundarias a la Ley para Regular las Instituciones de Tecnología Financiera en materia de lavado de dinero y de carácter general,si,https://www.vonwobeser.com/index.php/publicacion?p_id=977,si,https://www.vonwobeser.com/index.php/publication?p_id=976,si,https://webpage-von-wobeser-2026.replit.app/news/secondary-rules-to-the-law-regulating-financial-technology-institutions-in-relat,si,https://webpage-von-wobeser-2026.replit.app/news/secondary-rules-to-the-law-regulating-financial-technology-institutions-in-relat?lang=en,En ambas,OK,0,0,p_id ES 977 | p_id EN 976
2018-08,noticia,Latin Lawyer- Fernando Carreño- Pemex multado con $22 millones de dólares por entrega tardía de reporte de auditoría,si,https://www.vonwobeser.com/index.php/publicacion?p_id=983,si,https://www.vonwobeser.com/index.php/publication?p_id=982,si,https://webpage-von-wobeser-2026.replit.app/news/latin-lawyer-fernando-carreno-pemex-multado-con-22-millones-de-dolares-por-entre,si,https://webpage-von-wobeser-2026.replit.app/news/latin-lawyer-fernando-carreno-pemex-fined-us-22-million-for-tardy-audit-report?lang=en,En ambas,OK,0,0,p_id ES 983 | p_id EN 982
2018-08,noticia,La profesora Andrea K. Bjorkland entrevistó a Claus von Wobeser,si,https://www.vonwobeser.com/index.php/publicacion?p_id=979,si,https://www.vonwobeser.com/index.php/publication?p_id=978,si,https://webpage-von-wobeser-2026.replit.app/news/professor-andrea-k-bjorkland-interviews-claus-von-wobeser,si,https://webpage-von-wobeser-2026.replit.app/news/professor-andrea-k-bjorkland-interviews-claus-von-wobeser?lang=en,En ambas,OK,0,0,p_id ES 979 | p_id EN 978
2018-08,articulo,Fernando Carreño- Vlex Legal Jurídico y Fiscal: Compliance- La competencia económica en el programa de compliance,si,https://www.vonwobeser.com/index.php/publicacion?p_id=986,si,https://www.vonwobeser.com/index.php/publication?p_id=987,si,https://webpage-von-wobeser-2026.replit.app/news/fernando-carreno-vlex-legal-juridico-y-fiscal-compliance-la-competencia-economic,si,https://webpage-von-wobeser-2026.replit.app/news/fernando-carreno-vlex-legal-juridico-y-fiscal-compliance-economic-competition-in?lang=en,En ambas,OK,0,0,p_id ES 986 | p_id EN 987
2018-08,noticia,El CENAGAS emite bases preliminares de licitación para almacenamiento estratégico de gas natural en Veracruz,si,https://www.vonwobeser.com/index.php/publicacion?p_id=988,si,https://www.vonwobeser.com/index.php/publication?p_id=989,si,https://webpage-von-wobeser-2026.replit.app/news/cenagas-issues-the-preliminary-bidding-guidelines-for-strategic-storage-of-natur,si,https://webpage-von-wobeser-2026.replit.app/news/cenagas-issues-the-preliminary-bidding-guidelines-for-strategic-storage-of-natur?lang=en,En ambas,OK,0,0,p_id ES 988 | p_id EN 989
2018-07,noticia,“Erradicar la corrupción y la impunidad será la misión principal del nuevo gobierno”: Andrés Manuel López Obrador,si,https://www.vonwobeser.com/index.php/publicacion?p_id=963,si,https://www.vonwobeser.com/index.php/publication?p_id=962,si,https://webpage-von-wobeser-2026.replit.app/news/erradicar-la-corrupcion-y-la-impunidad-sera-la-mision-principal-del-nuevo-gobier,si,https://webpage-von-wobeser-2026.replit.app/news/eradicating-corruption-and-impunity-will-be-the-principal-mission-of-the-new-gov?lang=en,En ambas,OK,0,0,p_id ES 963 | p_id EN 962
2018-07,noticia,Lex Latin- Luis Burgueño y Marisol Márquez- Monex adquiere mayoría de Arrendadora Avance en México,si,https://www.vonwobeser.com/index.php/publicacion?p_id=970,si,https://www.vonwobeser.com/index.php/publication?p_id=973,si,https://webpage-von-wobeser-2026.replit.app/news/lex-latin-luis-burgueno-marisol-marquez-monex-acquires-majority-stake-in-arrenda,si,https://webpage-von-wobeser-2026.replit.app/news/lex-latin-luis-burgueno-marisol-marquez-monex-acquires-majority-stake-in-arrenda?lang=en,En ambas,OK,0,0,p_id ES 970 | p_id EN 973
2018-07,noticia,Latin Lawyer- Luis Burgueño- El triunfo electoral de López Obrador no agobia a los abogados mexicanos,si,https://www.vonwobeser.com/index.php/publicacion?p_id=961,si,https://www.vonwobeser.com/index.php/publication?p_id=960,si,https://webpage-von-wobeser-2026.replit.app/news/latin-lawyer-luis-burgueno-lopez-obrador-s-landslide-victory-leaves-mexican-lawy,si,https://webpage-von-wobeser-2026.replit.app/news/latin-lawyer-luis-burgueno-lopez-obrador-s-landslide-victory-leaves-mexican-lawy?lang=en,En ambas,OK,0,0,p_id ES 961 | p_id EN 960
2018-07,noticia,Latin Lawyer- Fernando Carreño- Comisionados de la COFECE consideran lineamientos redundantes,si,https://www.vonwobeser.com/index.php/publicacion?p_id=969,si,https://www.vonwobeser.com/index.php/publication?p_id=968,si,https://webpage-von-wobeser-2026.replit.app/news/latin-lawyer-fernando-carreno-mexican-antitrust-commissioners-felt-guidelines-we,si,https://webpage-von-wobeser-2026.replit.app/news/latin-lawyer-fernando-carreno-mexican-antitrust-commissioners-felt-guidelines-we?lang=en,En ambas,OK,0,0,p_id ES 969 | p_id EN 968
2018-07,noticia,Las primeras disposiciones de carácter general de la Ley Fintech serán publicadas en septiembre,si,https://www.vonwobeser.com/index.php/publicacion?p_id=965,si,https://www.vonwobeser.com/index.php/publication?p_id=964,si,https://webpage-von-wobeser-2026.replit.app/news/the-first-general-provisions-of-the-fintech-law-will-be-published-in-september,si,https://webpage-von-wobeser-2026.replit.app/news/the-first-general-provisions-of-the-fintech-law-will-be-published-in-september?lang=en,En ambas,OK,0,0,p_id ES 965 | p_id EN 964
2018-07,noticia,LACCA- Claus von Wobeser- Abogados llaman a AMLO a elaborar una estrategia para combatir la corrupción,si,https://www.vonwobeser.com/index.php/publicacion?p_id=967,si,https://www.vonwobeser.com/index.php/publication?p_id=966,si,https://webpage-von-wobeser-2026.replit.app/news/lacca-claus-von-wobeser-lawyers-call-on-amlo-to-outline-anti-corruption-strategy,si,https://webpage-von-wobeser-2026.replit.app/news/lacca-claus-von-wobeser-lawyers-call-on-amlo-to-outline-anti-corruption-strategy?lang=en,En ambas,OK,0,0,p_id ES 967 | p_id EN 966
2018-07,noticia,Forbes- Diego Sierra- Especial de Abogados: Cómo atacar la corrupción,si,https://www.vonwobeser.com/index.php/publicacion?p_id=959,si,https://www.vonwobeser.com/index.php/publication?p_id=958,si,https://webpage-von-wobeser-2026.replit.app/news/forbes-diego-sierra-lawyers-special-how-to-combat-corruption,si,https://webpage-von-wobeser-2026.replit.app/news/forbes-diego-sierra-lawyers-special-how-to-combat-corruption?lang=en,En ambas,OK,0,0,p_id ES 959 | p_id EN 958
2018-07,articulo,Diego Sierra y Pablo Fautsch- Getting the Deal Through- Legal Privilege & Professional Secrecy 2018: Mexico Chapter,si,https://www.vonwobeser.com/index.php/publicacion?p_id=975,si,https://www.vonwobeser.com/index.php/publication?p_id=974,si,https://webpage-von-wobeser-2026.replit.app/news/diego-sierra-y-pablo-fautsch-getting-the-deal-through-legal-privilege-profession,si,https://webpage-von-wobeser-2026.replit.app/news/diego-sierra-pablo-fautsch-getting-the-deal-through-legal-privilege-professional?lang=en,En ambas,OK,0,0,p_id ES 975 | p_id EN 974
2018-06,noticia,Reforma exige publicación de los socios y accionistas de las sociedades de responsabilidad limitada y sociedades anónimas en México,si,https://www.vonwobeser.com/index.php/publicacion?p_id=951,si,https://www.vonwobeser.com/index.php/publication?p_id=952,si,https://webpage-von-wobeser-2026.replit.app/news/amendment-requires-publication-of-partners-and-shareholders-of-limited-liability,si,https://webpage-von-wobeser-2026.replit.app/news/amendment-requires-publication-of-partners-and-shareholders-of-limited-liability?lang=en,En ambas,OK,0,0,p_id ES 951 | p_id EN 952
2018-06,noticia,México elimina ciertas preferencias arancelarias bajo el TLCAN e incrementa los aranceles a diversos productos originarios de Estados Unidos de América,si,https://www.vonwobeser.com/index.php/publicacion?p_id=934,si,https://www.vonwobeser.com/index.php/publication?p_id=933,si,https://webpage-von-wobeser-2026.replit.app/news/mexico-elimina-ciertas-preferencias-arancelarias-bajo-el-tlcan-e-incrementa-los-,si,https://webpage-von-wobeser-2026.replit.app/news/mexico-eliminates-certain-tariff-preferences-under-nafta-and-increases-tariffs-o?lang=en,En ambas,OK,0,0,p_id ES 934 | p_id EN 933
2018-06,noticia,México anuncia la imposición de aranceles de represalia a diversos productos originarios de Estados Unidos de América,si,https://www.vonwobeser.com/index.php/publicacion?p_id=930,si,https://www.vonwobeser.com/index.php/publication?p_id=929,si,https://webpage-von-wobeser-2026.replit.app/news/mexico-anuncia-la-imposicion-de-aranceles-de-represalia-a-diversos-productos-ori,si,https://webpage-von-wobeser-2026.replit.app/news/mexico-announces-imposition-of-retaliatory-tariffs-on-various-products-originati?lang=en,En ambas,Roto: 2,2,0,p_id ES 930 | p_id EN 929
2018-06,noticia,Modificaciones a la Ley Aduanera y creación de la figura de la “Agencia Aduanal”,si,https://www.vonwobeser.com/index.php/publicacion?p_id=957,si,https://www.vonwobeser.com/index.php/publication?p_id=956,si,https://webpage-von-wobeser-2026.replit.app/news/amendments-to-the-customs-law-and-creation-of-the-customs-agency,si,https://webpage-von-wobeser-2026.replit.app/news/amendments-to-the-customs-law-and-creation-of-the-customs-agency?lang=en,En ambas,OK,0,0,p_id ES 957 | p_id EN 956
2018-06,noticia,Lex Latin- Edmond Grieger y Ariel Garfio- Von Wobeser asesora a Faurecia en contrato de energías limpias,si,https://www.vonwobeser.com/index.php/publicacion?p_id=945,si,https://www.vonwobeser.com/index.php/publication?p_id=946,si,https://webpage-von-wobeser-2026.replit.app/news/lex-latin-edmond-grieger-y-ariel-garfio-von-wobeser-asesora-a-faurecia-en-contra,si,https://webpage-von-wobeser-2026.replit.app/news/lex-latin-edmond-grieger-ariel-garfio-von-wobeser-advised-faurecia-regarding-a-c?lang=en,En ambas,OK,0,0,p_id ES 945 | p_id EN 946
2018-06,noticia,Lex Latin- Edmond Grieger y Ariel Garfio- Invenergy vende electricidad al Cenace con asesoría de Von Wobeser,si,https://www.vonwobeser.com/index.php/publicacion?p_id=941,si,https://www.vonwobeser.com/index.php/publication?p_id=942,si,https://webpage-von-wobeser-2026.replit.app/news/lex-latin-edmond-grieger-y-ariel-garfio-invenergy-vende-electricidad-al-cenace-c,si,https://webpage-von-wobeser-2026.replit.app/news/lex-latin-edmond-grieger-ariel-garfio-invenergy-sells-electricity-to-the-mexican?lang=en,En ambas,OK,0,0,p_id ES 941 | p_id EN 942
2018-06,noticia,Latin Lawyer- Fernando Carreño- Comentan especialistas que México podría desechar los lineamientos de alianzas estratégicas en relación a competencia económica,si,https://www.vonwobeser.com/index.php/publicacion?p_id=950,si,https://www.vonwobeser.com/index.php/publication?p_id=949,si,https://webpage-von-wobeser-2026.replit.app/news/latin-lawyer-fernando-carreno-comentan-especialistas-que-mexico-podria-desechar-,si,https://webpage-von-wobeser-2026.replit.app/news/latin-lawyer-fernando-carreno-mexico-could-scrap-jv-competition-guidelines-obser?lang=en,En ambas,OK,0,0,p_id ES 950 | p_id EN 949
2018-06,noticia,La SEMARNAT expide la nueva Ley General de Desarrollo Forestal Sustentable,si,https://www.vonwobeser.com/index.php/publicacion?p_id=938,si,https://www.vonwobeser.com/index.php/publication?p_id=937,si,https://webpage-von-wobeser-2026.replit.app/news/la-semarnat-expide-la-nueva-ley-general-de-desarrollo-forestal-sustentable,si,https://webpage-von-wobeser-2026.replit.app/news/the-semarnat-issues-the-new-general-sustainable-forestry-development-law?lang=en,En ambas,OK,0,0,p_id ES 938 | p_id EN 937
2018-06,noticia,Global Competition Review- Fernando Carreño- Bayer/Monsanto recibe luz verde,si,https://www.vonwobeser.com/index.php/publicacion?p_id=936,si,https://www.vonwobeser.com/index.php/publication?p_id=935,si,https://webpage-von-wobeser-2026.replit.app/news/global-competition-review-fernando-carreno-bayer-monsanto-recibe-luz-verde,si,https://webpage-von-wobeser-2026.replit.app/news/global-competition-review-fernando-carreno-bayer-monsanto-given-final-greenlight?lang=en,En ambas,OK,0,0,p_id ES 936 | p_id EN 935
2018-05,noticia,Reglamento General de Protección de Datos (RGDP),si,https://www.vonwobeser.com/index.php/publicacion?p_id=913,si,https://www.vonwobeser.com/index.php/publication?p_id=914,si,https://webpage-von-wobeser-2026.replit.app/news/reglamento-general-de-proteccion-de-datos-rgdp,si,https://webpage-von-wobeser-2026.replit.app/news/general-data-protection-regulation-gdpr?lang=en,En ambas,OK,0,0,p_id ES 913 | p_id EN 914
2018-05,noticia,México aprueba el “Acuerdo Global y Progresivo para la Asociación Transpacífico”,si,https://www.vonwobeser.com/index.php/publicacion?p_id=912,si,https://www.vonwobeser.com/index.php/publication?p_id=911,si,https://webpage-von-wobeser-2026.replit.app/news/mexico-aprueba-el-acuerdo-global-y-progresivo-para-la-asociacion-transpacifico,si,https://webpage-von-wobeser-2026.replit.app/news/mexico-approves-the-comprehensive-and-progressive-agreement-for-trans-pacific-pa?lang=en,En ambas,OK,0,0,p_id ES 912 | p_id EN 911
2018-05,noticia,Latin Lawyer- Fernando Carreño- El programa de lenidad de México como amenaza a la competencia económica,si,https://www.vonwobeser.com/index.php/publicacion?p_id=928,si,https://www.vonwobeser.com/index.php/publication?p_id=927,si,https://webpage-von-wobeser-2026.replit.app/news/latin-lawyer-fernando-carreno-el-programa-de-lenidad-de-mexico-como-amenaza-a-la,si,https://webpage-von-wobeser-2026.replit.app/news/latin-lawyer-fernando-carreno-mexico-anticorruption-leniency-programme-could-thr?lang=en,En ambas,OK,0,0,p_id ES 928 | p_id EN 927
2018-05,noticia,Evento: LCIA in Mexico - Introduction and Discussion Panel,si,https://www.vonwobeser.com/index.php/publicacion?p_id=924,si,https://www.vonwobeser.com/index.php/publication?p_id=923,si,https://webpage-von-wobeser-2026.replit.app/news/evento-lcia-in-mexico-introduction-and-discussion-panel,si,https://webpage-von-wobeser-2026.replit.app/news/event-lcia-in-mexico-introduction-and-discussion-panel?lang=en,En ambas,OK,0,0,p_id ES 924 | p_id EN 923
2018-04,articulo,Silverio Sandate- Globe Law and Business- Instituciones Educativas: Capítulo de México,si,https://www.vonwobeser.com/index.php/publicacion?p_id=955,si,https://www.vonwobeser.com/index.php/publication?p_id=954,si,https://webpage-von-wobeser-2026.replit.app/news/silverio-sandate-globe-law-and-business-instituciones-educativas-capitulo-de-mex,si,https://webpage-von-wobeser-2026.replit.app/news/silverio-sandate-globe-law-and-business-educational-institutions-mexico-chapter?lang=en,En ambas,OK,0,0,p_id ES 955 | p_id EN 954
2018-04,noticia,Pablo Jiménez – Reforma – Agua Capital: por un México con Agua,si,https://www.vonwobeser.com/index.php/publicacion?p_id=1577,si,https://www.vonwobeser.com/index.php/publication?p_id=1576,si,https://webpage-von-wobeser-2026.replit.app/news/pablo-jimenez-reforma-agua-capital-por-un-mexico-con-agua,si,https://webpage-von-wobeser-2026.replit.app/news/pablo-jimenez-reforma-agua-capital-for-a-mexico-with-water?lang=en,En ambas,OK,0,0,p_id ES 1577 | p_id EN 1576
2018-04,noticia,"Fernando Carreño, es reconocido “Abogado del año - con menos de 40 años” por Global Competition Review (GCR)",si,https://www.vonwobeser.com/index.php/publicacion?p_id=944,si,https://www.vonwobeser.com/index.php/publication?p_id=943,si,https://webpage-von-wobeser-2026.replit.app/news/fernando-carreno-es-reconocido-abogado-del-ano-con-menos-de-40-anos-por-global-c,si,https://webpage-von-wobeser-2026.replit.app/news/fernando-carreno-awarded-lawyer-of-the-year-under-40-by-global-competition-revie?lang=en,En ambas,OK,0,0,p_id ES 944 | p_id EN 943
2018-04,articulo,Andrés Nieto- The Private Equity Review 7th Edition- Invirtiendo: Capítulo sobre México,si,https://www.vonwobeser.com/index.php/publicacion?p_id=916,si,https://www.vonwobeser.com/index.php/publication?p_id=915,si,https://webpage-von-wobeser-2026.replit.app/news/andres-nieto-the-private-equity-review-7th-edition-invirtiendo-capitulo-sobre-me,si,https://webpage-von-wobeser-2026.replit.app/news/andres-nieto-the-private-equity-review-7th-edition-investing-mexico-chapter?lang=en,En ambas,OK,0,0,p_id ES 916 | p_id EN 915
2018-03,noticia,La Comisión Federal de Electricidad publicó las bases de la licitación para la primer línea de transmisión en corriente directa.,si,https://www.vonwobeser.com/index.php/publicacion?p_id=902,si,https://www.vonwobeser.com/index.php/publication?p_id=901,si,https://webpage-von-wobeser-2026.replit.app/news/la-comision-federal-de-electricidad-publico-las-bases-de-la-licitacion-para-la-p,si,https://webpage-von-wobeser-2026.replit.app/news/the-federal-electricity-commission-published-the-bidding-terms-for-the-first-dir?lang=en,En ambas,OK,0,0,p_id ES 902 | p_id EN 901
2018-03,noticia,Firma del “Acuerdo Global y Progresivo para la Asociación Transpacífico”,si,https://www.vonwobeser.com/index.php/publicacion?p_id=908,si,https://www.vonwobeser.com/index.php/publication?p_id=907,si,https://webpage-von-wobeser-2026.replit.app/news/firma-del-acuerdo-global-y-progresivo-para-la-asociacion-transpacifico,si,https://webpage-von-wobeser-2026.replit.app/news/signing-of-the-comprehensive-and-progressive-agreement-for-trans-pacific-partner?lang=en,En ambas | revisar texto,OK,0,0,p_id ES 908 | p_id EN 907
2018-03,noticia,Aprobación de la Ley Fintech mexicana,si,https://www.vonwobeser.com/index.php/publicacion?p_id=904,si,https://www.vonwobeser.com/index.php/publication?p_id=903,si,https://webpage-von-wobeser-2026.replit.app/news/aprobacion-de-la-ley-fintech-mexicana,si,https://webpage-von-wobeser-2026.replit.app/news/approval-of-the-mexican-fintech-act?lang=en,En ambas,OK,0,0,p_id ES 904 | p_id EN 903
2018-02,noticia,Necesidad de optimizar programas de compliance a la luz de la iniciativa de reforma del artículo 102 Constitucional.,si,https://www.vonwobeser.com/index.php/publicacion?p_id=900,si,https://www.vonwobeser.com/index.php/publication?p_id=899,si,https://webpage-von-wobeser-2026.replit.app/news/necesidad-de-optimizar-programas-de-compliance-a-la-luz-de-la-iniciativa-de-refo,si,https://webpage-von-wobeser-2026.replit.app/news/companies-in-mexico-should-enhance-their-compliance-programs-in-light-of-the-cri?lang=en,En ambas | revisar texto,OK,0,0,p_id ES 900 | p_id EN 899
2018-02,noticia,Latin Lawyer- Despachos mexicanos promueven nuevos socios,si,https://www.vonwobeser.com/index.php/publicacion?p_id=886,si,https://www.vonwobeser.com/index.php/publication?p_id=885,si,https://webpage-von-wobeser-2026.replit.app/news/latin-lawyer-despachos-mexicanos-promueven-nuevos-socios,si,https://webpage-von-wobeser-2026.replit.app/news/latin-lawyer-mexican-firms-make-new-partners?lang=en,En ambas,OK,0,0,p_id ES 886 | p_id EN 885
2018-02,noticia,La Secretaría de Energía emite el manual para la interconexión de Centrales Eléctricas y conexión de Centros de Carga.,si,https://www.vonwobeser.com/index.php/publicacion?p_id=893,si,https://www.vonwobeser.com/index.php/publication?p_id=894,si,https://webpage-von-wobeser-2026.replit.app/news/la-secretaria-de-energia-emite-el-manual-para-la-interconexion-de-centrales-elec,si,https://webpage-von-wobeser-2026.replit.app/news/the-ministry-of-energy-issues-the-manual-for-the-interconnection-of-power-plants?lang=en,En ambas,OK,0,0,p_id ES 893 | p_id EN 894
2018-02,noticia,La Secretaría de Energía convoca a la licitación pública internacional para interconectar los sistemas eléctricos mexicanos.,si,https://www.vonwobeser.com/index.php/publicacion?p_id=897,si,https://www.vonwobeser.com/index.php/publication?p_id=898,si,https://webpage-von-wobeser-2026.replit.app/news/la-secretaria-de-energia-convoca-a-la-licitacion-publica-internacional-para-inte,si,https://webpage-von-wobeser-2026.replit.app/news/the-ministry-of-energy-calls-for-the-international-public-bid-for-the-interconne?lang=en,En ambas,OK,0,0,p_id ES 897 | p_id EN 898
2018-02,noticia,La Comisión Nacional de Hidrocarburos emite la convocatoria y bases de la segunda licitación de la ronda 3 para yacimientos terrestres.,si,https://www.vonwobeser.com/index.php/publicacion?p_id=889,si,https://www.vonwobeser.com/index.php/publication?p_id=890,si,https://webpage-von-wobeser-2026.replit.app/news/la-comision-nacional-de-hidrocarburos-emite-la-convocatoria-y-bases-de-la-segund,si,https://webpage-von-wobeser-2026.replit.app/news/the-national-hydrocarbons-commission-issues-call-and-rules-for-the-second-tender?lang=en,En ambas,OK,0,0,p_id ES 889 | p_id EN 890
2018-02,noticia,Iniciativa Ciudadana de reforma: Apartado A del Artículo 102° Constitucional a la luz de la responsabilidad penal de las personas morales,si,https://www.vonwobeser.com/index.php/publicacion?p_id=896,si,https://www.vonwobeser.com/index.php/publication?p_id=895,si,https://webpage-von-wobeser-2026.replit.app/news/iniciativa-ciudadana-de-reforma-apartado-a-del-articulo-102-constitucional-a-la-,si,https://webpage-von-wobeser-2026.replit.app/news/citizens-initiative-to-amend-section-a-of-article-102-of-the-mexican-constitutio?lang=en,En ambas,OK,0,0,p_id ES 896 | p_id EN 895
2018-02,noticia,"Fernando Carreño, nominado como “Abogado del año"" con menos de 40 años por Global Competition Review (GCR)",si,https://www.vonwobeser.com/index.php/publicacion?p_id=891,si,https://www.vonwobeser.com/index.php/publication?p_id=892,si,https://webpage-von-wobeser-2026.replit.app/news/fernando-carreno-nominado-como-abogado-del-ano-con-menos-de-40-anos-por-global-c,si,https://webpage-von-wobeser-2026.replit.app/news/fernando-carreno-nominated-as-lawyer-of-the-year-under-40-by-global-competition-?lang=en,En ambas,OK,0,0,p_id ES 891 | p_id EN 892
2018-01,noticia,"Von Wobeser y Sierra, S.C. anuncia nuevos socios para 2018",si,https://www.vonwobeser.com/index.php/publicacion?p_id=881,si,https://www.vonwobeser.com/index.php/publication?p_id=882,si,https://webpage-von-wobeser-2026.replit.app/news/von-wobeser-y-sierra-s-c-anuncia-nuevos-socios-para-2018,si,https://webpage-von-wobeser-2026.replit.app/news/von-wobeser-y-sierra-new-partner-announcements-for-2018?lang=en,En ambas,OK,0,0,p_id ES 881 | p_id EN 882
2018-01,noticia,Von Wobeser y Sierra recibió el reconocimiento de Leading Lights 2017,si,https://www.vonwobeser.com/index.php/publicacion?p_id=874,si,https://www.vonwobeser.com/index.php/publication?p_id=873,si,https://webpage-von-wobeser-2026.replit.app/news/von-wobeser-y-sierra-recibio-el-reconocimiento-de-leading-lights-2017,si,https://webpage-von-wobeser-2026.replit.app/news/von-wobeser-sierra-received-the-leading-lights-award-2017?lang=en,En ambas,OK,0,0,p_id ES 874 | p_id EN 873
2018-01,noticia,Leaders League- Von Wobeser y Sierra nombra dos nuevos Socios,si,https://www.vonwobeser.com/index.php/publicacion?p_id=883,si,https://www.vonwobeser.com/index.php/publication?p_id=884,si,https://webpage-von-wobeser-2026.replit.app/news/leaders-league-von-wobeser-y-sierra-nombra-dos-nuevos-socios,si,https://webpage-von-wobeser-2026.replit.app/news/leaders-league-von-wobeser-y-sierra-appoints-two-new-partners?lang=en,En ambas,OK,0,0,p_id ES 883 | p_id EN 884
2018-01,noticia,Law360- México busca atraer inversionistas mientras las pláticas de intercambio comercial continúan,si,https://www.vonwobeser.com/index.php/publicacion?p_id=878,si,https://www.vonwobeser.com/index.php/publication?p_id=877,si,https://webpage-von-wobeser-2026.replit.app/news/law360-mexico-busca-atraer-inversionistas-mientras-las-platicas-de-intercambio-c,si,https://webpage-von-wobeser-2026.replit.app/news/law360-mexico-looks-to-woo-investors-even-as-trade-talks-drag-on?lang=en,En ambas,OK,0,0,p_id ES 878 | p_id EN 877
2018-01,noticia,Latin Lawyer- Grupo Modelo adquiere propiedad para invertir en una nueva planta,si,https://www.vonwobeser.com/index.php/publicacion?p_id=876,si,https://www.vonwobeser.com/index.php/publication?p_id=875,si,https://webpage-von-wobeser-2026.replit.app/news/latin-lawyer-grupo-modelo-adquiere-propiedad-para-invertir-en-una-nueva-planta,si,https://webpage-von-wobeser-2026.replit.app/news/latin-lawyer-grupo-modelo-purchases-property-to-invest-in-new-plant?lang=en,En ambas,OK,0,0,p_id ES 876 | p_id EN 875
2018-01,noticia,GCR 100 reconoce Von Wobeser y Sierra como uno de los mejores 100 despachos en la Práctica de Competencia Económica.,si,https://www.vonwobeser.com/index.php/publicacion?p_id=879,si,https://www.vonwobeser.com/index.php/publication?p_id=880,si,https://webpage-von-wobeser-2026.replit.app/news/gcr-100-reconoce-von-wobeser-y-sierra-como-uno-de-los-mejores-100-despachos-en-l,si,https://webpage-von-wobeser-2026.replit.app/news/gcr-100-recognizes-von-wobeser-sierra-as-one-of-the-top-100-firms-in-regards-to-?lang=en,En ambas,OK,0,0,p_id ES 879 | p_id EN 880
2018-01,articulo,"Diego Sierra, Katarina Lundahl, Pablo Fautsch - Anti Corrupción Tendencias y Desarrollos: Capítulo sobre México",si,https://www.vonwobeser.com/index.php/publicacion?p_id=871,si,https://www.vonwobeser.com/index.php/publication?p_id=872,si,https://webpage-von-wobeser-2026.replit.app/news/diego-sierra-katarina-lundahl-pablo-fautsch-anti-corrupcion-tendencias-y-desarro,si,https://webpage-von-wobeser-2026.replit.app/news/diego-sierra-katarina-lundahl-pablo-fautsch-anti-corruption-trends-and-developme?lang=en,En ambas,OK,0,0,p_id ES 871 | p_id EN 872
2017-12,noticia,Socios de Von Wobeser y Sierra reconocidos por Best Lawyers,si,https://www.vonwobeser.com/index.php/publicacion?p_id=854,si,https://www.vonwobeser.com/index.php/publication?p_id=853,si,https://webpage-von-wobeser-2026.replit.app/news/socios-de-von-wobeser-y-sierra-reconocidos-por-best-lawyers,si,https://webpage-von-wobeser-2026.replit.app/news/von-wobeser-y-sierra-partners-recognized-by-best-lawyers?lang=en,En ambas,OK,0,0,p_id ES 854 | p_id EN 853
2017-12,noticia,Montserrat Manzano reconocida en la Lista de Future Leaders Menores de 45 en Arbitraje de Who’s Who Legal,si,https://www.vonwobeser.com/index.php/publicacion?p_id=870,si,https://www.vonwobeser.com/index.php/publication?p_id=869,si,https://webpage-von-wobeser-2026.replit.app/news/montserrat-manzano-reconocida-en-la-lista-de-future-leaders-menores-de-45-en-arb,si,https://webpage-von-wobeser-2026.replit.app/news/montserrat-manzano-recognized-in-who-s-who-legal-list-of-future-leaders-under-45?lang=en,En ambas,OK,0,0,p_id ES 870 | p_id EN 869
2017-12,articulo,"Luis Burgueño, Andrés Nieto- Getting the Deal Through- Capital Privado: Inteligencia de Mercado- Capítulo sobre México",si,https://www.vonwobeser.com/index.php/publicacion?p_id=848,si,https://www.vonwobeser.com/index.php/publication?p_id=847,si,https://webpage-von-wobeser-2026.replit.app/news/luis-burgueno-andres-nieto-getting-the-deal-through-capital-privado-inteligencia,si,https://webpage-von-wobeser-2026.replit.app/news/luis-burgueno-andres-nieto-getting-the-deal-through-private-equity-market-inteli?lang=en,En ambas,OK,0,0,p_id ES 848 | p_id EN 847
2017-12,noticia,Lex Latin- Von Wobeser asesora a Grupo Modelo para construir planta de cerveza en México,si,https://www.vonwobeser.com/index.php/publicacion?p_id=860,si,https://www.vonwobeser.com/index.php/publication?p_id=859,si,https://webpage-von-wobeser-2026.replit.app/news/lex-latin-von-wobeser-asesora-a-grupo-modelo-para-construir-planta-de-cerveza-en,si,https://webpage-von-wobeser-2026.replit.app/news/lex-latin-von-wobeser-counsels-grupo-modelo-for-the-building-of-a-brewery-plant-?lang=en,En ambas,OK,0,0,p_id ES 860 | p_id EN 859
2017-12,noticia,Lex Latin- Key Safety Systems adquiere Takata,si,https://www.vonwobeser.com/index.php/publicacion?p_id=862,si,https://www.vonwobeser.com/index.php/publication?p_id=861,si,https://webpage-von-wobeser-2026.replit.app/news/lex-latin-key-safety-systems-adquiere-takata,si,https://webpage-von-wobeser-2026.replit.app/news/lex-latin-key-safety-systems-acquires-takata?lang=en,En ambas,OK,0,0,p_id ES 862 | p_id EN 861
2017-12,noticia,Latin Lawyer- Takata cambia de manos tras concurso mercantil,si,https://www.vonwobeser.com/index.php/publicacion?p_id=858,si,https://www.vonwobeser.com/index.php/publication?p_id=857,si,https://webpage-von-wobeser-2026.replit.app/news/latin-lawyer-takata-cambia-de-manos-tras-concurso-mercantil,si,https://webpage-von-wobeser-2026.replit.app/news/latin-lawyer-takata-changes-hands-following-bankruptcy?lang=en,En ambas,OK,0,0,p_id ES 858 | p_id EN 857
2017-12,articulo,Adrián Magallanes- Getting the Deal Through- Acciones Colectivas 2018: Capítulo sobre México,si,https://www.vonwobeser.com/index.php/publicacion?p_id=864,si,https://www.vonwobeser.com/index.php/publication?p_id=863,si,https://webpage-von-wobeser-2026.replit.app/news/adrian-magallanes-getting-the-deal-through-acciones-colectivas-2018-capitulo-sob,si,https://webpage-von-wobeser-2026.replit.app/news/adrian-magallanes-getting-the-deal-through-class-actions-2018-mexico-chapter?lang=en,En ambas | revisar texto,OK,0,0,p_id ES 864 | p_id EN 863
2017-11,noticia,Nuevo salario mínimo a partir del 1 de diciembre de 2017,si,https://www.vonwobeser.com/index.php/publicacion?p_id=852,si,https://www.vonwobeser.com/index.php/publication?p_id=851,si,https://webpage-von-wobeser-2026.replit.app/news/nuevo-salario-minimo-a-partir-del-1-de-diciembre-de-2017,si,https://webpage-von-wobeser-2026.replit.app/news/new-minimum-wage-as-of-december-1st-2017?lang=en,En ambas,OK,0,0,p_id ES 852 | p_id EN 851
2017-11,noticia,Lex Latin- Motherson Sumi recauda EUR 300 millones en oferta pública,si,https://www.vonwobeser.com/index.php/publicacion?p_id=830,si,https://www.vonwobeser.com/index.php/publication?p_id=829,si,https://webpage-von-wobeser-2026.replit.app/news/lex-latin-motherson-sumi-recauda-eur-300-millones-en-oferta-publica,si,https://webpage-von-wobeser-2026.replit.app/news/lex-latin-motherson-sumi-raises-eur-300-million-in-public-offer?lang=en,En ambas,OK,0,0,p_id ES 830 | p_id EN 829
2017-11,noticia,La Comisión Reguladora De Energía emite el acuerdo que describe aspectos generales sobre el abasto aislado y generación local de energía eléctrica,si,https://www.vonwobeser.com/index.php/publicacion?p_id=850,si,https://www.vonwobeser.com/index.php/publication?p_id=849,si,https://webpage-von-wobeser-2026.replit.app/news/la-comision-reguladora-de-energia-emite-el-acuerdo-que-describe-aspectos-general,si,https://webpage-von-wobeser-2026.replit.app/news/the-energy-regulatory-commission-issues-the-resolution-describing-the-relevant-a?lang=en,En ambas,OK,0,0,p_id ES 850 | p_id EN 849
2017-11,noticia,Global Investigation Review (GIR)- Von Wobeser y Sierra firma seleccionada en 2017,si,https://www.vonwobeser.com/index.php/publicacion?p_id=826,si,https://www.vonwobeser.com/index.php/publication?p_id=825,si,https://webpage-von-wobeser-2026.replit.app/news/global-investigation-review-gir-von-wobeser-y-sierra-firma-seleccionada-en-2017,si,https://webpage-von-wobeser-2026.replit.app/news/global-investigation-review-gir-von-wobeser-sierra-selected-firm-in-2017?lang=en,En ambas,OK,0,0,p_id ES 826 | p_id EN 825
2017-11,noticia,Cuatro Socios de Von Wobeser y Sierra aprobados por LACCA para 2018,si,https://www.vonwobeser.com/index.php/publicacion?p_id=828,si,https://www.vonwobeser.com/index.php/publication?p_id=827,si,https://webpage-von-wobeser-2026.replit.app/news/cuatro-socios-de-von-wobeser-y-sierra-aprobados-por-lacca-para-2018,si,https://webpage-von-wobeser-2026.replit.app/news/four-von-wobeser-y-sierra-partners-approved-by-lacca-for-2018?lang=en,En ambas,OK,0,0,p_id ES 828 | p_id EN 827
2017-11,noticia,Claus von Wobeser es honrado con el Lifetime Achievement Award por parte de Chambers & Partners,si,https://www.vonwobeser.com/index.php/publicacion?p_id=845,si,https://www.vonwobeser.com/index.php/publication?p_id=846,si,https://webpage-von-wobeser-2026.replit.app/news/claus-von-wobeser-es-honrado-con-el-lifetime-achievement-award-por-parte-de-cham,si,https://webpage-von-wobeser-2026.replit.app/news/claus-von-wobeser-is-honored-with-the-lifetime-achievement-award-by-chambers-par?lang=en,En ambas | revisar texto,OK,0,0,p_id ES 845 | p_id EN 846
2017-10,noticia,"Latin Lawyer- Rupert Hüttler, Luis Burgueño y Alberto Córdoba- Von Wobeser y Sierra dirige a la subsidiaria mexicana de Motherson Sumi en emisión de deuda",si,https://www.vonwobeser.com/index.php/publicacion?p_id=824,si,https://www.vonwobeser.com/index.php/publication?p_id=823,si,https://webpage-von-wobeser-2026.replit.app/news/latin-lawyer-rupert-huttler-luis-burgueno-y-alberto-cordoba-von-wobeser-y-sierra,si,https://webpage-von-wobeser-2026.replit.app/news/latin-lawyer-rupert-huttler-luis-burgueno-alberto-cordoba-von-wobeser-steers-mex?lang=en,En ambas,OK,0,0,p_id ES 824 | p_id EN 823
2017-10,noticia,Andres Nieto- Panelista en la primera edición para Latinoamérica del entrenamiento TrustLaw,si,https://www.vonwobeser.com/index.php/publicacion?p_id=821,si,https://www.vonwobeser.com/index.php/publication?p_id=822,si,https://webpage-von-wobeser-2026.replit.app/news/andres-nieto-panelista-en-la-primera-edicion-para-latinoamerica-del-entrenamient,si,https://webpage-von-wobeser-2026.replit.app/news/andres-nieto-panelist-in-the-first-edition-of-the-trustlaw-training-for-latin-am?lang=en,En ambas,OK,0,0,p_id ES 821 | p_id EN 822
2017-09,noticia,Sesión Especial: “Perspectiva internacional sobre el combate a la corrupción desde la sociedad civil organizada”,si,https://www.vonwobeser.com/index.php/publicacion?p_id=801,si,https://www.vonwobeser.com/index.php/publication?p_id=800,si,https://webpage-von-wobeser-2026.replit.app/news/sesion-especial-perspectiva-internacional-sobre-el-combate-a-la-corrupcion-desde,si,https://webpage-von-wobeser-2026.replit.app/news/special-session-international-perspective-on-the-fight-against-corruption-from-o?lang=en,En ambas,OK,0,0,p_id ES 801 | p_id EN 800
2017-09,noticia,La Comisión Nacional de Hidrocarburos emite la convocatoria y bases para la primera licitación de la Ronda 3,si,https://www.vonwobeser.com/index.php/publicacion?p_id=818,si,https://www.vonwobeser.com/index.php/publication?p_id=817,si,https://webpage-von-wobeser-2026.replit.app/news/la-comision-nacional-de-hidrocarburos-emite-la-convocatoria-y-bases-para-la-prim,si,https://webpage-von-wobeser-2026.replit.app/news/the-national-hydrocarbons-commission-issued-the-call-and-rules-of-the-first-tend?lang=en,En ambas,OK,0,0,p_id ES 818 | p_id EN 817
2017-09,articulo,Fernando Carreño – Euromoney: Las fusiones y adquisiciones mexicanas se encogen de hombros ante el bajón de Trump,si,https://www.vonwobeser.com/index.php/publicacion?p_id=805,si,https://www.vonwobeser.com/index.php/publication?p_id=804,si,https://webpage-von-wobeser-2026.replit.app/news/fernando-carreno-euromoney-las-fusiones-y-adquisiciones-mexicanas-se-encogen-de-,si,https://webpage-von-wobeser-2026.replit.app/news/fernando-carreno-euromoney-mexican-m-a-shrugs-off-the-trump-slump?lang=en,En ambas,OK,0,0,p_id ES 805 | p_id EN 804
2017-09,noticia,Comunicado Oficial de la Comisión Reguladora de Energía y del Centro Nacional de Control de Energía,si,https://www.vonwobeser.com/index.php/publicacion?p_id=856,si,https://www.vonwobeser.com/index.php/publication?p_id=855,si,https://webpage-von-wobeser-2026.replit.app/news/comunicado-oficial-de-la-comision-reguladora-de-energia-y-del-centro-nacional-de,si,https://webpage-von-wobeser-2026.replit.app/news/official-statement-from-the-energy-regulatory-commission-and-the-national-energy?lang=en,En ambas | revisar texto,OK,0,0,p_id ES 856 | p_id EN 855
2017-09,articulo,Adrián Magallanes Pérez & Rodrigo Barradas Muñiz- International Arbitration Review (8va edición)- Capítulo sobre México,si,https://www.vonwobeser.com/index.php/publicacion?p_id=803,si,https://www.vonwobeser.com/index.php/publication?p_id=802,si,https://webpage-von-wobeser-2026.replit.app/news/adrian-magallanes-perez-rodrigo-barradas-muniz-international-arbitration-review--2,si,https://webpage-von-wobeser-2026.replit.app/news/adrian-magallanes-perez-rodrigo-barradas-muniz-international-arbitration-review-?lang=en,En ambas,OK,0,0,p_id ES 803 | p_id EN 802
2017-09,noticia,Acuerdo Oficial del Instituto Mexicano de la Propiedad Industrial y Aviso del Instituto Nacional del Derecho de Autor,si,https://www.vonwobeser.com/index.php/publicacion?p_id=807,si,https://www.vonwobeser.com/index.php/publication?p_id=806,si,https://webpage-von-wobeser-2026.replit.app/news/acuerdo-oficial-del-instituto-mexicano-de-la-propiedad-industrial-y-aviso-del-in,si,https://webpage-von-wobeser-2026.replit.app/news/official-announcement-from-the-mexican-institute-of-the-industrial-property-and-?lang=en,En ambas,OK,0,0,p_id ES 807 | p_id EN 806
2017-08,articulo,Diego Sierra- Cooperación Internacional en Investigaciones Anticorrupción en México y el Sistema Nacional,si,https://www.vonwobeser.com/index.php/publicacion?p_id=727,si,https://www.vonwobeser.com/index.php/publication?p_id=726,si,https://webpage-von-wobeser-2026.replit.app/news/diego-sierra-cooperacion-internacional-en-investigaciones-anticorrupcion-en-mexi,si,https://webpage-von-wobeser-2026.replit.app/news/diego-sierra-international-cooperation-in-anticorruption-investigations-in-mexic?lang=en,En ambas,OK,0,0,p_id ES 727 | p_id EN 726
2017-08,articulo,"Claus Von Wobeser y Adrián Magallanes- Chambers & Partners, Guía de Prácticas Global, Arbitraje Internacional (México)",si,https://www.vonwobeser.com/index.php/publicacion?p_id=729,si,https://www.vonwobeser.com/index.php/publication?p_id=728,si,https://webpage-von-wobeser-2026.replit.app/news/claus-von-wobeser-y-adrian-magallanes-chambers-partners-guia-de-practicas-global,si,https://webpage-von-wobeser-2026.replit.app/news/claus-von-wobeser-adrian-magallanes-chambers-partners-global-practice-guides-int?lang=en,En ambas,OK,0,0,p_id ES 729 | p_id EN 728
2017-07,noticia,Entrada en vigor de disposiciones legales en materia de Anticorrupción,si,https://www.vonwobeser.com/index.php/publicacion?p_id=469,si,https://www.vonwobeser.com/index.php/publication?p_id=468,si,https://webpage-von-wobeser-2026.replit.app/news/entrada-en-vigor-de-disposiciones-legales-en-materia-de-anticorrupcion,si,https://webpage-von-wobeser-2026.replit.app/news/implementation-of-legal-provisions-regarding-the-national-anti-corruption-system?lang=en,En ambas,OK,0,0,p_id ES 469 | p_id EN 468
2017-06,noticia,Sesión Especial: “Combate a la Corrupción: Interacción y cooperación con autoridades extranjeras en investigaciones complejas anticorrupción”.,si,https://www.vonwobeser.com/index.php/publicacion?p_id=3,si,https://www.vonwobeser.com/index.php/publication?p_id=1,si,https://webpage-von-wobeser-2026.replit.app/news/sesion-especial-combate-a-la-corrupcion-interaccion-y-cooperacion-con-autoridade,si,https://webpage-von-wobeser-2026.replit.app/news/special-session-combating-corruption-interaction-and-collaboration-between-mexic?lang=en,En ambas,OK,0,0,p_id ES 3 | p_id EN 1
2017-06,noticia,"ITAFOR anuncia colaboradores 2017 entre los cuales incluyeron a Montserrat Manzano, Abogada Senior de Von Wobeser y Sierra, S.C.",si,https://www.vonwobeser.com/index.php/publicacion?p_id=5,si,https://www.vonwobeser.com/index.php/publication?p_id=4,si,https://webpage-von-wobeser-2026.replit.app/news/itafor-anuncia-colaboradores-2017-entre-los-cuales-incluyeron-a-montserrat-manza,si,https://webpage-von-wobeser-2026.replit.app/news/itafor-announces-2017-collaborators-and-among-these-montserrat-manzano-von-wobes?lang=en,En ambas | revisar texto,OK,0,0,p_id ES 5 | p_id EN 4
2017-06,articulo,Andres Nieto - Andres Nieto- Mexico Investing chapter in The Private Equity Review. April 2017,si,https://www.vonwobeser.com/index.php/publicacion?p_id=223,si,https://www.vonwobeser.com/index.php/publication?p_id=224,si,https://webpage-von-wobeser-2026.replit.app/news/andres-nieto-andres-nieto-mexico-investing-chapter-in-the-private-equity-review--2,si,https://webpage-von-wobeser-2026.replit.app/news/andres-nieto-andres-nieto-mexico-investing-chapter-in-the-private-equity-review-?lang=en,En ambas,OK,0,0,p_id ES 223 | p_id EN 224
2017-05,noticia,Repatriación de Capitales- Decreto que otorga diversas facilidades administrativas en materia del Impuesto Sobre la Renta,si,https://www.vonwobeser.com/index.php/publicacion?p_id=222,si,https://www.vonwobeser.com/index.php/publication?p_id=221,si,https://webpage-von-wobeser-2026.replit.app/news/repatriacion-de-capitales-decreto-que-otorga-diversas-facilidades-administrativa,si,https://webpage-von-wobeser-2026.replit.app/news/repatriation-of-capital-decree-granting-administrative-incentives-in-income-tax?lang=en,En ambas,OK,0,0,p_id ES 222 | p_id EN 221
2017-05,noticia,"Dr. Edmund Duckwitz, Consejero de Von Wobeser y Sierra, (Ex Embajador de Alemania en México) es electo Presidente de CAMEXA",si,https://www.vonwobeser.com/index.php/publicacion?p_id=7,si,https://www.vonwobeser.com/index.php/publication?p_id=6,si,https://webpage-von-wobeser-2026.replit.app/news/dr-edmund-duckwitz-consejero-de-von-wobeser-y-sierra-ex-embajador-de-alemania-en,si,https://webpage-von-wobeser-2026.replit.app/news/edmund-duckwitz-of-counsel-at-von-wobeser-y-sierra-former-german-ambassador-to-m?lang=en,En ambas,OK,0,0,p_id ES 7 | p_id EN 6
2017-04,noticia,"Lex Latin – Edmond Grieger, Sofía López – Von Wobeser & Sierra, S.C. genera Modelo energía renovables PPA.",si,https://www.vonwobeser.com/index.php/publicacion?p_id=11,si,https://www.vonwobeser.com/index.php/publication?p_id=10,si,https://webpage-von-wobeser-2026.replit.app/news/lex-latin-edmond-grieger-sofia-lopez-von-wobeser-sierra-s-c-genera-modelo-energi,si,https://webpage-von-wobeser-2026.replit.app/news/lex-latin-edmond-grieger-sofia-lopez-von-wobeser-sierra-s-c-generates-modelo-ren?lang=en,En ambas,OK,0,0,p_id ES 11 | p_id EN 10
2017-04,noticia,"Latin Lawyer – Edmond Grieger, Sofía López – Von Wobeser & Sierra, S.C. genera Modelo energía renovables PPA.",si,https://www.vonwobeser.com/index.php/publicacion?p_id=13,si,https://www.vonwobeser.com/index.php/publication?p_id=12,si,https://webpage-von-wobeser-2026.replit.app/news/latin-lawyer-edmond-grieger-sofia-lopez-von-wobeser-sierra-s-c-genera-modelo-ene,si,https://webpage-von-wobeser-2026.replit.app/news/latin-lawyer-edmond-grieger-sofia-lopez-von-wobeser-sierra-s-c-generates-modelo-?lang=en,En ambas,OK,0,0,p_id ES 13 | p_id EN 12
2017-04,noticia,"Expansión – Pablo Jiménez: Pablo Jiménez, el hombre que ‘defiende’ a Grupo Modelo, 2017",si,https://www.vonwobeser.com/index.php/publicacion?p_id=1573,si,https://www.vonwobeser.com/index.php/publication?p_id=1572,si,https://webpage-von-wobeser-2026.replit.app/news/expansion-pablo-jimenez-pablo-jimenez-el-hombre-que-defiende-a-grupo-modelo-2017,si,https://webpage-von-wobeser-2026.replit.app/news/expansion-pablo-jimenez-pablo-jimenez-the-man-that-advocates-for-grupo-modelo?lang=en,En ambas,OK,0,0,p_id ES 1573 | p_id EN 1572
2017-04,noticia,"ACC Docket – Pablo Jiménez: Tomando de una fuente: cómo Pablo Jiménez Zorrilla se convirtió en Vicepresidente Legal y de Asuntos Corporativos de AB InBev Middle Americas, 2017",si,https://www.vonwobeser.com/index.php/publicacion?p_id=1575,si,https://www.vonwobeser.com/index.php/publication?p_id=1574,si,https://webpage-von-wobeser-2026.replit.app/news/acc-docket-pablo-jimenez-tomando-de-una-fuente-como-pablo-jimenez-zorrilla-se-co,si,https://webpage-von-wobeser-2026.replit.app/news/acc-docket-pablo-jimenez-drinking-from-a-fountain-how-pablo-jimenez-zorrilla-bec?lang=en,En ambas,OK,0,0,p_id ES 1575 | p_id EN 1574
2017-03,noticia,Von Wobeser y Sierra gana el asunto del año en GCR Awards 2017,si,https://www.vonwobeser.com/index.php/publicacion?p_id=409,si,https://www.vonwobeser.com/index.php/publication?p_id=408,si,https://webpage-von-wobeser-2026.replit.app/news/von-wobeser-y-sierra-gana-el-asunto-del-ano-en-gcr-awards-2017,si,https://webpage-von-wobeser-2026.replit.app/news/von-wobeser-y-sierra-wins-matter-of-the-year-at-gcr-awards-2017?lang=en,En ambas | revisar texto,Roto: 1,1,0,p_id ES 409 | p_id EN 408
2017-03,articulo,Silverio Sandate - Silverio Sandate – Law Business Review: The Franchise Law Review,si,https://www.vonwobeser.com/index.php/publicacion?p_id=194,si,https://www.vonwobeser.com/index.php/publication?p_id=193,si,https://webpage-von-wobeser-2026.replit.app/news/silverio-sandate-silverio-sandate-law-business-review-the-franchise-law-review-2,si,https://webpage-von-wobeser-2026.replit.app/news/silverio-sandate-silverio-sandate-law-business-review-the-franchise-law-review?lang=en,En ambas,OK,0,0,p_id ES 194 | p_id EN 193
2017-03,noticia,"Latin Lawyer – Luis Burgueño, Laura Maldonado – Cuatro firmas legales detrás de la adquisición de plásticos Kruger Brown.",si,https://www.vonwobeser.com/index.php/publicacion?p_id=15,si,https://www.vonwobeser.com/index.php/publication?p_id=14,si,https://webpage-von-wobeser-2026.replit.app/news/latin-lawyer-luis-burgueno-laura-maldonado-cuatro-firmas-legales-detras-de-la-ad,si,https://webpage-von-wobeser-2026.replit.app/news/latin-lawyer-luis-burgueno-laura-maldonado-four-firms-behind-kruger-brown-plasti?lang=en,En ambas,OK,0,0,p_id ES 15 | p_id EN 14
2017-03,noticia,"Latin Lawyer – Fernando Carreño - Dos fiscales revisarán la fusión de AT&T / Time Warner, las reglas de la corte mexicana.",si,https://www.vonwobeser.com/index.php/publicacion?p_id=17,si,https://www.vonwobeser.com/index.php/publication?p_id=16,si,https://webpage-von-wobeser-2026.replit.app/news/latin-lawyer-fernando-carreno-dos-fiscales-revisaran-la-fusion-de-at-t-time-warn,si,https://webpage-von-wobeser-2026.replit.app/news/latin-lawyer-fernando-carreno-two-enforcers-will-review-at-t-time-warner-merger-?lang=en,En ambas,OK,0,0,p_id ES 17 | p_id EN 16
2017-03,noticia,International Chamber of Commerce (ICC) – Andrés Nieto – Conferencia de Arbitraje Financiero,si,https://www.vonwobeser.com/index.php/publicacion?p_id=724,si,https://www.vonwobeser.com/index.php/publication?p_id=725,si,https://webpage-von-wobeser-2026.replit.app/news/international-chamber-of-commerce-icc-andres-nieto-conferencia-de-arbitraje-fina,si,https://webpage-von-wobeser-2026.replit.app/news/international-chamber-of-commerce-icc-andres-nieto-financial-arbitration?lang=en,En ambas | revisar texto,OK,0,0,p_id ES 724 | p_id EN 725
2017-03,articulo,"Getting the Deal Through – Adrián Magallanes, Rodrigo Barradas – Arbitraje 2017",si,https://www.vonwobeser.com/index.php/publicacion?p_id=196,si,https://www.vonwobeser.com/index.php/publication?p_id=195,si,https://webpage-von-wobeser-2026.replit.app/news/getting-the-deal-through-adrian-magallanes-rodrigo-barradas-arbitraje-2017,si,https://webpage-von-wobeser-2026.replit.app/news/getting-the-deal-through-adrian-magallanes-rodrigo-barradas-arbitration-2017?lang=en,En ambas,OK,0,0,p_id ES 196 | p_id EN 195
2017-02,noticia,Reforma constitucional laboral,si,https://www.vonwobeser.com/index.php/publicacion?p_id=27,si,https://www.vonwobeser.com/index.php/publication?p_id=26,si,https://webpage-von-wobeser-2026.replit.app/news/constitutional-labor-reform,si,https://webpage-von-wobeser-2026.replit.app/news/constitutional-labor-reform?lang=en,En ambas,OK,0,0,p_id ES 27 | p_id EN 26
2017-02,noticia,Montserrat Manzano - YAI Talks Miami: Conquistando Nuevos Esquemas en la Industria Bancaria y Financiera.,si,https://www.vonwobeser.com/index.php/publicacion?p_id=29,si,https://www.vonwobeser.com/index.php/publication?p_id=28,si,https://webpage-von-wobeser-2026.replit.app/news/montserrat-manzano-yai-talks-miami-conquering-new-grounds-the-finance-and-bankin,si,https://webpage-von-wobeser-2026.replit.app/news/montserrat-manzano-yai-talks-miami-conquering-new-grounds-the-finance-and-bankin?lang=en,En ambas | revisar texto,OK,0,0,p_id ES 29 | p_id EN 28
2017-02,noticia,"Lex Latin – Luis Burgueño, Laura Maldonado - Kruger Brown adquiere PendaForm en México con ayuda de cuatro firmas.",si,https://www.vonwobeser.com/index.php/publicacion?p_id=21,si,https://www.vonwobeser.com/index.php/publication?p_id=20,si,https://webpage-von-wobeser-2026.replit.app/news/lex-latin-luis-burgueno-laura-maldonado-kruger-brown-adquiere-pendaform-en-mexic,si,https://webpage-von-wobeser-2026.replit.app/news/lex-latin-luis-burgueno-laura-maldonado-kruger-brown-acquire-pendaform-in-mexico?lang=en,En ambas,OK,0,0,p_id ES 21 | p_id EN 20
2017-02,noticia,Latin Lawyer – México inicia primera acción criminal contra cartelistas – Fernando Carreño,si,https://www.vonwobeser.com/index.php/publicacion?p_id=23,si,https://www.vonwobeser.com/index.php/publication?p_id=22,si,https://webpage-von-wobeser-2026.replit.app/news/latin-lawyer-mexico-pursues-first-criminal-action-against-cartelists-fernando-ca,si,https://webpage-von-wobeser-2026.replit.app/news/latin-lawyer-mexico-pursues-first-criminal-action-against-cartelists-fernando-ca?lang=en,En ambas,OK,0,0,p_id ES 23 | p_id EN 22
2017-02,noticia,Global Competition Review (GCR) – México inicia primera acción criminal contra cartelistas – Fernando Carreño,si,https://www.vonwobeser.com/index.php/publicacion?p_id=25,si,https://www.vonwobeser.com/index.php/publication?p_id=24,si,https://webpage-von-wobeser-2026.replit.app/news/global-competition-review-gcr-mexico-pursues-first-criminal-action-against-carte,si,https://webpage-von-wobeser-2026.replit.app/news/global-competition-review-gcr-mexico-pursues-first-criminal-action-against-carte?lang=en,En ambas,OK,0,0,p_id ES 25 | p_id EN 24
2017-02,noticia,Comunicado: Protección de datos personales en México,si,https://www.vonwobeser.com/index.php/publicacion?p_id=31,si,https://www.vonwobeser.com/index.php/publication?p_id=30,si,https://webpage-von-wobeser-2026.replit.app/news/client-communication-personal-data-protection-in-mexico,si,https://webpage-von-wobeser-2026.replit.app/news/client-communication-personal-data-protection-in-mexico?lang=en,En ambas,OK,0,0,p_id ES 31 | p_id EN 30
2017-02,noticia,COFECE encuentra evidencia de prácticas anticompetitivas en dos mercados,si,https://www.vonwobeser.com/index.php/publicacion?p_id=19,si,https://www.vonwobeser.com/index.php/publication?p_id=18,si,https://webpage-von-wobeser-2026.replit.app/news/cofece-encuentra-evidencia-de-practicas-anticompetitivas-en-dos-mercados,si,https://webpage-von-wobeser-2026.replit.app/news/cofece-finds-evidence-of-anticompetitive-practices-in-two-markets?lang=en,En ambas,OK,0,0,p_id ES 19 | p_id EN 18
2017-01,noticia,Von Wobeser y Sierra reconocido por GCR 100 como uno de los mejores despachos del mundo en competencia,si,https://www.vonwobeser.com/index.php/publicacion?p_id=439,si,https://www.vonwobeser.com/index.php/publication?p_id=422,si,https://webpage-von-wobeser-2026.replit.app/news/von-wobeser-y-sierra-recognized-by-gcr-100-as-one-of-the-best-100-firms-in-compe,si,https://webpage-von-wobeser-2026.replit.app/news/von-wobeser-y-sierra-recognized-by-gcr-100-as-one-of-the-best-100-firms-in-compe?lang=en,En ambas | revisar texto,OK,0,0,p_id ES 439 | p_id EN 422
2017-01,noticia,Principales Modificaciones a Disposiciones Fiscales para 2017,si,https://www.vonwobeser.com/index.php/publicacion?p_id=33,si,https://www.vonwobeser.com/index.php/publication?p_id=32,si,https://webpage-von-wobeser-2026.replit.app/news/principal-changes-to-tax-provisions-for-2017,si,https://webpage-von-wobeser-2026.replit.app/news/principal-changes-to-tax-provisions-for-2017?lang=en,En ambas,OK,0,0,p_id ES 33 | p_id EN 32
2017-01,noticia,"Latin Lawyer – Claus von Wobeser, Rupert Hüttler, Diego Sierra, Javier Lizardi, Rodolfo Trampe, Gibrán Castañeda, Alejandro González, Claudia Díaz – Corvaglia finaliza disputa de accionistas, aumenta el control por parte de México.",si,https://www.vonwobeser.com/index.php/publicacion?p_id=35,si,https://www.vonwobeser.com/index.php/publication?p_id=34,si,https://webpage-von-wobeser-2026.replit.app/news/latin-lawyer-claus-von-wobeser-rupert-huttler-diego-sierra-javier-lizardi-rodolf-2,si,https://webpage-von-wobeser-2026.replit.app/news/latin-lawyer-claus-von-wobeser-rupert-huttler-diego-sierra-javier-lizardi-rodolf?lang=en,En ambas,OK,0,0,p_id ES 35 | p_id EN 34
2017-01,noticia,"Latin Lawyer – Andrés Nieto, Rodolfo Trampe, Edmond Grieger y Alberto Córdoba – Prince International acquires chemical company.",si,https://www.vonwobeser.com/index.php/publicacion?p_id=37,si,https://www.vonwobeser.com/index.php/publication?p_id=36,si,https://webpage-von-wobeser-2026.replit.app/news/latin-lawyer-andres-nieto-rodolfo-trampe-edmond-grieger-y-alberto-cordoba-prince,si,https://webpage-von-wobeser-2026.replit.app/news/latin-lawyer-andres-nieto-rodolfo-trampe-edmond-grieger-y-alberto-cordoba-prince?lang=en,En ambas,OK,0,0,p_id ES 37 | p_id EN 36
2016-12,noticia,Who's Who Legal reconoce socios y abogados en Von Wobeser y Sierra en Who's Who Legal Mexico,si,https://www.vonwobeser.com/index.php/publicacion?p_id=41,si,https://www.vonwobeser.com/index.php/publication?p_id=40,si,https://webpage-von-wobeser-2026.replit.app/news/who-s-who-legal-recognizes-partners-lawyers-at-von-wobeser-y-sierra,si,https://webpage-von-wobeser-2026.replit.app/news/who-s-who-legal-recognizes-partners-lawyers-at-von-wobeser-y-sierra?lang=en,En ambas | revisar texto,OK,0,0,p_id ES 41 | p_id EN 40
2016-12,noticia,Who's Who Legal reconoce socios y abogados en Von Wobeser y Sierra,si,https://www.vonwobeser.com/index.php/publicacion?p_id=43,si,https://www.vonwobeser.com/index.php/publication?p_id=42,si,https://webpage-von-wobeser-2026.replit.app/news/who-s-who-legal-recognizes-partners-associates-of-von-wobeser-y-sierra-in-who-s-,si,https://webpage-von-wobeser-2026.replit.app/news/who-s-who-legal-recognizes-partners-associates-of-von-wobeser-y-sierra-in-who-s-?lang=en,En ambas | revisar texto,OK,0,0,p_id ES 43 | p_id EN 42
2016-12,noticia,Who's Who Legal reconoce a futuros líderes 2017. Las personas reconocidas son Socios y Asociados de 45 años o menos considerados como los futuros líderes del arbitraje internacional.,si,https://www.vonwobeser.com/index.php/publicacion?p_id=53,si,https://www.vonwobeser.com/index.php/publication?p_id=52,si,https://webpage-von-wobeser-2026.replit.app/news/who-s-who-legal-recognizes-future-leaders-2017-these-are-partners-and-non-partne,si,https://webpage-von-wobeser-2026.replit.app/news/who-s-who-legal-recognizes-future-leaders-2017-these-are-partners-and-non-partne?lang=en,En ambas | revisar texto,OK,0,0,p_id ES 53 | p_id EN 52
2016-12,noticia,Peña Nieto propone que Titular de la Fiscalía General de la República sea designado por Cámara de Senadores,si,https://www.vonwobeser.com/index.php/publicacion?p_id=57,si,https://www.vonwobeser.com/index.php/publication?p_id=56,si,https://webpage-von-wobeser-2026.replit.app/news/pena-nieto-proposes-that-head-of-the-attorney-general-s-office-be-appointed-by-s,si,https://webpage-von-wobeser-2026.replit.app/news/pena-nieto-proposes-that-head-of-the-attorney-general-s-office-be-appointed-by-s?lang=en,En ambas | revisar texto,OK,0,0,p_id ES 57 | p_id EN 56
2016-12,articulo,"Luis Burgueño, Andrés Nieto - Luis Burgueño, Andrés Nieto - Getting The Deal Through, Market Intelligence, Capital Privado en México.",si,https://www.vonwobeser.com/index.php/publicacion?p_id=228,si,https://www.vonwobeser.com/index.php/publication?p_id=227,si,https://webpage-von-wobeser-2026.replit.app/news/luis-burgueno-andres-nieto-luis-burgueno-andres-nieto-getting-the-deal-through-m-2,si,https://webpage-von-wobeser-2026.replit.app/news/luis-burgueno-andres-nieto-luis-burgueno-andres-nieto-getting-the-deal-through-m?lang=en,En ambas,OK,0,0,p_id ES 228 | p_id EN 227
2016-12,noticia,"Leader League – Business and Leadership: Instituto de Arbitraje Transnacional (ITA)- Montserrat Manzano, Presidenta de la Iniciativa de Jóvenes Árbitros (YAI).",si,https://www.vonwobeser.com/index.php/publicacion?p_id=49,si,https://www.vonwobeser.com/index.php/publication?p_id=48,si,https://webpage-von-wobeser-2026.replit.app/news/leader-league-business-and-leadership-institute-for-transnational-arbitration-it,si,https://webpage-von-wobeser-2026.replit.app/news/leader-league-business-and-leadership-institute-for-transnational-arbitration-it?lang=en,En ambas,OK,0,0,p_id ES 49 | p_id EN 48
2016-12,noticia,"Latin Lawyer-Leading Lights-Von Wobeser y Sierra, S.C. Líder Pro Bono",si,https://www.vonwobeser.com/index.php/publicacion?p_id=51,si,https://www.vonwobeser.com/index.php/publication?p_id=50,si,https://webpage-von-wobeser-2026.replit.app/news/latin-lawyer-leading-lights-von-wobeser-y-sierra-s-c-latin-american-pro-bono-lea,si,https://webpage-von-wobeser-2026.replit.app/news/latin-lawyer-leading-lights-von-wobeser-y-sierra-s-c-latin-american-pro-bono-lea?lang=en,En ambas | revisar texto,OK,0,0,p_id ES 51 | p_id EN 50
2016-12,noticia,Latin Lawyer – Fernando Carreño – Pasivos fiscales posteriores al cierre entre los mayores retos de las fusiones y adquisiciones.,si,https://www.vonwobeser.com/index.php/publicacion?p_id=39,si,https://www.vonwobeser.com/index.php/publication?p_id=38,si,https://webpage-von-wobeser-2026.replit.app/news/latin-lawyer-fernando-carreno-post-closing-tax-liabilities-among-the-gratest-cha,si,https://webpage-von-wobeser-2026.replit.app/news/latin-lawyer-fernando-carreno-post-closing-tax-liabilities-among-the-gratest-cha?lang=en,En ambas,OK,0,0,p_id ES 39 | p_id EN 38
2016-12,noticia,"ICC- International Chamber of Commerce: Comité de Mediación de la ICC México, Alexandra von Wobeser",si,https://www.vonwobeser.com/index.php/publicacion?p_id=45,si,https://www.vonwobeser.com/index.php/publication?p_id=44,si,https://webpage-von-wobeser-2026.replit.app/news/icc-international-chamber-of-commerce-icc-mexico-mediation-committee-alexandra-v,si,https://webpage-von-wobeser-2026.replit.app/news/icc-international-chamber-of-commerce-icc-mexico-mediation-committee-alexandra-v?lang=en,En ambas | revisar texto,OK,0,0,p_id ES 45 | p_id EN 44
2016-12,noticia,Comisión Reguladora de Energía establece requisitos y otorga extensión de plazos relativos a la celebración de contratos de interconexión legados,si,https://www.vonwobeser.com/index.php/publicacion?p_id=47,si,https://www.vonwobeser.com/index.php/publication?p_id=46,si,https://webpage-von-wobeser-2026.replit.app/news/energy-regulatory-commission-sets-forth-requirements-and-grants-a-time-extension,si,https://webpage-von-wobeser-2026.replit.app/news/energy-regulatory-commission-sets-forth-requirements-and-grants-a-time-extension?lang=en,En ambas | revisar texto,OK,0,0,p_id ES 47 | p_id EN 46
2016-12,noticia,"Adrián Magallanes, Rodrigo Barradas - Global Arbitration Review (GAR) – Enforcement 2016 México.",si,https://www.vonwobeser.com/index.php/publicacion?p_id=55,si,https://www.vonwobeser.com/index.php/publication?p_id=54,si,https://webpage-von-wobeser-2026.replit.app/news/adrian-magallanes-rodrigo-barradas-global-arbitration-review-gar-enforcement-201-2,si,https://webpage-von-wobeser-2026.replit.app/news/adrian-magallanes-rodrigo-barradas-global-arbitration-review-gar-enforcement-201?lang=en,En ambas | revisar texto,OK,0,0,p_id ES 55 | p_id EN 54
2016-11,noticia,Potencial denuncia del Tratado de Libre Comercio de América del Norte,si,https://www.vonwobeser.com/index.php/publicacion?p_id=61,si,https://www.vonwobeser.com/index.php/publication?p_id=60,si,https://webpage-von-wobeser-2026.replit.app/news/potential-withdrawal-from-the-north-american-free-trade-agreement,si,https://webpage-von-wobeser-2026.replit.app/news/potential-withdrawal-from-the-north-american-free-trade-agreement?lang=en,En ambas,OK,0,0,p_id ES 61 | p_id EN 60
2016-11,noticia,Iniciativa de Integridad Judicial de la IBA: compromiso de anticorrupción judicial,si,https://www.vonwobeser.com/index.php/publicacion?p_id=63,si,https://www.vonwobeser.com/index.php/publication?p_id=62,si,https://webpage-von-wobeser-2026.replit.app/news/iba-judicial-integrity-initiative-judicial-anti-corruption-compact,si,https://webpage-von-wobeser-2026.replit.app/news/iba-judicial-integrity-initiative-judicial-anti-corruption-compact?lang=en,En ambas,OK,0,0,p_id ES 63 | p_id EN 62
2016-11,noticia,"Fernando Carreño, Edmond Grieger, Luis Miguel Jiménez, Rodolfo Trampe, Pablo Saez Williams, Paloma Alcántara y Manuel Martínez - Latin Lawyer: Global Arbitration Review Constellation snaps up more Modelo assets",si,https://www.vonwobeser.com/index.php/publicacion?p_id=59,si,https://www.vonwobeser.com/index.php/publication?p_id=58,si,https://webpage-von-wobeser-2026.replit.app/news/fernando-carreno-edmond-grieger-luis-miguel-jimenez-rodolfo-trampe-pablo-saez-wi-2,si,https://webpage-von-wobeser-2026.replit.app/news/fernando-carreno-edmond-grieger-luis-miguel-jimenez-rodolfo-trampe-pablo-saez-wi?lang=en,En ambas,OK,0,0,p_id ES 59 | p_id EN 58
2016-10,noticia,"Luis Burgueño, Gloria Martínez, Alberto Córdoba, Jorge Díaz y Marisol Márquez - LexLatin: San Benedetto vende participación en JV con Grupo Peñafiel",si,https://www.vonwobeser.com/index.php/publicacion?p_id=67,si,https://www.vonwobeser.com/index.php/publication?p_id=66,si,https://webpage-von-wobeser-2026.replit.app/news/luis-burgueno-gloria-martinez-alberto-cordoba-jorge-diaz-y-marisol-marquez-lexla,si,https://webpage-von-wobeser-2026.replit.app/news/luis-burgueno-gloria-martinez-alberto-cordoba-jorge-diaz-y-marisol-marquez-lexla?lang=en,En ambas,OK,0,0,p_id ES 67 | p_id EN 66
2016-10,noticia,Los Abogados de Von Wobeser y Sierra Firman el Compromiso Anticorrupción,si,https://www.vonwobeser.com/index.php/publicacion?p_id=65,si,https://www.vonwobeser.com/index.php/publication?p_id=64,si,https://webpage-von-wobeser-2026.replit.app/news/von-wobeser-y-sierra-s-attorneys-sign-the-iba-anticorruption-compact,si,https://webpage-von-wobeser-2026.replit.app/news/von-wobeser-y-sierra-s-attorneys-sign-the-iba-anticorruption-compact?lang=en,En ambas | revisar texto,OK,0,0,p_id ES 65 | p_id EN 64
2016-10,noticia,"El CENACE da a conocer a los ganadores de la Segunda Subasta de Largo Plazo de Energía, CELs y Potencia",si,https://www.vonwobeser.com/index.php/publicacion?p_id=71,si,https://www.vonwobeser.com/index.php/publication?p_id=70,si,https://webpage-von-wobeser-2026.replit.app/news/cenace-announces-the-winners-of-the-second-long-term-auction-for-energy-cels-and,si,https://webpage-von-wobeser-2026.replit.app/news/cenace-announces-the-winners-of-the-second-long-term-auction-for-energy-cels-and?lang=en,En ambas | revisar texto,OK,0,0,p_id ES 71 | p_id EN 70
2016-10,noticia,Arbitral Women en América Latina: Ciudad de México,si,https://www.vonwobeser.com/index.php/publicacion?p_id=69,si,https://www.vonwobeser.com/index.php/publication?p_id=68,si,https://webpage-von-wobeser-2026.replit.app/news/arbitral-women-in-latin-america-mexico-city,si,https://webpage-von-wobeser-2026.replit.app/news/arbitral-women-in-latin-america-mexico-city?lang=en,En ambas,OK,0,0,p_id ES 69 | p_id EN 68
2016-09,noticia,"Latin Lawyer: Luis Burgueño, Rupert Hüttler, Alberto Cordoba: Von Wobeser & Allen Overy diregen la la emisión de la notas de Automotive Samvardhana Motherson",si,https://www.vonwobeser.com/index.php/publicacion?p_id=77,si,https://www.vonwobeser.com/index.php/publication?p_id=76,si,https://webpage-von-wobeser-2026.replit.app/news/latin-lawyer-luis-burgueno-rupert-huttler-alberto-cordoba-von-wobeser-allen-over,si,https://webpage-von-wobeser-2026.replit.app/news/latin-lawyer-luis-burgueno-rupert-huttler-alberto-cordoba-von-wobeser-allen-over?lang=en,En ambas,OK,0,0,p_id ES 77 | p_id EN 76
2016-09,noticia,Latin Lawyer: Fernando Carreño - Antitrust probe targets Cancún airport,si,https://www.vonwobeser.com/index.php/publicacion?p_id=75,si,https://www.vonwobeser.com/index.php/publication?p_id=74,si,https://webpage-von-wobeser-2026.replit.app/news/latin-lawyer-fernando-carreno-antitrust-probe-targets-cancun-airport,si,https://webpage-von-wobeser-2026.replit.app/news/latin-lawyer-fernando-carreno-antitrust-probe-targets-cancun-airport?lang=en,En ambas,OK,0,0,p_id ES 75 | p_id EN 74
2016-09,noticia,Global Investigations Review (GIR 100) – Diego Sierra: Revelación de las prácticas líderes de investigación.,si,https://www.vonwobeser.com/index.php/publicacion?p_id=73,si,https://www.vonwobeser.com/index.php/publication?p_id=72,si,https://webpage-von-wobeser-2026.replit.app/news/global-investigations-review-gir-100-diego-sierra-the-world-s-leading-investigat,si,https://webpage-von-wobeser-2026.replit.app/news/global-investigations-review-gir-100-diego-sierra-the-world-s-leading-investigat?lang=en,En ambas,OK,0,0,p_id ES 73 | p_id EN 72
2016-08,noticia,"Von Wobeser y Sierra, S.C. tiene el honor de invitarte a la conferencia ""Global Pound Conference de la Ciudad de México""",si,https://www.vonwobeser.com/index.php/publicacion?p_id=89,si,https://www.vonwobeser.com/index.php/publication?p_id=88,si,https://webpage-von-wobeser-2026.replit.app/news/von-wobeser-y-sierra-s-c-invites-you-to-the-mexico-city-global-pound-conference,si,https://webpage-von-wobeser-2026.replit.app/news/von-wobeser-y-sierra-s-c-invites-you-to-the-mexico-city-global-pound-conference?lang=en,En ambas | revisar texto,OK,0,0,p_id ES 89 | p_id EN 88
2016-08,noticia,"Von Wobeser y Sierra, S.C. participa en La Encuesta de Corrupción Latinoamericana 2016",si,https://www.vonwobeser.com/index.php/publicacion?p_id=105,si,https://www.vonwobeser.com/index.php/publication?p_id=104,si,https://webpage-von-wobeser-2026.replit.app/news/von-wobeser-y-sierra-participates-in-latinamerica-corruption-survey-2016,si,https://webpage-von-wobeser-2026.replit.app/news/von-wobeser-y-sierra-participates-in-latinamerica-corruption-survey-2016?lang=en,En ambas | revisar texto,OK,0,0,p_id ES 105 | p_id EN 104
2016-08,noticia,"Von Wobeser y Sierra, S.C. es reconocido por Trust Law Index of Pro Bono 2016",si,https://www.vonwobeser.com/index.php/publicacion?p_id=97,si,https://www.vonwobeser.com/index.php/publication?p_id=96,si,https://webpage-von-wobeser-2026.replit.app/news/von-wobeser-y-sierra-recognized-in-trust-lawindex-of-pro-bono-2016,si,https://webpage-von-wobeser-2026.replit.app/news/von-wobeser-y-sierra-recognized-in-trust-lawindex-of-pro-bono-2016?lang=en,En ambas | revisar texto,OK,0,0,p_id ES 97 | p_id EN 96
2016-08,noticia,"Von Wobeser y Sierra, S.C. es reconocida como firma “Elite” por la publicación Global Competition Review",si,https://www.vonwobeser.com/index.php/publicacion?p_id=85,si,https://www.vonwobeser.com/index.php/publication?p_id=84,si,https://webpage-von-wobeser-2026.replit.app/news/von-wobeser-y-sierra-s-c-is-recognized-as-elite-firm-in-global-competition-revie,si,https://webpage-von-wobeser-2026.replit.app/news/von-wobeser-y-sierra-s-c-is-recognized-as-elite-firm-in-global-competition-revie?lang=en,En ambas,Roto: 1,1,0,p_id ES 85 | p_id EN 84
2016-08,noticia,Thomson Reuters Foundation – Andrés Nieto - Pro Bono en México,si,https://www.vonwobeser.com/index.php/publicacion?p_id=99,si,https://www.vonwobeser.com/index.php/publication?p_id=98,si,https://webpage-von-wobeser-2026.replit.app/news/thomson-reuters-foundation-andres-nieto-pro-bono-in-mexico,si,https://webpage-von-wobeser-2026.replit.app/news/thomson-reuters-foundation-andres-nieto-pro-bono-in-mexico?lang=en,En ambas,OK,0,0,p_id ES 99 | p_id EN 98
2016-08,noticia,"Lex Latin – Luis Burgueño, Edmond Grieger, Rodolfo Trampe, Alberto Córdoba, Marisol Márquez: Von Wobeser y Sierra tras adquisición de FTE en México",si,https://www.vonwobeser.com/index.php/publicacion?p_id=79,si,https://www.vonwobeser.com/index.php/publication?p_id=78,si,https://webpage-von-wobeser-2026.replit.app/news/lex-latin-luis-burgueno-edmond-grieger-rodolfo-trampe-alberto-cordoba-marisol-ma,si,https://webpage-von-wobeser-2026.replit.app/news/lex-latin-luis-burgueno-edmond-grieger-rodolfo-trampe-alberto-cordoba-marisol-ma?lang=en,En ambas,OK,0,0,p_id ES 79 | p_id EN 78
2016-08,noticia,"Latin Lawyer –Luis Burgueño, Edmond Grieger, Rodolfo Trampe, Alberto Córdoba y Marisol Márquez : Bain Capital exits car parts maker in Mexico.",si,https://www.vonwobeser.com/index.php/publicacion?p_id=81,si,https://www.vonwobeser.com/index.php/publication?p_id=80,si,https://webpage-von-wobeser-2026.replit.app/news/latin-lawyer-luis-burgueno-edmond-grieger-rodolfo-trampe-alberto-cordoba-y-maris,si,https://webpage-von-wobeser-2026.replit.app/news/latin-lawyer-luis-burgueno-edmond-grieger-rodolfo-trampe-alberto-cordoba-y-maris?lang=en,En ambas,OK,0,0,p_id ES 81 | p_id EN 80
2016-08,noticia,La Comisión Nacional de Hidrocarburos emite la convocatoria y las bases de la primera licitación de la Ronda 2,si,https://www.vonwobeser.com/index.php/publicacion?p_id=107,si,https://www.vonwobeser.com/index.php/publication?p_id=106,si,https://webpage-von-wobeser-2026.replit.app/news/the-national-hydrocarbons-commission-issued-the-call-and-the-rules-for-the-first,si,https://webpage-von-wobeser-2026.replit.app/news/the-national-hydrocarbons-commission-issued-the-call-and-the-rules-for-the-first?lang=en,En ambas | revisar texto,OK,0,0,p_id ES 107 | p_id EN 106
2016-08,noticia,Global Competition Review-GCR – Fernando Carreño: ejecutor mexicano impulsa la desregulación de la industria de carga,si,https://www.vonwobeser.com/index.php/publicacion?p_id=87,si,https://www.vonwobeser.com/index.php/publication?p_id=86,si,https://webpage-von-wobeser-2026.replit.app/news/global-competition-review-gcr-fernando-carreno-mexican-enforcer-urges-freight-in,si,https://webpage-von-wobeser-2026.replit.app/news/global-competition-review-gcr-fernando-carreno-mexican-enforcer-urges-freight-in?lang=en,En ambas,OK,0,0,p_id ES 87 | p_id EN 86
2016-08,noticia,GCR-Global Competition Review - Las guerras territoriales: la amenaza de separaciones entre las autoridades de competencia de México,si,https://www.vonwobeser.com/index.php/publicacion?p_id=91,si,https://www.vonwobeser.com/index.php/publication?p_id=90,si,https://webpage-von-wobeser-2026.replit.app/news/gcr-global-competition-review-turf-wars-the-threat-of-stand-offs-between-mexico-,si,https://webpage-von-wobeser-2026.replit.app/news/gcr-global-competition-review-turf-wars-the-threat-of-stand-offs-between-mexico-?lang=en,En ambas,OK,0,0,p_id ES 91 | p_id EN 90
2016-08,noticia,Fernando Carreño - GCR – Global Competition Review: Mexico’s competition bar,si,https://www.vonwobeser.com/index.php/publicacion?p_id=83,si,https://www.vonwobeser.com/index.php/publication?p_id=82,si,https://webpage-von-wobeser-2026.replit.app/news/fernando-carreno-gcr-global-competition-review-mexico-s-competition-bar,si,https://webpage-von-wobeser-2026.replit.app/news/fernando-carreno-gcr-global-competition-review-mexico-s-competition-bar?lang=en,En ambas,OK,0,0,p_id ES 83 | p_id EN 82
2016-08,noticia,"Andrés Nieto – Global Pound Conference: El futuro de la resolución de controversias y la mejora del acceso a la justicia- 25 de Agosto, 2016",si,https://www.vonwobeser.com/index.php/publicacion?p_id=101,si,https://www.vonwobeser.com/index.php/publication?p_id=100,si,https://webpage-von-wobeser-2026.replit.app/news/andres-nieto-global-pound-conference-shaping-the-future-of-dispute-resolution-an,si,https://webpage-von-wobeser-2026.replit.app/news/andres-nieto-global-pound-conference-shaping-the-future-of-dispute-resolution-an?lang=en,En ambas | revisar texto,OK,0,0,p_id ES 101 | p_id EN 100
2016-08,articulo,"Adrián Magallanes, Diego Sierra – ICLG - The International Comparative Legal Guide: Arbitraje Internacional 2016.",si,https://www.vonwobeser.com/index.php/publicacion?p_id=198,si,https://www.vonwobeser.com/index.php/publication?p_id=197,si,https://webpage-von-wobeser-2026.replit.app/news/adrian-magallanes-diego-sierra-iclg-the-international-comparative-legal-guide-ar,si,https://webpage-von-wobeser-2026.replit.app/news/adrian-magallanes-diego-sierra-iclg-the-international-comparative-legal-guide-in?lang=en,En ambas,OK,0,0,p_id ES 198 | p_id EN 197
2016-08,noticia,"Adrián Magallanes – Global Pound Conference: El futuro de la resolución de controversias y la mejora del acceso a la justicia- 25 de Agosto, 2016",si,https://www.vonwobeser.com/index.php/publicacion?p_id=103,si,https://www.vonwobeser.com/index.php/publication?p_id=102,si,https://webpage-von-wobeser-2026.replit.app/news/adrian-magallanes-global-pound-conference-shaping-the-future-of-dispute-resoluti,si,https://webpage-von-wobeser-2026.replit.app/news/adrian-magallanes-global-pound-conference-shaping-the-future-of-dispute-resoluti?lang=en,En ambas | revisar texto,OK,0,0,p_id ES 103 | p_id EN 102
2016-07,noticia,El nuevo paradigma de anticorrupción en México,si,https://www.vonwobeser.com/index.php/publicacion?p_id=111,si,https://www.vonwobeser.com/index.php/publication?p_id=110,si,https://webpage-von-wobeser-2026.replit.app/news/mexico-s-new-anti-corruption-paradigm,si,https://webpage-von-wobeser-2026.replit.app/news/mexico-s-new-anti-corruption-paradigm?lang=en,En ambas | revisar texto,OK,0,0,p_id ES 111 | p_id EN 110
2016-07,noticia,Comunicado sobre Protección de Datos Personales en México,si,https://www.vonwobeser.com/index.php/publicacion?p_id=109,si,https://www.vonwobeser.com/index.php/publication?p_id=108,si,https://webpage-von-wobeser-2026.replit.app/news/communication-regarding-mexican-data-privacy-protection,si,https://webpage-von-wobeser-2026.replit.app/news/communication-regarding-mexican-data-privacy-protection?lang=en,En ambas,OK,0,0,p_id ES 109 | p_id EN 108
2016-06,noticia,"Von Wobeser, Aziz & Kaye and Chévez Ruiz firman la venta de agencia publicitaria.",si,https://www.vonwobeser.com/index.php/publicacion?p_id=138,si,https://www.vonwobeser.com/index.php/publication?p_id=137,si,https://webpage-von-wobeser-2026.replit.app/news/von-wobeser-aziz-kaye-and-chevez-ruiz-firman-la-venta-de-agencia-publicitaria,si,https://webpage-von-wobeser-2026.replit.app/news/von-wobeser-aziz-kaye-and-chevez-ruiz-sign-advertising-sale?lang=en,En ambas,OK,0,0,p_id ES 138 | p_id EN 137
2016-06,noticia,Próxima entrada en vigor del Sistema de Oposición en México,si,https://www.vonwobeser.com/index.php/publicacion?p_id=142,si,https://www.vonwobeser.com/index.php/publication?p_id=141,si,https://webpage-von-wobeser-2026.replit.app/news/proxima-entrada-en-vigor-del-sistema-de-oposicion-en-mexico,si,https://webpage-von-wobeser-2026.replit.app/news/forthcoming-entrance-into-force-of-the-opposition-system-in-mexico?lang=en,En ambas | revisar texto,OK,0,0,p_id ES 142 | p_id EN 141
2016-06,noticia,Modificaciones a las Bases y Modelos de Contrato de la Convocatoria para Aguas Profundas del Golfo de México,si,https://www.vonwobeser.com/index.php/publicacion?p_id=136,si,https://www.vonwobeser.com/index.php/publication?p_id=135,si,https://webpage-von-wobeser-2026.replit.app/news/modificaciones-a-las-bases-y-modelos-de-contrato-de-la-convocatoria-para-aguas-p,si,https://webpage-von-wobeser-2026.replit.app/news/modifications-to-the-model-contract-and-legal-basis-of-the-bidding-process-for-d?lang=en,En ambas,OK,0,0,p_id ES 136 | p_id EN 135
2016-06,noticia,"Luis Burgueño, Edmond Grieger, Rodolfo Trampe, Gloria Martínez, Laura Maldonado, Ariel Garfio, Alix Trimmer – Latin Lawyer: Coca Cola compra la bebida de soja de Unilever",si,https://www.vonwobeser.com/index.php/publicacion?p_id=132,si,https://www.vonwobeser.com/index.php/publication?p_id=131,si,https://webpage-von-wobeser-2026.replit.app/news/luis-burgueno-edmond-grieger-rodolfo-trampe-gloria-martinez-laura-maldonado-arie-2,si,https://webpage-von-wobeser-2026.replit.app/news/luis-burgueno-edmond-grieger-rodolfo-trampe-gloria-martinez-laura-maldonado-arie?lang=en,En ambas,OK,0,0,p_id ES 132 | p_id EN 131
2016-06,noticia,Latin Lawyer: Panama Papers leak sparks Mexican investigation – Fernando Carreño,si,https://www.vonwobeser.com/index.php/publicacion?p_id=115,si,https://www.vonwobeser.com/index.php/publication?p_id=114,si,https://webpage-von-wobeser-2026.replit.app/news/latin-lawyer-panama-papers-leak-sparks-mexican-investigation-fernando-carreno,si,https://webpage-von-wobeser-2026.replit.app/news/latin-lawyer-panama-papers-leak-sparks-mexican-investigation-fernando-carreno?lang=en,En ambas,OK,0,0,p_id ES 115 | p_id EN 114
2016-06,noticia,Latin Lawyer: México aprueba “loca” ley de transparencia – Adrián Magallanes,si,https://www.vonwobeser.com/index.php/publicacion?p_id=119,si,https://www.vonwobeser.com/index.php/publication?p_id=118,si,https://webpage-von-wobeser-2026.replit.app/news/latin-lawyer-mexico-passes-crazy-transparency-law-adrian-magallanes,si,https://webpage-von-wobeser-2026.replit.app/news/latin-lawyer-mexico-passes-crazy-transparency-law-adrian-magallanes?lang=en,En ambas,OK,0,0,p_id ES 119 | p_id EN 118
2016-06,noticia,"Latin Lawyer – Andrés Nieto, Edmond Grieger, Rodolfo Trampe, Alberto Córdoba, Alix Trimmer y Roberto Flores - Paul Weiss y Von Wobeser firman adquisición electrónica.",si,https://www.vonwobeser.com/index.php/publicacion?p_id=140,si,https://www.vonwobeser.com/index.php/publication?p_id=139,si,https://webpage-von-wobeser-2026.replit.app/news/latin-lawyer-andres-nieto-edmond-grieger-rodolfo-trampe-alberto-cordoba-alix-tri-2,si,https://webpage-von-wobeser-2026.replit.app/news/latin-lawyer-andres-nieto-edmond-grieger-rodolfo-trampe-alberto-cordoba-alix-tri?lang=en,En ambas,OK,0,0,p_id ES 140 | p_id EN 139
2016-06,noticia,Global Investigations Review (GIR): México aprueba “loca” ley de transparencia – Adrián Magallanes,si,https://www.vonwobeser.com/index.php/publicacion?p_id=121,si,https://www.vonwobeser.com/index.php/publication?p_id=120,si,https://webpage-von-wobeser-2026.replit.app/news/global-investigations-review-gir-mexico-passes-crazy-transparency-law-adrian-mag,si,https://webpage-von-wobeser-2026.replit.app/news/global-investigations-review-gir-mexico-passes-crazy-transparency-law-adrian-mag?lang=en,En ambas,OK,0,0,p_id ES 121 | p_id EN 120
2016-06,noticia,Global Competition Review (GCR): Panama Papers leak sparks Mexican investigation – Fernando Carreño,si,https://www.vonwobeser.com/index.php/publicacion?p_id=117,si,https://www.vonwobeser.com/index.php/publication?p_id=116,si,https://webpage-von-wobeser-2026.replit.app/news/global-competition-review-gcr-panama-papers-leak-sparks-mexican-investigation-fe,si,https://webpage-von-wobeser-2026.replit.app/news/global-competition-review-gcr-panama-papers-leak-sparks-mexican-investigation-fe?lang=en,En ambas,OK,0,0,p_id ES 117 | p_id EN 116
2016-06,noticia,Global Arbitration Review (GAR) – Modelo takes Crown in beer dispute.,si,https://www.vonwobeser.com/index.php/publicacion?p_id=127,si,https://www.vonwobeser.com/index.php/publication?p_id=126,si,https://webpage-von-wobeser-2026.replit.app/news/global-arbitration-review-gar-modelo-takes-crown-in-beer-dispute-2,si,https://webpage-von-wobeser-2026.replit.app/news/global-arbitration-review-gar-modelo-takes-crown-in-beer-dispute?lang=en,En ambas,OK,0,0,p_id ES 127 | p_id EN 126
2016-06,noticia,Criterio sobre el cálculo de salarios caídos,si,https://www.vonwobeser.com/index.php/publicacion?p_id=129,si,https://www.vonwobeser.com/index.php/publication?p_id=128,si,https://webpage-von-wobeser-2026.replit.app/news/criterio-sobre-el-calculo-de-salarios-caidos,si,https://webpage-von-wobeser-2026.replit.app/news/ruling-on-calculation-of-back-wages?lang=en,En ambas | revisar texto,OK,0,0,p_id ES 129 | p_id EN 128
2016-06,noticia,Congreso Mexicano Emite Regulación Secundaria Anticorrupción,si,https://www.vonwobeser.com/index.php/publicacion?p_id=113,si,https://www.vonwobeser.com/index.php/publication?p_id=112,si,https://webpage-von-wobeser-2026.replit.app/news/mexican-congress-issues-secondary-anticorruption-regulations,si,https://webpage-von-wobeser-2026.replit.app/news/mexican-congress-issues-secondary-anticorruption-regulations?lang=en,En ambas,OK,0,0,p_id ES 113 | p_id EN 112
2016-05,noticia,Luis Burgueño - LACCA (Latin American Corporate Counsel Association): Top 100 México,si,https://www.vonwobeser.com/index.php/publicacion?p_id=144,si,https://www.vonwobeser.com/index.php/publication?p_id=143,si,https://webpage-von-wobeser-2026.replit.app/news/luis-burgueno-lacca-latin-american-corporate-counsel-association-top-100-mexico-2,si,https://webpage-von-wobeser-2026.replit.app/news/luis-burgueno-lacca-latin-american-corporate-counsel-association-top-100-mexico?lang=en,En ambas,OK,0,0,p_id ES 144 | p_id EN 143
2016-05,noticia,Latin Lawyer: COFECE keeps focus on Mexico City airport – Fernando Carreño,si,https://www.vonwobeser.com/index.php/publicacion?p_id=154,si,https://www.vonwobeser.com/index.php/publication?p_id=153,si,https://webpage-von-wobeser-2026.replit.app/news/latin-lawyer-cofece-keeps-focus-on-mexico-city-airport-fernando-carreno-2,si,https://webpage-von-wobeser-2026.replit.app/news/latin-lawyer-cofece-keeps-focus-on-mexico-city-airport-fernando-carreno?lang=en,En ambas,OK,0,0,p_id ES 154 | p_id EN 153
2016-05,noticia,Latin Lawyer – 2016 - AB InBev/SABMiller elimina obstáculos en América latina.,si,https://www.vonwobeser.com/index.php/publicacion?p_id=156,si,https://www.vonwobeser.com/index.php/publication?p_id=155,si,https://webpage-von-wobeser-2026.replit.app/news/latin-lawyer-2016-ab-inbev-sabmiller-elimina-obstaculos-en-america-latina,si,https://webpage-von-wobeser-2026.replit.app/news/latin-lawyer-2016-ab-inbev-sabmiller-clears-latin-american-hurdles?lang=en,En ambas,OK,0,0,p_id ES 156 | p_id EN 155
2016-05,noticia,Global Competition Review – GCR - AB InBev/SABMiller elimina obstáculos en América latina.,si,https://www.vonwobeser.com/index.php/publicacion?p_id=158,si,https://www.vonwobeser.com/index.php/publication?p_id=157,si,https://webpage-von-wobeser-2026.replit.app/news/global-competition-review-gcr-ab-inbev-sabmiller-elimina-obstaculos-en-america-l,si,https://webpage-von-wobeser-2026.replit.app/news/global-competition-review-gcr-ab-inbev-sabmiller-clears-latin-american-hurdles?lang=en,En ambas,OK,0,0,p_id ES 158 | p_id EN 157
2016-05,noticia,"El CENACE convoca para la Segunda Subasta de Largo Plazo de Energía Eléctrica, CELs y Potencia",si,https://www.vonwobeser.com/index.php/publicacion?p_id=152,si,https://www.vonwobeser.com/index.php/publication?p_id=151,si,https://webpage-von-wobeser-2026.replit.app/news/el-cenace-convoca-para-la-segunda-subasta-de-largo-plazo-de-energia-electrica-ce,si,https://webpage-von-wobeser-2026.replit.app/news/cenace-publishes-the-second-long-term-auction-for-energy-cels-and-capacity?lang=en,En ambas | revisar texto,OK,0,0,p_id ES 152 | p_id EN 151
2016-05,articulo,Edmond Grieger- Grupo Reforma; The energy issue – New Rules – Inversión en la energía renovable en México.,si,https://www.vonwobeser.com/index.php/publicacion?p_id=204,si,https://www.vonwobeser.com/index.php/publication?p_id=203,si,https://webpage-von-wobeser-2026.replit.app/news/edmond-grieger-grupo-reforma-the-energy-issue-new-rules-inversion-en-la-energia-,si,https://webpage-von-wobeser-2026.replit.app/news/edmond-grieger-grupo-reforma-the-energy-issue-new-rules-investing-in-the-mexican?lang=en,En ambas,OK,0,0,p_id ES 204 | p_id EN 203
2016-05,noticia,"Claus von Wobeser, Adrián Magallanes- Global Arbitration Review (GAR): Kirby issues emergency order in Mexican port dispute.",si,https://www.vonwobeser.com/index.php/publicacion?p_id=146,si,https://www.vonwobeser.com/index.php/publication?p_id=145,si,https://webpage-von-wobeser-2026.replit.app/news/claus-von-wobeser-adrian-magallanes-global-arbitration-review-gar-kirby-issues-e-2,si,https://webpage-von-wobeser-2026.replit.app/news/claus-von-wobeser-adrian-magallanes-global-arbitration-review-gar-kirby-issues-e?lang=en,En ambas,OK,0,0,p_id ES 146 | p_id EN 145
2016-05,noticia,"Claus von Wobeser, Adrián Magallanes, Katerina Lundahl, Pablo Fautsch y Rodrigo Macin, Latin Lawyer: Arbitro emite orden de emergencia por la disputa de terminal portuaria mexicana.",si,https://www.vonwobeser.com/index.php/publicacion?p_id=148,si,https://www.vonwobeser.com/index.php/publication?p_id=147,si,https://webpage-von-wobeser-2026.replit.app/news/claus-von-wobeser-adrian-magallanes-katerina-lundahl-pablo-fautsch-y-rodrigo-mac-2,si,https://webpage-von-wobeser-2026.replit.app/news/claus-von-wobeser-adrian-magallanes-katerina-lundahl-pablo-fautsch-y-rodrigo-mac?lang=en,En ambas,OK,0,0,p_id ES 148 | p_id EN 147
2016-05,noticia,CONAGUA- beneficios para los concesionarios que cuenten con títulos vencidos o que no hayan sido prorrogados,si,https://www.vonwobeser.com/index.php/publicacion?p_id=150,si,https://www.vonwobeser.com/index.php/publication?p_id=149,si,https://webpage-von-wobeser-2026.replit.app/news/conagua-beneficios-para-los-concesionarios-que-cuenten-con-titulos-vencidos-o-qu,si,https://webpage-von-wobeser-2026.replit.app/news/conagua-benefits-to-concessionaires-whose-water-concession-titles-expired-or-wer?lang=en,En ambas | revisar texto,OK,0,0,p_id ES 150 | p_id EN 149
2016-04,noticia,Se implementa en México el sistema de oposición en el derecho marcario,si,https://www.vonwobeser.com/index.php/publicacion?p_id=166,si,https://www.vonwobeser.com/index.php/publication?p_id=165,si,https://webpage-von-wobeser-2026.replit.app/news/se-implementa-en-mexico-el-sistema-de-oposicion-en-el-derecho-marcario,si,https://webpage-von-wobeser-2026.replit.app/news/the-opposition-system-in-trademark-law-is-implemented-in-mexico?lang=en,En ambas,OK,0,0,p_id ES 166 | p_id EN 165
2016-04,noticia,Rodolfo Trampe - International Bar Association (IBA) – Annual Employment and Discrimation Law Conference 2016,si,https://www.vonwobeser.com/index.php/publicacion?p_id=160,si,https://www.vonwobeser.com/index.php/publication?p_id=159,si,https://webpage-von-wobeser-2026.replit.app/news/rodolfo-trampe-international-bar-association-iba-annual-employment-and-discrimat,si,https://webpage-von-wobeser-2026.replit.app/news/rodolfo-trampe-international-bar-association-iba-iba-annual-employment-and-discr?lang=en,En ambas | revisar texto,OK,0,0,p_id ES 160 | p_id EN 159
2016-04,noticia,Mars compra productor de chocolates de la marca Conejo en México.,si,https://www.vonwobeser.com/index.php/publicacion?p_id=162,si,https://www.vonwobeser.com/index.php/publication?p_id=161,si,https://webpage-von-wobeser-2026.replit.app/news/mars-compra-productor-de-chocolates-de-la-marca-conejo-en-mexico,si,https://webpage-von-wobeser-2026.replit.app/news/mars-buys-mexico-s-conejos-chocolate-maker?lang=en,En ambas,OK,0,0,p_id ES 162 | p_id EN 161
2016-04,noticia,LACCA: Quien representa las grandes empresas de América Latina 2015,si,https://www.vonwobeser.com/index.php/publicacion?p_id=164,si,https://www.vonwobeser.com/index.php/publication?p_id=163,si,https://webpage-von-wobeser-2026.replit.app/news/lacca-quien-representa-las-grandes-empresas-de-america-latina-2015,si,https://webpage-von-wobeser-2026.replit.app/news/lacca-who-represents-latin-america-s-biggest-companies-2015?lang=en,En ambas,OK,0,0,p_id ES 164 | p_id EN 163
2016-04,noticia,"Global Arbitration Review 100 (GAR 100) - Claus von Wobeser, Diego Sierra: Panel de ICC resuelve controversia de bebidas mexicanas",si,https://www.vonwobeser.com/index.php/publicacion?p_id=168,si,https://www.vonwobeser.com/index.php/publication?p_id=167,si,https://webpage-von-wobeser-2026.replit.app/news/global-arbitration-review-100-gar-100-claus-von-wobeser-diego-sierra-panel-de-ic,si,https://webpage-von-wobeser-2026.replit.app/news/global-arbitration-review-100-gar-100-claus-von-wobeser-diego-sierra-icc-panel-r?lang=en,En ambas,OK,0,0,p_id ES 168 | p_id EN 167
2016-04,articulo,"Daniel Huth - Daniel Huth, *Aportación Especial de Edmond Grieger - OGEL – Oil, Gas & Energy Law – Marzo 2016.",si,https://www.vonwobeser.com/index.php/publicacion?p_id=208,si,https://www.vonwobeser.com/index.php/publication?p_id=207,si,https://webpage-von-wobeser-2026.replit.app/news/daniel-huth-daniel-huth-aportacion-especial-de-edmond-grieger-ogel-oil-gas-energ,si,https://webpage-von-wobeser-2026.replit.app/news/daniel-huth-daniel-huth-special-input-from-edmond-grieger-ogel-oil-gas-energy-la?lang=en,En ambas,OK,0,0,p_id ES 208 | p_id EN 207
2016-03,noticia,Sociedades por Acciones Simplificadas: La nueva promesa para las empresas en México,si,https://www.vonwobeser.com/index.php/publicacion?p_id=172,si,https://www.vonwobeser.com/index.php/publication?p_id=171,si,https://webpage-von-wobeser-2026.replit.app/news/sociedades-por-acciones-simplificadas-la-nueva-promesa-para-las-empresas-en-mexi,si,https://webpage-von-wobeser-2026.replit.app/news/simplified-stock-companies-the-new-promise-for-businesses-in-mexico?lang=en,En ambas,Roto: 2,2,0,p_id ES 172 | p_id EN 171
2016-03,noticia,"Latin Lawyer-Claus von Wobeser, Diego Sierra: Panel de ICC resuelve controversia de bebidas mexicanas",si,https://www.vonwobeser.com/index.php/publicacion?p_id=170,si,https://www.vonwobeser.com/index.php/publication?p_id=169,si,https://webpage-von-wobeser-2026.replit.app/news/latin-lawyer-claus-von-wobeser-diego-sierra-panel-de-icc-resuelve-controversia-d,si,https://webpage-von-wobeser-2026.replit.app/news/latin-lawyer-claus-von-wobeser-diego-sierra-icc-panel-resolves-mexican-drinks-di?lang=en,En ambas,OK,0,0,p_id ES 170 | p_id EN 169
2016-03,articulo,"Fernando Carreño, Paloma Alcántara - Fernando Carreño, Paloma Alcántara- Law Business Research, The Public Competition Enforcement Review – 8.ª Edición: México",si,https://www.vonwobeser.com/index.php/publicacion?p_id=212,si,https://www.vonwobeser.com/index.php/publication?p_id=211,si,https://webpage-von-wobeser-2026.replit.app/news/fernando-carreno-paloma-alcantara-fernando-carreno-paloma-alcantara-law-business-2,si,https://webpage-von-wobeser-2026.replit.app/news/fernando-carreno-paloma-alcantara-fernando-carreno-paloma-alcantara-law-business?lang=en,En ambas,OK,0,0,p_id ES 212 | p_id EN 211
2016-02,noticia,Modificación al Protocolo de actuación en materia de contrataciones públicas,si,https://www.vonwobeser.com/index.php/publicacion?p_id=174,si,https://www.vonwobeser.com/index.php/publication?p_id=173,si,https://webpage-von-wobeser-2026.replit.app/news/modificacion-al-protocolo-de-actuacion-en-materia-de-contrataciones-publicas,si,https://webpage-von-wobeser-2026.replit.app/news/amendment-to-the-protocol-of-conduct-in-public-procurement?lang=en,En ambas,OK,0,0,p_id ES 174 | p_id EN 173
2016-02,articulo,"Edmond Grieger con la colaboración de Daniel Huth (Asociado extranjero) - Financier Worldwide, Energía y Servicios Públicos 2016",si,https://www.vonwobeser.com/index.php/publicacion?p_id=216,si,https://www.vonwobeser.com/index.php/publication?p_id=215,si,https://webpage-von-wobeser-2026.replit.app/news/edmond-grieger-con-la-colaboracion-de-daniel-huth-asociado-extranjero-financier-,si,https://webpage-von-wobeser-2026.replit.app/news/edmond-grieger-with-the-colaboration-of-daniel-huth-foreign-associate-financier-?lang=en,En ambas,OK,0,0,p_id ES 216 | p_id EN 215
2016-02,noticia,Constitucionalidad del límite a los salarios vencidos contemplado en la reforma a la Ley Federal del Trabajo de 2012,si,https://www.vonwobeser.com/index.php/publicacion?p_id=178,si,https://www.vonwobeser.com/index.php/publication?p_id=177,si,https://webpage-von-wobeser-2026.replit.app/news/constitucionalidad-del-limite-a-los-salarios-vencidos-contemplado-en-la-reforma-,si,https://webpage-von-wobeser-2026.replit.app/news/constitutionality-of-the-limit-on-back-wages-introduced-in-the-2012-reform-of-th?lang=en,En ambas,OK,0,0,p_id ES 178 | p_id EN 177
2016-02,noticia,Comentarios al Modelo de Contrato de Licencia para la licitación de exploración en aguas profundas - 2016,si,https://www.vonwobeser.com/index.php/publicacion?p_id=176,si,https://www.vonwobeser.com/index.php/publication?p_id=175,si,https://webpage-von-wobeser-2026.replit.app/news/comentarios-al-modelo-de-contrato-de-licencia-para-la-licitacion-de-exploracion-,si,https://webpage-von-wobeser-2026.replit.app/news/overview-of-the-model-licensing-contract-for-the-deep-water-exploration-bid-2016?lang=en,En ambas,OK,0,0,p_id ES 176 | p_id EN 175
2016-01,noticia,"Rodolfo Trampe es nombrado Socio de Von Wobeser y Sierra, S.C.",si,https://www.vonwobeser.com/index.php/publicacion?p_id=186,si,https://www.vonwobeser.com/index.php/publication?p_id=185,si,https://webpage-von-wobeser-2026.replit.app/news/rodolfo-trampe-es-nombrado-socio-de-von-wobeser-y-sierra-s-c,si,https://webpage-von-wobeser-2026.replit.app/news/rodolfo-trampe-becomes-partner-in-von-wobeser-y-sierra-s-c?lang=en,En ambas,OK,0,0,p_id ES 186 | p_id EN 185
2016-01,noticia,Paquete Fiscal 2016,si,https://www.vonwobeser.com/index.php/publicacion?p_id=184,si,https://www.vonwobeser.com/index.php/publication?p_id=183,si,https://webpage-von-wobeser-2026.replit.app/news/paquete-fiscal-2016,si,https://webpage-von-wobeser-2026.replit.app/news/tax-package-2016?lang=en,En ambas,OK,0,0,p_id ES 184 | p_id EN 183
2016-01,noticia,Latin Lawyer-Nuevos Socios nombrados en despachos de México,si,https://www.vonwobeser.com/index.php/publicacion?p_id=180,si,https://www.vonwobeser.com/index.php/publication?p_id=179,si,https://webpage-von-wobeser-2026.replit.app/news/latin-lawyer-nuevos-socios-nombrados-en-despachos-de-mexico,si,https://webpage-von-wobeser-2026.replit.app/news/latin-lawyer-new-partners-promoted-at-mexican-firms?lang=en,En ambas | revisar texto,OK,0,0,p_id ES 180 | p_id EN 179
2016-01,noticia,Decreto que reforma los artículos 29 y 35; y adiciona los artículos 29 Ter y Quáter de la Ley del INFONAVIT,si,https://www.vonwobeser.com/index.php/publicacion?p_id=188,si,https://www.vonwobeser.com/index.php/publication?p_id=187,si,https://webpage-von-wobeser-2026.replit.app/news/decreto-que-reforma-los-articulos-29-y-35-y-adiciona-los-articulos-29-ter-y-quat,si,https://webpage-von-wobeser-2026.replit.app/news/executive-order-amending-articles-29-and-35-and-adding-articles-29-ter-and-quate?lang=en,En ambas,OK,0,0,p_id ES 188 | p_id EN 187
2015-12,noticia,VWYS apoya y celebra la Judicial Integrity Initiative de la IBA mediante la presentación de los resultados preliminares de la JII,si,https://www.vonwobeser.com/index.php/publicacion?p_id=733,si,https://www.vonwobeser.com/index.php/publication?p_id=732,si,https://webpage-von-wobeser-2026.replit.app/news/vwys-apoya-y-celebra-la-judicial-integrity-initiative-de-la-iba-mediante-la-pres,si,https://webpage-von-wobeser-2026.replit.app/news/von-wobeser-y-sierra-supports-and-celebrates-the-international-bar-association-s?lang=en,En ambas,OK,0,0,p_id ES 733 | p_id EN 732
2015-12,noticia,Se publica Acuerdo por el que se crea el SIAAT y se dan a conocer los formatos para informar los accidentes y defunciones de los trabajadores,si,https://www.vonwobeser.com/index.php/publicacion?p_id=731,si,https://www.vonwobeser.com/index.php/publication?p_id=730,si,https://webpage-von-wobeser-2026.replit.app/news/se-publica-acuerdo-por-el-que-se-crea-el-siaat-y-se-dan-a-conocer-los-formatos-p,si,https://webpage-von-wobeser-2026.replit.app/news/resolution-creating-the-work-accidents-notice-system-is-published-and-the-forms-?lang=en,En ambas,OK,0,0,p_id ES 731 | p_id EN 730
2015-12,noticia,Latin Lawyer- Pro Bono 2015: Leading Lights,si,https://www.vonwobeser.com/index.php/publicacion?p_id=739,si,https://www.vonwobeser.com/index.php/publication?p_id=738,si,https://webpage-von-wobeser-2026.replit.app/news/latin-lawyer-pro-bono-2015-leading-lights-2,si,https://webpage-von-wobeser-2026.replit.app/news/latin-lawyer-pro-bono-2015-leading-lights?lang=en,En ambas,OK,0,0,p_id ES 739 | p_id EN 738
2015-12,noticia,GCR- Reconoce Global Competition Review a Fernando Carreño,si,https://www.vonwobeser.com/index.php/publicacion?p_id=735,si,https://www.vonwobeser.com/index.php/publication?p_id=734,si,https://webpage-von-wobeser-2026.replit.app/news/gcr-reconoce-global-competition-review-a-fernando-carreno,si,https://webpage-von-wobeser-2026.replit.app/news/gcr-global-competition-review-recognizes-fernando-carreno?lang=en,En ambas,OK,0,0,p_id ES 735 | p_id EN 734
2015-12,noticia,"Dr. Edmund Duckwitz, Of Counsel en Von Wobeser y Sierra, S.C. ha recibido la más alta distinción del gobierno mexicano “La Orden Mexicana del Águila Azteca en grado de banda”",si,https://www.vonwobeser.com/index.php/publicacion?p_id=737,si,https://www.vonwobeser.com/index.php/publication?p_id=736,si,https://webpage-von-wobeser-2026.replit.app/news/dr-edmund-duckwitz-of-counsel-en-von-wobeser-y-sierra-s-c-ha-recibido-la-mas-alt,si,https://webpage-von-wobeser-2026.replit.app/news/dr-edmund-duckwitz-of-counsel-of-von-wobeser-y-sierra-s-c-has-received-the-highe?lang=en,En ambas | revisar texto,OK,0,0,p_id ES 737 | p_id EN 736
2015-12,noticia,"Dr. Edmund Duckwitz - Dr. Edmund Duckwitz, Of Counsel en Von Wobeser y Sierra, S.C. ha recibido la más alta distinción del gobierno mexicano “La Orden Mexicana del Águila Azteca en grado de banda”.",si,https://www.vonwobeser.com/index.php/publicacion?p_id=236,si,https://www.vonwobeser.com/index.php/publication?p_id=235,si,https://webpage-von-wobeser-2026.replit.app/news/dr-edmund-duckwitz-dr-edmund-duckwitz-of-counsel-en-von-wobeser-y-sierra-s-c-ha-,si,https://webpage-von-wobeser-2026.replit.app/news/dr-edmund-duckwitz-dr-edmund-duckwitz-of-counsel-of-von-wobeser-y-sierra-s-c-has?lang=en,En ambas | revisar texto,OK,0,0,p_id ES 236 | p_id EN 235
2015-12,articulo,Andrés Nieto - PLC Leading and taking security en México.,si,https://www.vonwobeser.com/index.php/publicacion?p_id=234,si,https://www.vonwobeser.com/index.php/publication?p_id=233,si,https://webpage-von-wobeser-2026.replit.app/news/andres-nieto-plc-leading-and-taking-security-en-mexico,si,https://webpage-von-wobeser-2026.replit.app/news/andres-nieto-plc-leading-and-taking-security-in-mexico?lang=en,En ambas,OK,0,0,p_id ES 234 | p_id EN 233
2015-11,noticia,Modificaciones a las bases de la licitación y al modelo de contrato de la tercera convocatoria de licitaciones de la ronda uno,si,https://www.vonwobeser.com/index.php/publicacion?p_id=741,si,https://www.vonwobeser.com/index.php/publication?p_id=740,si,https://webpage-von-wobeser-2026.replit.app/news/modificaciones-a-las-bases-de-la-licitacion-y-al-modelo-de-contrato-de-la-tercer,si,https://webpage-von-wobeser-2026.replit.app/news/amendments-to-the-bidding-guidelines-and-the-model-contract-of-the-third-invitat?lang=en,En ambas,OK,0,0,p_id ES 741 | p_id EN 740
2015-10,articulo,Rodolfo Trampe y Jorge Díaz - Getting the Deal Through-Outsourcing 2016,si,https://www.vonwobeser.com/index.php/publicacion?p_id=238,si,https://www.vonwobeser.com/index.php/publication?p_id=237,si,https://webpage-von-wobeser-2026.replit.app/news/rodolfo-trampe-y-jorge-diaz-getting-the-deal-through-outsourcing-2016-2,si,https://webpage-von-wobeser-2026.replit.app/news/rodolfo-trampe-y-jorge-diaz-getting-the-deal-through-outsourcing-2016?lang=en,En ambas,OK,0,0,p_id ES 238 | p_id EN 237
2015-10,noticia,Nuevos instrumentos de inversión en proyectos de energía e infraestructura: Fibras E,si,https://www.vonwobeser.com/index.php/publicacion?p_id=745,si,https://www.vonwobeser.com/index.php/publication?p_id=744,si,https://webpage-von-wobeser-2026.replit.app/news/nuevos-instrumentos-de-inversion-en-proyectos-de-energia-e-infraestructura-fibra,si,https://webpage-von-wobeser-2026.replit.app/news/new-investment-instruments-in-energy-and-infrastructure-projects-fibras-e?lang=en,En ambas,OK,0,0,p_id ES 745 | p_id EN 744
2015-10,articulo,"Luis Burgueño, Andrés Nieto - Getting The Deal Through, Market Intelligence, Capital Privado en México.",si,https://www.vonwobeser.com/index.php/publicacion?p_id=240,si,https://www.vonwobeser.com/index.php/publication?p_id=239,si,https://webpage-von-wobeser-2026.replit.app/news/luis-burgueno-andres-nieto-getting-the-deal-through-market-intelligence-capital-,si,https://webpage-von-wobeser-2026.replit.app/news/luis-burgueno-andres-nieto-getting-the-deal-through-market-intelligence-private-?lang=en,En ambas,OK,0,0,p_id ES 240 | p_id EN 239
2015-10,noticia,Conferencia Anual USMBA 2015: Energizando la Región Estados Unidos-México Región,si,https://www.vonwobeser.com/index.php/publicacion?p_id=743,si,https://www.vonwobeser.com/index.php/publication?p_id=742,si,https://webpage-von-wobeser-2026.replit.app/news/conferencia-anual-usmba-2015-energizando-la-region-estados-unidos-mexico-region,si,https://webpage-von-wobeser-2026.replit.app/news/von-wobeser-y-sierra-at-usmba-annual-conference-2015-energizing-the-us-mexico?lang=en,En ambas,OK,0,0,p_id ES 743 | p_id EN 742
2015-09,noticia,The Legal 500 Latin America,si,https://www.vonwobeser.com/index.php/publicacion?p_id=749,si,https://www.vonwobeser.com/index.php/publication?p_id=748,si,https://webpage-von-wobeser-2026.replit.app/news/the-legal-500-latin-america-2,si,https://webpage-von-wobeser-2026.replit.app/news/the-legal-500-latin-america?lang=en,En ambas | revisar texto,OK,0,0,p_id ES 749 | p_id EN 748
2015-09,noticia,Ronda Uno- Aspectos Legales Relevantes,si,https://www.vonwobeser.com/index.php/publicacion?p_id=757,si,https://www.vonwobeser.com/index.php/publication?p_id=756,si,https://webpage-von-wobeser-2026.replit.app/news/ronda-uno-aspectos-legales-relevantes,si,https://webpage-von-wobeser-2026.replit.app/news/round-one-relevant-legal-aspects?lang=en,En ambas | revisar texto,OK,0,0,p_id ES 757 | p_id EN 756
2015-09,articulo,"Luis Burgueño, Andrés Nieto - Law Business Research, Mergers & Acquisitions Review: México",si,https://www.vonwobeser.com/index.php/publicacion?p_id=250,si,https://www.vonwobeser.com/index.php/publication?p_id=249,si,https://webpage-von-wobeser-2026.replit.app/news/luis-burgueno-andres-nieto-law-business-research-mergers-acquisitions-review-mex-2,si,https://webpage-von-wobeser-2026.replit.app/news/luis-burgueno-andres-nieto-law-business-research-mergers-acquisitions-review-mex?lang=en,En ambas,OK,0,0,p_id ES 250 | p_id EN 249
2015-09,articulo,"Luis Burgueño, Andrés Nieto - International Bar Association, North American Regional Forum News, Sociedades de participación limitada: una nueva forma de invertir en México.",si,https://www.vonwobeser.com/index.php/publicacion?p_id=242,si,https://www.vonwobeser.com/index.php/publication?p_id=241,si,https://webpage-von-wobeser-2026.replit.app/news/luis-burgueno-andres-nieto-international-bar-association-north-american-regional-2,si,https://webpage-von-wobeser-2026.replit.app/news/luis-burgueno-andres-nieto-international-bar-association-north-american-regional?lang=en,En ambas,OK,0,0,p_id ES 242 | p_id EN 241
2015-09,noticia,Homologación del salario mínimo en todo el país,si,https://www.vonwobeser.com/index.php/publicacion?p_id=753,si,https://www.vonwobeser.com/index.php/publication?p_id=752,si,https://webpage-von-wobeser-2026.replit.app/news/homologacion-del-salario-minimo-en-todo-el-pais,si,https://webpage-von-wobeser-2026.replit.app/news/homologation-of-the-minimum-wage-throughout-the-country?lang=en,En ambas,OK,0,0,p_id ES 753 | p_id EN 752
2015-09,noticia,GIR 100 Selected firm 2015,si,https://www.vonwobeser.com/index.php/publicacion?p_id=747,si,https://www.vonwobeser.com/index.php/publication?p_id=746,si,https://webpage-von-wobeser-2026.replit.app/news/gir-100-selected-firm-2015-2,si,https://webpage-von-wobeser-2026.replit.app/news/gir-100-selected-firm-2015?lang=en,En ambas | revisar texto,OK,0,0,p_id ES 747 | p_id EN 746
2015-09,articulo,"Fernando Carreño, Paloma Alcántara - Global Competition Review, The Antitrust Review of the Americas 2016, México.",si,https://www.vonwobeser.com/index.php/publicacion?p_id=248,si,https://www.vonwobeser.com/index.php/publication?p_id=247,si,https://webpage-von-wobeser-2026.replit.app/news/fernando-carreno-paloma-alcantara-global-competition-review-the-antitrust-review-3,si,https://webpage-von-wobeser-2026.replit.app/news/fernando-carreno-paloma-alcantara-global-competition-review-mexico-overview-the-?lang=en,En ambas,OK,0,0,p_id ES 248 | p_id EN 247
2015-09,articulo,"Diego Sierra - Global Investigations Review, Reforma de anticorrupción en México.",si,https://www.vonwobeser.com/index.php/publicacion?p_id=252,si,https://www.vonwobeser.com/index.php/publication?p_id=251,si,https://webpage-von-wobeser-2026.replit.app/news/diego-sierra-global-investigations-review-reforma-de-anticorrupcion-en-mexico,si,https://webpage-von-wobeser-2026.replit.app/news/diego-sierra-global-investigations-review-anti-corruption-reform-in-mexico?lang=en,En ambas,OK,0,0,p_id ES 252 | p_id EN 251
2015-09,noticia,Chambers Latin America 2016,si,https://www.vonwobeser.com/index.php/publicacion?p_id=751,si,https://www.vonwobeser.com/index.php/publication?p_id=750,si,https://webpage-von-wobeser-2026.replit.app/news/chambers-latin-america-2016-2,si,https://webpage-von-wobeser-2026.replit.app/news/chambers-latin-america-2016?lang=en,En ambas | revisar texto,OK,0,0,p_id ES 751 | p_id EN 750
2015-09,articulo,Adrián Magallanes - PLC - Class Actions 1st Edition Global Guide.,si,https://www.vonwobeser.com/index.php/publicacion?p_id=244,si,https://www.vonwobeser.com/index.php/publication?p_id=243,si,https://webpage-von-wobeser-2026.replit.app/news/adrian-magallanes-plc-class-actions-1st-edition-global-guide-2,si,https://webpage-von-wobeser-2026.replit.app/news/adrian-magallanes-plc-class-actions-1st-edition-global-guide?lang=en,En ambas,OK,0,0,p_id ES 244 | p_id EN 243
2015-09,noticia,Acciones ejecutivas de la Secretaría de la Función Pública en materia de combate a la corrupción,si,https://www.vonwobeser.com/index.php/publicacion?p_id=755,si,https://www.vonwobeser.com/index.php/publication?p_id=754,si,https://webpage-von-wobeser-2026.replit.app/news/acciones-ejecutivas-de-la-secretaria-de-la-funcion-publica-en-materia-de-combate,si,https://webpage-von-wobeser-2026.replit.app/news/executive-actions-of-the-ministry-of-public-administration-in-the-fight-against-?lang=en,En ambas,OK,0,0,p_id ES 755 | p_id EN 754
2015-08,noticia,Modificaciones a las bases y al modelo de contrato de la Licitación No. CNH-R01-L02/2015,si,https://www.vonwobeser.com/index.php/publicacion?p_id=759,si,https://www.vonwobeser.com/index.php/publication?p_id=758,si,https://webpage-von-wobeser-2026.replit.app/news/modificaciones-a-las-bases-y-al-modelo-de-contrato-de-la-licitacion-no-cnh-r01-l,si,https://webpage-von-wobeser-2026.replit.app/news/modifications-to-the-bidding-rules-and-the-model-contract-of-the-bid-no-cnh-r01-?lang=en,En ambas,OK,0,0,p_id ES 759 | p_id EN 758
2015-07,noticia,Latin Lawyer – México investiga pensiones,si,https://www.vonwobeser.com/index.php/publicacion?p_id=763,si,https://www.vonwobeser.com/index.php/publication?p_id=762,si,https://webpage-von-wobeser-2026.replit.app/news/latin-lawyer-mexico-investiga-pensiones,si,https://webpage-von-wobeser-2026.replit.app/news/latin-lawyer-mexico-investigates-pensions-market?lang=en,En ambas,OK,0,0,p_id ES 763 | p_id EN 762
2015-07,noticia,Contratos de la Ronda Uno; Observaciones generales en materia de Obligaciones Ambientales,si,https://www.vonwobeser.com/index.php/publicacion?p_id=761,si,https://www.vonwobeser.com/index.php/publication?p_id=760,si,https://webpage-von-wobeser-2026.replit.app/news/contratos-de-la-ronda-uno-observaciones-generales-en-materia-de-obligaciones-amb,si,https://webpage-von-wobeser-2026.replit.app/news/round-one-contracts-environmental-obligations-overview?lang=en,En ambas,OK,0,0,p_id ES 761 | p_id EN 760
2015-06,noticia,"Von Wobeser y Sierra, S.C. es reconocido por Thompson Reuters en su reporte “2015 TrustLaw Index of Pro Bono 2015”",si,https://www.vonwobeser.com/index.php/publicacion?p_id=765,si,https://www.vonwobeser.com/index.php/publication?p_id=764,si,https://webpage-von-wobeser-2026.replit.app/news/von-wobeser-y-sierra-s-c-es-reconocido-por-thompson-reuters-en-su-reporte-2015-t,si,https://webpage-von-wobeser-2026.replit.app/news/von-wobeser-y-sierra-recognized-by-thompson-reuters-in-their-trustlaw-index-2015?lang=en,En ambas | revisar texto,Roto: 1,1,0,p_id ES 765 | p_id EN 764
2015-06,noticia,Se adiciona el artículo 29 Bis a la Ley del Instituto del Fondo de la Vivienda para los Trabajadores en materia de Subcontratación,si,https://www.vonwobeser.com/index.php/publicacion?p_id=767,si,https://www.vonwobeser.com/index.php/publication?p_id=766,si,https://webpage-von-wobeser-2026.replit.app/news/se-adiciona-el-articulo-29-bis-a-la-ley-del-instituto-del-fondo-de-la-vivienda-p,si,https://webpage-von-wobeser-2026.replit.app/news/article-29-bis-is-added-to-the-national-workers-housing-fund-institute-law-in-re?lang=en,En ambas,OK,0,0,p_id ES 767 | p_id EN 766
2015-06,noticia,Se Publica Reglamento de la Ley de Ayuda para los Trabajadores,si,https://www.vonwobeser.com/index.php/publicacion?p_id=771,si,https://www.vonwobeser.com/index.php/publication?p_id=770,si,https://webpage-von-wobeser-2026.replit.app/news/se-publica-reglamento-de-la-ley-de-ayuda-para-los-trabajadores,si,https://webpage-von-wobeser-2026.replit.app/news/regulation-of-the-workers-food-assistance-law-is-published?lang=en,En ambas,OK,0,0,p_id ES 771 | p_id EN 770
2015-06,noticia,Entra en vigor la Nueva Ley General de Transparencia y Acceso a la Información Pública,si,https://www.vonwobeser.com/index.php/publicacion?p_id=773,si,https://www.vonwobeser.com/index.php/publication?p_id=772,si,https://webpage-von-wobeser-2026.replit.app/news/entra-en-vigor-la-nueva-ley-general-de-transparencia-y-acceso-a-la-informacion-p,si,https://webpage-von-wobeser-2026.replit.app/news/the-new-transparency-and-access-to-public-information-act-enters-into-effect?lang=en,En ambas,OK,0,0,p_id ES 773 | p_id EN 772
2015-06,articulo,"Edmond Grieger - Financier Worldwide, Petróleo y Gas 2015",si,https://www.vonwobeser.com/index.php/publicacion?p_id=260,si,https://www.vonwobeser.com/index.php/publication?p_id=259,si,https://webpage-von-wobeser-2026.replit.app/news/edmond-grieger-financier-worldwide-petroleo-y-gas-2015,si,https://webpage-von-wobeser-2026.replit.app/news/edmond-grieger-financier-worldwide-oil-gas-2015-june-2015?lang=en,En ambas,OK,0,0,p_id ES 260 | p_id EN 259
2015-06,noticia,Bases de Licitación y Modelo de Contrato de Producción Compartida Definitivos Convocatoria 1 -Ronda Uno- Aguas Someras,si,https://www.vonwobeser.com/index.php/publicacion?p_id=769,si,https://www.vonwobeser.com/index.php/publication?p_id=768,si,https://webpage-von-wobeser-2026.replit.app/news/bases-de-licitacion-y-modelo-de-contrato-de-produccion-compartida-definitivos-co,si,https://webpage-von-wobeser-2026.replit.app/news/definitive-bidding-guidelines-and-production-sharing-contract-first-call-to-bid-?lang=en,En ambas,OK,0,0,p_id ES 769 | p_id EN 768
2015-06,noticia,"Andrés Nieto, Socio, conferencista en 4ta Conferencia Finanzas Corporativas Latin Lawyer en NY",si,https://www.vonwobeser.com/index.php/publicacion?p_id=775,si,https://www.vonwobeser.com/index.php/publication?p_id=774,si,https://webpage-von-wobeser-2026.replit.app/news/andres-nieto-socio-conferencista-en-4ta-conferencia-finanzas-corporativas-latin-,si,https://webpage-von-wobeser-2026.replit.app/news/andres-nieto-partner-speaker-at-latin-lawyer-s-4th-annual-corporate-finance-in-n?lang=en,En ambas | revisar texto,Roto: 1,1,0,p_id ES 775 | p_id EN 774
2015-05,articulo,"Claus von Wobeser, Adrian Magallanes - Chambers- Global Practice Guides, Arbitraje Internacional: México- Tendencias y Desarrollos, Mayo 2015, México.",si,https://www.vonwobeser.com/index.php/publicacion?p_id=264,si,https://www.vonwobeser.com/index.php/publication?p_id=263,si,https://webpage-von-wobeser-2026.replit.app/news/claus-von-wobeser-adrian-magallanes-chambers-global-practice-guides-arbitraje-in-2,si,https://webpage-von-wobeser-2026.replit.app/news/claus-von-wobeser-adrian-magallanes-chambers-global-practice-guides-internationa-2?lang=en,En ambas,OK,0,0,p_id ES 264 | p_id EN 263
2015-05,articulo,"Claus von Wobeser, Adrian Magallanes - Chambers- Global Practice Guides, Arbitraje Internacional: México- Aplicación de la Ley, Mayo 2015, México.",si,https://www.vonwobeser.com/index.php/publicacion?p_id=262,si,https://www.vonwobeser.com/index.php/publication?p_id=261,si,https://webpage-von-wobeser-2026.replit.app/news/claus-von-wobeser-adrian-magallanes-chambers-global-practice-guides-arbitraje-in,si,https://webpage-von-wobeser-2026.replit.app/news/claus-von-wobeser-adrian-magallanes-chambers-global-practice-guides-internationa?lang=en,En ambas,OK,0,0,p_id ES 262 | p_id EN 261
2015-04,noticia,Reforma en Materia de Combate a la Corrupción,si,https://www.vonwobeser.com/index.php/publicacion?p_id=777,si,https://www.vonwobeser.com/index.php/publication?p_id=776,si,https://webpage-von-wobeser-2026.replit.app/news/reforma-en-materia-de-combate-a-la-corrupcion,si,https://webpage-von-wobeser-2026.replit.app/news/reform-in-the-field-to-combat-corruption?lang=en,En ambas,OK,0,0,p_id ES 777 | p_id EN 776
2015-04,noticia,Cámara de Diputados aprueba reformas a la Ley Federal del Trabajo,si,https://www.vonwobeser.com/index.php/publicacion?p_id=779,si,https://www.vonwobeser.com/index.php/publication?p_id=778,si,https://webpage-von-wobeser-2026.replit.app/news/camara-de-diputados-aprueba-reformas-a-la-ley-federal-del-trabajo,si,https://webpage-von-wobeser-2026.replit.app/news/chamber-of-deputies-approves-reforms-to-the-federal-labor-law?lang=en,En ambas,OK,0,0,p_id ES 779 | p_id EN 778
2015-04,articulo,Andrés Nieto - Getting the Deal Through: Financiamiento Estructurado y Bursatilización,si,https://www.vonwobeser.com/index.php/publicacion?p_id=270,si,https://www.vonwobeser.com/index.php/publication?p_id=269,si,https://webpage-von-wobeser-2026.replit.app/news/andres-nieto-getting-the-deal-through-financiamiento-estructurado-y-bursatilizac,si,https://webpage-von-wobeser-2026.replit.app/news/andres-nieto-getting-the-deal-through-structured-finance-securitisation-april-20?lang=en,En ambas,OK,0,0,p_id ES 270 | p_id EN 269
2015-03,noticia,Latin Lawyer – México investiga el incremento en el alto precio del huevo,si,https://www.vonwobeser.com/index.php/publicacion?p_id=781,si,https://www.vonwobeser.com/index.php/publication?p_id=780,si,https://webpage-von-wobeser-2026.replit.app/news/latin-lawyer-mexico-investiga-el-incremento-en-el-alto-precio-del-huevo,si,https://webpage-von-wobeser-2026.replit.app/news/latin-lawyer-mexico-looks-to-crack-soaring-egg-prices?lang=en,En ambas,OK,0,0,p_id ES 781 | p_id EN 780
2015-03,noticia,"Latin Lawyer - Costa Rica desata polémica, con un examen de admisión para practicantes",si,https://www.vonwobeser.com/index.php/publicacion?p_id=783,si,https://www.vonwobeser.com/index.php/publication?p_id=782,si,https://webpage-von-wobeser-2026.replit.app/news/latin-lawyer-costa-rica-desata-polemica-con-un-examen-de-admision-para-practican,si,https://webpage-von-wobeser-2026.replit.app/news/latin-lawyer-costa-rica-sparks-debate-with-compulsory-bar-exam?lang=en,En ambas,OK,0,0,p_id ES 783 | p_id EN 782
2015-03,articulo,"Fernando Carreño - Chambers & Partners, Guía Práctica Legal; Competencia/ Carteles",si,https://www.vonwobeser.com/index.php/publicacion?p_id=297,si,https://www.vonwobeser.com/index.php/publication?p_id=271,si,https://webpage-von-wobeser-2026.replit.app/news/fernando-carreno-chambers-partners-guia-practica-legal-competencia-carteles,si,https://webpage-von-wobeser-2026.replit.app/news/fernando-carreno-chambers-partners-legal-practice-guide-competition-cartels-marc?lang=en,En ambas,OK,0,0,p_id ES 297 | p_id EN 271
2015-03,articulo,"Andrés Nieto - Getting The Deal Through, Regulación Bancaria en México",si,https://www.vonwobeser.com/index.php/publicacion?p_id=272,si,https://www.vonwobeser.com/index.php/publication?p_id=300,si,https://webpage-von-wobeser-2026.replit.app/news/andres-nieto-getting-the-deal-through-regulacion-bancaria-en-mexico,si,https://webpage-von-wobeser-2026.replit.app/news/andres-nieto-getting-the-deal-through-banking-regulation-in-mexico-march-2015?lang=en,En ambas,OK,0,0,p_id ES 272 | p_id EN 300
2015-02,noticia,Latin Lawyer- Von Wobeser en Estados Unidos de América se encarga de componentes electrónicos,si,https://www.vonwobeser.com/index.php/publicacion?p_id=789,si,https://www.vonwobeser.com/index.php/publication?p_id=788,si,https://webpage-von-wobeser-2026.replit.app/news/latin-lawyer-von-wobeser-en-estados-unidos-de-america-se-encarga-de-componentes-,si,https://webpage-von-wobeser-2026.replit.app/news/latin-lawyer-von-wobeser-in-us-electrical-component-deal?lang=en,En ambas,Roto: 2,2,0,p_id ES 789 | p_id EN 788
2015-02,noticia,Latin Lawyer- Von Wobeser asesora a Grupo Modelo invertir en octava cervecería mexicana,si,https://www.vonwobeser.com/index.php/publicacion?p_id=785,si,https://www.vonwobeser.com/index.php/publication?p_id=784,si,https://webpage-von-wobeser-2026.replit.app/news/latin-lawyer-von-wobeser-asesora-a-grupo-modelo-invertir-en-octava-cerveceria-me,si,https://webpage-von-wobeser-2026.replit.app/news/von-wobeser-helps-grupo-modelo-invest-in-eighth-mexican-brewery?lang=en,En ambas,OK,0,0,p_id ES 785 | p_id EN 784
2015-02,noticia,Latin American Corporate Counsel Association (LACCA) –Top 100: México.,si,https://www.vonwobeser.com/index.php/publicacion?p_id=793,si,https://www.vonwobeser.com/index.php/publication?p_id=792,si,https://webpage-von-wobeser-2026.replit.app/news/latin-american-corporate-counsel-association-lacca-top-100-mexico,si,https://webpage-von-wobeser-2026.replit.app/news/latin-american-corporate-counsel-association-lacca-top100-mexico?lang=en,En ambas,OK,0,0,p_id ES 793 | p_id EN 792
2015-02,noticia,"Guillermo Ortíz Mayagoitia, Consejero de Von Wobeser y Sierra (Ex Ministro de la Suprema Corte de Justicia de la Nación) y nuestro Socio, Diego Sierra participaron en la Judicial Integrity Initiative de la International Bar Association en Londres",si,https://www.vonwobeser.com/index.php/publicacion?p_id=791,si,https://www.vonwobeser.com/index.php/publication?p_id=790,si,https://webpage-von-wobeser-2026.replit.app/news/guillermo-ortiz-mayagoitia-consejero-de-von-wobeser-y-sierra-ex-ministro-de-la-s,si,https://webpage-von-wobeser-2026.replit.app/news/von-wobeser-y-sierra-s-of-counsel-guillermo-ortiz-mayagoitia-retired-presiding-j?lang=en,En ambas | revisar texto,OK,0,0,p_id ES 791 | p_id EN 790
2015-02,noticia,Global Competition Review- México revisa las franjas horarias en aeropuertos su primera investigación relacionada a “barreras de competencia”,si,https://www.vonwobeser.com/index.php/publicacion?p_id=795,si,https://www.vonwobeser.com/index.php/publication?p_id=794,si,https://webpage-von-wobeser-2026.replit.app/news/global-competition-review-mexico-revisa-las-franjas-horarias-en-aeropuertos-su-p,si,https://webpage-von-wobeser-2026.replit.app/news/global-competition-review-mexico-looks-at-airport-slots-in-first-barriers-to-com?lang=en,En ambas,OK,0,0,p_id ES 795 | p_id EN 794
2015-02,noticia,"Global Arbitration Review - The GAR 100, La Guía de Firmas Especializadas en Arbitraje",si,https://www.vonwobeser.com/index.php/publicacion?p_id=787,si,https://www.vonwobeser.com/index.php/publication?p_id=786,si,https://webpage-von-wobeser-2026.replit.app/news/global-arbitration-review-the-gar-100-la-guia-de-firmas-especializadas-en-arbitr,si,https://webpage-von-wobeser-2026.replit.app/news/global-arbitration-review-the-gar-100-the-guide-to-specialist-arbitration-firms?lang=en,En ambas,OK,0,0,p_id ES 787 | p_id EN 786
2015-02,articulo,"Adrian Magallanes - Global Law and Business, Ejecución de laudos arbitrales relativos a arbitraje de inversión, México",si,https://www.vonwobeser.com/index.php/publicacion?p_id=303,si,https://www.vonwobeser.com/index.php/publication?p_id=302,si,https://webpage-von-wobeser-2026.replit.app/news/adrian-magallanes-global-law-and-business-ejecucion-de-laudos-arbitrales-relativ,si,https://webpage-von-wobeser-2026.replit.app/news/adrian-magallanes-global-law-and-business-enforcement-of-investment-treaty-arbit?lang=en,En ambas,OK,0,0,p_id ES 303 | p_id EN 302
2015-01,noticia,"Montserrat Manzano, Asociada Senior de Von Wobeser y Sierra ha sido nombrada como miembro y representante del Consejo Editorial de News & Notes del Center for American & International Law",si,https://www.vonwobeser.com/index.php/publicacion?p_id=797,si,https://www.vonwobeser.com/index.php/publication?p_id=796,si,https://webpage-von-wobeser-2026.replit.app/news/montserrat-manzano-asociada-senior-de-von-wobeser-y-sierra-ha-sido-nombrada-como,si,https://webpage-von-wobeser-2026.replit.app/news/montserrat-manzano-senior-associate-of-von-wobeser-y-sierra-s-c-has-been-named-a?lang=en,En ambas | revisar texto,OK,0,0,p_id ES 797 | p_id EN 796
2015-01,noticia,Licitaciones Ronda Uno para el Sector de Hidrocarburos,si,https://www.vonwobeser.com/index.php/publicacion?p_id=799,si,https://www.vonwobeser.com/index.php/publication?p_id=798,si,https://webpage-von-wobeser-2026.replit.app/news/licitaciones-ronda-uno-para-el-sector-de-hidrocarburos,si,https://webpage-von-wobeser-2026.replit.app/news/round-one-bids-for-the-oil-gas-sector?lang=en,En ambas,OK,0,0,p_id ES 799 | p_id EN 798
2015-01,articulo,"Fernando Carreño, Paloma Alcántara - Global Competition Review, Resumen sobre Antimonopolios en América- México: vista general, Enero 2015.",si,https://www.vonwobeser.com/index.php/publicacion?p_id=309,si,https://www.vonwobeser.com/index.php/publication?p_id=308,si,https://webpage-von-wobeser-2026.replit.app/news/fernando-carreno-paloma-alcantara-global-competition-review-resumen-sobre-antimo,si,https://webpage-von-wobeser-2026.replit.app/news/fernando-carreno-paloma-alcantara-global-competition-review-the-antitrust-review-2?lang=en,En ambas,OK,0,0,p_id ES 309 | p_id EN 308
2015-01,articulo,"Edmond Grieger - Corporate Livewire, Mesa Redonda, Energía y Recursos Naturales",si,https://www.vonwobeser.com/index.php/publicacion?p_id=307,si,https://www.vonwobeser.com/index.php/publication?p_id=306,si,https://webpage-von-wobeser-2026.replit.app/news/edmond-grieger-corporate-livewire-mesa-redonda-energia-y-recursos-naturales,si,https://webpage-von-wobeser-2026.replit.app/news/edmond-grieger-corporate-livewire-virtual-round-table-energy-natural-resources-j?lang=en,En ambas,OK,0,0,p_id ES 307 | p_id EN 306
2014-12,noticia,Nuevos salarios mínimos a partir del 1 de enero de 2015,si,https://www.vonwobeser.com/index.php/publicacion?p_id=378,si,https://www.vonwobeser.com/index.php/publication?p_id=371,si,https://webpage-von-wobeser-2026.replit.app/news/nuevos-salarios-minimos-a-partir-del-1-de-enero-de-2015,si,https://webpage-von-wobeser-2026.replit.app/news/new-minimum-wages-as-of-january-1st-2015?lang=en,En ambas,Roto: 1,1,0,p_id ES 378 | p_id EN 371
2014-12,noticia,"Latin Lawyer – Empresas continúan abatidas de CADE, dice panel",si,https://www.vonwobeser.com/index.php/publicacion?p_id=370,si,https://www.vonwobeser.com/index.php/publication?p_id=369,si,https://webpage-von-wobeser-2026.replit.app/news/latin-lawyer-empresas-continuan-abatidas-de-cade-dice-panel,si,https://webpage-von-wobeser-2026.replit.app/news/latin-lawyer-businesses-still-weary-of-cade-says-panel?lang=en,En ambas,OK,0,0,p_id ES 370 | p_id EN 369
2014-11,noticia,Latin Lawyer - Von Wobeser Líder Pro Bono,si,https://www.vonwobeser.com/index.php/publicacion?p_id=368,si,https://www.vonwobeser.com/index.php/publication?p_id=367,si,https://webpage-von-wobeser-2026.replit.app/news/latin-lawyer-von-wobeser-lider-pro-bono,si,https://webpage-von-wobeser-2026.replit.app/news/latin-lawyer-pro-bono-survey-2014-leading-lights?lang=en,En ambas,OK,0,0,p_id ES 368 | p_id EN 367
2014-11,noticia,"Latin Lawyer - México publica controversias regulaciones antimonopólicas, Noviembre",si,https://www.vonwobeser.com/index.php/publicacion?p_id=362,si,https://www.vonwobeser.com/index.php/publication?p_id=361,si,https://webpage-von-wobeser-2026.replit.app/news/latin-lawyer-mexico-publica-controversias-regulaciones-antimonopolicas-noviembre,si,https://webpage-von-wobeser-2026.replit.app/news/latin-lawyer-mexico-publishes-controversial-antitrust-regulations?lang=en,En ambas,OK,0,0,p_id ES 362 | p_id EN 361
2014-11,noticia,Global Investigations Review-Mexico: en una encrucijada at a crossroads.,si,https://www.vonwobeser.com/index.php/publicacion?p_id=366,si,https://www.vonwobeser.com/index.php/publication?p_id=365,si,https://webpage-von-wobeser-2026.replit.app/news/global-investigations-review-mexico-en-una-encrucijada-at-a-crossroads,si,https://webpage-von-wobeser-2026.replit.app/news/global-investigations-review-mexico-at-a-crossroads?lang=en,En ambas,OK,0,0,p_id ES 366 | p_id EN 365
2014-11,noticia,Global Competition Review-Mexico publica controversias regulaciones antimonopólicas,si,https://www.vonwobeser.com/index.php/publicacion?p_id=364,si,https://www.vonwobeser.com/index.php/publication?p_id=363,si,https://webpage-von-wobeser-2026.replit.app/news/global-competition-review-mexico-publica-controversias-regulaciones-antimonopoli,si,https://webpage-von-wobeser-2026.replit.app/news/global-competition-review-mexico-publishes-controversial-antitrust-regulations?lang=en,En ambas,OK,0,0,p_id ES 364 | p_id EN 363
2014-11,noticia,"Claus von Wobeser, Adrián Magallanes - Getting The Deal Through, Arbitraje Inversionista-Estado",si,https://www.vonwobeser.com/index.php/publicacion?p_id=278,si,https://www.vonwobeser.com/index.php/publication?p_id=277,si,https://webpage-von-wobeser-2026.replit.app/news/claus-von-wobeser-adrian-magallanes-getting-the-deal-through-arbitraje-inversion,si,https://webpage-von-wobeser-2026.replit.app/news/claus-von-wobeser-adrian-magallanes-getting-the-deal-through-investment-treaty-a?lang=en,En ambas,OK,0,0,p_id ES 278 | p_id EN 277
2014-11,articulo,"Claus von Wobeser, Adrián Magallanes - Getting The Deal Through, Arbitraje Inversionista-Estado",si,https://www.vonwobeser.com/index.php/publicacion?p_id=311,si,https://www.vonwobeser.com/index.php/publication?p_id=310,si,https://webpage-von-wobeser-2026.replit.app/news/claus-von-wobeser-adrian-magallanes-getting-the-deal-through-arbitraje-inversion-2,si,https://webpage-von-wobeser-2026.replit.app/news/claus-von-wobeser-adrian-magallanes-getting-the-deal-through-investment-treaty-a-2?lang=en,En ambas,OK,0,0,p_id ES 311 | p_id EN 310
2014-10,noticia,"Rodolfo Trampe, Jorge Díaz, Luis Alberto King , Fernando de Buen - Getting the Deal Through, Outsourcing México 2015",si,https://www.vonwobeser.com/index.php/publicacion?p_id=286,si,https://www.vonwobeser.com/index.php/publication?p_id=285,si,https://webpage-von-wobeser-2026.replit.app/news/rodolfo-trampe-jorge-diaz-luis-alberto-king-fernando-de-buen-getting-the-deal-th-3,si,https://webpage-von-wobeser-2026.replit.app/news/rodolfo-trampe-jorge-diaz-luis-alberto-king-fernando-de-buen-getting-the-deal-th?lang=en,En ambas,OK,0,0,p_id ES 286 | p_id EN 285
2014-10,articulo,"Rodolfo Trampe, Jorge Díaz, Luis Alberto King , Fernando de Buen - Getting the Deal Through, Outsourcing México 2015",si,https://www.vonwobeser.com/index.php/publicacion?p_id=319,si,https://www.vonwobeser.com/index.php/publication?p_id=318,si,https://webpage-von-wobeser-2026.replit.app/news/rodolfo-trampe-jorge-diaz-luis-alberto-king-fernando-de-buen-getting-the-deal-th-4,si,https://webpage-von-wobeser-2026.replit.app/news/rodolfo-trampe-jorge-diaz-luis-alberto-king-fernando-de-buen-getting-the-deal-th-2?lang=en,En ambas,OK,0,0,p_id ES 319 | p_id EN 318
2014-10,noticia,"Latin Lawyer-Von Wobeser ayuda a extender contrato portuario, resuelve disputa",si,https://www.vonwobeser.com/index.php/publicacion?p_id=358,si,https://www.vonwobeser.com/index.php/publication?p_id=357,si,https://webpage-von-wobeser-2026.replit.app/news/latin-lawyer-von-wobeser-ayuda-a-extender-contrato-portuario-resuelve-disputa,si,https://webpage-von-wobeser-2026.replit.app/news/latin-lawyer-von-wobeser-helps-extend-port-contract-settles-dispute?lang=en,En ambas,Roto: 2,2,0,p_id ES 358 | p_id EN 357
2014-10,noticia,"Latin American Corporate Counsel Association (LACCA) reconoce a Von Wobeser y Sierra, S.C.",si,https://www.vonwobeser.com/index.php/publicacion?p_id=360,si,https://www.vonwobeser.com/index.php/publication?p_id=359,si,https://webpage-von-wobeser-2026.replit.app/news/latin-american-corporate-counsel-association-lacca-reconoce-a-von-wobeser-y-sier,si,https://webpage-von-wobeser-2026.replit.app/news/latin-american-corporate-counsel-association-lacca?lang=en,En ambas | revisar texto,OK,0,0,p_id ES 360 | p_id EN 359
2014-10,noticia,"Diego Sierra - Global Investigations Review, The Investigations Review of the Americas",si,https://www.vonwobeser.com/index.php/publicacion?p_id=283,si,https://www.vonwobeser.com/index.php/publication?p_id=284,si,https://webpage-von-wobeser-2026.replit.app/news/diego-sierra-global-investigations-review-the-investigations-review-of-the-ameri-3,si,https://webpage-von-wobeser-2026.replit.app/news/diego-sierra-global-investigations-review-the-investigations-review-of-the-ameri?lang=en,En ambas,OK,0,0,p_id ES 283 | p_id EN 284
2014-10,articulo,"Diego Sierra - Global Investigations Review, The Investigations Review of the Americas",si,https://www.vonwobeser.com/index.php/publicacion?p_id=317,si,https://www.vonwobeser.com/index.php/publication?p_id=316,si,https://webpage-von-wobeser-2026.replit.app/news/diego-sierra-global-investigations-review-the-investigations-review-of-the-ameri-4,si,https://webpage-von-wobeser-2026.replit.app/news/diego-sierra-global-investigations-review-the-investigations-review-of-the-ameri-2?lang=en,En ambas,OK,0,0,p_id ES 317 | p_id EN 316
2014-10,noticia,"Andrés Nieto, Luis Burgueño - Getting the Deal Through, Private Equity",si,https://www.vonwobeser.com/index.php/publicacion?p_id=282,si,https://www.vonwobeser.com/index.php/publication?p_id=281,si,https://webpage-von-wobeser-2026.replit.app/news/andres-nieto-luis-burgueno-getting-the-deal-through-private-equity,si,https://webpage-von-wobeser-2026.replit.app/news/andres-nieto-luis-burgueno-getting-the-deal-through-private-equity-october-2014?lang=en,En ambas | revisar texto,OK,0,0,p_id ES 282 | p_id EN 281
2014-10,articulo,"Andrés Nieto, Luis Burgueño - Getting the Deal Through, Private Equity",si,https://www.vonwobeser.com/index.php/publicacion?p_id=315,si,https://www.vonwobeser.com/index.php/publication?p_id=314,si,https://webpage-von-wobeser-2026.replit.app/news/andres-nieto-luis-burgueno-getting-the-deal-through-private-equity-2,si,https://webpage-von-wobeser-2026.replit.app/news/andres-nieto-luis-burgueno-getting-the-deal-through-private-equity-october-2014-2?lang=en,En ambas | revisar texto,OK,0,0,p_id ES 315 | p_id EN 314
2014-09,noticia,"Latin Lawyer - Tomando la Delantera, Septiembre 2014.",si,https://www.vonwobeser.com/index.php/publicacion?p_id=356,si,https://www.vonwobeser.com/index.php/publication?p_id=355,si,https://webpage-von-wobeser-2026.replit.app/news/latin-lawyer-tomando-la-delantera-septiembre-2014,si,https://webpage-von-wobeser-2026.replit.app/news/latin-lawyer-getting-ahead?lang=en,En ambas,OK,0,0,p_id ES 356 | p_id EN 355
2014-09,noticia,"IFLR 1000 - New Gold finaliza financiamiento de $ 300 millones de dólares, Septiembre",si,https://www.vonwobeser.com/index.php/publicacion?p_id=354,si,https://www.vonwobeser.com/index.php/publication?p_id=353,si,https://webpage-von-wobeser-2026.replit.app/news/iflr-1000-new-gold-finaliza-financiamiento-de-300-millones-de-dolares-septiembre,si,https://webpage-von-wobeser-2026.replit.app/news/iflr-1000-new-gold-finalizes-300-million-financing?lang=en,En ambas,OK,0,0,p_id ES 354 | p_id EN 353
2014-09,noticia,"Fernando Carreño , Paloma Alcántara - Global Competition Review - The Antitrust Review of the Americas 2015, México",si,https://www.vonwobeser.com/index.php/publicacion?p_id=298,si,https://www.vonwobeser.com/index.php/publication?p_id=299,si,https://webpage-von-wobeser-2026.replit.app/news/fernando-carreno-paloma-alcantara-global-competition-review-the-antitrust-review-4,si,https://webpage-von-wobeser-2026.replit.app/news/fernando-carreno-paloma-alcantara-global-competition-review-the-antitrust-review?lang=en,En ambas | revisar texto,OK,0,0,p_id ES 298 | p_id EN 299
2014-08,noticia,VWyS reconocido por Global Investigations Review,si,https://www.vonwobeser.com/index.php/publicacion?p_id=477,si,https://www.vonwobeser.com/index.php/publication?p_id=478,si,https://webpage-von-wobeser-2026.replit.app/news/vwys-reconocido-por-global-investigations-review,si,https://webpage-von-wobeser-2026.replit.app/news/vwys-ranked-by-global-investigations-review?lang=en,En ambas,OK,0,0,p_id ES 477 | p_id EN 478
2014-08,noticia,Reforma Energética - Legislación Secundaria,si,https://www.vonwobeser.com/index.php/publicacion?p_id=481,si,https://www.vonwobeser.com/index.php/publication?p_id=482,si,https://webpage-von-wobeser-2026.replit.app/news/reforma-energetica-legislacion-secundaria,si,https://webpage-von-wobeser-2026.replit.app/news/energy-reform-implementing-laws?lang=en,En ambas,OK,0,0,p_id ES 481 | p_id EN 482
2014-08,noticia,"Periódico am, Impulsará Energética a las Manufacturas, Agosto 2014.",si,https://www.vonwobeser.com/index.php/publicacion?p_id=479,si,https://www.vonwobeser.com/index.php/publication?p_id=480,si,https://webpage-von-wobeser-2026.replit.app/news/periodico-am-impulsara-energetica-a-las-manufacturas-agosto-2014,si,https://webpage-von-wobeser-2026.replit.app/news/periodico-am-encourage-energy-to-manufacture?lang=en,En ambas,OK,0,0,p_id ES 479 | p_id EN 480
2014-08,noticia,Los Métodos de Resolución de Controversias en la Reforma Energética,si,https://www.vonwobeser.com/index.php/publicacion?p_id=471,si,https://www.vonwobeser.com/index.php/publication?p_id=472,si,https://webpage-von-wobeser-2026.replit.app/news/los-metodos-de-resolucion-de-controversias-en-la-reforma-energetica,si,https://webpage-von-wobeser-2026.replit.app/news/dispute-resolution-methods-in-the-energy-reform?lang=en,En ambas,Roto: 1,1,0,p_id ES 471 | p_id EN 472
2014-08,noticia,Latin Lawyer-Von Wobeser hace Pro Bono en ayuda a preservar agua de Pro Natura.,si,https://www.vonwobeser.com/index.php/publicacion?p_id=473,si,https://www.vonwobeser.com/index.php/publication?p_id=474,si,https://webpage-von-wobeser-2026.replit.app/news/latin-lawyer-von-wobeser-hace-pro-bono-en-ayuda-a-preservar-agua-de-pro-natura,si,https://webpage-von-wobeser-2026.replit.app/news/latin-lawyer-von-wobeser-does-pro-bono-to-help-pro-natura-preserve-water?lang=en,En ambas,Roto: 2,2,0,p_id ES 473 | p_id EN 474
2014-08,noticia,Juicios de Amparo contra diversas disposiciones fiscales vigentes en 2014,si,https://www.vonwobeser.com/index.php/publicacion?p_id=483,si,https://www.vonwobeser.com/index.php/publication?p_id=484,si,https://webpage-von-wobeser-2026.replit.app/news/juicios-de-amparo-contra-diversas-disposiciones-fiscales-vigentes-en-2014,si,https://webpage-von-wobeser-2026.replit.app/news/amparo-proceedings-against-various-current-tax-provisions-in-force-in-2014?lang=en,En ambas,OK,0,0,p_id ES 483 | p_id EN 484
2014-08,noticia,Conagua otorga concesiones de agua para 'uso ambiental',si,https://www.vonwobeser.com/index.php/publicacion?p_id=475,si,https://www.vonwobeser.com/index.php/publication?p_id=476,si,https://webpage-von-wobeser-2026.replit.app/news/conagua-otorga-concesiones-de-agua-para-uso-ambiental,si,https://webpage-von-wobeser-2026.replit.app/news/conagua-s-resolution-authorizes-water-concessions-for-environmental-use?lang=en,En ambas,OK,0,0,p_id ES 475 | p_id EN 476
2014-08,noticia,Compañía crediticia minera Canadiense representada por consejo mexicano,si,https://www.vonwobeser.com/index.php/publicacion?p_id=352,si,https://www.vonwobeser.com/index.php/publication?p_id=470,si,https://webpage-von-wobeser-2026.replit.app/news/compania-crediticia-minera-canadiense-representada-por-consejo-mexicano,si,https://webpage-von-wobeser-2026.replit.app/news/canadian-miner-credit-facility-draws-on-mexican-counsel?lang=en,En ambas,OK,0,0,p_id ES 352 | p_id EN 470
2014-07,noticia,"Von Wobeser y Sierra, S.C. incorpora al Dr. Edmund Duckwitz, Ex Embajador de Alemania en México a su equipo",si,https://www.vonwobeser.com/index.php/publicacion?p_id=507,si,https://www.vonwobeser.com/index.php/publication?p_id=508,si,https://webpage-von-wobeser-2026.replit.app/news/von-wobeser-y-sierra-s-c-incorpora-al-dr-edmund-duckwitz-ex-embajador-de-alemani,si,https://webpage-von-wobeser-2026.replit.app/news/von-wobeser-y-sierra-s-c-incorporates-dr-edmund-duckwitz-former-german-ambassado?lang=en,En ambas,OK,0,0,p_id ES 507 | p_id EN 508
2014-07,noticia,"Von Wobeser y Sierra, S.C. asesoró a Enerflex en la adquisición estratégica de un negocio de contratos internacionales para servicios de compresión, procesamiento y refacciones por 430 millones de dólares",si,https://www.vonwobeser.com/index.php/publicacion?p_id=497,si,https://www.vonwobeser.com/index.php/publication?p_id=498,si,https://webpage-von-wobeser-2026.replit.app/news/von-wobeser-y-sierra-s-c-asesoro-a-enerflex-en-la-adquisicion-estrategica-de-un-,si,https://webpage-von-wobeser-2026.replit.app/news/von-wobeser-y-sierra-s-c-advised-enerflex-in-the-strategic-acquisition-of-intern?lang=en,En ambas | revisar texto,OK,0,0,p_id ES 497 | p_id EN 498
2014-07,noticia,"Von Wobeser y Sierra, S.C. asesora a BMW en su inversión de USD mil millones en México.",si,https://www.vonwobeser.com/index.php/publicacion?p_id=509,si,https://www.vonwobeser.com/index.php/publication?p_id=510,si,https://webpage-von-wobeser-2026.replit.app/news/von-wobeser-y-sierra-s-c-asesora-a-bmw-en-su-inversion-de-usd-mil-millones-en-me,si,https://webpage-von-wobeser-2026.replit.app/news/von-wobeser-y-sierra-s-c-advises-bmw-in-usd-1-billion-investment-in-mexico?lang=en,En ambas | revisar texto,OK,0,0,p_id ES 509 | p_id EN 510
2014-07,noticia,Leyes Reglamentarias a la Reforma Constitucional en Materia de Telecomunicaciones,si,https://www.vonwobeser.com/index.php/publicacion?p_id=487,si,https://www.vonwobeser.com/index.php/publication?p_id=488,si,https://webpage-von-wobeser-2026.replit.app/news/leyes-reglamentarias-a-la-reforma-constitucional-en-materia-de-telecomunicacione,si,https://webpage-von-wobeser-2026.replit.app/news/regulatory-laws-to-the-constitutional-reform-in-telecommunications?lang=en,En ambas,OK,0,0,p_id ES 487 | p_id EN 488
2014-07,noticia,"Latin Lawyer-Von Wobeser y Sierra, S.C. contrata a Ex Embajador de Alemania en México como asesor",si,https://www.vonwobeser.com/index.php/publicacion?p_id=493,si,https://www.vonwobeser.com/index.php/publication?p_id=494,si,https://webpage-von-wobeser-2026.replit.app/news/latin-lawyer-von-wobeser-y-sierra-s-c-contrata-a-ex-embajador-de-alemania-en-mex,si,https://webpage-von-wobeser-2026.replit.app/news/latin-lawyer-von-wobeser-y-sierra-s-c-hires-former-german-ambassador-in-advisory?lang=en,En ambas,OK,0,0,p_id ES 493 | p_id EN 494
2014-07,noticia,Latin Lawyer-Von Wobeser dirige acuerdo de compra de energía eólica mexicana,si,https://www.vonwobeser.com/index.php/publicacion?p_id=485,si,https://www.vonwobeser.com/index.php/publication?p_id=486,si,https://webpage-von-wobeser-2026.replit.app/news/latin-lawyer-von-wobeser-dirige-acuerdo-de-compra-de-energia-eolica-mexicana,si,https://webpage-von-wobeser-2026.replit.app/news/latin-lawyer-von-wobeser-steers-mexican-wind-ppa?lang=en,En ambas,Roto: 2,2,0,p_id ES 485 | p_id EN 486
2014-07,noticia,"Latin Lawyer - Von Wobeser y Sierra, S.C. devela la creación de una planta de BMW por un valor de mil millones de dólares en México",si,https://www.vonwobeser.com/index.php/publicacion?p_id=505,si,https://www.vonwobeser.com/index.php/publication?p_id=506,si,https://webpage-von-wobeser-2026.replit.app/news/latin-lawyer-von-wobeser-y-sierra-s-c-devela-la-creacion-de-una-planta-de-bmw-po,si,https://webpage-von-wobeser-2026.replit.app/news/latin-lawyer-von-wobeser-unveils-us-1-billion-bmw-factory-in-mexico?lang=en,En ambas,OK,0,0,p_id ES 505 | p_id EN 506
2014-07,noticia,Latin Lawyer - VWyS y Creel participan en convenio Enerflex-Axip,si,https://www.vonwobeser.com/index.php/publicacion?p_id=491,si,https://www.vonwobeser.com/index.php/publication?p_id=492,si,https://webpage-von-wobeser-2026.replit.app/news/latin-lawyer-vwys-y-creel-participan-en-convenio-enerflex-axip,si,https://webpage-von-wobeser-2026.replit.app/news/latin-lawyer-vwys-creel-in-mexican-leg-of-enerflex-axip-deal?lang=en,En ambas | revisar texto,OK,0,0,p_id ES 491 | p_id EN 492
2014-07,noticia,Latin Lawyer - La reforma de base a las telecomunicaciones en México en vías de promulgarse,si,https://www.vonwobeser.com/index.php/publicacion?p_id=495,si,https://www.vonwobeser.com/index.php/publication?p_id=496,si,https://webpage-von-wobeser-2026.replit.app/news/latin-lawyer-la-reforma-de-base-a-las-telecomunicaciones-en-mexico-en-vias-de-pr,si,https://webpage-von-wobeser-2026.replit.app/news/latin-lawyer-mexico-telecoms-overhaul-poised-for-enactment?lang=en,En ambas,OK,0,0,p_id ES 495 | p_id EN 496
2014-07,noticia,Latin Lawyer - El misterio de nuestra profesión,si,https://www.vonwobeser.com/index.php/publicacion?p_id=499,si,https://www.vonwobeser.com/index.php/publication?p_id=500,si,https://webpage-von-wobeser-2026.replit.app/news/latin-lawyer-el-misterio-de-nuestra-profesion,si,https://webpage-von-wobeser-2026.replit.app/news/latin-lawyer-the-mystery-of-our-profession?lang=en,En ambas,OK,0,0,p_id ES 499 | p_id EN 500
2014-07,noticia,Investigación en Materia de Competencia Económica de los Mercados del Sector Financiero,si,https://www.vonwobeser.com/index.php/publicacion?p_id=489,si,https://www.vonwobeser.com/index.php/publication?p_id=490,si,https://webpage-von-wobeser-2026.replit.app/news/investigacion-en-materia-de-competencia-economica-de-los-mercados-del-sector-fin,si,https://webpage-von-wobeser-2026.replit.app/news/antitrust-investigation-of-the-financial-sector-in-mexico?lang=en,En ambas,OK,0,0,p_id ES 489 | p_id EN 490
2014-07,noticia,"IFLR 1000 – Von Wobeser y Sierra, S.C. asesorá a BMW en su inversión de mil millones de dólares",si,https://www.vonwobeser.com/index.php/publicacion?p_id=501,si,https://www.vonwobeser.com/index.php/publication?p_id=502,si,https://webpage-von-wobeser-2026.replit.app/news/iflr-1000-von-wobeser-y-sierra-s-c-asesora-a-bmw-en-su-inversion-de-mil-millones,si,https://webpage-von-wobeser-2026.replit.app/news/iflr-1000-von-wobeser-y-sierra-s-c-advises-germany-s-bmw-on-1-billion-investment?lang=en,En ambas,OK,0,0,p_id ES 501 | p_id EN 502
2014-07,noticia,Global Competition Review - Reestructuración de América Móvil anticipando cambios en la ley,si,https://www.vonwobeser.com/index.php/publicacion?p_id=503,si,https://www.vonwobeser.com/index.php/publication?p_id=504,si,https://webpage-von-wobeser-2026.replit.app/news/global-competition-review-reestructuracion-de-america-movil-anticipando-cambios-,si,https://webpage-von-wobeser-2026.replit.app/news/global-competition-review-america-movil-to-slim-down-in-anticipation-of-law-chan?lang=en,En ambas,OK,0,0,p_id ES 503 | p_id EN 504
2014-07,articulo,Edmond Grieger - Corporate Livewire: Guia de Expertos Energía y Recursos Naturales,si,https://www.vonwobeser.com/index.php/publicacion?p_id=337,si,https://www.vonwobeser.com/index.php/publication?p_id=336,si,https://webpage-von-wobeser-2026.replit.app/news/edmond-grieger-corporate-livewire-guia-de-expertos-energia-y-recursos-naturales,si,https://webpage-von-wobeser-2026.replit.app/news/edmond-grieger-corporate-livewire-expert-guide-energy-natural-resources?lang=en,En ambas,OK,0,0,p_id ES 337 | p_id EN 336
2014-06,noticia,"Von Wobeser y Sierra, S.C. participó en la conferencia organizada por ALARB y la ICC-México.",si,https://www.vonwobeser.com/index.php/publicacion?p_id=511,si,https://www.vonwobeser.com/index.php/publication?p_id=512,si,https://webpage-von-wobeser-2026.replit.app/news/von-wobeser-y-sierra-s-c-participo-en-la-conferencia-organizada-por-alarb-y-la-i,si,https://webpage-von-wobeser-2026.replit.app/news/von-wobeser-y-sierra-s-c-participated-in-conference-coordinated-by-alarb-icc-mex?lang=en,En ambas | revisar texto,OK,0,0,p_id ES 511 | p_id EN 512
2014-06,noticia,"Von Wobeser y Sierra, S.C. gana reconocimiento, Global Awards 2014: Despacho Legal en México relacionado al Arbitraje 2014",si,https://www.vonwobeser.com/index.php/publicacion?p_id=515,si,https://www.vonwobeser.com/index.php/publication?p_id=516,si,https://webpage-von-wobeser-2026.replit.app/news/von-wobeser-y-sierra-s-c-gana-reconocimiento-global-awards-2014-despacho-legal-e,si,https://webpage-von-wobeser-2026.replit.app/news/von-wobeser-y-sierra-s-c-wins-global-awards-2014-arbitration-mexican-law-firm-of?lang=en,En ambas,Roto: 1,1,0,p_id ES 515 | p_id EN 516
2014-06,noticia,"Socio, Andrés Nieto es nombrado Vicepresidente del Comité de Ética Internacional de la Sección Internacional de Derecho en la Barra Americana de Abogados (ABA)Sección Internacional de Derecho en la Barra Americana de Abogados (ABA)",si,https://www.vonwobeser.com/index.php/publicacion?p_id=513,si,https://www.vonwobeser.com/index.php/publication?p_id=514,si,https://webpage-von-wobeser-2026.replit.app/news/socio-andres-nieto-es-nombrado-vicepresidente-del-comite-de-etica-internacional-,si,https://webpage-von-wobeser-2026.replit.app/news/partner-andres-nieto-is-appointed-as-vice-chair-of-the-international-ethics-comm?lang=en,En ambas | revisar texto,OK,0,0,p_id ES 513 | p_id EN 514
2014-06,noticia,"Latin Lawyer - El despacho Von Wobeser y Sierra, S.C. guía la adquisición de Palladium",si,https://www.vonwobeser.com/index.php/publicacion?p_id=517,si,https://www.vonwobeser.com/index.php/publication?p_id=518,si,https://webpage-von-wobeser-2026.replit.app/news/latin-lawyer-el-despacho-von-wobeser-y-sierra-s-c-guia-la-adquisicion-de-palladi,si,https://webpage-von-wobeser-2026.replit.app/news/latin-lawyer-von-wobeser-steers-palladium-mexico-acquisition?lang=en,En ambas,OK,0,0,p_id ES 517 | p_id EN 518
2014-05,noticia,"Von Wobeser y Sierra, S.C. estará presente en la conferencia INTA 2014",si,https://www.vonwobeser.com/index.php/publicacion?p_id=521,si,https://www.vonwobeser.com/index.php/publication?p_id=522,si,https://webpage-von-wobeser-2026.replit.app/news/von-wobeser-y-sierra-s-c-estara-presente-en-la-conferencia-inta-2014,si,https://webpage-von-wobeser-2026.replit.app/news/von-wobeser-y-sierra-s-c-will-attend-the-inta-conference-2014?lang=en,En ambas | revisar texto,OK,0,0,p_id ES 521 | p_id EN 522
2014-05,noticia,Nueva Ley Federal de Competencia Económica,si,https://www.vonwobeser.com/index.php/publicacion?p_id=527,si,https://www.vonwobeser.com/index.php/publication?p_id=528,si,https://webpage-von-wobeser-2026.replit.app/news/nueva-ley-federal-de-competencia-economica,si,https://webpage-von-wobeser-2026.replit.app/news/new-federal-antitrust-law?lang=en,En ambas,OK,0,0,p_id ES 527 | p_id EN 528
2014-05,noticia,"Latin Lawyer - Von Wobeser y Sierra, SC es reconocido con el premio anual de Latin Lawyer “M&A Deal of the Year”",si,https://www.vonwobeser.com/index.php/publicacion?p_id=525,si,https://www.vonwobeser.com/index.php/publication?p_id=526,si,https://webpage-von-wobeser-2026.replit.app/news/latin-lawyer-von-wobeser-y-sierra-sc-es-reconocido-con-el-premio-anual-de-latin-,si,https://webpage-von-wobeser-2026.replit.app/news/latin-lawyer-von-wobeser-y-sierra-s-c-wins-latin-lawyer-s-m-a-deal-of-the-year-a?lang=en,En ambas,OK,0,0,p_id ES 525 | p_id EN 526
2014-05,noticia,Latin Lawyer - Arca y Coca-Cola cierran compra en Ecuador,si,https://www.vonwobeser.com/index.php/publicacion?p_id=519,si,https://www.vonwobeser.com/index.php/publication?p_id=520,si,https://webpage-von-wobeser-2026.replit.app/news/latin-lawyer-arca-y-coca-cola-cierran-compra-en-ecuador,si,https://webpage-von-wobeser-2026.replit.app/news/latin-lawyer-arca-and-coca-cola-close-ecuador-buy?lang=en,En ambas | revisar texto,OK,0,0,p_id ES 519 | p_id EN 520
2014-05,noticia,IFLR Energy & Infrastructure Latam - Edmond Grieger es reconocido como abogado líder.,si,https://www.vonwobeser.com/index.php/publicacion?p_id=523,si,https://www.vonwobeser.com/index.php/publication?p_id=524,si,https://webpage-von-wobeser-2026.replit.app/news/iflr-energy-infrastructure-latam-edmond-grieger-es-reconocido-como-abogado-lider,si,https://webpage-von-wobeser-2026.replit.app/news/iflr-energy-infrastructure-latam-edmond-grieger-recognized-as-leading-lawyer?lang=en,En ambas,OK,0,0,p_id ES 523 | p_id EN 524
2014-05,articulo,"Fernando Carreño , José Palomar - Law Business Research, The Public Competition Enforcement Review, Sexta Edición.",si,https://www.vonwobeser.com/index.php/publicacion?p_id=341,si,https://www.vonwobeser.com/index.php/publication?p_id=340,si,https://webpage-von-wobeser-2026.replit.app/news/fernando-carreno-jose-palomar-law-business-research-the-public-competition-enfor-2,si,https://webpage-von-wobeser-2026.replit.app/news/fernando-carreno-jose-palomar-law-business-research-the-public-competition-enfor?lang=en,En ambas,OK,0,0,p_id ES 341 | p_id EN 340
2014-04,noticia,"Von Wobeser y Sierra, S.C. participó en conjunto con la CWAG",si,https://www.vonwobeser.com/index.php/publicacion?p_id=529,si,https://www.vonwobeser.com/index.php/publication?p_id=530,si,https://webpage-von-wobeser-2026.replit.app/news/von-wobeser-y-sierra-s-c-participo-en-conjunto-con-la-cwag,si,https://webpage-von-wobeser-2026.replit.app/news/von-wobeser-y-sierra-s-c-actively-participates-alongside-the-cwag?lang=en,En ambas | revisar texto,OK,0,0,p_id ES 529 | p_id EN 530
2014-04,noticia,"Von Wobeser y Sierra, S.C. gana el “M&A Deal of the Year” de Latin Lawyer",si,https://www.vonwobeser.com/index.php/publicacion?p_id=531,si,https://www.vonwobeser.com/index.php/publication?p_id=532,si,https://webpage-von-wobeser-2026.replit.app/news/von-wobeser-y-sierra-s-c-gana-el-m-a-deal-of-the-year-de-latin-lawyer,si,https://webpage-von-wobeser-2026.replit.app/news/von-wobeser-y-sierra-s-c-wins-latin-lawyer-s-m-a-deal-of-the-year?lang=en,En ambas | revisar texto,OK,0,0,p_id ES 531 | p_id EN 532
2014-04,noticia,"Seminario, “Nuevas Alternativas para la Solución de Controversias en un Mercado Global""",si,https://www.vonwobeser.com/index.php/publicacion?p_id=533,si,https://www.vonwobeser.com/index.php/publication?p_id=534,si,https://webpage-von-wobeser-2026.replit.app/news/seminario-nuevas-alternativas-para-la-solucion-de-controversias-en-un-mercado-gl,si,https://webpage-von-wobeser-2026.replit.app/news/seminar-new-alternatives-for-dispute-resolution-in-a-changing-global-market?lang=en,En ambas | revisar texto,OK,0,0,p_id ES 533 | p_id EN 534
2014-03,noticia,"Latin Lawyer - Von Wobeser y Sierra, S.C. gana “M&A Deal of the Year 2013”",si,https://www.vonwobeser.com/index.php/publicacion?p_id=535,si,https://www.vonwobeser.com/index.php/publication?p_id=536,si,https://webpage-von-wobeser-2026.replit.app/news/latin-lawyer-von-wobeser-y-sierra-s-c-gana-m-a-deal-of-the-year-2013,si,https://webpage-von-wobeser-2026.replit.app/news/latin-lawyer-von-wobeser-y-sierra-s-c-wins-m-a-deal-of-the-year-2013?lang=en,En ambas,OK,0,0,p_id ES 535 | p_id EN 536
2014-02,noticia,Latin Lawyer-Presidente de México envía Nueva Iniciativa sobre Competencia a la Cámara,si,https://www.vonwobeser.com/index.php/publicacion?p_id=539,si,https://www.vonwobeser.com/index.php/publication?p_id=540,si,https://webpage-von-wobeser-2026.replit.app/news/latin-lawyer-presidente-de-mexico-envia-nueva-iniciativa-sobre-competencia-a-la-,si,https://webpage-von-wobeser-2026.replit.app/news/latin-lawyer-mexican-president-sends-new-competition-bill-to-parliament?lang=en,En ambas | revisar texto,OK,0,0,p_id ES 539 | p_id EN 540
2014-02,noticia,Latin Lawyer-Nuevos Socios nombrados en despachos de Colombia y México,si,https://www.vonwobeser.com/index.php/publicacion?p_id=545,si,https://www.vonwobeser.com/index.php/publication?p_id=546,si,https://webpage-von-wobeser-2026.replit.app/news/latin-lawyer-nuevos-socios-nombrados-en-despachos-de-colombia-y-mexico,si,https://webpage-von-wobeser-2026.replit.app/news/latin-lawyer-new-partners-promoted-at-colombian-and-mexican-firms?lang=en,En ambas | revisar texto,OK,0,0,p_id ES 545 | p_id EN 546
2014-02,noticia,Iniciativa del Ejecutivo de la nueva Ley Federal de Competencia Económica,si,https://www.vonwobeser.com/index.php/publicacion?p_id=543,si,https://www.vonwobeser.com/index.php/publication?p_id=544,si,https://webpage-von-wobeser-2026.replit.app/news/iniciativa-del-ejecutivo-de-la-nueva-ley-federal-de-competencia-economica,si,https://webpage-von-wobeser-2026.replit.app/news/executive-branch-initiative-for-the-new-federal-law-on-economic-competition?lang=en,En ambas,OK,0,0,p_id ES 543 | p_id EN 544
2014-02,noticia,"IFLR 1000-Partner Moves, Von Wobeser amplía su grupo de socios",si,https://www.vonwobeser.com/index.php/publicacion?p_id=537,si,https://www.vonwobeser.com/index.php/publication?p_id=538,si,https://webpage-von-wobeser-2026.replit.app/news/iflr-1000-partner-moves-von-wobeser-amplia-su-grupo-de-socios,si,https://webpage-von-wobeser-2026.replit.app/news/iflr-1000-partner-moves-von-wobeser-expands-partnership?lang=en,En ambas | revisar texto,OK,0,0,p_id ES 537 | p_id EN 538
2014-02,noticia,"Global Arbitration Review 100 (GAR 100) - Análisis de Von Wobeser y Sierra, S.C., Uno de los Despachos Top del Mundo",si,https://www.vonwobeser.com/index.php/publicacion?p_id=541,si,https://www.vonwobeser.com/index.php/publication?p_id=542,si,https://webpage-von-wobeser-2026.replit.app/news/global-arbitration-review-100-gar-100-analisis-de-von-wobeser-y-sierra-s-c-uno-d,si,https://webpage-von-wobeser-2026.replit.app/news/global-arbitration-review-100-gar-100-review-analysis-of-von-wobeser-y-sierra-s-?lang=en,En ambas | revisar texto,OK,0,0,p_id ES 541 | p_id EN 542
2014-02,noticia,"Diego Sierra, Socio de Von Wobeser y Sierra, S.C. participará en la Conferencia del IBA/ICCV",si,https://www.vonwobeser.com/index.php/publicacion?p_id=547,si,https://www.vonwobeser.com/index.php/publication?p_id=548,si,https://webpage-von-wobeser-2026.replit.app/news/diego-sierra-socio-de-von-wobeser-y-sierra-s-c-participara-en-la-conferencia-del,si,https://webpage-von-wobeser-2026.replit.app/news/diego-sierra-partner-of-mexico-s-von-wobeser-y-sierra-sc-will-participate-in-the?lang=en,En ambas | revisar texto,OK,0,0,p_id ES 547 | p_id EN 548
2014-02,articulo,"Claus von Wobeser , Montserrat Manzano - Getting the Deal Through, Arbitraje 2014",si,https://www.vonwobeser.com/index.php/publicacion?p_id=345,si,https://www.vonwobeser.com/index.php/publication?p_id=344,si,https://webpage-von-wobeser-2026.replit.app/news/claus-von-wobeser-montserrat-manzano-getting-the-deal-through-arbitraje-2014,si,https://webpage-von-wobeser-2026.replit.app/news/claus-von-wobeser-montserrat-manzano-getting-the-deal-through-arbitration-2014?lang=en,En ambas,OK,0,0,p_id ES 345 | p_id EN 344
2014-01,noticia,"Von Wobeser y Sierra, S.C. gana el shortlist de “Matter of the Year” por parte de Global Competition Review",si,https://www.vonwobeser.com/index.php/publicacion?p_id=555,si,https://www.vonwobeser.com/index.php/publication?p_id=556,si,https://webpage-von-wobeser-2026.replit.app/news/von-wobeser-y-sierra-s-c-gana-el-shortlist-de-matter-of-the-year-por-parte-de-gl,si,https://webpage-von-wobeser-2026.replit.app/news/von-wobeser-y-sierra-s-c-is-shortlisted-in-matter-of-the-year-by-global-competit?lang=en,En ambas | revisar texto,OK,0,0,p_id ES 555 | p_id EN 556
2014-01,noticia,"Von Wobeser y Sierra, S.C. gana el shortlist de “M&A Deal of the Year” por parte de IFLR en el 9th “Annual Americas Awards”",si,https://www.vonwobeser.com/index.php/publicacion?p_id=557,si,https://www.vonwobeser.com/index.php/publication?p_id=558,si,https://webpage-von-wobeser-2026.replit.app/news/von-wobeser-y-sierra-s-c-gana-el-shortlist-de-m-a-deal-of-the-year-por-parte-de-,si,https://webpage-von-wobeser-2026.replit.app/news/von-wobeser-y-sierra-s-c-is-shortlisted-in-m-a-deal-of-the-year-by-iflr-in-the-9?lang=en,En ambas | revisar texto,OK,0,0,p_id ES 557 | p_id EN 558
2014-01,noticia,"Latin Lawyer-Leading Lights-Von Wobeser y Sierra, S.C. Líder Pro Bono",si,https://www.vonwobeser.com/index.php/publicacion?p_id=551,si,https://www.vonwobeser.com/index.php/publication?p_id=552,si,https://webpage-von-wobeser-2026.replit.app/news/latin-lawyer-leading-lights-von-wobeser-y-sierra-s-c-lider-pro-bono,si,https://webpage-von-wobeser-2026.replit.app/news/latin-lawyer-leading-lights-von-wobeser-y-sierra-s-c-latin-american-pro-bono-lea-2?lang=en,En ambas | revisar texto,OK,0,0,p_id ES 551 | p_id EN 552
2014-01,articulo,"Edmond Grieger - Corporate Livewire: Mesa Redonda, Energia & Recursos Naturales 2014",si,https://www.vonwobeser.com/index.php/publicacion?p_id=350,si,https://www.vonwobeser.com/index.php/publication?p_id=351,si,https://webpage-von-wobeser-2026.replit.app/news/edmond-grieger-corporate-livewire-mesa-redonda-energia-recursos-naturales-2014,si,https://webpage-von-wobeser-2026.replit.app/news/edmond-grieger-corporate-livewire-virtual-round-table-energy-natural-resources-2?lang=en,En ambas,OK,0,0,p_id ES 350 | p_id EN 351
2014-01,noticia,"Diego Sierra nuevo Socio de Von Wobeser y Sierra, S.C.",si,https://www.vonwobeser.com/index.php/publicacion?p_id=549,si,https://www.vonwobeser.com/index.php/publication?p_id=550,si,https://webpage-von-wobeser-2026.replit.app/news/diego-sierra-nuevo-socio-de-von-wobeser-y-sierra-s-c,si,https://webpage-von-wobeser-2026.replit.app/news/diego-sierra-becomes-partner-in-von-wobeser-y-sierra-s-c?lang=en,En ambas | revisar texto,OK,0,0,p_id ES 549 | p_id EN 550
2014-01,noticia,Cumplimiento de obligaciones patronales con motivo de las reformas laboral y fiscal,si,https://www.vonwobeser.com/index.php/publicacion?p_id=553,si,https://www.vonwobeser.com/index.php/publication?p_id=554,si,https://webpage-von-wobeser-2026.replit.app/news/cumplimiento-de-obligaciones-patronales-con-motivo-de-las-reformas-laboral-y-fis,si,https://webpage-von-wobeser-2026.replit.app/news/compliance-with-employer-obligations-regarding-labor-and-tax-reforms?lang=en,En ambas,OK,0,0,p_id ES 553 | p_id EN 554
2013-12,noticia,Reforma energética abre el mercado energético Mexicano a la iniciativa privada nacional y extranjera,si,https://www.vonwobeser.com/index.php/publicacion?p_id=561,si,https://www.vonwobeser.com/index.php/publication?p_id=562,si,https://webpage-von-wobeser-2026.replit.app/news/reforma-energetica-abre-el-mercado-energetico-mexicano-a-la-iniciativa-privada-n,si,https://webpage-von-wobeser-2026.replit.app/news/energy-bill-opens-the-mexican-energy-market-for-foreign-and-national-private-ent?lang=en,En ambas,OK,0,0,p_id ES 561 | p_id EN 562
2013-12,noticia,"Principales Modificaciones a Disposiciones Fiscales para 2014, Diciembre 2013",si,https://www.vonwobeser.com/index.php/publicacion?p_id=563,si,https://www.vonwobeser.com/index.php/publication?p_id=564,si,https://webpage-von-wobeser-2026.replit.app/news/principales-modificaciones-a-disposiciones-fiscales-para-2014-diciembre-2013,si,https://webpage-von-wobeser-2026.replit.app/news/main-modifications-to-tax-provisions-for-the-year-2014?lang=en,En ambas,OK,0,0,p_id ES 563 | p_id EN 564
2013-12,noticia,"Ley Federal para la Prevención e Identificación de Operaciones con Recursos de Procedencia Ilícita, Diciembre 2013.",si,https://www.vonwobeser.com/index.php/publicacion?p_id=559,si,https://www.vonwobeser.com/index.php/publication?p_id=560,si,https://webpage-von-wobeser-2026.replit.app/news/ley-federal-para-la-prevencion-e-identificacion-de-operaciones-con-recursos-de-p,si,https://webpage-von-wobeser-2026.replit.app/news/federal-act-to-prevent-and-identify-transactions-involving-illicit-funds?lang=en,En ambas | revisar texto,OK,0,0,p_id ES 559 | p_id EN 560
2013-12,noticia,Latin Lawyer - La Suprema Corte de Justicia de México dicta sentencia en una demanda de maquila que inició hace dos años.,si,https://www.vonwobeser.com/index.php/publicacion?p_id=565,si,https://www.vonwobeser.com/index.php/publication?p_id=566,si,https://webpage-von-wobeser-2026.replit.app/news/latin-lawyer-la-suprema-corte-de-justicia-de-mexico-dicta-sentencia-en-una-deman,si,https://webpage-von-wobeser-2026.replit.app/news/latin-lawyer-mexico-s-supreme-court-rules-in-two-year-maquila-claim?lang=en,En ambas,OK,0,0,p_id ES 565 | p_id EN 566
2013-11,noticia,"Von Wobeser y Sierra, S.C. represento exitosamente a Pierburg Pump Technology",si,https://www.vonwobeser.com/index.php/publicacion?p_id=569,si,https://www.vonwobeser.com/index.php/publication?p_id=570,si,https://webpage-von-wobeser-2026.replit.app/news/von-wobeser-y-sierra-s-c-represento-exitosamente-a-pierburg-pump-technology,si,https://webpage-von-wobeser-2026.replit.app/news/von-wobeser-y-sierra-s-c-successfully-advised-and-represented-pierburg-pump-tech?lang=en,En ambas | revisar texto,OK,0,0,p_id ES 569 | p_id EN 570
2013-11,articulo,"Rodolfo Trampe, Jorge Díaz, José Palomar - Getting the Deal Through Outsourcing Mexico 2014",si,https://www.vonwobeser.com/index.php/publicacion?p_id=373,si,https://www.vonwobeser.com/index.php/publication?p_id=372,si,https://webpage-von-wobeser-2026.replit.app/news/rodolfo-trampe-jorge-diaz-jose-palomar-getting-the-deal-through-outsourcing-mexi-2,si,https://webpage-von-wobeser-2026.replit.app/news/rodolfo-trampe-jorge-diaz-jose-palomar-getting-the-deal-through-outsourcing-mexi?lang=en,En ambas,OK,0,0,p_id ES 373 | p_id EN 372
2013-11,noticia,Principales Modificaciones a Disposiciones Fiscales para 2014,si,https://www.vonwobeser.com/index.php/publicacion?p_id=573,si,https://www.vonwobeser.com/index.php/publication?p_id=574,si,https://webpage-von-wobeser-2026.replit.app/news/principales-modificaciones-a-disposiciones-fiscales-para-2014,si,https://webpage-von-wobeser-2026.replit.app/news/main-modifications-to-tax-provisions-for-the-year-2014-2?lang=en,En ambas,OK,0,0,p_id ES 573 | p_id EN 574
2013-11,noticia,"Ley Federal para la Prevención e Identificación de Operaciones con Recursos de Procedencia Ilícita, Noviembre 2013",si,https://www.vonwobeser.com/index.php/publicacion?p_id=567,si,https://www.vonwobeser.com/index.php/publication?p_id=568,si,https://webpage-von-wobeser-2026.replit.app/news/ley-federal-para-la-prevencion-e-identificacion-de-operaciones-con-recursos-de-p-2,si,https://webpage-von-wobeser-2026.replit.app/news/federal-act-to-prevent-and-identify-transactions-involving-illicit-funds-2?lang=en,En ambas | revisar texto,OK,0,0,p_id ES 567 | p_id EN 568
2013-11,noticia,Firma Lider Pro Bono,si,https://www.vonwobeser.com/index.php/publicacion?p_id=571,si,https://www.vonwobeser.com/index.php/publication?p_id=572,si,https://webpage-von-wobeser-2026.replit.app/news/firma-lider-pro-bono,si,https://webpage-von-wobeser-2026.replit.app/news/pro-bono-leading-firms?lang=en,En ambas,OK,0,0,p_id ES 571 | p_id EN 572
2013-11,articulo,"Claus von Wobeser, Adrián Magallanes - Getting the Deal Through Investment Treaty, México 2014",si,https://www.vonwobeser.com/index.php/publicacion?p_id=374,si,https://www.vonwobeser.com/index.php/publication?p_id=375,si,https://webpage-von-wobeser-2026.replit.app/news/claus-von-wobeser-adrian-magallanes-getting-the-deal-through-investment-treaty-m-2,si,https://webpage-von-wobeser-2026.replit.app/news/claus-von-wobeser-adrian-magallanes-getting-the-deal-through-investment-treaty-m?lang=en,En ambas,OK,0,0,p_id ES 374 | p_id EN 375
2013-10,noticia,"Who´s Who Legal – Von Wobeser y Sierra, S.C. entre los 10 despachos líderes a nivel",si,https://www.vonwobeser.com/index.php/publicacion?p_id=575,si,https://www.vonwobeser.com/index.php/publication?p_id=576,si,https://webpage-von-wobeser-2026.replit.app/news/who-s-who-legal-von-wobeser-y-sierra-s-c-entre-los-10-despachos-lideres-a-nivel,si,https://webpage-von-wobeser-2026.replit.app/news/who-s-who-legal-von-wobeser-y-sierra-s-c-among-top-10-firms-as-a-leader-in-pro-b?lang=en,En ambas,OK,0,0,p_id ES 575 | p_id EN 576
2013-10,noticia,Von Wobeser y Sierra gana reconocimiento “Americas M&A Tax Deal of the Year 2013”,si,https://www.vonwobeser.com/index.php/publicacion?p_id=577,no,,si,https://webpage-von-wobeser-2026.replit.app/news/von-wobeser-y-sierra-gana-reconocimiento-americas-m-a-tax-deal-of-the-year-2013,si,https://webpage-von-wobeser-2026.replit.app/news/von-wobeser-y-sierra-gana-reconocimiento-americas-m-a-tax-deal-of-the-year-2013?lang=en,En ambas | oficial en 1 idioma,OK,0,0,p_id ES 577
2013-10,noticia,Sesión de Arbitraje ICDR/CANACO,si,https://www.vonwobeser.com/index.php/publicacion?p_id=580,si,https://www.vonwobeser.com/index.php/publication?p_id=581,si,https://webpage-von-wobeser-2026.replit.app/news/sesion-de-arbitraje-icdr-canaco,si,https://webpage-von-wobeser-2026.replit.app/news/icdr-canaco-arbitration?lang=en,En ambas,OK,0,0,p_id ES 580 | p_id EN 581
2013-10,noticia,Global Arbitration Review - Asientos Latinoamericanos van mano-a-mano en GAR Live,si,https://www.vonwobeser.com/index.php/publicacion?p_id=578,si,https://www.vonwobeser.com/index.php/publication?p_id=579,si,https://webpage-von-wobeser-2026.replit.app/news/global-arbitration-review-asientos-latinoamericanos-van-mano-a-mano-en-gar-live,si,https://webpage-von-wobeser-2026.replit.app/news/global-arbitration-review-latin-seats-go-mano-a-mano-at-gar-live?lang=en,En ambas,OK,0,0,p_id ES 578 | p_id EN 579
2013-10,articulo,Claus von Wobeser - The Arbitration Review of the Americas 2014,si,https://www.vonwobeser.com/index.php/publicacion?p_id=376,si,https://www.vonwobeser.com/index.php/publication?p_id=377,si,https://webpage-von-wobeser-2026.replit.app/news/claus-von-wobeser-the-arbitration-review-of-the-americas-2014,si,https://webpage-von-wobeser-2026.replit.app/news/claus-von-wobeser-the-arbitration-review-of-the-americas-2014-decision-on-anti-e?lang=en,En ambas,OK,0,0,p_id ES 376 | p_id EN 377
2013-09,noticia,"Von Wobeser y Sierra, S.C. gana el reconocimiento de “Mexico Tax Firm of the Year” de parte de International Tax Review, Septiembre 2013.",si,https://www.vonwobeser.com/index.php/publicacion?p_id=582,si,https://www.vonwobeser.com/index.php/publication?p_id=583,si,https://webpage-von-wobeser-2026.replit.app/news/von-wobeser-y-sierra-s-c-gana-el-reconocimiento-de-mexico-tax-firm-of-the-year-d,si,https://webpage-von-wobeser-2026.replit.app/news/von-wobeser-y-sierra-s-c-wins-mexico-tax-firm-of-the-year-2013-from-internationa?lang=en,En ambas | revisar texto,OK,0,0,p_id ES 582 | p_id EN 583
2013-09,noticia,"Ley Federal para la Prevención e Identificación de Operaciones con Recursos de Procedencia ilícita, Septiembre 2013",si,https://www.vonwobeser.com/index.php/publicacion?p_id=585,si,https://www.vonwobeser.com/index.php/publication?p_id=586,si,https://webpage-von-wobeser-2026.replit.app/news/ley-federal-para-la-prevencion-e-identificacion-de-operaciones-con-recursos-de-p-3,si,https://webpage-von-wobeser-2026.replit.app/news/federal-act-to-prevent-and-identify-transactions-involving-illicit-funds-3?lang=en,En ambas,OK,0,0,p_id ES 585 | p_id EN 586
2013-09,noticia,"Global Arbitration Review - El laudo en contra de PEMEX se reconoció como válido a pesar de su anulación en México, Septiembre 2013",si,https://www.vonwobeser.com/index.php/publicacion?p_id=587,si,https://www.vonwobeser.com/index.php/publication?p_id=588,si,https://webpage-von-wobeser-2026.replit.app/news/global-arbitration-review-el-laudo-en-contra-de-pemex-se-reconocio-como-valido-a,si,https://webpage-von-wobeser-2026.replit.app/news/global-arbitration-review-pemex-award-upheld-in-us-despite-set-aside-in-mexico?lang=en,En ambas,OK,0,0,p_id ES 587 | p_id EN 588
2013-09,articulo,"Fernando Carreño , José Palomar - Global Competition Review, The Antitrust Review of the Americas, Mexico 2014",si,https://www.vonwobeser.com/index.php/publicacion?p_id=380,si,https://www.vonwobeser.com/index.php/publication?p_id=381,si,https://webpage-von-wobeser-2026.replit.app/news/fernando-carreno-jose-palomar-global-competition-review-the-antitrust-review-of--2,si,https://webpage-von-wobeser-2026.replit.app/news/fernando-carreno-jose-palomar-global-competition-review-the-antitrust-review-of-?lang=en,En ambas | revisar texto,OK,0,0,p_id ES 380 | p_id EN 381
2013-09,noticia,23 de septiembre de 2013 Seminario: Presentación Nueva Ley Anti-lavado,si,https://www.vonwobeser.com/index.php/publicacion?p_id=584,no,,si,https://webpage-von-wobeser-2026.replit.app/news/23-de-septiembre-de-2013-seminario-presentacion-nueva-ley-anti-lavado,si,https://webpage-von-wobeser-2026.replit.app/news/23-de-septiembre-de-2013-seminario-presentacion-nueva-ley-anti-lavado?lang=en,En ambas | oficial en 1 idioma,OK,0,0,p_id ES 584
2013-08,noticia,"Ley Federal para la Prevención e Identificación de Operaciones con Recursos de Procedencia Ilícita, Agosto 2013",si,https://www.vonwobeser.com/index.php/publicacion?p_id=589,si,https://www.vonwobeser.com/index.php/publication?p_id=590,si,https://webpage-von-wobeser-2026.replit.app/news/ley-federal-para-la-prevencion-e-identificacion-de-operaciones-con-recursos-de-p-4,si,https://webpage-von-wobeser-2026.replit.app/news/federal-act-to-prevent-and-identify-transactions-involving-illicit-funds-4?lang=en,En ambas,OK,0,0,p_id ES 589 | p_id EN 590
2013-08,noticia,Latin Lawyer - Von Wobeser ayuda a Modelo a despedirse del equipo de futbol,si,https://www.vonwobeser.com/index.php/publicacion?p_id=593,si,https://www.vonwobeser.com/index.php/publication?p_id=594,si,https://webpage-von-wobeser-2026.replit.app/news/latin-lawyer-von-wobeser-ayuda-a-modelo-a-despedirse-del-equipo-de-futbol,si,https://webpage-von-wobeser-2026.replit.app/news/latin-lawyer-von-wobeser-helps-modelo-bid-farewell-to-football-team?lang=en,En ambas,Roto: 2,2,0,p_id ES 593 | p_id EN 594
2013-08,noticia,Iniciativa de Reforma Energética,si,https://www.vonwobeser.com/index.php/publicacion?p_id=595,si,https://www.vonwobeser.com/index.php/publication?p_id=596,si,https://webpage-von-wobeser-2026.replit.app/news/iniciativa-de-reforma-energetica,si,https://webpage-von-wobeser-2026.replit.app/news/energy-reform-bill?lang=en,En ambas,OK,0,0,p_id ES 595 | p_id EN 596
2013-08,noticia,"Creación de los juzgados y tribunales especializados en competencia económica, radiodifusión y telecomunicaciones",si,https://www.vonwobeser.com/index.php/publicacion?p_id=597,si,https://www.vonwobeser.com/index.php/publication?p_id=598,si,https://webpage-von-wobeser-2026.replit.app/news/creacion-de-los-juzgados-y-tribunales-especializados-en-competencia-economica-ra,si,https://webpage-von-wobeser-2026.replit.app/news/creation-of-the-specialized-courts-and-tribunals-in-antitrust-broadcasting-and-t?lang=en,En ambas,OK,0,0,p_id ES 597 | p_id EN 598
2013-08,articulo,Claus Von Wobeser - International Bar Association (IBA) - Guía de Arbitraje en Mexico,si,https://www.vonwobeser.com/index.php/publicacion?p_id=382,si,https://www.vonwobeser.com/index.php/publication?p_id=383,si,https://webpage-von-wobeser-2026.replit.app/news/claus-von-wobeser-international-bar-association-iba-guia-de-arbitraje-en-mexico,si,https://webpage-von-wobeser-2026.replit.app/news/claus-von-wobeser-international-bar-association-guide-iba-arbitration-guide-mexi?lang=en,En ambas,OK,0,0,p_id ES 382 | p_id EN 383
2013-08,noticia,3ra Conferencia Regional de Norteamérica y el Caribe de la IAP,si,https://www.vonwobeser.com/index.php/publicacion?p_id=591,si,https://www.vonwobeser.com/index.php/publication?p_id=592,si,https://webpage-von-wobeser-2026.replit.app/news/3ra-conferencia-regional-de-norteamerica-y-el-caribe-de-la-iap,si,https://webpage-von-wobeser-2026.replit.app/news/3rd-iap-north-american-caribbean-regional-conference?lang=en,En ambas | revisar texto,OK,0,0,p_id ES 591 | p_id EN 592
2013-07,noticia,Ley Federal para la Prevención e Identificación de Operaciones con Recursos de Procedencia Ilícita,si,https://www.vonwobeser.com/index.php/publicacion?p_id=605,si,https://www.vonwobeser.com/index.php/publication?p_id=606,si,https://webpage-von-wobeser-2026.replit.app/news/ley-federal-para-la-prevencion-e-identificacion-de-operaciones-con-recursos-de-p-5,si,https://webpage-von-wobeser-2026.replit.app/news/federal-act-to-prevent-and-identify-transactions-involving-illicit-funds-5?lang=en,En ambas,OK,0,0,p_id ES 605 | p_id EN 606
2013-07,noticia,Latin Lawyer - Se espera el fallo de SAB en los próximos días,si,https://www.vonwobeser.com/index.php/publicacion?p_id=603,si,https://www.vonwobeser.com/index.php/publication?p_id=604,si,https://webpage-von-wobeser-2026.replit.app/news/latin-lawyer-se-espera-el-fallo-de-sab-en-los-proximos-dias,si,https://webpage-von-wobeser-2026.replit.app/news/latin-lawyer-sab-ruling-expected-in-coming-days?lang=en,En ambas,OK,0,0,p_id ES 603 | p_id EN 604
2013-07,noticia,Latin Lawyer - México restringe contratos exclusivos de cervecera,si,https://www.vonwobeser.com/index.php/publicacion?p_id=601,si,https://www.vonwobeser.com/index.php/publication?p_id=602,si,https://webpage-von-wobeser-2026.replit.app/news/latin-lawyer-mexico-restringe-contratos-exclusivos-de-cervecera,si,https://webpage-von-wobeser-2026.replit.app/news/latin-lawyer-mexico-restricts-brewer-s-exclusive-contracts?lang=en,En ambas,OK,0,0,p_id ES 601 | p_id EN 602
2013-07,noticia,Latin Lawyer - 3G Gana aprobación mexicana incondicional para Heinz,si,https://www.vonwobeser.com/index.php/publicacion?p_id=599,si,https://www.vonwobeser.com/index.php/publication?p_id=600,si,https://webpage-von-wobeser-2026.replit.app/news/latin-lawyer-3g-gana-aprobacion-mexicana-incondicional-para-heinz,si,https://webpage-von-wobeser-2026.replit.app/news/latin-lawyer-3g-wins-unconditional-mexican-approval-for-heinz?lang=en,En ambas,OK,0,0,p_id ES 599 | p_id EN 600
2013-07,articulo,Edmond Grieger - Corporate Livewire - Tendencias en la generación de energía renovable en México,si,https://www.vonwobeser.com/index.php/publicacion?p_id=384,si,https://www.vonwobeser.com/index.php/publication?p_id=385,si,https://webpage-von-wobeser-2026.replit.app/news/edmond-grieger-corporate-livewire-tendencias-en-la-generacion-de-energia-renovab,si,https://webpage-von-wobeser-2026.replit.app/news/edmond-grieger-corporate-livewire-renewable-energy-generation-trends-in-mexico?lang=en,En ambas,OK,0,0,p_id ES 384 | p_id EN 385
2013-07,articulo,Diego Sierra / Practical Law - Tribunal Colegiado Mexicano autoriza la ejecución de una medida cautelar otorgada por un Tribunal Arbitral ex parte,si,https://www.vonwobeser.com/index.php/publicacion?p_id=386,si,https://www.vonwobeser.com/index.php/publication?p_id=387,si,https://webpage-von-wobeser-2026.replit.app/news/diego-sierra-practical-law-tribunal-colegiado-mexicano-autoriza-la-ejecucion-de-,si,https://webpage-von-wobeser-2026.replit.app/news/diego-sierra-practical-law-mexican-court-allows-enforcement-of-arbitral-tribunal?lang=en,En ambas,OK,0,0,p_id ES 386 | p_id EN 387
2013-06,noticia,"Von Wobeser y Sierra, S.C. colabora con el Congreso de la Unión en relación a la Reforma Financiera",si,https://www.vonwobeser.com/index.php/publicacion?p_id=607,si,https://www.vonwobeser.com/index.php/publication?p_id=608,si,https://webpage-von-wobeser-2026.replit.app/news/von-wobeser-y-sierra-s-c-colabora-con-el-congreso-de-la-union-en-relacion-a-la-r,si,https://webpage-von-wobeser-2026.replit.app/news/von-wobeser-y-sierra-s-c-participates-with-mexican-congress-in-regards-to-the-fi?lang=en,En ambas | revisar texto,OK,0,0,p_id ES 607 | p_id EN 608
2013-06,noticia,"Von Wobeser y Sierra S.C., asesoró a AB InBev en oferta pública 20,100 millones de dólares",si,https://www.vonwobeser.com/index.php/publicacion?p_id=613,si,https://www.vonwobeser.com/index.php/publication?p_id=614,si,https://webpage-von-wobeser-2026.replit.app/news/von-wobeser-y-sierra-s-c-asesoro-a-ab-inbev-en-oferta-publica-20-100-millones-de,si,https://webpage-von-wobeser-2026.replit.app/news/von-wobeser-y-sierra-s-c-advised-ab-inbev-in-tender-offer-usd-20-1-billion?lang=en,En ambas | revisar texto,OK,0,0,p_id ES 613 | p_id EN 614
2013-06,noticia,Nueva Ley de Responsabilidad Ambiental,si,https://www.vonwobeser.com/index.php/publicacion?p_id=611,si,https://www.vonwobeser.com/index.php/publication?p_id=612,si,https://webpage-von-wobeser-2026.replit.app/news/nueva-ley-de-responsabilidad-ambiental,si,https://webpage-von-wobeser-2026.replit.app/news/new-environmental-liability-act?lang=en,En ambas,OK,0,0,p_id ES 611 | p_id EN 612
2013-06,articulo,Diego Sierra - Praxis - Mejores Prácticas Cumplimiento anticorrupción,si,https://www.vonwobeser.com/index.php/publicacion?p_id=388,si,https://www.vonwobeser.com/index.php/publication?p_id=389,si,https://webpage-von-wobeser-2026.replit.app/news/diego-sierra-praxis-mejores-practicas-cumplimiento-anticorrupcion,si,https://webpage-von-wobeser-2026.replit.app/news/diego-sierra-better-practices-praxis-anti-corruption-practice?lang=en,En ambas,OK,0,0,p_id ES 388 | p_id EN 389
2013-06,noticia,"Adrián Magallanes, Socio de VWyS, S.C. en la “Onceava Conferencia de Arbitraje Internacional”",si,https://www.vonwobeser.com/index.php/publicacion?p_id=609,si,https://www.vonwobeser.com/index.php/publication?p_id=610,si,https://webpage-von-wobeser-2026.replit.app/news/adrian-magallanes-socio-de-vwys-s-c-en-la-onceava-conferencia-de-arbitraje-inter,si,https://webpage-von-wobeser-2026.replit.app/news/adrian-magallanes-partner-of-vwys-at-11th-annual-miami-international-arbitration?lang=en,En ambas | revisar texto,OK,0,0,p_id ES 609 | p_id EN 610
2013-05,noticia,"Von Wobeser y Sierra, S.C., felicita al Lic. Silverio Sandate por la obtención de su especialidad en Derecho Autoral del Instituto de Propiedad Intelectual y Derecho de la Competencia (IPIDEC)",si,https://www.vonwobeser.com/index.php/publicacion?p_id=617,si,https://www.vonwobeser.com/index.php/publication?p_id=618,si,https://webpage-von-wobeser-2026.replit.app/news/von-wobeser-y-sierra-s-c-felicita-al-lic-silverio-sandate-por-la-obtencion-de-su,si,https://webpage-von-wobeser-2026.replit.app/news/von-wobeser-y-sierra-s-c-congratulates-silverio-sandate-for-receiving-his-specia?lang=en,En ambas | revisar texto,OK,0,0,p_id ES 617 | p_id EN 618
2013-05,noticia,"Von Wobeser y Sierra S.C., participará en el curso del ICC Dispute Boards en América Latina",si,https://www.vonwobeser.com/index.php/publicacion?p_id=615,si,https://www.vonwobeser.com/index.php/publication?p_id=616,si,https://webpage-von-wobeser-2026.replit.app/news/von-wobeser-y-sierra-s-c-participara-en-el-curso-del-icc-dispute-boards-en-ameri,si,https://webpage-von-wobeser-2026.replit.app/news/von-wobeser-y-sierra-s-c-will-participate-in-the-icc-course-dispute-boards-in-la?lang=en,En ambas | revisar texto,OK,0,0,p_id ES 615 | p_id EN 616
2013-05,noticia,"Von Wobeser y Sierra S.C., capacitará a Jueces de la República Dominicana en temas relativos a la intervención del Poder Judicial bajo la Ley Modelo de la UNCITRAL sobre Arbitraje Comercial Internacional",si,https://www.vonwobeser.com/index.php/publicacion?p_id=619,si,https://www.vonwobeser.com/index.php/publication?p_id=620,si,https://webpage-von-wobeser-2026.replit.app/news/von-wobeser-y-sierra-s-c-capacitara-a-jueces-de-la-republica-dominicana-en-temas,si,https://webpage-von-wobeser-2026.replit.app/news/von-wobeser-y-sierra-s-c-called-to-train-dominican-republic-judges-on-the-uncitr?lang=en,En ambas | revisar texto,OK,0,0,p_id ES 619 | p_id EN 620
2013-05,noticia,Von Wobeser y Sierra S.C. es reconocido por su contribución en Pro Bono,si,https://www.vonwobeser.com/index.php/publicacion?p_id=634,si,https://www.vonwobeser.com/index.php/publication?p_id=635,si,https://webpage-von-wobeser-2026.replit.app/news/von-wobeser-y-sierra-s-c-es-reconocido-por-su-contribucion-en-pro-bono,si,https://webpage-von-wobeser-2026.replit.app/news/von-wobeser-y-sierra-s-c-is-recognized-for-its-pro-bono-work?lang=en,En ambas | revisar texto,OK,0,0,p_id ES 634 | p_id EN 635
2013-05,noticia,Von Wobeser y Sierra S.C. es reconocido por Latin Lawyer 250 como uno de los mejores despachos en Latinoamérica,si,https://www.vonwobeser.com/index.php/publicacion?p_id=632,si,https://www.vonwobeser.com/index.php/publication?p_id=633,si,https://webpage-von-wobeser-2026.replit.app/news/von-wobeser-y-sierra-s-c-es-reconocido-por-latin-lawyer-250-como-uno-de-los-mejo,si,https://webpage-von-wobeser-2026.replit.app/news/von-wobeser-y-sierra-s-c-is-recognized-by-latin-lawyer-250-as-one-of-the-top-fir?lang=en,En ambas | revisar texto,OK,0,0,p_id ES 632 | p_id EN 633
2013-05,noticia,Von Wobeser y Sierra S.C. es reconocido por IFLR 1000 Latin America Energy & Infrastructure Guide,si,https://www.vonwobeser.com/index.php/publicacion?p_id=626,si,https://www.vonwobeser.com/index.php/publication?p_id=627,si,https://webpage-von-wobeser-2026.replit.app/news/von-wobeser-y-sierra-s-c-es-reconocido-por-iflr-1000-latin-america-energy-infras,si,https://webpage-von-wobeser-2026.replit.app/news/von-wobeser-y-sierra-s-c-is-recognized-by-iflr-1000-latin-america-energy-infrast?lang=en,En ambas | revisar texto,OK,0,0,p_id ES 626 | p_id EN 627
2013-05,noticia,Von Wobeser y Sierra S.C. es reconocido por IFLR 1000,si,https://www.vonwobeser.com/index.php/publicacion?p_id=628,si,https://www.vonwobeser.com/index.php/publication?p_id=629,si,https://webpage-von-wobeser-2026.replit.app/news/von-wobeser-y-sierra-s-c-es-reconocido-por-iflr-1000,si,https://webpage-von-wobeser-2026.replit.app/news/von-wobeser-y-sierra-s-c-is-recognized-by-iflr-1000?lang=en,En ambas | revisar texto,OK,0,0,p_id ES 628 | p_id EN 629
2013-05,noticia,Von Wobeser y Sierra S.C. es reconocido por Chambers & Partners Global,si,https://www.vonwobeser.com/index.php/publicacion?p_id=630,si,https://www.vonwobeser.com/index.php/publication?p_id=631,si,https://webpage-von-wobeser-2026.replit.app/news/von-wobeser-y-sierra-s-c-es-reconocido-por-chambers-partners-global,si,https://webpage-von-wobeser-2026.replit.app/news/von-wobeser-y-sierra-s-c-is-recognized-by-chambers-partners-global?lang=en,En ambas | revisar texto,OK,0,0,p_id ES 630 | p_id EN 631
2013-05,articulo,Victor Ruiz - ICC International Court of Arbitration Bulletin; Recepción de pruebas en Latinoamérica: Algunas observaciones sobre prácticas locales y uso de las reglas de la IBA,si,https://www.vonwobeser.com/index.php/publicacion?p_id=392,si,https://www.vonwobeser.com/index.php/publication?p_id=393,si,https://webpage-von-wobeser-2026.replit.app/news/victor-ruiz-icc-international-court-of-arbitration-bulletin-recepcion-de-pruebas,si,https://webpage-von-wobeser-2026.replit.app/news/victor-ruiz-icc-international-court-of-arbitration-bulletin-taking-evidence-in-l?lang=en,En ambas,OK,0,0,p_id ES 392 | p_id EN 393
2013-05,noticia,Latin Lawyer-Suprema Corta de Justicia de Estados Unidos acepta adquisición de Anheuser Busch InBev,si,https://www.vonwobeser.com/index.php/publicacion?p_id=624,si,https://www.vonwobeser.com/index.php/publication?p_id=625,si,https://webpage-von-wobeser-2026.replit.app/news/latin-lawyer-suprema-corta-de-justicia-de-estados-unidos-acepta-adquisicion-de-a,si,https://webpage-von-wobeser-2026.replit.app/news/latin-lawyer-doj-reaches-deal-to-end-ab-inbev-modelo-challenge?lang=en,En ambas,OK,0,0,p_id ES 624 | p_id EN 625
2013-05,noticia,Latin Lawyer-Alsea compra franquicia de Burger King en México,si,https://www.vonwobeser.com/index.php/publicacion?p_id=622,si,https://www.vonwobeser.com/index.php/publication?p_id=623,si,https://webpage-von-wobeser-2026.replit.app/news/latin-lawyer-alsea-compra-franquicia-de-burger-king-en-mexico,si,https://webpage-von-wobeser-2026.replit.app/news/latin-lawyer-alsea-acquires-burger-king-franchise-in-mexico?lang=en,En ambas,OK,0,0,p_id ES 622 | p_id EN 623
2013-05,articulo,"Ivan J. Romo - ABI Young & New Members Committee Newsletter, May 2013; La insolvencia como un pre-requisito para solicitar un Concurso Mercantil en México",si,https://www.vonwobeser.com/index.php/publicacion?p_id=390,si,https://www.vonwobeser.com/index.php/publication?p_id=391,si,https://webpage-von-wobeser-2026.replit.app/news/ivan-j-romo-abi-young-new-members-committee-newsletter-may-2013-la-insolvencia-c,si,https://webpage-von-wobeser-2026.replit.app/news/ivan-j-romo-abi-young-new-members-committee-newsletter-may-2013-insolvency-as-a-?lang=en,En ambas,OK,0,0,p_id ES 390 | p_id EN 391
2013-05,noticia,14 de Mayo 2013 Seminario: Presentación de la nueva Ley de Amparo,si,https://www.vonwobeser.com/index.php/publicacion?p_id=621,no,,si,https://webpage-von-wobeser-2026.replit.app/news/14-de-mayo-2013-seminario-presentacion-de-la-nueva-ley-de-amparo,si,https://webpage-von-wobeser-2026.replit.app/news/14-de-mayo-2013-seminario-presentacion-de-la-nueva-ley-de-amparo?lang=en,En ambas | oficial en 1 idioma,OK,0,0,p_id ES 621
2013-04,noticia,"Von Wobeser y Sierra, S.C. participa activamente en la INTA 2013",si,https://www.vonwobeser.com/index.php/publicacion?p_id=640,si,https://www.vonwobeser.com/index.php/publication?p_id=641,si,https://webpage-von-wobeser-2026.replit.app/news/von-wobeser-y-sierra-s-c-participa-activamente-en-la-inta-2013,si,https://webpage-von-wobeser-2026.replit.app/news/von-wobeser-y-sierra-s-c-actively-participates-in-inta-2013?lang=en,En ambas | revisar texto,OK,0,0,p_id ES 640 | p_id EN 641
2013-04,noticia,"Von Wobeser y Sierra, S.C. participa activamente en la ANADE",si,https://www.vonwobeser.com/index.php/publicacion?p_id=648,si,https://www.vonwobeser.com/index.php/publication?p_id=649,si,https://webpage-von-wobeser-2026.replit.app/news/von-wobeser-y-sierra-s-c-participa-activamente-en-la-anade,si,https://webpage-von-wobeser-2026.replit.app/news/von-wobeser-y-sierra-s-c-active-in-the-anade?lang=en,En ambas | revisar texto,OK,0,0,p_id ES 648 | p_id EN 649
2013-04,noticia,"Von Wobeser y Sierra, S.C. estará presente en la reunión anual de la INTA 2013",si,https://www.vonwobeser.com/index.php/publicacion?p_id=638,si,https://www.vonwobeser.com/index.php/publication?p_id=639,si,https://webpage-von-wobeser-2026.replit.app/news/von-wobeser-y-sierra-s-c-estara-presente-en-la-reunion-anual-de-la-inta-2013,si,https://webpage-von-wobeser-2026.replit.app/news/von-wobeser-y-sierra-s-c-will-attend-the-inta-annual-inta-meeting-2013?lang=en,En ambas | revisar texto,OK,0,0,p_id ES 638 | p_id EN 639
2013-04,noticia,Propuesta de Reforma Constitucional en Materia de Adquisición de Inmuebles,si,https://www.vonwobeser.com/index.php/publicacion?p_id=636,si,https://www.vonwobeser.com/index.php/publication?p_id=637,si,https://webpage-von-wobeser-2026.replit.app/news/propuesta-de-reforma-constitucional-en-materia-de-adquisicion-de-inmuebles,si,https://webpage-von-wobeser-2026.replit.app/news/proposal-of-constitutional-reform-on-acquisition-of-property-by-foreigners?lang=en,En ambas | revisar texto,OK,0,0,p_id ES 636 | p_id EN 637
2013-04,noticia,"Fernando Carreño de Von Wobeser y Sierra, S.C. expositor en el Primer Taller de Competencia Económica",si,https://www.vonwobeser.com/index.php/publicacion?p_id=642,si,https://www.vonwobeser.com/index.php/publication?p_id=643,si,https://webpage-von-wobeser-2026.replit.app/news/fernando-carreno-de-von-wobeser-y-sierra-s-c-expositor-en-el-primer-taller-de-co,si,https://webpage-von-wobeser-2026.replit.app/news/fernando-carreno-of-von-wobeser-y-sierra-s-c-key-speaker-in-the-first-workshop-o?lang=en,En ambas | revisar texto,OK,0,0,p_id ES 642 | p_id EN 643
2013-04,noticia,Entrada en Vigor de la Nueva Ley de Amparo,si,https://www.vonwobeser.com/index.php/publicacion?p_id=646,si,https://www.vonwobeser.com/index.php/publication?p_id=647,si,https://webpage-von-wobeser-2026.replit.app/news/entrada-en-vigor-de-la-nueva-ley-de-amparo,si,https://webpage-von-wobeser-2026.replit.app/news/new-amparo-law-enters-into-force?lang=en,En ambas | revisar texto,OK,0,0,p_id ES 646 | p_id EN 647
2013-04,noticia,El Aviso de Privacidad y la Protección de Datos Personales,si,https://www.vonwobeser.com/index.php/publicacion?p_id=644,si,https://www.vonwobeser.com/index.php/publication?p_id=645,si,https://webpage-von-wobeser-2026.replit.app/news/el-aviso-de-privacidad-y-la-proteccion-de-datos-personales,si,https://webpage-von-wobeser-2026.replit.app/news/the-privacy-notice-and-protection-of-personal-data?lang=en,En ambas,OK,0,0,p_id ES 644 | p_id EN 645
2013-03,noticia,Nueva Ley de Amparo,si,https://www.vonwobeser.com/index.php/publicacion?p_id=650,si,https://www.vonwobeser.com/index.php/publication?p_id=651,si,https://webpage-von-wobeser-2026.replit.app/news/nueva-ley-de-amparo,si,https://webpage-von-wobeser-2026.replit.app/news/new-amparo-law?lang=en,En ambas,OK,0,0,p_id ES 650 | p_id EN 651
2013-03,articulo,"Claus Von Wobeser - Expert Guides, Commercial Arbitration - La Evolución del Arbitraje Legal en México",si,https://www.vonwobeser.com/index.php/publicacion?p_id=394,si,https://www.vonwobeser.com/index.php/publication?p_id=395,si,https://webpage-von-wobeser-2026.replit.app/news/claus-von-wobeser-expert-guides-commercial-arbitration-la-evolucion-del-arbitraj,si,https://webpage-von-wobeser-2026.replit.app/news/claus-von-wobeser-expert-guides-commercial-arbitration-evolution-of-mexican-arbi?lang=en,En ambas,OK,0,0,p_id ES 394 | p_id EN 395
2013-02,noticia,Latin Lawyer - AB InBev ofrece propuesta al Departamento de Justicia de Estados Unidos,si,https://www.vonwobeser.com/index.php/publicacion?p_id=652,si,https://www.vonwobeser.com/index.php/publication?p_id=653,si,https://webpage-von-wobeser-2026.replit.app/news/latin-lawyer-ab-inbev-ofrece-propuesta-al-departamento-de-justicia-de-estados-un,si,https://webpage-von-wobeser-2026.replit.app/news/latin-lawyer-ab-inbev-offers-doj-more-remedies?lang=en,En ambas,OK,0,0,p_id ES 652 | p_id EN 653
2013-02,articulo,"Andrés Nieto , Maike Pröhl - International Law Office, Lanzamiento de ofertas públicas de adquisición forzosa",si,https://www.vonwobeser.com/index.php/publicacion?p_id=396,si,https://www.vonwobeser.com/index.php/publication?p_id=397,si,https://webpage-von-wobeser-2026.replit.app/news/andres-nieto-maike-prohl-international-law-office-lanzamiento-de-ofertas-publica,si,https://webpage-von-wobeser-2026.replit.app/news/andres-nieto-maike-prohl-international-law-office-launching-mandatory-tender-off?lang=en,En ambas,OK,0,0,p_id ES 396 | p_id EN 397
2013-01,noticia,Von Wobeser y Sierra S.C. promueve a Edmond Grieger a Socio,si,https://www.vonwobeser.com/index.php/publicacion?p_id=660,si,https://www.vonwobeser.com/index.php/publication?p_id=661,si,https://webpage-von-wobeser-2026.replit.app/news/von-wobeser-y-sierra-s-c-promueve-a-edmond-grieger-a-socio,si,https://webpage-von-wobeser-2026.replit.app/news/von-wobeser-y-sierra-s-c-promotes-edmond-grieger-to-partner?lang=en,En ambas | revisar texto,OK,0,0,p_id ES 660 | p_id EN 661
2013-01,noticia,Von Wobeser y Sierra S.C. promueve a Adrían Magallanes a Socio,si,https://www.vonwobeser.com/index.php/publicacion?p_id=662,si,https://www.vonwobeser.com/index.php/publication?p_id=663,si,https://webpage-von-wobeser-2026.replit.app/news/von-wobeser-y-sierra-s-c-promueve-a-adrian-magallanes-a-socio,si,https://webpage-von-wobeser-2026.replit.app/news/von-wobeser-y-sierra-s-c-promotes-adrian-magallanes-to-partner?lang=en,En ambas | revisar texto,OK,0,0,p_id ES 662 | p_id EN 663
2013-01,noticia,Von Wobeser y Sierra S.C. participará en la reunión de Alto Nivel sobre Arbitraje Comercial Internacional de la Organización de los Estados Americanos (OEA),si,https://www.vonwobeser.com/index.php/publicacion?p_id=658,si,https://www.vonwobeser.com/index.php/publication?p_id=659,si,https://webpage-von-wobeser-2026.replit.app/news/von-wobeser-y-sierra-s-c-participara-en-la-reunion-de-alto-nivel-sobre-arbitraje,si,https://webpage-von-wobeser-2026.replit.app/news/von-wobeser-y-sierra-s-c-will-participate-in-the-organization-of-american-state-?lang=en,En ambas | revisar texto,OK,0,0,p_id ES 658 | p_id EN 659
2013-01,noticia,Reformas a la ley Federal del Trabajo,si,https://www.vonwobeser.com/index.php/publicacion?p_id=664,si,https://www.vonwobeser.com/index.php/publication?p_id=665,si,https://webpage-von-wobeser-2026.replit.app/news/reformas-a-la-ley-federal-del-trabajo,si,https://webpage-von-wobeser-2026.replit.app/news/reforms-to-the-federal-labor-law?lang=en,En ambas,OK,0,0,p_id ES 664 | p_id EN 665
2013-01,articulo,"Luis Miguel Jiménez , Lourdes Salazar - International Law Office, Implicaciones en materia de Comercio Exterior derivadas de Fusiones y Adquisiciones",si,https://www.vonwobeser.com/index.php/publicacion?p_id=406,si,https://www.vonwobeser.com/index.php/publication?p_id=407,si,https://webpage-von-wobeser-2026.replit.app/news/luis-miguel-jimenez-lourdes-salazar-international-law-office-implicaciones-en-ma,si,https://webpage-von-wobeser-2026.replit.app/news/luis-miguel-jimenez-lourdes-salazar-international-law-office-foreign-trade-impli?lang=en,En ambas,OK,0,0,p_id ES 406 | p_id EN 407
2013-01,noticia,Ley Federal para la Prevención e Identificación de Operaciones con Recursos de Procedencia Ilícita,si,https://www.vonwobeser.com/index.php/publicacion?p_id=666,si,https://www.vonwobeser.com/index.php/publication?p_id=667,si,https://webpage-von-wobeser-2026.replit.app/news/ley-federal-para-la-prevencion-e-identificacion-de-operaciones-con-recursos-de-p-6,si,https://webpage-von-wobeser-2026.replit.app/news/federal-act-to-prevent-and-identify-transactions-involving-illicit-funds-6?lang=en,En ambas,OK,0,0,p_id ES 666 | p_id EN 667
2013-01,noticia,Latin Lawyer - Más firmas promueven Socios,si,https://www.vonwobeser.com/index.php/publicacion?p_id=656,si,https://www.vonwobeser.com/index.php/publication?p_id=657,si,https://webpage-von-wobeser-2026.replit.app/news/latin-lawyer-mas-firmas-promueven-socios,si,https://webpage-von-wobeser-2026.replit.app/news/latin-lawyer-more-firms-announce-new-partners?lang=en,En ambas,OK,0,0,p_id ES 656 | p_id EN 657
2013-01,articulo,"Jorge Ricardo Díaz Carvajal - International Law Office, Consideraciones fiscales relacionadas a fusiones y adquisiciones en México",si,https://www.vonwobeser.com/index.php/publicacion?p_id=402,si,https://www.vonwobeser.com/index.php/publication?p_id=403,si,https://webpage-von-wobeser-2026.replit.app/news/jorge-ricardo-diaz-carvajal-international-law-office-consideraciones-fiscales-re,si,https://webpage-von-wobeser-2026.replit.app/news/jorge-ricardo-diaz-carvajal-international-law-office-tax-considerations-in-m-a-t?lang=en,En ambas,OK,0,0,p_id ES 402 | p_id EN 403
2013-01,noticia,Global Arbitration Review - Von Wobeser promueve nuevo Socio,si,https://www.vonwobeser.com/index.php/publicacion?p_id=654,si,https://www.vonwobeser.com/index.php/publication?p_id=655,si,https://webpage-von-wobeser-2026.replit.app/news/global-arbitration-review-von-wobeser-promueve-nuevo-socio,si,https://webpage-von-wobeser-2026.replit.app/news/global-arbitration-review-von-wobeser-adds-to-partnership?lang=en,En ambas | revisar texto,Roto: 1,1,0,p_id ES 654 | p_id EN 655
2013-01,articulo,"Edmond Grieger, Virginia Cornett - World Financier, Referencia Global: Infraestructura y Financiamiento de Proyectos",si,https://www.vonwobeser.com/index.php/publicacion?p_id=404,si,https://www.vonwobeser.com/index.php/publication?p_id=405,si,https://webpage-von-wobeser-2026.replit.app/news/edmond-grieger-virginia-cornett-world-financier-referencia-global-infraestructur,si,https://webpage-von-wobeser-2026.replit.app/news/edmond-grieger-virginia-cornett-world-financier-global-reference-guide-infrastru?lang=en,En ambas,OK,0,0,p_id ES 404 | p_id EN 405
2013-01,articulo,"Edmond Grieger - Corporate Livewire, Mesa Redonda: Energía y Recursos Naturales",si,https://www.vonwobeser.com/index.php/publicacion?p_id=400,si,https://www.vonwobeser.com/index.php/publication?p_id=401,si,https://webpage-von-wobeser-2026.replit.app/news/edmond-grieger-corporate-livewire-mesa-redonda-energia-y-recursos-naturales-2,si,https://webpage-von-wobeser-2026.replit.app/news/edmond-grieger-corporate-livewire-round-table-energy-natural-resources?lang=en,En ambas,OK,0,0,p_id ES 400 | p_id EN 401
2013-01,articulo,"Diego Sierra , Andrea Rivera - PLC Arbitration Multi-jurisdictional correo mensual: La Suprema Corte de Justicia de la Nación analiza “orden público” como causal para anular un laudo arbitral",si,https://www.vonwobeser.com/index.php/publicacion?p_id=398,si,https://www.vonwobeser.com/index.php/publication?p_id=399,si,https://webpage-von-wobeser-2026.replit.app/news/diego-sierra-andrea-rivera-plc-arbitration-multi-jurisdictional-correo-mensual-l,si,https://webpage-von-wobeser-2026.replit.app/news/diego-sierra-andrea-rivera-plc-arbitration-multi-jurisdictional-monthly-email-me?lang=en,En ambas,OK,0,0,p_id ES 398 | p_id EN 399
2012-12,articulo,"Victor Ruiz - Diego Sierra - PLC Arbitration Multi-Jurisdicitonal, La Suprema Corte de Justicia mexicana reconoce que los tribunales arbitrales tiene las más amplias facultades",si,https://www.vonwobeser.com/index.php/publicacion?p_id=414,si,https://www.vonwobeser.com/index.php/publication?p_id=415,si,https://webpage-von-wobeser-2026.replit.app/news/victor-ruiz-diego-sierra-plc-arbitration-multi-jurisdicitonal-la-suprema-corte-d,si,https://webpage-von-wobeser-2026.replit.app/news/victor-ruiz-diego-sierra-practical-law-company-plc-multi-jurisditional-mexico-su?lang=en,En ambas,OK,0,0,p_id ES 414 | p_id EN 415
2012-12,noticia,Reformas a la Ley Federal del Trabajo,si,https://www.vonwobeser.com/index.php/publicacion?p_id=670,si,https://www.vonwobeser.com/index.php/publication?p_id=671,si,https://webpage-von-wobeser-2026.replit.app/news/reformas-a-la-ley-federal-del-trabajo-2,si,https://webpage-von-wobeser-2026.replit.app/news/federal-labor-law-reforms?lang=en,En ambas,OK,0,0,p_id ES 670 | p_id EN 671
2012-12,noticia,Nueva Legislación Migratoria en México,si,https://www.vonwobeser.com/index.php/publicacion?p_id=668,si,https://www.vonwobeser.com/index.php/publication?p_id=669,si,https://webpage-von-wobeser-2026.replit.app/news/nueva-legislacion-migratoria-en-mexico,si,https://webpage-von-wobeser-2026.replit.app/news/new-immigration-law-in-mexico?lang=en,En ambas,OK,0,0,p_id ES 668 | p_id EN 669
2012-12,articulo,"Luis Miguel Jiménez , Iván Romo - Derecho Concursal, Obra Jurídica Enciclopédica, Escuela Libre de Derecho",si,https://www.vonwobeser.com/index.php/publicacion?p_id=410,si,https://www.vonwobeser.com/index.php/publication?p_id=411,si,https://webpage-von-wobeser-2026.replit.app/news/luis-miguel-jimenez-ivan-romo-derecho-concursal-obra-juridica-enciclopedica-escu,si,https://webpage-von-wobeser-2026.replit.app/news/luis-miguel-jimenez-ivan-romo-bankruptcy-law-legal-encyclopedia-escuela-libre-de?lang=en,En ambas,OK,0,0,p_id ES 410 | p_id EN 411
2012-12,articulo,"Edmond Grieger - International Law Office, Responsabilidad ambiental en transacciones de fusiones y adquisiciones",si,https://www.vonwobeser.com/index.php/publicacion?p_id=412,si,https://www.vonwobeser.com/index.php/publication?p_id=413,si,https://webpage-von-wobeser-2026.replit.app/news/edmond-grieger-international-law-office-responsabilidad-ambiental-en-transaccion,si,https://webpage-von-wobeser-2026.replit.app/news/edmond-grieger-international-law-office-environmental-liabilities-in-m-a-transac?lang=en,En ambas,OK,0,0,p_id ES 412 | p_id EN 413
2012-11,noticia,Latin Lawyer-New Gold regresa a despachos conocidos para expedición de $500 millones,si,https://www.vonwobeser.com/index.php/publicacion?p_id=672,si,https://www.vonwobeser.com/index.php/publication?p_id=673,si,https://webpage-von-wobeser-2026.replit.app/news/latin-lawyer-new-gold-regresa-a-despachos-conocidos-para-expedicion-de-500-millo,si,https://webpage-von-wobeser-2026.replit.app/news/latin-lawyer-new-gold-returns-to-familiar-firms-for-us-500-million-issuance?lang=en,En ambas,OK,0,0,p_id ES 672 | p_id EN 673
2012-11,noticia,Latin Lawyer - AB InBev/Grupo Modelo aprobado en México,si,https://www.vonwobeser.com/index.php/publicacion?p_id=674,si,https://www.vonwobeser.com/index.php/publication?p_id=675,si,https://webpage-von-wobeser-2026.replit.app/news/latin-lawyer-ab-inbev-grupo-modelo-aprobado-en-mexico,si,https://webpage-von-wobeser-2026.replit.app/news/latin-lawyer-ab-inbev-grupo-modelo-approved-in-mexico?lang=en,En ambas,OK,0,0,p_id ES 674 | p_id EN 675
2012-11,noticia,Global Competition Review - AB InBev/Grupo Modelo aprobado en México,si,https://www.vonwobeser.com/index.php/publicacion?p_id=676,si,https://www.vonwobeser.com/index.php/publication?p_id=677,si,https://webpage-von-wobeser-2026.replit.app/news/global-competition-review-ab-inbev-grupo-modelo-aprobado-en-mexico,si,https://webpage-von-wobeser-2026.replit.app/news/global-competition-review-ab-inbev-grupo-modelo-approved-in-mexico?lang=en,En ambas,OK,0,0,p_id ES 676 | p_id EN 677
2012-11,articulo,"Claus von Wobeser - Latin American Arbitration & Investment ,Protecciones de Inversión en Latinoamérica",si,https://www.vonwobeser.com/index.php/publicacion?p_id=418,si,https://www.vonwobeser.com/index.php/publication?p_id=419,si,https://webpage-von-wobeser-2026.replit.app/news/claus-von-wobeser-latin-american-arbitration-investment-protecciones-de-inversio,si,https://webpage-von-wobeser-2026.replit.app/news/claus-von-wobeser-latin-american-arbitration-investment-latin-american-investmen?lang=en,En ambas | revisar texto,OK,0,0,p_id ES 418 | p_id EN 419
2012-10,noticia,"Von Wobeser y Sierra S.C.participará en el Seminario de la ICC, “Solución de Controversias Financieras”",si,https://www.vonwobeser.com/index.php/publicacion?p_id=680,si,https://www.vonwobeser.com/index.php/publication?p_id=679,si,https://webpage-von-wobeser-2026.replit.app/news/von-wobeser-y-sierra-s-c-participara-en-el-seminario-de-la-icc-solucion-de-contr,si,https://webpage-von-wobeser-2026.replit.app/news/von-wobeser-y-sierra-s-c-participates-in-the-icc-seminar-controversial-financial?lang=en,En ambas | revisar texto,OK,0,0,p_id ES 680 | p_id EN 679
2012-10,noticia,"Von Wobeser y Sierra S.C., participó en el taller “Enhancing Global Cartel Enforcement, Building on Solid Foundations” del ICN.",si,https://www.vonwobeser.com/index.php/publicacion?p_id=682,si,https://www.vonwobeser.com/index.php/publication?p_id=681,si,https://webpage-von-wobeser-2026.replit.app/news/von-wobeser-y-sierra-s-c-participo-en-el-taller-enhancing-global-cartel-enforcem,si,https://webpage-von-wobeser-2026.replit.app/news/von-wobeser-y-sierra-s-c-participated-in-the-workshop-enhancing-global-cartel-en?lang=en,En ambas | revisar texto,OK,0,0,p_id ES 682 | p_id EN 681
2012-09,noticia,Von Wobeser y Sierra S.C. reconocido por Legal 500.,si,https://www.vonwobeser.com/index.php/publicacion?p_id=683,si,https://www.vonwobeser.com/index.php/publication?p_id=684,si,https://webpage-von-wobeser-2026.replit.app/news/von-wobeser-y-sierra-s-c-reconocido-por-legal-500,si,https://webpage-von-wobeser-2026.replit.app/news/von-wobeser-y-sierra-s-c-recognized-by-legal-500?lang=en,En ambas | revisar texto,OK,0,0,p_id ES 683 | p_id EN 684
2012-09,noticia,Von Wobeser y Sierra S.C. reconocido por Chambers Latin America.,si,https://www.vonwobeser.com/index.php/publicacion?p_id=685,si,https://www.vonwobeser.com/index.php/publication?p_id=686,si,https://webpage-von-wobeser-2026.replit.app/news/von-wobeser-y-sierra-s-c-reconocido-por-chambers-latin-america,si,https://webpage-von-wobeser-2026.replit.app/news/von-wobeser-y-sierra-s-c-recognized-by-chambers-latin-america?lang=en,En ambas | revisar texto,OK,0,0,p_id ES 685 | p_id EN 686
2012-08,noticia,"Global Arbitration Review - Von Wobeser en el asiento de conductor en relación a juicio en Costa Rica, Agosto 2012",si,https://www.vonwobeser.com/index.php/publicacion?p_id=687,si,https://www.vonwobeser.com/index.php/publication?p_id=688,si,https://webpage-von-wobeser-2026.replit.app/news/global-arbitration-review-von-wobeser-en-el-asiento-de-conductor-en-relacion-a-j,si,https://webpage-von-wobeser-2026.replit.app/news/global-arbitration-review-von-wobeser-in-driver-s-seat-for-costa-rica-claim?lang=en,En ambas,OK,0,0,p_id ES 687 | p_id EN 688
2012-08,articulo,"Claus von Wobeser, Fernando Carreño, Andrés Nieto, José Palomar - The Law Review: International Investigations 2nda Edición",si,https://www.vonwobeser.com/index.php/publicacion?p_id=420,si,https://www.vonwobeser.com/index.php/publication?p_id=421,si,https://webpage-von-wobeser-2026.replit.app/news/claus-von-wobeser-fernando-carreno-andres-nieto-jose-palomar-the-law-review-inte-2,si,https://webpage-von-wobeser-2026.replit.app/news/claus-von-wobeser-fernando-carreno-andres-nieto-jose-palomar-the-law-review-inte?lang=en,En ambas,OK,0,0,p_id ES 420 | p_id EN 421
2012-07,noticia,Von Wobeser y Sierra S.C. representó a Anheuser Busch InBev en la compra de Grupo Modelo,si,https://www.vonwobeser.com/index.php/publicacion?p_id=691,si,https://www.vonwobeser.com/index.php/publication?p_id=692,si,https://webpage-von-wobeser-2026.replit.app/news/von-wobeser-y-sierra-s-c-represento-a-anheuser-busch-inbev-en-la-compra-de-grupo,si,https://webpage-von-wobeser-2026.replit.app/news/von-wobeser-y-sierra-s-c-counsel-to-anheuser-busch-inbev-in-the-acquisition-of-g?lang=en,En ambas | revisar texto,OK,0,0,p_id ES 691 | p_id EN 692
2012-07,noticia,Latin Lawyer - Ocho despachos involucrados en la compra de Grupo Modelo,si,https://www.vonwobeser.com/index.php/publicacion?p_id=689,si,https://www.vonwobeser.com/index.php/publication?p_id=690,si,https://webpage-von-wobeser-2026.replit.app/news/latin-lawyer-ocho-despachos-involucrados-en-la-compra-de-grupo-modelo,si,https://webpage-von-wobeser-2026.replit.app/news/latin-lawyer-eight-firms-in-ab-inbev-grupo-modelo?lang=en,En ambas,OK,0,0,p_id ES 689 | p_id EN 690
2012-07,articulo,"Javier Lizardi, Rodolfo Trampe, Jorge Díaz, Carlos López - Pratical Law Company,Outsourcing, México",si,https://www.vonwobeser.com/index.php/publicacion?p_id=429,si,https://www.vonwobeser.com/index.php/publication?p_id=430,si,https://webpage-von-wobeser-2026.replit.app/news/javier-lizardi-rodolfo-trampe-jorge-diaz-carlos-lopez-pratical-law-company-outso,si,https://webpage-von-wobeser-2026.replit.app/news/javier-lizardi-rodolfo-trampe-jorge-diaz-carlos-lopez-practival-law-company-plc-?lang=en,En ambas,OK,0,0,p_id ES 429 | p_id EN 430
2012-07,articulo,"Fernando Carreño - José Palomar. - Practical Law Company, Cartel Leniency, México",si,https://www.vonwobeser.com/index.php/publicacion?p_id=427,si,https://www.vonwobeser.com/index.php/publication?p_id=428,si,https://webpage-von-wobeser-2026.replit.app/news/fernando-carreno-jose-palomar-practical-law-company-cartel-leniency-mexico,si,https://webpage-von-wobeser-2026.replit.app/news/fernando-carreno-jose-palomar-practical-law-company-plc-reference-guide-mexico-c?lang=en,En ambas,OK,0,0,p_id ES 427 | p_id EN 428
2012-07,articulo,"Fernando Carreño , José Palomar - The Antitrust Review of the Americas, Resumen de México en Competencia Económica",si,https://www.vonwobeser.com/index.php/publicacion?p_id=423,si,https://www.vonwobeser.com/index.php/publication?p_id=424,si,https://webpage-von-wobeser-2026.replit.app/news/fernando-carreno-jose-palomar-the-antitrust-review-of-the-americas-resumen-de-me,si,https://webpage-von-wobeser-2026.replit.app/news/fernando-carreno-jose-palomar-the-antitrust-review-of-the-americas-mexico-antitr?lang=en,En ambas,OK,0,0,p_id ES 423 | p_id EN 424
2012-07,articulo,"Andrés Nieto - Practical Law Company- Fondos de Inversión, México",si,https://www.vonwobeser.com/index.php/publicacion?p_id=425,si,https://www.vonwobeser.com/index.php/publication?p_id=426,si,https://webpage-von-wobeser-2026.replit.app/news/andres-nieto-practical-law-company-fondos-de-inversion-mexico,si,https://webpage-von-wobeser-2026.replit.app/news/andres-nieto-practical-law-company-plc-reference-guide-mexico-investment-funds?lang=en,En ambas,OK,0,0,p_id ES 425 | p_id EN 426
2012-06,articulo,"Edmond Grieger - Corporate Livewire, Tendencias y desarrollo en el mercado mexicano de Enegía Renovable",si,https://www.vonwobeser.com/index.php/publicacion?p_id=431,si,https://www.vonwobeser.com/index.php/publication?p_id=432,si,https://webpage-von-wobeser-2026.replit.app/news/edmond-grieger-corporate-livewire-tendencias-y-desarrollo-en-el-mercado-mexicano,si,https://webpage-von-wobeser-2026.replit.app/news/edmond-grieger-corporate-livewire-current-trends-expected-development-in-mexican?lang=en,En ambas,OK,0,0,p_id ES 431 | p_id EN 432
2012-05,noticia,Von Wobeser y Sierra S.C. participará activamente en la conferencia del “American Bar Association” del 14 al 16 de junio 2012,si,https://www.vonwobeser.com/index.php/publicacion?p_id=695,si,https://www.vonwobeser.com/index.php/publication?p_id=696,si,https://webpage-von-wobeser-2026.replit.app/news/von-wobeser-y-sierra-s-c-participara-activamente-en-la-conferencia-del-american-,si,https://webpage-von-wobeser-2026.replit.app/news/von-wobeser-y-sierra-s-c-is-a-key-player-during-the-american-bar-association-con?lang=en,En ambas | revisar texto,OK,0,0,p_id ES 695 | p_id EN 696
2012-05,noticia,Latin Lawyer - Von Wobeser ayuda a minera New Gold,si,https://www.vonwobeser.com/index.php/publicacion?p_id=693,si,https://www.vonwobeser.com/index.php/publication?p_id=694,si,https://webpage-von-wobeser-2026.replit.app/news/latin-lawyer-von-wobeser-ayuda-a-minera-new-gold,si,https://webpage-von-wobeser-2026.replit.app/news/latin-lawyer-mexico-s-von-wobeser-helps-miner-new-gold?lang=en,En ambas,Roto: 2,2,0,p_id ES 693 | p_id EN 694
2012-05,articulo,"Claus von Wobeser - International Bar Association, IBA, Arbitration Guide: Mexico",no,,si,https://www.vonwobeser.com/index.php/publication?p_id=438,si,https://webpage-von-wobeser-2026.replit.app/news/claus-von-wobeser-international-bar-association-iba-arbitration-guide-mexico,si,https://webpage-von-wobeser-2026.replit.app/news/claus-von-wobeser-international-bar-association-iba-arbitration-guide-mexico?lang=en,En ambas | oficial en 1 idioma,OK,0,0,p_id EN 438
2012-04,articulo,"Luis Burgueño - Practical Law Company, Fusiones y Adquisiciones, México",si,https://www.vonwobeser.com/index.php/publicacion?p_id=444,si,https://www.vonwobeser.com/index.php/publication?p_id=445,si,https://webpage-von-wobeser-2026.replit.app/news/luis-burgueno-practical-law-company-fusiones-y-adquisiciones-mexico,si,https://webpage-von-wobeser-2026.replit.app/news/luis-burgueno-practical-law-company-plc-reference-guide-mexico-mergers-acquisiti?lang=en,En ambas,OK,0,0,p_id ES 444 | p_id EN 445
2012-03,noticia,"Global Arbitration Review - El despacho mexicano líder en arbitraje integra a Ex miembro del ICC, Marzo 2012.",si,https://www.vonwobeser.com/index.php/publicacion?p_id=697,si,https://www.vonwobeser.com/index.php/publication?p_id=698,si,https://webpage-von-wobeser-2026.replit.app/news/global-arbitration-review-el-despacho-mexicano-lider-en-arbitraje-integra-a-ex-m,si,https://webpage-von-wobeser-2026.replit.app/news/global-arbitration-review-mexico-s-leading-arbitration-firm-added-an-ex-icc-depu?lang=en,En ambas | revisar texto,OK,0,0,p_id ES 697 | p_id EN 698
2012-02,noticia,Von Wobeser & Sierra S.C. le da la bienvenida a Victor M. Ruiz a nuestro equipo de Arbitraje,si,https://www.vonwobeser.com/index.php/publicacion?p_id=699,si,https://www.vonwobeser.com/index.php/publication?p_id=700,si,https://webpage-von-wobeser-2026.replit.app/news/von-wobeser-sierra-s-c-le-da-la-bienvenida-a-victor-m-ruiz-a-nuestro-equipo-de-a,si,https://webpage-von-wobeser-2026.replit.app/news/von-wobeser-y-sierra-s-c-welcomes-victor-m-ruiz-to-our-arbitration-practice?lang=en,En ambas | revisar texto,OK,0,0,p_id ES 699 | p_id EN 700
2012-02,noticia,"Corporate Livewire - Von Wobeser y Sierra S.C. Ganó reconocimiento como el despacho del Año en Arbitraje y en Energía, Febrero 2012.",si,https://www.vonwobeser.com/index.php/publicacion?p_id=701,si,https://www.vonwobeser.com/index.php/publication?p_id=702,si,https://webpage-von-wobeser-2026.replit.app/news/corporate-livewire-von-wobeser-y-sierra-s-c-gano-reconocimiento-como-el-despacho,si,https://webpage-von-wobeser-2026.replit.app/news/corporate-livewire-von-wobeser-y-sierra-s-c-wins-as-arbitration-energy-law-firm-?lang=en,En ambas,OK,0,0,p_id ES 701 | p_id EN 702
2012-02,articulo,Claus von Wobeser - The European Lawyer Reference Series - Arbitration World 4th Edition Capítulo de México,si,https://www.vonwobeser.com/index.php/publicacion?p_id=446,si,https://www.vonwobeser.com/index.php/publication?p_id=447,si,https://webpage-von-wobeser-2026.replit.app/news/claus-von-wobeser-the-european-lawyer-reference-series-arbitration-world-4th-edi-2,si,https://webpage-von-wobeser-2026.replit.app/news/claus-von-wobeser-the-european-lawyer-reference-series-arbitration-world-4th-edi?lang=en,En ambas,OK,0,0,p_id ES 446 | p_id EN 447
2012-01,noticia,Von Wobeser y Sierra Promueve a Andrés Nieto como Nuevo Socio,si,https://www.vonwobeser.com/index.php/publicacion?p_id=703,si,https://www.vonwobeser.com/index.php/publication?p_id=704,si,https://webpage-von-wobeser-2026.replit.app/news/von-wobeser-y-sierra-promueve-a-andres-nieto-como-nuevo-socio,si,https://webpage-von-wobeser-2026.replit.app/news/von-wobeser-y-sierra-promotes-andres-nieto-as-new-partner?lang=en,En ambas | revisar texto,OK,0,0,p_id ES 703 | p_id EN 704
2011-12,noticia,Latin Lawyer - Consejero de ICC se integra a Von Wobeser y Sierra S.C.,si,https://www.vonwobeser.com/index.php/publicacion?p_id=705,si,https://www.vonwobeser.com/index.php/publication?p_id=706,si,https://webpage-von-wobeser-2026.replit.app/news/latin-lawyer-consejero-de-icc-se-integra-a-von-wobeser-y-sierra-s-c,si,https://webpage-von-wobeser-2026.replit.app/news/latin-lawyer-icc-deputy-counsel-heads-for-mexico-s-von-wobeser-y-sierra-s-c?lang=en,En ambas,Roto: 1,1,0,p_id ES 705 | p_id EN 706
2010-07,noticia,Von Wobeser y Sierra Obtiene Laudo Favorable para Anheuser-Busch InBev,si,https://www.vonwobeser.com/index.php/publicacion?p_id=707,si,https://www.vonwobeser.com/index.php/publication?p_id=708,si,https://webpage-von-wobeser-2026.replit.app/news/von-wobeser-y-sierra-obtiene-laudo-favorable-para-anheuser-busch-inbev,si,https://webpage-von-wobeser-2026.replit.app/news/von-wobeser-y-sierra-obtains-favorable-award-for-anheuser-busch-inbev?lang=en,En ambas | revisar texto,OK,0,0,p_id ES 707 | p_id EN 708
2010-07,noticia,Von Wobeser y Sierra Gana Arbitraje Asesorando a una Empresa Líder en el Sector Químico,si,https://www.vonwobeser.com/index.php/publicacion?p_id=711,si,https://www.vonwobeser.com/index.php/publication?p_id=712,si,https://webpage-von-wobeser-2026.replit.app/news/von-wobeser-y-sierra-gana-arbitraje-asesorando-a-una-empresa-lider-en-el-sector-,si,https://webpage-von-wobeser-2026.replit.app/news/von-wobeser-y-sierra-wins-arbitration-case-representing-chemicals-company?lang=en,En ambas | revisar texto,OK,0,0,p_id ES 711 | p_id EN 712
2010-07,noticia,Don Manuel Lizardi es nombrado Profesor Emérito de la Escuela Libre de Derecho y Publica Nuevo Libro,si,https://www.vonwobeser.com/index.php/publicacion?p_id=709,si,https://www.vonwobeser.com/index.php/publication?p_id=710,si,https://webpage-von-wobeser-2026.replit.app/news/don-manuel-lizardi-es-nombrado-profesor-emerito-de-la-escuela-libre-de-derecho-y,si,https://webpage-von-wobeser-2026.replit.app/news/mr-manuel-lizardi-is-named-professor-emeritus-of-the-escuela-libre-de-derecho-an?lang=en,En ambas | revisar texto,OK,0,0,p_id ES 709 | p_id EN 710
2010-01,noticia,"Nuevo Sitio de Internet de Von Wobeser y Sierra, Enero 2010.",si,https://www.vonwobeser.com/index.php/publicacion?p_id=715,si,https://www.vonwobeser.com/index.php/publication?p_id=716,si,https://webpage-von-wobeser-2026.replit.app/news/nuevo-sitio-de-internet-de-von-wobeser-y-sierra-enero-2010,si,https://webpage-von-wobeser-2026.replit.app/news/new-website-of-von-wobeser-y-sierra-january-2010?lang=en,En ambas | revisar texto,OK,0,0,p_id ES 715 | p_id EN 716
2010-01,noticia,"Global Arbitration Review - Von Wobeser y Sierra Promueve Nuevo Socio, Enero 2010.",si,https://www.vonwobeser.com/index.php/publicacion?p_id=713,si,https://www.vonwobeser.com/index.php/publication?p_id=714,si,https://webpage-von-wobeser-2026.replit.app/news/global-arbitration-review-von-wobeser-y-sierra-promueve-nuevo-socio-enero-2010,si,https://webpage-von-wobeser-2026.replit.app/news/von-wobeser-y-sierra-promotes-new-partner-january-2010?lang=en,En ambas | revisar texto,OK,0,0,p_id ES 713 | p_id EN 714
2009-10,noticia,"Von Wobeser y Sierra es Seleccionado Top 100 Despachos de Arbitraje del Mundo, Octubre 2009.",si,https://www.vonwobeser.com/index.php/publicacion?p_id=719,si,https://www.vonwobeser.com/index.php/publication?p_id=720,si,https://webpage-von-wobeser-2026.replit.app/news/von-wobeser-y-sierra-es-seleccionado-top-100-despachos-de-arbitraje-del-mundo-oc,si,https://webpage-von-wobeser-2026.replit.app/news/von-wobeser-y-sierra-is-selected-to-be-among-top-100-firms-of-the-world-october-?lang=en,En ambas | revisar texto,Roto: 1,1,0,p_id ES 719 | p_id EN 720
2009-10,noticia,"Von Wobeser y Sierra es Reconocida como Firma Líder, Octubre 2009.",si,https://www.vonwobeser.com/index.php/publicacion?p_id=717,si,https://www.vonwobeser.com/index.php/publication?p_id=718,si,https://webpage-von-wobeser-2026.replit.app/news/von-wobeser-y-sierra-es-reconocida-como-firma-lider-octubre-2009,si,https://webpage-von-wobeser-2026.replit.app/news/von-wobeser-y-sierra-is-recognized-as-top-leading-firm-october-2009?lang=en,En ambas | revisar texto,OK,0,0,p_id ES 717 | p_id EN 718
2009-07,noticia,"Claus von Wobeser Ha Sido Electo Presidente de CAMEXA, Julio 2009.",si,https://www.vonwobeser.com/index.php/publicacion?p_id=721,si,https://www.vonwobeser.com/index.php/publication?p_id=722,si,https://webpage-von-wobeser-2026.replit.app/news/claus-von-wobeser-ha-sido-electo-presidente-de-camexa-julio-2009,si,https://webpage-von-wobeser-2026.replit.app/news/claus-von-wobeser-is-elected-as-president-of-camexa-july-2009?lang=en,En ambas | revisar texto,OK,0,0,p_id ES 721 | p_id EN 722
2009-01,articulo,Claus Von Wobeser - La Incorporación por Referencia,si,https://www.vonwobeser.com/index.php/publicacion?p_id=450,si,https://www.vonwobeser.com/index.php/publication?p_id=451,si,https://webpage-von-wobeser-2026.replit.app/news/claus-von-wobeser-la-incorporacion-por-referencia,si,https://webpage-von-wobeser-2026.replit.app/news/claus-von-wobeser-incorporation-by-reference?lang=en,En ambas,OK,0,0,p_id ES 450 | p_id EN 451
2008-01,articulo,Luis Burgueño - La Nueva Estructura Orgánica de la Sociedad Anónima Bursátil,si,https://www.vonwobeser.com/index.php/publicacion?p_id=458,si,https://www.vonwobeser.com/index.php/publication?p_id=457,si,https://webpage-von-wobeser-2026.replit.app/news/luis-burgueno-la-nueva-estructura-organica-de-la-sociedad-anonima-bursatil,si,https://webpage-von-wobeser-2026.replit.app/news/luis-burgueno-the-new-organic-structure-of-the-public-corporation?lang=en,En ambas | revisar texto,OK,0,0,p_id ES 458 | p_id EN 457
2007-12,articulo,"Luis Burgueño, Patrick Meshoulam , Luis Alberto Pérez - Mexico Toma Dos Medidas Importantes Hacia la Convergencia en Telecomunicaciones",si,https://www.vonwobeser.com/index.php/publicacion?p_id=813,si,https://www.vonwobeser.com/index.php/publication?p_id=812,si,https://webpage-von-wobeser-2026.replit.app/news/luis-burgueno-patrick-meshoulam-luis-alberto-perez-mexico-toma-dos-medidas-impor,si,https://webpage-von-wobeser-2026.replit.app/news/luis-burgueno-patrick-meshoulam-luis-alberto-perez-mexico-takes-two-major-steps-?lang=en,En ambas,OK,0,0,p_id ES 813 | p_id EN 812
2007-10,articulo,Claus Von Wobeser (Revisor) - Técnicas para controlar el tiempo y los costos en el arbitraje,si,https://www.vonwobeser.com/index.php/publicacion?p_id=459,si,https://www.vonwobeser.com/index.php/publication?p_id=460,si,https://webpage-von-wobeser-2026.replit.app/news/claus-von-wobeser-revisor-tecnicas-para-controlar-el-tiempo-y-los-costos-en-el-a,si,https://webpage-von-wobeser-2026.replit.app/news/claus-von-wobeser-techniques-to-control-the-time-and-costs-in-arbitration?lang=en,En ambas,OK,0,0,p_id ES 459 | p_id EN 460
2007-03,articulo,"Pablo Jiménez, Manuel Galicia, Humberto Pérez-Rocha – Sheppard Mullin - Aspectos Jurídicos Sobre el Capital Privado en México, 2007",si,https://www.vonwobeser.com/index.php/publicacion?p_id=1569,si,https://www.vonwobeser.com/index.php/publication?p_id=1568,si,https://webpage-von-wobeser-2026.replit.app/news/pablo-jimenez-manuel-galicia-humberto-perez-rocha-sheppard-mullin-aspectos-jurid,si,https://webpage-von-wobeser-2026.replit.app/news/pablo-jimenez-manuel-galicia-humberto-perez-rocha-sheppard-mullin-legal-aspects-?lang=en,En ambas,OK,0,0,p_id ES 1569 | p_id EN 1568
2006-11,articulo,Alberto Muerza - Sobre los Problemas Constitucionales y Legales del Cumplimiento de las Sentencias de Amparo,si,https://www.vonwobeser.com/index.php/publicacion?p_id=463,si,https://www.vonwobeser.com/index.php/publication?p_id=464,si,https://webpage-von-wobeser-2026.replit.app/news/alberto-muerza-sobre-los-problemas-constitucionales-y-legales-del-cumplimiento-d,si,https://webpage-von-wobeser-2026.replit.app/news/alberto-muerza-on-the-constitutional-and-legal-problems-of-amparo-judgments-perf?lang=en,En ambas,OK,0,0,p_id ES 463 | p_id EN 464
2005-06,articulo,Luis Burgueño - Comercio Electrónico y la Ley Sobre Firmas Electrónicas,si,https://www.vonwobeser.com/index.php/publicacion?p_id=465,si,https://www.vonwobeser.com/index.php/publication?p_id=466,si,https://webpage-von-wobeser-2026.replit.app/news/luis-burgueno-comercio-electronico-y-la-ley-sobre-firmas-electronicas,si,https://webpage-von-wobeser-2026.replit.app/news/luis-burgueno-e-commerce-and-the-law-of-digital-signatures?lang=en,En ambas,OK,0,0,p_id ES 465 | p_id EN 466
2005-05,articulo,"Pablo Jiménez - Stanford Law School - Reformulación de los deberes fiduciarios en México: Un paso hacia la funcionalidad, 2005",si,https://www.vonwobeser.com/index.php/publicacion?p_id=1567,si,https://www.vonwobeser.com/index.php/publication?p_id=1566,si,https://webpage-von-wobeser-2026.replit.app/news/pablo-jimenez-stanford-law-school-reformulacion-de-los-deberes-fiduciarios-en-me,si,https://webpage-von-wobeser-2026.replit.app/news/pablo-jimenez-stanford-law-school-reshaping-fiduciary-duties-in-mexico-a-step-to?lang=en,En ambas,OK,0,0,p_id ES 1567 | p_id EN 1566
2004-01,articulo,"Pablo Jiménez – Editorial Porrúa - Ofertas Públicas de Adquisición, 2004",si,https://www.vonwobeser.com/index.php/publicacion?p_id=1561,si,https://www.vonwobeser.com/index.php/publication?p_id=1560,si,https://webpage-von-wobeser-2026.replit.app/news/pablo-jimenez-editorial-porrua-ofertas-publicas-de-adquisicion-2004,si,https://webpage-von-wobeser-2026.replit.app/news/pablo-jimenez-editorial-porrua-takeover-bids-2004?lang=en,En ambas | revisar texto,OK,0,0,p_id ES 1561 | p_id EN 1560
